# Blender 4.0.2
# www.blender.org
mtllib portal_ring.mtl
o portal_ring
v 1.570000 0.000000 -0.870000
v 1.570000 0.030000 -0.900000
v 1.600000 0.030000 -0.870000
v 1.570000 0.130000 -0.900000
v 1.570000 0.160000 -0.870000
v 1.600000 0.130000 -0.870000
v 1.570000 0.000000 0.870000
v 1.600000 0.030000 0.870000
v 1.570000 0.030000 0.900000
v 1.570000 0.160000 0.870000
v 1.570000 0.130000 0.900000
v 1.600000 0.130000 0.870000
v -1.570000 0.000000 -0.870000
v -1.600000 0.030000 -0.870000
v -1.570000 0.030000 -0.900000
v -1.570000 0.160000 -0.870000
v -1.570000 0.130000 -0.900000
v -1.600000 0.130000 -0.870000
v -1.570000 0.000000 0.870000
v -1.570000 0.030000 0.900000
v -1.600000 0.030000 0.870000
v -1.570000 0.160000 0.870000
v -1.600000 0.130000 0.870000
v -1.570000 0.130000 0.900000
v 1.270000 0.160000 -0.620000
v 1.270000 0.190000 -0.650000
v 1.300000 0.190000 -0.620000
v 1.270000 0.250000 -0.650000
v 1.270000 0.280000 -0.620000
v 1.300000 0.250000 -0.620000
v 1.270000 0.160000 0.620000
v 1.300000 0.190000 0.620000
v 1.270000 0.190000 0.650000
v 1.270000 0.280000 0.620000
v 1.270000 0.250000 0.650000
v 1.300000 0.250000 0.620000
v -1.270000 0.160000 -0.620000
v -1.300000 0.190000 -0.620000
v -1.270000 0.190000 -0.650000
v -1.270000 0.280000 -0.620000
v -1.270000 0.250000 -0.650000
v -1.300000 0.250000 -0.620000
v -1.270000 0.160000 0.620000
v -1.270000 0.190000 0.650000
v -1.300000 0.190000 0.620000
v -1.270000 0.280000 0.620000
v -1.300000 0.250000 0.620000
v -1.270000 0.250000 0.650000
v 1.580000 0.000000 0.740000
v 1.580000 0.020000 0.720000
v 1.600000 0.020000 0.740000
v 1.580000 0.160000 0.720000
v 1.580000 0.180000 0.740000
v 1.600000 0.160000 0.740000
v 1.580000 0.000000 0.880000
v 1.600000 0.020000 0.880000
v 1.580000 0.020000 0.900000
v 1.580000 0.180000 0.880000
v 1.580000 0.160000 0.900000
v 1.600000 0.160000 0.880000
v 1.440000 0.000000 0.740000
v 1.420000 0.020000 0.740000
v 1.440000 0.020000 0.720000
v 1.440000 0.180000 0.740000
v 1.440000 0.160000 0.720000
v 1.420000 0.160000 0.740000
v 1.440000 0.000000 0.880000
v 1.440000 0.020000 0.900000
v 1.420000 0.020000 0.880000
v 1.440000 0.180000 0.880000
v 1.420000 0.160000 0.880000
v 1.440000 0.160000 0.900000
v -1.440000 0.000000 0.740000
v -1.440000 0.020000 0.720000
v -1.420000 0.020000 0.740000
v -1.440000 0.160000 0.720000
v -1.440000 0.180000 0.740000
v -1.420000 0.160000 0.740000
v -1.440000 0.000000 0.880000
v -1.420000 0.020000 0.880000
v -1.440000 0.020000 0.900000
v -1.440000 0.180000 0.880000
v -1.440000 0.160000 0.900000
v -1.420000 0.160000 0.880000
v -1.580000 0.000000 0.740000
v -1.600000 0.020000 0.740000
v -1.580000 0.020000 0.720000
v -1.580000 0.180000 0.740000
v -1.580000 0.160000 0.720000
v -1.600000 0.160000 0.740000
v -1.580000 0.000000 0.880000
v -1.580000 0.020000 0.900000
v -1.600000 0.020000 0.880000
v -1.580000 0.180000 0.880000
v -1.600000 0.160000 0.880000
v -1.580000 0.160000 0.900000
v -1.440000 0.000000 -0.880000
v -1.440000 0.020000 -0.900000
v -1.420000 0.020000 -0.880000
v -1.440000 0.160000 -0.900000
v -1.440000 0.180000 -0.880000
v -1.420000 0.160000 -0.880000
v -1.440000 0.000000 -0.740000
v -1.420000 0.020000 -0.740000
v -1.440000 0.020000 -0.720000
v -1.440000 0.180000 -0.740000
v -1.440000 0.160000 -0.720000
v -1.420000 0.160000 -0.740000
v -1.580000 0.000000 -0.880000
v -1.600000 0.020000 -0.880000
v -1.580000 0.020000 -0.900000
v -1.580000 0.180000 -0.880000
v -1.580000 0.160000 -0.900000
v -1.600000 0.160000 -0.880000
v -1.580000 0.000000 -0.740000
v -1.580000 0.020000 -0.720000
v -1.600000 0.020000 -0.740000
v -1.580000 0.180000 -0.740000
v -1.600000 0.160000 -0.740000
v -1.580000 0.160000 -0.720000
v 1.580000 0.000000 -0.880000
v 1.580000 0.020000 -0.900000
v 1.600000 0.020000 -0.880000
v 1.580000 0.160000 -0.900000
v 1.580000 0.180000 -0.880000
v 1.600000 0.160000 -0.880000
v 1.580000 0.000000 -0.740000
v 1.600000 0.020000 -0.740000
v 1.580000 0.020000 -0.720000
v 1.580000 0.180000 -0.740000
v 1.580000 0.160000 -0.720000
v 1.600000 0.160000 -0.740000
v 1.440000 0.000000 -0.880000
v 1.420000 0.020000 -0.880000
v 1.440000 0.020000 -0.900000
v 1.440000 0.180000 -0.880000
v 1.440000 0.160000 -0.900000
v 1.420000 0.160000 -0.880000
v 1.440000 0.000000 -0.740000
v 1.440000 0.020000 -0.720000
v 1.420000 0.020000 -0.740000
v 1.440000 0.180000 -0.740000
v 1.420000 0.160000 -0.740000
v 1.440000 0.160000 -0.720000
v -1.600000 1.840000 0.120000
v -1.569855 1.840000 0.150000
v -1.569855 1.840000 -0.150000
v -1.600000 1.840000 -0.120000
v -1.320000 1.840000 -0.120000
v -1.350145 1.840000 -0.150000
v -1.350145 1.840000 0.150000
v -1.320000 1.840000 0.120000
v -1.539691 2.146263 0.150000
v -1.569256 2.152144 0.120000
v -1.569256 2.152144 -0.120000
v -1.539691 2.146263 -0.150000
v -1.324202 2.103401 -0.150000
v -1.294637 2.097519 -0.120000
v -1.294637 2.097519 0.120000
v -1.324202 2.103401 0.150000
v -1.450357 2.440757 0.150000
v -1.478207 2.452293 0.120000
v -1.478207 2.452293 -0.120000
v -1.450357 2.440757 -0.150000
v -1.247371 2.356678 -0.150000
v -1.219521 2.345142 -0.120000
v -1.219521 2.345142 0.120000
v -1.247371 2.356678 0.150000
v -1.305286 2.712165 0.150000
v -1.330351 2.728912 0.120000
v -1.330351 2.728912 -0.120000
v -1.305286 2.712165 -0.150000
v -1.122605 2.590100 -0.150000
v -1.097540 2.573353 -0.120000
v -1.097540 2.573353 0.120000
v -1.122605 2.590100 0.150000
v -1.110055 2.950055 0.150000
v -1.131371 2.971371 0.120000
v -1.131371 2.971371 -0.120000
v -1.110055 2.950055 -0.150000
v -0.954697 2.794697 -0.150000
v -0.933381 2.773381 -0.120000
v -0.933381 2.773381 0.120000
v -0.954697 2.794697 0.150000
v -0.872165 3.145287 0.150000
v -0.888912 3.170352 0.120000
v -0.888912 3.170352 -0.120000
v -0.872165 3.145287 -0.150000
v -0.750100 2.962605 -0.150000
v -0.733353 2.937540 -0.120000
v -0.733353 2.937540 0.120000
v -0.750100 2.962605 0.150000
v -0.600757 3.290357 0.150000
v -0.612293 3.318207 0.120000
v -0.612293 3.318207 -0.120000
v -0.600757 3.290357 -0.150000
v -0.516678 3.087371 -0.150000
v -0.505142 3.059521 -0.120000
v -0.505142 3.059521 0.120000
v -0.516678 3.087371 0.150000
v -0.306263 3.379691 0.150000
v -0.312145 3.409256 0.120000
v -0.312145 3.409256 -0.120000
v -0.306263 3.379691 -0.150000
v -0.263401 3.164202 -0.150000
v -0.257519 3.134637 -0.120000
v -0.257519 3.134637 0.120000
v -0.263401 3.164202 0.150000
v 0.000000 3.409855 0.150000
v -0.000000 3.440000 0.120000
v -0.000000 3.440000 -0.120000
v 0.000000 3.409855 -0.150000
v 0.000000 3.190145 -0.150000
v -0.000000 3.160000 -0.120000
v -0.000000 3.160000 0.120000
v 0.000000 3.190145 0.150000
v 0.306263 3.379691 0.150000
v 0.312145 3.409256 0.120000
v 0.312145 3.409256 -0.120000
v 0.306263 3.379691 -0.150000
v 0.263401 3.164202 -0.150000
v 0.257519 3.134637 -0.120000
v 0.257519 3.134637 0.120000
v 0.263401 3.164202 0.150000
v 0.600757 3.290357 0.150000
v 0.612293 3.318207 0.120000
v 0.612293 3.318207 -0.120000
v 0.600757 3.290357 -0.150000
v 0.516678 3.087371 -0.150000
v 0.505142 3.059521 -0.120000
v 0.505142 3.059521 0.120000
v 0.516678 3.087371 0.150000
v 0.872165 3.145287 0.150000
v 0.888912 3.170352 0.120000
v 0.888912 3.170352 -0.120000
v 0.872165 3.145287 -0.150000
v 0.750100 2.962605 -0.150000
v 0.733353 2.937540 -0.120000
v 0.733353 2.937540 0.120000
v 0.750100 2.962605 0.150000
v 1.110055 2.950055 0.150000
v 1.131371 2.971371 0.120000
v 1.131371 2.971371 -0.120000
v 1.110055 2.950055 -0.150000
v 0.954697 2.794697 -0.150000
v 0.933381 2.773381 -0.120000
v 0.933381 2.773381 0.120000
v 0.954697 2.794697 0.150000
v 1.305286 2.712165 0.150000
v 1.330351 2.728912 0.120000
v 1.330351 2.728912 -0.120000
v 1.305286 2.712165 -0.150000
v 1.122605 2.590100 -0.150000
v 1.097540 2.573353 -0.120000
v 1.097540 2.573353 0.120000
v 1.122605 2.590100 0.150000
v 1.450357 2.440757 0.150000
v 1.478207 2.452293 0.120000
v 1.478207 2.452293 -0.120000
v 1.450357 2.440757 -0.150000
v 1.247371 2.356678 -0.150000
v 1.219521 2.345142 -0.120000
v 1.219521 2.345142 0.120000
v 1.247371 2.356678 0.150000
v 1.539691 2.146263 0.150000
v 1.569256 2.152144 0.120000
v 1.569256 2.152144 -0.120000
v 1.539691 2.146263 -0.150000
v 1.324202 2.103401 -0.150000
v 1.294637 2.097519 -0.120000
v 1.294637 2.097519 0.120000
v 1.324202 2.103401 0.150000
v 1.569855 1.840000 0.150000
v 1.600000 1.840000 0.120000
v 1.600000 1.840000 -0.120000
v 1.569855 1.840000 -0.150000
v 1.350145 1.840000 -0.150000
v 1.320000 1.840000 -0.120000
v 1.320000 1.840000 0.120000
v 1.350145 1.840000 0.150000
v 1.539691 1.533737 0.150000
v 1.569256 1.527856 0.120000
v 1.569256 1.527856 -0.120000
v 1.539691 1.533737 -0.150000
v 1.324202 1.576599 -0.150000
v 1.294637 1.582481 -0.120000
v 1.294637 1.582481 0.120000
v 1.324202 1.576599 0.150000
v 1.450357 1.239243 0.150000
v 1.478207 1.227707 0.120000
v 1.478207 1.227707 -0.120000
v 1.450357 1.239243 -0.150000
v 1.247371 1.323322 -0.150000
v 1.219521 1.334858 -0.120000
v 1.219521 1.334858 0.120000
v 1.247371 1.323322 0.150000
v 1.305286 0.967835 0.150000
v 1.330351 0.951088 0.120000
v 1.330351 0.951088 -0.120000
v 1.305286 0.967835 -0.150000
v 1.122605 1.089900 -0.150000
v 1.097540 1.106647 -0.120000
v 1.097540 1.106647 0.120000
v 1.122605 1.089900 0.150000
v 1.110055 0.729945 0.150000
v 1.131371 0.708629 0.120000
v 1.131371 0.708629 -0.120000
v 1.110055 0.729945 -0.150000
v 0.954697 0.885303 -0.150000
v 0.933381 0.906619 -0.120000
v 0.933381 0.906619 0.120000
v 0.954697 0.885303 0.150000
v 0.872165 0.534714 0.150000
v 0.888912 0.509649 0.120000
v 0.888912 0.509649 -0.120000
v 0.872165 0.534714 -0.150000
v 0.750100 0.717395 -0.150000
v 0.733353 0.742460 -0.120000
v 0.733353 0.742460 0.120000
v 0.750100 0.717395 0.150000
v 0.600757 0.389643 0.150000
v 0.612293 0.361793 0.120000
v 0.612293 0.361793 -0.120000
v 0.600757 0.389643 -0.150000
v 0.516678 0.592629 -0.150000
v 0.505142 0.620479 -0.120000
v 0.505142 0.620479 0.120000
v 0.516678 0.592629 0.150000
v 0.306263 0.300309 0.150000
v 0.312145 0.270744 0.120000
v 0.312145 0.270744 -0.120000
v 0.306263 0.300309 -0.150000
v 0.263401 0.515798 -0.150000
v 0.257519 0.545363 -0.120000
v 0.257519 0.545363 0.120000
v 0.263401 0.515798 0.150000
v 0.000000 0.270145 0.150000
v 0.000000 0.240000 0.120000
v 0.000000 0.240000 -0.120000
v 0.000000 0.270145 -0.150000
v 0.000000 0.489855 -0.150000
v 0.000000 0.520000 -0.120000
v 0.000000 0.520000 0.120000
v 0.000000 0.489855 0.150000
v -0.306263 0.300309 0.150000
v -0.312145 0.270744 0.120000
v -0.312145 0.270744 -0.120000
v -0.306263 0.300309 -0.150000
v -0.263401 0.515798 -0.150000
v -0.257519 0.545363 -0.120000
v -0.257519 0.545363 0.120000
v -0.263401 0.515798 0.150000
v -0.600757 0.389643 0.150000
v -0.612293 0.361793 0.120000
v -0.612293 0.361793 -0.120000
v -0.600757 0.389643 -0.150000
v -0.516678 0.592629 -0.150000
v -0.505142 0.620479 -0.120000
v -0.505142 0.620479 0.120000
v -0.516678 0.592629 0.150000
v -0.872165 0.534714 0.150000
v -0.888912 0.509649 0.120000
v -0.888912 0.509649 -0.120000
v -0.872165 0.534714 -0.150000
v -0.750100 0.717395 -0.150000
v -0.733353 0.742460 -0.120000
v -0.733353 0.742460 0.120000
v -0.750100 0.717395 0.150000
v -1.110055 0.729945 0.150000
v -1.131371 0.708629 0.120000
v -1.131371 0.708629 -0.120000
v -1.110055 0.729945 -0.150000
v -0.954697 0.885303 -0.150000
v -0.933381 0.906619 -0.120000
v -0.933381 0.906619 0.120000
v -0.954697 0.885303 0.150000
v -1.305286 0.967835 0.150000
v -1.330351 0.951088 0.120000
v -1.330351 0.951088 -0.120000
v -1.305286 0.967835 -0.150000
v -1.122605 1.089900 -0.150000
v -1.097540 1.106647 -0.120000
v -1.097540 1.106647 0.120000
v -1.122605 1.089900 0.150000
v -1.450357 1.239243 0.150000
v -1.478207 1.227707 0.120000
v -1.478207 1.227707 -0.120000
v -1.450357 1.239243 -0.150000
v -1.247371 1.323322 -0.150000
v -1.219521 1.334858 -0.120000
v -1.219521 1.334858 0.120000
v -1.247371 1.323322 0.150000
v -1.539691 1.533737 0.150000
v -1.569256 1.527856 0.120000
v -1.569256 1.527856 -0.120000
v -1.539691 1.533737 -0.150000
v -1.324202 1.576599 -0.150000
v -1.294637 1.582481 -0.120000
v -1.294637 1.582481 0.120000
v -1.324202 1.576599 0.150000
v -1.330000 1.840000 0.090000
v -1.309827 1.840000 0.110000
v -1.309827 1.840000 -0.110000
v -1.330000 1.840000 -0.090000
v -1.200000 1.840000 -0.090000
v -1.220173 1.840000 -0.110000
v -1.220173 1.840000 0.110000
v -1.200000 1.840000 0.090000
v -1.265196 2.179008 0.110000
v -1.284681 2.184229 0.090000
v -1.284681 2.184229 -0.090000
v -1.265196 2.179008 -0.110000
v -1.178596 2.155804 -0.110000
v -1.159111 2.150583 -0.090000
v -1.159111 2.150583 0.090000
v -1.178596 2.155804 0.110000
v -1.134344 2.494914 0.110000
v -1.151814 2.505000 0.090000
v -1.151814 2.505000 -0.090000
v -1.134344 2.494914 -0.110000
v -1.056700 2.450087 -0.110000
v -1.039230 2.440000 -0.090000
v -1.039230 2.440000 0.090000
v -1.056700 2.450087 0.110000
v -0.926188 2.766188 0.110000
v -0.940452 2.780452 0.090000
v -0.940452 2.780452 -0.090000
v -0.926188 2.766188 -0.110000
v -0.862792 2.702792 -0.110000
v -0.848528 2.688528 -0.090000
v -0.848528 2.688528 0.090000
v -0.862792 2.702792 0.110000
v -0.654914 2.974344 0.110000
v -0.665000 2.991814 0.090000
v -0.665000 2.991814 -0.090000
v -0.654914 2.974344 -0.110000
v -0.610087 2.896700 -0.110000
v -0.600000 2.879230 -0.090000
v -0.600000 2.879230 0.090000
v -0.610087 2.896700 0.110000
v -0.339008 3.105196 0.110000
v -0.344229 3.124681 0.090000
v -0.344229 3.124681 -0.090000
v -0.339008 3.105196 -0.110000
v -0.315804 3.018596 -0.110000
v -0.310583 2.999111 -0.090000
v -0.310583 2.999111 0.090000
v -0.315804 3.018596 0.110000
v 0.000000 3.149827 0.110000
v -0.000000 3.170000 0.090000
v -0.000000 3.170000 -0.090000
v 0.000000 3.149827 -0.110000
v 0.000000 3.060173 -0.110000
v -0.000000 3.040000 -0.090000
v -0.000000 3.040000 0.090000
v 0.000000 3.060173 0.110000
v 0.339008 3.105196 0.110000
v 0.344229 3.124681 0.090000
v 0.344229 3.124681 -0.090000
v 0.339008 3.105196 -0.110000
v 0.315804 3.018596 -0.110000
v 0.310583 2.999111 -0.090000
v 0.310583 2.999111 0.090000
v 0.315804 3.018596 0.110000
v 0.654914 2.974344 0.110000
v 0.665000 2.991814 0.090000
v 0.665000 2.991814 -0.090000
v 0.654914 2.974344 -0.110000
v 0.610087 2.896700 -0.110000
v 0.600000 2.879230 -0.090000
v 0.600000 2.879230 0.090000
v 0.610087 2.896700 0.110000
v 0.926188 2.766188 0.110000
v 0.940452 2.780452 0.090000
v 0.940452 2.780452 -0.090000
v 0.926188 2.766188 -0.110000
v 0.862792 2.702792 -0.110000
v 0.848528 2.688528 -0.090000
v 0.848528 2.688528 0.090000
v 0.862792 2.702792 0.110000
v 1.134344 2.494914 0.110000
v 1.151814 2.505000 0.090000
v 1.151814 2.505000 -0.090000
v 1.134344 2.494914 -0.110000
v 1.056700 2.450087 -0.110000
v 1.039230 2.440000 -0.090000
v 1.039230 2.440000 0.090000
v 1.056700 2.450087 0.110000
v 1.265196 2.179008 0.110000
v 1.284681 2.184229 0.090000
v 1.284681 2.184229 -0.090000
v 1.265196 2.179008 -0.110000
v 1.178596 2.155804 -0.110000
v 1.159111 2.150583 -0.090000
v 1.159111 2.150583 0.090000
v 1.178596 2.155804 0.110000
v 1.309827 1.840000 0.110000
v 1.330000 1.840000 0.090000
v 1.330000 1.840000 -0.090000
v 1.309827 1.840000 -0.110000
v 1.220173 1.840000 -0.110000
v 1.200000 1.840000 -0.090000
v 1.200000 1.840000 0.090000
v 1.220173 1.840000 0.110000
v 1.265196 1.500992 0.110000
v 1.284681 1.495771 0.090000
v 1.284681 1.495771 -0.090000
v 1.265196 1.500992 -0.110000
v 1.178596 1.524196 -0.110000
v 1.159111 1.529417 -0.090000
v 1.159111 1.529417 0.090000
v 1.178596 1.524196 0.110000
v 1.134344 1.185086 0.110000
v 1.151814 1.175000 0.090000
v 1.151814 1.175000 -0.090000
v 1.134344 1.185086 -0.110000
v 1.056700 1.229913 -0.110000
v 1.039230 1.240000 -0.090000
v 1.039230 1.240000 0.090000
v 1.056700 1.229913 0.110000
v 0.926188 0.913812 0.110000
v 0.940452 0.899548 0.090000
v 0.940452 0.899548 -0.090000
v 0.926188 0.913812 -0.110000
v 0.862792 0.977208 -0.110000
v 0.848528 0.991472 -0.090000
v 0.848528 0.991472 0.090000
v 0.862792 0.977208 0.110000
v 0.654914 0.705656 0.110000
v 0.665000 0.688186 0.090000
v 0.665000 0.688186 -0.090000
v 0.654914 0.705656 -0.110000
v 0.610087 0.783300 -0.110000
v 0.600000 0.800770 -0.090000
v 0.600000 0.800770 0.090000
v 0.610087 0.783300 0.110000
v 0.339008 0.574804 0.110000
v 0.344229 0.555319 0.090000
v 0.344229 0.555319 -0.090000
v 0.339008 0.574804 -0.110000
v 0.315804 0.661404 -0.110000
v 0.310583 0.680889 -0.090000
v 0.310583 0.680889 0.090000
v 0.315804 0.661404 0.110000
v 0.000000 0.530173 0.110000
v 0.000000 0.510000 0.090000
v 0.000000 0.510000 -0.090000
v 0.000000 0.530173 -0.110000
v 0.000000 0.619827 -0.110000
v 0.000000 0.640000 -0.090000
v 0.000000 0.640000 0.090000
v 0.000000 0.619827 0.110000
v -0.339008 0.574804 0.110000
v -0.344229 0.555319 0.090000
v -0.344229 0.555319 -0.090000
v -0.339008 0.574804 -0.110000
v -0.315804 0.661404 -0.110000
v -0.310583 0.680889 -0.090000
v -0.310583 0.680889 0.090000
v -0.315804 0.661404 0.110000
v -0.654914 0.705656 0.110000
v -0.665000 0.688186 0.090000
v -0.665000 0.688186 -0.090000
v -0.654914 0.705656 -0.110000
v -0.610087 0.783300 -0.110000
v -0.600000 0.800770 -0.090000
v -0.600000 0.800770 0.090000
v -0.610087 0.783300 0.110000
v -0.926188 0.913812 0.110000
v -0.940452 0.899548 0.090000
v -0.940452 0.899548 -0.090000
v -0.926188 0.913812 -0.110000
v -0.862792 0.977208 -0.110000
v -0.848528 0.991472 -0.090000
v -0.848528 0.991472 0.090000
v -0.862792 0.977208 0.110000
v -1.134344 1.185086 0.110000
v -1.151814 1.175000 0.090000
v -1.151814 1.175000 -0.090000
v -1.134344 1.185086 -0.110000
v -1.056700 1.229913 -0.110000
v -1.039230 1.240000 -0.090000
v -1.039230 1.240000 0.090000
v -1.056700 1.229913 0.110000
v -1.265196 1.500992 0.110000
v -1.284681 1.495771 0.090000
v -1.284681 1.495771 -0.090000
v -1.265196 1.500992 -0.110000
v -1.178596 1.524196 -0.110000
v -1.159111 1.529417 -0.090000
v -1.159111 1.529417 0.090000
v -1.178596 1.524196 0.110000
v 0.000000 3.050000 0.020000
v 0.000000 3.050000 -0.020000
v -0.313171 3.008770 0.020000
v -0.313171 3.008770 -0.020000
v -0.605000 2.887891 0.020000
v -0.605000 2.887891 -0.020000
v -0.855599 2.695599 0.020000
v -0.855599 2.695599 -0.020000
v -1.047891 2.445000 0.020000
v -1.047891 2.445000 -0.020000
v -1.168770 2.153171 0.020000
v -1.168770 2.153171 -0.020000
v -1.210000 1.840000 0.020000
v -1.210000 1.840000 -0.020000
v -1.168770 1.526829 0.020000
v -1.168770 1.526829 -0.020000
v -1.047891 1.235000 0.020000
v -1.047891 1.235000 -0.020000
v -0.855599 0.984401 0.020000
v -0.855599 0.984401 -0.020000
v -0.605000 0.792109 0.020000
v -0.605000 0.792109 -0.020000
v -0.313171 0.671230 0.020000
v -0.313171 0.671230 -0.020000
v 0.000000 0.630000 0.020000
v 0.000000 0.630000 -0.020000
v 0.313171 0.671230 0.020000
v 0.313171 0.671230 -0.020000
v 0.605000 0.792109 0.020000
v 0.605000 0.792109 -0.020000
v 0.855599 0.984401 0.020000
v 0.855599 0.984401 -0.020000
v 1.047891 1.235000 0.020000
v 1.047891 1.235000 -0.020000
v 1.168770 1.526829 0.020000
v 1.168770 1.526829 -0.020000
v 1.210000 1.840000 0.020000
v 1.210000 1.840000 -0.020000
v 1.168770 2.153171 0.020000
v 1.168770 2.153171 -0.020000
v 1.047891 2.445000 0.020000
v 1.047891 2.445000 -0.020000
v 0.855599 2.695599 0.020000
v 0.855599 2.695599 -0.020000
v 0.605000 2.887891 0.020000
v 0.605000 2.887891 -0.020000
v 0.313171 3.008770 0.020000
v 0.313171 3.008770 -0.020000
v -1.259646 2.405058 0.155000
v -1.278124 2.412712 0.135000
v -1.270470 2.431190 0.155000
v -1.388990 2.458634 0.135000
v -1.407467 2.466288 0.155000
v -1.381336 2.477112 0.155000
v -1.259646 2.405058 0.165000
v -1.270470 2.431190 0.165000
v -1.278124 2.412712 0.185000
v -1.407467 2.466288 0.165000
v -1.388990 2.458634 0.185000
v -1.381336 2.477112 0.165000
v -1.290261 2.331148 0.155000
v -1.316392 2.320324 0.155000
v -1.308739 2.338802 0.135000
v -1.438082 2.392377 0.155000
v -1.419604 2.384724 0.135000
v -1.427258 2.366246 0.155000
v -1.290261 2.331148 0.165000
v -1.308739 2.338802 0.185000
v -1.316392 2.320324 0.165000
v -1.438082 2.392377 0.165000
v -1.427258 2.366246 0.165000
v -1.419604 2.384724 0.185000
v -0.491148 3.130261 0.155000
v -0.498802 3.148739 0.135000
v -0.480324 3.156393 0.155000
v -0.544724 3.259604 0.135000
v -0.552377 3.278082 0.155000
v -0.526246 3.267258 0.155000
v -0.491148 3.130261 0.165000
v -0.480324 3.156393 0.165000
v -0.498802 3.148739 0.185000
v -0.552377 3.278082 0.165000
v -0.544724 3.259604 0.185000
v -0.526246 3.267258 0.165000
v -0.565058 3.099647 0.155000
v -0.591190 3.110471 0.155000
v -0.572712 3.118124 0.135000
v -0.626288 3.247467 0.155000
v -0.618634 3.228990 0.135000
v -0.637112 3.221336 0.155000
v -0.565058 3.099647 0.165000
v -0.572712 3.118124 0.185000
v -0.591190 3.110471 0.165000
v -0.626288 3.247467 0.165000
v -0.637112 3.221336 0.165000
v -0.618634 3.228990 0.185000
v 0.565058 3.099647 0.155000
v 0.572712 3.118124 0.135000
v 0.591190 3.110471 0.155000
v 0.618634 3.228990 0.135000
v 0.626288 3.247467 0.155000
v 0.637112 3.221336 0.155000
v 0.565058 3.099647 0.165000
v 0.591190 3.110471 0.165000
v 0.572712 3.118124 0.185000
v 0.626288 3.247467 0.165000
v 0.618634 3.228990 0.185000
v 0.637112 3.221336 0.165000
v 0.491148 3.130261 0.155000
v 0.480324 3.156393 0.155000
v 0.498802 3.148739 0.135000
v 0.552377 3.278082 0.155000
v 0.544724 3.259604 0.135000
v 0.526246 3.267258 0.155000
v 0.491148 3.130261 0.165000
v 0.498802 3.148739 0.185000
v 0.480324 3.156393 0.165000
v 0.552377 3.278082 0.165000
v 0.526246 3.267258 0.165000
v 0.544724 3.259604 0.185000
v 1.290261 2.331148 0.155000
v 1.308739 2.338802 0.135000
v 1.316392 2.320324 0.155000
v 1.419604 2.384724 0.135000
v 1.438082 2.392377 0.155000
v 1.427258 2.366246 0.155000
v 1.290261 2.331148 0.165000
v 1.316392 2.320324 0.165000
v 1.308739 2.338802 0.185000
v 1.438082 2.392377 0.165000
v 1.419604 2.384724 0.185000
v 1.427258 2.366246 0.165000
v 1.259646 2.405058 0.155000
v 1.270470 2.431190 0.155000
v 1.278124 2.412712 0.135000
v 1.407467 2.466288 0.155000
v 1.388990 2.458634 0.135000
v 1.381336 2.477112 0.155000
v 1.259646 2.405058 0.165000
v 1.278124 2.412712 0.185000
v 1.270470 2.431190 0.165000
v 1.407467 2.466288 0.165000
v 1.381336 2.477112 0.165000
v 1.388990 2.458634 0.185000
v 1.259646 1.274942 0.155000
v 1.278124 1.267288 0.135000
v 1.270470 1.248810 0.155000
v 1.388990 1.221366 0.135000
v 1.407467 1.213712 0.155000
v 1.381336 1.202888 0.155000
v 1.259646 1.274942 0.165000
v 1.270470 1.248810 0.165000
v 1.278124 1.267288 0.185000
v 1.407467 1.213712 0.165000
v 1.388990 1.221366 0.185000
v 1.381336 1.202888 0.165000
v 1.290261 1.348852 0.155000
v 1.316392 1.359676 0.155000
v 1.308739 1.341198 0.135000
v 1.438082 1.287623 0.155000
v 1.419604 1.295276 0.135000
v 1.427258 1.313754 0.155000
v 1.290261 1.348852 0.165000
v 1.308739 1.341198 0.185000
v 1.316392 1.359676 0.165000
v 1.438082 1.287623 0.165000
v 1.427258 1.313754 0.165000
v 1.419604 1.295276 0.185000
v 0.491148 0.549739 0.155000
v 0.498802 0.531261 0.135000
v 0.480324 0.523608 0.155000
v 0.544724 0.420396 0.135000
v 0.552377 0.401918 0.155000
v 0.526246 0.412742 0.155000
v 0.491148 0.549739 0.165000
v 0.480324 0.523608 0.165000
v 0.498802 0.531261 0.185000
v 0.552377 0.401918 0.165000
v 0.544724 0.420396 0.185000
v 0.526246 0.412742 0.165000
v 0.565058 0.580354 0.155000
v 0.591190 0.569530 0.155000
v 0.572712 0.561876 0.135000
v 0.626288 0.432533 0.155000
v 0.618634 0.451010 0.135000
v 0.637112 0.458664 0.155000
v 0.565058 0.580354 0.165000
v 0.572712 0.561876 0.185000
v 0.591190 0.569530 0.165000
v 0.626288 0.432533 0.165000
v 0.637112 0.458664 0.165000
v 0.618634 0.451010 0.185000
v -0.565058 0.580354 0.155000
v -0.572712 0.561876 0.135000
v -0.591190 0.569530 0.155000
v -0.618634 0.451010 0.135000
v -0.626288 0.432533 0.155000
v -0.637112 0.458664 0.155000
v -0.565058 0.580354 0.165000
v -0.591190 0.569530 0.165000
v -0.572712 0.561876 0.185000
v -0.626288 0.432533 0.165000
v -0.618634 0.451010 0.185000
v -0.637112 0.458664 0.165000
v -0.491148 0.549739 0.155000
v -0.480324 0.523608 0.155000
v -0.498802 0.531261 0.135000
v -0.552377 0.401918 0.155000
v -0.544724 0.420396 0.135000
v -0.526246 0.412742 0.155000
v -0.491148 0.549739 0.165000
v -0.498802 0.531261 0.185000
v -0.480324 0.523608 0.165000
v -0.552377 0.401918 0.165000
v -0.526246 0.412742 0.165000
v -0.544724 0.420396 0.185000
v -1.290261 1.348852 0.155000
v -1.308739 1.341198 0.135000
v -1.316392 1.359676 0.155000
v -1.419604 1.295276 0.135000
v -1.438082 1.287623 0.155000
v -1.427258 1.313754 0.155000
v -1.290261 1.348852 0.165000
v -1.316392 1.359676 0.165000
v -1.308739 1.341198 0.185000
v -1.438082 1.287623 0.165000
v -1.419604 1.295276 0.185000
v -1.427258 1.313754 0.165000
v -1.259646 1.274942 0.155000
v -1.270470 1.248810 0.155000
v -1.278124 1.267288 0.135000
v -1.407467 1.213712 0.155000
v -1.388989 1.221366 0.135000
v -1.381336 1.202888 0.155000
v -1.259646 1.274942 0.165000
v -1.278124 1.267288 0.185000
v -1.270470 1.248810 0.165000
v -1.407467 1.213712 0.165000
v -1.381336 1.202888 0.165000
v -1.388989 1.221366 0.185000
v 0.150000 3.270000 -0.170000
v 0.150000 3.300000 -0.200000
v 0.180000 3.300000 -0.170000
v 0.150000 3.540000 -0.200000
v 0.150000 3.570000 -0.170000
v 0.180000 3.540000 -0.170000
v 0.150000 3.270000 0.170000
v 0.180000 3.300000 0.170000
v 0.150000 3.300000 0.200000
v 0.150000 3.570000 0.170000
v 0.150000 3.540000 0.200000
v 0.180000 3.540000 0.170000
v -0.150000 3.270000 -0.170000
v -0.180000 3.300000 -0.170000
v -0.150000 3.300000 -0.200000
v -0.150000 3.570000 -0.170000
v -0.150000 3.540000 -0.200000
v -0.180000 3.540000 -0.170000
v -0.150000 3.270000 0.170000
v -0.150000 3.300000 0.200000
v -0.180000 3.300000 0.170000
v -0.150000 3.570000 0.170000
v -0.180000 3.540000 0.170000
v -0.150000 3.540000 0.200000
v 0.180000 3.570000 -0.200000
v 0.180000 3.590000 -0.220000
v 0.200000 3.590000 -0.200000
v 0.180000 3.610000 -0.220000
v 0.180000 3.630000 -0.200000
v 0.200000 3.610000 -0.200000
v 0.180000 3.570000 0.200000
v 0.200000 3.590000 0.200000
v 0.180000 3.590000 0.220000
v 0.180000 3.630000 0.200000
v 0.180000 3.610000 0.220000
v 0.200000 3.610000 0.200000
v -0.180000 3.570000 -0.200000
v -0.200000 3.590000 -0.200000
v -0.180000 3.590000 -0.220000
v -0.180000 3.630000 -0.200000
v -0.180000 3.610000 -0.220000
v -0.200000 3.610000 -0.200000
v -0.180000 3.570000 0.200000
v -0.180000 3.590000 0.220000
v -0.200000 3.590000 0.200000
v -0.180000 3.630000 0.200000
v -0.200000 3.610000 0.200000
v -0.180000 3.610000 0.220000
v 0.730830 0.307977 -0.180000
v 0.763782 0.310000 -0.210000
v 0.750000 0.280000 -0.180000
v 1.490000 0.280000 -0.180000
v 1.480052 0.310000 -0.210000
v 1.511636 0.308810 -0.180000
v 1.348364 0.871190 -0.180000
v 1.317471 0.870000 -0.210000
v 1.310000 0.900000 -0.180000
v 0.949170 0.872023 -0.180000
v 0.990000 0.900000 -0.180000
v 0.980556 0.870000 -0.210000
v 0.730830 0.307977 0.180000
v 0.750000 0.280000 0.180000
v 0.763782 0.310000 0.210000
v 1.511636 0.308810 0.180000
v 1.480052 0.310000 0.210000
v 1.490000 0.280000 0.180000
v 1.310000 0.900000 0.180000
v 1.317471 0.870000 0.210000
v 1.348364 0.871190 0.180000
v 0.949170 0.872023 0.180000
v 0.980556 0.870000 0.210000
v 0.990000 0.900000 0.180000
v 1.350000 0.900000 -0.210000
v 1.350000 0.920000 -0.230000
v 1.370000 0.920000 -0.210000
v 1.350000 0.940000 -0.230000
v 1.350000 0.960000 -0.210000
v 1.370000 0.940000 -0.210000
v 1.350000 0.900000 0.210000
v 1.370000 0.920000 0.210000
v 1.350000 0.920000 0.230000
v 1.350000 0.960000 0.210000
v 1.350000 0.940000 0.230000
v 1.370000 0.940000 0.210000
v 0.950000 0.900000 -0.210000
v 0.930000 0.920000 -0.210000
v 0.950000 0.920000 -0.230000
v 0.950000 0.960000 -0.210000
v 0.950000 0.940000 -0.230000
v 0.930000 0.940000 -0.210000
v 0.950000 0.900000 0.210000
v 0.950000 0.920000 0.230000
v 0.930000 0.920000 0.210000
v 0.950000 0.960000 0.210000
v 0.930000 0.940000 0.210000
v 0.950000 0.940000 0.230000
v 1.150000 0.630000 0.250000
v 1.150000 0.630000 0.210000
v 1.128787 0.621213 0.250000
v 1.128787 0.621213 0.210000
v 1.120000 0.600000 0.250000
v 1.120000 0.600000 0.210000
v 1.128787 0.578787 0.250000
v 1.128787 0.578787 0.210000
v 1.150000 0.570000 0.250000
v 1.150000 0.570000 0.210000
v 1.171213 0.578787 0.250000
v 1.171213 0.578787 0.210000
v 1.180000 0.600000 0.250000
v 1.180000 0.600000 0.210000
v 1.171213 0.621213 0.250000
v 1.171213 0.621213 0.210000
v -0.730830 0.307977 -0.180000
v -0.763782 0.310000 -0.210000
v -0.750000 0.280000 -0.180000
v -1.490000 0.280000 -0.180000
v -1.480052 0.310000 -0.210000
v -1.511636 0.308810 -0.180000
v -1.348364 0.871190 -0.180000
v -1.317471 0.870000 -0.210000
v -1.310000 0.900000 -0.180000
v -0.949170 0.872023 -0.180000
v -0.990000 0.900000 -0.180000
v -0.980556 0.870000 -0.210000
v -0.730830 0.307977 0.180000
v -0.750000 0.280000 0.180000
v -0.763782 0.310000 0.210000
v -1.511636 0.308810 0.180000
v -1.480052 0.310000 0.210000
v -1.490000 0.280000 0.180000
v -1.310000 0.900000 0.180000
v -1.317471 0.870000 0.210000
v -1.348364 0.871190 0.180000
v -0.949170 0.872023 0.180000
v -0.980556 0.870000 0.210000
v -0.990000 0.900000 0.180000
v -0.950000 0.900000 -0.210000
v -0.950000 0.920000 -0.230000
v -0.930000 0.920000 -0.210000
v -0.950000 0.940000 -0.230000
v -0.950000 0.960000 -0.210000
v -0.930000 0.940000 -0.210000
v -0.950000 0.900000 0.210000
v -0.930000 0.920000 0.210000
v -0.950000 0.920000 0.230000
v -0.950000 0.960000 0.210000
v -0.950000 0.940000 0.230000
v -0.930000 0.940000 0.210000
v -1.350000 0.900000 -0.210000
v -1.370000 0.920000 -0.210000
v -1.350000 0.920000 -0.230000
v -1.350000 0.960000 -0.210000
v -1.350000 0.940000 -0.230000
v -1.370000 0.940000 -0.210000
v -1.350000 0.900000 0.210000
v -1.350000 0.920000 0.230000
v -1.370000 0.920000 0.210000
v -1.350000 0.960000 0.210000
v -1.370000 0.940000 0.210000
v -1.350000 0.940000 0.230000
v -1.150000 0.630000 0.250000
v -1.150000 0.630000 0.210000
v -1.171213 0.621213 0.250000
v -1.171213 0.621213 0.210000
v -1.180000 0.600000 0.250000
v -1.180000 0.600000 0.210000
v -1.171213 0.578787 0.250000
v -1.171213 0.578787 0.210000
v -1.150000 0.570000 0.250000
v -1.150000 0.570000 0.210000
v -1.128787 0.578787 0.250000
v -1.128787 0.578787 0.210000
v -1.120000 0.600000 0.250000
v -1.120000 0.600000 0.210000
v -1.128787 0.621213 0.250000
v -1.128787 0.621213 0.210000
vn -0.0000 -0.0000 -1.0000
vn -1.0000 -0.0000 -0.0000
vn -0.0000 1.0000 -0.0000
vn 1.0000 -0.0000 -0.0000
vn -0.0000 -0.0000 1.0000
vn 0.5774 -0.5773 -0.5773
vn 0.5774 0.5773 -0.5774
vn 0.5774 -0.5773 0.5774
vn 0.5774 0.5773 0.5774
vn -0.5774 -0.5773 -0.5774
vn -0.5774 0.5773 -0.5774
vn -0.5774 -0.5773 0.5773
vn -0.5774 0.5773 0.5774
vn 0.7071 -0.7071 -0.0000
vn 0.7071 -0.0000 -0.7071
vn 0.7071 0.7071 -0.0000
vn 0.7071 -0.0000 0.7071
vn -0.0000 -0.7071 0.7071
vn -0.0000 0.7071 0.7071
vn -0.7071 -0.0000 0.7071
vn -0.7071 -0.7071 -0.0000
vn -0.7071 0.7071 -0.0000
vn -0.7071 -0.0000 -0.7071
vn -0.0000 -0.7071 -0.7071
vn -0.0000 0.7071 -0.7071
vn -0.0000 -1.0000 -0.0000
vn 0.5774 -0.5773 -0.5774
vn -0.5774 -0.5773 0.5774
vn 0.5774 -0.5774 -0.5774
vn 0.5774 -0.5774 0.5774
vn 0.5774 0.5773 0.5773
vn -0.5774 -0.5774 -0.5774
vn -0.5774 -0.5774 0.5774
vn -0.5774 0.5773 0.5773
vn 0.9952 0.0980 -0.0000
vn 0.9569 -0.2903 -0.0000
vn -0.8819 0.4714 -0.0000
vn 0.8819 -0.4714 -0.0000
vn -0.7730 0.6344 -0.0000
vn 0.7730 -0.6344 -0.0000
vn -0.6344 0.7730 -0.0000
vn 0.6344 -0.7730 -0.0000
vn -0.4714 0.8819 -0.0000
vn 0.4714 -0.8819 -0.0000
vn -0.2903 0.9569 -0.0000
vn 0.2903 -0.9569 -0.0000
vn -0.0980 0.9952 -0.0000
vn 0.0980 -0.9952 -0.0000
vn 0.0980 0.9952 -0.0000
vn -0.0980 -0.9952 -0.0000
vn 0.2903 0.9569 -0.0000
vn -0.2903 -0.9569 -0.0000
vn 0.4714 0.8819 -0.0000
vn -0.4714 -0.8819 -0.0000
vn 0.6344 0.7730 -0.0000
vn -0.6344 -0.7730 -0.0000
vn 0.7730 0.6344 -0.0000
vn -0.7730 -0.6344 -0.0000
vn 0.8819 0.4714 -0.0000
vn -0.8819 -0.4714 -0.0000
vn 0.9569 0.2903 -0.0000
vn -0.9569 -0.2903 -0.0000
vn -0.9952 -0.0980 -0.0000
vn 0.9952 -0.0980 -0.0000
vn -0.9952 0.0980 -0.0000
vn -0.9569 0.2903 -0.0000
vn -0.7037 0.0693 0.7071
vn -0.7037 0.0693 -0.7071
vn 0.7037 -0.0693 -0.7071
vn 0.7037 -0.0693 0.7071
vn -0.6767 0.2053 0.7071
vn -0.6767 0.2053 -0.7071
vn 0.6767 -0.2053 -0.7071
vn 0.6767 -0.2053 0.7071
vn -0.6236 0.3333 0.7071
vn -0.6236 0.3333 -0.7071
vn 0.6236 -0.3333 -0.7071
vn 0.6236 -0.3333 0.7071
vn -0.5466 0.4486 0.7071
vn -0.5466 0.4486 -0.7071
vn 0.5466 -0.4486 -0.7071
vn 0.5466 -0.4486 0.7071
vn -0.4486 0.5466 0.7071
vn -0.4486 0.5466 -0.7071
vn 0.4486 -0.5466 -0.7071
vn 0.4486 -0.5466 0.7071
vn -0.3333 0.6236 0.7071
vn -0.3333 0.6236 -0.7071
vn 0.3333 -0.6236 -0.7071
vn 0.3333 -0.6236 0.7071
vn -0.2053 0.6767 0.7071
vn -0.2053 0.6767 -0.7071
vn 0.2053 -0.6767 -0.7071
vn 0.2053 -0.6767 0.7071
vn -0.0693 0.7037 0.7071
vn -0.0693 0.7037 -0.7071
vn 0.0693 -0.7037 -0.7071
vn 0.0693 -0.7037 0.7071
vn 0.0693 0.7037 0.7071
vn 0.0693 0.7037 -0.7071
vn -0.0693 -0.7037 -0.7071
vn -0.0693 -0.7037 0.7071
vn 0.2053 0.6767 0.7071
vn 0.2053 0.6767 -0.7071
vn -0.2053 -0.6767 -0.7071
vn -0.2053 -0.6767 0.7071
vn 0.3333 0.6236 0.7071
vn 0.3333 0.6236 -0.7071
vn -0.3333 -0.6236 -0.7071
vn -0.3333 -0.6236 0.7071
vn 0.4486 0.5466 0.7071
vn 0.4486 0.5466 -0.7071
vn -0.4486 -0.5466 -0.7071
vn -0.4486 -0.5466 0.7071
vn 0.5466 0.4486 0.7071
vn 0.5466 0.4486 -0.7071
vn -0.5466 -0.4486 -0.7071
vn -0.5466 -0.4486 0.7071
vn 0.6236 0.3333 0.7071
vn 0.6236 0.3333 -0.7071
vn -0.6236 -0.3333 -0.7071
vn -0.6236 -0.3333 0.7071
vn 0.6767 0.2053 0.7071
vn 0.6767 0.2053 -0.7071
vn -0.6767 -0.2053 -0.7071
vn -0.6767 -0.2053 0.7071
vn 0.7037 0.0693 0.7071
vn 0.7037 0.0693 -0.7071
vn -0.7037 -0.0693 -0.7071
vn -0.7037 -0.0693 0.7071
vn 0.9914 0.1305 -0.0000
vn 0.9239 -0.3827 -0.0000
vn -0.7934 0.6088 -0.0000
vn 0.7934 -0.6088 -0.0000
vn -0.6088 0.7934 -0.0000
vn 0.6088 -0.7934 -0.0000
vn -0.3827 0.9239 -0.0000
vn 0.3827 -0.9239 -0.0000
vn -0.1305 0.9914 -0.0000
vn 0.1305 -0.9914 -0.0000
vn 0.1305 0.9914 -0.0000
vn -0.1305 -0.9914 -0.0000
vn 0.3827 0.9239 -0.0000
vn -0.3827 -0.9239 -0.0000
vn 0.6088 0.7934 -0.0000
vn -0.6088 -0.7934 -0.0000
vn 0.7934 0.6088 -0.0000
vn -0.7934 -0.6088 -0.0000
vn 0.9239 0.3827 -0.0000
vn -0.9239 -0.3827 -0.0000
vn -0.9914 -0.1305 -0.0000
vn 0.9914 -0.1305 -0.0000
vn -0.9914 0.1305 -0.0000
vn -0.9239 0.3827 -0.0000
vn -0.7011 0.0923 0.7071
vn -0.7011 0.0923 -0.7071
vn 0.7011 -0.0923 -0.7071
vn 0.7011 -0.0923 0.7071
vn -0.6533 0.2706 0.7071
vn -0.6533 0.2706 -0.7071
vn 0.6533 -0.2706 -0.7071
vn 0.6533 -0.2706 0.7071
vn -0.5610 0.4305 0.7071
vn -0.5610 0.4305 -0.7071
vn 0.5610 -0.4305 -0.7071
vn 0.5610 -0.4305 0.7071
vn -0.4305 0.5610 0.7071
vn -0.4305 0.5610 -0.7071
vn 0.4305 -0.5610 -0.7071
vn 0.4305 -0.5610 0.7071
vn -0.2706 0.6533 0.7071
vn -0.2706 0.6533 -0.7071
vn 0.2706 -0.6533 -0.7071
vn 0.2706 -0.6533 0.7071
vn -0.0923 0.7011 0.7071
vn -0.0923 0.7011 -0.7071
vn 0.0923 -0.7011 -0.7071
vn 0.0923 -0.7011 0.7071
vn 0.0923 0.7011 0.7071
vn 0.0923 0.7011 -0.7071
vn -0.0923 -0.7011 -0.7071
vn -0.0923 -0.7011 0.7071
vn 0.2706 0.6533 0.7071
vn 0.2706 0.6533 -0.7071
vn -0.2706 -0.6533 -0.7071
vn -0.2706 -0.6533 0.7071
vn 0.4305 0.5610 0.7071
vn 0.4305 0.5610 -0.7071
vn -0.4305 -0.5610 -0.7071
vn -0.4305 -0.5610 0.7071
vn 0.5610 0.4305 0.7071
vn 0.5610 0.4305 -0.7071
vn -0.5610 -0.4305 -0.7071
vn -0.5610 -0.4305 0.7071
vn 0.6533 0.2706 0.7071
vn 0.6533 0.2706 -0.7071
vn -0.6533 -0.2706 -0.7071
vn -0.6533 -0.2706 0.7071
vn 0.7011 0.0923 0.7071
vn 0.7011 0.0923 -0.7071
vn -0.7011 -0.0923 -0.7071
vn -0.7011 -0.0923 0.7071
vn 0.7543 0.3125 -0.5773
vn -0.3125 0.7543 -0.5774
vn 0.7543 0.3125 0.5773
vn -0.3125 0.7543 0.5773
vn 0.3125 -0.7543 -0.5773
vn -0.7543 -0.3125 -0.5774
vn 0.3125 -0.7543 0.5773
vn -0.7543 -0.3125 0.5774
vn 0.7543 -0.3125 -0.5774
vn 0.3125 0.7543 -0.5773
vn 0.7543 -0.3125 0.5774
vn 0.3125 0.7543 0.5773
vn -0.3125 -0.7543 -0.5773
vn -0.7543 0.3125 -0.5773
vn -0.3125 -0.7543 0.5773
vn -0.7543 0.3125 0.5773
vn -0.3125 0.7543 -0.5773
vn 0.3125 0.7543 -0.5774
vn 0.3125 -0.7543 -0.5774
vn 0.3125 -0.7543 0.5774
vn 0.7543 0.3125 -0.5774
vn -0.3125 0.7543 0.5774
vn 0.7543 0.3125 0.5774
vn -0.3125 -0.7543 -0.5774
vn -0.3125 -0.7543 0.5774
vn 0.7543 -0.3125 -0.5773
vn 0.3125 0.7543 0.5774
vn 0.7543 -0.3125 0.5773
vn -0.7543 -0.3125 -0.5773
vn -0.7543 -0.3125 0.5773
vn -0.7543 0.3125 -0.5774
vn -0.7543 0.3125 0.5774
vn 0.5773 -0.5773 -0.5774
vn 0.5774 0.5773 -0.5773
vn 0.5773 -0.5773 0.5774
vn -0.5773 -0.5773 -0.5774
vn -0.5774 0.5773 -0.5773
vn -0.5773 -0.5773 0.5774
vn 0.5773 0.5774 -0.5774
vn 0.5774 -0.5773 0.5773
vn 0.5773 0.5774 0.5774
vn -0.5774 -0.5773 -0.5773
vn -0.5773 0.5774 -0.5774
vn -0.5773 0.5774 0.5774
vn 0.9603 0.2788 -0.0000
vn -0.5998 -0.4110 -0.6865
vn 0.6046 -0.4540 -0.6545
vn 0.5035 0.6704 -0.5450
vn -0.4746 0.6926 -0.5432
vn -0.5998 -0.4110 0.6865
vn 0.6046 -0.4540 0.6545
vn 0.5035 0.6704 0.5450
vn -0.4746 0.6926 0.5432
vn -0.6594 0.2553 -0.7071
vn 0.6791 0.1971 -0.7071
vn -0.6594 0.2553 0.7071
vn 0.6791 0.1971 0.7071
vn -0.8249 -0.5652 -0.0000
vn 0.7996 -0.6005 -0.0000
vn 0.6005 0.7996 -0.0000
vn -0.5652 0.8249 -0.0000
vn -0.9326 0.3610 -0.0000
vn 0.5774 0.5774 -0.5774
vn 0.5774 0.5774 0.5774
vn -0.5773 -0.5774 -0.5773
vn -0.5773 0.5774 -0.5773
vn -0.5773 -0.5774 0.5773
vn -0.5773 0.5774 0.5773
vn -0.9603 0.2788 -0.0000
vn 0.5998 -0.4110 -0.6865
vn -0.6046 -0.4540 -0.6545
vn -0.5035 0.6704 -0.5450
vn 0.4746 0.6926 -0.5432
vn 0.5998 -0.4110 0.6865
vn -0.6046 -0.4540 0.6545
vn -0.5035 0.6704 0.5450
vn 0.4746 0.6926 0.5432
vn 0.6594 0.2553 -0.7071
vn -0.6791 0.1971 -0.7071
vn 0.6594 0.2553 0.7071
vn -0.6791 0.1971 0.7071
vn 0.8249 -0.5652 -0.0000
vn -0.7996 -0.6005 -0.0000
vn -0.6005 0.7996 -0.0000
vn 0.5652 0.8249 -0.0000
vn 0.9326 0.3610 -0.0000
vn 0.5773 -0.5774 -0.5773
vn 0.5773 0.5774 -0.5773
vn 0.5773 -0.5774 0.5773
vn 0.5773 0.5774 0.5773
vn -0.5774 0.5774 -0.5774
vn -0.5774 0.5774 0.5774
vt 0.00000 0.14622
vt 0.00000 0.17816
vt 0.00000 0.48066
vt 0.00000 0.51261
vt 0.00000 0.77499
vt 0.00000 0.80717
vt 0.00000 0.92334
vt 0.00000 0.98082
vt 0.00000 0.98372
vt 0.00000 0.99379
vt 0.00000 0.99595
vt 0.00000 0.99811
vt 0.00305 0.14652
vt 0.00305 0.17786
vt 0.00305 0.48096
vt 0.00305 0.51231
vt 0.00407 0.99379
vt 0.00407 0.99595
vt 0.00407 0.99811
vt 0.00622 0.11488
vt 0.00622 0.20950
vt 0.00622 0.44932
vt 0.00622 0.54394
vt 0.00831 0.74391
vt 0.00831 0.83825
vt 0.00915 0.11577
vt 0.00915 0.20861
vt 0.00915 0.45021
vt 0.00915 0.54305
vt 0.01410 0.99379
vt 0.01410 0.99596
vt 0.01410 0.99811
vt 0.01817 0.99379
vt 0.01817 0.99596
vt 0.01817 0.99811
vt 0.01842 0.08536
vt 0.01842 0.23902
vt 0.01842 0.41981
vt 0.01842 0.57346
vt 0.02112 0.08681
vt 0.02112 0.23757
vt 0.02112 0.42125
vt 0.02112 0.57201
vt 0.02436 0.71605
vt 0.02436 0.86611
vt 0.02527 0.14871
vt 0.02527 0.17567
vt 0.02527 0.48315
vt 0.02527 0.51011
vt 0.02820 0.99379
vt 0.02820 0.99596
vt 0.02820 0.99811
vt 0.02831 0.14901
vt 0.02831 0.17537
vt 0.02831 0.48345
vt 0.02831 0.50981
vt 0.03051 0.12227
vt 0.03051 0.20211
vt 0.03051 0.45671
vt 0.03051 0.53656
vt 0.03227 0.99379
vt 0.03227 0.99596
vt 0.03227 0.99811
vt 0.03345 0.12316
vt 0.03345 0.20122
vt 0.03345 0.45760
vt 0.03345 0.53566
vt 0.03612 0.05880
vt 0.03612 0.26558
vt 0.03612 0.39324
vt 0.03612 0.60002
vt 0.03658 0.92334
vt 0.03658 0.98082
vt 0.03658 0.98372
vt 0.03849 0.06075
vt 0.03849 0.26363
vt 0.03849 0.39519
vt 0.03849 0.59808
vt 0.04081 0.09736
vt 0.04081 0.22702
vt 0.04081 0.43180
vt 0.04081 0.56146
vt 0.04231 0.99379
vt 0.04231 0.99596
vt 0.04231 0.99811
vt 0.04351 0.09881
vt 0.04351 0.22557
vt 0.04351 0.43325
vt 0.04351 0.56002
vt 0.04637 0.99379
vt 0.04637 0.99596
vt 0.04637 0.99811
vt 0.04662 0.92334
vt 0.04662 0.98082
vt 0.04662 0.98372
vt 0.04705 0.69330
vt 0.04705 0.88886
vt 0.05575 0.07494
vt 0.05575 0.24944
vt 0.05575 0.40939
vt 0.05575 0.58388
vt 0.05641 0.99379
vt 0.05641 0.99596
vt 0.05641 0.99811
vt 0.05811 0.07689
vt 0.05811 0.24749
vt 0.05811 0.41134
vt 0.05811 0.58193
vt 0.05866 0.03621
vt 0.05866 0.28817
vt 0.05866 0.37065
vt 0.05866 0.62262
vt 0.06047 0.99379
vt 0.06047 0.99596
vt 0.06047 0.99811
vt 0.06060 0.03858
vt 0.06060 0.28580
vt 0.06060 0.37302
vt 0.06060 0.62024
vt 0.07476 0.05588
vt 0.07476 0.26850
vt 0.07476 0.39032
vt 0.07476 0.60294
vt 0.07485 0.67721
vt 0.07485 0.90495
vt 0.07671 0.05826
vt 0.07671 0.26613
vt 0.07671 0.39270
vt 0.07671 0.60057
vt 0.08320 0.92334
vt 0.08320 0.98082
vt 0.08320 0.98372
vt 0.08516 0.01846
vt 0.08516 0.30592
vt 0.08516 0.35290
vt 0.08516 0.64036
vt 0.08660 0.02117
vt 0.08660 0.30321
vt 0.08660 0.35561
vt 0.08660 0.63766
vt 0.09324 0.92537
vt 0.09324 0.96612
vt 0.09324 0.98025
vt 0.09324 0.99248
vt 0.09527 0.92334
vt 0.09527 0.92537
vt 0.09527 0.96612
vt 0.09527 0.96816
vt 0.09527 0.97822
vt 0.09527 0.98025
vt 0.09527 0.99248
vt 0.09527 0.99452
vt 0.09713 0.04090
vt 0.09713 0.28348
vt 0.09713 0.37535
vt 0.09713 0.61792
vt 0.09857 0.04361
vt 0.09857 0.28077
vt 0.09857 0.37805
vt 0.09857 0.61521
vt 0.10340 0.97822
vt 0.10340 0.98025
vt 0.10340 0.99248
vt 0.10340 0.99452
vt 0.10543 0.98025
vt 0.10543 0.99248
vt 0.10585 0.66888
vt 0.10585 0.91328
vt 0.11460 0.00623
vt 0.11460 0.31815
vt 0.11460 0.34068
vt 0.11460 0.65259
vt 0.11547 0.98025
vt 0.11547 0.99248
vt 0.11549 0.00917
vt 0.11549 0.31521
vt 0.11549 0.34361
vt 0.11549 0.64965
vt 0.11750 0.97822
vt 0.11750 0.98025
vt 0.11750 0.99248
vt 0.11750 0.99452
vt 0.12197 0.03059
vt 0.12197 0.29379
vt 0.12197 0.36503
vt 0.12197 0.62824
vt 0.12286 0.03352
vt 0.12286 0.29086
vt 0.12286 0.36797
vt 0.12286 0.62530
vt 0.12563 0.97822
vt 0.12563 0.98025
vt 0.12563 0.99248
vt 0.12563 0.99452
vt 0.12766 0.98025
vt 0.12766 0.99248
vt 0.13185 0.92334
vt 0.13185 0.92537
vt 0.13185 0.96612
vt 0.13185 0.96816
vt 0.13388 0.92537
vt 0.13388 0.96612
vt 0.13795 0.66888
vt 0.13795 0.91328
vt 0.14392 0.92334
vt 0.14392 0.92537
vt 0.14392 0.96612
vt 0.14392 0.96816
vt 0.14392 0.98025
vt 0.14392 0.99248
vt 0.14586 0.00000
vt 0.14586 0.32438
vt 0.14586 0.33444
vt 0.14586 0.65882
vt 0.14595 0.97822
vt 0.14595 0.98025
vt 0.14595 0.99248
vt 0.14595 0.99452
vt 0.14616 0.00306
vt 0.14616 0.32133
vt 0.14616 0.33750
vt 0.14616 0.65577
vt 0.14835 0.02533
vt 0.14835 0.29905
vt 0.14835 0.35977
vt 0.14835 0.63350
vt 0.14865 0.02838
vt 0.14865 0.29600
vt 0.14865 0.36283
vt 0.14865 0.63044
vt 0.15408 0.97822
vt 0.15408 0.98025
vt 0.15408 0.99248
vt 0.15408 0.99452
vt 0.15611 0.98025
vt 0.15611 0.99248
vt 0.16615 0.98025
vt 0.16615 0.99248
vt 0.16818 0.97822
vt 0.16818 0.98025
vt 0.16818 0.99248
vt 0.16818 0.99452
vt 0.16895 0.67721
vt 0.16895 0.90495
vt 0.17495 0.02838
vt 0.17495 0.29600
vt 0.17495 0.36283
vt 0.17495 0.63044
vt 0.17525 0.02533
vt 0.17525 0.29905
vt 0.17525 0.35977
vt 0.17525 0.63350
vt 0.17631 0.97822
vt 0.17631 0.98025
vt 0.17631 0.99248
vt 0.17631 0.99452
vt 0.17744 0.00306
vt 0.17744 0.32133
vt 0.17744 0.33750
vt 0.17744 0.65577
vt 0.17774 0.00000
vt 0.17774 0.32438
vt 0.17774 0.33444
vt 0.17774 0.65882
vt 0.17834 0.98025
vt 0.17834 0.99248
vt 0.18050 0.92334
vt 0.18050 0.92537
vt 0.18050 0.96612
vt 0.18050 0.96816
vt 0.19054 0.92639
vt 0.19054 0.96306
vt 0.19054 0.97822
vt 0.19054 0.99044
vt 0.19257 0.97618
vt 0.19257 0.97822
vt 0.19257 0.99044
vt 0.19257 0.99248
vt 0.19368 0.92334
vt 0.19368 0.96612
vt 0.19443 0.92639
vt 0.19443 0.96306
vt 0.19675 0.69330
vt 0.19675 0.88886
vt 0.20070 0.97618
vt 0.20070 0.97822
vt 0.20070 0.99044
vt 0.20070 0.99248
vt 0.20073 0.03352
vt 0.20073 0.29086
vt 0.20073 0.36797
vt 0.20073 0.62530
vt 0.20162 0.03059
vt 0.20162 0.29379
vt 0.20162 0.36503
vt 0.20162 0.62824
vt 0.20273 0.97822
vt 0.20273 0.99044
vt 0.20811 0.00917
vt 0.20811 0.31521
vt 0.20811 0.34361
vt 0.20811 0.64965
vt 0.20899 0.00623
vt 0.20899 0.31815
vt 0.20899 0.34068
vt 0.20899 0.65259
vt 0.21277 0.97822
vt 0.21277 0.99044
vt 0.21480 0.97618
vt 0.21480 0.97822
vt 0.21480 0.99044
vt 0.21480 0.99248
vt 0.21945 0.71605
vt 0.21945 0.86611
vt 0.22293 0.97618
vt 0.22293 0.97822
vt 0.22293 0.99044
vt 0.22293 0.99248
vt 0.22496 0.97822
vt 0.22496 0.99044
vt 0.22503 0.04361
vt 0.22503 0.28077
vt 0.22503 0.37805
vt 0.22503 0.61521
vt 0.22647 0.04090
vt 0.22647 0.28348
vt 0.22647 0.37535
vt 0.22647 0.61792
vt 0.22695 0.92639
vt 0.22695 0.96306
vt 0.22791 0.92334
vt 0.22791 0.96612
vt 0.23110 0.92639
vt 0.23110 0.96306
vt 0.23500 0.97822
vt 0.23500 0.99044
vt 0.23549 0.74391
vt 0.23549 0.83825
vt 0.23700 0.02117
vt 0.23700 0.30321
vt 0.23700 0.35561
vt 0.23700 0.63766
vt 0.23703 0.97618
vt 0.23703 0.97822
vt 0.23703 0.99044
vt 0.23703 0.99248
vt 0.23844 0.01846
vt 0.23844 0.30592
vt 0.23844 0.35290
vt 0.23844 0.64036
vt 0.24114 0.92639
vt 0.24114 0.96306
vt 0.24380 0.77499
vt 0.24380 0.80717
vt 0.24433 0.92334
vt 0.24433 0.96612
vt 0.24516 0.97618
vt 0.24516 0.97822
vt 0.24516 0.99044
vt 0.24516 0.99248
vt 0.24529 0.92639
vt 0.24529 0.96306
vt 0.24689 0.05826
vt 0.24689 0.26613
vt 0.24689 0.39270
vt 0.24689 0.60057
vt 0.24719 0.97822
vt 0.24719 0.99044
vt 0.24883 0.05588
vt 0.24883 0.26850
vt 0.24883 0.39032
vt 0.24883 0.60294
vt 0.25384 0.77499
vt 0.25384 0.80717
vt 0.25723 0.97822
vt 0.25723 0.99044
vt 0.25926 0.97618
vt 0.25926 0.97822
vt 0.25926 0.99044
vt 0.25926 0.99248
vt 0.26215 0.74391
vt 0.26215 0.83825
vt 0.26300 0.03858
vt 0.26300 0.28580
vt 0.26300 0.37302
vt 0.26300 0.62024
vt 0.26494 0.03621
vt 0.26494 0.28817
vt 0.26494 0.37065
vt 0.26494 0.62262
vt 0.26548 0.07689
vt 0.26548 0.24749
vt 0.26548 0.41134
vt 0.26548 0.58193
vt 0.26739 0.97618
vt 0.26739 0.97822
vt 0.26739 0.99044
vt 0.26739 0.99248
vt 0.26785 0.07494
vt 0.26785 0.24944
vt 0.26785 0.40939
vt 0.26785 0.58388
vt 0.26942 0.97822
vt 0.26942 0.99044
vt 0.27780 0.92639
vt 0.27780 0.96306
vt 0.27820 0.71605
vt 0.27820 0.86611
vt 0.27856 0.92334
vt 0.27856 0.96612
vt 0.28009 0.09881
vt 0.28009 0.22557
vt 0.28009 0.43325
vt 0.28009 0.56002
vt 0.28170 0.92639
vt 0.28170 0.96306
vt 0.28279 0.09736
vt 0.28279 0.22702
vt 0.28279 0.43180
vt 0.28279 0.56146
vt 0.28511 0.06075
vt 0.28511 0.26363
vt 0.28511 0.39519
vt 0.28511 0.59808
vt 0.28748 0.05880
vt 0.28748 0.26558
vt 0.28748 0.39324
vt 0.28748 0.60002
vt 0.29015 0.12316
vt 0.29015 0.20122
vt 0.29015 0.45760
vt 0.29015 0.53566
vt 0.29174 0.92639
vt 0.29174 0.96103
vt 0.29174 0.97618
vt 0.29174 0.98840
vt 0.29308 0.12227
vt 0.29308 0.20211
vt 0.29308 0.45671
vt 0.29308 0.53656
vt 0.29377 0.97414
vt 0.29377 0.97618
vt 0.29377 0.98840
vt 0.29377 0.99044
vt 0.29479 0.92334
vt 0.29479 0.96408
vt 0.29482 0.92639
vt 0.29482 0.96103
vt 0.29528 0.14901
vt 0.29528 0.17537
vt 0.29528 0.48345
vt 0.29528 0.50981
vt 0.29833 0.14871
vt 0.29833 0.17567
vt 0.29833 0.48315
vt 0.29833 0.51011
vt 0.30089 0.69330
vt 0.30089 0.88886
vt 0.30190 0.97414
vt 0.30190 0.97618
vt 0.30190 0.98840
vt 0.30190 0.99044
vt 0.30248 0.08681
vt 0.30248 0.23757
vt 0.30248 0.42125
vt 0.30248 0.57201
vt 0.30393 0.97618
vt 0.30393 0.98840
vt 0.30518 0.08536
vt 0.30518 0.23902
vt 0.30518 0.41981
vt 0.30518 0.57346
vt 0.31397 0.97618
vt 0.31397 0.98840
vt 0.31445 0.11577
vt 0.31445 0.20861
vt 0.31445 0.45021
vt 0.31445 0.54305
vt 0.31600 0.97414
vt 0.31600 0.97618
vt 0.31600 0.98840
vt 0.31600 0.99044
vt 0.31738 0.11488
vt 0.31738 0.20950
vt 0.31738 0.44932
vt 0.31738 0.54394
vt 0.31921 0.92639
vt 0.31921 0.96103
vt 0.32055 0.14652
vt 0.32055 0.17786
vt 0.32055 0.48096
vt 0.32055 0.51231
vt 0.32360 0.14622
vt 0.32360 0.17816
vt 0.32360 0.48066
vt 0.32360 0.51261
vt 0.32413 0.97414
vt 0.32413 0.97618
vt 0.32413 0.98840
vt 0.32413 0.99044
vt 0.32616 0.97618
vt 0.32616 0.98840
vt 0.32869 0.67721
vt 0.32869 0.90495
vt 0.32925 0.92639
vt 0.32925 0.96103
vt 0.33230 0.92334
vt 0.33230 0.96408
vt 0.33233 0.92639
vt 0.33233 0.96103
vt 0.33364 0.00000
vt 0.33364 0.00306
vt 0.33364 0.32289
vt 0.33364 0.32595
vt 0.33364 0.33601
vt 0.33364 0.65585
vt 0.33620 0.97618
vt 0.33620 0.98840
vt 0.33823 0.97414
vt 0.33823 0.97618
vt 0.33823 0.98840
vt 0.33823 0.99044
vt 0.34636 0.97414
vt 0.34636 0.97618
vt 0.34636 0.98840
vt 0.34636 0.99044
vt 0.34839 0.97618
vt 0.34839 0.98840
vt 0.35672 0.92639
vt 0.35672 0.96103
vt 0.35969 0.66888
vt 0.35969 0.91328
vt 0.36675 0.92334
vt 0.36675 0.92639
vt 0.36675 0.95695
vt 0.36675 0.96001
vt 0.36675 0.97211
vt 0.36675 0.98637
vt 0.36879 0.97007
vt 0.36879 0.97211
vt 0.36879 0.98637
vt 0.36879 0.98840
vt 0.38301 0.97007
vt 0.38301 0.97211
vt 0.38301 0.98637
vt 0.38301 0.98840
vt 0.38504 0.97211
vt 0.38504 0.98637
vt 0.39179 0.66888
vt 0.39179 0.91328
vt 0.39508 0.97211
vt 0.39508 0.98637
vt 0.39711 0.97007
vt 0.39711 0.97211
vt 0.39711 0.98637
vt 0.39711 0.98840
vt 0.40130 0.92334
vt 0.40130 0.92639
vt 0.40130 0.95695
vt 0.40130 0.96001
vt 0.41134 0.92639
vt 0.41134 0.95695
vt 0.41134 0.97007
vt 0.41134 0.97211
vt 0.41134 0.98637
vt 0.41134 0.98840
vt 0.41337 0.97211
vt 0.41337 0.98637
vt 0.41439 0.92334
vt 0.41439 0.92639
vt 0.41439 0.95695
vt 0.41439 0.96001
vt 0.42279 0.67721
vt 0.42279 0.90495
vt 0.42341 0.97211
vt 0.42341 0.98637
vt 0.42544 0.97007
vt 0.42544 0.98840
vt 0.42547 0.97211
vt 0.42547 0.98637
vt 0.43878 0.92334
vt 0.43878 0.92639
vt 0.43878 0.95695
vt 0.43878 0.96001
vt 0.43969 0.97211
vt 0.43969 0.98637
vt 0.44182 0.92639
vt 0.44182 0.95695
vt 0.45059 0.69330
vt 0.45059 0.88886
vt 0.45186 0.92639
vt 0.45186 0.95695
vt 0.45186 0.97211
vt 0.45186 0.98637
vt 0.45389 0.97007
vt 0.45389 0.98840
vt 0.45392 0.97211
vt 0.45392 0.98637
vt 0.45491 0.92334
vt 0.45491 0.92639
vt 0.45491 0.95695
vt 0.45491 0.96001
vt 0.46814 0.97211
vt 0.46814 0.98637
vt 0.47328 0.71605
vt 0.47328 0.86611
vt 0.47818 0.97024
vt 0.47818 0.98251
vt 0.47918 0.97007
vt 0.47930 0.92334
vt 0.47930 0.92639
vt 0.47930 0.95695
vt 0.47930 0.96001
vt 0.48006 0.98143
vt 0.48050 0.98404
vt 0.48106 0.98126
vt 0.48150 0.98387
vt 0.48235 0.92639
vt 0.48235 0.95695
vt 0.48319 0.98167
vt 0.48933 0.74391
vt 0.48933 0.83825
vt 0.49416 0.93827
vt 0.49416 0.95254
vt 0.49416 0.96667
vt 0.49416 0.98093
vt 0.49416 0.99303
vt 0.49416 0.99519
vt 0.49416 0.99735
vt 0.49619 0.93624
vt 0.49619 0.95457
vt 0.49619 0.96463
vt 0.49619 0.98297
vt 0.49622 0.93827
vt 0.49622 0.95254
vt 0.49622 0.96667
vt 0.49622 0.98093
vt 0.49764 0.77499
vt 0.49764 0.80717
vt 0.49823 0.99303
vt 0.49823 0.99519
vt 0.49823 0.99735
vt 0.50841 0.66591
vt 0.50841 0.66795
vt 0.50841 0.70869
vt 0.50841 0.71073
vt 0.50841 0.72079
vt 0.50841 0.72283
vt 0.50841 0.76357
vt 0.50841 0.76561
vt 0.50841 0.77567
vt 0.50841 0.77771
vt 0.50841 0.81845
vt 0.50841 0.82049
vt 0.50841 0.83055
vt 0.50841 0.83259
vt 0.50841 0.87333
vt 0.50841 0.87537
vt 0.50841 0.88543
vt 0.50841 0.88747
vt 0.50841 0.92414
vt 0.50841 0.92617
vt 0.51044 0.00000
vt 0.51044 0.00306
vt 0.51044 0.32289
vt 0.51044 0.32595
vt 0.51044 0.33601
vt 0.51044 0.65585
vt 0.51044 0.66591
vt 0.51044 0.66795
vt 0.51044 0.70869
vt 0.51044 0.71073
vt 0.51044 0.72079
vt 0.51044 0.72283
vt 0.51044 0.76357
vt 0.51044 0.76561
vt 0.51044 0.77567
vt 0.51044 0.77771
vt 0.51044 0.81845
vt 0.51044 0.82049
vt 0.51044 0.83055
vt 0.51044 0.83259
vt 0.51044 0.87333
vt 0.51044 0.87537
vt 0.51044 0.88543
vt 0.51044 0.88747
vt 0.51044 0.92414
vt 0.51044 0.92617
vt 0.51044 0.93827
vt 0.51044 0.95254
vt 0.51044 0.96667
vt 0.51044 0.98093
vt 0.52048 0.00306
vt 0.52048 0.32289
vt 0.52048 0.45264
vt 0.52048 0.48801
vt 0.52048 0.61470
vt 0.52048 0.61776
vt 0.52048 0.87648
vt 0.52048 0.87954
vt 0.52048 0.89061
vt 0.52048 0.96357
vt 0.52048 0.97707
vt 0.52048 0.98930
vt 0.52251 0.45291
vt 0.52251 0.48774
vt 0.52251 0.97504
vt 0.52251 0.97707
vt 0.52251 0.98930
vt 0.52251 0.99133
vt 0.52353 0.00000
vt 0.52353 0.00306
vt 0.52353 0.32289
vt 0.52353 0.32595
vt 0.52353 0.88960
vt 0.52353 0.96498
vt 0.52961 0.41848
vt 0.52961 0.52217
vt 0.53064 0.97504
vt 0.53064 0.97707
vt 0.53064 0.98930
vt 0.53064 0.99133
vt 0.53151 0.41927
vt 0.53151 0.52138
vt 0.53155 0.45410
vt 0.53155 0.48655
vt 0.53267 0.97707
vt 0.53267 0.98930
vt 0.53358 0.45437
vt 0.53358 0.48628
vt 0.53369 0.00000
vt 0.53369 0.00306
vt 0.53369 0.32289
vt 0.53369 0.32595
vt 0.53674 0.00306
vt 0.53674 0.32289
vt 0.53992 0.42276
vt 0.53992 0.51789
vt 0.54182 0.42355
vt 0.54182 0.51710
vt 0.54271 0.97707
vt 0.54271 0.98930
vt 0.54474 0.97504
vt 0.54474 0.97707
vt 0.54474 0.98930
vt 0.54474 0.99133
vt 0.54678 0.00306
vt 0.54678 0.32289
vt 0.54725 0.38786
vt 0.54725 0.55280
vt 0.54888 0.38911
vt 0.54888 0.55155
vt 0.54982 0.00000
vt 0.54982 0.00306
vt 0.54982 0.32289
vt 0.54982 0.32595
vt 0.55287 0.97504
vt 0.55287 0.97707
vt 0.55287 0.98930
vt 0.55287 0.99133
vt 0.55490 0.97707
vt 0.55490 0.98930
vt 0.55611 0.39467
vt 0.55611 0.54599
vt 0.55773 0.39592
vt 0.55773 0.54474
vt 0.55999 0.00000
vt 0.55999 0.00306
vt 0.55999 0.32289
vt 0.55999 0.32595
vt 0.56011 0.88960
vt 0.56011 0.96498
vt 0.56303 0.00306
vt 0.56303 0.32289
vt 0.56316 0.89061
vt 0.56316 0.96357
vt 0.56494 0.97707
vt 0.56494 0.98930
vt 0.56697 0.97504
vt 0.56697 0.97707
vt 0.56697 0.98930
vt 0.56698 0.99133
vt 0.57220 0.36285
vt 0.57220 0.57781
vt 0.57307 0.11663
vt 0.57307 0.15200
vt 0.57307 0.28073
vt 0.57307 0.32351
vt 0.57320 0.89100
vt 0.57320 0.96396
vt 0.57345 0.36448
vt 0.57345 0.57617
vt 0.57510 0.11690
vt 0.57510 0.15173
vt 0.57510 0.27869
vt 0.57510 0.28073
vt 0.57510 0.32351
vt 0.57510 0.32554
vt 0.57510 0.97504
vt 0.57510 0.97707
vt 0.57510 0.98930
vt 0.57510 0.99133
vt 0.57624 0.88960
vt 0.57624 0.96498
vt 0.57714 0.97707
vt 0.57714 0.98930
vt 0.57899 0.37172
vt 0.57899 0.56893
vt 0.58024 0.37335
vt 0.58024 0.56730
vt 0.58220 0.08247
vt 0.58220 0.18616
vt 0.58410 0.08326
vt 0.58410 0.18537
vt 0.58414 0.11809
vt 0.58414 0.15054
vt 0.58617 0.11836
vt 0.58617 0.15027
vt 0.58717 0.97707
vt 0.58717 0.98930
vt 0.58920 0.97504
vt 0.58920 0.97707
vt 0.58920 0.98930
vt 0.58920 0.99133
vt 0.59251 0.08675
vt 0.59251 0.18188
vt 0.59441 0.08754
vt 0.59441 0.18109
vt 0.59733 0.97504
vt 0.59733 0.97707
vt 0.59733 0.98930
vt 0.59733 0.99133
vt 0.59937 0.97707
vt 0.59937 0.98930
vt 0.59984 0.05184
vt 0.59984 0.21679
vt 0.60147 0.05309
vt 0.60147 0.21553
vt 0.60275 0.34516
vt 0.60275 0.59549
vt 0.60354 0.34706
vt 0.60354 0.59359
vt 0.60702 0.35550
vt 0.60702 0.58515
vt 0.60781 0.35740
vt 0.60781 0.58325
vt 0.60870 0.05865
vt 0.60870 0.20997
vt 0.60940 0.97520
vt 0.60940 0.98748
vt 0.61032 0.05990
vt 0.61032 0.20872
vt 0.61041 0.97504
vt 0.61128 0.98640
vt 0.61172 0.98901
vt 0.61228 0.98623
vt 0.61272 0.98884
vt 0.61282 0.88960
vt 0.61282 0.96498
vt 0.61441 0.98664
vt 0.61575 0.27869
vt 0.61575 0.28073
vt 0.61575 0.32351
vt 0.61575 0.32554
vt 0.61587 0.89100
vt 0.61587 0.96396
vt 0.61778 0.28073
vt 0.61778 0.32351
vt 0.62479 0.02684
vt 0.62479 0.24179
vt 0.62591 0.89164
vt 0.62591 0.93238
vt 0.62591 0.94651
vt 0.62591 0.96078
vt 0.62591 0.97491
vt 0.62591 0.98917
vt 0.62604 0.02847
vt 0.62604 0.24016
vt 0.62782 0.28073
vt 0.62782 0.32351
vt 0.62794 0.88960
vt 0.62794 0.93442
vt 0.62794 0.94448
vt 0.62794 0.94651
vt 0.62794 0.96078
vt 0.62794 0.96281
vt 0.62794 0.97287
vt 0.62794 0.99121
vt 0.62797 0.89164
vt 0.62797 0.93238
vt 0.62797 0.97491
vt 0.62797 0.98917
vt 0.62985 0.27869
vt 0.62985 0.28073
vt 0.62985 0.32351
vt 0.62985 0.32554
vt 0.63000 0.89164
vt 0.63000 0.93238
vt 0.63158 0.03571
vt 0.63158 0.23292
vt 0.63283 0.03734
vt 0.63283 0.23129
vt 0.63683 0.33601
vt 0.63683 0.60464
vt 0.63710 0.33805
vt 0.63710 0.60260
vt 0.63829 0.34710
vt 0.63829 0.59355
vt 0.63855 0.34914
vt 0.63855 0.59151
vt 0.64004 0.88960
vt 0.64004 0.89164
vt 0.64004 0.92831
vt 0.64004 0.93034
vt 0.64207 0.88960
vt 0.64207 0.89164
vt 0.64207 0.92831
vt 0.64207 0.93034
vt 0.64217 0.94448
vt 0.64217 0.94651
vt 0.64217 0.96078
vt 0.64217 0.96281
vt 0.64219 0.97491
vt 0.64219 0.98917
vt 0.64420 0.94651
vt 0.64420 0.96078
vt 0.64648 0.61470
vt 0.64648 0.61776
vt 0.64648 0.87648
vt 0.64648 0.87954
vt 0.65534 0.00915
vt 0.65534 0.25948
vt 0.65613 0.01105
vt 0.65613 0.25758
vt 0.65652 0.61470
vt 0.65652 0.87343
vt 0.65652 0.88544
vt 0.65652 0.96082
vt 0.65652 0.97308
vt 0.65652 0.97512
vt 0.65652 0.98938
vt 0.65652 0.99142
vt 0.65936 0.88349
vt 0.65945 0.96302
vt 0.65957 0.88684
vt 0.65957 0.95980
vt 0.65961 0.01949
vt 0.65961 0.24914
vt 0.66040 0.02139
vt 0.66040 0.24724
vt 0.67039 0.34914
vt 0.67039 0.59151
vt 0.67050 0.27869
vt 0.67050 0.28073
vt 0.67050 0.32351
vt 0.67050 0.32554
vt 0.67065 0.34710
vt 0.67065 0.59355
vt 0.67075 0.97308
vt 0.67075 0.97512
vt 0.67075 0.98938
vt 0.67075 0.99142
vt 0.67184 0.33805
vt 0.67184 0.60260
vt 0.67211 0.33601
vt 0.67211 0.60464
vt 0.67253 0.28073
vt 0.67253 0.32351
vt 0.68078 0.97308
vt 0.68078 0.97512
vt 0.68078 0.98938
vt 0.68078 0.99142
vt 0.68257 0.27869
vt 0.68257 0.28073
vt 0.68257 0.32351
vt 0.68257 0.32554
vt 0.68942 0.00000
vt 0.68942 0.26863
vt 0.68969 0.00204
vt 0.68969 0.26659
vt 0.69088 0.01109
vt 0.69088 0.25754
vt 0.69115 0.01313
vt 0.69115 0.25550
vt 0.69501 0.97308
vt 0.69501 0.97512
vt 0.69501 0.98938
vt 0.69501 0.99142
vt 0.70113 0.35740
vt 0.70113 0.58325
vt 0.70192 0.35550
vt 0.70192 0.58515
vt 0.70505 0.97308
vt 0.70505 0.97512
vt 0.70505 0.98938
vt 0.70505 0.99142
vt 0.70540 0.34706
vt 0.70540 0.59359
vt 0.70619 0.34516
vt 0.70619 0.59549
vt 0.71647 0.90892
vt 0.71647 0.94324
vt 0.71659 0.94639
vt 0.71668 0.90573
vt 0.71927 0.97308
vt 0.71927 0.97512
vt 0.71927 0.98938
vt 0.71927 0.99142
vt 0.72298 0.01313
vt 0.72298 0.25550
vt 0.72321 0.27869
vt 0.72321 0.28073
vt 0.72321 0.32351
vt 0.72321 0.32554
vt 0.72325 0.01109
vt 0.72325 0.25754
vt 0.72443 0.00204
vt 0.72443 0.26659
vt 0.72470 0.00000
vt 0.72470 0.26863
vt 0.72671 0.88544
vt 0.72671 0.96082
vt 0.72870 0.37335
vt 0.72870 0.56730
vt 0.72931 0.97308
vt 0.72931 0.97512
vt 0.72931 0.98938
vt 0.72931 0.99142
vt 0.72956 0.88349
vt 0.72964 0.96302
vt 0.72976 0.88684
vt 0.72976 0.95980
vt 0.72995 0.37172
vt 0.72995 0.56893
vt 0.73325 0.27869
vt 0.73325 0.28073
vt 0.73325 0.32351
vt 0.73325 0.32554
vt 0.73550 0.36448
vt 0.73550 0.57617
vt 0.73674 0.36285
vt 0.73674 0.57781
vt 0.74353 0.97308
vt 0.74353 0.97512
vt 0.74353 0.98938
vt 0.74353 0.99142
vt 0.75121 0.39592
vt 0.75121 0.54474
vt 0.75284 0.39467
vt 0.75284 0.54599
vt 0.75357 0.97512
vt 0.75357 0.98734
vt 0.75372 0.02139
vt 0.75372 0.24724
vt 0.75451 0.01949
vt 0.75451 0.24914
vt 0.75560 0.97308
vt 0.75560 0.97512
vt 0.75560 0.98734
vt 0.75560 0.98938
vt 0.75799 0.01105
vt 0.75799 0.25758
vt 0.75878 0.00915
vt 0.75878 0.25948
vt 0.76006 0.38911
vt 0.76006 0.55155
vt 0.76169 0.38786
vt 0.76169 0.55280
vt 0.76373 0.97308
vt 0.76373 0.97512
vt 0.76373 0.98734
vt 0.76373 0.98938
vt 0.76577 0.97512
vt 0.76577 0.98734
vt 0.76712 0.42355
vt 0.76712 0.51710
vt 0.76902 0.42276
vt 0.76902 0.51789
vt 0.77389 0.27869
vt 0.77389 0.28073
vt 0.77389 0.32351
vt 0.77389 0.32554
vt 0.77536 0.45437
vt 0.77536 0.48628
vt 0.77580 0.98468
vt 0.77740 0.45410
vt 0.77740 0.48655
vt 0.77744 0.41927
vt 0.77744 0.52138
vt 0.77749 0.98688
vt 0.77793 0.98427
vt 0.77850 0.98705
vt 0.77893 0.98444
vt 0.77933 0.41848
vt 0.77933 0.52217
vt 0.77981 0.97308
vt 0.78081 0.97325
vt 0.78081 0.98552
vt 0.78129 0.03734
vt 0.78129 0.23129
vt 0.78252 0.61470
vt 0.78252 0.87343
vt 0.78254 0.03571
vt 0.78254 0.23292
vt 0.78393 0.28073
vt 0.78393 0.32351
vt 0.78596 0.27869
vt 0.78596 0.32554
vt 0.78599 0.28073
vt 0.78599 0.32351
vt 0.78643 0.45291
vt 0.78643 0.48774
vt 0.78667 0.90892
vt 0.78667 0.94324
vt 0.78679 0.94639
vt 0.78687 0.90573
vt 0.78802 0.28073
vt 0.78802 0.32351
vt 0.78809 0.02847
vt 0.78809 0.24016
vt 0.78846 0.45264
vt 0.78846 0.48801
vt 0.78933 0.02684
vt 0.78933 0.24179
vt 0.79715 0.85366
vt 0.79715 0.92903
vt 0.79715 0.94105
vt 0.79715 0.97568
vt 0.79715 0.98574
vt 0.79715 1.00000
vt 0.79806 0.28073
vt 0.79806 0.32351
vt 0.79850 0.33907
vt 0.79850 0.59779
vt 0.79850 0.61091
vt 0.79850 0.63560
vt 0.79850 0.66378
vt 0.79850 0.69436
vt 0.79850 0.72615
vt 0.79850 0.75794
vt 0.79850 0.78852
vt 0.79850 0.81669
vt 0.79850 0.84139
vt 0.80000 0.93098
vt 0.80008 0.85145
vt 0.80009 0.27869
vt 0.80009 0.32554
vt 0.80011 0.28073
vt 0.80011 0.32351
vt 0.80020 0.85467
vt 0.80020 0.92763
vt 0.80155 0.33601
vt 0.80155 0.33907
vt 0.80155 0.59779
vt 0.80155 0.60085
vt 0.80215 0.28073
vt 0.80215 0.32351
vt 0.80380 0.05990
vt 0.80380 0.20872
vt 0.80543 0.05865
vt 0.80543 0.20997
vt 0.80764 0.33601
vt 0.80764 0.33907
vt 0.80764 0.59779
vt 0.80764 0.60085
vt 0.81069 0.33907
vt 0.81069 0.59779
vt 0.81138 0.98574
vt 0.81138 1.00000
vt 0.81218 0.28073
vt 0.81218 0.32351
vt 0.81265 0.05309
vt 0.81265 0.21553
vt 0.81422 0.27869
vt 0.81422 0.32554
vt 0.81424 0.28073
vt 0.81424 0.32351
vt 0.81428 0.05184
vt 0.81428 0.21679
vt 0.81627 0.28073
vt 0.81627 0.32351
vt 0.81972 0.08754
vt 0.81972 0.18109
vt 0.82073 0.33907
vt 0.82073 0.59779
vt 0.82142 0.98708
vt 0.82142 0.99564
vt 0.82161 0.08675
vt 0.82161 0.18188
vt 0.82240 0.99588
vt 0.82288 0.61091
vt 0.82288 0.63560
vt 0.82288 0.66378
vt 0.82288 0.69436
vt 0.82288 0.72615
vt 0.82288 0.75794
vt 0.82288 0.78852
vt 0.82288 0.81669
vt 0.82288 0.84139
vt 0.82320 0.98833
vt 0.82378 0.33601
vt 0.82378 0.33907
vt 0.82378 0.59779
vt 0.82378 0.60085
vt 0.82384 0.98574
vt 0.82419 0.98857
vt 0.82482 0.98598
vt 0.82631 0.28073
vt 0.82631 0.32351
vt 0.82635 0.98830
vt 0.82764 0.94105
vt 0.82764 0.97568
vt 0.82795 0.11836
vt 0.82795 0.15027
vt 0.82834 0.27869
vt 0.82834 0.32554
vt 0.82837 0.28073
vt 0.82837 0.32351
vt 0.82987 0.33601
vt 0.82987 0.33907
vt 0.82987 0.59779
vt 0.82987 0.60085
vt 0.82999 0.11809
vt 0.82999 0.15054
vt 0.83003 0.08326
vt 0.83003 0.18537
vt 0.83040 0.28073
vt 0.83040 0.32351
vt 0.83192 0.08247
vt 0.83192 0.18616
vt 0.83292 0.33907
vt 0.83292 0.59779
vt 0.83292 0.61091
vt 0.83292 0.63560
vt 0.83292 0.66378
vt 0.83292 0.69436
vt 0.83292 0.72615
vt 0.83292 0.75794
vt 0.83292 0.78852
vt 0.83292 0.81669
vt 0.83292 0.84139
vt 0.83767 0.94308
vt 0.83767 0.95734
vt 0.83767 0.97148
vt 0.83767 0.98574
vt 0.83902 0.11690
vt 0.83902 0.15173
vt 0.83971 0.94105
vt 0.83971 0.94308
vt 0.83971 0.95734
vt 0.83971 0.95938
vt 0.83971 0.96944
vt 0.83971 0.97148
vt 0.83971 0.98574
vt 0.83971 0.98778
vt 0.84105 0.11663
vt 0.84105 0.15200
vt 0.84296 0.33601
vt 0.84296 0.36095
vt 0.84296 0.38931
vt 0.84296 0.41999
vt 0.84296 0.45182
vt 0.84296 0.48357
vt 0.84296 0.51403
vt 0.84296 0.54203
vt 0.84296 0.56648
vt 0.84296 0.57858
vt 0.84296 0.59284
vt 0.84499 0.57654
vt 0.84499 0.57858
vt 0.84499 0.59284
vt 0.84499 0.59487
vt 0.85109 0.00000
vt 0.85109 0.02494
vt 0.85109 0.05329
vt 0.85109 0.08398
vt 0.85109 0.11581
vt 0.85109 0.14756
vt 0.85109 0.17802
vt 0.85109 0.20601
vt 0.85109 0.23047
vt 0.85109 0.24273
vt 0.85109 0.31811
vt 0.85393 0.32006
vt 0.85393 0.94105
vt 0.85393 0.94308
vt 0.85393 0.95734
vt 0.85393 0.95938
vt 0.85393 0.96944
vt 0.85393 0.97148
vt 0.85393 0.98574
vt 0.85393 0.98778
vt 0.85402 0.24053
vt 0.85414 0.24374
vt 0.85414 0.31670
vt 0.85596 0.94308
vt 0.85596 0.95734
vt 0.85596 0.97148
vt 0.85596 0.98574
vt 0.85710 0.87123
vt 0.85710 0.90555
vt 0.85723 0.86808
vt 0.85731 0.61091
vt 0.85731 0.63560
vt 0.85731 0.66378
vt 0.85731 0.69436
vt 0.85731 0.72615
vt 0.85731 0.75794
vt 0.85731 0.78852
vt 0.85731 0.81669
vt 0.85731 0.84139
vt 0.85731 0.90875
vt 0.85922 0.57654
vt 0.85922 0.57858
vt 0.85922 0.59284
vt 0.85922 0.59487
vt 0.86125 0.57858
vt 0.86125 0.59284
vt 0.86735 0.33601
vt 0.86735 0.36095
vt 0.86735 0.38931
vt 0.86735 0.41999
vt 0.86735 0.45182
vt 0.86735 0.48357
vt 0.86735 0.51403
vt 0.86735 0.54203
vt 0.86735 0.56648
vt 0.86735 0.61091
vt 0.86735 0.63897
vt 0.86735 0.67164
vt 0.86735 0.70670
vt 0.86735 0.74177
vt 0.86735 0.77444
vt 0.86735 0.80250
vt 0.86735 0.81256
vt 0.86735 0.83764
vt 0.86735 0.86697
vt 0.86735 0.89855
vt 0.86735 0.93024
vt 0.86735 0.95986
vt 0.86735 0.98541
vt 0.87548 0.00000
vt 0.87548 0.02494
vt 0.87548 0.05329
vt 0.87548 0.08398
vt 0.87548 0.11581
vt 0.87548 0.14756
vt 0.87548 0.17802
vt 0.87548 0.20601
vt 0.87548 0.23047
vt 0.87738 0.33601
vt 0.87738 0.36407
vt 0.87738 0.39674
vt 0.87738 0.43181
vt 0.87738 0.46687
vt 0.87738 0.49954
vt 0.87738 0.52760
vt 0.87738 0.53766
vt 0.87738 0.59538
vt 0.87738 0.59820
vt 0.88551 0.00000
vt 0.88551 0.02831
vt 0.88551 0.06115
vt 0.88551 0.09626
vt 0.88551 0.13127
vt 0.88551 0.16378
vt 0.88551 0.19157
vt 0.88551 0.20367
vt 0.88551 0.21793
vt 0.88564 0.61091
vt 0.88564 0.63897
vt 0.88564 0.67164
vt 0.88564 0.70670
vt 0.88564 0.74177
vt 0.88564 0.77444
vt 0.88564 0.80250
vt 0.88564 0.81256
vt 0.88564 0.83764
vt 0.88564 0.86697
vt 0.88564 0.89855
vt 0.88564 0.93024
vt 0.88564 0.95986
vt 0.88564 0.98541
vt 0.88755 0.20164
vt 0.88755 0.20367
vt 0.88755 0.21793
vt 0.88755 0.21997
vt 0.89567 0.33601
vt 0.89567 0.36407
vt 0.89567 0.39674
vt 0.89567 0.43181
vt 0.89567 0.46687
vt 0.89567 0.49954
vt 0.89567 0.52760
vt 0.89567 0.61091
vt 0.89567 0.63922
vt 0.89567 0.67206
vt 0.89567 0.70717
vt 0.89567 0.74218
vt 0.89567 0.77469
vt 0.89567 0.80248
vt 0.89567 0.81254
vt 0.89567 0.83786
vt 0.89567 0.86734
vt 0.89567 0.89897
vt 0.89567 0.93061
vt 0.89567 0.96009
vt 0.89567 0.98541
vt 0.90177 0.20164
vt 0.90177 0.20367
vt 0.90177 0.21793
vt 0.90177 0.21997
vt 0.90380 0.00000
vt 0.90380 0.02831
vt 0.90380 0.06115
vt 0.90380 0.09626
vt 0.90380 0.13127
vt 0.90380 0.16378
vt 0.90380 0.19157
vt 0.90380 0.20367
vt 0.90380 0.21793
vt 0.90571 0.33601
vt 0.90571 0.35639
vt 0.90571 0.37963
vt 0.90571 0.40486
vt 0.90571 0.43109
vt 0.90571 0.45732
vt 0.90571 0.48254
vt 0.90571 0.50579
vt 0.90571 0.52616
vt 0.91104 0.26030
vt 0.91104 0.29462
vt 0.91116 0.25716
vt 0.91125 0.29782
vt 0.91384 0.00000
vt 0.91384 0.02038
vt 0.91384 0.04362
vt 0.91384 0.06884
vt 0.91384 0.09507
vt 0.91384 0.12130
vt 0.91384 0.14653
vt 0.91384 0.16977
vt 0.91384 0.19015
vt 0.91384 0.20225
vt 0.91384 0.21651
vt 0.91397 0.53766
vt 0.91397 0.59538
vt 0.91397 0.59820
vt 0.91397 0.61091
vt 0.91397 0.63922
vt 0.91397 0.67206
vt 0.91397 0.70717
vt 0.91397 0.74218
vt 0.91397 0.77469
vt 0.91397 0.80248
vt 0.91397 0.81254
vt 0.91397 0.83786
vt 0.91397 0.86734
vt 0.91397 0.89897
vt 0.91397 0.93061
vt 0.91397 0.96009
vt 0.91397 0.98541
vt 0.91587 0.20021
vt 0.91587 0.20225
vt 0.91587 0.21651
vt 0.91587 0.21854
vt 0.92128 0.24256
vt 0.92128 0.28331
vt 0.92128 0.29744
vt 0.92128 0.31170
vt 0.92332 0.24053
vt 0.92332 0.28535
vt 0.92332 0.29541
vt 0.92332 0.31374
vt 0.92334 0.24256
vt 0.92334 0.28331
vt 0.92334 0.29744
vt 0.92334 0.31170
vt 0.92400 0.53766
vt 0.92400 0.59538
vt 0.92400 0.59820
vt 0.92400 0.61091
vt 0.92400 0.63108
vt 0.92400 0.65417
vt 0.92400 0.67930
vt 0.92400 0.70550
vt 0.92400 0.73176
vt 0.92400 0.75708
vt 0.92400 0.78047
vt 0.92400 0.80104
vt 0.92400 0.81110
vt 0.92400 0.83642
vt 0.92400 0.86590
vt 0.92400 0.89753
vt 0.92400 0.92917
vt 0.92400 0.95865
vt 0.92400 0.98396
vt 0.92537 0.24256
vt 0.92537 0.28331
vt 0.93010 0.20021
vt 0.93010 0.20225
vt 0.93010 0.21651
vt 0.93010 0.21854
vt 0.93010 0.33601
vt 0.93010 0.35639
vt 0.93010 0.37963
vt 0.93010 0.40486
vt 0.93010 0.43109
vt 0.93010 0.45732
vt 0.93010 0.48254
vt 0.93010 0.50579
vt 0.93010 0.52616
vt 0.93213 0.20225
vt 0.93213 0.21651
vt 0.93756 0.29744
vt 0.93756 0.31170
vt 0.93823 0.00000
vt 0.93823 0.02038
vt 0.93823 0.04362
vt 0.93823 0.06884
vt 0.93823 0.09507
vt 0.93823 0.12130
vt 0.93823 0.14653
vt 0.93823 0.16977
vt 0.93823 0.19015
vt 0.94014 0.33601
vt 0.94014 0.35618
vt 0.94014 0.37928
vt 0.94014 0.40441
vt 0.94014 0.43061
vt 0.94014 0.45687
vt 0.94014 0.48218
vt 0.94014 0.50557
vt 0.94014 0.52615
vt 0.94229 0.81110
vt 0.94229 0.83642
vt 0.94229 0.86590
vt 0.94229 0.89753
vt 0.94229 0.92917
vt 0.94229 0.95865
vt 0.94229 0.98396
vt 0.94827 0.00306
vt 0.94827 0.18029
vt 0.94827 0.19647
vt 0.94827 0.32277
vt 0.94839 0.61091
vt 0.94839 0.63108
vt 0.94839 0.65417
vt 0.94839 0.67930
vt 0.94839 0.70550
vt 0.94839 0.73176
vt 0.94839 0.75708
vt 0.94839 0.78047
vt 0.94839 0.80104
vt 0.95131 0.00000
vt 0.95131 0.18335
vt 0.95131 0.19341
vt 0.95131 0.32583
vt 0.95135 0.00306
vt 0.95135 0.18029
vt 0.95135 0.19647
vt 0.95135 0.32277
vt 0.95745 0.19647
vt 0.95745 0.32277
vt 0.95843 0.61396
vt 0.95843 0.79120
vt 0.95843 0.80432
vt 0.95843 0.82984
vt 0.95843 0.85957
vt 0.95843 0.89147
vt 0.95843 0.92337
vt 0.95843 0.95309
vt 0.95843 0.97862
vt 0.95843 0.99033
vt 0.95843 0.99267
vt 0.96008 0.98868
vt 0.96008 0.99433
vt 0.96058 0.53766
vt 0.96058 0.59538
vt 0.96058 0.59820
vt 0.96147 0.61091
vt 0.96147 0.79426
vt 0.96151 0.00306
vt 0.96151 0.18029
vt 0.96151 0.61396
vt 0.96151 0.79120
vt 0.96241 0.98868
vt 0.96241 0.99433
vt 0.96249 0.80432
vt 0.96249 0.82984
vt 0.96249 0.85957
vt 0.96249 0.89147
vt 0.96249 0.92337
vt 0.96249 0.95309
vt 0.96249 0.97862
vt 0.96406 0.99033
vt 0.96406 0.99267
vt 0.96452 0.33601
vt 0.96452 0.35618
vt 0.96452 0.37928
vt 0.96452 0.40441
vt 0.96452 0.43061
vt 0.96452 0.45687
vt 0.96452 0.48218
vt 0.96452 0.50557
vt 0.96452 0.52615
vt 0.96748 0.19647
vt 0.96748 0.32277
vt 0.97053 0.19341
vt 0.97053 0.32583
vt 0.97057 0.19647
vt 0.97057 0.32277
vt 0.97062 0.53970
vt 0.97062 0.55396
vt 0.97062 0.56810
vt 0.97062 0.58235
vt 0.97062 0.59611
vt 0.97062 0.59845
vt 0.97155 0.00000
vt 0.97155 0.02553
vt 0.97155 0.05525
vt 0.97155 0.08715
vt 0.97155 0.11905
vt 0.97155 0.14878
vt 0.97155 0.17430
vt 0.97167 0.61396
vt 0.97167 0.79120
vt 0.97227 0.59445
vt 0.97227 0.60010
vt 0.97253 0.80432
vt 0.97253 0.83008
vt 0.97253 0.85995
vt 0.97253 0.89190
vt 0.97253 0.92374
vt 0.97253 0.95332
vt 0.97253 0.97861
vt 0.97265 0.53766
vt 0.97265 0.55600
vt 0.97265 0.56606
vt 0.97265 0.58439
vt 0.97268 0.53970
vt 0.97268 0.55396
vt 0.97268 0.56810
vt 0.97268 0.58235
vt 0.97456 0.33601
vt 0.97456 0.36177
vt 0.97456 0.39164
vt 0.97456 0.42359
vt 0.97456 0.45544
vt 0.97456 0.48501
vt 0.97456 0.51030
vt 0.97456 0.52202
vt 0.97456 0.52436
vt 0.97460 0.59445
vt 0.97460 0.60010
vt 0.97561 0.00000
vt 0.97561 0.02553
vt 0.97561 0.05525
vt 0.97561 0.08715
vt 0.97561 0.11905
vt 0.97561 0.14878
vt 0.97561 0.17430
vt 0.97621 0.52036
vt 0.97621 0.52601
vt 0.97625 0.59611
vt 0.97625 0.59845
vt 0.97659 0.80432
vt 0.97659 0.83008
vt 0.97659 0.85995
vt 0.97659 0.89190
vt 0.97659 0.92374
vt 0.97659 0.95332
vt 0.97659 0.97861
vt 0.97667 0.19647
vt 0.97667 0.32277
vt 0.97854 0.52036
vt 0.97854 0.52601
vt 0.97862 0.33601
vt 0.97862 0.36177
vt 0.97862 0.39164
vt 0.97862 0.42359
vt 0.97862 0.45544
vt 0.97862 0.48501
vt 0.97862 0.51030
vt 0.98019 0.52202
vt 0.98019 0.52436
vt 0.98171 0.61091
vt 0.98171 0.63599
vt 0.98171 0.66532
vt 0.98171 0.69690
vt 0.98171 0.72859
vt 0.98171 0.75821
vt 0.98171 0.78376
vt 0.98565 0.00000
vt 0.98565 0.01426
vt 0.98565 0.02432
vt 0.98565 0.03858
vt 0.98565 0.04864
vt 0.98565 0.06290
vt 0.98565 0.08457
vt 0.98565 0.09717
vt 0.98565 0.10941
vt 0.98565 0.13255
vt 0.98565 0.14515
vt 0.98565 0.15739
vt 0.98565 0.17049
vt 0.98565 0.18273
vt 0.98629 0.59611
vt 0.98629 0.59845
vt 0.98663 0.80668
vt 0.98663 0.82983
vt 0.98663 0.84207
vt 0.98663 0.85466
vt 0.98663 0.87865
vt 0.98663 0.90179
vt 0.98663 0.91400
vt 0.98663 0.92658
vt 0.98663 0.94968
vt 0.98663 0.96189
vt 0.98663 0.97448
vt 0.98665 0.09700
vt 0.98665 0.14498
vt 0.98665 0.18290
vt 0.98670 0.20101
vt 0.98670 0.21388
vt 0.98670 0.22244
vt 0.98670 0.23410
vt 0.98670 0.24267
vt 0.98670 0.25432
vt 0.98670 0.26289
vt 0.98670 0.27686
vt 0.98670 0.29585
vt 0.98670 0.30440
vt 0.98670 0.31726
vt 0.98690 0.53970
vt 0.98690 0.55396
vt 0.98690 0.56810
vt 0.98690 0.58235
vt 0.98734 0.08677
vt 0.98734 0.13475
vt 0.98752 0.10830
vt 0.98752 0.15629
vt 0.98752 0.17160
vt 0.98763 0.84224
vt 0.98763 0.91417
vt 0.98763 0.96206
vt 0.98769 0.21363
vt 0.98769 0.23386
vt 0.98769 0.25408
vt 0.98769 0.30465
vt 0.98778 0.08416
vt 0.98778 0.13212
vt 0.98794 0.59445
vt 0.98794 0.60010
vt 0.98797 0.11093
vt 0.98797 0.15891
vt 0.98797 0.16897
vt 0.98823 0.20333
vt 0.98823 0.27455
vt 0.98823 0.31495
vt 0.98832 0.80449
vt 0.98832 0.85247
vt 0.98832 0.87646
vt 0.98832 0.92440
vt 0.98832 0.97229
vt 0.98834 0.08694
vt 0.98834 0.13492
vt 0.98849 0.29709
vt 0.98850 0.22122
vt 0.98850 0.24145
vt 0.98850 0.26167
vt 0.98850 0.83093
vt 0.98850 0.90292
vt 0.98850 0.95081
vt 0.98853 0.10813
vt 0.98853 0.15612
vt 0.98853 0.17177
vt 0.98866 0.33857
vt 0.98866 0.35756
vt 0.98866 0.36611
vt 0.98866 0.37897
vt 0.98866 0.39796
vt 0.98866 0.40651
vt 0.98866 0.41936
vt 0.98866 0.43954
vt 0.98866 0.45850
vt 0.98866 0.46704
vt 0.98866 0.47868
vt 0.98866 0.48722
vt 0.98866 0.49752
vt 0.98866 0.49968
vt 0.98866 0.50184
vt 0.98876 0.80711
vt 0.98876 0.85509
vt 0.98876 0.87908
vt 0.98877 0.92704
vt 0.98877 0.97493
vt 0.98878 0.08432
vt 0.98879 0.13229
vt 0.98886 0.20076
vt 0.98886 0.27713
vt 0.98886 0.31754
vt 0.98895 0.82831
vt 0.98895 0.90028
vt 0.98895 0.94817
vt 0.98897 0.11076
vt 0.98897 0.15874
vt 0.98897 0.16914
vt 0.98912 0.29451
vt 0.98913 0.22380
vt 0.98913 0.24402
vt 0.98913 0.26425
vt 0.98921 0.20357
vt 0.98922 0.27431
vt 0.98922 0.31471
vt 0.98932 0.80432
vt 0.98932 0.85230
vt 0.98932 0.87629
vt 0.98932 0.92423
vt 0.98932 0.97212
vt 0.98948 0.22098
vt 0.98948 0.24121
vt 0.98948 0.26143
vt 0.98948 0.29734
vt 0.98950 0.90309
vt 0.98950 0.95098
vt 0.98951 0.83110
vt 0.98965 0.36635
vt 0.98965 0.40675
vt 0.98965 0.46728
vt 0.98965 0.48746
vt 0.98966 0.07297
vt 0.98966 0.12099
vt 0.98977 0.80694
vt 0.98977 0.85492
vt 0.98977 0.87892
vt 0.98977 0.92687
vt 0.98977 0.97476
vt 0.98984 0.20100
vt 0.98985 0.27689
vt 0.98985 0.31729
vt 0.98995 0.82848
vt 0.98995 0.90045
vt 0.98995 0.94834
vt 0.99011 0.22355
vt 0.99011 0.24378
vt 0.99011 0.26400
vt 0.99011 0.29475
vt 0.99019 0.33626
vt 0.99019 0.37666
vt 0.99019 0.41706
vt 0.99019 0.43724
vt 0.99023 0.52036
vt 0.99023 0.52252
vt 0.99023 0.52468
vt 0.99027 0.59445
vt 0.99027 0.60010
vt 0.99045 0.35880
vt 0.99045 0.39920
vt 0.99045 0.45977
vt 0.99045 0.47994
vt 0.99064 0.81825
vt 0.99064 0.86623
vt 0.99064 0.89022
vt 0.99064 0.93811
vt 0.99064 0.98601
vt 0.99065 0.19341
vt 0.99065 0.28445
vt 0.99065 0.32485
vt 0.99066 0.07314
vt 0.99066 0.08541
vt 0.99066 0.10856
vt 0.99066 0.12116
vt 0.99066 0.13340
vt 0.99066 0.15654
vt 0.99066 0.17133
vt 0.99082 0.33884
vt 0.99082 0.37924
vt 0.99083 0.41966
vt 0.99083 0.43983
vt 0.99108 0.35621
vt 0.99108 0.39661
vt 0.99108 0.45717
vt 0.99108 0.47735
vt 0.99118 0.33601
vt 0.99118 0.37641
vt 0.99118 0.41682
vt 0.99118 0.43699
vt 0.99143 0.46001
vt 0.99143 0.48019
vt 0.99144 0.35904
vt 0.99144 0.39944
vt 0.99164 0.19365
vt 0.99164 0.20222
vt 0.99164 0.22123
vt 0.99164 0.24146
vt 0.99164 0.26168
vt 0.99164 0.27565
vt 0.99164 0.28420
vt 0.99164 0.29706
vt 0.99164 0.31605
vt 0.99164 0.32461
vt 0.99164 0.80583
vt 0.99164 0.81808
vt 0.99164 0.83067
vt 0.99164 0.85382
vt 0.99164 0.86606
vt 0.99164 0.87781
vt 0.99164 0.89005
vt 0.99164 0.90264
vt 0.99164 0.92573
vt 0.99164 0.93794
vt 0.99164 0.95053
vt 0.99164 0.97363
vt 0.99164 0.98584
vt 0.99181 0.33860
vt 0.99181 0.37900
vt 0.99181 0.41941
vt 0.99181 0.43959
vt 0.99192 0.59611
vt 0.99192 0.59845
vt 0.99207 0.35646
vt 0.99207 0.39686
vt 0.99207 0.45741
vt 0.99207 0.47759
vt 0.99261 0.34615
vt 0.99261 0.38655
vt 0.99261 0.42693
vt 0.99261 0.44711
vt 0.99273 0.49752
vt 0.99273 0.49968
vt 0.99273 0.50184
vt 0.99360 0.33736
vt 0.99360 0.34591
vt 0.99360 0.35877
vt 0.99360 0.37776
vt 0.99360 0.38631
vt 0.99360 0.39917
vt 0.99360 0.41815
vt 0.99360 0.42669
vt 0.99360 0.43833
vt 0.99360 0.44686
vt 0.99360 0.45972
vt 0.99360 0.47989
vt 0.99430 0.52036
vt 0.99430 0.52252
vt 0.99430 0.52468
vt 0.99988 0.00000
vt 0.99988 0.01426
vt 0.99988 0.02432
vt 0.99988 0.03858
vt 0.99988 0.04864
vt 0.99988 0.06290
vt 1.00000 0.61091
vt 1.00000 0.63599
vt 1.00000 0.66532
vt 1.00000 0.69690
vt 1.00000 0.72859
vt 1.00000 0.75821
vt 1.00000 0.78376
s 0
usemtl MMO_plaster
f 1/512/14 3/511/14 8/663/14
f 1/512/14 8/663/14 7/664/14
f 1/735/6 2/732/6 3/731/6
f 10/1565/16 12/1585/16 6/1586/16
f 10/1565/16 6/1586/16 5/1566/16
f 10/1565/9 11/1581/9 12/1585/9
f 10/668/3 16/515/3 22/667/3
f 10/668/3 5/516/3 16/515/3
f 11/755/5 20/768/5 9/769/5
f 11/755/5 24/754/5 20/768/5
f 13/736/10 14/734/10 15/733/10
f 13/736/24 15/733/24 2/732/24
f 13/736/24 2/732/24 1/735/24
f 15/733/23 14/734/23 18/714/23
f 15/733/23 18/714/23 17/713/23
f 16/1542/11 17/1555/11 18/1559/11
f 16/1542/22 18/1559/22 23/1560/22
f 16/1542/22 23/1560/22 22/1543/22
f 17/713/1 2/732/1 15/733/1
f 17/713/1 4/712/1 2/732/1
f 19/665/21 14/514/21 13/513/21
f 19/665/21 21/666/21 14/514/21
f 19/665/26 1/512/26 7/664/26
f 19/665/26 13/513/26 1/512/26
f 19/773/12 20/768/12 21/767/12
f 21/767/20 20/768/20 24/754/20
f 21/767/20 24/754/20 23/753/20
f 22/1543/13 23/1560/13 24/1556/13
f 22/747/19 11/755/19 10/748/19
f 22/747/19 24/754/19 11/755/19
f 23/1560/2 14/1583/2 21/1584/2
f 23/1560/2 18/1559/2 14/1583/2
f 4/1582/7 5/1566/7 6/1586/7
f 4/712/15 3/731/15 2/732/15
f 4/712/15 6/711/15 3/731/15
f 5/693/25 17/713/25 16/694/25
f 5/693/25 4/712/25 17/713/25
f 6/1586/4 12/1585/4 8/1626/4
f 6/1586/4 8/1626/4 3/1627/4
f 7/774/18 20/768/18 19/773/18
f 7/774/18 9/769/18 20/768/18
f 7/774/8 8/770/8 9/769/8
f 9/769/17 12/756/17 11/755/17
f 9/769/17 8/770/17 12/756/17
usemtl MMO_oak
f 25/1166/27 26/1163/27 27/1162/27
f 25/698/14 27/697/14 32/927/14
f 25/698/14 32/927/14 31/928/14
f 28/1153/15 27/1162/15 26/1163/15
f 28/1153/15 30/1152/15 27/1162/15
f 28/1610/7 29/1608/7 30/1612/7
f 29/1133/25 28/1153/25 41/1154/25
f 29/1133/25 41/1154/25 40/1134/25
f 30/1612/4 32/1674/4 27/1675/4
f 30/1612/4 36/1611/4 32/1674/4
f 31/1232/18 33/1221/18 44/1220/18
f 31/1232/18 44/1220/18 43/1231/18
f 31/1232/8 32/1222/8 33/1221/8
f 33/1221/17 32/1222/17 36/1204/17
f 33/1221/17 36/1204/17 35/1203/17
f 34/1102/3 29/936/3 40/935/3
f 34/1102/3 40/935/3 46/1101/3
f 34/1607/16 30/1612/16 29/1608/16
f 34/1607/16 36/1611/16 30/1612/16
f 34/1607/9 35/1609/9 36/1611/9
f 35/1203/5 44/1220/5 33/1221/5
f 35/1203/5 48/1202/5 44/1220/5
f 37/1167/10 38/1165/10 39/1164/10
f 37/1167/24 26/1163/24 25/1166/24
f 37/1167/24 39/1164/24 26/1163/24
f 39/1164/23 38/1165/23 42/1155/23
f 39/1164/23 42/1155/23 41/1154/23
f 40/1544/11 41/1557/11 42/1561/11
f 40/1544/22 42/1561/22 47/1562/22
f 40/1544/22 47/1562/22 46/1545/22
f 402/1065/155 409/1039/155 410/1041/155
f 402/1065/155 410/1041/155 401/1067/155
f 402/1065/202 401/1067/202 586/1094/202
f 402/1065/202 586/1094/202 585/1088/202
f 403/838/1 406/848/1 589/900/1
f 403/838/1 412/814/1 413/826/1
f 403/838/1 413/826/1 406/848/1
f 403/838/1 589/900/1 588/878/1
f 403/838/156 404/836/156 411/812/156
f 403/838/156 411/812/156 412/814/156
f 403/838/201 587/870/201 404/836/201
f 403/838/201 588/878/201 587/870/201
f 405/1338/131 408/1380/131 591/1381/131
f 405/1338/131 591/1381/131 590/1339/131
f 405/852/157 406/848/157 413/826/157
f 405/852/157 413/826/157 414/828/157
f 405/852/200 589/900/200 406/848/200
f 405/852/200 590/902/200 589/900/200
f 407/1049/158 408/1047/158 415/1023/158
f 407/1049/158 415/1023/158 416/1033/158
f 41/1154/1 26/1163/1 39/1164/1
f 41/1154/1 28/1153/1 26/1163/1
f 410/1363/153 404/1416/153 401/1364/153
f 410/1363/153 411/1415/153 404/1416/153
f 412/814/160 411/812/160 419/786/160
f 412/814/160 419/786/160 420/794/160
f 414/1337/152 408/1380/152 405/1338/152
f 414/1337/152 415/1379/152 408/1380/152
f 414/828/161 413/826/161 421/816/161
f 414/828/161 421/816/161 422/818/161
f 416/1033/162 415/1023/162 423/989/162
f 416/1033/162 423/989/162 424/991/162
f 416/1033/5 402/1065/5 407/1049/5
f 416/1033/5 409/1039/5 402/1065/5
f 417/997/159 410/1041/159 409/1039/159
f 417/997/159 418/999/159 410/1041/159
f 417/997/163 425/963/163 426/965/163
f 417/997/163 426/965/163 418/999/163
f 418/1362/133 426/1361/133 427/1413/133
f 418/1362/133 427/1413/133 419/1414/133
f 418/1362/154 411/1415/154 410/1363/154
f 418/1362/154 419/1414/154 411/1415/154
f 420/794/1 413/826/1 412/814/1
f 420/794/1 421/816/1 413/826/1
f 420/794/164 419/786/164 427/785/164
f 420/794/164 427/785/164 428/793/164
f 422/1336/132 415/1379/132 414/1337/132
f 422/1336/132 423/1378/132 415/1379/132
f 424/991/166 423/989/166 431/951/166
f 424/991/166 431/951/166 432/957/166
f 424/991/5 409/1039/5 416/1033/5
f 424/991/5 417/997/5 409/1039/5
f 424/991/5 425/963/5 417/997/5
f 424/991/5 432/957/5 425/963/5
f 425/963/167 433/905/167 434/903/167
f 425/963/167 434/903/167 426/965/167
f 428/793/1 421/816/1 420/794/1
f 428/793/1 429/815/1 421/816/1
f 428/793/1 436/813/1 437/825/1
f 428/793/1 437/825/1 429/815/1
f 428/793/168 427/785/168 435/811/168
f 428/793/168 435/811/168 436/813/168
f 43/1231/28 44/1220/28 45/1219/28
f 43/929/21 38/700/21 37/699/21
f 43/929/21 45/930/21 38/700/21
f 43/929/26 25/698/26 31/928/26
f 43/929/26 37/699/26 25/698/26
f 430/1335/134 423/1378/134 422/1336/134
f 430/1335/134 431/1377/134 423/1378/134
f 430/817/165 421/816/165 429/815/165
f 430/817/165 422/818/165 421/816/165
f 430/817/169 429/815/169 437/825/169
f 430/817/169 437/825/169 438/827/169
f 434/1371/135 427/1328/135 426/1370/135
f 434/1371/135 435/1329/135 427/1328/135
f 438/1496/136 431/1541/136 430/1497/136
f 438/1496/136 439/1540/136 431/1541/136
f 438/1496/138 446/1495/138 447/1539/138
f 438/1496/138 447/1539/138 439/1540/138
f 438/827/173 437/825/173 445/847/173
f 438/827/173 445/847/173 446/851/173
f 440/907/170 431/951/170 439/909/170
f 440/907/170 432/957/170 431/951/170
f 440/907/5 425/963/5 432/957/5
f 440/907/5 433/905/5 425/963/5
f 440/907/5 441/841/5 433/905/5
f 440/907/5 448/843/5 441/841/5
f 441/841/171 434/903/171 433/905/171
f 441/841/171 442/839/171 434/903/171
f 442/1372/137 435/1329/137 434/1371/137
f 442/1372/137 443/1330/137 435/1329/137
f 444/837/1 437/825/1 436/813/1
f 444/837/1 445/847/1 437/825/1
f 444/837/172 435/811/172 443/835/172
f 444/837/172 436/813/172 435/811/172
f 448/843/174 439/909/174 447/845/174
f 448/843/174 440/907/174 439/909/174
f 448/843/178 447/845/178 455/809/178
f 448/843/178 455/809/178 456/807/178
f 448/843/5 449/791/5 441/841/5
f 448/843/5 456/807/5 449/791/5
f 449/791/175 442/839/175 441/841/175
f 449/791/175 450/783/175 442/839/175
f 449/791/179 457/751/179 458/749/179
f 449/791/179 458/749/179 450/783/179
f 45/1219/20 44/1220/20 48/1202/20
f 45/1219/20 48/1202/20 47/1201/20
f 450/1373/139 443/1330/139 442/1372/139
f 450/1373/139 451/1331/139 443/1330/139
f 452/877/1 445/847/1 444/837/1
f 452/877/1 453/899/1 445/847/1
f 452/877/1 460/933/1 461/947/1
f 452/877/1 461/947/1 453/899/1
f 452/877/176 443/835/176 451/869/176
f 452/877/176 444/837/176 443/835/176
f 452/877/180 451/869/180 459/931/180
f 452/877/180 459/931/180 460/933/180
f 454/1494/140 447/1539/140 446/1495/140
f 454/1494/140 455/1538/140 447/1539/140
f 454/901/177 445/847/177 453/899/177
f 454/901/177 446/851/177 445/847/177
f 454/901/181 453/899/181 461/947/181
f 454/901/181 461/947/181 462/949/181
f 457/751/183 465/723/183 466/717/183
f 457/751/183 466/717/183 458/749/183
f 458/1374/141 451/1331/141 450/1373/141
f 458/1374/141 459/1332/141 451/1331/141
f 46/1184/19 35/1203/19 34/1185/19
f 46/1184/19 48/1202/19 35/1203/19
f 46/1545/13 47/1562/13 48/1558/13
f 460/933/1 468/979/1 469/981/1
f 460/933/1 469/981/1 461/947/1
f 460/933/184 459/931/184 467/977/184
f 460/933/184 467/977/184 468/979/184
f 462/1493/142 455/1538/142 454/1494/142
f 462/1493/142 463/1537/142 455/1538/142
f 464/763/182 455/809/182 463/765/182
f 464/763/182 456/807/182 455/809/182
f 464/763/5 449/791/5 456/807/5
f 464/763/5 457/751/5 449/791/5
f 466/1375/143 459/1332/143 458/1374/143
f 466/1375/143 467/1333/143 459/1332/143
f 466/1375/145 474/1376/145 475/1334/145
f 466/1375/145 475/1334/145 467/1333/145
f 47/1562/2 38/1563/2 45/1564/2
f 47/1562/2 42/1561/2 38/1563/2
f 470/1492/144 463/1537/144 462/1493/144
f 470/1492/144 471/1536/144 463/1537/144
f 470/983/185 461/947/185 469/981/185
f 470/983/185 462/949/185 461/947/185
f 472/737/186 463/765/186 471/739/186
f 472/737/186 464/763/186 463/765/186
f 472/737/190 471/739/190 479/729/190
f 472/737/190 479/729/190 480/725/190
f 472/737/5 457/751/5 464/763/5
f 472/737/5 465/723/5 457/751/5
f 472/737/5 473/705/5 465/723/5
f 472/737/5 480/725/5 473/705/5
f 473/705/187 466/717/187 465/723/187
f 473/705/187 474/695/187 466/717/187
f 473/705/191 481/706/191 482/696/191
f 473/705/191 482/696/191 474/695/191
f 476/1017/1 469/981/1 468/979/1
f 476/1017/1 477/1015/1 469/981/1
f 476/1017/1 484/1061/1 485/1055/1
f 476/1017/1 485/1055/1 477/1015/1
f 476/1017/188 467/977/188 475/1019/188
f 476/1017/188 468/979/188 467/977/188
f 476/1017/192 475/1019/192 483/1063/192
f 476/1017/192 483/1063/192 484/1061/192
f 478/1009/189 469/981/189 477/1015/189
f 478/1009/189 470/983/189 469/981/189
f 478/1009/193 477/1015/193 485/1055/193
f 478/1009/193 485/1055/193 486/1053/193
f 478/1491/146 471/1536/146 470/1492/146
f 478/1491/146 479/1535/146 471/1536/146
f 481/706/195 489/724/195 490/718/195
f 481/706/195 490/718/195 482/696/195
f 482/1450/147 475/1395/147 474/1449/147
f 482/1450/147 483/1396/147 475/1395/147
f 484/1061/1 492/1119/1 493/1103/1
f 484/1061/1 493/1103/1 485/1055/1
f 484/1061/196 483/1063/196 491/1123/196
f 484/1061/196 491/1123/196 492/1119/196
f 486/1053/197 485/1055/197 493/1103/197
f 486/1053/197 493/1103/197 494/1099/197
f 486/1955/148 479/1687/148 478/1954/148
f 486/1955/148 487/1688/148 479/1687/148
f 488/726/194 479/729/194 487/730/194
f 488/726/194 480/725/194 479/729/194
f 488/726/5 473/705/5 480/725/5
f 488/726/5 481/706/5 473/705/5
f 490/1451/149 483/1396/149 482/1450/149
f 490/1451/149 491/1397/149 483/1396/149
f 494/1956/150 487/1688/150 486/1955/150
f 494/1956/150 495/1689/150 487/1688/150
f 496/738/198 487/730/198 495/740/198
f 496/738/198 488/726/198 487/730/198
f 496/738/5 481/706/5 488/726/5
f 496/738/5 489/724/5 481/706/5
f 496/738/5 497/752/5 489/724/5
f 496/738/5 504/764/5 497/752/5
f 497/752/158 505/792/158 506/784/158
f 497/752/158 506/784/158 498/750/158
f 497/752/199 490/718/199 489/724/199
f 497/752/199 498/750/199 490/718/199
f 498/1452/131 491/1397/131 490/1451/131
f 498/1452/131 499/1398/131 491/1397/131
f 500/1172/1 493/1103/1 492/1119/1
f 500/1172/1 501/1160/1 493/1103/1
f 500/1172/1 508/1225/1 509/1188/1
f 500/1172/1 509/1188/1 501/1160/1
f 500/1172/157 499/1178/157 507/1229/157
f 500/1172/157 507/1229/157 508/1225/157
f 500/1172/200 491/1123/200 499/1178/200
f 500/1172/200 492/1119/200 491/1123/200
f 502/1158/156 501/1160/156 509/1188/156
f 502/1158/156 509/1188/156 510/1182/156
f 502/1158/201 493/1103/201 501/1160/201
f 502/1158/201 494/1099/201 493/1103/201
f 502/1957/151 495/1689/151 494/1956/151
f 502/1957/151 503/1690/151 495/1689/151
f 504/764/202 495/740/202 503/766/202
f 504/764/202 496/738/202 495/740/202
f 506/1453/152 499/1398/152 498/1452/152
f 506/1453/152 507/1399/152 499/1398/152
f 510/1958/153 503/1690/153 502/1957/153
f 510/1958/153 511/1691/153 503/1690/153
f 512/808/155 503/766/155 511/810/155
f 512/808/155 504/764/155 503/766/155
f 512/808/5 497/752/5 504/764/5
f 512/808/5 505/792/5 497/752/5
f 512/808/5 513/842/5 505/792/5
f 512/808/5 520/844/5 513/842/5
f 513/842/162 506/784/162 505/792/162
f 513/842/162 514/840/162 506/784/162
f 514/1454/132 507/1399/132 506/1453/132
f 514/1454/132 515/1400/132 507/1399/132
f 516/1246/1 509/1188/1 508/1225/1
f 516/1246/1 517/1223/1 509/1188/1
f 516/1246/161 507/1229/161 515/1256/161
f 516/1246/161 508/1225/161 507/1229/161
f 518/1213/160 509/1188/160 517/1223/160
f 518/1213/160 510/1182/160 509/1188/160
f 518/1959/154 511/1691/154 510/1958/154
f 518/1959/154 519/1692/154 511/1691/154
f 520/844/159 511/810/159 519/846/159
f 520/844/159 512/808/159 511/810/159
f 520/844/163 519/846/163 527/910/163
f 520/844/163 527/910/163 528/908/163
f 520/844/5 521/906/5 513/842/5
f 520/844/5 528/908/5 521/906/5
f 521/906/166 514/840/166 513/842/166
f 521/906/166 522/904/166 514/840/166
f 521/906/170 529/964/170 530/966/170
f 521/906/170 530/966/170 522/904/170
f 522/1388/136 530/1389/136 531/1352/136
f 522/1388/136 531/1352/136 523/1351/136
f 522/1455/134 515/1400/134 514/1454/134
f 522/1455/134 523/1401/134 515/1400/134
f 524/1247/1 517/1223/1 516/1246/1
f 524/1247/1 525/1224/1 517/1223/1
f 524/1247/1 532/1226/1 533/1189/1
f 524/1247/1 533/1189/1 525/1224/1
f 524/1247/165 515/1256/165 523/1257/165
f 524/1247/165 516/1246/165 515/1256/165
f 524/1247/169 523/1257/169 531/1230/169
f 524/1247/169 531/1230/169 532/1226/169
f 526/1214/164 517/1223/164 525/1224/164
f 526/1214/164 518/1213/164 517/1223/164
f 526/1214/168 525/1224/168 533/1189/168
f 526/1214/168 533/1189/168 534/1183/168
f 526/1960/133 519/1692/133 518/1959/133
f 526/1960/133 527/1693/133 519/1692/133
f 529/964/174 537/998/174 538/1000/174
f 529/964/174 538/1000/174 530/966/174
f 532/1226/173 531/1230/173 539/1179/173
f 532/1226/173 539/1179/173 540/1173/173
f 534/1407/135 527/1462/135 526/1408/135
f 534/1407/135 535/1461/135 527/1462/135
f 536/958/167 527/910/167 535/952/167
f 536/958/167 528/908/167 527/910/167
f 536/958/171 535/952/171 543/990/171
f 536/958/171 543/990/171 544/992/171
f 536/958/5 521/906/5 528/908/5
f 536/958/5 529/964/5 521/906/5
f 538/1390/138 531/1352/138 530/1389/138
f 538/1390/138 539/1353/138 531/1352/138
f 540/1173/1 533/1189/1 532/1226/1
f 540/1173/1 541/1161/1 533/1189/1
f 542/1159/172 533/1189/172 541/1161/172
f 542/1159/172 534/1183/172 533/1189/172
f 542/1406/137 535/1461/137 534/1407/137
f 542/1406/137 543/1460/137 535/1461/137
f 544/992/175 543/990/175 551/1024/175
f 544/992/175 551/1024/175 552/1034/175
f 544/992/5 529/964/5 536/958/5
f 544/992/5 537/998/5 529/964/5
f 544/992/5 545/1040/5 537/998/5
f 544/992/5 552/1034/5 545/1040/5
f 545/1040/178 538/1000/178 537/998/178
f 545/1040/178 546/1042/178 538/1000/178
f 545/1040/182 553/1066/182 554/1068/182
f 545/1040/182 554/1068/182 546/1042/182
f 546/1391/140 539/1353/140 538/1390/140
f 546/1391/140 547/1354/140 539/1353/140
f 548/1120/1 541/1161/1 540/1173/1
f 548/1120/1 549/1104/1 541/1161/1
f 548/1120/1 556/1062/1 557/1056/1
f 548/1120/1 557/1056/1 549/1104/1
f 548/1120/177 539/1179/177 547/1124/177
f 548/1120/177 540/1173/177 539/1179/177
f 548/1120/181 547/1124/181 555/1064/181
f 548/1120/181 555/1064/181 556/1062/181
f 550/1100/176 541/1161/176 549/1104/176
f 550/1100/176 542/1159/176 541/1161/176
f 550/1100/180 549/1104/180 557/1056/180
f 550/1100/180 557/1056/180 558/1054/180
f 550/1405/139 543/1460/139 542/1406/139
f 550/1405/139 551/1459/139 543/1460/139
f 554/1392/142 547/1354/142 546/1391/142
f 554/1392/142 555/1355/142 547/1354/142
f 558/1404/141 551/1459/141 550/1405/141
f 558/1404/141 559/1458/141 551/1459/141
f 560/1050/179 551/1024/179 559/1048/179
f 560/1050/179 552/1034/179 551/1024/179
f 560/1050/183 559/1048/183 567/1076/183
f 560/1050/183 567/1076/183 568/1078/183
f 560/1050/5 545/1040/5 552/1034/5
f 560/1050/5 553/1066/5 545/1040/5
f 561/1089/186 554/1068/186 553/1066/186
f 561/1089/186 562/1095/186 554/1068/186
f 562/1393/144 555/1355/144 554/1392/144
f 562/1393/144 563/1356/144 555/1355/144
f 564/1018/1 557/1056/1 556/1062/1
f 564/1018/1 565/1016/1 557/1056/1
f 564/1018/185 555/1064/185 563/1020/185
f 564/1018/185 556/1062/185 555/1064/185
f 566/1010/184 557/1056/184 565/1016/184
f 566/1010/184 558/1054/184 557/1056/184
f 566/1403/143 559/1458/143 558/1404/143
f 566/1403/143 567/1457/143 559/1458/143
f 568/1078/187 567/1076/187 575/1084/187
f 568/1078/187 575/1084/187 576/1087/187
f 568/1078/5 553/1066/5 560/1050/5
f 568/1078/5 561/1089/5 553/1066/5
f 568/1078/5 569/1112/5 561/1089/5
f 568/1078/5 576/1087/5 569/1112/5
f 569/1112/190 562/1095/190 561/1089/190
f 569/1112/190 570/1122/190 562/1095/190
f 569/1112/194 577/1111/194 578/1121/194
f 569/1112/194 578/1121/194 570/1122/194
f 570/1394/146 563/1356/146 562/1393/146
f 570/1394/146 571/1357/146 563/1356/146
f 572/980/1 565/1016/1 564/1018/1
f 572/980/1 573/982/1 565/1016/1
f 572/980/1 580/934/1 581/948/1
f 572/980/1 581/948/1 573/982/1
f 572/980/189 563/1020/189 571/978/189
f 572/980/189 564/1018/189 563/1020/189
f 572/980/193 571/978/193 579/932/193
f 572/980/193 579/932/193 580/934/193
f 574/1402/145 567/1457/145 566/1403/145
f 574/1402/145 575/1456/145 567/1457/145
f 574/984/188 565/1016/188 573/982/188
f 574/984/188 566/1010/188 565/1016/188
f 574/984/192 573/982/192 581/948/192
f 574/984/192 581/948/192 582/950/192
f 578/1366/148 571/1419/148 570/1367/148
f 578/1366/148 579/1418/148 571/1419/148
f 580/934/1 588/878/1 589/900/1
f 580/934/1 589/900/1 581/948/1
f 580/934/197 579/932/197 587/870/197
f 580/934/197 587/870/197 588/878/197
f 582/1340/147 575/1383/147 574/1341/147
f 582/1340/147 583/1382/147 575/1383/147
f 582/950/196 581/948/196 589/900/196
f 582/950/196 589/900/196 590/902/196
f 584/1086/191 575/1084/191 583/1083/191
f 584/1086/191 576/1087/191 575/1084/191
f 584/1086/195 583/1083/195 591/1075/195
f 584/1086/195 591/1075/195 592/1077/195
f 584/1086/5 569/1112/5 576/1087/5
f 584/1086/5 577/1111/5 569/1112/5
f 585/1088/198 578/1121/198 577/1111/198
f 585/1088/198 586/1094/198 578/1121/198
f 586/1365/150 579/1418/150 578/1366/150
f 586/1365/150 587/1417/150 579/1418/150
f 586/1365/151 401/1364/151 404/1416/151
f 586/1365/151 404/1416/151 587/1417/151
f 590/1339/149 583/1382/149 582/1340/149
f 590/1339/149 591/1381/149 583/1382/149
f 592/1077/199 408/1047/199 407/1049/199
f 592/1077/199 591/1075/199 408/1047/199
f 592/1077/5 402/1065/5 585/1088/5
f 592/1077/5 407/1049/5 402/1065/5
f 592/1077/5 577/1111/5 584/1086/5
f 592/1077/5 585/1088/5 577/1111/5
f 833/534/14 835/533/14 840/557/14
f 833/534/14 840/557/14 839/558/14
f 833/587/235 834/582/235 835/581/235
f 836/508/236 837/506/236 838/510/236
f 836/570/15 835/581/15 834/582/15
f 836/570/15 838/569/15 835/581/15
f 837/561/25 836/570/25 849/571/25
f 837/561/25 849/571/25 848/562/25
f 838/510/4 840/529/4 835/530/4
f 838/510/4 844/509/4 840/529/4
f 839/619/18 841/612/18 852/611/18
f 839/619/18 852/611/18 851/618/18
f 839/619/237 840/613/237 841/612/237
f 841/612/17 840/613/17 844/602/17
f 841/612/17 844/602/17 843/601/17
f 842/1128/3 837/1127/3 848/1211/3
f 842/1128/3 848/1211/3 854/1212/3
f 842/505/16 838/510/16 837/506/16
f 842/505/16 844/509/16 838/510/16
f 842/505/31 843/507/31 844/509/31
f 843/601/5 852/611/5 841/612/5
f 843/601/5 856/600/5 852/611/5
f 845/588/238 846/584/238 847/583/238
f 845/588/24 834/582/24 833/587/24
f 845/588/24 847/583/24 834/582/24
f 847/583/23 846/584/23 850/572/23
f 847/583/23 850/572/23 849/571/23
f 848/433/22 850/447/22 855/448/22
f 848/433/22 855/448/22 854/434/22
f 848/433/239 849/445/239 850/447/239
f 849/571/1 834/582/1 847/583/1
f 849/571/1 836/570/1 834/582/1
f 851/559/21 846/536/21 845/535/21
f 851/559/21 853/560/21 846/536/21
f 851/559/26 833/534/26 839/558/26
f 851/559/26 845/535/26 833/534/26
f 851/618/240 852/611/240 853/610/240
f 853/610/20 852/611/20 856/600/20
f 853/610/20 856/600/20 855/599/20
f 854/434/34 855/448/34 856/446/34
f 854/591/19 843/601/19 842/592/19
f 854/591/19 856/600/19 843/601/19
f 855/448/2 846/487/2 853/488/2
f 855/448/2 850/447/2 846/487/2
f 881/1447/260 883/1448/260 894/1360/260
f 881/1447/260 894/1360/260 893/1359/260
f 881/1447/264 893/1359/264 902/1358/264
f 881/1447/264 902/1358/264 890/1446/264
f 881/943/248 882/945/248 883/937/248
f 882/702/24 884/715/24 883/716/24
f 882/702/24 885/701/24 884/715/24
f 882/945/256 881/943/256 890/1004/256
f 882/945/256 890/1004/256 892/1001/256
f 884/715/26 894/772/26 883/716/26
f 884/715/26 898/771/26 894/772/26
f 884/938/249 885/946/249 886/944/249
f 885/946/257 887/1003/257 886/944/257
f 885/946/257 888/1002/257 887/1003/257
f 887/271/250 888/279/250 889/281/250
f 887/7/247 896/73/247 886/8/247
f 887/7/247 901/72/247 896/73/247
f 888/279/25 891/329/25 889/281/25
f 888/279/25 892/331/25 891/329/25
f 890/333/251 891/329/251 892/331/251
f 891/329/3 899/282/3 889/281/3
f 891/329/3 904/330/3 899/282/3
f 892/1001/1 885/946/1 882/945/1
f 892/1001/1 888/1002/1 885/946/1
f 893/1284/252 894/1283/252 895/1295/252
f 895/1295/258 902/1434/258 893/1284/258
f 895/1295/258 903/1432/258 902/1434/258
f 895/776/18 894/772/18 898/771/18
f 895/776/18 898/771/18 897/775/18
f 896/1293/253 897/1294/253 898/1282/253
f 896/73/261 884/9/261 886/8/261
f 896/73/261 898/74/261 884/9/261
f 897/1294/259 896/1293/259 901/1433/259
f 897/1294/259 901/1433/259 900/1431/259
f 899/282/254 900/280/254 901/272/254
f 899/282/262 887/271/262 889/281/262
f 899/282/262 901/272/262 887/271/262
f 900/280/19 899/282/19 904/330/19
f 900/280/19 904/330/19 903/332/19
f 902/334/255 903/332/255 904/330/255
f 902/334/263 891/329/263 890/333/263
f 902/334/263 904/330/263 891/329/263
f 903/1432/5 895/1295/5 897/1294/5
f 903/1432/5 897/1294/5 900/1431/5
f 945/1144/272 947/1126/272 946/1151/272
f 946/789/24 947/803/24 948/804/24
f 946/789/24 948/804/24 949/790/24
f 948/1125/273 950/1145/273 949/1150/273
f 948/132/285 960/94/285 950/131/285
f 948/132/285 962/95/285 960/94/285
f 949/1150/1 952/1300/1 956/1301/1
f 949/1150/1 956/1301/1 946/1151/1
f 949/1150/281 950/1145/281 951/1302/281
f 949/1150/281 951/1302/281 952/1300/281
f 951/415/274 953/405/274 952/409/274
f 951/415/286 963/406/286 953/405/286
f 951/415/286 965/416/286 963/406/286
f 952/409/25 953/405/25 955/361/25
f 952/409/25 955/361/25 956/355/25
f 954/1312/280 945/1144/280 946/1151/280
f 954/1312/280 946/1151/280 956/1301/280
f 954/351/275 956/355/275 955/361/275
f 955/361/287 966/352/287 954/351/287
f 955/361/287 968/362/287 966/352/287
f 957/1029/276 959/1031/276 958/1021/276
f 958/1580/284 945/1480/284 957/1579/284
f 958/1580/284 947/1481/284 945/1480/284
f 958/858/26 948/804/26 947/803/26
f 958/858/26 962/859/26 948/804/26
f 959/1031/282 957/1029/282 966/1116/282
f 959/1031/282 966/1116/282 967/1113/282
f 960/1030/277 962/1022/277 961/1032/277
f 960/94/271 951/130/271 950/131/271
f 960/94/271 965/93/271 951/130/271
f 962/859/18 958/858/18 959/865/18
f 962/859/18 959/865/18 961/866/18
f 963/406/278 965/416/278 964/410/278
f 963/406/3 955/361/3 953/405/3
f 963/406/3 968/362/3 955/361/3
f 965/1115/283 960/1030/283 961/1032/283
f 965/1115/283 961/1032/283 964/1114/283
f 966/1578/288 945/1480/288 954/1479/288
f 966/1578/288 957/1579/288 945/1480/288
f 966/352/279 968/362/279 967/356/279
f 967/1113/5 961/1032/5 959/1031/5
f 967/1113/5 964/1114/5 961/1032/5
f 968/362/19 963/406/19 964/410/19
f 968/362/19 964/410/19 967/356/19
usemtl MMO_brass
f 100/1464/15 102/1463/15 99/1500/15
f 100/1464/15 99/1500/15 98/1501/15
f 100/1638/7 101/1614/7 102/1642/7
f 101/1444/25 100/1464/25 113/1465/25
f 101/1444/25 113/1465/25 112/1445/25
f 102/1642/4 104/1735/4 99/1736/4
f 102/1642/4 108/1641/4 104/1735/4
f 103/1297/18 105/1287/18 116/1286/18
f 103/1297/18 116/1286/18 115/1296/18
f 103/1297/30 104/1288/30 105/1287/30
f 105/1287/17 104/1288/17 108/1251/17
f 105/1287/17 108/1251/17 107/1250/17
f 106/1613/16 102/1642/16 101/1614/16
f 106/1613/16 108/1641/16 102/1642/16
f 106/1613/31 107/1637/31 108/1641/31
f 106/1951/3 101/1697/3 112/1696/3
f 106/1951/3 112/1696/3 118/1950/3
f 107/1250/5 116/1286/5 105/1287/5
f 107/1250/5 120/1249/5 116/1286/5
f 109/1514/24 111/1502/24 98/1501/24
f 109/1514/24 98/1501/24 97/1513/24
f 109/1514/32 110/1503/32 111/1502/32
f 111/1502/23 110/1503/23 114/1466/23
f 111/1502/23 114/1466/23 113/1465/23
f 112/593/11 113/595/11 114/597/11
f 112/593/22 114/597/22 119/598/22
f 112/593/22 119/598/22 118/594/22
f 113/1465/1 100/1464/1 98/1501/1
f 113/1465/1 98/1501/1 111/1502/1
f 115/1007/21 110/996/21 109/995/21
f 115/1007/21 117/1008/21 110/996/21
f 115/1007/26 109/995/26 97/994/26
f 115/1007/26 97/994/26 103/1006/26
f 115/1296/33 116/1286/33 117/1285/33
f 117/1285/20 116/1286/20 120/1249/20
f 117/1285/20 120/1249/20 119/1248/20
f 118/1242/19 107/1250/19 106/1243/19
f 118/1242/19 120/1249/19 107/1250/19
f 118/594/34 119/598/34 120/596/34
f 119/598/2 110/603/2 117/604/2
f 119/598/2 114/597/2 110/603/2
f 121/1026/14 123/1025/14 128/1043/14
f 121/1026/14 128/1043/14 127/1044/14
f 121/925/29 122/920/29 123/919/29
f 124/884/15 123/919/15 122/920/15
f 124/884/15 126/883/15 123/919/15
f 124/888/7 125/876/7 126/892/7
f 125/873/25 124/884/25 137/885/25
f 125/873/25 137/885/25 136/874/25
f 126/892/4 128/923/4 123/924/4
f 126/892/4 132/891/4 128/923/4
f 127/1299/18 129/1291/18 140/1290/18
f 127/1299/18 140/1290/18 139/1298/18
f 127/1299/30 128/1292/30 129/1291/30
f 129/1291/17 128/1292/17 132/1255/17
f 129/1291/17 132/1255/17 131/1254/17
f 130/1953/3 125/1699/3 136/1698/3
f 130/1953/3 136/1698/3 142/1952/3
f 130/875/16 126/892/16 125/876/16
f 130/875/16 132/891/16 126/892/16
f 130/875/31 131/887/31 132/891/31
f 131/1254/5 140/1290/5 129/1291/5
f 131/1254/5 144/1253/5 140/1290/5
f 133/926/24 122/920/24 121/925/24
f 133/926/24 135/921/24 122/920/24
f 133/926/32 134/922/32 135/921/32
f 135/921/23 134/922/23 138/886/23
f 135/921/23 138/886/23 137/885/23
f 136/1615/11 137/1639/11 138/1643/11
f 136/1615/22 138/1643/22 143/1644/22
f 136/1615/22 143/1644/22 142/1616/22
f 137/885/1 122/920/1 135/921/1
f 137/885/1 124/884/1 122/920/1
f 139/1045/21 134/1028/21 133/1027/21
f 139/1045/21 141/1046/21 134/1028/21
f 139/1045/26 121/1026/26 127/1044/26
f 139/1045/26 133/1027/26 121/1026/26
f 139/1298/33 140/1290/33 141/1289/33
f 141/1289/20 140/1290/20 144/1253/20
f 141/1289/20 144/1253/20 143/1252/20
f 142/1244/19 131/1254/19 130/1245/19
f 142/1244/19 144/1253/19 131/1254/19
f 142/1616/34 143/1644/34 144/1640/34
f 143/1644/2 134/1737/2 141/1738/2
f 143/1644/2 138/1643/2 134/1737/2
f 145/1262/63 148/1323/63 395/1324/63
f 145/1262/63 395/1324/63 394/1263/63
f 149/1486/35 152/1550/35 399/1551/35
f 149/1486/35 399/1551/35 398/1487/35
f 151/294/127 399/246/127 152/290/127
f 151/294/127 400/250/127 399/246/127
f 151/294/5 146/300/5 393/258/5
f 151/294/5 153/340/5 146/300/5
f 151/294/5 160/326/5 153/340/5
f 151/294/5 393/258/5 400/250/5
f 151/294/70 152/290/70 159/322/70
f 151/294/70 159/322/70 160/326/70
f 153/340/67 145/304/67 146/300/67
f 153/340/67 154/348/67 145/304/67
f 154/1261/65 148/1323/65 145/1262/65
f 154/1261/65 155/1322/65 148/1323/65
f 156/221/1 150/185/1 147/177/1
f 156/221/1 157/225/1 150/185/1
f 156/221/68 147/177/68 148/171/68
f 156/221/68 148/171/68 155/213/68
f 158/1485/64 152/1550/64 149/1486/64
f 158/1485/64 159/1549/64 152/1550/64
f 158/229/69 149/189/69 150/185/69
f 158/229/69 150/185/69 157/225/69
f 160/326/5 161/384/5 153/340/5
f 160/326/5 168/370/5 161/384/5
f 160/326/74 159/322/74 167/364/74
f 160/326/74 167/364/74 168/370/74
f 161/384/71 154/348/71 153/340/71
f 161/384/71 162/388/71 154/348/71
f 161/384/75 169/422/75 170/426/75
f 161/384/75 170/426/75 162/388/75
f 162/1260/66 155/1322/66 154/1261/66
f 162/1260/66 163/1321/66 155/1322/66
f 164/259/1 157/225/1 156/221/1
f 164/259/1 165/251/1 157/225/1
f 164/259/1 172/301/1 173/295/1
f 164/259/1 173/295/1 165/251/1
f 164/259/72 155/213/72 163/263/72
f 164/259/72 156/221/72 155/213/72
f 164/259/76 163/263/76 171/305/76
f 164/259/76 171/305/76 172/301/76
f 166/1484/36 159/1549/36 158/1485/36
f 166/1484/36 167/1548/36 159/1549/36
f 166/247/73 157/225/73 165/251/73
f 166/247/73 158/229/73 157/225/73
f 166/247/77 165/251/77 173/295/77
f 166/247/77 173/295/77 174/291/77
f 169/422/79 177/464/79 178/470/79
f 169/422/79 178/470/79 170/426/79
f 170/1259/37 163/1321/37 162/1260/37
f 170/1259/37 171/1320/37 163/1321/37
f 172/301/1 180/341/1 181/327/1
f 172/301/1 181/327/1 173/295/1
f 172/301/80 171/305/80 179/349/80
f 172/301/80 179/349/80 180/341/80
f 174/1483/38 167/1548/38 166/1484/38
f 174/1483/38 175/1547/38 167/1548/38
f 174/291/81 173/295/81 181/327/81
f 174/291/81 181/327/81 182/323/81
f 176/400/5 161/384/5 168/370/5
f 176/400/5 169/422/5 161/384/5
f 176/400/78 167/364/78 175/392/78
f 176/400/78 168/370/78 167/364/78
f 178/1258/39 171/1320/39 170/1259/39
f 178/1258/39 179/1319/39 171/1320/39
f 182/1482/40 175/1547/40 174/1483/40
f 182/1482/40 183/1546/40 175/1547/40
f 184/418/5 169/422/5 176/400/5
f 184/418/5 177/464/5 169/422/5
f 184/418/5 185/476/5 177/464/5
f 184/418/5 192/438/5 185/476/5
f 184/418/82 175/392/82 183/412/82
f 184/418/82 176/400/82 175/392/82
f 184/418/86 183/412/86 191/430/86
f 184/418/86 191/430/86 192/438/86
f 185/476/83 178/470/83 177/464/83
f 185/476/83 186/484/83 178/470/83
f 186/1192/41 179/1135/41 178/1191/41
f 186/1192/41 187/1136/41 179/1135/41
f 188/385/1 181/327/1 180/341/1
f 188/385/1 189/371/1 181/327/1
f 188/385/84 179/349/84 187/389/84
f 188/385/84 180/341/84 179/349/84
f 190/1429/42 183/1512/42 182/1430/42
f 190/1429/42 191/1511/42 183/1512/42
f 190/365/85 181/327/85 189/371/85
f 190/365/85 182/323/85 181/327/85
f 192/438/5 193/490/5 185/476/5
f 192/438/5 200/454/5 193/490/5
f 192/438/90 191/430/90 199/450/90
f 192/438/90 199/450/90 200/454/90
f 193/490/87 186/484/87 185/476/87
f 193/490/87 194/494/87 186/484/87
f 193/490/91 201/489/91 202/493/91
f 193/490/91 202/493/91 194/494/91
f 194/1193/43 187/1136/43 186/1192/43
f 194/1193/43 195/1137/43 187/1136/43
f 196/423/1 189/371/1 188/385/1
f 196/423/1 197/401/1 189/371/1
f 196/423/1 204/465/1 205/419/1
f 196/423/1 205/419/1 197/401/1
f 196/423/88 187/389/88 195/427/88
f 196/423/88 188/385/88 187/389/88
f 196/423/92 195/427/92 203/471/92
f 196/423/92 203/471/92 204/465/92
f 198/1428/44 191/1511/44 190/1429/44
f 198/1428/44 199/1510/44 191/1511/44
f 198/393/89 189/371/89 197/401/89
f 198/393/89 190/365/89 189/371/89
f 198/393/93 197/401/93 205/419/93
f 198/393/93 205/419/93 206/413/93
f 201/489/95 209/475/95 210/483/95
f 201/489/95 210/483/95 202/493/95
f 202/1194/45 195/1137/45 194/1193/45
f 202/1194/45 203/1138/45 195/1137/45
f 204/465/1 212/477/1 213/439/1
f 204/465/1 213/439/1 205/419/1
f 204/465/96 203/471/96 211/485/96
f 204/465/96 211/485/96 212/477/96
f 206/1427/46 199/1510/46 198/1428/46
f 206/1427/46 207/1509/46 199/1510/46
f 206/413/97 205/419/97 213/439/97
f 206/413/97 213/439/97 214/431/97
f 208/453/5 193/490/5 200/454/5
f 208/453/5 201/489/5 193/490/5
f 208/453/94 199/450/94 207/449/94
f 208/453/94 200/454/94 199/450/94
f 210/1195/47 203/1138/47 202/1194/47
f 210/1195/47 211/1139/47 203/1138/47
f 214/1426/48 207/1509/48 206/1427/48
f 214/1426/48 215/1508/48 207/1509/48
f 216/437/102 215/429/102 223/411/102
f 216/437/102 223/411/102 224/417/102
f 216/437/5 201/489/5 208/453/5
f 216/437/5 209/475/5 201/489/5
f 216/437/5 217/463/5 209/475/5
f 216/437/5 224/417/5 217/463/5
f 216/437/98 207/449/98 215/429/98
f 216/437/98 208/453/98 207/449/98
f 217/463/99 210/483/99 209/475/99
f 217/463/99 218/469/99 210/483/99
f 218/1196/49 211/1139/49 210/1195/49
f 218/1196/49 219/1140/49 211/1139/49
f 220/491/1 213/439/1 212/477/1
f 220/491/1 221/455/1 213/439/1
f 220/491/100 211/485/100 219/495/100
f 220/491/100 212/477/100 211/485/100
f 222/1425/50 215/1508/50 214/1426/50
f 222/1425/50 223/1507/50 215/1508/50
f 222/451/101 213/439/101 221/455/101
f 222/451/101 214/431/101 213/439/101
f 224/417/106 223/411/106 231/391/106
f 224/417/106 231/391/106 232/399/106
f 224/417/5 225/421/5 217/463/5
f 224/417/5 232/399/5 225/421/5
f 225/421/103 218/469/103 217/463/103
f 225/421/103 226/425/103 218/469/103
f 225/421/107 233/383/107 234/387/107
f 225/421/107 234/387/107 226/425/107
f 226/1197/51 219/1140/51 218/1196/51
f 226/1197/51 227/1141/51 219/1140/51
f 228/492/1 221/455/1 220/491/1
f 228/492/1 229/456/1 221/455/1
f 228/492/1 236/478/1 237/440/1
f 228/492/1 237/440/1 229/456/1
f 228/492/104 219/495/104 227/496/104
f 228/492/104 220/491/104 219/495/104
f 228/492/108 227/496/108 235/486/108
f 228/492/108 235/486/108 236/478/108
f 230/1424/52 223/1507/52 222/1425/52
f 230/1424/52 231/1506/52 223/1507/52
f 230/452/105 221/455/105 229/456/105
f 230/452/105 222/451/105 221/455/105
f 230/452/109 229/456/109 237/440/109
f 230/452/109 237/440/109 238/432/109
f 232/399/110 231/391/110 239/363/110
f 232/399/110 239/363/110 240/369/110
f 233/383/111 241/339/111 242/347/111
f 233/383/111 242/347/111 234/387/111
f 234/1198/53 227/1141/53 226/1197/53
f 234/1198/53 235/1142/53 227/1141/53
f 236/478/1 244/466/1 245/420/1
f 236/478/1 245/420/1 237/440/1
f 236/478/112 235/486/112 243/472/112
f 236/478/112 243/472/112 244/466/112
f 238/1423/54 231/1506/54 230/1424/54
f 238/1423/54 239/1505/54 231/1506/54
f 238/432/113 237/440/113 245/420/113
f 238/432/113 245/420/113 246/414/113
f 240/369/114 239/363/114 247/321/114
f 240/369/114 247/321/114 248/325/114
f 240/369/5 225/421/5 232/399/5
f 240/369/5 233/383/5 225/421/5
f 242/1199/55 235/1142/55 234/1198/55
f 242/1199/55 243/1143/55 235/1142/55
f 246/1422/56 239/1505/56 238/1423/56
f 246/1422/56 247/1504/56 239/1505/56
f 248/325/118 247/321/118 255/289/118
f 248/325/118 255/289/118 256/293/118
f 248/325/5 233/383/5 240/369/5
f 248/325/5 241/339/5 233/383/5
f 248/325/5 249/299/5 241/339/5
f 248/325/5 256/293/5 249/299/5
f 249/299/115 242/347/115 241/339/115
f 249/299/115 250/303/115 242/347/115
f 250/1343/57 243/1273/57 242/1342/57
f 250/1343/57 251/1274/57 243/1273/57
f 252/424/1 245/420/1 244/466/1
f 252/424/1 253/402/1 245/420/1
f 252/424/116 243/472/116 251/428/116
f 252/424/116 244/466/116 243/472/116
f 254/1599/58 247/1526/58 246/1598/58
f 254/1599/58 255/1527/58 247/1526/58
f 254/394/117 245/420/117 253/402/117
f 254/394/117 246/414/117 245/420/117
f 256/293/122 255/289/122 263/245/122
f 256/293/122 263/245/122 264/249/122
f 256/293/5 257/257/5 249/299/5
f 256/293/5 264/249/5 257/257/5
f 257/257/119 250/303/119 249/299/119
f 257/257/119 258/261/119 250/303/119
f 257/257/123 265/219/123 266/211/123
f 257/257/123 266/211/123 258/261/123
f 258/1344/59 251/1274/59 250/1343/59
f 258/1344/59 259/1275/59 251/1274/59
f 260/386/1 253/402/1 252/424/1
f 260/386/1 261/372/1 253/402/1
f 260/386/1 268/342/1 269/328/1
f 260/386/1 269/328/1 261/372/1
f 260/386/120 251/428/120 259/390/120
f 260/386/120 252/424/120 251/428/120
f 260/386/124 259/390/124 267/350/124
f 260/386/124 267/350/124 268/342/124
f 262/1600/60 255/1527/60 254/1599/60
f 262/1600/60 263/1528/60 255/1527/60
f 262/366/121 253/402/121 261/372/121
f 262/366/121 254/394/121 253/402/121
f 262/366/125 261/372/125 269/328/125
f 262/366/125 269/328/125 270/324/125
f 265/219/127 273/175/127 274/169/127
f 265/219/127 274/169/127 266/211/127
f 266/1345/61 259/1275/61 258/1344/61
f 266/1345/61 267/1276/61 259/1275/61
f 268/342/1 276/302/1 277/296/1
f 268/342/1 277/296/1 269/328/1
f 268/342/128 267/350/128 275/306/128
f 268/342/128 275/306/128 276/302/128
f 270/1601/62 263/1528/62 262/1600/62
f 270/1601/62 271/1529/62 263/1528/62
f 270/324/129 269/328/129 277/296/129
f 270/324/129 277/296/129 278/292/129
f 272/223/126 263/245/126 271/227/126
f 272/223/126 264/249/126 263/245/126
f 272/223/5 257/257/5 264/249/5
f 272/223/5 265/219/5 257/257/5
f 274/1346/35 267/1276/35 266/1345/35
f 274/1346/35 275/1277/35 267/1276/35
f 278/1602/63 271/1529/63 270/1601/63
f 278/1602/63 279/1530/63 271/1529/63
f 280/183/130 271/227/130 279/187/130
f 280/183/130 272/223/130 271/227/130
f 280/183/5 265/219/5 272/223/5
f 280/183/5 273/175/5 265/219/5
f 280/183/5 281/137/5 273/175/5
f 280/183/5 288/153/5 281/137/5
f 280/183/67 279/187/67 287/157/67
f 280/183/67 287/157/67 288/153/67
f 281/137/70 274/169/70 273/175/70
f 281/137/70 282/133/70 274/169/70
f 282/1347/64 275/1277/64 274/1346/64
f 282/1347/64 283/1278/64 275/1277/64
f 284/260/1 277/296/1 276/302/1
f 284/260/1 285/252/1 277/296/1
f 284/260/69 275/306/69 283/264/69
f 284/260/69 276/302/69 275/306/69
f 286/1603/65 279/1530/65 278/1602/65
f 286/1603/65 287/1531/65 279/1530/65
f 286/248/68 277/296/68 285/252/68
f 286/248/68 278/292/68 277/296/68
f 288/153/5 289/116/5 281/137/5
f 288/153/5 296/120/5 289/116/5
f 288/153/71 287/157/71 295/126/71
f 288/153/71 295/126/71 296/120/71
f 289/116/74 282/133/74 281/137/74
f 289/116/74 290/109/74 282/133/74
f 289/116/78 297/75/78 298/68/78
f 289/116/78 298/68/78 290/109/78
f 290/1348/36 283/1278/36 282/1347/36
f 290/1348/36 291/1279/36 283/1278/36
f 292/222/1 285/252/1 284/260/1
f 292/222/1 293/226/1 285/252/1
f 292/222/1 300/178/1 301/186/1
f 292/222/1 301/186/1 293/226/1
f 292/222/73 283/264/73 291/214/73
f 292/222/73 284/260/73 283/264/73
f 292/222/77 291/214/77 299/172/77
f 292/222/77 299/172/77 300/178/77
f 294/1604/66 287/1531/66 286/1603/66
f 294/1604/66 295/1532/66 287/1531/66
f 294/230/72 285/252/72 293/226/72
f 294/230/72 286/248/72 285/252/72
f 294/230/76 293/226/76 301/186/76
f 294/230/76 301/186/76 302/190/76
f 297/75/82 305/40/82 306/36/82
f 297/75/82 306/36/82 298/68/82
f 298/1349/38 291/1279/38 290/1348/38
f 298/1349/38 299/1280/38 291/1279/38
f 300/178/1 308/140/1 309/156/1
f 300/178/1 309/156/1 301/186/1
f 300/178/81 299/172/81 307/136/81
f 300/178/81 307/136/81 308/140/81
f 302/1605/37 295/1532/37 294/1604/37
f 302/1605/37 303/1533/37 295/1532/37
f 302/190/80 301/186/80 309/156/80
f 302/190/80 309/156/80 310/160/80
f 304/98/5 289/116/5 296/120/5
f 304/98/5 297/75/5 289/116/5
f 304/98/75 295/126/75 303/105/75
f 304/98/75 296/120/75 295/126/75
f 306/1350/40 299/1280/40 298/1349/40
f 306/1350/40 307/1281/40 299/1280/40
f 310/1606/39 303/1533/39 302/1605/39
f 310/1606/39 311/1534/39 303/1533/39
f 312/79/5 297/75/5 304/98/5
f 312/79/5 305/40/5 297/75/5
f 312/79/5 313/26/5 305/40/5
f 312/79/5 320/57/5 313/26/5
f 312/79/79 303/105/79 311/86/79
f 312/79/79 304/98/79 303/105/79
f 312/79/83 311/86/83 319/64/83
f 312/79/83 319/64/83 320/57/83
f 313/26/86 306/36/86 305/40/86
f 313/26/86 314/20/86 306/36/86
f 314/1304/42 307/1233/42 306/1303/42
f 314/1304/42 315/1234/42 307/1233/42
f 316/119/1 309/156/1 308/140/1
f 316/119/1 317/123/1 309/156/1
f 316/119/85 307/136/85 315/112/85
f 316/119/85 308/140/85 307/136/85
f 318/129/84 309/156/84 317/123/84
f 318/129/84 310/160/84 309/156/84
f 318/1442/41 311/1525/41 310/1443/41
f 318/1442/41 319/1524/41 311/1525/41
f 320/57/5 321/13/5 313/26/5
f 320/57/5 328/46/5 321/13/5
f 320/57/87 319/64/87 327/53/87
f 320/57/87 327/53/87 328/46/87
f 321/13/90 314/20/90 313/26/90
f 321/13/90 322/1/90 314/20/90
f 321/13/94 329/14/94 330/2/94
f 321/13/94 330/2/94 322/1/94
f 322/1305/44 315/1234/44 314/1304/44
f 322/1305/44 323/1235/44 315/1234/44
f 324/78/1 317/123/1 316/119/1
f 324/78/1 325/101/1 317/123/1
f 324/78/1 332/43/1 333/82/1
f 324/78/1 333/82/1 325/101/1
f 324/78/89 315/112/89 323/71/89
f 324/78/89 316/119/89 315/112/89
f 324/78/93 323/71/93 331/39/93
f 324/78/93 331/39/93 332/43/93
f 326/108/88 317/123/88 325/101/88
f 326/108/88 318/129/88 317/123/88
f 326/108/92 325/101/92 333/82/92
f 326/108/92 333/82/92 334/89/92
f 326/1441/43 319/1524/43 318/1442/43
f 326/1441/43 327/1523/43 319/1524/43
f 329/14/98 337/27/98 338/21/98
f 329/14/98 338/21/98 330/2/98
f 330/1306/46 323/1235/46 322/1305/46
f 330/1306/46 331/1236/46 323/1235/46
f 332/43/1 340/29/1 341/60/1
f 332/43/1 341/60/1 333/82/1
f 332/43/97 331/39/97 339/23/97
f 332/43/97 339/23/97 340/29/97
f 334/1440/45 327/1523/45 326/1441/45
f 334/1440/45 335/1522/45 327/1523/45
f 334/89/96 333/82/96 341/60/96
f 334/89/96 341/60/96 342/67/96
f 336/47/5 321/13/5 328/46/5
f 336/47/5 329/14/5 321/13/5
f 336/47/91 327/53/91 335/54/91
f 336/47/91 328/46/91 327/53/91
f 338/1307/48 331/1236/48 330/1306/48
f 338/1307/48 339/1237/48 331/1236/48
f 342/1439/47 335/1522/47 334/1440/47
f 342/1439/47 343/1521/47 335/1522/47
f 344/58/5 329/14/5 336/47/5
f 344/58/5 337/27/5 329/14/5
f 344/58/5 345/41/5 337/27/5
f 344/58/5 352/80/5 345/41/5
f 344/58/95 335/54/95 343/65/95
f 344/58/95 336/47/95 335/54/95
f 344/58/99 343/65/99 351/87/99
f 344/58/99 351/87/99 352/80/99
f 345/41/102 338/21/102 337/27/102
f 345/41/102 346/37/102 338/21/102
f 346/1308/50 339/1237/50 338/1307/50
f 346/1308/50 347/1238/50 339/1237/50
f 348/16/1 341/60/1 340/29/1
f 348/16/1 349/49/1 341/60/1
f 348/16/101 339/23/101 347/4/101
f 348/16/101 340/29/101 339/23/101
f 350/1438/49 343/1521/49 342/1439/49
f 350/1438/49 351/1520/49 343/1521/49
f 350/56/100 341/60/100 349/49/100
f 350/56/100 342/67/100 341/60/100
f 352/80/103 351/87/103 359/106/103
f 352/80/103 359/106/103 360/99/103
f 352/80/5 353/76/5 345/41/5
f 352/80/5 360/99/5 353/76/5
f 353/76/106 346/37/106 345/41/106
f 353/76/106 354/69/106 346/37/106
f 353/76/110 361/117/110 362/110/110
f 353/76/110 362/110/110 354/69/110
f 354/1309/52 347/1238/52 346/1308/52
f 354/1309/52 355/1239/52 347/1238/52
f 356/15/1 349/49/1 348/16/1
f 356/15/1 357/48/1 349/49/1
f 356/15/1 364/28/1 365/59/1
f 356/15/1 365/59/1 357/48/1
f 356/15/105 347/4/105 355/3/105
f 356/15/105 348/16/105 347/4/105
f 356/15/109 355/3/109 363/22/109
f 356/15/109 363/22/109 364/28/109
f 358/1437/51 351/1520/51 350/1438/51
f 358/1437/51 359/1519/51 351/1520/51
f 358/55/104 349/49/104 357/48/104
f 358/55/104 350/56/104 349/49/104
f 358/55/108 357/48/108 365/59/108
f 358/55/108 365/59/108 366/66/108
f 361/117/114 369/138/114 370/134/114
f 361/117/114 370/134/114 362/110/114
f 362/1310/54 355/1239/54 354/1309/54
f 362/1310/54 363/1240/54 355/1239/54
f 364/28/1 372/42/1 373/81/1
f 364/28/1 373/81/1 365/59/1
f 364/28/113 363/22/113 371/38/113
f 364/28/113 371/38/113 372/42/113
f 366/1436/53 359/1519/53 358/1437/53
f 366/1436/53 367/1518/53 359/1519/53
f 366/66/112 365/59/112 373/81/112
f 366/66/112 373/81/112 374/88/112
f 368/121/107 359/106/107 367/127/107
f 368/121/107 360/99/107 359/106/107
f 368/121/5 353/76/5 360/99/5
f 368/121/5 361/117/5 353/76/5
f 370/1311/56 363/1240/56 362/1310/56
f 370/1311/56 371/1241/56 363/1240/56
f 374/1435/55 367/1518/55 366/1436/55
f 374/1435/55 375/1517/55 367/1518/55
f 376/154/111 367/127/111 375/158/111
f 376/154/111 368/121/111 367/127/111
f 376/154/115 375/158/115 383/188/115
f 376/154/115 383/188/115 384/184/115
f 376/154/5 361/117/5 368/121/5
f 376/154/5 369/138/5 361/117/5
f 376/154/5 377/176/5 369/138/5
f 376/154/5 384/184/5 377/176/5
f 377/176/118 370/134/118 369/138/118
f 377/176/118 378/170/118 370/134/118
f 378/1265/58 371/1327/58 370/1266/58
f 378/1265/58 379/1326/58 371/1327/58
f 380/77/1 373/81/1 372/42/1
f 380/77/1 381/100/1 373/81/1
f 380/77/117 371/38/117 379/70/117
f 380/77/117 372/42/117 371/38/117
f 382/107/116 373/81/116 381/100/116
f 382/107/116 374/88/116 373/81/116
f 382/1489/57 375/1554/57 374/1490/57
f 382/1489/57 383/1553/57 375/1554/57
f 382/1489/59 390/1488/59 391/1552/59
f 382/1489/59 391/1552/59 383/1553/59
f 384/184/119 383/188/119 391/228/119
f 384/184/119 391/228/119 392/224/119
f 384/184/5 385/220/5 377/176/5
f 384/184/5 392/224/5 385/220/5
f 385/220/122 378/170/122 377/176/122
f 385/220/122 386/212/122 378/170/122
f 385/220/126 393/258/126 394/262/126
f 385/220/126 394/262/126 386/212/126
f 386/1264/60 379/1326/60 378/1265/60
f 386/1264/60 387/1325/60 379/1326/60
f 388/118/1 381/100/1 380/77/1
f 388/118/1 389/122/1 381/100/1
f 388/118/1 396/139/1 397/155/1
f 388/118/1 397/155/1 389/122/1
f 388/118/121 379/70/121 387/111/121
f 388/118/121 380/77/121 379/70/121
f 388/118/125 387/111/125 395/135/125
f 388/118/125 395/135/125 396/139/125
f 390/128/120 381/100/120 389/122/120
f 390/128/120 382/107/120 381/100/120
f 390/128/124 389/122/124 397/155/124
f 390/128/124 397/155/124 398/159/124
f 393/258/130 145/304/130 394/262/130
f 393/258/130 146/300/130 145/304/130
f 394/1263/62 387/1325/62 386/1264/62
f 394/1263/62 395/1324/62 387/1325/62
f 396/139/1 147/177/1 150/185/1
f 396/139/1 150/185/1 397/155/1
f 396/139/129 148/171/129 147/177/129
f 396/139/129 395/135/129 148/171/129
f 398/1487/61 391/1552/61 390/1488/61
f 398/1487/61 399/1551/61 391/1552/61
f 398/159/128 150/185/128 149/189/128
f 398/159/128 397/155/128 150/185/128
f 400/250/123 391/228/123 399/246/123
f 400/250/123 392/224/123 391/228/123
f 400/250/5 385/220/5 392/224/5
f 400/250/5 393/258/5 385/220/5
f 49/547/29 50/544/29 51/543/29
f 49/940/14 51/939/14 56/959/14
f 49/940/14 56/959/14 55/960/14
f 52/540/15 51/543/15 50/544/15
f 52/540/15 54/539/15 51/543/15
f 52/631/7 53/624/7 54/635/7
f 53/537/25 52/540/25 65/541/25
f 53/537/25 65/541/25 64/538/25
f 54/635/4 56/689/4 51/690/4
f 54/635/4 60/634/4 56/689/4
f 55/1318/18 57/1315/18 68/1314/18
f 55/1318/18 68/1314/18 67/1317/18
f 55/1318/30 56/1316/30 57/1315/30
f 57/1315/17 56/1316/17 60/1272/17
f 57/1315/17 60/1272/17 59/1271/17
f 58/1169/3 53/1130/3 64/1129/3
f 58/1169/3 64/1129/3 70/1168/3
f 58/623/16 54/635/16 53/624/16
f 58/623/16 60/634/16 54/635/16
f 58/623/31 59/630/31 60/634/31
f 59/1271/5 68/1314/5 57/1315/5
f 59/1271/5 72/1270/5 68/1314/5
f 61/548/24 50/544/24 49/547/24
f 61/548/24 63/545/24 50/544/24
f 61/548/32 62/546/32 63/545/32
f 63/545/23 62/546/23 66/542/23
f 63/545/23 66/542/23 65/541/23
f 64/1469/11 65/1473/11 66/1477/11
f 64/1469/22 66/1477/22 71/1478/22
f 64/1469/22 71/1478/22 70/1470/22
f 65/541/1 50/544/1 63/545/1
f 65/541/1 52/540/1 50/544/1
f 67/1317/33 68/1314/33 69/1313/33
f 67/961/21 62/942/21 61/941/21
f 67/961/21 69/962/21 62/942/21
f 67/961/26 49/940/26 55/960/26
f 67/961/26 61/941/26 49/940/26
f 69/1313/20 68/1314/20 72/1270/20
f 69/1313/20 72/1270/20 71/1269/20
f 70/1267/19 59/1271/19 58/1268/19
f 70/1267/19 72/1270/19 59/1271/19
f 70/1470/34 71/1478/34 72/1474/34
f 71/1478/2 62/1515/2 69/1516/2
f 71/1478/2 66/1477/2 62/1515/2
f 73/567/29 74/564/29 75/563/29
f 73/970/14 75/969/14 80/985/14
f 73/970/14 80/985/14 79/986/14
f 76/554/15 75/563/15 74/564/15
f 76/554/15 78/553/15 75/563/15
f 76/578/7 77/576/7 78/580/7
f 77/551/25 76/554/25 89/555/25
f 77/551/25 89/555/25 88/552/25
f 78/580/4 80/585/4 75/586/4
f 78/580/4 84/579/4 80/585/4
f 79/1421/18 81/1411/18 92/1410/18
f 79/1421/18 92/1410/18 91/1420/18
f 79/1421/30 80/1412/30 81/1411/30
f 81/1411/17 80/1412/17 84/1387/17
f 81/1411/17 84/1387/17 83/1386/17
f 82/1949/3 77/1695/3 88/1694/3
f 82/1949/3 88/1694/3 94/1948/3
f 82/575/16 78/580/16 77/576/16
f 82/575/16 84/579/16 78/580/16
f 82/575/31 83/577/31 84/579/31
f 83/1386/5 92/1410/5 81/1411/5
f 83/1386/5 96/1385/5 92/1410/5
f 85/568/24 74/564/24 73/567/24
f 85/568/24 87/565/24 74/564/24
f 85/568/32 86/566/32 87/565/32
f 857/198/14 859/201/14 864/202/14
f 857/198/14 864/202/14 863/199/14
f 857/198/6 858/197/6 859/201/6
f 860/660/15 859/685/15 858/686/15
f 860/660/15 862/659/15 859/685/15
f 860/882/241 861/872/241 862/890/241
f 861/206/25 860/205/25 873/267/25
f 861/206/25 873/267/25 872/268/25
f 862/890/4 864/897/4 859/898/4
f 862/890/4 868/889/4 864/897/4
f 863/199/18 865/200/18 876/148/18
f 863/199/18 876/148/18 875/147/18
f 863/199/242 864/202/242 865/200/242
f 865/917/17 864/918/17 868/914/17
f 865/917/17 868/914/17 867/913/17
f 866/207/3 861/206/3 872/268/3
f 866/207/3 872/268/3 878/269/3
f 866/871/16 862/890/16 861/872/16
f 866/871/16 868/889/16 862/890/16
f 866/871/243 867/881/243 868/889/243
f 867/913/5 876/916/5 865/917/5
f 867/913/5 880/912/5 876/916/5
f 869/146/24 858/197/24 857/198/24
f 869/146/24 871/145/24 858/197/24
f 869/146/244 870/141/244 871/145/244
f 87/565/23 86/566/23 90/556/23
f 87/565/23 90/556/23 89/555/23
f 871/687/23 870/688/23 874/662/23
f 871/687/23 874/662/23 873/661/23
f 872/1467/22 874/1475/22 879/1476/22
f 872/1467/22 879/1476/22 878/1468/22
f 872/1467/245 873/1471/245 874/1475/245
f 873/661/1 858/686/1 871/687/1
f 873/661/1 860/660/1 858/686/1
f 875/147/12 876/148/12 877/142/12
f 875/147/21 870/141/21 869/146/21
f 875/147/21 877/142/21 870/141/21
f 875/147/26 857/198/26 863/199/26
f 875/147/26 869/146/26 857/198/26
f 877/915/20 876/916/20 880/912/20
f 877/915/20 880/912/20 879/911/20
f 878/1468/246 879/1476/246 880/1472/246
f 878/269/19 867/208/19 866/207/19
f 878/269/19 880/270/19 867/208/19
f 879/1476/2 870/1498/2 877/1499/2
f 879/1476/2 874/1475/2 870/1498/2
f 88/625/11 89/632/11 90/636/11
f 88/625/22 90/636/22 95/637/22
f 88/625/22 95/637/22 94/626/22
f 89/555/1 74/564/1 87/565/1
f 89/555/1 76/554/1 74/564/1
f 905/862/14 907/867/14 912/868/14
f 905/862/14 912/868/14 911/863/14
f 905/862/29 906/861/29 907/867/29
f 908/1147/265 909/1132/265 910/1149/265
f 908/644/15 907/669/15 906/670/15
f 908/644/15 910/643/15 907/669/15
f 909/974/25 908/973/25 921/1011/25
f 909/974/25 921/1011/25 920/1012/25
f 91/1420/33 92/1410/33 93/1409/33
f 91/987/21 86/972/21 85/971/21
f 91/987/21 93/988/21 86/972/21
f 91/987/26 73/970/26 79/986/26
f 91/987/26 85/971/26 73/970/26
f 910/1149/4 912/1156/4 907/1157/4
f 910/1149/4 916/1148/4 912/1156/4
f 911/863/18 913/864/18 924/798/18
f 911/863/18 924/798/18 923/797/18
f 911/863/30 912/868/30 913/864/30
f 913/679/17 912/680/17 916/654/17
f 913/679/17 916/654/17 915/653/17
f 914/1131/16 910/1149/16 909/1132/16
f 914/1131/16 916/1148/16 910/1149/16
f 914/1131/266 915/1146/266 916/1148/266
f 914/975/3 909/974/3 920/1012/3
f 914/975/3 920/1012/3 926/1013/3
f 915/653/5 924/678/5 913/679/5
f 915/653/5 928/652/5 924/678/5
f 917/796/24 906/861/24 905/862/24
f 917/796/24 919/795/24 906/861/24
f 917/796/267 918/787/267 919/795/267
f 919/671/23 918/672/23 922/646/23
f 919/671/23 922/646/23 921/645/23
f 920/1105/22 922/1109/22 927/1110/22
f 920/1105/22 927/1110/22 926/1106/22
f 920/1105/268 921/1107/268 922/1109/268
f 921/645/1 906/670/1 919/671/1
f 921/645/1 908/644/1 906/670/1
f 923/797/21 918/787/21 917/796/21
f 923/797/21 925/788/21 918/787/21
f 923/797/26 905/862/26 911/863/26
f 923/797/26 917/796/26 905/862/26
f 923/797/269 924/798/269 925/788/269
f 925/677/20 924/678/20 928/652/20
f 925/677/20 928/652/20 927/651/20
f 926/1013/19 915/976/19 914/975/19
f 926/1013/19 928/1014/19 915/976/19
f 926/1106/270 927/1110/270 928/1108/270
f 927/1110/2 918/1117/2 925/1118/2
f 927/1110/2 922/1109/2 918/1117/2
f 93/1409/20 92/1410/20 96/1385/20
f 93/1409/20 96/1385/20 95/1384/20
f 94/1368/19 83/1386/19 82/1369/19
f 94/1368/19 96/1385/19 83/1386/19
f 94/626/34 95/637/34 96/633/34
f 95/637/2 86/691/2 93/692/2
f 95/637/2 90/636/2 86/691/2
f 969/954/14 971/967/14 976/968/14
f 969/954/14 976/968/14 975/955/14
f 969/954/289 970/953/289 971/967/289
f 97/1513/29 98/1501/29 99/1500/29
f 97/994/14 104/1005/14 103/1006/14
f 97/994/14 99/993/14 104/1005/14
f 972/1216/290 973/1209/290 974/1218/290
f 972/656/15 971/681/15 970/682/15
f 972/656/15 974/655/15 971/681/15
f 973/1036/25 972/1035/25 985/1079/25
f 973/1036/25 985/1079/25 984/1080/25
f 974/1218/4 976/1227/4 971/1228/4
f 974/1218/4 980/1217/4 976/1227/4
f 975/955/18 977/956/18 988/896/18
f 975/955/18 988/896/18 987/895/18
f 975/955/291 976/968/291 977/956/291
f 977/675/17 976/676/17 980/650/17
f 977/675/17 980/650/17 979/649/17
f 978/1037/3 973/1036/3 984/1080/3
f 978/1037/3 984/1080/3 990/1081/3
f 978/1208/16 974/1218/16 973/1209/16
f 978/1208/16 980/1217/16 974/1218/16
f 978/1208/292 979/1215/292 980/1217/292
f 979/649/5 988/674/5 977/675/5
f 979/649/5 992/648/5 988/674/5
f 981/894/24 970/953/24 969/954/24
f 981/894/24 983/893/24 970/953/24
f 981/894/32 982/879/32 983/893/32
f 983/683/23 982/684/23 986/658/23
f 983/683/23 986/658/23 985/657/23
f 984/1170/22 986/1176/22 991/1177/22
f 984/1170/22 991/1177/22 990/1171/22
f 984/1170/293 985/1174/293 986/1176/293
f 985/657/1 970/682/1 983/683/1
f 985/657/1 972/656/1 970/682/1
f 987/895/21 982/879/21 981/894/21
f 987/895/21 989/880/21 982/879/21
f 987/895/26 969/954/26 975/955/26
f 987/895/26 981/894/26 969/954/26
f 987/895/33 988/896/33 989/880/33
f 989/673/20 988/674/20 992/648/20
f 989/673/20 992/648/20 991/647/20
f 990/1081/19 979/1038/19 978/1037/19
f 990/1081/19 992/1082/19 979/1038/19
f 990/1171/294 991/1177/294 992/1175/294
f 991/1177/2 982/1180/2 989/1181/2
f 991/1177/2 986/1176/2 982/1180/2
usemtl MMO_teal_glass
f 594/1659/139 595/1623/139 593/1622/139
f 594/1659/139 596/1660/139 595/1623/139
f 594/337/1 640/353/1 638/354/1
f 595/638/5 597/639/5 599/622/5
f 596/1660/137 597/1624/137 595/1623/137
f 596/1660/137 598/1661/137 597/1624/137
f 597/1624/135 598/1661/135 600/1662/135
f 597/1624/135 600/1662/135 599/1625/135
f 598/283/1 594/337/1 638/354/1
f 598/283/1 596/313/1 594/337/1
f 598/283/1 638/354/1 630/244/1
f 599/622/5 601/606/5 603/590/5
f 599/622/5 603/590/5 607/550/5
f 600/1667/133 601/1631/133 599/1630/133
f 600/1667/133 602/1668/133 601/1631/133
f 602/1668/154 603/1632/154 601/1631/154
f 602/1668/154 604/1669/154 603/1632/154
f 602/203/1 600/243/1 598/283/1
f 603/590/5 605/574/5 607/550/5
f 604/1669/153 605/1633/153 603/1632/153
f 604/1669/153 606/1670/153 605/1633/153
f 606/124/1 602/203/1 598/283/1
f 606/124/1 604/167/1 602/203/1
f 606/1670/151 607/1634/151 605/1633/151
f 606/1670/151 608/1671/151 607/1634/151
f 607/550/5 609/532/5 611/504/5
f 607/550/5 611/504/5 615/408/5
f 607/550/5 615/408/5 623/381/5
f 607/550/5 623/381/5 639/605/5
f 608/1671/150 609/1635/150 607/1634/150
f 608/1671/150 610/1672/150 609/1635/150
f 610/1672/148 611/1636/148 609/1635/148
f 610/1672/148 612/1673/148 611/1636/148
f 610/44/1 608/96/1 606/124/1
f 611/504/5 613/458/5 615/408/5
f 612/1573/146 613/1594/146 611/1595/146
f 612/1573/146 614/1572/146 613/1594/146
f 614/1572/144 615/1593/144 613/1594/144
f 614/1572/144 616/1571/144 615/1593/144
f 614/5/1 606/124/1 598/283/1
f 614/5/1 610/44/1 606/124/1
f 614/5/1 612/24/1 610/44/1
f 615/408/5 617/382/5 619/374/5
f 615/408/5 619/374/5 623/381/5
f 616/1571/142 617/1592/142 615/1593/142
f 616/1571/142 618/1570/142 617/1592/142
f 618/1570/140 619/1591/140 617/1592/140
f 618/1570/140 620/1569/140 619/1591/140
f 618/25/1 616/6/1 614/5/1
f 619/374/5 621/373/5 623/381/5
f 620/1569/138 621/1590/138 619/1591/138
f 620/1569/138 622/1568/138 621/1590/138
f 622/1568/136 623/1589/136 621/1590/136
f 622/1568/136 624/1567/136 623/1589/136
f 622/97/1 618/25/1 614/5/1
f 622/97/1 620/45/1 618/25/1
f 623/381/5 625/407/5 627/457/5
f 623/381/5 627/457/5 631/531/5
f 623/381/5 631/531/5 639/605/5
f 624/1651/134 625/1683/134 623/1684/134
f 624/1651/134 626/1650/134 625/1683/134
f 625/1683/132 626/1650/132 628/1649/132
f 625/1683/132 628/1649/132 627/1682/132
f 626/168/1 624/125/1 622/97/1
f 627/457/5 629/503/5 631/531/5
f 628/1649/152 629/1681/152 627/1682/152
f 628/1649/152 630/1648/152 629/1681/152
f 630/1648/131 631/1680/131 629/1681/131
f 630/1648/131 632/1647/131 631/1680/131
f 630/244/1 614/5/1 598/283/1
f 630/244/1 622/97/1 614/5/1
f 630/244/1 626/168/1 622/97/1
f 630/244/1 628/204/1 626/168/1
f 631/1680/149 632/1647/149 634/1646/149
f 631/1680/149 634/1646/149 633/1679/149
f 631/531/5 633/549/5 635/573/5
f 631/531/5 635/573/5 639/605/5
f 634/1646/147 635/1678/147 633/1679/147
f 634/1646/147 636/1645/147 635/1678/147
f 634/314/1 632/284/1 630/244/1
f 635/573/5 637/589/5 639/605/5
f 636/1656/145 637/1620/145 635/1619/145
f 636/1656/145 638/1657/145 637/1620/145
f 638/1657/143 639/1621/143 637/1620/143
f 638/1657/143 640/1658/143 639/1621/143
f 638/354/1 634/314/1 630/244/1
f 638/354/1 636/338/1 634/314/1
f 639/605/5 593/621/5 595/638/5
f 639/605/5 595/638/5 599/622/5
f 639/605/5 599/622/5 607/550/5
f 640/1658/141 593/1622/141 639/1621/141
f 640/1658/141 594/1659/141 593/1622/141
f 641/1861/149 643/1884/149 648/1925/149
f 641/1861/149 648/1925/149 647/1890/149
f 641/1861/203 642/1788/203 643/1884/203
f 644/1706/204 645/1757/204 646/1743/204
f 644/800/184 643/806/184 642/801/184
f 644/800/184 646/805/184 643/806/184
f 646/1743/143 648/1723/143 643/1707/143
f 646/1743/143 652/1777/143 648/1723/143
f 647/1890/205 648/1925/205 649/1944/205
f 649/709/5 651/708/5 664/720/5
f 649/709/5 664/720/5 660/721/5
f 650/1727/154 645/1748/154 656/1822/154
f 650/1727/154 656/1822/154 662/1770/154
f 650/1808/137 646/1743/137 645/1757/137
f 650/1808/137 652/1777/137 646/1743/137
f 650/1808/206 651/1876/206 652/1777/206
f 650/707/159 662/719/159 664/720/159
f 650/707/159 664/720/159 651/708/159
f 651/708/183 648/704/183 652/703/183
f 651/708/183 649/709/183 648/704/183
f 653/1806/207 654/1775/207 655/1872/207
f 653/782/161 642/801/161 641/802/161
f 653/782/161 655/781/161 642/801/161
f 656/1822/150 658/1846/150 663/1811/150
f 656/1822/150 663/1811/150 662/1770/150
f 656/1822/208 657/1896/208 658/1846/208
f 656/779/160 644/800/160 657/780/160
f 656/779/160 645/799/160 644/800/160
f 657/780/1 642/801/1 655/781/1
f 657/780/1 644/800/1 642/801/1
f 657/780/185 654/778/185 658/777/185
f 657/780/185 655/781/185 654/778/185
f 659/1755/138 654/1775/138 653/1806/138
f 659/1755/138 661/1741/138 654/1775/138
f 659/1755/209 660/1702/209 661/1741/209
f 659/1831/132 641/1861/132 647/1890/132
f 659/1831/132 653/1789/132 641/1861/132
f 659/722/162 647/710/162 649/709/162
f 659/722/162 649/709/162 660/721/162
f 661/728/186 660/721/186 664/720/186
f 661/728/186 664/720/186 663/727/186
f 662/1770/210 663/1811/210 664/1728/210
f 663/1701/144 654/1775/144 661/1741/144
f 663/1701/144 658/1721/144 654/1775/144
f 665/615/132 667/614/132 672/616/132
f 665/615/132 672/616/132 671/617/132
f 665/615/211 666/608/211 667/614/211
f 666/163/196 668/162/196 670/165/196
f 666/163/196 670/165/196 667/166/196
f 668/1898/212 669/1840/212 670/1814/212
f 670/607/149 672/616/149 667/614/149
f 670/607/149 676/609/149 672/616/149
f 671/617/213 672/616/213 673/620/213
f 673/181/195 672/174/195 676/173/195
f 673/181/195 676/173/195 675/180/195
f 673/181/5 675/180/5 688/192/5
f 673/181/5 688/192/5 684/193/5
f 674/1801/137 669/1840/137 680/1899/137
f 674/1801/137 680/1899/137 686/1868/137
f 674/1801/143 670/1814/143 669/1840/143
f 674/1801/143 676/1759/143 670/1814/143
f 674/1801/214 675/1731/214 676/1759/214
f 677/152/173 666/163/173 665/164/173
f 677/152/173 679/151/173 666/163/173
f 677/1916/215 678/1885/215 679/1933/215
f 680/149/172 668/162/172 681/150/172
f 680/149/172 669/161/172 668/162/172
f 680/1844/154 682/1826/154 687/1774/154
f 680/1844/154 687/1774/154 686/1805/154
f 680/1844/216 681/1913/216 682/1826/216
f 681/150/1 666/163/1 679/151/1
f 681/150/1 668/162/1 666/163/1
f 681/150/197 678/144/197 682/143/197
f 681/150/197 679/151/197 678/144/197
f 683/1877/138 665/1934/138 671/1926/138
f 683/1877/138 677/1916/138 665/1934/138
f 683/1877/144 678/1885/144 677/1916/144
f 683/1877/144 685/1849/144 678/1885/144
f 683/1877/217 684/1778/217 685/1849/217
f 683/194/174 671/182/174 673/181/174
f 683/194/174 673/181/174 684/193/174
f 685/196/198 684/193/198 688/192/198
f 685/196/198 688/192/198 687/195/198
f 686/1805/218 687/1774/218 688/1718/218
f 686/191/171 675/180/171 674/179/171
f 686/191/171 688/192/171 675/180/171
f 687/1774/150 678/1746/150 685/1719/150
f 687/1774/150 682/1826/150 678/1746/150
f 689/1858/138 691/1881/138 696/1922/138
f 689/1858/138 696/1922/138 695/1891/138
f 689/1858/207 690/1779/207 691/1881/207
f 689/234/185 701/218/185 703/217/185
f 689/234/185 703/217/185 690/233/185
f 692/1720/203 693/1765/203 694/1797/203
f 692/232/161 691/236/161 690/233/161
f 692/232/161 694/235/161 691/236/161
f 693/231/184 692/232/184 705/216/184
f 693/231/184 705/216/184 704/215/184
f 694/1797/132 696/1915/132 691/1866/132
f 694/1797/132 700/1838/132 696/1915/132
f 695/1891/209 696/1922/209 697/1935/209
f 695/242/186 697/241/186 708/255/186
f 695/242/186 708/255/186 707/256/186
f 698/1750/143 693/1733/143 704/1768/143
f 698/1750/143 704/1768/143 710/1824/143
f 698/1820/149 694/1797/149 693/1765/149
f 698/1820/149 700/1838/149 694/1797/149
f 698/1820/205 699/1914/205 700/1838/205
f 698/239/183 710/253/183 712/254/183
f 698/239/183 712/254/183 699/240/183
f 699/240/162 696/238/162 700/237/162
f 699/240/162 697/241/162 696/238/162
f 699/240/5 708/255/5 697/241/5
f 699/240/5 712/254/5 708/255/5
f 701/1766/208 702/1798/208 703/1871/208
f 703/217/1 692/232/1 690/233/1
f 703/217/1 705/216/1 692/232/1
f 703/217/160 702/210/160 706/209/160
f 703/217/160 706/209/160 705/216/160
f 704/1768/137 706/1809/137 711/1848/137
f 704/1768/137 711/1848/137 710/1824/137
f 704/1768/219 705/1732/219 706/1809/219
f 707/1739/150 702/1798/150 701/1766/150
f 707/1739/150 709/1751/150 702/1798/150
f 707/1739/210 708/1700/210 709/1751/210
f 707/1828/144 689/1858/144 695/1891/144
f 707/1828/144 701/1780/144 689/1858/144
f 710/1824/206 711/1848/206 712/1900/206
f 711/1832/154 702/1798/154 709/1751/154
f 711/1832/154 706/1870/154 702/1798/154
f 711/265/159 708/255/159 712/254/159
f 711/265/159 709/266/159 708/255/159
f 713/1740/144 715/1752/144 720/1799/144
f 713/1740/144 720/1799/144 719/1767/144
f 713/1740/215 714/1703/215 715/1752/215
f 713/760/197 725/746/197 727/745/197
f 713/760/197 727/745/197 714/759/197
f 716/1730/211 717/1771/211 718/1812/211
f 716/758/173 715/762/173 714/759/173
f 716/758/173 718/761/173 715/762/173
f 717/757/196 716/758/196 729/744/196
f 717/757/196 729/744/196 728/743/196
f 718/1833/138 720/1799/138 715/1752/138
f 718/1833/138 724/1873/138 720/1799/138
f 719/1767/217 720/1799/217 721/1874/217
f 719/824/198 721/823/198 732/831/198
f 719/824/198 732/831/198 731/832/198
f 722/1823/132 718/1812/132 717/1771/132
f 722/1823/132 724/1847/132 718/1812/132
f 722/1823/149 717/1771/149 728/1729/149
f 722/1823/149 728/1729/149 734/1749/149
f 722/1823/213 723/1897/213 724/1847/213
f 723/822/174 720/820/174 724/819/174
f 723/822/174 721/823/174 720/820/174
f 723/822/5 732/831/5 721/823/5
f 723/822/5 736/830/5 732/831/5
f 725/1918/216 726/1887/216 727/1939/216
f 727/745/1 716/758/1 714/759/1
f 727/745/1 729/744/1 716/758/1
f 727/745/172 726/742/172 730/741/172
f 727/745/172 730/741/172 729/744/172
f 728/1816/143 730/1834/143 735/1793/143
f 728/1816/143 735/1793/143 734/1761/143
f 728/1816/220 729/1903/220 730/1834/220
f 731/1879/150 713/1940/150 719/1928/150
f 731/1879/150 725/1918/150 713/1940/150
f 731/1879/154 726/1887/154 725/1918/154
f 731/1879/154 733/1851/154 726/1887/154
f 731/1879/218 732/1784/218 733/1851/218
f 734/1761/214 735/1793/214 736/1710/214
f 734/829/195 723/822/195 722/821/195
f 734/829/195 736/830/195 723/822/195
f 735/1793/137 726/1904/137 733/1862/137
f 735/1793/137 730/1834/137 726/1904/137
f 735/833/171 732/831/171 736/830/171
f 735/833/171 733/834/171 732/831/171
f 737/1057/160 749/1069/160 751/1070/160
f 737/1057/160 751/1070/160 738/1058/160
f 737/1839/150 739/1813/150 744/1758/150
f 737/1839/150 744/1758/150 743/1800/150
f 737/1839/208 738/1894/208 739/1813/208
f 740/1059/185 739/1051/185 738/1058/185
f 740/1059/185 742/1052/185 739/1051/185
f 740/1711/221 741/1803/221 742/1772/221
f 742/1772/144 744/1744/144 739/1712/144
f 742/1772/144 748/1827/144 744/1744/144
f 743/1800/210 744/1758/210 745/1724/210
f 743/459/159 745/460/159 756/442/159
f 743/459/159 756/442/159 755/441/159
f 745/460/186 744/467/186 748/468/186
f 745/460/186 748/468/186 747/461/186
f 746/1830/132 741/1787/132 752/1860/132
f 746/1830/132 752/1860/132 758/1889/132
f 746/1842/138 742/1772/138 741/1803/138
f 746/1842/138 748/1827/138 742/1772/138
f 746/1842/222 747/1905/222 748/1827/222
f 747/461/5 756/442/5 745/460/5
f 747/461/5 760/443/5 756/442/5
f 749/1807/204 750/1776/204 751/1875/204
f 752/1072/161 740/1059/161 753/1071/161
f 752/1072/161 741/1060/161 740/1059/161
f 752/1860/149 754/1883/149 759/1924/149
f 752/1860/149 759/1924/149 758/1889/149
f 752/1860/223 753/1786/223 754/1883/223
f 753/1071/1 738/1058/1 751/1070/1
f 753/1071/1 740/1059/1 738/1058/1
f 753/1071/184 750/1073/184 754/1074/184
f 753/1071/184 751/1070/184 750/1073/184
f 755/1756/137 750/1776/137 749/1807/137
f 755/1756/137 757/1742/137 750/1776/137
f 755/1756/224 756/1705/224 757/1742/224
f 755/1867/154 737/1839/154 743/1800/154
f 755/1867/154 749/1893/154 737/1839/154
f 757/435/183 756/442/183 760/443/183
f 757/435/183 760/443/183 759/436/183
f 758/1889/225 759/1924/225 760/1943/225
f 758/444/162 747/461/162 746/462/162
f 758/444/162 760/443/162 747/461/162
f 759/1704/143 750/1776/143 757/1742/143
f 759/1704/143 754/1722/143 750/1776/143
f 761/1843/154 763/1825/154 768/1773/154
f 761/1843/154 768/1773/154 767/1804/154
f 761/1843/216 762/1910/216 763/1825/216
f 761/377/172 773/395/172 775/396/172
f 761/377/172 775/396/172 762/378/172
f 762/378/197 764/379/197 766/376/197
f 762/378/197 766/376/197 763/375/197
f 764/1901/226 765/1841/226 766/1815/226
f 766/1745/150 768/1773/150 763/1825/150
f 766/1745/150 772/1716/150 768/1773/150
f 767/1804/218 768/1773/218 769/1715/218
f 767/357/171 769/358/171 780/344/171
f 767/357/171 780/344/171 779/343/171
f 769/358/198 768/367/198 772/368/198
f 769/358/198 772/368/198 771/359/198
f 770/1802/138 765/1841/138 776/1902/138
f 770/1802/138 776/1902/138 782/1869/138
f 770/1802/144 766/1815/144 765/1841/144
f 770/1802/144 772/1760/144 766/1815/144
f 770/1802/227 771/1734/227 772/1760/227
f 771/359/5 780/344/5 769/358/5
f 771/359/5 784/345/5 780/344/5
f 773/1917/220 774/1886/220 775/1936/220
f 775/396/1 764/379/1 762/378/1
f 775/396/1 777/397/1 764/379/1
f 776/1090/132 778/1091/132 783/1093/132
f 776/1090/132 783/1093/132 782/1092/132
f 776/1090/228 777/1085/228 778/1091/228
f 776/398/173 764/379/173 777/397/173
f 776/398/173 765/380/173 764/379/173
f 777/397/196 774/403/196 778/404/196
f 777/397/196 775/396/196 774/403/196
f 779/1878/137 761/1937/137 767/1927/137
f 779/1878/137 773/1917/137 761/1937/137
f 779/1878/143 774/1886/143 773/1917/143
f 779/1878/143 781/1850/143 774/1886/143
f 779/1878/229 780/1781/229 781/1850/229
f 781/335/195 780/344/195 784/345/195
f 781/335/195 784/345/195 783/336/195
f 782/1092/230 783/1093/230 784/1098/230
f 782/346/174 771/359/174 770/360/174
f 782/346/174 784/345/174 771/359/174
f 783/1093/149 774/1096/149 781/1097/149
f 783/1093/149 778/1091/149 774/1096/149
f 785/1859/137 787/1882/137 792/1923/137
f 785/1859/137 792/1923/137 791/1892/137
f 785/1859/204 786/1782/204 787/1882/204
f 788/277/160 787/273/160 786/276/160
f 788/277/160 790/274/160 787/273/160
f 788/860/231 789/857/231 790/856/231
f 789/278/185 788/277/185 801/287/185
f 789/278/185 801/287/185 800/288/185
f 790/856/154 792/849/154 787/853/154
f 790/856/154 796/854/154 792/849/154
f 791/1892/224 792/1923/224 793/1938/224
f 793/316/5 795/317/5 808/311/5
f 793/316/5 808/311/5 804/310/5
f 794/1190/144 789/1187/144 800/1200/144
f 794/1190/144 800/1200/144 806/1206/144
f 794/318/186 806/312/186 808/311/186
f 794/318/186 808/311/186 795/317/186
f 794/855/150 790/856/150 789/857/150
f 794/855/150 796/854/150 790/856/150
f 794/855/232 795/850/232 796/854/232
f 795/317/159 792/319/159 796/320/159
f 795/317/159 793/316/159 792/319/159
f 797/1764/203 798/1796/203 799/1717/203
f 797/285/184 786/276/184 785/275/184
f 797/285/184 799/286/184 786/276/184
f 799/286/161 798/297/161 802/298/161
f 799/286/161 802/298/161 801/287/161
f 800/1200/138 802/1205/138 807/1207/138
f 800/1200/138 807/1207/138 806/1206/138
f 800/1200/221 801/1186/221 802/1205/221
f 801/287/1 786/276/1 799/286/1
f 801/287/1 788/277/1 786/276/1
f 803/1819/149 798/1796/149 797/1764/149
f 803/1819/149 805/1837/149 798/1796/149
f 803/1819/205 804/1911/205 805/1837/205
f 803/1829/143 785/1859/143 791/1892/143
f 803/1829/143 797/1783/143 785/1859/143
f 803/309/183 791/315/183 793/316/183
f 803/309/183 793/316/183 804/310/183
f 806/1206/222 807/1207/222 808/1210/222
f 807/1912/132 798/1796/132 805/1837/132
f 807/1912/132 802/1865/132 798/1796/132
f 807/308/162 804/310/162 808/311/162
f 807/308/162 805/307/162 804/310/162
f 809/1818/143 811/1836/143 816/1795/143
f 809/1818/143 816/1795/143 815/1763/143
f 809/1818/220 810/1908/220 811/1836/220
f 810/480/172 812/481/172 814/474/172
f 810/480/172 814/474/172 811/473/172
f 812/1941/233 813/1919/233 814/1888/233
f 813/482/197 812/481/197 825/499/197
f 813/482/197 825/499/197 824/500/197
f 814/1909/137 816/1795/137 811/1836/137
f 814/1909/137 820/1864/137 816/1795/137
f 815/1763/229 816/1795/229 817/1714/229
f 815/523/195 817/524/195 828/520/195
f 815/523/195 828/520/195 827/519/195
f 817/524/171 816/527/171 820/528/171
f 817/524/171 820/528/171 819/525/171
f 817/524/5 819/525/5 832/521/5
f 817/524/5 832/521/5 828/520/5
f 818/1880/150 813/1919/150 824/1942/150
f 818/1880/150 824/1942/150 830/1929/150
f 818/1880/154 814/1888/154 813/1919/154
f 818/1880/154 820/1852/154 814/1888/154
f 818/1880/234 819/1785/234 820/1852/234
f 818/526/198 830/522/198 832/521/198
f 818/526/198 832/521/198 819/525/198
f 821/1769/211 822/1810/211 823/1726/211
f 821/497/196 810/480/196 809/479/196
f 821/497/196 823/498/196 810/480/196
f 823/498/173 822/501/173 826/502/173
f 823/498/173 826/502/173 825/499/173
f 824/1817/144 826/1835/144 831/1794/144
f 824/1817/144 831/1794/144 830/1762/144
f 824/1817/226 825/1906/226 826/1835/226
f 825/499/1 810/480/1 823/498/1
f 825/499/1 812/481/1 810/480/1
f 827/1821/132 822/1810/132 821/1769/132
f 827/1821/132 829/1845/132 822/1810/132
f 827/1821/149 809/1725/149 815/1747/149
f 827/1821/149 821/1769/149 809/1725/149
f 827/1821/213 828/1895/213 829/1845/213
f 829/517/174 828/520/174 832/521/174
f 829/517/174 832/521/174 831/518/174
f 830/1762/227 831/1794/227 832/1713/227
f 831/1794/138 822/1907/138 829/1863/138
f 831/1794/138 826/1835/138 822/1907/138
usemtl MMO_oak_polished
f 1000/1855/144 1001/1946/144 999/1947/144
f 1000/1855/144 1002/1854/144 1001/1946/144
f 1002/1854/138 1003/1945/138 1001/1946/138
f 1002/1854/138 1004/1853/138 1003/1945/138
f 1002/1921/1 1000/1857/1 998/1754/1
f 1003/1574/5 1005/1576/5 1007/1587/5
f 1004/104/132 1005/114/132 1003/115/132
f 1004/104/132 1006/103/132 1005/114/132
f 1006/103/149 1007/113/149 1005/114/149
f 1006/103/149 1008/102/149 1007/113/149
f 1006/1856/1 1002/1921/1 998/1754/1
f 1006/1856/1 1004/1920/1 1002/1921/1
f 1007/1587/5 993/1596/5 995/1597/5
f 1007/1587/5 995/1597/5 999/1577/5
f 1008/12/143 993/18/143 1007/19/143
f 1008/12/143 994/11/143 993/18/143
f 930/1665/1 944/1666/1 942/1655/1
f 930/1791/137 931/1930/137 929/1931/137
f 930/1791/137 932/1790/137 931/1930/137
f 931/1663/5 933/1676/5 935/1685/5
f 932/33/154 933/31/154 931/30/154
f 932/33/154 934/34/154 933/31/154
f 934/1628/1 930/1665/1 942/1655/1
f 934/1628/1 932/1654/1 930/1665/1
f 934/34/150 935/32/150 933/31/150
f 934/34/150 936/35/150 935/32/150
f 935/1685/5 937/1686/5 939/1677/5
f 935/1685/5 939/1677/5 943/1653/5
f 936/629/144 937/641/144 935/642/144
f 936/629/144 938/628/144 937/641/144
f 938/1618/1 936/1617/1 934/1628/1
f 938/628/138 939/640/138 937/641/138
f 938/628/138 940/627/138 939/640/138
f 939/1677/5 941/1664/5 943/1653/5
f 940/52/132 941/62/132 939/63/132
f 940/52/132 942/51/132 941/62/132
f 942/1655/1 938/1618/1 934/1628/1
f 942/1655/1 940/1629/1 938/1618/1
f 942/51/149 943/61/149 941/62/149
f 942/51/149 944/50/149 943/61/149
f 943/1653/5 929/1652/5 931/1663/5
f 943/1653/5 931/1663/5 935/1685/5
f 944/1792/143 929/1931/143 943/1932/143
f 944/1792/143 930/1791/143 929/1931/143
f 994/11/137 995/17/137 993/18/137
f 994/11/137 996/10/137 995/17/137
f 994/1708/1 1008/1753/1 1006/1856/1
f 995/1597/5 997/1588/5 999/1577/5
f 996/90/154 997/84/154 995/83/154
f 996/90/154 998/91/154 997/84/154
f 998/1754/1 994/1708/1 1006/1856/1
f 998/1754/1 996/1709/1 994/1708/1
f 998/91/150 1000/92/150 999/85/150
f 998/91/150 999/85/150 997/84/150
f 999/1577/5 1001/1575/5 1003/1574/5
f 999/1577/5 1003/1574/5 1007/1587/5
