# Blender 4.0.2
# www.blender.org
mtllib vendor_stall.mtl
o vendor_stall
v 1.420000 0.000000 -0.920000
v 1.420000 0.030000 -0.950000
v 1.450000 0.030000 -0.920000
v 1.420000 0.090000 -0.950000
v 1.420000 0.120000 -0.920000
v 1.450000 0.090000 -0.920000
v 1.420000 0.000000 0.920000
v 1.450000 0.030000 0.920000
v 1.420000 0.030000 0.950000
v 1.420000 0.120000 0.920000
v 1.420000 0.090000 0.950000
v 1.450000 0.090000 0.920000
v -1.420000 0.000000 -0.920000
v -1.450000 0.030000 -0.920000
v -1.420000 0.030000 -0.950000
v -1.420000 0.120000 -0.920000
v -1.420000 0.090000 -0.950000
v -1.450000 0.090000 -0.920000
v -1.420000 0.000000 0.920000
v -1.420000 0.030000 0.950000
v -1.450000 0.030000 0.920000
v -1.420000 0.120000 0.920000
v -1.450000 0.090000 0.920000
v -1.420000 0.090000 0.950000
v 1.270000 0.120000 0.270000
v 1.270000 0.150000 0.240000
v 1.300000 0.150000 0.270000
v 1.270000 0.930000 0.240000
v 1.270000 0.960000 0.270000
v 1.300000 0.930000 0.270000
v 1.270000 0.120000 0.770000
v 1.300000 0.150000 0.770000
v 1.270000 0.150000 0.800000
v 1.270000 0.960000 0.770000
v 1.270000 0.930000 0.800000
v 1.300000 0.930000 0.770000
v -1.270000 0.120000 0.270000
v -1.300000 0.150000 0.270000
v -1.270000 0.150000 0.240000
v -1.270000 0.960000 0.270000
v -1.270000 0.930000 0.240000
v -1.300000 0.930000 0.270000
v -1.270000 0.120000 0.770000
v -1.270000 0.150000 0.800000
v -1.300000 0.150000 0.770000
v -1.270000 0.960000 0.770000
v -1.300000 0.930000 0.770000
v -1.270000 0.930000 0.800000
v 1.370000 0.960000 0.190000
v 1.370000 0.990000 0.160000
v 1.400000 0.990000 0.190000
v 1.370000 1.010000 0.160000
v 1.370000 1.040000 0.190000
v 1.400000 1.010000 0.190000
v 1.370000 0.960000 0.850000
v 1.400000 0.990000 0.850000
v 1.370000 0.990000 0.880000
v 1.370000 1.040000 0.850000
v 1.370000 1.010000 0.880000
v 1.400000 1.010000 0.850000
v -1.370000 0.960000 0.190000
v -1.400000 0.990000 0.190000
v -1.370000 0.990000 0.160000
v -1.370000 1.040000 0.190000
v -1.370000 1.010000 0.160000
v -1.400000 1.010000 0.190000
v -1.370000 0.960000 0.850000
v -1.370000 0.990000 0.880000
v -1.400000 0.990000 0.850000
v -1.370000 1.040000 0.850000
v -1.400000 1.010000 0.850000
v -1.370000 1.010000 0.880000
v 1.400000 0.950000 0.800000
v 1.400000 0.970000 0.780000
v 1.420000 0.970000 0.800000
v 1.400000 1.030000 0.780000
v 1.400000 1.050000 0.800000
v 1.420000 1.030000 0.800000
v 1.400000 0.950000 0.880000
v 1.420000 0.970000 0.880000
v 1.400000 0.970000 0.900000
v 1.400000 1.050000 0.880000
v 1.400000 1.030000 0.900000
v 1.420000 1.030000 0.880000
v 1.320000 0.950000 0.800000
v 1.300000 0.970000 0.800000
v 1.320000 0.970000 0.780000
v 1.320000 1.050000 0.800000
v 1.320000 1.030000 0.780000
v 1.300000 1.030000 0.800000
v 1.320000 0.950000 0.880000
v 1.320000 0.970000 0.900000
v 1.300000 0.970000 0.880000
v 1.320000 1.050000 0.880000
v 1.300000 1.030000 0.880000
v 1.320000 1.030000 0.900000
v 1.400000 0.950000 0.160000
v 1.400000 0.970000 0.140000
v 1.420000 0.970000 0.160000
v 1.400000 1.030000 0.140000
v 1.400000 1.050000 0.160000
v 1.420000 1.030000 0.160000
v 1.400000 0.950000 0.240000
v 1.420000 0.970000 0.240000
v 1.400000 0.970000 0.260000
v 1.400000 1.050000 0.240000
v 1.400000 1.030000 0.260000
v 1.420000 1.030000 0.240000
v 1.320000 0.950000 0.160000
v 1.300000 0.970000 0.160000
v 1.320000 0.970000 0.140000
v 1.320000 1.050000 0.160000
v 1.320000 1.030000 0.140000
v 1.300000 1.030000 0.160000
v 1.320000 0.950000 0.240000
v 1.320000 0.970000 0.260000
v 1.300000 0.970000 0.240000
v 1.320000 1.050000 0.240000
v 1.300000 1.030000 0.240000
v 1.320000 1.030000 0.260000
v -1.320000 0.950000 0.800000
v -1.320000 0.970000 0.780000
v -1.300000 0.970000 0.800000
v -1.320000 1.030000 0.780000
v -1.320000 1.050000 0.800000
v -1.300000 1.030000 0.800000
v -1.320000 0.950000 0.880000
v -1.300000 0.970000 0.880000
v -1.320000 0.970000 0.900000
v -1.320000 1.050000 0.880000
v -1.320000 1.030000 0.900000
v -1.300000 1.030000 0.880000
v -1.400000 0.950000 0.800000
v -1.420000 0.970000 0.800000
v -1.400000 0.970000 0.780000
v -1.400000 1.050000 0.800000
v -1.400000 1.030000 0.780000
v -1.420000 1.030000 0.800000
v -1.400000 0.950000 0.880000
v -1.400000 0.970000 0.900000
v -1.420000 0.970000 0.880000
v -1.400000 1.050000 0.880000
v -1.420000 1.030000 0.880000
v -1.400000 1.030000 0.900000
v -1.320000 0.950000 0.160000
v -1.320000 0.970000 0.140000
v -1.300000 0.970000 0.160000
v -1.320000 1.030000 0.140000
v -1.320000 1.050000 0.160000
v -1.300000 1.030000 0.160000
v -1.320000 0.950000 0.240000
v -1.300000 0.970000 0.240000
v -1.320000 0.970000 0.260000
v -1.320000 1.050000 0.240000
v -1.320000 1.030000 0.260000
v -1.300000 1.030000 0.240000
v -1.400000 0.950000 0.160000
v -1.420000 0.970000 0.160000
v -1.400000 0.970000 0.140000
v -1.400000 1.050000 0.160000
v -1.400000 1.030000 0.140000
v -1.420000 1.030000 0.160000
v -1.400000 0.950000 0.240000
v -1.400000 0.970000 0.260000
v -1.420000 0.970000 0.240000
v -1.400000 1.050000 0.240000
v -1.420000 1.030000 0.240000
v -1.400000 1.030000 0.260000
v 1.300000 0.140000 0.790000
v 1.300000 0.160000 0.770000
v 1.320000 0.160000 0.790000
v 1.300000 0.240000 0.770000
v 1.300000 0.260000 0.790000
v 1.320000 0.240000 0.790000
v 1.300000 0.140000 0.810000
v 1.320000 0.160000 0.810000
v 1.300000 0.160000 0.830000
v 1.300000 0.260000 0.810000
v 1.300000 0.240000 0.830000
v 1.320000 0.240000 0.810000
v -1.300000 0.140000 0.790000
v -1.320000 0.160000 0.790000
v -1.300000 0.160000 0.770000
v -1.300000 0.260000 0.790000
v -1.300000 0.240000 0.770000
v -1.320000 0.240000 0.790000
v -1.300000 0.140000 0.810000
v -1.300000 0.160000 0.830000
v -1.320000 0.160000 0.810000
v -1.300000 0.260000 0.810000
v -1.320000 0.240000 0.810000
v -1.300000 0.240000 0.830000
v 0.462000 0.270000 0.798000
v 0.462000 0.288000 0.780000
v 0.480000 0.288000 0.798000
v 0.462000 0.872000 0.780000
v 0.462000 0.890000 0.798000
v 0.480000 0.872000 0.798000
v 0.462000 0.270000 0.802000
v 0.480000 0.288000 0.802000
v 0.462000 0.288000 0.820000
v 0.462000 0.890000 0.802000
v 0.462000 0.872000 0.820000
v 0.480000 0.872000 0.802000
v 0.418000 0.270000 0.798000
v 0.400000 0.288000 0.798000
v 0.418000 0.288000 0.780000
v 0.418000 0.890000 0.798000
v 0.418000 0.872000 0.780000
v 0.400000 0.872000 0.798000
v 0.418000 0.270000 0.802000
v 0.418000 0.288000 0.820000
v 0.400000 0.288000 0.802000
v 0.418000 0.890000 0.802000
v 0.400000 0.872000 0.802000
v 0.418000 0.872000 0.820000
v -0.418000 0.270000 0.798000
v -0.418000 0.288000 0.780000
v -0.400000 0.288000 0.798000
v -0.418000 0.872000 0.780000
v -0.418000 0.890000 0.798000
v -0.400000 0.872000 0.798000
v -0.418000 0.270000 0.802000
v -0.400000 0.288000 0.802000
v -0.418000 0.288000 0.820000
v -0.418000 0.890000 0.802000
v -0.418000 0.872000 0.820000
v -0.400000 0.872000 0.802000
v -0.462000 0.270000 0.798000
v -0.480000 0.288000 0.798000
v -0.462000 0.288000 0.780000
v -0.462000 0.890000 0.798000
v -0.462000 0.872000 0.780000
v -0.480000 0.872000 0.798000
v -0.462000 0.270000 0.802000
v -0.462000 0.288000 0.820000
v -0.480000 0.288000 0.802000
v -0.462000 0.890000 0.802000
v -0.480000 0.872000 0.802000
v -0.462000 0.872000 0.820000
v 1.400000 0.120000 0.820000
v 1.400000 0.150000 0.790000
v 1.430000 0.150000 0.820000
v 1.400000 2.290000 0.790000
v 1.400000 2.320000 0.820000
v 1.430000 2.290000 0.820000
v 1.400000 0.120000 0.900000
v 1.430000 0.150000 0.900000
v 1.400000 0.150000 0.930000
v 1.400000 2.320000 0.900000
v 1.400000 2.290000 0.930000
v 1.430000 2.290000 0.900000
v 1.320000 0.120000 0.820000
v 1.290000 0.150000 0.820000
v 1.320000 0.150000 0.790000
v 1.320000 2.320000 0.820000
v 1.320000 2.290000 0.790000
v 1.290000 2.290000 0.820000
v 1.320000 0.120000 0.900000
v 1.320000 0.150000 0.930000
v 1.290000 0.150000 0.900000
v 1.320000 2.320000 0.900000
v 1.290000 2.290000 0.900000
v 1.320000 2.290000 0.930000
v 1.430000 0.120000 0.790000
v 1.430000 0.140000 0.770000
v 1.450000 0.140000 0.790000
v 1.430000 0.200000 0.770000
v 1.430000 0.220000 0.790000
v 1.450000 0.200000 0.790000
v 1.430000 0.120000 0.930000
v 1.450000 0.140000 0.930000
v 1.430000 0.140000 0.950000
v 1.430000 0.220000 0.930000
v 1.430000 0.200000 0.950000
v 1.450000 0.200000 0.930000
v 1.290000 0.120000 0.790000
v 1.270000 0.140000 0.790000
v 1.290000 0.140000 0.770000
v 1.290000 0.220000 0.790000
v 1.290000 0.200000 0.770000
v 1.270000 0.200000 0.790000
v 1.290000 0.120000 0.930000
v 1.290000 0.140000 0.950000
v 1.270000 0.140000 0.930000
v 1.290000 0.220000 0.930000
v 1.270000 0.200000 0.930000
v 1.290000 0.200000 0.950000
v 1.400000 0.120000 -0.860000
v 1.400000 0.150000 -0.890000
v 1.430000 0.150000 -0.860000
v 1.400000 2.290000 -0.890000
v 1.400000 2.320000 -0.860000
v 1.430000 2.290000 -0.860000
v 1.400000 0.120000 -0.780000
v 1.430000 0.150000 -0.780000
v 1.400000 0.150000 -0.750000
v 1.400000 2.320000 -0.780000
v 1.400000 2.290000 -0.750000
v 1.430000 2.290000 -0.780000
v 1.320000 0.120000 -0.860000
v 1.290000 0.150000 -0.860000
v 1.320000 0.150000 -0.890000
v 1.320000 2.320000 -0.860000
v 1.320000 2.290000 -0.890000
v 1.290000 2.290000 -0.860000
v 1.320000 0.120000 -0.780000
v 1.320000 0.150000 -0.750000
v 1.290000 0.150000 -0.780000
v 1.320000 2.320000 -0.780000
v 1.290000 2.290000 -0.780000
v 1.320000 2.290000 -0.750000
v 1.430000 0.120000 -0.890000
v 1.430000 0.140000 -0.910000
v 1.450000 0.140000 -0.890000
v 1.430000 0.200000 -0.910000
v 1.430000 0.220000 -0.890000
v 1.450000 0.200000 -0.890000
v 1.430000 0.120000 -0.750000
v 1.450000 0.140000 -0.750000
v 1.430000 0.140000 -0.730000
v 1.430000 0.220000 -0.750000
v 1.430000 0.200000 -0.730000
v 1.450000 0.200000 -0.750000
v 1.290000 0.120000 -0.890000
v 1.270000 0.140000 -0.890000
v 1.290000 0.140000 -0.910000
v 1.290000 0.220000 -0.890000
v 1.290000 0.200000 -0.910000
v 1.270000 0.200000 -0.890000
v 1.290000 0.120000 -0.750000
v 1.290000 0.140000 -0.730000
v 1.270000 0.140000 -0.750000
v 1.290000 0.220000 -0.750000
v 1.270000 0.200000 -0.750000
v 1.290000 0.200000 -0.730000
v 1.400000 2.160000 -0.860000
v 1.400000 2.190000 -0.890000
v 1.430000 2.190000 -0.860000
v 1.400000 2.290000 -0.890000
v 1.400000 2.320000 -0.860000
v 1.430000 2.290000 -0.860000
v 1.400000 2.160000 0.900000
v 1.430000 2.190000 0.900000
v 1.400000 2.190000 0.930000
v 1.400000 2.320000 0.900000
v 1.400000 2.290000 0.930000
v 1.430000 2.290000 0.900000
v 1.320000 2.160000 -0.860000
v 1.290000 2.190000 -0.860000
v 1.320000 2.190000 -0.890000
v 1.320000 2.320000 -0.860000
v 1.320000 2.290000 -0.890000
v 1.290000 2.290000 -0.860000
v 1.320000 2.160000 0.900000
v 1.320000 2.190000 0.930000
v 1.290000 2.190000 0.900000
v 1.320000 2.320000 0.900000
v 1.290000 2.290000 0.900000
v 1.320000 2.290000 0.930000
v -1.320000 0.120000 0.820000
v -1.320000 0.150000 0.790000
v -1.290000 0.150000 0.820000
v -1.320000 2.290000 0.790000
v -1.320000 2.320000 0.820000
v -1.290000 2.290000 0.820000
v -1.320000 0.120000 0.900000
v -1.290000 0.150000 0.900000
v -1.320000 0.150000 0.930000
v -1.320000 2.320000 0.900000
v -1.320000 2.290000 0.930000
v -1.290000 2.290000 0.900000
v -1.400000 0.120000 0.820000
v -1.430000 0.150000 0.820000
v -1.400000 0.150000 0.790000
v -1.400000 2.320000 0.820000
v -1.400000 2.290000 0.790000
v -1.430000 2.290000 0.820000
v -1.400000 0.120000 0.900000
v -1.400000 0.150000 0.930000
v -1.430000 0.150000 0.900000
v -1.400000 2.320000 0.900000
v -1.430000 2.290000 0.900000
v -1.400000 2.290000 0.930000
v -1.290000 0.120000 0.790000
v -1.290000 0.140000 0.770000
v -1.270000 0.140000 0.790000
v -1.290000 0.200000 0.770000
v -1.290000 0.220000 0.790000
v -1.270000 0.200000 0.790000
v -1.290000 0.120000 0.930000
v -1.270000 0.140000 0.930000
v -1.290000 0.140000 0.950000
v -1.290000 0.220000 0.930000
v -1.290000 0.200000 0.950000
v -1.270000 0.200000 0.930000
v -1.430000 0.120000 0.790000
v -1.450000 0.140000 0.790000
v -1.430000 0.140000 0.770000
v -1.430000 0.220000 0.790000
v -1.430000 0.200000 0.770000
v -1.450000 0.200000 0.790000
v -1.430000 0.120000 0.930000
v -1.430000 0.140000 0.950000
v -1.450000 0.140000 0.930000
v -1.430000 0.220000 0.930000
v -1.450000 0.200000 0.930000
v -1.430000 0.200000 0.950000
v -1.320000 0.120000 -0.860000
v -1.320000 0.150000 -0.890000
v -1.290000 0.150000 -0.860000
v -1.320000 2.290000 -0.890000
v -1.320000 2.320000 -0.860000
v -1.290000 2.290000 -0.860000
v -1.320000 0.120000 -0.780000
v -1.290000 0.150000 -0.780000
v -1.320000 0.150000 -0.750000
v -1.320000 2.320000 -0.780000
v -1.320000 2.290000 -0.750000
v -1.290000 2.290000 -0.780000
v -1.400000 0.120000 -0.860000
v -1.430000 0.150000 -0.860000
v -1.400000 0.150000 -0.890000
v -1.400000 2.320000 -0.860000
v -1.400000 2.290000 -0.890000
v -1.430000 2.290000 -0.860000
v -1.400000 0.120000 -0.780000
v -1.400000 0.150000 -0.750000
v -1.430000 0.150000 -0.780000
v -1.400000 2.320000 -0.780000
v -1.430000 2.290000 -0.780000
v -1.400000 2.290000 -0.750000
v -1.290000 0.120000 -0.890000
v -1.290000 0.140000 -0.910000
v -1.270000 0.140000 -0.890000
v -1.290000 0.200000 -0.910000
v -1.290000 0.220000 -0.890000
v -1.270000 0.200000 -0.890000
v -1.290000 0.120000 -0.750000
v -1.270000 0.140000 -0.750000
v -1.290000 0.140000 -0.730000
v -1.290000 0.220000 -0.750000
v -1.290000 0.200000 -0.730000
v -1.270000 0.200000 -0.750000
v -1.430000 0.120000 -0.890000
v -1.450000 0.140000 -0.890000
v -1.430000 0.140000 -0.910000
v -1.430000 0.220000 -0.890000
v -1.430000 0.200000 -0.910000
v -1.450000 0.200000 -0.890000
v -1.430000 0.120000 -0.750000
v -1.430000 0.140000 -0.730000
v -1.450000 0.140000 -0.750000
v -1.430000 0.220000 -0.750000
v -1.450000 0.200000 -0.750000
v -1.430000 0.200000 -0.730000
v -1.320000 2.160000 -0.860000
v -1.320000 2.190000 -0.890000
v -1.290000 2.190000 -0.860000
v -1.320000 2.290000 -0.890000
v -1.320000 2.320000 -0.860000
v -1.290000 2.290000 -0.860000
v -1.320000 2.160000 0.900000
v -1.290000 2.190000 0.900000
v -1.320000 2.190000 0.930000
v -1.320000 2.320000 0.900000
v -1.320000 2.290000 0.930000
v -1.290000 2.290000 0.900000
v -1.400000 2.160000 -0.860000
v -1.430000 2.190000 -0.860000
v -1.400000 2.190000 -0.890000
v -1.400000 2.320000 -0.860000
v -1.400000 2.290000 -0.890000
v -1.430000 2.290000 -0.860000
v -1.400000 2.160000 0.900000
v -1.400000 2.190000 0.930000
v -1.430000 2.190000 0.900000
v -1.400000 2.320000 0.900000
v -1.430000 2.290000 0.900000
v -1.400000 2.290000 0.930000
v 1.440000 2.160000 0.820000
v 1.440000 2.190000 0.790000
v 1.470000 2.190000 0.820000
v 1.440000 2.290000 0.790000
v 1.440000 2.320000 0.820000
v 1.470000 2.290000 0.820000
v 1.440000 2.160000 0.900000
v 1.470000 2.190000 0.900000
v 1.440000 2.190000 0.930000
v 1.440000 2.320000 0.900000
v 1.440000 2.290000 0.930000
v 1.470000 2.290000 0.900000
v -1.440000 2.160000 0.820000
v -1.470000 2.190000 0.820000
v -1.440000 2.190000 0.790000
v -1.440000 2.320000 0.820000
v -1.440000 2.290000 0.790000
v -1.470000 2.290000 0.820000
v -1.440000 2.160000 0.900000
v -1.440000 2.190000 0.930000
v -1.470000 2.190000 0.900000
v -1.440000 2.320000 0.900000
v -1.470000 2.290000 0.900000
v -1.440000 2.290000 0.930000
v 1.440000 2.160000 -0.860000
v 1.440000 2.190000 -0.890000
v 1.470000 2.190000 -0.860000
v 1.440000 2.290000 -0.890000
v 1.440000 2.320000 -0.860000
v 1.470000 2.290000 -0.860000
v 1.440000 2.160000 -0.780000
v 1.470000 2.190000 -0.780000
v 1.440000 2.190000 -0.750000
v 1.440000 2.320000 -0.780000
v 1.440000 2.290000 -0.750000
v 1.470000 2.290000 -0.780000
v -1.440000 2.160000 -0.860000
v -1.470000 2.190000 -0.860000
v -1.440000 2.190000 -0.890000
v -1.440000 2.320000 -0.860000
v -1.440000 2.290000 -0.890000
v -1.470000 2.290000 -0.860000
v -1.440000 2.160000 -0.780000
v -1.440000 2.190000 -0.750000
v -1.470000 2.190000 -0.780000
v -1.440000 2.320000 -0.780000
v -1.470000 2.290000 -0.780000
v -1.440000 2.290000 -0.750000
v 1.360000 2.264000 0.970000
v 1.360000 2.264000 0.930000
v 1.343029 2.256971 0.970000
v 1.343029 2.256971 0.930000
v 1.336000 2.240000 0.970000
v 1.336000 2.240000 0.930000
v 1.343029 2.223029 0.970000
v 1.343029 2.223029 0.930000
v 1.360000 2.216000 0.970000
v 1.360000 2.216000 0.930000
v 1.376971 2.223029 0.970000
v 1.376971 2.223029 0.930000
v 1.384000 2.240000 0.970000
v 1.384000 2.240000 0.930000
v 1.376971 2.256971 0.970000
v 1.376971 2.256971 0.930000
v 1.360000 0.984000 0.970000
v 1.360000 0.984000 0.930000
v 1.343029 0.976971 0.970000
v 1.343029 0.976971 0.930000
v 1.336000 0.960000 0.970000
v 1.336000 0.960000 0.930000
v 1.343029 0.943029 0.970000
v 1.343029 0.943029 0.930000
v 1.360000 0.936000 0.970000
v 1.360000 0.936000 0.930000
v 1.376971 0.943029 0.970000
v 1.376971 0.943029 0.930000
v 1.384000 0.960000 0.970000
v 1.384000 0.960000 0.930000
v 1.376971 0.976971 0.970000
v 1.376971 0.976971 0.930000
v -1.360000 2.264000 0.970000
v -1.360000 2.264000 0.930000
v -1.376971 2.256971 0.970000
v -1.376971 2.256971 0.930000
v -1.384000 2.240000 0.970000
v -1.384000 2.240000 0.930000
v -1.376971 2.223029 0.970000
v -1.376971 2.223029 0.930000
v -1.360000 2.216000 0.970000
v -1.360000 2.216000 0.930000
v -1.343029 2.223029 0.970000
v -1.343029 2.223029 0.930000
v -1.336000 2.240000 0.970000
v -1.336000 2.240000 0.930000
v -1.343029 2.256971 0.970000
v -1.343029 2.256971 0.930000
v -1.360000 0.984000 0.970000
v -1.360000 0.984000 0.930000
v -1.376971 0.976971 0.970000
v -1.376971 0.976971 0.930000
v -1.384000 0.960000 0.970000
v -1.384000 0.960000 0.930000
v -1.376971 0.943029 0.970000
v -1.376971 0.943029 0.930000
v -1.360000 0.936000 0.970000
v -1.360000 0.936000 0.930000
v -1.343029 0.943029 0.970000
v -1.343029 0.943029 0.930000
v -1.336000 0.960000 0.970000
v -1.336000 0.960000 0.930000
v -1.343029 0.976971 0.970000
v -1.343029 0.976971 0.930000
v -1.480000 2.360000 -0.980000
v -1.500000 2.366269 -0.960000
v -1.480000 2.387186 -0.961335
v -1.500000 2.457229 -0.723738
v -1.480000 2.476250 -0.730000
v -1.500000 2.525438 -0.475709
v -1.480000 2.545000 -0.480000
v -1.500000 2.566340 -0.227815
v -1.480000 2.586250 -0.230000
v -1.500000 2.579970 0.020000
v -1.480000 2.600000 0.020000
v -1.500000 2.566340 0.267815
v -1.480000 2.586250 0.270000
v -1.500000 2.525438 0.515710
v -1.480000 2.545000 0.520000
v -1.500000 2.457229 0.763739
v -1.480000 2.476250 0.770000
v -1.480000 2.387186 1.001336
v -1.500000 2.366269 1.000000
v -1.480000 2.360000 1.020000
v -1.480000 2.350000 1.020000
v -1.500000 2.359131 1.000000
v -1.480000 2.337186 1.001336
v -1.500000 2.445271 0.776262
v -1.480000 2.426250 0.770000
v -1.500000 2.514562 0.524290
v -1.480000 2.495000 0.520000
v -1.500000 2.556160 0.272185
v -1.480000 2.536250 0.270000
v -1.500000 2.570030 0.020000
v -1.480000 2.550000 0.020000
v -1.500000 2.556160 -0.232185
v -1.480000 2.536250 -0.230000
v -1.500000 2.514562 -0.484290
v -1.480000 2.495000 -0.480000
v -1.500000 2.445271 -0.736261
v -1.480000 2.426250 -0.730000
v -1.480000 2.350000 -0.980000
v -1.480000 2.337186 -0.961335
v -1.500000 2.359131 -0.960000
v 1.480000 2.360000 -0.980000
v 1.480000 2.387186 -0.961336
v 1.500000 2.366269 -0.960000
v 1.500000 2.457229 -0.723739
v 1.480000 2.476250 -0.730000
v 1.500000 2.525438 -0.475710
v 1.480000 2.545000 -0.480000
v 1.500000 2.566340 -0.227815
v 1.480000 2.586250 -0.230000
v 1.500000 2.579970 0.020000
v 1.480000 2.600000 0.020000
v 1.500000 2.566340 0.267815
v 1.480000 2.586250 0.270000
v 1.500000 2.525438 0.515709
v 1.480000 2.545000 0.520000
v 1.500000 2.457229 0.763738
v 1.480000 2.476250 0.770000
v 1.480000 2.360000 1.020000
v 1.500000 2.366269 1.000000
v 1.480000 2.387186 1.001335
v 1.480000 2.337186 1.001336
v 1.500000 2.359131 1.000000
v 1.480000 2.350000 1.020000
v 1.500000 2.445271 0.776261
v 1.480000 2.426250 0.770000
v 1.500000 2.514562 0.524290
v 1.480000 2.495000 0.520000
v 1.500000 2.556160 0.272185
v 1.480000 2.536250 0.270000
v 1.500000 2.570030 0.020000
v 1.480000 2.550000 0.020000
v 1.500000 2.556160 -0.232185
v 1.480000 2.536250 -0.230000
v 1.500000 2.514562 -0.484290
v 1.480000 2.495000 -0.480000
v 1.500000 2.445271 -0.736262
v 1.480000 2.426250 -0.730000
v 1.480000 2.350000 -0.980000
v 1.500000 2.359131 -0.960000
v 1.480000 2.337186 -0.961336
v 1.490000 2.540000 0.000000
v 1.490000 2.550000 -0.010000
v 1.500000 2.550000 0.000000
v 1.490000 2.590000 -0.010000
v 1.490000 2.600000 0.000000
v 1.500000 2.590000 0.000000
v 1.490000 2.540000 0.040000
v 1.500000 2.550000 0.040000
v 1.490000 2.550000 0.050000
v 1.490000 2.600000 0.040000
v 1.490000 2.590000 0.050000
v 1.500000 2.590000 0.040000
v -1.490000 2.540000 0.000000
v -1.500000 2.550000 0.000000
v -1.490000 2.550000 -0.010000
v -1.490000 2.600000 0.000000
v -1.490000 2.590000 -0.010000
v -1.500000 2.590000 0.000000
v -1.490000 2.540000 0.040000
v -1.490000 2.550000 0.050000
v -1.500000 2.550000 0.040000
v -1.490000 2.600000 0.040000
v -1.500000 2.590000 0.040000
v -1.490000 2.590000 0.050000
v 1.480000 2.160000 0.995000
v 1.480000 2.170000 0.985000
v 1.490000 2.170000 0.995000
v 1.480000 2.350000 0.985000
v 1.480000 2.360000 0.995000
v 1.490000 2.350000 0.995000
v 1.480000 2.160000 1.005000
v 1.490000 2.170000 1.005000
v 1.480000 2.170000 1.015000
v 1.480000 2.360000 1.005000
v 1.480000 2.350000 1.015000
v 1.490000 2.350000 1.005000
v 1.100000 2.160000 0.995000
v 1.090000 2.170000 0.995000
v 1.100000 2.170000 0.985000
v 1.100000 2.360000 0.995000
v 1.100000 2.350000 0.985000
v 1.090000 2.350000 0.995000
v 1.100000 2.160000 1.005000
v 1.100000 2.170000 1.015000
v 1.090000 2.170000 1.005000
v 1.100000 2.360000 1.005000
v 1.090000 2.350000 1.005000
v 1.100000 2.350000 1.015000
v 1.050000 2.160000 0.995000
v 1.050000 2.170000 0.985000
v 1.060000 2.170000 0.995000
v 1.050000 2.350000 0.985000
v 1.050000 2.360000 0.995000
v 1.060000 2.350000 0.995000
v 1.050000 2.160000 1.005000
v 1.060000 2.170000 1.005000
v 1.050000 2.170000 1.015000
v 1.050000 2.360000 1.005000
v 1.050000 2.350000 1.015000
v 1.060000 2.350000 1.005000
v 0.670000 2.160000 0.995000
v 0.660000 2.170000 0.995000
v 0.670000 2.170000 0.985000
v 0.670000 2.360000 0.995000
v 0.670000 2.350000 0.985000
v 0.660000 2.350000 0.995000
v 0.670000 2.160000 1.005000
v 0.670000 2.170000 1.015000
v 0.660000 2.170000 1.005000
v 0.670000 2.360000 1.005000
v 0.660000 2.350000 1.005000
v 0.670000 2.350000 1.015000
v 0.620000 2.160000 0.995000
v 0.620000 2.170000 0.985000
v 0.630000 2.170000 0.995000
v 0.620000 2.350000 0.985000
v 0.620000 2.360000 0.995000
v 0.630000 2.350000 0.995000
v 0.620000 2.160000 1.005000
v 0.630000 2.170000 1.005000
v 0.620000 2.170000 1.015000
v 0.620000 2.360000 1.005000
v 0.620000 2.350000 1.015000
v 0.630000 2.350000 1.005000
v 0.240000 2.160000 0.995000
v 0.230000 2.170000 0.995000
v 0.240000 2.170000 0.985000
v 0.240000 2.360000 0.995000
v 0.240000 2.350000 0.985000
v 0.230000 2.350000 0.995000
v 0.240000 2.160000 1.005000
v 0.240000 2.170000 1.015000
v 0.230000 2.170000 1.005000
v 0.240000 2.360000 1.005000
v 0.230000 2.350000 1.005000
v 0.240000 2.350000 1.015000
v 0.190000 2.160000 0.995000
v 0.190000 2.170000 0.985000
v 0.200000 2.170000 0.995000
v 0.190000 2.350000 0.985000
v 0.190000 2.360000 0.995000
v 0.200000 2.350000 0.995000
v 0.190000 2.160000 1.005000
v 0.200000 2.170000 1.005000
v 0.190000 2.170000 1.015000
v 0.190000 2.360000 1.005000
v 0.190000 2.350000 1.015000
v 0.200000 2.350000 1.005000
v -0.190000 2.160000 0.995000
v -0.200000 2.170000 0.995000
v -0.190000 2.170000 0.985000
v -0.190000 2.360000 0.995000
v -0.190000 2.350000 0.985000
v -0.200000 2.350000 0.995000
v -0.190000 2.160000 1.005000
v -0.190000 2.170000 1.015000
v -0.200000 2.170000 1.005000
v -0.190000 2.360000 1.005000
v -0.200000 2.350000 1.005000
v -0.190000 2.350000 1.015000
v -0.240000 2.160000 0.995000
v -0.240000 2.170000 0.985000
v -0.230000 2.170000 0.995000
v -0.240000 2.350000 0.985000
v -0.240000 2.360000 0.995000
v -0.230000 2.350000 0.995000
v -0.240000 2.160000 1.005000
v -0.230000 2.170000 1.005000
v -0.240000 2.170000 1.015000
v -0.240000 2.360000 1.005000
v -0.240000 2.350000 1.015000
v -0.230000 2.350000 1.005000
v -0.620000 2.160000 0.995000
v -0.630000 2.170000 0.995000
v -0.620000 2.170000 0.985000
v -0.620000 2.360000 0.995000
v -0.620000 2.350000 0.985000
v -0.630000 2.350000 0.995000
v -0.620000 2.160000 1.005000
v -0.620000 2.170000 1.015000
v -0.630000 2.170000 1.005000
v -0.620000 2.360000 1.005000
v -0.630000 2.350000 1.005000
v -0.620000 2.350000 1.015000
v -0.670000 2.160000 0.995000
v -0.670000 2.170000 0.985000
v -0.660000 2.170000 0.995000
v -0.670000 2.350000 0.985000
v -0.670000 2.360000 0.995000
v -0.660000 2.350000 0.995000
v -0.670000 2.160000 1.005000
v -0.660000 2.170000 1.005000
v -0.670000 2.170000 1.015000
v -0.670000 2.360000 1.005000
v -0.670000 2.350000 1.015000
v -0.660000 2.350000 1.005000
v -1.050000 2.160000 0.995000
v -1.060000 2.170000 0.995000
v -1.050000 2.170000 0.985000
v -1.050000 2.360000 0.995000
v -1.050000 2.350000 0.985000
v -1.060000 2.350000 0.995000
v -1.050000 2.160000 1.005000
v -1.050000 2.170000 1.015000
v -1.060000 2.170000 1.005000
v -1.050000 2.360000 1.005000
v -1.060000 2.350000 1.005000
v -1.050000 2.350000 1.015000
v -1.100000 2.160000 0.995000
v -1.100000 2.170000 0.985000
v -1.090000 2.170000 0.995000
v -1.100000 2.350000 0.985000
v -1.100000 2.360000 0.995000
v -1.090000 2.350000 0.995000
v -1.100000 2.160000 1.005000
v -1.090000 2.170000 1.005000
v -1.100000 2.170000 1.015000
v -1.100000 2.360000 1.005000
v -1.100000 2.350000 1.015000
v -1.090000 2.350000 1.005000
v -1.480000 2.160000 0.995000
v -1.490000 2.170000 0.995000
v -1.480000 2.170000 0.985000
v -1.480000 2.360000 0.995000
v -1.480000 2.350000 0.985000
v -1.490000 2.350000 0.995000
v -1.480000 2.160000 1.005000
v -1.480000 2.170000 1.015000
v -1.490000 2.170000 1.005000
v -1.480000 2.360000 1.005000
v -1.490000 2.350000 1.005000
v -1.480000 2.350000 1.015000
v 1.280000 1.270000 -0.810000
v 1.280000 1.290000 -0.830000
v 1.300000 1.290000 -0.810000
v 1.280000 1.310000 -0.830000
v 1.280000 1.330000 -0.810000
v 1.300000 1.310000 -0.810000
v 1.280000 1.270000 -0.510000
v 1.300000 1.290000 -0.510000
v 1.280000 1.290000 -0.490000
v 1.280000 1.330000 -0.510000
v 1.280000 1.310000 -0.490000
v 1.300000 1.310000 -0.510000
v -1.280000 1.270000 -0.810000
v -1.300000 1.290000 -0.810000
v -1.280000 1.290000 -0.830000
v -1.280000 1.330000 -0.810000
v -1.280000 1.310000 -0.830000
v -1.300000 1.310000 -0.810000
v -1.280000 1.270000 -0.510000
v -1.280000 1.290000 -0.490000
v -1.300000 1.290000 -0.510000
v -1.280000 1.330000 -0.510000
v -1.300000 1.310000 -0.510000
v -1.280000 1.310000 -0.490000
v 1.190000 1.040000 0.270000
v 1.190000 1.070000 0.240000
v 1.220000 1.070000 0.270000
v 1.190000 1.410000 0.240000
v 1.190000 1.440000 0.270000
v 1.220000 1.410000 0.270000
v 1.190000 1.040000 0.610000
v 1.220000 1.070000 0.610000
v 1.190000 1.070000 0.640000
v 1.190000 1.440000 0.610000
v 1.190000 1.410000 0.640000
v 1.220000 1.410000 0.610000
v 0.810000 1.040000 0.270000
v 0.780000 1.070000 0.270000
v 0.810000 1.070000 0.240000
v 0.810000 1.440000 0.270000
v 0.810000 1.410000 0.240000
v 0.780000 1.410000 0.270000
v 0.810000 1.040000 0.610000
v 0.810000 1.070000 0.640000
v 0.780000 1.070000 0.610000
v 0.810000 1.440000 0.610000
v 0.780000 1.410000 0.610000
v 0.810000 1.410000 0.640000
v 1.220000 1.215000 0.240000
v 1.220000 1.225000 0.230000
v 1.230000 1.225000 0.240000
v 1.220000 1.255000 0.230000
v 1.220000 1.265000 0.240000
v 1.230000 1.255000 0.240000
v 1.220000 1.215000 0.640000
v 1.230000 1.225000 0.640000
v 1.220000 1.225000 0.650000
v 1.220000 1.265000 0.640000
v 1.220000 1.255000 0.650000
v 1.230000 1.255000 0.640000
v 0.780000 1.215000 0.240000
v 0.770000 1.225000 0.240000
v 0.780000 1.225000 0.230000
v 0.780000 1.265000 0.240000
v 0.780000 1.255000 0.230000
v 0.770000 1.255000 0.240000
v 0.780000 1.215000 0.640000
v 0.780000 1.225000 0.650000
v 0.770000 1.225000 0.640000
v 0.780000 1.265000 0.640000
v 0.770000 1.255000 0.640000
v 0.780000 1.255000 0.650000
v 0.200000 1.140000 0.500000
v -0.400000 1.140000 0.500000
v 0.200000 1.069289 0.470711
v -0.400000 1.069289 0.470711
v 0.200000 1.040000 0.400000
v -0.400000 1.040000 0.400000
v 0.200000 1.069289 0.329289
v -0.400000 1.069289 0.329289
v 0.200000 1.140000 0.300000
v -0.400000 1.140000 0.300000
v 0.200000 1.210711 0.329289
v -0.400000 1.210711 0.329289
v 0.200000 1.240000 0.400000
v -0.400000 1.240000 0.400000
v 0.200000 1.210711 0.470711
v -0.400000 1.210711 0.470711
v 0.200000 1.140000 0.720000
v -0.400000 1.140000 0.720000
v 0.200000 1.069289 0.690711
v -0.400000 1.069289 0.690711
v 0.200000 1.040000 0.620000
v -0.400000 1.040000 0.620000
v 0.200000 1.069289 0.549289
v -0.400000 1.069289 0.549289
v 0.200000 1.140000 0.520000
v -0.400000 1.140000 0.520000
v 0.200000 1.210711 0.549289
v -0.400000 1.210711 0.549289
v 0.200000 1.240000 0.620000
v -0.400000 1.240000 0.620000
v 0.200000 1.210711 0.690711
v -0.400000 1.210711 0.690711
v -0.720000 1.040000 0.614228
v -0.720000 1.054815 0.627531
v -0.720000 1.340000 0.564228
v -0.720000 1.325185 0.582469
v -0.787142 1.040000 0.592412
v -0.794961 1.054815 0.603175
v -0.757752 1.340000 0.551962
v -0.768474 1.325185 0.566719
v -0.828637 1.040000 0.535298
v -0.841289 1.054815 0.539409
v -0.781085 1.340000 0.519848
v -0.798433 1.325185 0.525484
v -0.828637 1.040000 0.464702
v -0.841289 1.054815 0.460591
v -0.781085 1.340000 0.480152
v -0.798433 1.325185 0.474516
v -0.787142 1.040000 0.407588
v -0.794961 1.054815 0.396825
v -0.757752 1.340000 0.448038
v -0.768474 1.325185 0.433281
v -0.720000 1.040000 0.385772
v -0.720000 1.054815 0.372469
v -0.720000 1.340000 0.435772
v -0.720000 1.325185 0.417531
v -0.652858 1.040000 0.407588
v -0.645039 1.054815 0.396825
v -0.682248 1.340000 0.448038
v -0.671526 1.325185 0.433281
v -0.611363 1.040000 0.464702
v -0.598711 1.054815 0.460591
v -0.658916 1.340000 0.480152
v -0.641567 1.325185 0.474516
v -0.611363 1.040000 0.535298
v -0.598711 1.054815 0.539409
v -0.658916 1.340000 0.519848
v -0.641567 1.325185 0.525484
v -0.652858 1.040000 0.592412
v -0.645039 1.054815 0.603175
v -0.682248 1.340000 0.551962
v -0.671526 1.325185 0.566719
v -1.000000 1.040000 0.614228
v -1.000000 1.054815 0.627531
v -1.000000 1.340000 0.564228
v -1.000000 1.325185 0.582469
v -1.067142 1.040000 0.592412
v -1.074961 1.054815 0.603175
v -1.037752 1.340000 0.551962
v -1.048474 1.325185 0.566719
v -1.108637 1.040000 0.535298
v -1.121289 1.054815 0.539409
v -1.061085 1.340000 0.519848
v -1.078433 1.325185 0.525484
v -1.108637 1.040000 0.464702
v -1.121289 1.054815 0.460591
v -1.061085 1.340000 0.480152
v -1.078433 1.325185 0.474516
v -1.067142 1.040000 0.407588
v -1.074961 1.054815 0.396825
v -1.037752 1.340000 0.448038
v -1.048474 1.325185 0.433281
v -1.000000 1.040000 0.385772
v -1.000000 1.054815 0.372469
v -1.000000 1.340000 0.435772
v -1.000000 1.325185 0.417531
v -0.932858 1.040000 0.407588
v -0.925039 1.054815 0.396825
v -0.962248 1.340000 0.448038
v -0.951526 1.325185 0.433281
v -0.891363 1.040000 0.464702
v -0.878711 1.054815 0.460591
v -0.938915 1.340000 0.480152
v -0.921567 1.325185 0.474516
v -0.891363 1.040000 0.535298
v -0.878711 1.054815 0.539409
v -0.938915 1.340000 0.519848
v -0.921567 1.325185 0.525484
v -0.932858 1.040000 0.592412
v -0.925039 1.054815 0.603175
v -0.962248 1.340000 0.551962
v -0.951526 1.325185 0.566719
v 0.900000 1.330000 -0.601648
v 0.900000 1.350000 -0.580000
v 0.900000 1.530000 -0.601648
v 0.900000 1.510000 -0.580000
v 0.858739 1.330000 -0.618739
v 0.843431 1.350000 -0.603431
v 0.858739 1.530000 -0.618739
v 0.843431 1.510000 -0.603431
v 0.841648 1.330000 -0.660000
v 0.820000 1.350000 -0.660000
v 0.841648 1.530000 -0.660000
v 0.820000 1.510000 -0.660000
v 0.858739 1.330000 -0.701261
v 0.843431 1.350000 -0.716569
v 0.858739 1.530000 -0.701261
v 0.843431 1.510000 -0.716569
v 0.900000 1.330000 -0.718352
v 0.900000 1.350000 -0.740000
v 0.900000 1.530000 -0.718352
v 0.900000 1.510000 -0.740000
v 0.941261 1.330000 -0.701261
v 0.956569 1.350000 -0.716569
v 0.941261 1.530000 -0.701261
v 0.956569 1.510000 -0.716569
v 0.958352 1.330000 -0.660000
v 0.980000 1.350000 -0.660000
v 0.958352 1.530000 -0.660000
v 0.980000 1.510000 -0.660000
v 0.941261 1.330000 -0.618739
v 0.956569 1.350000 -0.603431
v 0.941261 1.530000 -0.618739
v 0.956569 1.510000 -0.603431
v 0.300000 1.330000 -0.601648
v 0.300000 1.350000 -0.580000
v 0.300000 1.530000 -0.601648
v 0.300000 1.510000 -0.580000
v 0.258739 1.330000 -0.618739
v 0.243431 1.350000 -0.603431
v 0.258739 1.530000 -0.618739
v 0.243431 1.510000 -0.603431
v 0.241648 1.330000 -0.660000
v 0.220000 1.350000 -0.660000
v 0.241648 1.530000 -0.660000
v 0.220000 1.510000 -0.660000
v 0.258739 1.330000 -0.701261
v 0.243431 1.350000 -0.716569
v 0.258739 1.530000 -0.701261
v 0.243431 1.510000 -0.716569
v 0.300000 1.330000 -0.718352
v 0.300000 1.350000 -0.740000
v 0.300000 1.530000 -0.718352
v 0.300000 1.510000 -0.740000
v 0.341261 1.330000 -0.701261
v 0.356569 1.350000 -0.716569
v 0.341261 1.530000 -0.701261
v 0.356569 1.510000 -0.716569
v 0.358352 1.330000 -0.660000
v 0.380000 1.350000 -0.660000
v 0.358352 1.530000 -0.660000
v 0.380000 1.510000 -0.660000
v 0.341261 1.330000 -0.618739
v 0.356569 1.350000 -0.603431
v 0.341261 1.530000 -0.618739
v 0.356569 1.510000 -0.603431
v -0.300000 1.330000 -0.601648
v -0.300000 1.350000 -0.580000
v -0.300000 1.530000 -0.601648
v -0.300000 1.510000 -0.580000
v -0.341261 1.330000 -0.618739
v -0.356569 1.350000 -0.603431
v -0.341261 1.530000 -0.618739
v -0.356569 1.510000 -0.603431
v -0.358352 1.330000 -0.660000
v -0.380000 1.350000 -0.660000
v -0.358352 1.530000 -0.660000
v -0.380000 1.510000 -0.660000
v -0.341261 1.330000 -0.701261
v -0.356569 1.350000 -0.716569
v -0.341261 1.530000 -0.701261
v -0.356569 1.510000 -0.716569
v -0.300000 1.330000 -0.718352
v -0.300000 1.350000 -0.740000
v -0.300000 1.530000 -0.718352
v -0.300000 1.510000 -0.740000
v -0.258739 1.330000 -0.701261
v -0.243431 1.350000 -0.716569
v -0.258739 1.530000 -0.701261
v -0.243431 1.510000 -0.716569
v -0.241648 1.330000 -0.660000
v -0.220000 1.350000 -0.660000
v -0.241648 1.530000 -0.660000
v -0.220000 1.510000 -0.660000
v -0.258739 1.330000 -0.618739
v -0.243431 1.350000 -0.603431
v -0.258739 1.530000 -0.618739
v -0.243431 1.510000 -0.603431
v -0.900000 1.330000 -0.601648
v -0.900000 1.350000 -0.580000
v -0.900000 1.530000 -0.601648
v -0.900000 1.510000 -0.580000
v -0.941261 1.330000 -0.618739
v -0.956569 1.350000 -0.603431
v -0.941261 1.530000 -0.618739
v -0.956569 1.510000 -0.603431
v -0.958352 1.330000 -0.660000
v -0.980000 1.350000 -0.660000
v -0.958352 1.530000 -0.660000
v -0.980000 1.510000 -0.660000
v -0.941261 1.330000 -0.701261
v -0.956569 1.350000 -0.716569
v -0.941261 1.530000 -0.701261
v -0.956569 1.510000 -0.716569
v -0.900000 1.330000 -0.718352
v -0.900000 1.350000 -0.740000
v -0.900000 1.530000 -0.718352
v -0.900000 1.510000 -0.740000
v -0.858739 1.330000 -0.701261
v -0.843431 1.350000 -0.716569
v -0.858739 1.530000 -0.701261
v -0.843431 1.510000 -0.716569
v -0.841648 1.330000 -0.660000
v -0.820000 1.350000 -0.660000
v -0.841648 1.530000 -0.660000
v -0.820000 1.510000 -0.660000
v -0.858739 1.330000 -0.618739
v -0.843431 1.350000 -0.603431
v -0.858739 1.530000 -0.618739
v -0.843431 1.510000 -0.603431
v 0.430000 1.850000 0.945000
v 0.430000 1.870000 0.925000
v 0.450000 1.870000 0.945000
v 0.430000 2.090000 0.925000
v 0.430000 2.110000 0.945000
v 0.450000 2.090000 0.945000
v 0.430000 1.850000 0.955000
v 0.450000 1.870000 0.955000
v 0.430000 1.870000 0.975000
v 0.430000 2.110000 0.955000
v 0.430000 2.090000 0.975000
v 0.450000 2.090000 0.955000
v -0.430000 1.850000 0.945000
v -0.450000 1.870000 0.945000
v -0.430000 1.870000 0.925000
v -0.430000 2.110000 0.945000
v -0.430000 2.090000 0.925000
v -0.450000 2.090000 0.945000
v -0.430000 1.850000 0.955000
v -0.430000 1.870000 0.975000
v -0.450000 1.870000 0.955000
v -0.430000 2.110000 0.955000
v -0.450000 2.090000 0.955000
v -0.430000 2.090000 0.975000
v 0.000000 2.069647 1.000000
v 0.000000 2.080000 0.990000
v 0.000000 2.069647 0.970000
v 0.000000 2.080000 0.980000
v -0.044824 2.057637 1.000000
v -0.050000 2.066602 0.990000
v -0.044824 2.057637 0.970000
v -0.050000 2.066602 0.980000
v -0.077637 2.024824 1.000000
v -0.086603 2.030000 0.990000
v -0.077637 2.024824 0.970000
v -0.086603 2.030000 0.980000
v -0.089647 1.980000 1.000000
v -0.100000 1.980000 0.990000
v -0.089647 1.980000 0.970000
v -0.100000 1.980000 0.980000
v -0.077637 1.935176 1.000000
v -0.086603 1.930000 0.990000
v -0.077637 1.935176 0.970000
v -0.086603 1.930000 0.980000
v -0.044824 1.902363 1.000000
v -0.050000 1.893397 0.990000
v -0.044824 1.902363 0.970000
v -0.050000 1.893397 0.980000
v 0.000000 1.890353 1.000000
v 0.000000 1.880000 0.990000
v 0.000000 1.890353 0.970000
v 0.000000 1.880000 0.980000
v 0.044824 1.902363 1.000000
v 0.050000 1.893397 0.990000
v 0.044824 1.902363 0.970000
v 0.050000 1.893397 0.980000
v 0.077637 1.935176 1.000000
v 0.086603 1.930000 0.990000
v 0.077637 1.935176 0.970000
v 0.086603 1.930000 0.980000
v 0.089647 1.980000 1.000000
v 0.100000 1.980000 0.990000
v 0.089647 1.980000 0.970000
v 0.100000 1.980000 0.980000
v 0.077637 2.024824 1.000000
v 0.086603 2.030000 0.990000
v 0.077637 2.024824 0.970000
v 0.086603 2.030000 0.980000
v 0.044824 2.057637 1.000000
v 0.050000 2.066602 0.990000
v 0.044824 2.057637 0.970000
v 0.050000 2.066602 0.980000
v -1.200000 1.830000 1.023764
v -1.200000 1.844882 1.037971
v -1.200000 2.050000 0.993764
v -1.200000 2.035118 1.012029
v -1.252159 1.830000 1.002159
v -1.262205 1.844882 1.012205
v -1.230946 2.050000 0.980946
v -1.243861 2.035118 0.993861
v -1.273764 1.830000 0.950000
v -1.287971 1.844882 0.950000
v -1.243764 2.050000 0.950000
v -1.262029 2.035118 0.950000
v -1.252159 1.830000 0.897841
v -1.262205 1.844882 0.887795
v -1.230946 2.050000 0.919054
v -1.243861 2.035118 0.906139
v -1.200000 1.830000 0.876236
v -1.200000 1.844882 0.862029
v -1.200000 2.050000 0.906236
v -1.200000 2.035118 0.887971
v -1.147841 1.830000 0.897841
v -1.137795 1.844882 0.887795
v -1.169054 2.050000 0.919054
v -1.156139 2.035118 0.906139
v -1.126236 1.830000 0.950000
v -1.112029 1.844882 0.950000
v -1.156236 2.050000 0.950000
v -1.137971 2.035118 0.950000
v -1.147841 1.830000 1.002159
v -1.137795 1.844882 1.012205
v -1.169054 2.050000 0.980946
v -1.156139 2.035118 0.993861
vn -0.0000 -0.0000 -1.0000
vn -1.0000 -0.0000 -0.0000
vn -0.0000 1.0000 -0.0000
vn 1.0000 -0.0000 -0.0000
vn -0.0000 -0.0000 1.0000
vn 0.5773 -0.5774 -0.5774
vn 0.5774 0.5774 -0.5773
vn 0.5773 -0.5774 0.5774
vn 0.5774 0.5774 0.5773
vn -0.5773 -0.5774 -0.5774
vn -0.5774 0.5774 -0.5773
vn -0.5773 -0.5774 0.5774
vn -0.5774 0.5774 0.5773
vn 0.7071 -0.7071 -0.0000
vn 0.7071 -0.0000 -0.7071
vn 0.7071 0.7071 -0.0000
vn 0.7071 -0.0000 0.7071
vn -0.0000 -0.7071 0.7071
vn -0.0000 0.7071 0.7071
vn -0.7071 -0.0000 0.7071
vn -0.7071 -0.7071 -0.0000
vn -0.7071 0.7071 -0.0000
vn -0.7071 -0.0000 -0.7071
vn -0.0000 -0.7071 -0.7071
vn -0.0000 0.7071 -0.7071
vn -0.0000 -1.0000 -0.0000
vn 0.5774 -0.5773 -0.5774
vn 0.5774 0.5773 -0.5773
vn 0.5774 -0.5773 0.5774
vn 0.5774 0.5773 0.5774
vn -0.5774 -0.5773 -0.5774
vn -0.5774 0.5773 -0.5773
vn -0.5774 -0.5773 0.5774
vn -0.5774 0.5773 0.5774
vn 0.5773 -0.5773 0.5774
vn -0.5773 -0.5773 0.5774
vn 0.5774 -0.5774 -0.5774
vn 0.5774 0.5774 -0.5774
vn 0.5774 -0.5774 0.5774
vn 0.5774 0.5774 0.5774
vn -0.5774 -0.5774 -0.5774
vn -0.5774 0.5774 -0.5774
vn -0.5774 -0.5774 0.5774
vn -0.5774 0.5774 0.5774
vn 0.5773 -0.5774 -0.5773
vn 0.5773 0.5774 -0.5773
vn -0.5773 -0.5774 -0.5773
vn -0.5773 0.5774 -0.5773
vn 0.5774 -0.5773 -0.5773
vn 0.5774 -0.5773 0.5773
vn -0.5774 -0.5773 -0.5773
vn -0.5774 -0.5773 0.5773
vn -0.5774 -0.5774 -0.5773
vn -0.5773 0.5773 -0.5774
vn -0.5774 -0.5774 0.5773
vn -0.5773 0.5773 0.5774
vn 0.5774 -0.5774 -0.5773
vn 0.5774 0.5773 0.5773
vn -0.5774 0.5773 0.5773
vn 0.5773 -0.5774 0.5773
vn 0.5773 0.5774 0.5773
vn -0.5773 0.5774 0.5774
vn 0.5774 -0.5774 0.5773
vn 0.5773 0.5774 -0.5774
vn 0.5773 0.5774 0.5774
vn -0.5773 0.5774 -0.5774
vn 0.5773 0.5773 -0.5774
vn 0.5773 0.5773 0.5774
vn -0.5773 -0.5774 0.5773
vn -0.5773 0.5774 0.5773
vn -0.3827 0.9239 -0.0000
vn -0.9239 0.3827 -0.0000
vn -0.9239 -0.3827 -0.0000
vn -0.3827 -0.9239 -0.0000
vn 0.3827 -0.9239 -0.0000
vn 0.9239 -0.3827 -0.0000
vn 0.9239 0.3827 -0.0000
vn 0.3827 0.9239 -0.0000
vn -0.0000 0.9332 -0.3593
vn -0.0000 0.9642 -0.2652
vn -0.0000 0.9867 -0.1628
vn -0.0000 0.9985 -0.0549
vn -0.0000 0.9985 0.0549
vn -0.0000 0.9867 0.1628
vn -0.0000 0.9642 0.2652
vn -0.0000 0.9332 0.3593
vn -0.0000 -0.9332 -0.3593
vn -0.0000 -0.9642 -0.2652
vn -0.0000 -0.9867 -0.1628
vn -0.0000 -0.9985 -0.0549
vn -0.0000 -0.9985 0.0549
vn -0.0000 -0.9867 0.1628
vn -0.0000 -0.9642 0.2652
vn -0.0000 -0.9332 0.3593
vn -0.5432 0.4752 -0.6922
vn -0.5432 0.4752 0.6922
vn -0.6858 -0.6000 0.4119
vn -0.6858 -0.6000 -0.4119
vn 0.5432 0.4752 -0.6922
vn 0.5432 0.4752 0.6922
vn 0.6858 -0.6000 0.4119
vn 0.6858 -0.6000 -0.4119
vn -0.7071 0.6599 -0.2541
vn -0.7071 0.6818 -0.1875
vn -0.7071 0.6977 -0.1151
vn -0.7071 0.7060 -0.0388
vn -0.7071 0.7060 0.0388
vn -0.7071 0.6977 0.1151
vn -0.7071 0.6818 0.1875
vn -0.7071 0.6599 0.2541
vn -0.7071 -0.6599 -0.2541
vn -0.7071 -0.6818 -0.1875
vn -0.7071 -0.6977 -0.1151
vn -0.7071 -0.7060 -0.0388
vn -0.7071 -0.7060 0.0388
vn -0.7071 -0.6977 0.1151
vn -0.7071 -0.6818 0.1875
vn -0.7071 -0.6599 0.2541
vn 0.7071 -0.6599 0.2541
vn 0.7071 -0.6818 0.1875
vn 0.7071 -0.6977 0.1151
vn 0.7071 -0.7060 0.0388
vn 0.7071 -0.7060 -0.0388
vn 0.7071 -0.6977 -0.1151
vn 0.7071 -0.6818 -0.1875
vn 0.7071 -0.6599 -0.2541
vn 0.7071 0.6599 0.2541
vn 0.7071 0.6818 0.1875
vn 0.7071 0.6977 0.1151
vn 0.7071 0.7060 0.0388
vn 0.7071 0.7060 -0.0388
vn 0.7071 0.6977 -0.1151
vn 0.7071 0.6818 -0.1875
vn 0.7071 0.6599 -0.2541
vn -0.0000 0.5660 -0.8244
vn -0.0000 0.5660 0.8244
vn -0.0000 -0.8244 0.5660
vn -0.0000 -0.8244 -0.5660
vn 0.5774 0.5773 -0.5774
vn -0.5774 0.5773 -0.5774
vn -0.5773 -0.5773 -0.5774
vn -0.0000 -0.3827 0.9239
vn -0.0000 -0.9239 0.3827
vn -0.0000 -0.9239 -0.3827
vn -0.0000 -0.3827 -0.9239
vn -0.0000 0.3827 -0.9239
vn -0.0000 0.9239 -0.3827
vn -0.0000 0.9239 0.3827
vn -0.0000 0.3827 0.9239
vn 0.3052 0.1566 0.9393
vn -0.9877 0.1566 -0.0000
vn -0.7990 0.1566 -0.5805
vn -0.3052 0.1566 -0.9393
vn 0.3052 0.1566 -0.9393
vn 0.7990 0.1566 -0.5805
vn 0.9877 0.1566 -0.0000
vn 0.7990 0.1566 0.5805
vn -0.7990 0.1566 0.5805
vn -0.3052 0.1566 0.9393
vn -0.2350 -0.6494 0.7232
vn -0.2007 0.7604 0.6176
vn -0.6152 -0.6494 0.4470
vn -0.5254 0.7605 0.3817
vn -0.7604 -0.6494 -0.0000
vn -0.6494 0.7604 -0.0000
vn -0.6152 -0.6494 -0.4470
vn -0.5254 0.7604 -0.3817
vn -0.2350 -0.6494 -0.7232
vn -0.2007 0.7604 -0.6176
vn 0.2350 -0.6494 -0.7232
vn 0.2007 0.7604 -0.6176
vn 0.6152 -0.6494 -0.4470
vn 0.5254 0.7604 -0.3817
vn 0.7604 -0.6494 -0.0000
vn 0.6494 0.7604 -0.0000
vn 0.6152 -0.6494 0.4470
vn 0.5254 0.7604 0.3817
vn 0.2350 -0.6494 0.7232
vn 0.2007 0.7604 0.6176
vn -0.5254 0.7604 0.3817
vn 0.3827 -0.0000 0.9239
vn -0.9239 -0.0000 -0.3827
vn -0.3827 -0.0000 -0.9239
vn 0.3827 -0.0000 -0.9239
vn 0.9239 -0.0000 -0.3827
vn 0.9239 -0.0000 0.3827
vn -0.9239 -0.0000 0.3827
vn -0.3827 -0.0000 0.9239
vn -0.2706 -0.7071 0.6533
vn -0.2706 0.7071 0.6533
vn -0.6533 -0.7071 0.2706
vn -0.6533 0.7071 0.2706
vn -0.6533 -0.7071 -0.2706
vn -0.6533 0.7071 -0.2706
vn -0.2706 -0.7071 -0.6533
vn -0.2706 0.7071 -0.6533
vn 0.2706 -0.7071 -0.6533
vn 0.2706 0.7071 -0.6533
vn 0.6533 -0.7071 -0.2706
vn 0.6533 0.7071 -0.2706
vn 0.6533 -0.7071 0.2706
vn 0.6533 0.7071 0.2706
vn 0.2706 -0.7071 0.6533
vn 0.2706 0.7071 0.6533
vn 0.2588 0.9659 -0.0000
vn -0.9659 0.2588 -0.0000
vn -0.9659 -0.2588 -0.0000
vn -0.2588 -0.9659 -0.0000
vn 0.2588 -0.9659 -0.0000
vn 0.9659 -0.2588 -0.0000
vn 0.9659 0.2588 -0.0000
vn -0.2588 0.9659 -0.0000
vn -0.1830 0.6830 0.7071
vn -0.1830 0.6830 -0.7071
vn -0.5000 0.5000 0.7071
vn -0.5000 0.5000 -0.7071
vn -0.6830 0.1830 0.7071
vn -0.6830 0.1830 -0.7071
vn -0.6830 -0.1830 0.7071
vn -0.6830 -0.1830 -0.7071
vn -0.5000 -0.5000 0.7071
vn -0.5000 -0.5000 -0.7071
vn -0.1830 -0.6830 0.7071
vn -0.1830 -0.6830 -0.7071
vn 0.1830 -0.6830 0.7071
vn 0.1830 -0.6830 -0.7071
vn 0.5000 -0.5000 0.7071
vn 0.5000 -0.5000 -0.7071
vn 0.6830 -0.1830 0.7071
vn 0.6830 -0.1830 -0.7071
vn 0.6830 0.1830 0.7071
vn 0.6830 0.1830 -0.7071
vn 0.5000 0.5000 0.7071
vn 0.5000 0.5000 -0.7071
vn 0.1830 0.6830 0.7071
vn 0.1830 0.6830 -0.7071
vn 0.3797 0.1250 0.9166
vn -0.9166 0.1250 -0.3797
vn -0.3797 0.1250 -0.9166
vn 0.3797 0.1250 -0.9166
vn 0.9166 0.1250 -0.3797
vn 0.9166 0.1250 0.3797
vn -0.9166 0.1250 0.3797
vn -0.3797 0.1250 0.9166
vn -0.2870 -0.6614 0.6929
vn -0.2531 0.7500 0.6111
vn -0.6929 -0.6614 0.2870
vn -0.6111 0.7500 0.2531
vn -0.6929 -0.6614 -0.2870
vn -0.6111 0.7500 -0.2531
vn -0.2870 -0.6614 -0.6929
vn -0.2531 0.7500 -0.6111
vn 0.2870 -0.6614 -0.6929
vn 0.2531 0.7500 -0.6111
vn 0.6929 -0.6614 -0.2870
vn 0.6111 0.7500 -0.2531
vn 0.6929 -0.6614 0.2870
vn 0.6111 0.7500 0.2531
vn 0.2870 -0.6614 0.6929
vn 0.2531 0.7500 0.6111
vn 0.5254 0.7605 0.3817
vn -0.5254 0.7605 -0.3817
vt 0.00000 0.00202
vt 0.00000 0.30114
vt 0.00000 0.31935
vt 0.00000 0.60634
vt 0.00000 0.62557
vt 0.00000 0.84182
vt 0.00000 0.85906
vt 0.00000 0.91537
vt 0.00000 0.92963
vt 0.00000 0.94781
vt 0.00000 0.96502
vt 0.00000 0.97513
vt 0.00000 0.99155
vt 0.00000 0.99535
vt 0.00095 0.92861
vt 0.00095 0.94882
vt 0.00129 0.92963
vt 0.00129 0.94782
vt 0.00172 0.99131
vt 0.00172 0.99511
vt 0.00188 0.00202
vt 0.00188 0.30114
vt 0.00202 0.00000
vt 0.00224 0.92963
vt 0.00224 0.94782
vt 0.00284 0.62253
vt 0.00284 0.84484
vt 0.00284 0.96198
vt 0.00284 0.97815
vt 0.00302 0.31632
vt 0.00302 0.31935
vt 0.00302 0.60634
vt 0.00302 0.60937
vt 0.00342 0.99156
vt 0.00342 0.99536
vt 0.00387 0.62559
vt 0.00387 0.84183
vt 0.00387 0.96504
vt 0.00387 0.97514
vt 0.00717 0.85800
vt 0.00717 0.91431
vt 0.01146 0.62557
vt 0.01146 0.84181
vt 0.01146 0.96501
vt 0.01146 0.97512
vt 0.01426 0.85914
vt 0.01426 0.91545
vt 0.02457 0.00000
vt 0.02459 0.62557
vt 0.02459 0.84182
vt 0.02521 0.00202
vt 0.02521 0.30114
vt 0.02739 0.85901
vt 0.02739 0.90348
vt 0.02739 0.91858
vt 0.02739 0.96966
vt 0.02743 0.62253
vt 0.02743 0.84484
vt 0.02838 0.91896
vt 0.02839 0.91765
vt 0.02840 0.85800
vt 0.02840 0.85901
vt 0.02840 0.90348
vt 0.02840 0.90449
vt 0.02846 0.62559
vt 0.02846 0.84183
vt 0.02859 0.95462
vt 0.02938 0.97041
vt 0.02939 0.96778
vt 0.02945 0.98355
vt 0.03543 0.97041
vt 0.03544 0.96778
vt 0.03550 0.98355
vt 0.03605 0.62557
vt 0.03605 0.84181
vt 0.03747 0.96966
vt 0.04653 0.91896
vt 0.04654 0.91765
vt 0.04673 0.95462
vt 0.04755 0.91858
vt 0.04918 0.62557
vt 0.04918 0.84182
vt 0.04998 0.00000
vt 0.05041 0.00202
vt 0.05041 0.30114
vt 0.05060 0.97216
vt 0.05060 0.97835
vt 0.05202 0.62253
vt 0.05202 0.84484
vt 0.05262 0.97300
vt 0.05262 0.97751
vt 0.05305 0.62559
vt 0.05305 0.84183
vt 0.05496 0.96778
vt 0.05496 0.98272
vt 0.05580 0.96980
vt 0.05580 0.98070
vt 0.06030 0.96980
vt 0.06030 0.98070
vt 0.06063 0.62557
vt 0.06063 0.84181
vt 0.06068 0.91858
vt 0.06114 0.96778
vt 0.06114 0.98272
vt 0.06168 0.91765
vt 0.06168 0.91896
vt 0.06188 0.95462
vt 0.06349 0.97300
vt 0.06349 0.97751
vt 0.06550 0.97216
vt 0.06550 0.97835
vt 0.06873 0.85800
vt 0.06873 0.85901
vt 0.06873 0.90348
vt 0.06873 0.90449
vt 0.06974 0.85901
vt 0.06974 0.90348
vt 0.07376 0.62557
vt 0.07376 0.84182
vt 0.07540 0.00000
vt 0.07540 0.30316
vt 0.07562 0.00202
vt 0.07562 0.30114
vt 0.07661 0.62253
vt 0.07661 0.84484
vt 0.07764 0.62559
vt 0.07764 0.84183
vt 0.07863 0.96903
vt 0.07863 0.97087
vt 0.07863 0.98671
vt 0.07863 0.98855
vt 0.07982 0.91896
vt 0.07983 0.91765
vt 0.07986 0.96778
vt 0.07986 0.97223
vt 0.07986 0.98547
vt 0.07986 0.98991
vt 0.08003 0.95462
vt 0.08085 0.91858
vt 0.08160 0.96787
vt 0.08160 0.97231
vt 0.08160 0.98555
vt 0.08160 0.99000
vt 0.08282 0.96923
vt 0.08282 0.97107
vt 0.08282 0.98691
vt 0.08282 0.98876
vt 0.08286 0.85901
vt 0.08286 0.87720
vt 0.08381 0.85800
vt 0.08381 0.87821
vt 0.08416 0.85902
vt 0.08416 0.87721
vt 0.08511 0.85902
vt 0.08511 0.87721
vt 0.08522 0.62557
vt 0.08522 0.84181
vt 0.09835 0.62558
vt 0.09835 0.84181
vt 0.09835 0.85799
vt 0.09835 0.91862
vt 0.09835 0.93699
vt 0.09835 0.94467
vt 0.09835 0.96859
vt 0.09835 0.97539
vt 0.09968 0.96913
vt 0.09968 0.97484
vt 0.10083 0.00000
vt 0.10083 0.00202
vt 0.10083 0.30114
vt 0.10083 0.30316
vt 0.10116 0.62253
vt 0.10116 0.84483
vt 0.10228 0.62560
vt 0.10228 0.84184
vt 0.10315 0.96377
vt 0.10315 0.98020
vt 0.10352 0.93178
vt 0.10352 0.95031
vt 0.10370 0.96510
vt 0.10370 0.97887
vt 0.10548 0.85799
vt 0.10548 0.91862
vt 0.10939 0.96510
vt 0.10939 0.97887
vt 0.10977 0.62556
vt 0.10977 0.84179
vt 0.10994 0.96377
vt 0.10994 0.98020
vt 0.11083 0.93208
vt 0.11083 0.95061
vt 0.11261 0.85799
vt 0.11261 0.91862
vt 0.11342 0.96913
vt 0.11342 0.97484
vt 0.11474 0.96859
vt 0.11474 0.97539
vt 0.11600 0.93773
vt 0.11600 0.94540
vt 0.12291 0.62558
vt 0.12291 0.84181
vt 0.12571 0.62253
vt 0.12571 0.84483
vt 0.12574 0.85799
vt 0.12574 0.91862
vt 0.12603 0.00202
vt 0.12603 0.30114
vt 0.12625 0.00000
vt 0.12625 0.30316
vt 0.12684 0.62560
vt 0.12684 0.84184
vt 0.12913 0.93699
vt 0.12913 0.94467
vt 0.12913 0.96681
vt 0.12913 0.97692
vt 0.13197 0.96377
vt 0.13197 0.97994
vt 0.13287 0.85799
vt 0.13287 0.91862
vt 0.13300 0.96683
vt 0.13300 0.97693
vt 0.13430 0.93178
vt 0.13430 0.95031
vt 0.13433 0.62556
vt 0.13433 0.84179
vt 0.14000 0.85799
vt 0.14000 0.91862
vt 0.14059 0.96681
vt 0.14059 0.97691
vt 0.14161 0.93208
vt 0.14161 0.95061
vt 0.14678 0.93773
vt 0.14678 0.94540
vt 0.14746 0.62558
vt 0.14746 0.84181
vt 0.15027 0.62253
vt 0.15027 0.84483
vt 0.15124 0.00202
vt 0.15124 0.30114
vt 0.15139 0.62560
vt 0.15139 0.84184
vt 0.15167 0.30316
vt 0.15313 0.85799
vt 0.15313 0.91862
vt 0.15372 0.96682
vt 0.15372 0.97693
vt 0.15372 0.99310
vt 0.15372 0.99714
vt 0.15543 0.99310
vt 0.15543 0.99714
vt 0.15653 0.96377
vt 0.15653 0.97994
vt 0.15714 0.99310
vt 0.15714 0.99714
vt 0.15765 0.96685
vt 0.15765 0.97695
vt 0.15888 0.62556
vt 0.15888 0.84179
vt 0.15991 0.93699
vt 0.15991 0.94467
vt 0.16026 0.85799
vt 0.16026 0.91862
vt 0.16507 0.93178
vt 0.16507 0.95031
vt 0.16514 0.96680
vt 0.16514 0.97691
vt 0.16739 0.85799
vt 0.16739 0.91862
vt 0.17027 0.99310
vt 0.17027 0.99714
vt 0.17198 0.99310
vt 0.17198 0.99714
vt 0.17201 0.62558
vt 0.17201 0.84181
vt 0.17238 0.93208
vt 0.17238 0.95061
vt 0.17369 0.99310
vt 0.17369 0.99714
vt 0.17482 0.62253
vt 0.17482 0.84483
vt 0.17594 0.62560
vt 0.17594 0.84184
vt 0.17645 0.00202
vt 0.17645 0.30114
vt 0.17708 0.30316
vt 0.17755 0.93773
vt 0.17755 0.94540
vt 0.17827 0.96682
vt 0.17827 0.97693
vt 0.18052 0.85799
vt 0.18052 0.91862
vt 0.18108 0.96377
vt 0.18108 0.97994
vt 0.18220 0.96685
vt 0.18220 0.97695
vt 0.18343 0.62556
vt 0.18343 0.84179
vt 0.18682 0.99310
vt 0.18682 0.99714
vt 0.18765 0.85799
vt 0.18765 0.91862
vt 0.18853 0.99310
vt 0.18853 0.99714
vt 0.18855 0.31632
vt 0.18855 0.31935
vt 0.18855 0.60634
vt 0.18855 0.60937
vt 0.18969 0.96680
vt 0.18969 0.97691
vt 0.19024 0.99310
vt 0.19024 0.99714
vt 0.19068 0.93268
vt 0.19068 0.94837
vt 0.19157 0.31935
vt 0.19157 0.60634
vt 0.19181 0.93178
vt 0.19181 0.93603
vt 0.19181 0.94508
vt 0.19181 0.94928
vt 0.19222 0.94057
vt 0.19307 0.93551
vt 0.19307 0.94561
vt 0.19353 0.94057
vt 0.19401 0.93551
vt 0.19401 0.94561
vt 0.19448 0.94057
vt 0.19478 0.85799
vt 0.19478 0.91862
vt 0.19964 0.30316
vt 0.19977 0.00202
vt 0.19977 0.30114
vt 0.20165 0.00202
vt 0.20165 0.30114
vt 0.20470 0.31935
vt 0.20470 0.60634
vt 0.20470 0.62558
vt 0.20470 0.84181
vt 0.20751 0.62253
vt 0.20751 0.84483
vt 0.20773 0.31632
vt 0.20773 0.31935
vt 0.20773 0.60634
vt 0.20773 0.60937
vt 0.20791 0.85904
vt 0.20791 0.91536
vt 0.20791 0.93533
vt 0.20791 0.94299
vt 0.20791 0.96905
vt 0.20863 0.62560
vt 0.20863 0.84184
vt 0.20910 0.93595
vt 0.20990 0.96980
vt 0.20992 0.96717
vt 0.20997 0.98294
vt 0.21012 0.95032
vt 0.21107 0.94938
vt 0.21359 0.92976
vt 0.21419 0.93096
vt 0.21478 0.00202
vt 0.21478 0.30114
vt 0.21492 0.00000
vt 0.21508 0.85799
vt 0.21508 0.91430
vt 0.21595 0.96980
vt 0.21596 0.96717
vt 0.21602 0.98294
vt 0.21612 0.62556
vt 0.21612 0.84179
vt 0.21716 0.95401
vt 0.21738 0.95269
vt 0.21799 0.96905
vt 0.22123 0.92992
vt 0.22145 0.92860
vt 0.22217 0.85913
vt 0.22217 0.91544
vt 0.22442 0.95164
vt 0.22502 0.95285
vt 0.22753 0.93323
vt 0.22849 0.93229
vt 0.22925 0.62558
vt 0.22925 0.84181
vt 0.22951 0.94665
vt 0.23070 0.93962
vt 0.23070 0.94728
vt 0.23112 0.96905
vt 0.23206 0.62253
vt 0.23206 0.84483
vt 0.23311 0.96980
vt 0.23313 0.96717
vt 0.23319 0.62560
vt 0.23319 0.84184
vt 0.23319 0.98294
vt 0.23530 0.85904
vt 0.23530 0.91536
vt 0.23811 0.00202
vt 0.23811 0.30114
vt 0.23874 0.00000
vt 0.23916 0.96980
vt 0.23918 0.96717
vt 0.23924 0.98294
vt 0.24068 0.62556
vt 0.24068 0.84179
vt 0.24120 0.96905
vt 0.24247 0.85799
vt 0.24247 0.91430
vt 0.24383 0.93533
vt 0.24383 0.94299
vt 0.24502 0.93595
vt 0.24603 0.95032
vt 0.24699 0.94938
vt 0.24951 0.92976
vt 0.24956 0.85913
vt 0.24956 0.91544
vt 0.25010 0.93096
vt 0.25308 0.95401
vt 0.25330 0.95269
vt 0.25381 0.62558
vt 0.25381 0.84181
vt 0.25433 0.96905
vt 0.25632 0.96980
vt 0.25634 0.96717
vt 0.25640 0.98294
vt 0.25662 0.62253
vt 0.25662 0.84483
vt 0.25715 0.92992
vt 0.25737 0.92860
vt 0.25774 0.62560
vt 0.25774 0.84184
vt 0.26034 0.95164
vt 0.26094 0.95285
vt 0.26237 0.96980
vt 0.26239 0.96717
vt 0.26245 0.98294
vt 0.26269 0.85904
vt 0.26269 0.91536
vt 0.26332 0.00202
vt 0.26332 0.30114
vt 0.26345 0.93323
vt 0.26375 0.00000
vt 0.26441 0.93229
vt 0.26442 0.96905
vt 0.26523 0.62556
vt 0.26523 0.84179
vt 0.26543 0.94665
vt 0.26662 0.93962
vt 0.26662 0.94728
vt 0.26986 0.85799
vt 0.26986 0.91430
vt 0.27694 0.85913
vt 0.27694 0.91544
vt 0.27755 0.96905
vt 0.27836 0.62558
vt 0.27836 0.84181
vt 0.27954 0.96980
vt 0.27955 0.96717
vt 0.27961 0.98294
vt 0.27975 0.92961
vt 0.27975 0.94780
vt 0.28069 0.92860
vt 0.28069 0.94881
vt 0.28104 0.92962
vt 0.28104 0.94781
vt 0.28117 0.62253
vt 0.28117 0.84483
vt 0.28199 0.92961
vt 0.28199 0.94780
vt 0.28229 0.62560
vt 0.28229 0.84184
vt 0.28558 0.96980
vt 0.28560 0.96717
vt 0.28566 0.98294
vt 0.28763 0.96905
vt 0.28852 0.00202
vt 0.28852 0.30114
vt 0.28874 0.00000
vt 0.28874 0.30316
vt 0.28978 0.62556
vt 0.28978 0.84179
vt 0.30291 0.74000
vt 0.30291 0.82753
vt 0.30291 0.90635
vt 0.30291 0.94989
vt 0.30291 0.96645
vt 0.30356 0.71557
vt 0.30366 0.95137
vt 0.30456 0.71557
vt 0.30491 0.96714
vt 0.30492 0.96455
vt 0.30494 0.69203
vt 0.30494 0.73911
vt 0.30495 0.98044
vt 0.30546 0.92253
vt 0.30575 0.82449
vt 0.30575 0.90937
vt 0.30596 0.69161
vt 0.30596 0.73953
vt 0.30679 0.82754
vt 0.30679 0.90636
vt 0.30707 0.76377
vt 0.30795 0.69252
vt 0.30906 0.66849
vt 0.30906 0.76268
vt 0.31016 0.66768
vt 0.31016 0.76349
vt 0.31039 0.92254
vt 0.31050 0.95139
vt 0.31055 0.94991
vt 0.31096 0.96714
vt 0.31097 0.96455
vt 0.31100 0.98044
vt 0.31211 0.66878
vt 0.31299 0.96645
vt 0.31373 0.00000
vt 0.31373 0.00202
vt 0.31373 0.30114
vt 0.31373 0.30316
vt 0.31400 0.78754
vt 0.31523 0.92253
vt 0.31594 0.64495
vt 0.31594 0.78626
vt 0.31714 0.64376
vt 0.31714 0.78745
vt 0.31719 0.95137
vt 0.31802 0.94988
vt 0.31904 0.64505
vt 0.32298 0.80954
vt 0.32511 0.62253
vt 0.32511 0.80873
vt 0.32572 0.81133
vt 0.32583 0.62253
vt 0.32583 0.80874
vt 0.32612 0.96645
vt 0.32673 0.81133
vt 0.32802 0.62310
vt 0.32802 0.80956
vt 0.32812 0.96714
vt 0.32813 0.96455
vt 0.32817 0.98044
vt 0.33115 0.94989
vt 0.33190 0.95137
vt 0.33369 0.92253
vt 0.33417 0.96714
vt 0.33418 0.96455
vt 0.33421 0.98044
vt 0.33621 0.96645
vt 0.33863 0.92254
vt 0.33872 0.00000
vt 0.33872 0.30316
vt 0.33874 0.95139
vt 0.33879 0.94991
vt 0.33894 0.00202
vt 0.33894 0.30114
vt 0.34115 0.74000
vt 0.34181 0.71557
vt 0.34281 0.71557
vt 0.34318 0.69203
vt 0.34318 0.73911
vt 0.34346 0.92253
vt 0.34420 0.69161
vt 0.34420 0.73953
vt 0.34531 0.76377
vt 0.34543 0.95137
vt 0.34619 0.69252
vt 0.34626 0.94988
vt 0.34730 0.66849
vt 0.34730 0.76268
vt 0.34840 0.66768
vt 0.34840 0.76349
vt 0.34934 0.96645
vt 0.35035 0.66878
vt 0.35134 0.96714
vt 0.35135 0.96455
vt 0.35138 0.98044
vt 0.35224 0.78754
vt 0.35418 0.64495
vt 0.35418 0.78626
vt 0.35418 0.82739
vt 0.35418 0.90621
vt 0.35539 0.64376
vt 0.35539 0.78745
vt 0.35729 0.64505
vt 0.35739 0.96714
vt 0.35740 0.96455
vt 0.35743 0.98044
vt 0.35939 0.92456
vt 0.35939 0.94679
vt 0.35942 0.96645
vt 0.36122 0.80954
vt 0.36128 0.92253
vt 0.36128 0.94880
vt 0.36197 0.92457
vt 0.36197 0.94680
vt 0.36292 0.92456
vt 0.36292 0.94680
vt 0.36335 0.62253
vt 0.36335 0.80873
vt 0.36371 0.30316
vt 0.36396 0.81133
vt 0.36407 0.62253
vt 0.36407 0.80874
vt 0.36414 0.00202
vt 0.36414 0.30114
vt 0.36497 0.81133
vt 0.36626 0.62310
vt 0.36626 0.80956
vt 0.37939 0.62557
vt 0.37939 0.80342
vt 0.37939 0.82149
vt 0.37939 0.91705
vt 0.37939 0.96815
vt 0.38039 0.91742
vt 0.38040 0.91611
vt 0.38059 0.95309
vt 0.38138 0.82224
vt 0.38139 0.96884
vt 0.38140 0.81961
vt 0.38140 0.96625
vt 0.38144 0.98214
vt 0.38184 0.90295
vt 0.38242 0.62253
vt 0.38242 0.62557
vt 0.38242 0.80342
vt 0.38242 0.80645
vt 0.38744 0.96884
vt 0.38745 0.96625
vt 0.38749 0.98214
vt 0.38872 0.30316
vt 0.38935 0.00202
vt 0.38935 0.30114
vt 0.38948 0.96815
vt 0.39049 0.62253
vt 0.39049 0.62557
vt 0.39049 0.80342
vt 0.39049 0.80645
vt 0.39325 0.31632
vt 0.39325 0.31935
vt 0.39325 0.60634
vt 0.39325 0.60937
vt 0.39351 0.62557
vt 0.39351 0.80342
vt 0.39627 0.31935
vt 0.39627 0.60634
vt 0.39854 0.91611
vt 0.39854 0.91742
vt 0.39874 0.95309
vt 0.39956 0.91705
vt 0.40261 0.96815
vt 0.40356 0.82224
vt 0.40358 0.81961
vt 0.40402 0.90295
vt 0.40461 0.96884
vt 0.40462 0.96625
vt 0.40465 0.98214
vt 0.40561 0.82149
vt 0.40940 0.31632
vt 0.40940 0.59638
vt 0.40940 0.61251
vt 0.40940 0.69941
vt 0.40940 0.71662
vt 0.40940 0.80352
vt 0.41041 0.59732
vt 0.41042 0.59601
vt 0.41066 0.96884
vt 0.41067 0.96625
vt 0.41070 0.98214
vt 0.41142 0.61049
vt 0.41142 0.61251
vt 0.41142 0.69941
vt 0.41142 0.70144
vt 0.41142 0.71459
vt 0.41142 0.71662
vt 0.41142 0.80352
vt 0.41142 0.80554
vt 0.41243 0.61049
vt 0.41243 0.61251
vt 0.41243 0.69941
vt 0.41243 0.70144
vt 0.41243 0.71459
vt 0.41243 0.71662
vt 0.41243 0.80352
vt 0.41243 0.80554
vt 0.41254 0.30316
vt 0.41267 0.00202
vt 0.41267 0.30114
vt 0.41269 0.91712
vt 0.41269 0.93531
vt 0.41269 0.96815
vt 0.41344 0.31633
vt 0.41364 0.91611
vt 0.41364 0.93632
vt 0.41398 0.91713
vt 0.41398 0.93532
vt 0.41444 0.61251
vt 0.41444 0.69941
vt 0.41444 0.71662
vt 0.41444 0.80352
vt 0.41445 0.59733
vt 0.41446 0.59601
vt 0.41493 0.91713
vt 0.41493 0.93532
vt 0.41545 0.59639
vt 0.42580 0.00101
vt 0.42580 0.30215
vt 0.42681 0.00000
vt 0.42681 0.00101
vt 0.42681 0.30215
vt 0.42681 0.30316
vt 0.42858 0.59480
vt 0.42858 0.61296
vt 0.42858 0.82920
vt 0.42858 0.84721
vt 0.42858 0.90622
vt 0.42858 0.94856
vt 0.42858 0.96528
vt 0.42858 0.97943
vt 0.42984 0.31699
vt 0.43027 0.84538
vt 0.43027 0.90803
vt 0.43060 0.96326
vt 0.43060 0.96528
vt 0.43060 0.97943
vt 0.43060 0.98145
vt 0.43068 0.59675
vt 0.43085 0.00000
vt 0.43085 0.00101
vt 0.43085 0.30215
vt 0.43085 0.30316
vt 0.43094 0.84723
vt 0.43094 0.90624
vt 0.43135 0.59413
vt 0.43140 0.59676
vt 0.43143 0.60991
vt 0.43143 0.83222
vt 0.43185 0.00101
vt 0.43185 0.30215
vt 0.43207 0.92120
vt 0.43236 0.59414
vt 0.43246 0.61297
vt 0.43246 0.82922
vt 0.43262 0.31632
vt 0.43362 0.31633
vt 0.43362 0.59485
vt 0.43506 0.84720
vt 0.43506 0.90621
vt 0.43530 0.94862
vt 0.43563 0.95010
vt 0.43642 0.92124
vt 0.44004 0.61295
vt 0.44004 0.82919
vt 0.44155 0.92124
vt 0.44274 0.95010
vt 0.44323 0.94862
vt 0.44472 0.96326
vt 0.44472 0.96528
vt 0.44472 0.97943
vt 0.44472 0.98145
vt 0.44499 0.00101
vt 0.44499 0.30215
vt 0.44550 0.92119
vt 0.44599 0.00000
vt 0.44599 0.00101
vt 0.44599 0.30215
vt 0.44599 0.30316
vt 0.44673 0.96528
vt 0.44673 0.97943
vt 0.44675 0.31814
vt 0.44675 0.37716
vt 0.44675 0.39395
vt 0.44675 0.45297
vt 0.44675 0.46976
vt 0.44675 0.52878
vt 0.44675 0.54476
vt 0.44675 0.58316
vt 0.44776 0.54375
vt 0.44776 0.54476
vt 0.44776 0.58316
vt 0.44776 0.58417
vt 0.44819 0.84640
vt 0.44819 0.86459
vt 0.44819 0.87977
vt 0.44819 0.89795
vt 0.44846 0.31632
vt 0.44846 0.37897
vt 0.44846 0.39213
vt 0.44846 0.45478
vt 0.44846 0.46794
vt 0.44846 0.53059
vt 0.44877 0.54375
vt 0.44877 0.54476
vt 0.44877 0.58316
vt 0.44877 0.58417
vt 0.44908 0.31815
vt 0.44908 0.37717
vt 0.44908 0.39396
vt 0.44908 0.45298
vt 0.44908 0.46977
vt 0.44908 0.52879
vt 0.44914 0.84538
vt 0.44914 0.86559
vt 0.44914 0.87875
vt 0.44914 0.89896
vt 0.44934 0.94854
vt 0.44946 0.31815
vt 0.44946 0.37716
vt 0.44946 0.39396
vt 0.44946 0.45298
vt 0.44946 0.46977
vt 0.44946 0.52878
vt 0.44948 0.84640
vt 0.44948 0.86459
vt 0.44948 0.87977
vt 0.44948 0.89796
vt 0.44978 0.54476
vt 0.44978 0.58316
vt 0.45003 0.00000
vt 0.45003 0.00101
vt 0.45003 0.30215
vt 0.45003 0.30316
vt 0.45043 0.84640
vt 0.45043 0.86459
vt 0.45043 0.87977
vt 0.45043 0.89796
vt 0.45103 0.00101
vt 0.45103 0.30215
vt 0.46416 0.00303
vt 0.46416 0.29407
vt 0.46416 0.31329
vt 0.46416 0.59017
vt 0.46416 0.60918
vt 0.46416 0.86286
vt 0.46416 0.90733
vt 0.46416 0.94887
vt 0.46416 0.96559
vt 0.46416 0.97974
vt 0.46517 0.86185
vt 0.46517 0.86286
vt 0.46517 0.90733
vt 0.46517 0.90834
vt 0.46618 0.96357
vt 0.46618 0.96559
vt 0.46618 0.97974
vt 0.46618 0.98176
vt 0.46715 0.61030
vt 0.46717 0.60636
vt 0.46719 0.00000
vt 0.46719 0.00303
vt 0.46719 0.29407
vt 0.46719 0.29710
vt 0.46719 0.31026
vt 0.46719 0.31329
vt 0.46719 0.59017
vt 0.46719 0.59320
vt 0.46766 0.92151
vt 0.46851 0.84869
vt 0.47089 0.94893
vt 0.47122 0.95041
vt 0.47200 0.92155
vt 0.47526 0.00000
vt 0.47526 0.00303
vt 0.47526 0.29407
vt 0.47526 0.29710
vt 0.47713 0.92154
vt 0.47828 0.00303
vt 0.47828 0.29407
vt 0.47832 0.95040
vt 0.47882 0.94892
vt 0.48030 0.96357
vt 0.48030 0.96559
vt 0.48030 0.97974
vt 0.48030 0.98176
vt 0.48108 0.92150
vt 0.48231 0.96559
vt 0.48231 0.97974
vt 0.48492 0.94885
vt 0.49141 0.00303
vt 0.49141 0.29407
vt 0.49444 0.00000
vt 0.49444 0.00303
vt 0.49444 0.29407
vt 0.49444 0.29710
vt 0.49544 0.96547
vt 0.49544 0.99262
vt 0.49544 0.99666
vt 0.49716 0.99262
vt 0.49716 0.99666
vt 0.49744 0.96616
vt 0.49745 0.96357
vt 0.49749 0.97946
vt 0.49806 0.92352
vt 0.49806 0.94575
vt 0.49887 0.99262
vt 0.49887 0.99666
vt 0.49995 0.92150
vt 0.49995 0.94777
vt 0.50064 0.92353
vt 0.50064 0.94576
vt 0.50159 0.92353
vt 0.50159 0.94576
vt 0.50250 0.00000
vt 0.50250 0.00303
vt 0.50250 0.29407
vt 0.50250 0.29710
vt 0.50349 0.96616
vt 0.50350 0.96357
vt 0.50353 0.97946
vt 0.50550 0.86185
vt 0.50550 0.86286
vt 0.50550 0.90733
vt 0.50550 0.90834
vt 0.50553 0.00303
vt 0.50553 0.29407
vt 0.50553 0.96547
vt 0.50651 0.86286
vt 0.50651 0.90733
vt 0.51866 0.00303
vt 0.51866 0.29407
vt 0.51964 0.86488
vt 0.51964 0.90328
vt 0.51964 0.92041
vt 0.51964 0.97399
vt 0.51964 0.98018
vt 0.52064 0.92079
vt 0.52065 0.91948
vt 0.52084 0.95645
vt 0.52166 0.97483
vt 0.52166 0.97934
vt 0.52168 0.00000
vt 0.52168 0.00303
vt 0.52168 0.29407
vt 0.52168 0.29710
vt 0.52267 0.86185
vt 0.52267 0.86488
vt 0.52267 0.90328
vt 0.52267 0.90632
vt 0.52401 0.96961
vt 0.52401 0.98455
vt 0.52484 0.97163
vt 0.52484 0.98253
vt 0.52935 0.97163
vt 0.52935 0.98253
vt 0.52975 0.00000
vt 0.52975 0.00303
vt 0.52975 0.29407
vt 0.52975 0.29710
vt 0.53018 0.96961
vt 0.53018 0.98455
vt 0.53253 0.97483
vt 0.53253 0.97934
vt 0.53277 0.00303
vt 0.53277 0.29407
vt 0.53373 0.31026
vt 0.53373 0.31329
vt 0.53373 0.59017
vt 0.53373 0.59320
vt 0.53455 0.97399
vt 0.53455 0.98018
vt 0.53676 0.31329
vt 0.53676 0.59017
vt 0.53878 0.92079
vt 0.53879 0.91948
vt 0.53899 0.95645
vt 0.53981 0.92041
vt 0.54579 0.61030
vt 0.54581 0.60636
vt 0.54590 0.00303
vt 0.54590 0.29407
vt 0.54714 0.84869
vt 0.54885 0.60918
vt 0.54893 0.00000
vt 0.54893 0.00303
vt 0.54893 0.29407
vt 0.54893 0.29710
vt 0.54989 0.31329
vt 0.54989 0.59017
vt 0.55292 0.31026
vt 0.55292 0.31329
vt 0.55292 0.59017
vt 0.55292 0.59320
vt 0.55294 0.92041
vt 0.55294 0.97399
vt 0.55294 0.98018
vt 0.55393 0.92079
vt 0.55394 0.91948
vt 0.55413 0.95645
vt 0.55495 0.97483
vt 0.55495 0.97934
vt 0.55695 0.86185
vt 0.55695 0.86488
vt 0.55695 0.90328
vt 0.55695 0.90632
vt 0.55699 0.00000
vt 0.55699 0.00303
vt 0.55699 0.29407
vt 0.55699 0.29710
vt 0.55730 0.96961
vt 0.55730 0.98455
vt 0.55814 0.97163
vt 0.55814 0.98253
vt 0.55997 0.86488
vt 0.55997 0.90328
vt 0.56002 0.00303
vt 0.56002 0.29407
vt 0.56198 0.60918
vt 0.56264 0.97163
vt 0.56264 0.98253
vt 0.56347 0.96961
vt 0.56347 0.98455
vt 0.56497 0.61030
vt 0.56499 0.60636
vt 0.56582 0.97483
vt 0.56582 0.97934
vt 0.56632 0.84869
vt 0.56784 0.97399
vt 0.56784 0.98018
vt 0.57208 0.92079
vt 0.57209 0.91948
vt 0.57228 0.95645
vt 0.57310 0.86488
vt 0.57310 0.90328
vt 0.57310 0.92041
vt 0.57315 0.00000
vt 0.57315 0.28006
vt 0.57416 0.28100
vt 0.57417 0.27969
vt 0.57613 0.86185
vt 0.57613 0.86488
vt 0.57613 0.90328
vt 0.57613 0.90632
vt 0.57718 0.00001
vt 0.57819 0.28101
vt 0.57820 0.27970
vt 0.57920 0.28007
vt 0.58623 0.94685
vt 0.58623 0.96357
vt 0.58623 0.97772
vt 0.58623 0.99290
vt 0.58623 0.99694
vt 0.58794 0.99290
vt 0.58794 0.99694
vt 0.58825 0.96155
vt 0.58825 0.96357
vt 0.58825 0.97772
vt 0.58825 0.97974
vt 0.58965 0.99290
vt 0.58965 0.99694
vt 0.58972 0.91949
vt 0.59233 0.27848
vt 0.59295 0.94691
vt 0.59328 0.94839
vt 0.59359 0.00067
vt 0.59407 0.91953
vt 0.59443 0.28043
vt 0.59510 0.27781
vt 0.59515 0.28044
vt 0.59611 0.27782
vt 0.59636 0.00000
vt 0.59737 0.00001
vt 0.59737 0.27853
vt 0.59920 0.91952
vt 0.60038 0.94838
vt 0.60088 0.94690
vt 0.60236 0.96155
vt 0.60236 0.96357
vt 0.60236 0.97772
vt 0.60236 0.97974
vt 0.60278 0.99290
vt 0.60278 0.99694
vt 0.60315 0.91948
vt 0.60438 0.96357
vt 0.60438 0.97772
vt 0.60449 0.99290
vt 0.60449 0.99694
vt 0.60620 0.99290
vt 0.60620 0.99694
vt 0.60699 0.94683
vt 0.61041 0.86185
vt 0.61041 0.86488
vt 0.61041 0.90328
vt 0.61041 0.90632
vt 0.61050 0.00282
vt 0.61050 0.28922
vt 0.61050 0.29366
vt 0.61232 0.28740
vt 0.61232 0.28922
vt 0.61232 0.29366
vt 0.61232 0.29548
vt 0.61272 0.28740
vt 0.61272 0.28922
vt 0.61272 0.29366
vt 0.61272 0.29548
vt 0.61343 0.86488
vt 0.61343 0.90328
vt 0.61348 0.00394
vt 0.61351 0.00000
vt 0.61453 0.28922
vt 0.61453 0.29366
vt 0.61502 0.27424
vt 0.61946 0.31026
vt 0.61946 0.31329
vt 0.61946 0.59017
vt 0.61946 0.59320
vt 0.62249 0.31329
vt 0.62249 0.59017
vt 0.62357 0.00394
vt 0.62359 0.00000
vt 0.62511 0.27424
vt 0.62657 0.86279
vt 0.62657 0.91856
vt 0.62657 0.96964
vt 0.62663 0.00282
vt 0.62756 0.86316
vt 0.62756 0.91893
vt 0.62757 0.86185
vt 0.62757 0.91762
vt 0.62766 0.28922
vt 0.62766 0.29366
vt 0.62776 0.95460
vt 0.62779 0.90446
vt 0.62855 0.97039
vt 0.62857 0.96776
vt 0.62863 0.98352
vt 0.62948 0.28740
vt 0.62948 0.28922
vt 0.62948 0.29366
vt 0.62948 0.29548
vt 0.62988 0.28740
vt 0.62988 0.28922
vt 0.62988 0.29366
vt 0.62988 0.29548
vt 0.63058 0.86316
vt 0.63059 0.86185
vt 0.63082 0.90446
vt 0.63160 0.86279
vt 0.63170 0.28922
vt 0.63170 0.29366
vt 0.63460 0.97039
vt 0.63462 0.96776
vt 0.63468 0.98352
vt 0.63562 0.31307
vt 0.63665 0.96964
vt 0.63860 0.31420
vt 0.63862 0.31026
vt 0.63976 0.00282
vt 0.64014 0.58449
vt 0.64275 0.00394
vt 0.64277 0.00000
vt 0.64360 0.61030
vt 0.64363 0.60636
vt 0.64428 0.27424
vt 0.64474 0.86286
vt 0.64474 0.90126
vt 0.64483 0.28922
vt 0.64483 0.29366
vt 0.64496 0.84869
vt 0.64571 0.91762
vt 0.64571 0.91893
vt 0.64574 0.86185
vt 0.64574 0.86286
vt 0.64574 0.90126
vt 0.64574 0.90227
vt 0.64591 0.95460
vt 0.64664 0.28740
vt 0.64664 0.28922
vt 0.64664 0.29366
vt 0.64664 0.29548
vt 0.64667 0.60918
vt 0.64673 0.91856
vt 0.64675 0.86185
vt 0.64675 0.86286
vt 0.64675 0.90126
vt 0.64675 0.90227
vt 0.64704 0.28740
vt 0.64704 0.28922
vt 0.64704 0.29366
vt 0.64704 0.29548
vt 0.64776 0.86286
vt 0.64776 0.90126
vt 0.64868 0.31420
vt 0.64871 0.31026
vt 0.64886 0.28922
vt 0.64886 0.29366
vt 0.65022 0.58449
vt 0.65175 0.31307
vt 0.65283 0.00394
vt 0.65285 0.00000
vt 0.65437 0.27424
vt 0.65589 0.00282
vt 0.66488 0.31307
vt 0.66488 0.60069
vt 0.66488 0.81694
vt 0.66488 0.83500
vt 0.66488 0.93064
vt 0.66488 0.94883
vt 0.66488 0.96501
vt 0.66488 0.97916
vt 0.66583 0.92962
vt 0.66583 0.94983
vt 0.66617 0.93064
vt 0.66617 0.94883
vt 0.66687 0.83575
vt 0.66688 0.83312
vt 0.66689 0.96299
vt 0.66689 0.96501
vt 0.66689 0.97916
vt 0.66689 0.98118
vt 0.66712 0.93064
vt 0.66712 0.94883
vt 0.66733 0.91646
vt 0.66772 0.59765
vt 0.66772 0.81996
vt 0.66786 0.31420
vt 0.66789 0.31026
vt 0.66875 0.60071
vt 0.66875 0.81696
vt 0.66902 0.00282
vt 0.66902 0.28567
vt 0.66902 0.29375
vt 0.66940 0.58449
vt 0.67092 0.28364
vt 0.67092 0.29577
vt 0.67161 0.28568
vt 0.67161 0.29377
vt 0.67201 0.00394
vt 0.67203 0.00000
vt 0.67350 0.28568
vt 0.67350 0.29376
vt 0.67352 0.27048
vt 0.67634 0.60069
vt 0.67634 0.81693
vt 0.67794 0.31420
vt 0.67797 0.31026
vt 0.67805 0.00394
vt 0.67808 0.00000
vt 0.67948 0.58449
vt 0.67957 0.27048
vt 0.68025 0.93064
vt 0.68025 0.94883
vt 0.68101 0.31307
vt 0.68101 0.96299
vt 0.68101 0.96501
vt 0.68101 0.97916
vt 0.68101 0.98118
vt 0.68112 0.00282
vt 0.68119 0.92962
vt 0.68119 0.94983
vt 0.68154 0.93064
vt 0.68154 0.94883
vt 0.68249 0.93064
vt 0.68249 0.94883
vt 0.68303 0.96501
vt 0.68303 0.97916
vt 0.68905 0.83575
vt 0.68906 0.83312
vt 0.68951 0.91646
vt 0.69109 0.83500
vt 0.69414 0.31307
vt 0.69414 0.59694
vt 0.69414 0.81319
vt 0.69425 0.00202
vt 0.69425 0.26476
vt 0.69425 0.28570
vt 0.69425 0.29085
vt 0.69562 0.93064
vt 0.69562 0.94883
vt 0.69600 0.28627
vt 0.69600 0.29028
vt 0.69616 0.96502
vt 0.69616 0.97310
vt 0.69616 0.98852
vt 0.69616 0.99231
vt 0.69627 0.00000
vt 0.69627 0.00202
vt 0.69627 0.26476
vt 0.69627 0.26678
vt 0.69656 0.92962
vt 0.69656 0.94983
vt 0.69691 0.93064
vt 0.69691 0.94883
vt 0.69698 0.59390
vt 0.69698 0.81621
vt 0.69712 0.31420
vt 0.69715 0.31026
vt 0.69727 0.28153
vt 0.69727 0.29502
vt 0.69786 0.93064
vt 0.69786 0.94883
vt 0.69787 0.98828
vt 0.69787 0.99208
vt 0.69801 0.59696
vt 0.69801 0.81320
vt 0.69805 0.96299
vt 0.69805 0.97512
vt 0.69828 0.00000
vt 0.69828 0.00202
vt 0.69828 0.26476
vt 0.69828 0.26678
vt 0.69835 0.28302
vt 0.69835 0.29352
vt 0.69864 0.58074
vt 0.69874 0.96503
vt 0.69874 0.97311
vt 0.69958 0.98853
vt 0.69958 0.99233
vt 0.70030 0.00202
vt 0.70030 0.26476
vt 0.70064 0.96502
vt 0.70064 0.97311
vt 0.70216 0.27994
vt 0.70216 0.28178
vt 0.70216 0.29476
vt 0.70216 0.29661
vt 0.70317 0.31420
vt 0.70320 0.31026
vt 0.70469 0.58074
vt 0.70560 0.59693
vt 0.70560 0.81318
vt 0.70596 0.28302
vt 0.70596 0.29352
vt 0.70624 0.31307
vt 0.70705 0.28153
vt 0.70705 0.29502
vt 0.70832 0.28627
vt 0.70832 0.29028
vt 0.71007 0.28570
vt 0.71007 0.29085
vt 0.71343 0.00202
vt 0.71343 0.26476
vt 0.71545 0.00000
vt 0.71545 0.00202
vt 0.71545 0.26476
vt 0.71545 0.26678
vt 0.71746 0.00000
vt 0.71746 0.00202
vt 0.71746 0.26476
vt 0.71746 0.26678
vt 0.71937 0.31329
vt 0.71937 0.56996
vt 0.71937 0.58803
vt 0.71937 0.84779
vt 0.71937 0.90680
vt 0.71937 0.94914
vt 0.71937 0.96689
vt 0.71937 0.97699
vt 0.71948 0.00202
vt 0.71948 0.26476
vt 0.72105 0.84596
vt 0.72105 0.90861
vt 0.72136 0.58878
vt 0.72137 0.58615
vt 0.72172 0.84780
vt 0.72172 0.90681
vt 0.72218 0.96384
vt 0.72218 0.98001
vt 0.72239 0.31026
vt 0.72239 0.31329
vt 0.72239 0.56996
vt 0.72239 0.57299
vt 0.72275 0.83280
vt 0.72286 0.92178
vt 0.72330 0.96691
vt 0.72330 0.97701
vt 0.72584 0.84778
vt 0.72584 0.90679
vt 0.72609 0.94920
vt 0.72642 0.95068
vt 0.72721 0.92182
vt 0.72942 0.58878
vt 0.72944 0.58615
vt 0.73079 0.96687
vt 0.73079 0.97697
vt 0.73081 0.83280
vt 0.73147 0.58803
vt 0.73233 0.92181
vt 0.73261 0.00303
vt 0.73261 0.25971
vt 0.73261 0.29515
vt 0.73317 0.29664
vt 0.73352 0.95067
vt 0.73375 0.27590
vt 0.73402 0.94919
vt 0.73564 0.00000
vt 0.73564 0.00303
vt 0.73564 0.25971
vt 0.73564 0.26274
vt 0.73628 0.92177
vt 0.73854 0.27593
vt 0.73886 0.29667
vt 0.73898 0.84779
vt 0.73898 0.90680
vt 0.73940 0.29519
vt 0.74013 0.94912
vt 0.74066 0.84596
vt 0.74066 0.90861
vt 0.74133 0.84780
vt 0.74133 0.90681
vt 0.74197 0.27590
vt 0.74392 0.96485
vt 0.74392 0.96889
vt 0.74392 0.98430
vt 0.74392 0.98614
vt 0.74426 0.29515
vt 0.74460 0.58803
vt 0.74487 0.96384
vt 0.74487 0.96990
vt 0.74514 0.98306
vt 0.74514 0.98750
vt 0.74521 0.96486
vt 0.74521 0.96890
vt 0.74545 0.84778
vt 0.74545 0.90679
vt 0.74658 0.58878
vt 0.74660 0.58615
vt 0.74688 0.98315
vt 0.74688 0.98759
vt 0.74797 0.83280
vt 0.74811 0.98451
vt 0.74811 0.98635
vt 0.74900 0.96484
vt 0.74900 0.96889
vt 0.75465 0.58878
vt 0.75467 0.58615
vt 0.75604 0.83280
vt 0.75669 0.58803
vt 0.75739 0.29515
vt 0.75795 0.29664
vt 0.75853 0.27590
vt 0.76277 0.94936
vt 0.76277 0.96707
vt 0.76277 0.97717
vt 0.76332 0.27593
vt 0.76352 0.95084
vt 0.76364 0.29667
vt 0.76418 0.29519
vt 0.76532 0.92200
vt 0.76558 0.96402
vt 0.76558 0.98019
vt 0.76670 0.96709
vt 0.76670 0.97720
vt 0.76675 0.27590
vt 0.76904 0.29515
vt 0.76982 0.82714
vt 0.76982 0.90574
vt 0.77026 0.92202
vt 0.77036 0.95086
vt 0.77041 0.94937
vt 0.77182 0.82904
vt 0.77188 0.82642
vt 0.77271 0.90874
vt 0.77280 0.31026
vt 0.77280 0.31329
vt 0.77280 0.56996
vt 0.77280 0.57299
vt 0.77292 0.90486
vt 0.77384 0.82907
vt 0.77386 0.58615
vt 0.77389 0.82644
vt 0.77419 0.96705
vt 0.77419 0.97715
vt 0.77472 0.90884
vt 0.77494 0.90496
vt 0.77509 0.92200
vt 0.77583 0.31329
vt 0.77583 0.56996
vt 0.77587 0.58618
vt 0.77587 0.82722
vt 0.77587 0.84223
vt 0.77705 0.95084
vt 0.77788 0.84233
vt 0.77788 0.90614
vt 0.77788 0.94935
vt 0.78217 0.29514
vt 0.78277 0.29663
vt 0.78334 0.27590
vt 0.78605 0.00000
vt 0.78605 0.00303
vt 0.78605 0.25971
vt 0.78605 0.26274
vt 0.78812 0.27592
vt 0.78846 0.29665
vt 0.78895 0.29516
vt 0.78896 0.31228
vt 0.78896 0.57097
vt 0.78900 0.58804
vt 0.78907 0.00303
vt 0.78907 0.25971
vt 0.79098 0.31026
vt 0.79098 0.31228
vt 0.79098 0.57097
vt 0.79098 0.57299
vt 0.79099 0.58879
vt 0.79100 0.58616
vt 0.79164 0.96580
vt 0.79164 0.97095
vt 0.79164 0.99174
vt 0.79166 0.27590
vt 0.79235 0.84403
vt 0.79235 0.90304
vt 0.79235 0.94537
vt 0.79301 0.58878
vt 0.79302 0.58615
vt 0.79304 0.82905
vt 0.79310 0.94686
vt 0.79339 0.96637
vt 0.79339 0.97038
vt 0.79363 0.99249
vt 0.79364 0.98986
vt 0.79367 1.00000
vt 0.79396 0.29514
vt 0.79405 0.84221
vt 0.79405 0.90486
vt 0.79466 0.96163
vt 0.79466 0.97511
vt 0.79467 0.84404
vt 0.79467 0.90305
vt 0.79489 0.91802
vt 0.79505 0.58803
vt 0.79505 0.82904
vt 0.79505 0.84404
vt 0.79505 0.90305
vt 0.79574 0.96312
vt 0.79574 0.97362
vt 0.79955 0.96004
vt 0.79955 0.96188
vt 0.79955 0.97486
vt 0.79955 0.97671
vt 0.79968 0.99249
vt 0.79969 0.98986
vt 0.79972 1.00000
vt 0.79983 0.91803
vt 0.79994 0.94688
vt 0.79998 0.94539
vt 0.80172 0.99174
vt 0.80220 0.00202
vt 0.80220 0.26072
vt 0.80335 0.96312
vt 0.80335 0.97362
vt 0.80422 0.00000
vt 0.80422 0.00202
vt 0.80422 0.26072
vt 0.80422 0.26274
vt 0.80443 0.96163
vt 0.80443 0.97511
vt 0.80466 0.91802
vt 0.80571 0.96637
vt 0.80571 0.97038
vt 0.80663 0.94686
vt 0.80709 0.29514
vt 0.80746 0.94537
vt 0.80746 0.96580
vt 0.80746 0.97095
vt 0.80770 0.29663
vt 0.80818 0.58919
vt 0.80818 0.80544
vt 0.80818 0.88513
vt 0.80826 0.27590
vt 0.81102 0.58615
vt 0.81102 0.80846
vt 0.81107 0.88813
vt 0.81128 0.88425
vt 0.81206 0.58921
vt 0.81206 0.80546
vt 0.81305 0.27592
vt 0.81308 0.88823
vt 0.81329 0.88436
vt 0.81338 0.29665
vt 0.81388 0.29516
vt 0.81422 0.82162
vt 0.81624 0.82172
vt 0.81624 0.88554
vt 0.81658 0.27590
vt 0.81889 0.29514
vt 0.81964 0.58919
vt 0.81964 0.80543
vt 0.82122 0.31026
vt 0.82122 0.31228
vt 0.82122 0.57097
vt 0.82122 0.57299
vt 0.82125 0.91552
vt 0.82125 0.96662
vt 0.82224 0.91590
vt 0.82225 0.91458
vt 0.82245 0.95156
vt 0.82324 0.31228
vt 0.82324 0.57097
vt 0.82325 0.96731
vt 0.82326 0.96472
vt 0.82329 0.98061
vt 0.82930 0.96731
vt 0.82931 0.96472
vt 0.82934 0.98061
vt 0.83133 0.96662
vt 0.83202 0.27691
vt 0.83202 0.29510
vt 0.83296 0.27590
vt 0.83296 0.29611
vt 0.83331 0.27692
vt 0.83331 0.29511
vt 0.83426 0.27691
vt 0.83426 0.29510
vt 0.83447 0.00000
vt 0.83447 0.00202
vt 0.83447 0.26072
vt 0.83447 0.26274
vt 0.83637 0.56847
vt 0.83637 0.84275
vt 0.83637 0.85975
vt 0.83649 0.00202
vt 0.83649 0.26072
vt 0.83737 0.85881
vt 0.83737 0.86013
vt 0.83760 0.90142
vt 0.83936 0.57134
vt 0.83936 0.84562
vt 0.83945 0.56740
vt 0.83945 0.84168
vt 0.84039 0.86013
vt 0.84039 0.91590
vt 0.84040 0.85881
vt 0.84040 0.91458
vt 0.84059 0.95156
vt 0.84063 0.90142
vt 0.84138 0.57138
vt 0.84138 0.84566
vt 0.84141 0.85975
vt 0.84141 0.91552
vt 0.84147 0.56744
vt 0.84147 0.84172
vt 0.84242 0.31026
vt 0.84242 0.58454
vt 0.84444 0.31029
vt 0.84444 0.56861
vt 0.84444 0.58457
vt 0.84444 0.84289
vt 0.84962 0.00303
vt 0.84962 0.18088
vt 0.84962 0.20012
vt 0.84962 0.27893
vt 0.85246 0.19708
vt 0.85246 0.28196
vt 0.85264 0.00000
vt 0.85264 0.00303
vt 0.85264 0.18088
vt 0.85264 0.18392
vt 0.85326 0.98446
vt 0.85326 0.99065
vt 0.85349 0.20013
vt 0.85349 0.27895
vt 0.85527 0.98530
vt 0.85527 0.98981
vt 0.85757 0.31329
vt 0.85757 0.49114
vt 0.85757 0.51036
vt 0.85757 0.68822
vt 0.85757 0.70726
vt 0.85757 0.89720
vt 0.85757 0.95076
vt 0.85757 0.96692
vt 0.85762 0.98008
vt 0.85762 0.99502
vt 0.85843 0.94871
vt 0.85846 0.98211
vt 0.85846 0.99300
vt 0.85857 0.89625
vt 0.85857 0.89755
vt 0.85869 0.93555
vt 0.86057 0.70829
vt 0.86058 0.70441
vt 0.86059 0.31026
vt 0.86059 0.31329
vt 0.86059 0.49114
vt 0.86059 0.49417
vt 0.86059 0.50733
vt 0.86059 0.51036
vt 0.86059 0.68822
vt 0.86059 0.69125
vt 0.86071 0.00000
vt 0.86071 0.00303
vt 0.86071 0.18088
vt 0.86071 0.18392
vt 0.86112 0.88309
vt 0.86159 0.89755
vt 0.86160 0.89625
vt 0.86171 0.93555
vt 0.86261 0.89720
vt 0.86293 0.94871
vt 0.86296 0.98211
vt 0.86296 0.99300
vt 0.86373 0.00303
vt 0.86373 0.18088
vt 0.86374 0.95076
vt 0.86374 0.96693
vt 0.86379 0.98008
vt 0.86379 0.99502
vt 0.86614 0.98530
vt 0.86614 0.98981
vt 0.86662 0.70829
vt 0.86663 0.70441
vt 0.86717 0.88309
vt 0.86816 0.95070
vt 0.86816 0.96686
vt 0.86816 0.98446
vt 0.86816 0.99065
vt 0.86866 0.31026
vt 0.86866 0.31329
vt 0.86866 0.49114
vt 0.86866 0.49417
vt 0.86866 0.50733
vt 0.86866 0.51036
vt 0.86866 0.68822
vt 0.86866 0.69125
vt 0.86967 0.70726
vt 0.87168 0.31329
vt 0.87168 0.49114
vt 0.87168 0.51036
vt 0.87168 0.68822
vt 0.87686 0.00285
vt 0.87986 0.00388
vt 0.87988 0.00000
vt 0.88041 0.17868
vt 0.88279 0.70726
vt 0.88279 0.89170
vt 0.88279 0.92605
vt 0.88279 0.94789
vt 0.88279 0.95295
vt 0.88279 0.97828
vt 0.88279 0.98446
vt 0.88405 0.94798
vt 0.88405 0.95251
vt 0.88481 0.31311
vt 0.88481 0.49735
vt 0.88481 0.68076
vt 0.88481 0.68885
vt 0.88481 0.97911
vt 0.88481 0.98362
vt 0.88530 0.94369
vt 0.88530 0.95752
vt 0.88560 0.88865
vt 0.88560 0.92907
vt 0.88579 0.70829
vt 0.88581 0.70441
vt 0.88591 0.00388
vt 0.88593 0.00000
vt 0.88629 0.94421
vt 0.88629 0.95661
vt 0.88633 0.87549
vt 0.88646 0.17868
vt 0.88673 0.89172
vt 0.88673 0.92608
vt 0.88683 0.67874
vt 0.88683 0.68076
vt 0.88683 0.68885
vt 0.88683 0.69087
vt 0.88716 0.97390
vt 0.88716 0.98884
vt 0.88781 0.31414
vt 0.88781 0.49838
vt 0.88783 0.31026
vt 0.88783 0.49450
vt 0.88800 0.97592
vt 0.88800 0.98682
vt 0.88834 0.48134
vt 0.88834 0.66558
vt 0.88896 0.00285
vt 0.88964 0.96037
vt 0.89018 0.94223
vt 0.89018 0.95917
vt 0.89250 0.97592
vt 0.89250 0.98682
vt 0.89333 0.97390
vt 0.89333 0.98884
vt 0.89465 0.96074
vt 0.89467 0.94256
vt 0.89467 0.95950
vt 0.89489 0.67874
vt 0.89489 0.68076
vt 0.89489 0.68885
vt 0.89489 0.69087
vt 0.89568 0.97911
vt 0.89568 0.98362
vt 0.89588 0.70829
vt 0.89589 0.70441
vt 0.89641 0.87549
vt 0.89691 0.68076
vt 0.89691 0.68885
vt 0.89770 0.97828
vt 0.89770 0.98446
vt 0.89789 0.31414
vt 0.89789 0.49838
vt 0.89791 0.31026
vt 0.89791 0.49450
vt 0.89842 0.48134
vt 0.89842 0.66558
vt 0.89856 0.94512
vt 0.89856 0.95752
vt 0.89893 0.70726
vt 0.89898 0.95853
vt 0.90080 0.94922
vt 0.90080 0.95375
vt 0.90088 0.19998
vt 0.90088 0.27880
vt 0.90094 0.31311
vt 0.90094 0.49735
vt 0.90209 0.00285
vt 0.90509 0.00388
vt 0.90511 0.00000
vt 0.90562 0.17108
vt 0.91004 0.68759
vt 0.91004 0.68943
vt 0.91083 0.97580
vt 0.91127 0.68634
vt 0.91127 0.69079
vt 0.91206 0.70624
vt 0.91206 0.76525
vt 0.91206 0.78326
vt 0.91206 0.81762
vt 0.91206 0.83683
vt 0.91206 0.87119
vt 0.91283 0.97649
vt 0.91284 0.97390
vt 0.91285 0.98409
vt 0.91300 0.68643
vt 0.91300 0.69087
vt 0.91374 0.70441
vt 0.91374 0.76706
vt 0.91393 0.94313
vt 0.91393 0.95883
vt 0.91401 0.20012
vt 0.91401 0.23447
vt 0.91401 0.25167
vt 0.91401 0.29007
vt 0.91407 0.31127
vt 0.91407 0.34967
vt 0.91407 0.36485
vt 0.91407 0.40325
vt 0.91407 0.41843
vt 0.91407 0.45683
vt 0.91407 0.47201
vt 0.91407 0.51041
vt 0.91407 0.52559
vt 0.91407 0.56399
vt 0.91407 0.57917
vt 0.91407 0.61757
vt 0.91407 0.63275
vt 0.91407 0.67115
vt 0.91423 0.68779
vt 0.91423 0.68963
vt 0.91442 0.70625
vt 0.91442 0.76526
vt 0.91487 0.78021
vt 0.91487 0.82063
vt 0.91490 0.83379
vt 0.91490 0.87421
vt 0.91502 0.25066
vt 0.91502 0.25167
vt 0.91502 0.29007
vt 0.91502 0.29108
vt 0.91506 0.94223
vt 0.91506 0.94648
vt 0.91506 0.95554
vt 0.91506 0.95973
vt 0.91508 0.31026
vt 0.91508 0.31127
vt 0.91508 0.34967
vt 0.91508 0.35068
vt 0.91508 0.36384
vt 0.91508 0.36485
vt 0.91508 0.40325
vt 0.91508 0.40426
vt 0.91508 0.41742
vt 0.91508 0.41843
vt 0.91508 0.45683
vt 0.91508 0.45784
vt 0.91508 0.47100
vt 0.91508 0.47201
vt 0.91508 0.51041
vt 0.91508 0.51142
vt 0.91508 0.52458
vt 0.91508 0.52559
vt 0.91508 0.56399
vt 0.91508 0.56500
vt 0.91508 0.57816
vt 0.91508 0.57917
vt 0.91508 0.61757
vt 0.91508 0.61858
vt 0.91508 0.63174
vt 0.91508 0.63275
vt 0.91508 0.67115
vt 0.91508 0.67216
vt 0.91517 0.00388
vt 0.91519 0.00000
vt 0.91547 0.95102
vt 0.91570 0.17108
vt 0.91593 0.83685
vt 0.91593 0.87121
vt 0.91599 0.78329
vt 0.91599 0.81764
vt 0.91603 0.25066
vt 0.91603 0.25167
vt 0.91603 0.29007
vt 0.91603 0.29108
vt 0.91609 0.31026
vt 0.91609 0.31127
vt 0.91609 0.34967
vt 0.91609 0.35068
vt 0.91609 0.36384
vt 0.91609 0.36485
vt 0.91609 0.40325
vt 0.91609 0.40426
vt 0.91609 0.41742
vt 0.91609 0.41843
vt 0.91609 0.45683
vt 0.91609 0.45784
vt 0.91609 0.47100
vt 0.91609 0.47201
vt 0.91609 0.51041
vt 0.91609 0.51142
vt 0.91609 0.52458
vt 0.91609 0.52559
vt 0.91609 0.56399
vt 0.91609 0.56500
vt 0.91609 0.57816
vt 0.91609 0.57917
vt 0.91609 0.61757
vt 0.91609 0.61858
vt 0.91609 0.63174
vt 0.91609 0.63275
vt 0.91609 0.67115
vt 0.91609 0.67216
vt 0.91632 0.94596
vt 0.91632 0.95606
vt 0.91678 0.95102
vt 0.91686 0.19708
vt 0.91686 0.23750
vt 0.91704 0.25167
vt 0.91704 0.29007
vt 0.91710 0.31127
vt 0.91710 0.34967
vt 0.91710 0.36485
vt 0.91710 0.40325
vt 0.91710 0.41843
vt 0.91710 0.45683
vt 0.91710 0.47201
vt 0.91710 0.51041
vt 0.91710 0.52559
vt 0.91710 0.56399
vt 0.91710 0.57917
vt 0.91710 0.61757
vt 0.91710 0.63275
vt 0.91710 0.67115
vt 0.91726 0.94596
vt 0.91726 0.95606
vt 0.91773 0.95102
vt 0.91789 0.20013
vt 0.91789 0.23449
vt 0.91822 0.00285
vt 0.91854 0.70623
vt 0.91854 0.76524
vt 0.91888 0.97649
vt 0.91889 0.97390
vt 0.91890 0.98409
vt 0.92091 0.97580
vt 0.92231 0.89152
vt 0.92231 0.92588
vt 0.93017 0.25167
vt 0.93017 0.29007
vt 0.93023 0.31127
vt 0.93023 0.34967
vt 0.93023 0.36485
vt 0.93023 0.40325
vt 0.93023 0.41843
vt 0.93023 0.45683
vt 0.93023 0.47195
vt 0.93023 0.52552
vt 0.93023 0.57910
vt 0.93023 0.62924
vt 0.93023 0.68046
vt 0.93023 0.68854
vt 0.93118 0.25066
vt 0.93118 0.25167
vt 0.93118 0.29007
vt 0.93118 0.29108
vt 0.93122 0.52589
vt 0.93122 0.57947
vt 0.93122 0.62961
vt 0.93123 0.47229
vt 0.93123 0.52458
vt 0.93123 0.57816
vt 0.93123 0.62830
vt 0.93124 0.31026
vt 0.93124 0.31127
vt 0.93124 0.34967
vt 0.93124 0.35068
vt 0.93124 0.36384
vt 0.93124 0.36485
vt 0.93124 0.40325
vt 0.93124 0.40426
vt 0.93124 0.41742
vt 0.93124 0.41843
vt 0.93124 0.45683
vt 0.93124 0.45784
vt 0.93124 0.47100
vt 0.93135 0.00094
vt 0.93135 0.05108
vt 0.93135 0.10121
vt 0.93135 0.17939
vt 0.93135 0.51029
vt 0.93143 0.56156
vt 0.93143 0.61514
vt 0.93143 0.66528
vt 0.93167 0.70535
vt 0.93167 0.75657
vt 0.93167 0.76465
vt 0.93219 0.25066
vt 0.93219 0.25167
vt 0.93219 0.29007
vt 0.93219 0.29108
vt 0.93225 0.31026
vt 0.93225 0.31127
vt 0.93225 0.34967
vt 0.93225 0.35068
vt 0.93225 0.36384
vt 0.93225 0.36485
vt 0.93225 0.40325
vt 0.93225 0.40426
vt 0.93225 0.41742
vt 0.93225 0.41843
vt 0.93225 0.45683
vt 0.93225 0.45784
vt 0.93225 0.67844
vt 0.93225 0.68046
vt 0.93225 0.68854
vt 0.93225 0.69056
vt 0.93235 0.00131
vt 0.93235 0.05145
vt 0.93235 0.10159
vt 0.93236 0.00000
vt 0.93236 0.05014
vt 0.93236 0.10028
vt 0.93255 0.03698
vt 0.93255 0.08711
vt 0.93255 0.13725
vt 0.93266 0.70572
vt 0.93267 0.70441
vt 0.93286 0.74139
vt 0.93319 0.25167
vt 0.93319 0.29007
vt 0.93323 0.18143
vt 0.93325 0.31127
vt 0.93325 0.34967
vt 0.93325 0.36485
vt 0.93325 0.40325
vt 0.93325 0.41843
vt 0.93325 0.45683
vt 0.93343 0.17885
vt 0.93368 0.75455
vt 0.93368 0.75657
vt 0.93368 0.76465
vt 0.93368 0.76667
vt 0.93425 0.47229
vt 0.93426 0.47100
vt 0.93437 0.51029
vt 0.93524 0.18157
vt 0.93527 0.47195
vt 0.93537 0.15041
vt 0.93544 0.17899
vt 0.93544 0.91763
vt 0.93544 0.93819
vt 0.93544 0.94586
vt 0.93544 0.96687
vt 0.93732 0.91967
vt 0.93739 0.15056
vt 0.93739 0.17982
vt 0.93744 0.96756
vt 0.93745 0.96497
vt 0.93748 0.98086
vt 0.93752 0.91709
vt 0.93933 0.91981
vt 0.93946 0.88865
vt 0.93953 0.91723
vt 0.94031 0.67844
vt 0.94031 0.68046
vt 0.94031 0.68854
vt 0.94031 0.69056
vt 0.94061 0.93297
vt 0.94061 0.95151
vt 0.94147 0.88880
vt 0.94147 0.91806
vt 0.94175 0.75455
vt 0.94175 0.75657
vt 0.94175 0.76465
vt 0.94175 0.76667
vt 0.94233 0.68046
vt 0.94233 0.68854
vt 0.94349 0.96756
vt 0.94350 0.96497
vt 0.94353 0.98086
vt 0.94377 0.75657
vt 0.94377 0.76465
vt 0.94552 0.96687
vt 0.94632 0.25167
vt 0.94632 0.26986
vt 0.94639 0.31127
vt 0.94639 0.32946
vt 0.94639 0.34464
vt 0.94639 0.36283
vt 0.94639 0.37801
vt 0.94639 0.39620
vt 0.94639 0.41602
vt 0.94639 0.42108
vt 0.94639 0.44391
vt 0.94727 0.25066
vt 0.94727 0.27087
vt 0.94733 0.31026
vt 0.94733 0.33047
vt 0.94733 0.34363
vt 0.94733 0.36384
vt 0.94733 0.37700
vt 0.94733 0.39720
vt 0.94762 0.25167
vt 0.94762 0.26986
vt 0.94764 0.41611
vt 0.94764 0.42065
vt 0.94768 0.31128
vt 0.94768 0.32946
vt 0.94768 0.34464
vt 0.94768 0.36283
vt 0.94768 0.37801
vt 0.94768 0.39620
vt 0.94792 0.93328
vt 0.94792 0.95181
vt 0.94816 0.83675
vt 0.94816 0.87110
vt 0.94837 0.44466
vt 0.94839 0.44204
vt 0.94840 0.47302
vt 0.94840 0.48717
vt 0.94840 0.50417
vt 0.94840 0.50861
vt 0.94845 0.45780
vt 0.94856 0.25167
vt 0.94856 0.26986
vt 0.94862 0.31127
vt 0.94862 0.32946
vt 0.94862 0.34464
vt 0.94862 0.36283
vt 0.94862 0.37801
vt 0.94862 0.39620
vt 0.94889 0.41182
vt 0.94889 0.42565
vt 0.94937 0.52589
vt 0.94937 0.57947
vt 0.94937 0.62961
vt 0.94938 0.52458
vt 0.94938 0.57816
vt 0.94938 0.62830
vt 0.94957 0.56156
vt 0.94957 0.61514
vt 0.94957 0.66528
vt 0.94988 0.41235
vt 0.94988 0.42474
vt 0.95012 0.20003
vt 0.95012 0.23439
vt 0.95022 0.50235
vt 0.95022 0.50417
vt 0.95022 0.50861
vt 0.95022 0.51043
vt 0.95039 0.52552
vt 0.95039 0.57910
vt 0.95039 0.62924
vt 0.95042 0.47100
vt 0.95042 0.47302
vt 0.95042 0.48717
vt 0.95042 0.48919
vt 0.95049 0.00131
vt 0.95049 0.05145
vt 0.95049 0.10159
vt 0.95050 0.00000
vt 0.95050 0.05014
vt 0.95050 0.10028
vt 0.95052 0.15243
vt 0.95052 0.16658
vt 0.95062 0.50235
vt 0.95062 0.50417
vt 0.95062 0.50861
vt 0.95062 0.51043
vt 0.95070 0.03698
vt 0.95070 0.08711
vt 0.95070 0.13725
vt 0.95081 0.70572
vt 0.95082 0.70441
vt 0.95101 0.74139
vt 0.95152 0.00094
vt 0.95152 0.05108
vt 0.95152 0.10121
vt 0.95157 0.78308
vt 0.95157 0.81744
vt 0.95183 0.70535
vt 0.95243 0.50417
vt 0.95243 0.50861
vt 0.95253 0.15041
vt 0.95253 0.15243
vt 0.95253 0.16658
vt 0.95253 0.16860
vt 0.95309 0.93892
vt 0.95309 0.94659
vt 0.95323 0.42850
vt 0.95377 0.41036
vt 0.95377 0.42730
vt 0.95442 0.44466
vt 0.95444 0.44204
vt 0.95450 0.45780
vt 0.95461 0.89067
vt 0.95461 0.90482
vt 0.95546 0.68551
vt 0.95546 0.68956
vt 0.95641 0.68450
vt 0.95641 0.69056
vt 0.95647 0.44391
vt 0.95662 0.88865
vt 0.95662 0.89067
vt 0.95662 0.90482
vt 0.95662 0.90684
vt 0.95675 0.68552
vt 0.95675 0.68956
vt 0.95823 0.42888
vt 0.95826 0.41070
vt 0.95826 0.42763
vt 0.96054 0.68551
vt 0.96054 0.68955
vt 0.96129 0.83581
vt 0.96129 0.84996
vt 0.96129 0.86704
vt 0.96169 0.25271
vt 0.96169 0.26887
vt 0.96169 0.28641
vt 0.96169 0.29260
vt 0.96175 0.31231
vt 0.96175 0.32847
vt 0.96176 0.34568
vt 0.96176 0.36184
vt 0.96176 0.37905
vt 0.96176 0.39521
vt 0.96215 0.41325
vt 0.96215 0.42565
vt 0.96256 0.25066
vt 0.96257 0.42667
vt 0.96262 0.31026
vt 0.96262 0.34363
vt 0.96262 0.37700
vt 0.96325 0.19913
vt 0.96325 0.21529
vt 0.96325 0.22970
vt 0.96325 0.23154
vt 0.96329 0.86773
vt 0.96330 0.86514
vt 0.96331 0.83379
vt 0.96331 0.83581
vt 0.96331 0.84996
vt 0.96331 0.85198
vt 0.96331 0.87533
vt 0.96352 0.52663
vt 0.96352 0.54280
vt 0.96352 0.55801
vt 0.96352 0.57417
vt 0.96352 0.58937
vt 0.96352 0.60554
vt 0.96352 0.62074
vt 0.96352 0.63691
vt 0.96352 0.65211
vt 0.96352 0.66828
vt 0.96371 0.28725
vt 0.96371 0.29176
vt 0.96411 0.19708
vt 0.96438 0.52458
vt 0.96439 0.41735
vt 0.96439 0.42189
vt 0.96439 0.55596
vt 0.96445 0.58734
vt 0.96445 0.61870
vt 0.96445 0.65007
vt 0.96447 0.22845
vt 0.96447 0.23290
vt 0.96453 0.47100
vt 0.96453 0.47302
vt 0.96453 0.48717
vt 0.96453 0.48919
vt 0.96465 0.00204
vt 0.96465 0.01821
vt 0.96465 0.03341
vt 0.96465 0.04958
vt 0.96465 0.06477
vt 0.96465 0.08094
vt 0.96465 0.09614
vt 0.96465 0.11231
vt 0.96465 0.12887
vt 0.96465 0.13366
vt 0.96470 0.78225
vt 0.96470 0.79842
vt 0.96470 0.81283
vt 0.96470 0.81467
vt 0.96496 0.70452
vt 0.96496 0.71334
vt 0.96496 0.74365
vt 0.96496 0.75246
vt 0.96538 0.70820
vt 0.96538 0.74879
vt 0.96548 0.71783
vt 0.96548 0.73915
vt 0.96557 0.00000
vt 0.96557 0.03137
vt 0.96557 0.06274
vt 0.96557 0.09411
vt 0.96563 0.78021
vt 0.96593 0.81158
vt 0.96593 0.81603
vt 0.96596 0.70441
vt 0.96596 0.71322
vt 0.96596 0.74377
vt 0.96596 0.75257
vt 0.96606 0.28203
vt 0.96606 0.29697
vt 0.96621 0.22854
vt 0.96621 0.23298
vt 0.96622 0.93601
vt 0.96622 0.94612
vt 0.96622 0.96534
vt 0.96622 0.97545
vt 0.96622 0.99186
vt 0.96622 0.99567
vt 0.96635 0.12957
vt 0.96635 0.13296
vt 0.96639 0.70808
vt 0.96639 0.74890
vt 0.96654 0.71824
vt 0.96654 0.73875
vt 0.96655 0.47302
vt 0.96655 0.48717
vt 0.96665 0.15041
vt 0.96665 0.15243
vt 0.96665 0.16658
vt 0.96665 0.16860
vt 0.96689 0.28406
vt 0.96689 0.29495
vt 0.96696 0.71310
vt 0.96696 0.72191
vt 0.96696 0.73507
vt 0.96696 0.74388
vt 0.96706 0.25066
vt 0.96712 0.31026
vt 0.96712 0.34363
vt 0.96712 0.37700
vt 0.96743 0.22990
vt 0.96743 0.23174
vt 0.96745 0.70849
vt 0.96745 0.74850
vt 0.96754 0.71812
vt 0.96754 0.73886
vt 0.96766 0.81167
vt 0.96766 0.81611
vt 0.96787 0.25271
vt 0.96787 0.26887
vt 0.96793 0.31231
vt 0.96793 0.32847
vt 0.96793 0.34568
vt 0.96793 0.36184
vt 0.96793 0.37905
vt 0.96793 0.39521
vt 0.96793 0.99163
vt 0.96793 0.99543
vt 0.96796 0.71299
vt 0.96796 0.72180
vt 0.96796 0.73519
vt 0.96796 0.74400
vt 0.96803 0.12547
vt 0.96803 0.13706
vt 0.96861 0.19708
vt 0.96867 0.15243
vt 0.96867 0.16658
vt 0.96874 0.12718
vt 0.96874 0.13535
vt 0.96889 0.52458
vt 0.96889 0.55596
vt 0.96889 0.81303
vt 0.96889 0.81487
vt 0.96895 0.58734
vt 0.96895 0.61871
vt 0.96895 0.65007
vt 0.96906 0.93297
vt 0.96906 0.94914
vt 0.96906 0.96230
vt 0.96906 0.97847
vt 0.96934 0.86773
vt 0.96935 0.86514
vt 0.96936 0.87533
vt 0.96942 0.19913
vt 0.96942 0.21529
vt 0.96960 0.44391
vt 0.96964 0.99188
vt 0.96964 0.99568
vt 0.96969 0.58938
vt 0.96969 0.60554
vt 0.96969 0.62074
vt 0.96969 0.63691
vt 0.96969 0.65211
vt 0.96969 0.66828
vt 0.96970 0.52663
vt 0.96970 0.54280
vt 0.96970 0.55801
vt 0.96970 0.57417
vt 0.97007 0.00000
vt 0.97007 0.03137
vt 0.97007 0.06274
vt 0.97007 0.09411
vt 0.97009 0.93603
vt 0.97009 0.94613
vt 0.97009 0.96536
vt 0.97009 0.97546
vt 0.97013 0.78022
vt 0.97074 0.88865
vt 0.97074 0.89067
vt 0.97074 0.90482
vt 0.97074 0.90684
vt 0.97081 0.00204
vt 0.97081 0.01821
vt 0.97081 0.03341
vt 0.97081 0.04958
vt 0.97081 0.06478
vt 0.97081 0.08095
vt 0.97081 0.09615
vt 0.97081 0.11231
vt 0.97087 0.78226
vt 0.97087 0.79842
vt 0.97137 0.86704
vt 0.97140 0.28406
vt 0.97140 0.29495
vt 0.97159 0.44466
vt 0.97160 0.44204
vt 0.97166 0.45780
vt 0.97211 0.12718
vt 0.97211 0.13535
vt 0.97223 0.28203
vt 0.97223 0.29697
vt 0.97229 0.25265
vt 0.97229 0.26881
vt 0.97235 0.31224
vt 0.97235 0.32841
vt 0.97235 0.34562
vt 0.97235 0.36178
vt 0.97235 0.37898
vt 0.97235 0.39515
vt 0.97275 0.89067
vt 0.97275 0.90482
vt 0.97282 0.12547
vt 0.97282 0.13706
vt 0.97384 0.19906
vt 0.97384 0.21523
vt 0.97412 0.52657
vt 0.97412 0.54274
vt 0.97412 0.55795
vt 0.97412 0.57411
vt 0.97425 0.58934
vt 0.97425 0.60551
vt 0.97425 0.62071
vt 0.97425 0.63688
vt 0.97425 0.65208
vt 0.97425 0.66824
vt 0.97450 0.12957
vt 0.97450 0.13296
vt 0.97458 0.28725
vt 0.97458 0.29176
vt 0.97537 0.00200
vt 0.97537 0.01817
vt 0.97537 0.03337
vt 0.97537 0.04954
vt 0.97537 0.06474
vt 0.97537 0.08091
vt 0.97537 0.09611
vt 0.97537 0.11228
vt 0.97543 0.78222
vt 0.97543 0.79839
vt 0.97620 0.12887
vt 0.97620 0.13366
vt 0.97660 0.28641
vt 0.97660 0.29260
vt 0.97742 0.83379
vt 0.97742 0.83581
vt 0.97742 0.84996
vt 0.97742 0.85198
vt 0.97752 0.41474
vt 0.97752 0.42093
vt 0.97764 0.44466
vt 0.97765 0.44204
vt 0.97767 0.93600
vt 0.97767 0.94611
vt 0.97767 0.96533
vt 0.97767 0.97544
vt 0.97771 0.45780
vt 0.97944 0.83581
vt 0.97944 0.84996
vt 0.97954 0.41558
vt 0.97954 0.42009
vt 0.97968 0.44391
vt 0.97968 0.47537
vt 0.97968 0.48156
vt 0.97968 0.50112
vt 0.97968 0.50920
vt 0.98110 0.70744
vt 0.98110 0.71552
vt 0.98110 0.73810
vt 0.98110 0.74619
vt 0.98110 0.76362
vt 0.98110 0.76546
vt 0.98170 0.47621
vt 0.98170 0.48073
vt 0.98170 0.49910
vt 0.98170 0.50112
vt 0.98170 0.50920
vt 0.98170 0.51122
vt 0.98180 0.15344
vt 0.98180 0.16153
vt 0.98180 0.17896
vt 0.98180 0.18080
vt 0.98189 0.41036
vt 0.98189 0.42530
vt 0.98232 0.76238
vt 0.98232 0.76682
vt 0.98272 0.41239
vt 0.98272 0.42328
vt 0.98277 0.99186
vt 0.98277 0.99567
vt 0.98302 0.17772
vt 0.98302 0.18216
vt 0.98405 0.47100
vt 0.98405 0.48594
vt 0.98406 0.76246
vt 0.98406 0.76691
vt 0.98412 0.70441
vt 0.98412 0.70744
vt 0.98412 0.71552
vt 0.98412 0.71856
vt 0.98412 0.73507
vt 0.98412 0.73810
vt 0.98412 0.74619
vt 0.98412 0.74922
vt 0.98449 0.99163
vt 0.98449 0.99543
vt 0.98450 0.86704
vt 0.98476 0.17780
vt 0.98476 0.18225
vt 0.98482 0.15041
vt 0.98482 0.15344
vt 0.98482 0.16153
vt 0.98482 0.16456
vt 0.98488 0.47302
vt 0.98488 0.48392
vt 0.98528 0.76382
vt 0.98528 0.76567
vt 0.98542 0.25369
vt 0.98542 0.26177
vt 0.98548 0.31329
vt 0.98548 0.32137
vt 0.98548 0.34059
vt 0.98548 0.34868
vt 0.98548 0.36790
vt 0.98548 0.37599
vt 0.98548 0.39242
vt 0.98548 0.39621
vt 0.98588 0.89168
vt 0.98588 0.89977
vt 0.98598 0.17916
vt 0.98598 0.18100
vt 0.98619 0.99188
vt 0.98619 0.99568
vt 0.98650 0.86773
vt 0.98651 0.86514
vt 0.98653 0.87533
vt 0.98697 0.19910
vt 0.98697 0.20718
vt 0.98697 0.22438
vt 0.98697 0.23247
vt 0.98720 0.39218
vt 0.98720 0.39598
vt 0.98723 0.41239
vt 0.98723 0.42328
vt 0.98725 0.52660
vt 0.98725 0.53469
vt 0.98725 0.55798
vt 0.98725 0.56606
vt 0.98738 0.58923
vt 0.98738 0.61258
vt 0.98738 0.63593
vt 0.98738 0.65928
vt 0.98738 0.68263
vt 0.98806 0.41036
vt 0.98806 0.42530
vt 0.98844 0.25066
vt 0.98844 0.25369
vt 0.98844 0.26177
vt 0.98844 0.26480
vt 0.98850 0.00188
vt 0.98850 0.02517
vt 0.98850 0.04847
vt 0.98850 0.07814
vt 0.98850 0.09506
vt 0.98850 0.31026
vt 0.98850 0.31329
vt 0.98850 0.32137
vt 0.98850 0.32440
vt 0.98850 0.33756
vt 0.98850 0.34059
vt 0.98850 0.34868
vt 0.98850 0.35171
vt 0.98850 0.36487
vt 0.98850 0.36790
vt 0.98850 0.37599
vt 0.98850 0.37902
vt 0.98856 0.78209
vt 0.98856 0.80539
vt 0.98890 0.39243
vt 0.98890 0.39622
vt 0.98891 0.88865
vt 0.98891 0.89168
vt 0.98891 0.89977
vt 0.98891 0.90280
vt 0.98899 0.19708
vt 0.98899 0.19910
vt 0.98899 0.20718
vt 0.98899 0.20920
vt 0.98899 0.22236
vt 0.98899 0.22438
vt 0.98899 0.23247
vt 0.98899 0.23449
vt 0.98926 0.52458
vt 0.98926 0.52660
vt 0.98926 0.53469
vt 0.98926 0.53671
vt 0.98926 0.55596
vt 0.98926 0.55798
vt 0.98926 0.56606
vt 0.98926 0.56808
vt 0.98933 0.12571
vt 0.98933 0.12951
vt 0.98938 0.47302
vt 0.98938 0.48392
vt 0.98938 0.58992
vt 0.98938 0.61327
vt 0.98938 0.63662
vt 0.98938 0.65997
vt 0.98938 0.68332
vt 0.98939 0.58734
vt 0.98939 0.61068
vt 0.98939 0.63403
vt 0.98939 0.65738
vt 0.98939 0.68073
vt 0.98940 0.59752
vt 0.98940 0.62087
vt 0.98940 0.64422
vt 0.98940 0.66757
vt 0.98940 0.69092
vt 0.98973 0.28227
vt 0.98973 0.28607
vt 0.98976 0.49910
vt 0.98976 0.50112
vt 0.98976 0.50920
vt 0.98976 0.51122
vt 0.99022 0.47100
vt 0.99022 0.48594
vt 0.99041 0.41558
vt 0.99041 0.42009
vt 0.99049 0.00263
vt 0.99049 0.02592
vt 0.99049 0.04922
vt 0.99049 0.09580
vt 0.99050 0.06988
vt 0.99051 0.00000
vt 0.99051 0.02329
vt 0.99051 0.04659
vt 0.99051 0.09318
vt 0.99053 0.01013
vt 0.99053 0.03343
vt 0.99053 0.05672
vt 0.99053 0.08002
vt 0.99053 0.10331
vt 0.99054 0.07739
vt 0.99055 0.78284
vt 0.99055 0.80614
vt 0.99056 0.78021
vt 0.99056 0.80351
vt 0.99059 0.79035
vt 0.99059 0.81364
vt 0.99081 0.93321
vt 0.99081 0.93701
vt 0.99081 0.95018
vt 0.99081 0.95422
vt 0.99081 0.96738
vt 0.99081 0.97142
vt 0.99105 0.12547
vt 0.99105 0.12927
vt 0.99145 0.28203
vt 0.99145 0.28583
vt 0.99178 0.50112
vt 0.99178 0.50920
vt 0.99219 0.70441
vt 0.99219 0.70744
vt 0.99219 0.71552
vt 0.99219 0.71856
vt 0.99219 0.73507
vt 0.99219 0.73810
vt 0.99219 0.74619
vt 0.99219 0.74922
vt 0.99243 0.41474
vt 0.99243 0.42093
vt 0.99252 0.93297
vt 0.99252 0.93677
vt 0.99252 0.95018
vt 0.99252 0.95422
vt 0.99252 0.96738
vt 0.99252 0.97142
vt 0.99255 0.86773
vt 0.99256 0.86514
vt 0.99257 0.47621
vt 0.99257 0.48073
vt 0.99258 0.87533
vt 0.99276 0.12572
vt 0.99276 0.12952
vt 0.99289 0.15041
vt 0.99289 0.15344
vt 0.99289 0.16153
vt 0.99289 0.16456
vt 0.99315 0.28228
vt 0.99315 0.28608
vt 0.99423 0.93322
vt 0.99423 0.93702
vt 0.99423 0.95018
vt 0.99423 0.95422
vt 0.99423 0.96738
vt 0.99423 0.97142
vt 0.99459 0.47537
vt 0.99459 0.48156
vt 0.99459 0.86704
vt 0.99521 0.70744
vt 0.99521 0.71552
vt 0.99521 0.73810
vt 0.99521 0.74619
vt 0.99543 0.58992
vt 0.99543 0.61327
vt 0.99543 0.63662
vt 0.99543 0.65997
vt 0.99543 0.68332
vt 0.99544 0.58734
vt 0.99544 0.61068
vt 0.99544 0.63403
vt 0.99544 0.65738
vt 0.99544 0.68073
vt 0.99545 0.59752
vt 0.99545 0.62087
vt 0.99545 0.64422
vt 0.99545 0.66757
vt 0.99545 0.69092
vt 0.99591 0.15344
vt 0.99591 0.16153
vt 0.99651 0.25066
vt 0.99651 0.25369
vt 0.99651 0.26177
vt 0.99651 0.26480
vt 0.99654 0.00263
vt 0.99654 0.02592
vt 0.99654 0.04922
vt 0.99654 0.09580
vt 0.99655 0.00000
vt 0.99655 0.02329
vt 0.99655 0.04659
vt 0.99655 0.06988
vt 0.99655 0.09318
vt 0.99657 0.31026
vt 0.99657 0.31329
vt 0.99657 0.32137
vt 0.99657 0.32440
vt 0.99657 0.33756
vt 0.99657 0.34059
vt 0.99657 0.34868
vt 0.99657 0.35171
vt 0.99657 0.36487
vt 0.99657 0.36790
vt 0.99657 0.37599
vt 0.99657 0.37902
vt 0.99658 0.01013
vt 0.99658 0.03343
vt 0.99658 0.05672
vt 0.99658 0.08002
vt 0.99658 0.10331
vt 0.99659 0.07739
vt 0.99660 0.78284
vt 0.99660 0.80614
vt 0.99661 0.78021
vt 0.99661 0.80351
vt 0.99664 0.79035
vt 0.99664 0.81364
vt 0.99697 0.88865
vt 0.99697 0.89168
vt 0.99697 0.89977
vt 0.99697 0.90280
vt 0.99706 0.19708
vt 0.99706 0.19910
vt 0.99706 0.20718
vt 0.99706 0.20920
vt 0.99706 0.22236
vt 0.99706 0.22438
vt 0.99706 0.23247
vt 0.99706 0.23449
vt 0.99733 0.52458
vt 0.99733 0.52660
vt 0.99733 0.53469
vt 0.99733 0.53671
vt 0.99733 0.55596
vt 0.99733 0.55798
vt 0.99733 0.56606
vt 0.99733 0.56808
vt 0.99746 0.58923
vt 0.99746 0.61258
vt 0.99746 0.63593
vt 0.99746 0.65928
vt 0.99746 0.68263
vt 0.99858 0.00188
vt 0.99858 0.02517
vt 0.99858 0.04847
vt 0.99858 0.07814
vt 0.99858 0.09506
vt 0.99864 0.78209
vt 0.99864 0.80539
vt 0.99907 0.19910
vt 0.99907 0.20718
vt 0.99907 0.22438
vt 0.99907 0.23247
vt 0.99935 0.52660
vt 0.99935 0.53469
vt 0.99935 0.55798
vt 0.99935 0.56606
vt 0.99953 0.25369
vt 0.99953 0.26177
vt 0.99960 0.31329
vt 0.99960 0.32137
vt 0.99960 0.34059
vt 0.99960 0.34868
vt 0.99960 0.36790
vt 0.99960 0.37599
vt 1.00000 0.89168
vt 1.00000 0.89977
s 0
usemtl MMO_oak
f 1/1654/6 2/1667/6 3/1666/6
f 1/341/14 3/340/14 8/635/14
f 1/341/14 8/635/14 7/636/14
f 10/1319/9 11/1312/9 12/1313/9
f 10/306/16 12/307/16 6/33/16
f 10/306/16 6/33/16 5/32/16
f 10/306/3 16/31/3 22/305/3
f 10/306/3 5/32/3 16/31/3
f 11/1312/5 20/1299/5 9/1281/5
f 11/1312/5 24/1314/5 20/1299/5
f 13/1215/10 14/1224/10 15/1223/10
f 13/342/24 15/335/24 2/334/24
f 13/342/24 2/334/24 1/341/24
f 15/1223/23 14/1224/23 18/1233/23
f 15/1223/23 18/1233/23 17/1232/23
f 16/1243/11 17/1232/11 18/1233/11
f 16/31/22 18/30/22 23/304/22
f 16/31/22 23/304/22 22/305/22
f 169/1220/45 170/1217/45 171/1222/45
f 169/1329/14 171/1328/14 176/1332/14
f 169/1329/14 176/1332/14 175/1333/14
f 17/1232/1 2/1227/1 15/1223/1
f 17/1232/1 4/1235/1 2/1227/1
f 172/1216/15 171/1222/15 170/1217/15
f 172/1216/15 174/1221/15 171/1222/15
f 172/1216/46 173/1219/46 174/1221/46
f 173/1273/25 172/1260/25 185/1259/25
f 173/1273/25 185/1259/25 184/1272/25
f 174/1221/4 176/1226/4 171/1222/4
f 174/1221/4 180/1225/4 176/1226/4
f 175/1333/18 177/1344/18 188/1345/18
f 175/1333/18 188/1345/18 187/1334/18
f 175/1402/29 176/1412/29 177/1411/29
f 177/1411/17 176/1412/17 180/1421/17
f 177/1411/17 180/1421/17 179/1420/17
f 178/1295/16 174/1274/16 173/1273/16
f 178/1295/16 180/1296/16 174/1274/16
f 178/1295/3 173/1273/3 184/1272/3
f 178/1295/3 184/1272/3 190/1294/3
f 178/1423/30 179/1420/30 180/1421/30
f 179/1420/5 188/1415/5 177/1411/5
f 179/1420/5 192/1422/5 188/1415/5
f 181/1330/24 170/1326/24 169/1329/24
f 181/1330/24 183/1327/24 170/1326/24
f 181/1338/47 182/1349/47 183/1348/47
f 183/1348/23 182/1349/23 186/1368/23
f 183/1348/23 186/1368/23 185/1367/23
f 184/1272/22 186/1271/22 191/1293/22
f 184/1272/22 191/1293/22 190/1294/22
f 184/1372/48 185/1367/48 186/1368/48
f 185/1367/1 170/1358/1 183/1348/1
f 185/1367/1 172/1371/1 170/1358/1
f 187/1292/33 188/1268/33 189/1301/33
f 187/1334/21 182/1331/21 181/1330/21
f 187/1334/21 189/1335/21 182/1331/21
f 187/1334/26 169/1329/26 175/1333/26
f 187/1334/26 181/1330/26 169/1329/26
f 189/1301/20 188/1268/20 192/1267/20
f 189/1301/20 192/1267/20 191/1300/20
f 19/1716/12 20/1718/12 21/1717/12
f 19/637/21 14/343/21 13/342/21
f 19/637/21 21/638/21 14/343/21
f 19/637/26 1/341/26 7/636/26
f 19/637/26 13/342/26 1/341/26
f 190/1291/34 191/1300/34 192/1267/34
f 190/1294/19 179/1305/19 178/1295/19
f 190/1294/19 192/1304/19 179/1305/19
f 191/1300/2 182/1307/2 189/1301/2
f 191/1300/2 186/1306/2 182/1307/2
f 193/1123/14 195/1122/14 200/1126/14
f 193/1123/14 200/1126/14 199/1127/14
f 193/787/49 194/771/49 195/797/49
f 196/770/15 195/797/15 194/771/15
f 196/770/15 198/796/15 195/797/15
f 196/770/38 197/786/38 198/796/38
f 197/1085/25 196/1082/25 209/1081/25
f 197/1085/25 209/1081/25 208/1084/25
f 198/796/4 200/808/4 195/797/4
f 198/796/4 204/807/4 200/808/4
f 199/1127/18 201/1134/18 212/1135/18
f 199/1127/18 212/1135/18 211/1128/18
f 199/1393/50 200/1389/50 201/1395/50
f 201/1395/17 200/1389/17 204/1388/17
f 201/1395/17 204/1388/17 203/1394/17
f 202/1089/16 198/1086/16 197/1085/16
f 202/1089/16 204/1090/16 198/1086/16
f 202/1089/3 197/1085/3 208/1084/3
f 202/1089/3 208/1084/3 214/1088/3
f 202/1392/40 203/1394/40 204/1388/40
f 203/1394/5 212/1410/5 201/1395/5
f 203/1394/5 216/1409/5 212/1410/5
f 205/1124/24 194/1115/24 193/1123/24
f 205/1124/24 207/1116/24 194/1115/24
f 205/718/51 206/712/51 207/729/51
f 207/729/23 206/712/23 210/711/23
f 207/729/23 210/711/23 209/728/23
f 208/1084/22 210/1083/22 215/1087/22
f 208/1084/22 215/1087/22 214/1088/22
f 208/717/42 209/728/42 210/711/42
f 209/728/1 194/744/1 207/729/1
f 209/728/1 196/743/1 194/744/1
f 21/1717/20 20/1718/20 24/1742/20
f 21/1717/20 24/1742/20 23/1741/20
f 211/1128/21 206/1125/21 205/1124/21
f 211/1128/21 213/1129/21 206/1125/21
f 211/1128/26 193/1123/26 199/1127/26
f 211/1128/26 205/1124/26 193/1123/26
f 211/785/52 212/769/52 213/795/52
f 213/795/20 212/769/20 216/768/20
f 213/795/20 216/768/20 215/794/20
f 214/1088/19 203/1096/19 202/1089/19
f 214/1088/19 216/1095/19 203/1096/19
f 214/784/44 215/794/44 216/768/44
f 215/794/2 206/806/2 213/795/2
f 215/794/2 210/805/2 206/806/2
f 217/2164/14 219/2163/14 224/2182/14
f 217/2164/14 224/2182/14 223/2183/14
f 217/783/49 218/767/49 219/793/49
f 22/1763/13 23/1741/13 24/1742/13
f 22/305/19 11/315/19 10/306/19
f 22/305/19 24/314/19 11/315/19
f 220/766/15 219/793/15 218/767/15
f 220/766/15 222/792/15 219/793/15
f 220/766/38 221/782/38 222/792/38
f 221/1164/25 220/1153/25 233/1152/25
f 221/1164/25 233/1152/25 232/1163/25
f 222/792/4 224/804/4 219/793/4
f 222/792/4 228/803/4 224/804/4
f 223/1824/50 224/1813/50 225/1848/50
f 223/2183/18 225/2198/18 236/2199/18
f 223/2183/18 236/2199/18 235/2184/18
f 225/1848/17 224/1813/17 228/1812/17
f 225/1848/17 228/1812/17 227/1847/17
f 226/1174/16 222/1165/16 221/1164/16
f 226/1174/16 228/1175/16 222/1165/16
f 226/1174/3 221/1164/3 232/1163/3
f 226/1174/3 232/1163/3 238/1173/3
f 226/1823/40 227/1847/40 228/1812/40
f 227/1847/5 236/1957/5 225/1848/5
f 227/1847/5 240/1956/5 236/1957/5
f 229/1347/51 230/1340/51 231/1351/51
f 229/2165/24 218/2137/24 217/2164/24
f 229/2165/24 231/2138/24 218/2137/24
f 23/1741/2 14/1719/2 21/1717/2
f 23/1741/2 18/1746/2 14/1719/2
f 231/1351/23 230/1340/23 234/1339/23
f 231/1351/23 234/1339/23 233/1350/23
f 232/1163/22 234/1162/22 239/1172/22
f 232/1163/22 239/1172/22 238/1173/22
f 232/1346/42 233/1350/42 234/1339/42
f 233/1350/1 218/1363/1 231/1351/1
f 233/1350/1 220/1362/1 218/1363/1
f 235/1510/52 236/1497/52 237/1514/52
f 235/2184/21 230/2166/21 229/2165/21
f 235/2184/21 237/2185/21 230/2166/21
f 235/2184/26 217/2164/26 223/2183/26
f 235/2184/26 229/2165/26 217/2164/26
f 237/1514/20 236/1497/20 240/1496/20
f 237/1514/20 240/1496/20 239/1513/20
f 238/1173/19 227/1181/19 226/1174/19
f 238/1173/19 240/1180/19 227/1181/19
f 238/1509/44 239/1513/44 240/1496/44
f 239/1513/2 230/1519/2 237/1514/2
f 239/1513/2 234/1518/2 230/1519/2
f 241/2542/14 243/2541/14 248/2707/14
f 241/2542/14 248/2707/14 247/2708/14
f 241/58/6 242/50/6 243/66/6
f 244/49/15 243/66/15 242/50/15
f 244/49/15 246/65/15 243/66/15
f 244/49/38 245/57/38 246/65/38
f 245/2539/25 244/2508/25 257/2507/25
f 245/2539/25 257/2507/25 256/2538/25
f 246/65/4 248/75/4 243/66/4
f 246/65/4 252/74/4 248/75/4
f 247/2708/18 249/2743/18 260/2744/18
f 247/2708/18 260/2744/18 259/2709/18
f 247/387/8 248/381/8 249/391/8
f 249/391/17 248/381/17 252/380/17
f 249/391/17 252/380/17 251/390/17
f 250/2705/16 246/2540/16 245/2539/16
f 250/2705/16 252/2706/16 246/2540/16
f 250/2705/3 245/2539/3 256/2538/3
f 250/2705/3 256/2538/3 262/2704/3
f 250/386/40 251/390/40 252/380/40
f 251/390/5 260/402/5 249/391/5
f 251/390/5 264/401/5 260/402/5
f 253/173/53 254/159/53 255/175/53
f 253/2543/24 242/2509/24 241/2542/24
f 253/2543/24 255/2510/24 242/2509/24
f 255/175/23 254/159/23 258/158/23
f 255/175/23 258/158/23 257/174/23
f 256/172/54 257/174/54 258/158/54
f 256/2538/22 258/2537/22 263/2703/22
f 256/2538/22 263/2703/22 262/2704/22
f 257/174/1 242/187/1 255/175/1
f 257/174/1 244/186/1 242/187/1
f 259/1280/55 260/1258/55 261/1290/55
f 259/2709/21 254/2544/21 253/2543/21
f 259/2709/21 261/2710/21 254/2544/21
f 259/2709/26 241/2542/26 247/2708/26
f 259/2709/26 253/2543/26 241/2542/26
f 261/1290/20 260/1258/20 264/1257/20
f 261/1290/20 264/1257/20 263/1289/20
f 262/1279/56 263/1289/56 264/1257/56
f 262/2704/19 251/2742/19 250/2705/19
f 262/2704/19 264/2741/19 251/2742/19
f 263/1289/2 254/1316/2 261/1290/2
f 263/1289/2 258/1315/2 254/1316/2
f 289/2597/14 291/2596/14 296/2762/14
f 289/2597/14 296/2762/14 295/2763/14
f 289/27/6 290/6/6 291/37/6
f 292/5/15 291/37/15 290/6/15
f 292/5/15 294/36/15 291/37/15
f 292/5/38 293/26/38 294/36/38
f 293/2552/25 292/2520/25 305/2519/25
f 293/2552/25 305/2519/25 304/2551/25
f 294/36/4 296/43/4 291/37/4
f 294/36/4 300/42/4 296/43/4
f 295/2763/18 297/2839/18 308/2840/18
f 295/2763/18 308/2840/18 307/2764/18
f 295/424/60 296/418/60 297/428/60
f 297/428/17 296/418/17 300/417/17
f 297/428/17 300/417/17 299/427/17
f 298/2728/16 294/2553/16 293/2552/16
f 298/2728/16 300/2729/16 294/2553/16
f 298/2728/3 293/2552/3 304/2551/3
f 298/2728/3 304/2551/3 310/2727/3
f 298/423/61 299/427/61 300/417/61
f 299/427/5 308/443/5 297/428/5
f 299/427/5 312/442/5 308/443/5
f 301/2598/24 290/2558/24 289/2597/24
f 301/2598/24 303/2559/24 290/2558/24
f 301/339/53 302/337/53 303/350/53
f 303/350/23 302/337/23 306/336/23
f 303/350/23 306/336/23 305/349/23
f 304/2551/22 306/2550/22 311/2726/22
f 304/2551/22 311/2726/22 310/2727/22
f 304/338/54 305/349/54 306/336/54
f 305/349/1 290/368/1 303/350/1
f 305/349/1 292/367/1 290/368/1
f 307/1210/55 308/1190/55 309/1214/55
f 307/2764/21 302/2599/21 301/2598/21
f 307/2764/21 309/2765/21 302/2599/21
f 307/2764/26 289/2597/26 295/2763/26
f 307/2764/26 301/2598/26 289/2597/26
f 309/1214/20 308/1190/20 312/1189/20
f 309/1214/20 312/1189/20 311/1213/20
f 310/1209/62 311/1213/62 312/1189/62
f 310/2727/19 299/2761/19 298/2728/19
f 310/2727/19 312/2760/19 299/2761/19
f 311/1213/2 302/1229/2 309/1214/2
f 311/1213/2 306/1228/2 302/1229/2
f 337/1677/14 339/1688/14 344/1689/14
f 337/1677/14 344/1689/14 343/1678/14
f 337/1730/37 338/1758/37 339/1756/37
f 340/1790/15 339/1756/15 338/1758/15
f 340/1790/15 342/1788/15 339/1756/15
f 340/1790/64 341/1802/64 342/1788/64
f 341/621/25 340/620/25 353/631/25
f 341/621/25 353/631/25 352/632/25
f 342/1788/4 344/1762/4 339/1756/4
f 342/1788/4 348/1792/4 344/1762/4
f 343/1678/18 345/1679/18 356/1643/18
f 343/1678/18 356/1643/18 355/1642/18
f 343/252/39 344/246/39 345/256/39
f 345/256/17 344/246/17 348/245/17
f 345/256/17 348/245/17 347/255/17
f 346/251/65 347/255/65 348/245/65
f 346/622/16 342/606/16 341/621/16
f 346/622/16 348/607/16 342/606/16
f 346/622/3 341/621/3 352/632/3
f 346/622/3 352/632/3 358/633/3
f 347/255/5 356/266/5 345/256/5
f 347/255/5 360/265/5 356/266/5
f 349/1353/53 350/1343/53 351/1361/53
f 349/1641/24 338/1676/24 337/1677/24
f 349/1641/24 351/1640/24 338/1676/24
f 351/1361/23 350/1343/23 354/1342/23
f 351/1361/23 354/1342/23 353/1360/23
f 352/1352/66 353/1360/66 354/1342/66
f 352/632/22 354/639/22 359/640/22
f 352/632/22 359/640/22 358/633/22
f 353/1360/1 338/1370/1 351/1361/1
f 353/1360/1 340/1369/1 338/1370/1
f 355/1642/21 350/1634/21 349/1641/21
f 355/1642/21 357/1635/21 350/1634/21
f 355/1642/26 337/1677/26 343/1678/26
f 355/1642/26 349/1641/26 337/1677/26
f 355/1729/55 356/1757/55 357/1755/55
f 357/1755/20 356/1757/20 360/1789/20
f 357/1755/20 360/1789/20 359/1787/20
f 358/1801/62 359/1787/62 360/1789/62
f 358/633/19 347/623/19 346/622/19
f 358/633/19 360/634/19 347/623/19
f 359/1787/2 350/1761/2 357/1755/2
f 359/1787/2 354/1791/2 350/1761/2
f 361/2610/14 363/2609/14 368/2779/14
f 361/2610/14 368/2779/14 367/2780/14
f 361/733/57 362/710/57 363/739/57
f 364/709/15 363/739/15 362/710/15
f 364/709/15 366/738/15 363/739/15
f 364/709/67 365/732/67 366/738/67
f 365/2607/25 364/2561/25 377/2560/25
f 365/2607/25 377/2560/25 376/2606/25
f 366/738/4 368/749/4 363/739/4
f 366/738/4 372/748/4 368/749/4
f 367/2780/18 369/2843/18 380/2844/18
f 367/2780/18 380/2844/18 379/2781/18
f 367/280/63 368/274/63 369/282/63
f 369/282/17 368/274/17 372/273/17
f 369/282/17 372/273/17 371/281/17
f 370/2777/16 366/2608/16 365/2607/16
f 370/2777/16 372/2778/16 366/2608/16
f 370/2777/3 365/2607/3 376/2606/3
f 370/2777/3 376/2606/3 382/2776/3
f 370/279/68 371/281/68 372/273/68
f 371/281/5 380/297/5 369/282/5
f 371/281/5 384/296/5 380/297/5
f 373/203/10 374/201/10 375/211/10
f 373/2611/24 362/2562/24 361/2610/24
f 373/2611/24 375/2563/24 362/2562/24
f 375/211/23 374/201/23 378/200/23
f 375/211/23 378/200/23 377/210/23
f 376/202/42 377/210/42 378/200/42
f 376/2606/22 378/2605/22 383/2775/22
f 376/2606/22 383/2775/22 382/2776/22
f 377/210/1 362/225/1 375/211/1
f 377/210/1 364/224/1 362/225/1
f 379/1557/12 380/1553/12 381/1561/12
f 379/2781/21 374/2612/21 373/2611/21
f 379/2781/21 381/2782/21 374/2612/21
f 379/2781/26 361/2610/26 367/2780/26
f 379/2781/26 373/2611/26 361/2610/26
f 381/1561/20 380/1553/20 384/1552/20
f 381/1561/20 384/1552/20 383/1560/20
f 382/1556/44 383/1560/44 384/1552/44
f 382/2776/19 371/2842/19 370/2777/19
f 382/2776/19 384/2841/19 371/2842/19
f 383/1560/2 374/1573/2 381/1561/2
f 383/1560/2 378/1572/2 374/1573/2
f 4/1697/15 3/1666/15 2/1667/15
f 4/1697/15 6/1696/15 3/1666/15
f 4/1697/7 5/1711/7 6/1696/7
f 409/125/57 410/119/57 411/127/57
f 409/2622/14 411/2621/14 416/2799/14
f 409/2622/14 416/2799/14 415/2800/14
f 412/118/15 411/127/15 410/119/15
f 412/118/15 414/126/15 411/127/15
f 412/118/67 413/124/67 414/126/67
f 413/2615/25 412/2565/25 425/2564/25
f 413/2615/25 425/2564/25 424/2614/25
f 414/126/4 416/157/4 411/127/4
f 414/126/4 420/156/4 416/157/4
f 415/2800/18 417/2847/18 428/2848/18
f 415/2800/18 428/2848/18 427/2801/18
f 415/464/63 416/453/63 417/468/63
f 417/468/17 416/453/17 420/452/17
f 417/468/17 420/452/17 419/467/17
f 418/2785/16 414/2616/16 413/2615/16
f 418/2785/16 420/2786/16 414/2616/16
f 418/2785/3 413/2615/3 424/2614/3
f 418/2785/3 424/2614/3 430/2784/3
f 418/463/65 419/467/65 420/452/65
f 419/467/5 428/478/5 417/468/5
f 419/467/5 432/477/5 428/478/5
f 421/237/10 422/235/10 423/241/10
f 421/2623/24 410/2568/24 409/2622/24
f 421/2623/24 423/2569/24 410/2568/24
f 423/241/23 422/235/23 426/234/23
f 423/241/23 426/234/23 425/240/23
f 424/236/42 425/240/42 426/234/42
f 424/2614/22 426/2613/22 431/2783/22
f 424/2614/22 431/2783/22 430/2784/22
f 425/240/1 410/258/1 423/241/1
f 425/240/1 412/257/1 410/258/1
f 427/2801/21 422/2624/21 421/2623/21
f 427/2801/21 429/2802/21 422/2624/21
f 427/2801/26 409/2622/26 415/2800/26
f 427/2801/26 421/2623/26 409/2622/26
f 427/89/69 428/82/69 429/93/69
f 429/93/20 428/82/20 432/81/20
f 429/93/20 432/81/20 431/92/20
f 430/2784/19 419/2846/19 418/2785/19
f 430/2784/19 432/2845/19 419/2846/19
f 430/88/70 431/92/70 432/81/70
f 431/92/2 422/101/2 429/93/2
f 431/92/2 426/100/2 422/101/2
f 457/1708/14 459/1714/14 464/1715/14
f 457/1708/14 464/1715/14 463/1709/14
f 457/1803/57 458/1805/57 459/1804/57
f 460/1890/15 459/1804/15 458/1805/15
f 460/1890/15 462/1889/15 459/1804/15
f 460/1890/64 461/1955/64 462/1889/64
f 461/1669/25 460/1668/25 473/1703/25
f 461/1669/25 473/1703/25 472/1704/25
f 462/1889/4 464/1806/4 459/1804/4
f 462/1889/4 468/1892/4 464/1806/4
f 463/1709/18 465/1710/18 476/1675/18
f 463/1709/18 476/1675/18 475/1674/18
f 463/293/63 464/289/63 465/295/63
f 465/295/17 464/289/17 468/288/17
f 465/295/17 468/288/17 467/294/17
f 466/1670/16 462/1650/16 461/1669/16
f 466/1670/16 468/1651/16 462/1650/16
f 466/1670/3 461/1669/3 472/1704/3
f 466/1670/3 472/1704/3 478/1705/3
f 466/292/65 467/294/65 468/288/65
f 467/294/5 476/309/5 465/295/5
f 467/294/5 480/308/5 476/309/5
f 469/1436/41 470/1429/41 471/1438/41
f 469/1673/24 458/1707/24 457/1708/24
f 469/1673/24 471/1672/24 458/1707/24
f 471/1438/23 470/1429/23 474/1428/23
f 471/1438/23 474/1428/23 473/1437/23
f 472/1435/66 473/1437/66 474/1428/66
f 472/1704/22 474/1712/22 479/1713/22
f 472/1704/22 479/1713/22 478/1705/22
f 473/1437/1 458/1458/1 471/1438/1
f 473/1437/1 460/1457/1 458/1458/1
f 475/1674/21 470/1652/21 469/1673/21
f 475/1674/21 477/1653/21 470/1652/21
f 475/1674/26 457/1708/26 463/1709/26
f 475/1674/26 469/1673/26 457/1708/26
f 475/1720/43 476/1740/43 477/1739/43
f 477/1739/20 476/1740/20 480/1781/20
f 477/1739/20 480/1781/20 479/1780/20
f 478/1705/19 467/1671/19 466/1670/19
f 478/1705/19 480/1706/19 467/1671/19
f 478/1795/62 479/1780/62 480/1781/62
f 479/1780/2 470/1745/2 477/1739/2
f 479/1780/2 474/1782/2 470/1745/2
f 481/2391/37 482/2327/37 483/2417/37
f 481/878/14 483/877/14 488/899/14
f 481/878/14 488/899/14 487/900/14
f 484/2326/15 483/2417/15 482/2327/15
f 484/2326/15 486/2416/15 483/2417/15
f 484/2326/64 485/2390/64 486/2416/64
f 485/847/25 484/826/25 497/825/25
f 485/847/25 497/825/25 496/846/25
f 486/2416/4 488/2496/4 483/2417/4
f 486/2416/4 492/2495/4 488/2496/4
f 487/1139/39 488/1142/39 489/1141/39
f 487/900/18 489/910/18 500/911/18
f 487/900/18 500/911/18 499/901/18
f 489/1141/17 488/1142/17 492/1179/17
f 489/1141/17 492/1179/17 491/1178/17
f 490/1183/65 491/1178/65 492/1179/65
f 490/860/16 486/848/16 485/847/16
f 490/860/16 492/861/16 486/848/16
f 490/860/3 485/847/3 496/846/3
f 490/860/3 496/846/3 502/859/3
f 491/1178/5 500/1144/5 489/1141/5
f 491/1178/5 504/1182/5 500/1144/5
f 493/1080/41 494/1094/41 495/1093/41
f 493/879/24 482/875/24 481/878/24
f 493/879/24 495/876/24 482/875/24
f 495/1093/23 494/1094/23 498/1105/23
f 495/1093/23 498/1105/23 497/1104/23
f 496/1110/66 497/1104/66 498/1105/66
f 496/846/22 498/845/22 503/858/22
f 496/846/22 503/858/22 502/859/22
f 497/1104/1 482/1097/1 495/1093/1
f 497/1104/1 484/1106/1 482/1097/1
f 499/2389/43 500/2325/43 501/2415/43
f 499/901/21 494/880/21 493/879/21
f 499/901/21 501/902/21 494/880/21
f 499/901/26 481/878/26 487/900/26
f 499/901/26 493/879/26 481/878/26
f 5/32/25 17/3/25 16/31/25
f 5/32/25 4/4/25 17/3/25
f 501/2415/20 500/2325/20 504/2324/20
f 501/2415/20 504/2324/20 503/2414/20
f 502/2388/62 503/2414/62 504/2324/62
f 502/859/19 491/864/19 490/860/19
f 502/859/19 504/863/19 491/864/19
f 503/2414/2 494/2494/2 501/2415/2
f 503/2414/2 498/2493/2 494/2494/2
f 505/217/27 506/215/27 507/221/27
f 505/970/14 507/969/14 512/991/14
f 505/970/14 512/991/14 511/992/14
f 508/214/15 507/221/15 506/215/15
f 508/214/15 510/220/15 507/221/15
f 508/214/64 509/216/64 510/220/64
f 509/929/25 508/916/25 521/915/25
f 509/929/25 521/915/25 520/928/25
f 510/220/4 512/229/4 507/221/4
f 510/220/4 516/228/4 512/229/4
f 511/1143/39 512/1146/39 513/1145/39
f 511/992/18 513/1001/18 524/1002/18
f 511/992/18 524/1002/18 523/993/18
f 513/1145/17 512/1146/17 516/1185/17
f 513/1145/17 516/1185/17 515/1184/17
f 514/1187/65 515/1184/65 516/1185/65
f 514/943/16 510/930/16 509/929/16
f 514/943/16 516/944/16 510/930/16
f 514/943/3 509/929/3 520/928/3
f 514/943/3 520/928/3 526/942/3
f 515/1184/5 524/1149/5 513/1145/5
f 515/1184/5 528/1186/5 524/1149/5
f 517/1188/31 518/1212/31 519/1211/31
f 517/971/24 506/965/24 505/970/24
f 517/971/24 519/966/24 506/965/24
f 519/1211/23 518/1212/23 522/1231/23
f 519/1211/23 522/1231/23 521/1230/23
f 520/1238/66 521/1230/66 522/1231/66
f 520/928/22 522/927/22 527/941/22
f 520/928/22 527/941/22 526/942/22
f 521/1230/1 506/1218/1 519/1211/1
f 521/1230/1 508/1234/1 506/1218/1
f 523/29/43 524/12/43 525/39/43
f 523/993/21 518/972/21 517/971/21
f 523/993/21 525/994/21 518/972/21
f 523/993/26 505/970/26 511/992/26
f 523/993/26 517/971/26 505/970/26
f 525/39/20 524/12/20 528/11/20
f 525/39/20 528/11/20 527/38/20
f 526/28/62 527/38/62 528/11/62
f 526/942/19 515/950/19 514/943/19
f 526/942/19 528/949/19 515/950/19
f 527/38/2 518/45/2 525/39/2
f 527/38/2 522/44/2 518/45/2
f 6/1696/4 12/1698/4 8/1680/4
f 6/1696/4 8/1680/4 3/1666/4
f 7/1256/8 8/1282/8 9/1281/8
f 7/636/18 20/642/18 19/637/18
f 7/636/18 9/641/18 20/642/18
f 889/1026/14 891/1025/14 896/1076/14
f 889/1026/14 896/1076/14 895/1077/14
f 889/1852/27 890/1817/27 891/1894/27
f 892/1816/139 893/1851/139 894/1893/139
f 892/1816/15 891/1894/15 890/1817/15
f 892/1816/15 894/1893/15 891/1894/15
f 893/933/25 892/918/25 905/917/25
f 893/933/25 905/917/25 904/932/25
f 894/1893/4 896/2132/4 891/1894/4
f 894/1893/4 900/2131/4 896/2132/4
f 895/1077/18 897/1091/18 908/1092/18
f 895/1077/18 908/1092/18 907/1078/18
f 895/1850/8 896/1815/8 897/1896/8
f 897/1896/17 896/1815/17 900/1814/17
f 897/1896/17 900/1814/17 899/1895/17
f 898/1849/65 899/1895/65 900/1814/65
f 898/989/16 894/934/16 893/933/16
f 898/989/16 900/990/16 894/934/16
f 898/989/3 893/933/3 904/932/3
f 898/989/3 904/932/3 910/988/3
f 899/1895/5 908/2196/5 897/1896/5
f 899/1895/5 912/2195/5 908/2196/5
f 9/1281/17 12/1313/17 11/1312/17
f 9/1281/17 8/1282/17 12/1313/17
f 901/1027/24 890/1018/24 889/1026/24
f 901/1027/24 903/1019/24 890/1018/24
f 901/1738/141 902/1722/141 903/1748/141
f 903/1748/23 902/1722/23 906/1721/23
f 903/1748/23 906/1721/23 905/1747/23
f 904/1737/54 905/1747/54 906/1721/54
f 904/932/22 906/931/22 911/987/22
f 904/932/22 911/987/22 910/988/22
f 905/1747/1 890/1963/1 903/1748/1
f 905/1747/1 892/1962/1 890/1963/1
f 907/1078/21 902/1028/21 901/1027/21
f 907/1078/21 909/1079/21 902/1028/21
f 907/1078/26 889/1026/26 895/1077/26
f 907/1078/26 901/1027/26 889/1026/26
f 907/1933/12 908/1828/12 909/1954/12
f 909/1954/20 908/1828/20 912/1827/20
f 909/1954/20 912/1827/20 911/1953/20
f 910/1932/62 911/1953/62 912/1827/62
f 910/988/19 899/1000/19 898/989/19
f 910/988/19 912/999/19 899/1000/19
f 911/1953/2 902/2162/2 909/1954/2
f 911/1953/2 906/2161/2 902/2162/2
usemtl MMO_plaster
f 25/1382/14 27/1381/14 32/1474/14
f 25/1382/14 32/1474/14 31/1475/14
f 25/1639/27 26/1637/27 27/1647/27
f 28/1636/15 27/1647/15 26/1637/15
f 28/1636/15 30/1646/15 27/1647/15
f 28/1636/28 29/1638/28 30/1646/28
f 29/1356/25 28/1337/25 41/1336/25
f 29/1356/25 41/1336/25 40/1355/25
f 30/1646/4 32/1800/4 27/1647/4
f 30/1646/4 36/1799/4 32/1800/4
f 31/1003/29 32/1009/29 33/1008/29
f 31/1475/18 33/1484/18 44/1485/18
f 31/1475/18 44/1485/18 43/1476/18
f 33/1008/17 32/1009/17 36/1148/17
f 33/1008/17 36/1148/17 35/1147/17
f 34/1166/30 35/1147/30 36/1148/30
f 34/1451/16 30/1357/16 29/1356/16
f 34/1451/16 36/1452/16 30/1357/16
f 34/1451/3 29/1356/3 40/1355/3
f 34/1451/3 40/1355/3 46/1450/3
f 35/1147/5 44/1012/5 33/1008/5
f 35/1147/5 48/1154/5 44/1012/5
f 37/1383/24 26/1374/24 25/1382/24
f 37/1383/24 39/1375/24 26/1374/24
f 37/829/31 38/844/31 39/843/31
f 39/843/23 38/844/23 42/964/23
f 39/843/23 42/964/23 41/963/23
f 40/1355/22 42/1354/22 47/1449/22
f 40/1355/22 47/1449/22 46/1450/22
f 40/968/32 41/963/32 42/964/32
f 41/963/1 26/854/1 39/843/1
f 41/963/1 28/967/1 26/854/1
f 43/1476/21 38/1384/21 37/1383/21
f 43/1476/21 45/1477/21 38/1384/21
f 43/1476/26 25/1382/26 31/1475/26
f 43/1476/26 37/1383/26 25/1382/26
f 43/494/33 44/481/33 45/498/33
f 45/498/20 44/481/20 48/480/20
f 45/498/20 48/480/20 47/497/20
f 46/1450/19 35/1463/19 34/1451/19
f 46/1450/19 48/1462/19 35/1463/19
f 46/493/34 47/497/34 48/480/34
f 47/497/2 38/578/2 45/498/2
f 47/497/2 42/577/2 38/578/2
f 721/1595/27 722/1593/27 723/1597/27
f 721/1874/14 723/1873/14 728/1913/14
f 721/1874/14 728/1913/14 727/1914/14
f 724/1592/139 725/1594/139 726/1596/139
f 724/1592/15 723/1597/15 722/1593/15
f 724/1592/15 726/1596/15 723/1597/15
f 725/1867/25 724/1834/25 737/1833/25
f 725/1867/25 737/1833/25 736/1866/25
f 726/1596/4 728/1599/4 723/1597/4
f 726/1596/4 732/1598/4 728/1599/4
f 727/1914/18 729/1942/18 740/1943/18
f 727/1914/18 740/1943/18 739/1915/18
f 727/609/29 728/612/29 729/611/29
f 729/611/17 728/612/17 732/643/17
f 729/611/17 732/643/17 731/644/17
f 730/1907/16 726/1868/16 725/1867/16
f 730/1907/16 732/1908/16 726/1868/16
f 730/1907/3 725/1867/3 736/1866/3
f 730/1907/3 736/1866/3 742/1906/3
f 730/646/30 731/644/30 732/643/30
f 731/644/5 740/613/5 729/611/5
f 731/644/5 744/645/5 740/613/5
f 733/1875/24 722/1837/24 721/1874/24
f 733/1875/24 735/1838/24 722/1837/24
f 733/55/51 734/60/51 735/59/51
f 735/59/23 734/60/23 738/78/23
f 735/59/23 738/78/23 737/77/23
f 736/1866/22 738/1865/22 743/1905/22
f 736/1866/22 743/1905/22 742/1906/22
f 736/80/32 737/77/32 738/78/32
f 737/77/1 722/67/1 735/59/1
f 737/77/1 724/79/1 722/67/1
f 739/1915/21 734/1876/21 733/1875/21
f 739/1915/21 741/1916/21 734/1876/21
f 739/1915/26 721/1874/26 727/1914/26
f 739/1915/26 733/1875/26 721/1874/26
f 739/460/52 740/458/52 741/462/52
f 741/462/20 740/458/20 744/457/20
f 741/462/20 744/457/20 743/461/20
f 742/1906/19 731/1939/19 730/1907/19
f 742/1906/19 744/1938/19 731/1939/19
f 742/459/59 743/461/59 744/457/59
f 743/461/2 734/466/2 741/462/2
f 743/461/2 738/465/2 734/466/2
f 769/151/49 770/149/49 771/153/49
f 769/1990/14 771/1989/14 776/2017/14
f 769/1990/14 776/2017/14 775/2018/14
f 772/148/15 771/153/15 770/149/15
f 772/148/15 774/152/15 771/153/15
f 772/148/28 773/150/28 774/152/28
f 773/1980/25 772/1965/25 785/1964/25
f 773/1980/25 785/1964/25 784/1979/25
f 774/152/4 776/155/4 771/153/4
f 774/152/4 780/154/4 776/155/4
f 775/2003/50 776/2037/50 777/2034/50
f 775/2018/18 777/2048/18 788/2049/18
f 775/2018/18 788/2049/18 787/2019/18
f 777/2034/17 776/2037/17 780/2178/17
f 777/2034/17 780/2178/17 779/2175/17
f 778/2015/16 774/1981/16 773/1980/16
f 778/2015/16 780/2016/16 774/1981/16
f 778/2015/3 773/1980/3 784/1979/3
f 778/2015/3 784/1979/3 790/2014/3
f 778/2193/58 779/2175/58 780/2178/58
f 779/2175/5 788/2040/5 777/2034/5
f 779/2175/5 792/2187/5 788/2040/5
f 781/1991/24 770/1966/24 769/1990/24
f 781/1991/24 783/1967/24 770/1966/24
f 781/919/51 782/923/51 783/922/51
f 783/922/23 782/923/23 786/960/23
f 783/922/23 786/960/23 785/959/23
f 784/1979/22 786/1978/22 791/2013/22
f 784/1979/22 791/2013/22 790/2014/22
f 784/962/32 785/959/32 786/960/32
f 785/959/1 770/924/1 783/922/1
f 785/959/1 772/961/1 770/924/1
f 787/2019/21 782/1992/21 781/1991/21
f 787/2019/21 789/2020/21 782/1992/21
f 787/2019/26 769/1990/26 775/2018/26
f 787/2019/26 781/1991/26 769/1990/26
f 787/799/52 788/779/52 789/810/52
f 789/810/20 788/779/20 792/778/20
f 789/810/20 792/778/20 791/809/20
f 790/2014/19 779/2046/19 778/2015/19
f 790/2014/19 792/2045/19 779/2046/19
f 790/798/59 791/809/59 792/778/59
f 791/809/2 782/820/2 789/810/2
f 791/809/2 786/819/2 782/820/2
f 817/1870/14 819/1869/14 824/1909/14
f 817/1870/14 824/1909/14 823/1910/14
f 817/2112/49 818/2101/49 819/2120/49
f 820/2100/15 819/2120/15 818/2101/15
f 820/2100/15 822/2119/15 819/2120/15
f 820/2100/28 821/2111/28 822/2119/28
f 821/1879/25 820/1840/25 833/1839/25
f 821/1879/25 833/1839/25 832/1878/25
f 822/2119/4 824/2141/4 819/2120/4
f 822/2119/4 828/2140/4 824/2141/4
f 823/1910/18 825/1940/18 836/1941/18
f 823/1910/18 836/1941/18 835/1911/18
f 823/979/50 824/983/50 825/982/50
f 825/982/17 824/983/17 828/1016/17
f 825/982/17 828/1016/17 827/1015/17
f 826/1020/58 827/1015/58 828/1016/58
f 826/1919/16 822/1880/16 821/1879/16
f 826/1919/16 828/1920/16 822/1880/16
f 826/1919/3 821/1879/3 832/1878/3
f 826/1919/3 832/1878/3 838/1918/3
f 827/1015/5 836/984/5 825/982/5
f 827/1015/5 840/1017/5 836/984/5
f 829/1108/31 830/1114/31 831/1112/31
f 829/1871/24 818/1835/24 817/1870/24
f 829/1871/24 831/1836/24 818/1835/24
f 831/1112/23 830/1114/23 834/1155/23
f 831/1112/23 834/1155/23 833/1156/23
f 832/1167/140 833/1156/140 834/1155/140
f 832/1878/22 834/1877/22 839/1917/22
f 832/1878/22 839/1917/22 838/1918/22
f 833/1156/1 818/1117/1 831/1112/1
f 833/1156/1 820/1161/1 818/1117/1
f 835/1911/21 830/1872/21 829/1871/21
f 835/1911/21 837/1912/21 830/1872/21
f 835/1911/26 817/1870/26 823/1910/26
f 835/1911/26 829/1871/26 817/1870/26
f 835/801/33 836/781/33 837/812/33
f 837/812/20 836/781/20 840/780/20
f 837/812/20 840/780/20 839/811/20
f 838/1918/19 827/1945/19 826/1919/19
f 838/1918/19 840/1944/19 827/1945/19
f 838/800/34 839/811/34 840/780/34
f 839/811/2 830/822/2 837/812/2
f 839/811/2 834/821/2 830/822/2
f 954/2068/2 968/2067/2 966/2084/2
f 954/447/142 955/450/142 953/448/142
f 954/447/142 956/449/142 955/450/142
f 955/233/4 957/231/4 959/223/4
f 956/268/143 957/261/143 955/267/143
f 956/268/143 958/262/143 957/261/143
f 958/2130/2 954/2068/2 966/2084/2
f 958/2130/2 956/2085/2 954/2068/2
f 958/262/144 959/243/144 957/261/144
f 958/262/144 960/244/144 959/243/144
f 959/223/4 961/213/4 963/212/4
f 959/223/4 963/212/4 967/230/4
f 960/375/145 961/362/145 959/374/145
f 960/375/145 962/363/145 961/362/145
f 962/2204/2 960/2205/2 958/2130/2
f 962/363/146 963/344/146 961/362/146
f 962/363/146 964/345/146 963/344/146
f 963/212/4 965/222/4 967/230/4
f 964/290/147 965/301/147 963/291/147
f 964/290/147 966/300/147 965/301/147
f 966/2084/2 962/2204/2 958/2130/2
f 966/2084/2 964/2129/2 962/2204/2
f 966/300/148 967/328/148 965/301/148
f 966/300/148 968/327/148 967/328/148
f 967/230/4 953/232/4 955/233/4
f 967/230/4 955/233/4 959/223/4
f 968/434/149 953/448/149 967/435/149
f 968/434/149 954/447/149 953/448/149
usemtl MMO_oak_polished
f 1177/671/14 1179/670/14 1184/678/14
f 1177/671/14 1184/678/14 1183/679/14
f 1177/894/6 1178/890/6 1179/896/6
f 1180/889/15 1179/896/15 1178/890/15
f 1180/889/15 1182/895/15 1179/896/15
f 1180/889/64 1181/893/64 1182/895/64
f 1181/668/25 1180/658/25 1193/657/25
f 1181/668/25 1193/657/25 1192/667/25
f 1182/895/4 1184/898/4 1179/896/4
f 1182/895/4 1188/897/4 1184/898/4
f 1183/608/35 1184/616/35 1185/614/35
f 1183/679/18 1185/695/18 1196/696/18
f 1183/679/18 1196/696/18 1195/680/18
f 1185/614/17 1184/616/17 1188/649/17
f 1185/614/17 1188/649/17 1187/648/17
f 1186/654/68 1187/648/68 1188/649/68
f 1186/676/16 1182/669/16 1181/668/16
f 1186/676/16 1188/677/16 1182/669/16
f 1186/676/3 1181/668/3 1192/667/3
f 1186/676/3 1192/667/3 1198/675/3
f 1187/648/5 1196/619/5 1185/614/5
f 1187/648/5 1200/650/5 1196/619/5
f 1189/1191/10 1190/1201/10 1191/1200/10
f 1189/672/24 1178/659/24 1177/671/24
f 1189/672/24 1191/660/24 1178/659/24
f 1191/1200/23 1190/1201/23 1194/1253/23
f 1191/1200/23 1194/1253/23 1193/1252/23
f 1192/1255/66 1193/1252/66 1194/1253/66
f 1192/667/22 1194/666/22 1199/674/22
f 1192/667/22 1199/674/22 1198/675/22
f 1193/1252/1 1178/1208/1 1191/1200/1
f 1193/1252/1 1180/1254/1 1178/1208/1
f 1195/590/36 1196/586/36 1197/592/36
f 1195/680/21 1190/673/21 1189/672/21
f 1195/680/21 1197/681/21 1190/673/21
f 1195/680/26 1177/671/26 1183/679/26
f 1195/680/26 1189/672/26 1177/671/26
f 1197/592/20 1196/586/20 1200/585/20
f 1197/592/20 1200/585/20 1199/591/20
f 1198/589/56 1199/591/56 1200/585/56
f 1198/675/19 1187/694/19 1186/676/19
f 1198/675/19 1200/693/19 1187/694/19
f 1199/591/2 1190/594/2 1197/592/2
f 1199/591/2 1194/593/2 1190/594/2
f 49/1100/14 51/1101/14 56/978/14
f 49/1100/14 56/978/14 55/977/14
f 49/1469/27 50/1459/27 51/1460/27
f 52/1448/15 51/1460/15 50/1459/15
f 52/1448/15 54/1453/15 51/1460/15
f 52/1448/7 53/1442/7 54/1453/7
f 53/952/25 52/957/25 65/958/25
f 53/952/25 65/958/25 64/953/25
f 530/2531/1 544/2548/1 542/2570/1
f 530/2715/71 531/2735/71 529/2716/71
f 530/2715/71 532/2734/71 531/2735/71
f 531/1821/5 533/1845/5 535/1846/5
f 532/2566/72 533/2582/72 531/2567/72
f 532/2566/72 534/2581/72 533/2582/72
f 534/2522/1 530/2531/1 542/2570/1
f 534/2522/1 532/2521/1 530/2531/1
f 534/2581/73 535/2620/73 533/2582/73
f 534/2581/73 536/2619/73 535/2620/73
f 535/1846/5 537/1822/5 539/1811/5
f 535/1846/5 539/1811/5 543/1807/5
f 536/2695/74 537/2718/74 535/2696/74
f 536/2695/74 538/2717/74 537/2718/74
f 538/2549/1 536/2532/1 534/2522/1
f 538/2717/75 539/2737/75 537/2718/75
f 538/2717/75 540/2736/75 539/2737/75
f 539/1811/5 541/1808/5 543/1807/5
f 54/1453/4 56/1468/4 51/1460/4
f 54/1453/4 60/1466/4 56/1468/4
f 540/2733/76 541/2713/76 539/2732/76
f 540/2733/76 542/2714/76 541/2713/76
f 542/2570/1 538/2549/1 534/2522/1
f 542/2570/1 540/2571/1 538/2549/1
f 542/2714/77 543/2691/77 541/2713/77
f 542/2714/77 544/2692/77 543/2691/77
f 543/1807/5 529/1810/5 531/1821/5
f 543/1807/5 531/1821/5 535/1846/5
f 544/2693/78 529/2716/78 543/2694/78
f 544/2693/78 530/2715/78 529/2716/78
f 546/134/1 560/140/1 558/144/1
f 546/884/71 547/892/71 545/885/71
f 546/884/71 548/891/71 547/892/71
f 547/2358/5 549/2383/5 551/2384/5
f 548/1269/72 549/1288/72 547/1270/72
f 548/1269/72 550/1287/72 549/1288/72
f 55/1633/35 56/1623/35 57/1627/35
f 55/977/18 57/974/18 68/973/18
f 55/977/18 68/973/18 67/976/18
f 550/1287/73 551/1303/73 549/1288/73
f 550/1287/73 552/1302/73 551/1303/73
f 550/129/1 546/134/1 558/144/1
f 550/129/1 548/128/1 546/134/1
f 551/2384/5 553/2359/5 555/2315/5
f 551/2384/5 555/2315/5 559/2299/5
f 552/1036/74 553/1039/74 551/1037/74
f 552/1036/74 554/1038/74 553/1039/74
f 554/1038/75 555/1045/75 553/1039/75
f 554/1038/75 556/1044/75 555/1045/75
f 554/141/1 552/135/1 550/129/1
f 555/2315/5 557/2300/5 559/2299/5
f 556/2731/76 557/2699/76 555/2730/76
f 556/2731/76 558/2700/76 557/2699/76
f 558/144/1 554/141/1 550/129/1
f 558/144/1 556/145/1 554/141/1
f 558/2700/77 559/2660/77 557/2699/77
f 558/2700/77 560/2661/77 559/2660/77
f 559/2299/5 545/2314/5 547/2358/5
f 559/2299/5 547/2358/5 551/2384/5
f 560/882/78 545/885/78 559/883/78
f 560/882/78 546/884/78 545/885/78
f 562/1071/71 563/1074/71 561/1072/71
f 562/1071/71 564/1073/71 563/1074/71
f 562/136/1 576/142/1 574/146/1
f 563/1413/5 565/1416/5 567/1417/5
f 564/13/72 565/20/72 563/14/72
f 564/13/72 566/19/72 565/20/72
f 566/131/1 562/136/1 574/146/1
f 566/131/1 564/130/1 562/136/1
f 566/19/73 567/35/73 565/20/73
f 566/19/73 568/34/73 567/35/73
f 567/1417/5 569/1414/5 571/1406/5
f 567/1417/5 571/1406/5 575/1399/5
f 568/247/74 569/250/74 567/248/74
f 568/247/74 570/249/74 569/250/74
f 57/1627/17 56/1623/17 60/1613/17
f 57/1627/17 60/1613/17 59/1615/17
f 570/143/1 568/137/1 566/131/1
f 570/249/75 571/254/75 569/250/75
f 570/249/75 572/253/75 571/254/75
f 571/1406/5 573/1400/5 575/1399/5
f 572/2725/76 573/2697/76 571/2724/76
f 572/2725/76 574/2698/76 573/2697/76
f 574/146/1 570/143/1 566/131/1
f 574/146/1 572/147/1 570/143/1
f 574/2698/77 575/2641/77 573/2697/77
f 574/2698/77 576/2642/77 575/2641/77
f 575/1399/5 561/1405/5 563/1413/5
f 575/1399/5 563/1413/5 567/1417/5
f 576/1066/78 561/1072/78 575/1067/78
f 576/1066/78 562/1071/78 561/1072/78
f 578/2525/1 592/2535/1 590/2556/1
f 578/271/71 579/278/71 577/272/71
f 578/271/71 580/277/71 579/278/71
f 579/2322/5 581/2352/5 583/2353/5
f 58/1605/9 59/1615/9 60/1613/9
f 58/850/16 54/951/16 53/952/16
f 58/850/16 60/849/16 54/951/16
f 58/850/3 53/952/3 64/953/3
f 58/850/3 64/953/3 70/851/3
f 580/2328/72 581/2369/72 579/2329/72
f 580/2328/72 582/2368/72 581/2369/72
f 582/2368/73 583/2399/73 581/2369/73
f 582/2368/73 584/2398/73 583/2399/73
f 582/2512/1 578/2525/1 590/2556/1
f 582/2512/1 580/2511/1 578/2525/1
f 583/2353/5 585/2323/5 587/2282/5
f 583/2353/5 587/2282/5 591/2252/5
f 584/298/74 585/303/74 583/299/74
f 584/298/74 586/302/74 585/303/74
f 586/2536/1 584/2526/1 582/2512/1
f 586/302/75 587/311/75 585/303/75
f 586/302/75 588/310/75 587/311/75
f 587/2282/5 589/2253/5 591/2252/5
f 588/2573/76 589/2545/76 587/2572/76
f 588/2573/76 590/2546/76 589/2545/76
f 59/1615/5 68/1632/5 57/1627/5
f 59/1615/5 72/1629/5 68/1632/5
f 590/2546/77 591/2529/77 589/2545/77
f 590/2546/77 592/2530/77 591/2529/77
f 590/2556/1 586/2536/1 582/2512/1
f 590/2556/1 588/2557/1 586/2536/1
f 591/2252/5 577/2281/5 579/2322/5
f 591/2252/5 579/2322/5 583/2353/5
f 592/269/78 577/272/78 591/270/78
f 592/269/78 578/271/78 577/272/78
f 61/1099/24 50/1103/24 49/1100/24
f 61/1099/24 63/1102/24 50/1103/24
f 61/1631/31 62/1622/31 63/1626/31
f 63/1626/23 62/1622/23 66/1612/23
f 63/1626/23 66/1612/23 65/1614/23
f 64/1604/11 65/1614/11 66/1612/11
f 64/953/22 66/954/22 71/852/22
f 64/953/22 71/852/22 70/851/22
f 65/1614/1 50/1630/1 63/1626/1
f 65/1614/1 52/1628/1 50/1630/1
f 67/1569/36 68/1563/36 69/1564/36
f 67/976/21 62/1098/21 61/1099/21
f 67/976/21 69/975/21 62/1098/21
f 67/976/26 49/1100/26 55/977/26
f 67/976/26 61/1099/26 49/1100/26
f 69/1564/20 68/1563/20 72/1558/20
f 69/1564/20 72/1558/20 71/1559/20
f 70/1554/13 71/1559/13 72/1558/13
f 70/851/19 59/827/19 58/850/19
f 70/851/19 72/828/19 59/827/19
f 71/1559/2 62/1568/2 69/1564/2
f 71/1559/2 66/1567/2 62/1568/2
f 865/1538/14 867/1537/14 872/1600/14
f 865/1538/14 872/1600/14 871/1601/14
f 865/2087/37 866/2077/37 867/2079/37
f 868/2070/15 867/2079/15 866/2077/15
f 868/2070/15 870/2076/15 867/2079/15
f 868/2070/38 869/2066/38 870/2076/38
f 869/1488/25 868/1482/25 881/1481/25
f 869/1488/25 881/1481/25 880/1487/25
f 870/2076/4 872/2086/4 867/2079/4
f 870/2076/4 876/2078/4 872/2086/4
f 871/1465/39 872/1454/39 873/1456/39
f 871/1601/18 873/1607/18 884/1608/18
f 871/1601/18 884/1608/18 883/1602/18
f 873/1456/17 872/1454/17 876/1446/17
f 873/1456/17 876/1446/17 875/1447/17
f 874/1441/40 875/1447/40 876/1446/40
f 874/1576/16 870/1489/16 869/1488/16
f 874/1576/16 876/1577/16 870/1489/16
f 874/1576/3 869/1488/3 880/1487/3
f 874/1576/3 880/1487/3 886/1575/3
f 875/1447/5 884/1464/5 873/1456/5
f 875/1447/5 888/1455/5 884/1464/5
f 877/1483/41 878/1491/41 879/1490/41
f 877/1539/24 866/1533/24 865/1538/24
f 877/1539/24 879/1534/24 866/1533/24
f 879/1490/23 878/1491/23 882/1500/23
f 879/1490/23 882/1500/23 881/1499/23
f 880/1487/22 882/1486/22 887/1574/22
f 880/1487/22 887/1574/22 886/1575/22
f 880/1516/42 881/1499/42 882/1500/42
f 881/1499/1 866/1501/1 879/1490/1
f 881/1499/1 868/1517/1 866/1501/1
f 883/1602/21 878/1540/21 877/1539/21
f 883/1602/21 885/1603/21 878/1540/21
f 883/1602/26 865/1538/26 871/1601/26
f 883/1602/26 877/1539/26 865/1538/26
f 883/2072/43 884/2062/43 885/2065/43
f 885/2065/20 884/2062/20 888/2047/20
f 885/2065/20 888/2047/20 887/2054/20
f 886/1575/19 875/1584/19 874/1576/19
f 886/1575/19 888/1583/19 875/1584/19
f 886/2005/44 887/2054/44 888/2047/44
f 887/2054/2 878/2071/2 885/2065/2
f 887/2054/2 882/2064/2 878/2071/2
usemtl MMO_brass
f 100/2750/15 102/2745/15 99/2645/15
f 100/2750/15 99/2645/15 98/2650/15
f 100/2750/38 101/2819/38 102/2745/38
f 1000/1284/173 995/1266/173 999/1298/173
f 1000/1284/173 996/1262/173 995/1266/173
f 1000/1284/175 1003/1310/175 1004/1311/175
f 1000/1284/175 999/1298/175 1003/1310/175
f 1000/1443/156 1002/1470/156 998/1445/156
f 1000/1443/156 1004/1461/156 1002/1470/156
f 1002/446/176 1005/429/176 1001/444/176
f 1002/446/176 1006/430/176 1005/429/176
f 1002/832/157 1004/853/157 1008/857/157
f 1002/832/157 1008/857/157 1006/855/157
f 1003/1310/3 987/1297/3 979/1317/3
f 1003/1310/3 995/1266/3 987/1297/3
f 1003/1310/3 999/1298/3 995/1266/3
f 1005/429/26 969/416/26 973/410/26
f 1005/429/26 973/410/26 981/408/26
f 1006/855/178 969/865/178 1005/856/178
f 1006/855/178 970/866/178 969/865/178
f 1008/1321/177 1003/1310/177 1007/1318/177
f 1008/1321/261 1004/1311/261 1003/1310/261
f 1008/857/150 970/866/150 1006/855/150
f 1008/857/150 972/862/150 970/866/150
f 101/2626/25 100/2625/25 113/2803/25
f 101/2626/25 113/2803/25 112/2804/25
f 1011/1504/3 1047/1503/3 1043/1520/3
f 1012/1373/159 1014/1391/159 1010/1380/159
f 1012/1373/159 1016/1385/159 1014/1391/159
f 1012/1493/161 1011/1504/161 1015/1521/161
f 1012/1493/161 1015/1521/161 1016/1512/161
f 1012/1493/179 1047/1503/179 1011/1504/179
f 1012/1493/179 1048/1492/179 1047/1503/179
f 1013/356/26 1017/347/26 1021/351/26
f 1014/355/160 1009/370/160 1010/369/160
f 1014/355/160 1013/356/160 1009/370/160
f 1016/541/158 1018/550/158 1014/539/158
f 1016/541/158 1020/546/158 1018/550/158
f 1018/550/162 1013/540/162 1014/539/162
f 1018/550/162 1017/549/162 1013/540/162
f 1019/1524/3 1011/1504/3 1043/1520/3
f 1019/1524/3 1015/1521/3 1011/1504/3
f 102/2745/4 104/2655/4 99/2645/4
f 102/2745/4 108/2755/4 104/2655/4
f 1020/1525/165 1019/1524/165 1023/1536/165
f 1020/1525/165 1023/1536/165 1024/1542/165
f 1020/1525/180 1015/1521/180 1019/1524/180
f 1020/1525/180 1016/1512/180 1015/1521/180
f 1020/546/151 1022/564/151 1018/550/151
f 1020/546/151 1024/558/151 1022/564/151
f 1021/351/26 1025/358/26 1029/372/26
f 1021/351/26 1029/372/26 1037/383/26
f 1021/351/26 1037/383/26 1045/376/26
f 1022/346/166 1025/358/166 1021/351/166
f 1022/346/166 1026/357/166 1025/358/166
f 1022/564/164 1017/549/164 1018/550/164
f 1022/564/164 1021/562/164 1017/549/164
f 1024/736/152 1026/745/152 1022/713/152
f 1024/736/152 1028/747/152 1026/745/152
f 1026/745/153 1028/747/153 1032/750/153
f 1026/745/153 1032/750/153 1030/752/153
f 1027/1545/3 1023/1536/3 1019/1524/3
f 1028/1550/167 1023/1536/167 1027/1545/167
f 1028/1550/262 1024/1542/262 1023/1536/262
f 1029/372/26 1033/378/26 1037/383/26
f 103/2617/39 104/2687/39 105/2685/39
f 103/2809/18 105/2810/18 116/2632/18
f 103/2809/18 116/2632/18 115/2631/18
f 1030/752/168 1025/746/168 1026/745/168
f 1030/752/168 1029/751/168 1025/746/168
f 1032/1549/169 1027/1545/169 1031/1544/169
f 1032/1549/169 1028/1550/169 1027/1545/169
f 1032/750/154 1034/802/154 1030/752/154
f 1032/750/154 1036/759/154 1034/802/154
f 1034/379/170 1029/372/170 1030/373/170
f 1034/379/170 1033/378/170 1029/372/170
f 1034/482/155 1036/492/155 1040/505/155
f 1034/482/155 1040/505/155 1038/507/155
f 1035/1535/3 1031/1544/3 1027/1545/3
f 1036/1541/171 1031/1544/171 1035/1535/171
f 1036/1541/171 1032/1549/171 1031/1544/171
f 1037/383/26 1041/382/26 1045/376/26
f 1038/507/172 1033/485/172 1034/482/172
f 1038/507/172 1037/506/172 1033/485/172
f 1038/507/174 1041/523/174 1037/506/174
f 1038/507/174 1042/524/174 1041/523/174
f 1040/1522/173 1035/1535/173 1039/1523/173
f 1040/1522/173 1036/1541/173 1035/1535/173
f 1040/505/156 1042/524/156 1038/507/156
f 1040/505/156 1044/518/156 1042/524/156
f 1042/384/176 1045/376/176 1041/382/176
f 1042/384/176 1046/377/176 1045/376/176
f 1043/1520/3 1027/1545/3 1019/1524/3
f 1043/1520/3 1035/1535/3 1027/1545/3
f 1043/1520/3 1039/1523/3 1035/1535/3
f 1044/1359/157 1046/1364/157 1042/1341/157
f 1044/1359/157 1048/1366/157 1046/1364/157
f 1044/1511/175 1039/1523/175 1043/1520/175
f 1044/1511/175 1040/1522/175 1039/1523/175
f 1044/1511/177 1043/1520/177 1047/1503/177
f 1044/1511/177 1047/1503/177 1048/1492/177
f 1045/376/26 1009/370/26 1013/356/26
f 1045/376/26 1013/356/26 1021/351/26
f 1046/1364/150 1012/1373/150 1010/1380/150
f 1046/1364/150 1048/1366/150 1012/1373/150
f 1046/1364/178 1009/1378/178 1045/1365/178
f 1046/1364/178 1010/1380/178 1009/1378/178
f 105/2685/17 104/2687/17 108/2795/17
f 105/2685/17 108/2795/17 107/2793/17
f 1050/2236/189 1053/2271/189 1049/2272/189
f 1050/2236/189 1054/2235/189 1053/2271/189
f 1051/1768/3 1079/1760/3 1075/1734/3
f 1052/1690/188 1054/1700/188 1050/1691/188
f 1052/1690/188 1056/1699/188 1054/1700/188
f 1052/1770/190 1051/1768/190 1055/1779/190
f 1052/1770/190 1055/1779/190 1056/1786/190
f 1053/2271/26 1057/2342/26 1061/2434/26
f 1054/2235/191 1057/2342/191 1053/2271/191
f 1054/2235/191 1058/2320/191 1057/2342/191
f 1056/2291/187 1058/2428/187 1054/2292/187
f 1056/2291/187 1060/2427/187 1058/2428/187
f 1056/2291/192 1055/2311/192 1059/2412/192
f 1056/2291/192 1059/2412/192 1060/2427/192
f 1059/1778/3 1051/1768/3 1075/1734/3
f 1059/1778/3 1055/1779/3 1051/1768/3
f 106/2627/16 102/2577/16 101/2626/16
f 106/2627/16 108/2578/16 102/2577/16
f 106/2627/3 101/2626/3 112/2804/3
f 106/2627/3 112/2804/3 118/2805/3
f 106/2829/40 107/2793/40 108/2795/40
f 1060/2427/182 1062/2476/182 1058/2428/182
f 1060/2427/182 1064/2475/182 1062/2476/182
f 1061/2434/26 1065/2469/26 1069/2470/26
f 1061/2434/26 1069/2470/26 1077/2343/26
f 1062/2441/193 1057/2342/193 1058/2320/193
f 1062/2441/193 1061/2434/193 1057/2342/193
f 1064/1769/194 1059/1778/194 1063/1767/194
f 1064/1769/194 1060/1785/194 1059/1778/194
f 1064/2239/183 1066/2365/183 1062/2240/183
f 1064/2239/183 1068/2364/183 1066/2365/183
f 1066/2483/195 1061/2434/195 1062/2441/195
f 1066/2483/195 1065/2469/195 1061/2434/195
f 1067/1759/3 1063/1767/3 1059/1778/3
f 1068/2364/184 1070/2448/184 1066/2365/184
f 1068/2364/184 1072/2447/184 1070/2448/184
f 1068/2364/196 1063/2248/196 1067/2350/196
f 1068/2364/196 1064/2239/196 1063/2248/196
f 1069/2470/26 1073/2435/26 1077/2343/26
f 107/2793/5 116/2689/5 105/2685/5
f 107/2793/5 120/2797/5 116/2689/5
f 1070/2484/197 1065/2469/197 1066/2483/197
f 1070/2484/197 1069/2470/197 1065/2469/197
f 1072/1725/198 1067/1759/198 1071/1733/198
f 1072/1725/198 1068/1753/198 1067/1759/198
f 1072/2293/185 1074/2430/185 1070/2294/185
f 1072/2293/185 1076/2429/185 1074/2430/185
f 1074/2442/199 1069/2470/199 1070/2484/199
f 1074/2442/199 1073/2435/199 1069/2470/199
f 1074/2442/201 1077/2343/201 1073/2435/201
f 1074/2442/201 1078/2321/201 1077/2343/201
f 1075/1734/3 1067/1759/3 1059/1778/3
f 1075/1734/3 1071/1733/3 1067/1759/3
f 1076/1726/202 1075/1734/202 1079/1760/202
f 1076/1726/202 1079/1760/202 1080/1754/202
f 1076/2429/186 1078/2478/186 1074/2430/186
f 1076/2429/186 1080/2477/186 1078/2478/186
f 1076/2429/200 1071/2312/200 1075/2413/200
f 1076/2429/200 1072/2293/200 1071/2312/200
f 1077/2343/26 1049/2272/26 1053/2271/26
f 1077/2343/26 1053/2271/26 1061/2434/26
f 1078/2321/203 1049/2272/203 1077/2343/203
f 1078/2321/203 1050/2236/203 1049/2272/203
f 1080/1656/181 1050/1691/181 1078/1657/181
f 1080/1656/181 1052/1690/181 1050/1691/181
f 1080/1656/204 1051/1685/204 1052/1690/204
f 1080/1656/204 1079/1660/204 1051/1685/204
f 1082/2490/189 1085/2500/189 1081/2501/189
f 1082/2490/189 1086/2489/189 1085/2500/189
f 1082/2490/203 1081/2501/203 1109/2528/203
f 1082/2490/203 1109/2528/203 1110/2524/203
f 1083/938/3 1111/926/3 1107/925/3
f 1084/2408/188 1086/2460/188 1082/2409/188
f 1084/2408/188 1088/2459/188 1086/2460/188
f 1084/2408/204 1111/2277/204 1083/2382/204
f 1084/2408/204 1112/2263/204 1111/2277/204
f 1084/936/190 1083/938/190 1087/940/190
f 1084/936/190 1087/940/190 1088/946/190
f 1085/2500/26 1089/2527/26 1093/2583/26
f 1088/2265/187 1090/2401/187 1086/2266/187
f 1088/2265/187 1092/2400/187 1090/2401/187
f 109/2601/41 110/2676/41 111/2671/41
f 109/2630/24 111/2629/24 98/2807/24
f 109/2630/24 98/2807/24 97/2808/24
f 1090/2523/191 1085/2500/191 1086/2489/191
f 1090/2523/191 1089/2527/191 1085/2500/191
f 1090/2523/193 1093/2583/193 1089/2527/193
f 1090/2523/193 1094/2594/193 1093/2583/193
f 1091/948/3 1083/938/3 1107/925/3
f 1091/948/3 1087/940/3 1083/938/3
f 1092/2400/182 1094/2462/182 1090/2401/182
f 1092/2400/182 1096/2461/182 1094/2462/182
f 1092/2400/192 1087/2278/192 1091/2385/192
f 1092/2400/192 1088/2265/192 1087/2278/192
f 1092/956/194 1091/948/194 1095/947/194
f 1092/956/194 1095/947/194 1096/955/194
f 1093/2583/26 1097/2668/26 1101/2669/26
f 1093/2583/26 1101/2669/26 1109/2528/26
f 1096/2241/183 1098/2367/183 1094/2242/183
f 1096/2241/183 1100/2366/183 1098/2367/183
f 1096/2241/196 1095/2249/196 1099/2351/196
f 1096/2241/196 1099/2351/196 1100/2366/196
f 1098/2711/195 1093/2583/195 1094/2594/195
f 1098/2711/195 1097/2668/195 1093/2583/195
f 1098/2711/197 1101/2669/197 1097/2668/197
f 1098/2711/197 1102/2712/197 1101/2669/197
f 1099/939/3 1095/947/3 1091/948/3
f 1100/2366/184 1102/2450/184 1098/2367/184
f 1100/2366/184 1104/2449/184 1102/2450/184
f 1100/945/198 1099/939/198 1103/937/198
f 1100/945/198 1103/937/198 1104/935/198
f 1101/2669/26 1105/2584/26 1109/2528/26
f 1104/2289/185 1106/2426/185 1102/2290/185
f 1104/2289/185 1108/2425/185 1106/2426/185
f 1104/2289/200 1103/2310/200 1107/2411/200
f 1104/2289/200 1107/2411/200 1108/2425/200
f 1106/2595/199 1101/2669/199 1102/2712/199
f 1106/2595/199 1105/2584/199 1101/2669/199
f 1107/925/3 1099/939/3 1091/948/3
f 1107/925/3 1103/937/3 1099/939/3
f 1108/2425/186 1110/2474/186 1106/2426/186
f 1108/2425/186 1112/2473/186 1110/2474/186
f 1108/920/202 1107/925/202 1111/926/202
f 1108/920/202 1111/926/202 1112/921/202
f 1109/2528/26 1081/2501/26 1085/2500/26
f 1109/2528/26 1085/2500/26 1093/2583/26
f 111/2671/23 110/2676/23 114/2771/23
f 111/2671/23 114/2771/23 113/2767/23
f 1110/2524/201 1105/2584/201 1106/2595/201
f 1110/2524/201 1109/2528/201 1105/2584/201
f 1112/2263/181 1082/2409/181 1110/2264/181
f 1112/2263/181 1084/2408/181 1082/2409/181
f 1114/996/189 1117/986/189 1113/998/189
f 1114/996/189 1118/981/189 1117/986/189
f 1114/996/203 1113/998/203 1141/1005/203
f 1114/996/203 1141/1005/203 1142/1007/203
f 1115/1649/3 1143/1648/3 1139/1661/3
f 1116/1645/190 1115/1649/190 1119/1662/190
f 1116/1645/190 1119/1662/190 1120/1659/190
f 1116/2406/188 1118/2458/188 1114/2407/188
f 1116/2406/188 1120/2457/188 1118/2458/188
f 1116/2406/204 1143/2274/204 1115/2381/204
f 1116/2406/204 1144/2261/204 1143/2274/204
f 1117/986/26 1121/985/26 1125/997/26
f 112/2804/22 114/2831/22 119/2832/22
f 112/2804/22 119/2832/22 118/2805/22
f 112/2825/42 113/2767/42 114/2771/42
f 1120/2267/187 1122/2403/187 1118/2268/187
f 1120/2267/187 1124/2402/187 1122/2403/187
f 1120/2267/192 1119/2279/192 1123/2386/192
f 1120/2267/192 1123/2386/192 1124/2402/192
f 1122/980/191 1117/986/191 1118/981/191
f 1122/980/191 1121/985/191 1117/986/191
f 1123/1687/3 1115/1649/3 1139/1661/3
f 1123/1687/3 1119/1662/3 1115/1649/3
f 1124/2402/182 1126/2464/182 1122/2403/182
f 1124/2402/182 1128/2463/182 1126/2464/182
f 1125/997/26 1129/1004/26 1133/1010/26
f 1125/997/26 1133/1010/26 1141/1005/26
f 1126/995/193 1121/985/193 1122/980/193
f 1126/995/193 1125/997/193 1121/985/193
f 1128/1702/194 1123/1687/194 1127/1695/194
f 1128/1702/194 1124/1693/194 1123/1687/194
f 1128/2250/183 1130/2396/183 1126/2251/183
f 1128/2250/183 1132/2395/183 1130/2396/183
f 113/2767/1 100/2788/1 98/2680/1
f 113/2767/1 98/2680/1 111/2671/1
f 1130/1006/195 1125/997/195 1126/995/195
f 1130/1006/195 1129/1004/195 1125/997/195
f 1131/1694/3 1127/1695/3 1123/1687/3
f 1132/1701/198 1131/1694/198 1135/1686/198
f 1132/1701/198 1135/1686/198 1136/1692/198
f 1132/2395/184 1134/2456/184 1130/2396/184
f 1132/2395/184 1136/2455/184 1134/2456/184
f 1132/2395/196 1127/2273/196 1131/2376/196
f 1132/2395/196 1128/2250/196 1127/2273/196
f 1133/1010/26 1137/1011/26 1141/1005/26
f 1134/1013/197 1129/1004/197 1130/1006/197
f 1134/1013/197 1133/1010/197 1129/1004/197
f 1136/2269/185 1138/2405/185 1134/2270/185
f 1136/2269/185 1140/2404/185 1138/2405/185
f 1138/1014/199 1133/1010/199 1134/1013/199
f 1138/1014/199 1137/1011/199 1133/1010/199
f 1138/1014/201 1141/1005/201 1137/1011/201
f 1138/1014/201 1142/1007/201 1141/1005/201
f 1139/1661/3 1131/1694/3 1123/1687/3
f 1139/1661/3 1135/1686/3 1131/1694/3
f 1140/1658/202 1139/1661/202 1143/1648/202
f 1140/1658/202 1143/1648/202 1144/1644/202
f 1140/2404/186 1142/2466/186 1138/2405/186
f 1140/2404/186 1144/2465/186 1142/2466/186
f 1140/2404/200 1135/2280/200 1139/2387/200
f 1140/2404/200 1136/2269/200 1135/2280/200
f 1141/1005/26 1113/998/26 1117/986/26
f 1141/1005/26 1117/986/26 1125/997/26
f 1144/2261/181 1114/2407/181 1142/2262/181
f 1144/2261/181 1116/2406/181 1114/2407/181
f 1147/91/3 1175/90/3 1171/96/3
f 1148/2362/188 1150/2446/188 1146/2363/188
f 1148/2362/188 1152/2445/188 1150/2446/188
f 1149/2555/26 1153/2514/26 1157/2513/26
f 115/2592/43 116/2653/43 117/2648/43
f 115/2631/21 110/2579/21 109/2630/21
f 115/2631/21 117/2580/21 110/2579/21
f 115/2631/26 109/2630/26 97/2808/26
f 115/2631/26 97/2808/26 103/2809/26
f 1150/2534/189 1145/2644/189 1146/2667/189
f 1150/2534/189 1149/2555/189 1145/2644/189
f 1152/2297/187 1154/2432/187 1150/2298/187
f 1152/2297/187 1156/2431/187 1154/2432/187
f 1152/95/190 1147/91/190 1151/97/190
f 1152/95/190 1148/87/190 1147/91/190
f 1154/2504/191 1149/2555/191 1150/2534/191
f 1154/2504/191 1153/2514/191 1149/2555/191
f 1155/99/3 1147/91/3 1171/96/3
f 1155/99/3 1151/97/3 1147/91/3
f 1156/104/194 1155/99/194 1159/109/194
f 1156/104/194 1159/109/194 1160/111/194
f 1156/2431/182 1158/2480/182 1154/2432/182
f 1156/2431/182 1160/2479/182 1158/2480/182
f 1156/2431/192 1151/2313/192 1155/2418/192
f 1156/2431/192 1152/2297/192 1151/2313/192
f 1157/2513/26 1161/2554/26 1165/2643/26
f 1157/2513/26 1165/2643/26 1173/2722/26
f 1158/2503/193 1153/2514/193 1154/2504/193
f 1158/2503/193 1157/2513/193 1153/2514/193
f 1160/2233/183 1162/2361/183 1158/2234/183
f 1160/2233/183 1164/2360/183 1162/2361/183
f 1160/2233/196 1159/2245/196 1163/2348/196
f 1160/2233/196 1163/2348/196 1164/2360/196
f 1162/2533/195 1157/2513/195 1158/2503/195
f 1162/2533/195 1161/2554/195 1157/2513/195
f 1163/108/3 1159/109/3 1155/99/3
f 1164/110/198 1163/108/198 1167/98/198
f 1164/110/198 1167/98/198 1168/103/198
f 1164/2360/184 1166/2444/184 1162/2361/184
f 1164/2360/184 1168/2443/184 1166/2444/184
f 1165/2643/26 1169/2721/26 1173/2722/26
f 1166/2666/197 1161/2554/197 1162/2533/197
f 1166/2666/197 1165/2643/197 1161/2554/197
f 1166/2666/199 1169/2721/199 1165/2643/199
f 1166/2666/199 1170/2738/199 1169/2721/199
f 1168/2287/185 1170/2424/185 1166/2288/185
f 1168/2287/185 1172/2423/185 1170/2424/185
f 1168/2287/200 1167/2309/200 1171/2410/200
f 1168/2287/200 1171/2410/200 1172/2423/200
f 117/2648/20 116/2653/20 120/2753/20
f 117/2648/20 120/2753/20 119/2748/20
f 1170/2738/201 1173/2722/201 1169/2721/201
f 1170/2738/201 1174/2739/201 1173/2722/201
f 1171/96/3 1163/108/3 1155/99/3
f 1171/96/3 1167/98/3 1163/108/3
f 1172/2423/186 1174/2472/186 1170/2424/186
f 1172/2423/186 1176/2471/186 1174/2472/186
f 1172/94/202 1171/96/202 1175/90/202
f 1172/94/202 1175/90/202 1176/86/202
f 1173/2722/26 1145/2644/26 1149/2555/26
f 1173/2722/26 1149/2555/26 1157/2513/26
f 1174/2739/203 1145/2644/203 1173/2722/203
f 1174/2739/203 1146/2667/203 1145/2644/203
f 1176/2237/181 1146/2363/181 1174/2238/181
f 1176/2237/181 1148/2362/181 1146/2363/181
f 1176/2237/204 1147/2349/204 1148/2362/204
f 1176/2237/204 1175/2247/204 1147/2349/204
f 118/2805/19 107/2628/19 106/2627/19
f 118/2805/19 120/2806/19 107/2628/19
f 118/2822/44 119/2748/44 120/2753/44
f 119/2748/2 110/2658/2 117/2648/2
f 119/2748/2 114/2758/2 110/2658/2
f 121/2232/37 122/2255/37 123/2254/37
f 121/2663/14 123/2701/14 128/2702/14
f 121/2663/14 128/2702/14 127/2664/14
f 124/2393/15 123/2254/15 122/2255/15
f 124/2393/15 126/2392/15 123/2254/15
f 124/2393/38 125/2433/38 126/2392/38
f 125/2056/25 124/2055/25 137/2088/25
f 125/2056/25 137/2088/25 136/2089/25
f 1250/1390/259 1249/1387/259 1277/1377/259
f 1250/1390/259 1277/1377/259 1278/1376/259
f 1251/2331/3 1279/2330/3 1275/2379/3
f 1252/1386/244 1254/1401/244 1250/1390/244
f 1252/1386/244 1256/1396/244 1254/1401/244
f 1252/2296/246 1251/2331/246 1255/2380/246
f 1252/2296/246 1255/2380/246 1256/2375/246
f 1253/185/26 1257/181/26 1261/167/26
f 1254/1547/243 1256/1555/243 1260/1562/243
f 1254/1547/243 1260/1562/243 1258/1566/243
f 1254/1547/247 1257/1565/247 1253/1551/247
f 1254/1547/247 1258/1566/247 1257/1565/247
f 1254/189/245 1249/195/245 1250/197/245
f 1254/189/245 1253/185/245 1249/195/245
f 1256/2375/248 1255/2380/248 1259/2440/248
f 1256/2375/248 1259/2440/248 1260/2454/248
f 1259/2440/3 1251/2331/3 1275/2379/3
f 1259/2440/3 1255/2380/3 1251/2331/3
f 126/2392/4 128/2260/4 123/2254/4
f 126/2392/4 132/2394/4 128/2260/4
f 1260/1562/238 1262/1571/238 1258/1566/238
f 1260/1562/238 1264/1570/238 1262/1571/238
f 1260/2454/250 1259/2440/250 1263/2468/250
f 1260/2454/250 1263/2468/250 1264/2482/250
f 1261/167/26 1265/166/26 1269/180/26
f 1261/167/26 1269/180/26 1277/194/26
f 1262/1424/239 1264/1426/239 1268/1430/239
f 1262/1424/239 1268/1430/239 1266/1433/239
f 1262/165/249 1257/181/249 1258/177/249
f 1262/165/249 1261/167/249 1257/181/249
f 1264/2482/252 1263/2468/252 1267/2467/252
f 1264/2482/252 1267/2467/252 1268/2481/252
f 1266/1433/251 1261/1425/251 1262/1424/251
f 1266/1433/251 1265/1432/251 1261/1425/251
f 1267/2467/3 1263/2468/3 1259/2440/3
f 1268/1430/240 1270/1440/240 1266/1433/240
f 1268/1430/240 1272/1439/240 1270/1440/240
f 1268/2481/254 1267/2467/254 1271/2439/254
f 1268/2481/254 1271/2439/254 1272/2453/254
f 1269/180/26 1273/184/26 1277/194/26
f 127/2600/39 128/2675/39 129/2670/39
f 127/2664/18 129/2665/18 140/2518/18
f 127/2664/18 140/2518/18 139/2517/18
f 1270/1471/255 1273/1479/255 1269/1472/255
f 1270/1471/255 1274/1480/255 1273/1479/255
f 1270/176/253 1265/166/253 1266/164/253
f 1270/176/253 1269/180/253 1265/166/253
f 1272/1473/241 1274/1480/241 1270/1471/241
f 1272/1473/241 1276/1478/241 1274/1480/241
f 1275/2379/3 1267/2467/3 1259/2440/3
f 1275/2379/3 1271/2439/3 1267/2467/3
f 1276/1478/242 1278/1508/242 1274/1480/242
f 1276/1478/242 1280/1495/242 1278/1508/242
f 1276/2374/256 1271/2439/256 1275/2379/256
f 1276/2374/256 1272/2453/256 1271/2439/256
f 1276/2374/258 1275/2379/258 1279/2330/258
f 1276/2374/258 1279/2330/258 1280/2295/258
f 1277/194/26 1249/195/26 1253/185/26
f 1277/194/26 1253/185/26 1261/167/26
f 1278/196/257 1273/184/257 1274/188/257
f 1278/196/257 1277/194/257 1273/184/257
f 1280/1379/237 1250/1390/237 1278/1376/237
f 1280/1379/237 1252/1386/237 1250/1390/237
f 1280/2295/260 1251/2331/260 1252/2296/260
f 1280/2295/260 1279/2330/260 1251/2331/260
f 129/2670/17 128/2675/17 132/2770/17
f 129/2670/17 132/2770/17 131/2766/17
f 130/2057/16 126/2011/16 125/2056/16
f 130/2057/16 132/2012/16 126/2011/16
f 130/2057/3 125/2056/3 136/2089/3
f 130/2057/3 136/2089/3 142/2090/3
f 130/2824/40 131/2766/40 132/2770/40
f 131/2766/5 140/2679/5 129/2670/5
f 131/2766/5 144/2787/5 140/2679/5
f 133/2516/24 122/2662/24 121/2663/24
f 133/2516/24 135/2515/24 122/2662/24
f 133/2827/41 134/2790/41 135/2792/41
f 135/2792/23 134/2790/23 138/2682/23
f 135/2792/23 138/2682/23 137/2684/23
f 136/2089/22 138/2097/22 143/2098/22
f 136/2089/22 143/2098/22 142/2090/22
f 136/2603/42 137/2684/42 138/2682/42
f 137/2684/1 122/2773/1 135/2792/1
f 137/2684/1 124/2674/1 122/2773/1
f 139/2517/21 134/2505/21 133/2516/21
f 139/2517/21 141/2506/21 134/2505/21
f 139/2517/26 121/2663/26 127/2664/26
f 139/2517/26 133/2516/26 121/2663/26
f 139/2591/43 140/2652/43 141/2647/43
f 141/2647/20 140/2652/20 144/2752/20
f 141/2647/20 144/2752/20 143/2747/20
f 142/2090/19 131/2058/19 130/2057/19
f 142/2090/19 144/2091/19 131/2058/19
f 142/2821/44 143/2747/44 144/2752/44
f 143/2747/2 134/2657/2 141/2647/2
f 143/2747/2 138/2757/2 134/2657/2
f 145/1809/37 146/1819/37 147/1818/37
f 145/2816/14 147/2837/14 152/2838/14
f 145/2816/14 152/2838/14 151/2817/14
f 148/1959/15 147/1818/15 146/1819/15
f 148/1959/15 150/1958/15 147/1818/15
f 148/1959/38 149/1961/38 150/1958/38
f 149/2634/25 148/2633/25 161/2811/25
f 149/2634/25 161/2811/25 160/2812/25
f 150/1958/4 152/1820/4 147/1818/4
f 150/1958/4 156/1960/4 152/1820/4
f 151/2602/39 152/2677/39 153/2672/39
f 151/2817/18 153/2818/18 164/2640/18
f 151/2817/18 164/2640/18 163/2639/18
f 153/2672/17 152/2677/17 156/2772/17
f 153/2672/17 156/2772/17 155/2768/17
f 154/2635/16 150/2585/16 149/2634/16
f 154/2635/16 156/2586/16 150/2585/16
f 154/2635/3 149/2634/3 160/2812/3
f 154/2635/3 160/2812/3 166/2813/3
f 154/2826/40 155/2768/40 156/2772/40
f 155/2768/5 164/2681/5 153/2672/5
f 155/2768/5 168/2789/5 164/2681/5
f 157/1494/41 158/1506/41 159/1505/41
f 157/2638/24 146/2815/24 145/2816/24
f 157/2638/24 159/2637/24 146/2815/24
f 159/1505/23 158/1506/23 162/1527/23
f 159/1505/23 162/1527/23 161/1526/23
f 160/1532/42 161/1526/42 162/1527/42
f 160/2812/22 162/2835/22 167/2836/22
f 160/2812/22 167/2836/22 166/2813/22
f 161/1526/1 146/1507/1 159/1505/1
f 161/1526/1 148/1528/1 146/1507/1
f 163/2590/43 164/2651/43 165/2646/43
f 163/2639/21 158/2587/21 157/2638/21
f 163/2639/21 165/2588/21 158/2587/21
f 163/2639/26 145/2816/26 151/2817/26
f 163/2639/26 157/2638/26 145/2816/26
f 165/2646/20 164/2651/20 168/2751/20
f 165/2646/20 168/2751/20 167/2746/20
f 166/2813/19 155/2636/19 154/2635/19
f 166/2813/19 168/2814/19 155/2636/19
f 166/2820/44 167/2746/44 168/2751/44
f 167/2746/2 158/2656/2 165/2646/2
f 167/2746/2 162/2756/2 158/2656/2
f 265/2201/14 267/2200/14 272/2338/14
f 265/2201/14 272/2338/14 271/2339/14
f 265/483/57 266/488/57 267/487/57
f 268/509/15 267/487/15 266/488/15
f 268/509/15 270/508/15 267/487/15
f 268/509/7 269/512/7 270/508/7
f 269/2172/25 268/2136/25 281/2135/25
f 269/2172/25 281/2135/25 280/2171/25
f 270/508/4 272/491/4 267/487/4
f 270/508/4 276/510/4 272/491/4
f 271/2339/18 273/2377/18 284/2378/18
f 271/2339/18 284/2378/18 283/2340/18
f 271/419/50 272/421/50 273/420/50
f 273/420/17 272/421/17 276/432/17
f 273/420/17 276/432/17 275/431/17
f 274/2285/16 270/2173/16 269/2172/16
f 274/2285/16 276/2286/16 270/2173/16
f 274/2285/3 269/2172/3 280/2171/3
f 274/2285/3 280/2171/3 286/2284/3
f 274/441/58 275/431/58 276/432/58
f 275/431/5 284/422/5 273/420/5
f 275/431/5 288/433/5 284/422/5
f 277/2202/24 266/2180/24 265/2201/24
f 277/2202/24 279/2181/24 266/2180/24
f 277/451/53 278/455/53 279/454/53
f 279/454/23 278/455/23 282/470/23
f 279/454/23 282/470/23 281/469/23
f 280/2171/22 282/2170/22 287/2283/22
f 280/2171/22 287/2283/22 286/2284/22
f 280/472/11 281/469/11 282/470/11
f 281/469/1 266/456/1 279/454/1
f 281/469/1 268/471/1 266/456/1
f 283/2340/21 278/2203/21 277/2202/21
f 283/2340/21 285/2341/21 278/2203/21
f 283/2340/26 265/2201/26 271/2339/26
f 283/2340/26 277/2202/26 265/2201/26
f 283/881/52 284/887/52 285/886/52
f 285/886/20 284/887/20 288/904/20
f 285/886/20 288/904/20 287/903/20
f 286/2284/19 275/2337/19 274/2285/19
f 286/2284/19 288/2336/19 275/2337/19
f 286/912/59 287/903/59 288/904/59
f 287/903/2 278/888/2 285/886/2
f 287/903/2 282/905/2 278/888/2
f 313/569/37 314/572/37 315/571/37
f 313/720/14 315/719/14 320/753/14
f 313/720/14 320/753/14 319/754/14
f 316/583/15 315/571/15 314/572/15
f 316/583/15 318/582/15 315/571/15
f 316/583/38 317/587/38 318/582/38
f 317/1204/25 316/1195/25 329/1194/25
f 317/1204/25 329/1194/25 328/1203/25
f 318/582/4 320/573/4 315/571/4
f 318/582/4 324/584/4 320/573/4
f 319/56/63 320/69/63 321/68/63
f 319/754/18 321/764/18 332/765/18
f 319/754/18 332/765/18 331/755/18
f 321/68/17 320/69/17 324/72/17
f 321/68/17 324/72/17 323/71/17
f 322/1241/16 318/1205/16 317/1204/16
f 322/1241/16 324/1242/16 318/1205/16
f 322/1241/3 317/1204/3 328/1203/3
f 322/1241/3 328/1203/3 334/1240/3
f 322/76/40 323/71/40 324/72/40
f 323/71/5 332/70/5 321/68/5
f 323/71/5 336/73/5 332/70/5
f 325/1109/41 326/1120/41 327/1119/41
f 325/721/24 314/714/24 313/720/24
f 325/721/24 327/715/24 314/714/24
f 327/1119/23 326/1120/23 330/1137/23
f 327/1119/23 330/1137/23 329/1136/23
f 328/1140/42 329/1136/42 330/1137/42
f 328/1203/22 330/1202/22 335/1239/22
f 328/1203/22 335/1239/22 334/1240/22
f 329/1136/1 314/1121/1 327/1119/1
f 329/1136/1 316/1138/1 314/1121/1
f 331/610/55 332/617/55 333/615/55
f 331/755/21 326/722/21 325/721/21
f 331/755/21 333/756/21 326/722/21
f 331/755/26 313/720/26 319/754/26
f 331/755/26 325/721/26 313/720/26
f 333/615/20 332/617/20 336/625/20
f 333/615/20 336/625/20 335/624/20
f 334/1240/19 323/1251/19 322/1241/19
f 334/1240/19 336/1250/19 323/1251/19
f 334/630/44 335/624/44 336/625/44
f 335/624/2 326/618/2 333/615/2
f 335/624/2 330/626/2 326/618/2
f 385/1041/14 387/1040/14 392/1062/14
f 385/1041/14 392/1062/14 391/1063/14
f 385/532/57 386/537/57 387/536/57
f 388/543/15 387/536/15 386/537/15
f 388/543/15 390/542/15 387/536/15
f 388/543/7 389/545/7 390/542/7
f 389/2221/25 388/2213/25 401/2212/25
f 389/2221/25 401/2212/25 400/2220/25
f 390/542/4 392/538/4 387/536/4
f 390/542/4 396/544/4 392/538/4
f 391/1063/18 393/1069/18 404/1070/18
f 391/1063/18 404/1070/18 403/1064/18
f 391/2110/50 392/2134/50 393/2133/50
f 393/2133/17 392/2134/17 396/2210/17
f 393/2133/17 396/2210/17 395/2209/17
f 394/2218/58 395/2209/58 396/2210/58
f 394/2421/16 390/2222/16 389/2221/16
f 394/2421/16 396/2422/16 390/2222/16
f 394/2421/3 389/2221/3 400/2220/3
f 394/2421/3 400/2220/3 406/2420/3
f 395/2209/5 404/2139/5 393/2133/5
f 395/2209/5 408/2211/5 404/2139/5
f 397/1042/24 386/1034/24 385/1041/24
f 397/1042/24 399/1035/24 386/1034/24
f 397/348/53 398/353/53 399/352/53
f 399/352/23 398/353/23 402/365/23
f 399/352/23 402/365/23 401/364/23
f 400/2220/22 402/2219/22 407/2419/22
f 400/2220/22 407/2419/22 406/2420/22
f 400/371/11 401/364/11 402/365/11
f 401/364/1 386/354/1 399/352/1
f 401/364/1 388/366/1 386/354/1
f 403/1064/21 398/1043/21 397/1042/21
f 403/1064/21 405/1065/21 398/1043/21
f 403/1064/26 385/1041/26 391/1063/26
f 403/1064/26 397/1042/26 385/1041/26
f 403/1579/52 404/1586/52 405/1585/52
f 405/1585/20 404/1586/20 408/1589/20
f 405/1585/20 408/1589/20 407/1588/20
f 406/1591/59 407/1588/59 408/1589/59
f 406/2420/19 395/2452/19 394/2421/19
f 406/2420/19 408/2451/19 395/2452/19
f 407/1588/2 398/1587/2 405/1585/2
f 407/1588/2 402/1590/2 398/1587/2
f 433/647/37 434/652/37 435/651/37
f 433/840/14 435/839/14 440/867/14
f 433/840/14 440/867/14 439/868/14
f 436/664/15 435/651/15 434/652/15
f 436/664/15 438/663/15 435/651/15
f 436/664/38 437/687/38 438/663/38
f 437/2258/25 436/2231/25 449/2230/25
f 437/2258/25 449/2230/25 448/2257/25
f 438/663/4 440/653/4 435/651/4
f 438/663/4 444/665/4 440/653/4
f 439/2397/63 440/2437/63 441/2436/63
f 439/868/18 441/872/18 452/873/18
f 439/868/18 452/873/18 451/869/18
f 441/2436/17 440/2437/17 444/2492/17
f 441/2436/17 444/2492/17 443/2491/17
f 442/2487/16 438/2259/16 437/2258/16
f 442/2487/16 444/2488/16 438/2259/16
f 442/2487/3 437/2258/3 448/2257/3
f 442/2487/3 448/2257/3 454/2486/3
f 442/2502/40 443/2491/40 444/2492/40
f 443/2491/5 452/2438/5 441/2436/5
f 443/2491/5 456/2497/5 452/2438/5
f 445/385/41 446/389/41 447/388/41
f 445/841/24 434/833/24 433/840/24
f 445/841/24 447/834/24 434/833/24
f 447/388/23 446/389/23 450/399/23
f 447/388/23 450/399/23 449/398/23
f 448/2257/22 450/2256/22 455/2485/22
f 448/2257/22 455/2485/22 454/2486/22
f 448/403/42 449/398/42 450/399/42
f 449/398/1 434/392/1 447/388/1
f 449/398/1 436/400/1 434/392/1
f 451/2069/55 452/2074/55 453/2073/55
f 451/869/21 446/842/21 445/841/21
f 451/869/21 453/870/21 446/842/21
f 451/869/26 433/840/26 439/868/26
f 451/869/26 445/841/26 433/840/26
f 453/2073/20 452/2074/20 456/2095/20
f 453/2073/20 456/2095/20 455/2094/20
f 454/2099/44 455/2094/44 456/2095/44
f 454/2486/19 443/2499/19 442/2487/19
f 454/2486/19 456/2498/19 443/2499/19
f 455/2094/2 446/2075/2 453/2073/2
f 455/2094/2 450/2096/2 446/2075/2
f 673/1404/6 674/1398/6 675/1408/6
f 673/761/14 675/760/14 680/815/14
f 673/761/14 680/815/14 679/816/14
f 676/1397/15 675/1408/15 674/1398/15
f 676/1397/15 678/1407/15 675/1408/15
f 676/1397/64 677/1403/64 678/1407/64
f 677/706/25 676/703/25 689/702/25
f 677/706/25 689/702/25 688/705/25
f 678/1407/4 680/1419/4 675/1408/4
f 678/1407/4 684/1418/4 680/1419/4
f 679/701/8 680/697/8 681/698/8
f 679/816/18 681/823/18 692/824/18
f 679/816/18 692/824/18 691/817/18
f 681/698/17 680/697/17 684/661/17
f 681/698/17 684/661/17 683/662/17
f 682/656/65 683/662/65 684/661/65
f 682/726/16 678/707/16 677/706/16
f 682/726/16 684/727/16 678/707/16
f 682/726/3 677/706/3 688/705/3
f 682/726/3 688/705/3 694/725/3
f 683/662/5 692/688/5 681/698/5
f 683/662/5 696/655/5 692/688/5
f 685/1032/10 686/1030/10 687/1031/10
f 685/762/24 674/757/24 673/761/24
f 685/762/24 687/758/24 674/757/24
f 687/1031/23 686/1030/23 690/1023/23
f 687/1031/23 690/1023/23 689/1024/23
f 688/1022/66 689/1024/66 690/1023/66
f 688/705/22 690/704/22 695/724/22
f 688/705/22 695/724/22 694/725/22
f 689/1024/1 674/1029/1 687/1031/1
f 689/1024/1 676/1021/1 674/1029/1
f 691/2217/12 692/2215/12 693/2224/12
f 691/817/21 686/763/21 685/762/21
f 691/817/21 693/818/21 686/763/21
f 691/817/26 673/761/26 679/816/26
f 691/817/26 685/762/26 673/761/26
f 693/2224/20 692/2215/20 696/2214/20
f 693/2224/20 696/2214/20 695/2223/20
f 694/2216/62 695/2223/62 696/2214/62
f 694/725/19 683/735/19 682/726/19
f 694/725/19 696/734/19 683/735/19
f 695/2223/2 686/2229/2 693/2224/2
f 695/2223/2 690/2228/2 686/2229/2
f 73/2081/14 75/2092/14 80/2093/14
f 73/2081/14 80/2093/14 79/2082/14
f 73/2547/37 74/2575/37 75/2574/37
f 76/2720/15 75/2574/15 74/2575/15
f 76/2720/15 78/2719/15 75/2574/15
f 76/2720/38 77/2740/38 78/2719/38
f 77/1750/25 76/1749/25 89/1774/25
f 77/1750/25 89/1774/25 88/1775/25
f 78/2719/4 80/2576/4 75/2574/4
f 78/2719/4 84/2723/4 80/2576/4
f 79/2082/18 81/2083/18 92/2032/18
f 79/2082/18 92/2032/18 91/2031/18
f 79/2604/39 80/2678/39 81/2673/39
f 81/2673/17 80/2678/17 84/2774/17
f 81/2673/17 84/2774/17 83/2769/17
f 82/1751/16 78/1731/16 77/1750/16
f 82/1751/16 84/1732/16 78/1731/16
f 82/1751/3 77/1750/3 88/1775/3
f 82/1751/3 88/1775/3 94/1776/3
f 82/2828/40 83/2769/40 84/2774/40
f 83/2769/5 92/2683/5 81/2673/5
f 83/2769/5 96/2791/5 92/2683/5
f 85/2030/24 74/2080/24 73/2081/24
f 85/2030/24 87/2029/24 74/2080/24
f 85/2618/41 86/2688/41 87/2686/41
f 87/2686/23 86/2688/23 90/2796/23
f 87/2686/23 90/2796/23 89/2794/23
f 88/1775/22 90/1783/22 95/1784/22
f 88/1775/22 95/1784/22 94/1776/22
f 88/2830/42 89/2794/42 90/2796/42
f 89/2794/1 74/2690/1 87/2686/1
f 89/2794/1 76/2798/1 74/2690/1
f 91/2031/21 86/1976/21 85/2030/21
f 91/2031/21 93/1977/21 86/1976/21
f 91/2031/26 73/2081/26 79/2082/26
f 91/2031/26 85/2030/26 73/2081/26
f 91/2593/43 92/2654/43 93/2649/43
f 913/1972/37 914/2001/37 915/1985/37
f 913/836/14 915/835/14 920/906/14
f 913/836/14 920/906/14 919/907/14
f 916/2060/15 915/1985/15 914/2001/15
f 916/2060/15 918/2059/15 915/1985/15
f 916/2060/38 917/2063/38 918/2059/38
f 917/63/25 916/54/25 929/53/25
f 917/63/25 929/53/25 928/62/25
f 918/2059/4 920/2006/4 915/1985/4
f 918/2059/4 924/2061/4 920/2006/4
f 919/1107/39 920/1113/39 921/1111/39
f 919/907/18 921/913/18 932/914/18
f 919/907/18 932/914/18 931/908/18
f 921/1111/17 920/1113/17 924/1131/17
f 921/1111/17 924/1131/17 923/1130/17
f 922/1133/40 923/1130/40 924/1131/40
f 922/114/16 918/64/16 917/63/16
f 922/114/16 924/115/16 918/64/16
f 922/114/3 917/63/3 928/62/3
f 922/114/3 928/62/3 934/113/3
f 923/1130/5 932/1118/5 921/1111/5
f 923/1130/5 936/1132/5 932/1118/5
f 925/1606/41 926/1609/41 927/1610/41
f 925/837/24 914/830/24 913/836/24
f 925/837/24 927/831/24 914/830/24
f 927/1610/23 926/1609/23 930/1618/23
f 927/1610/23 930/1618/23 929/1616/23
f 928/1624/42 929/1616/42 930/1618/42
f 928/62/22 930/61/22 935/112/22
f 928/62/22 935/112/22 934/113/22
f 929/1616/1 914/1611/1 927/1610/1
f 929/1616/1 916/1621/1 914/1611/1
f 93/2649/20 92/2654/20 96/2754/20
f 93/2649/20 96/2754/20 95/2749/20
f 931/1655/43 932/1663/43 933/1664/43
f 931/908/21 926/838/21 925/837/21
f 931/908/21 933/909/21 926/838/21
f 931/908/26 913/836/26 919/907/26
f 931/908/26 925/837/26 913/836/26
f 933/1664/20 932/1663/20 936/1682/20
f 933/1664/20 936/1682/20 935/1681/20
f 934/113/19 923/117/19 922/114/19
f 934/113/19 936/116/19 923/117/19
f 934/1684/44 935/1681/44 936/1682/44
f 935/1681/2 926/1665/2 933/1664/2
f 935/1681/2 930/1683/2 926/1665/2
f 94/1776/19 83/1752/19 82/1751/19
f 94/1776/19 96/1777/19 83/1752/19
f 94/2823/44 95/2749/44 96/2754/44
f 95/2749/2 86/2659/2 93/2649/2
f 95/2749/2 90/2759/2 86/2659/2
f 97/2589/37 98/2650/37 99/2645/37
f 97/2808/14 104/2834/14 103/2809/14
f 97/2808/14 99/2833/14 104/2834/14
f 971/1323/3 1007/1318/3 1003/1310/3
f 972/1325/161 971/1323/161 975/1322/161
f 972/1325/161 975/1322/161 976/1324/161
f 972/1325/179 1007/1318/179 971/1323/179
f 972/1325/179 1008/1321/179 1007/1318/179
f 972/862/159 974/874/159 970/866/159
f 972/862/159 976/871/159 974/874/159
f 973/410/26 977/407/26 981/408/26
f 974/409/160 969/416/160 970/415/160
f 974/409/160 973/410/160 969/416/160
f 976/1324/163 979/1317/163 980/1320/163
f 976/1324/180 975/1322/180 979/1317/180
f 976/1515/158 978/1531/158 974/1498/158
f 976/1515/158 980/1529/158 978/1531/158
f 978/1531/162 973/1502/162 974/1498/162
f 978/1531/162 977/1530/162 973/1502/162
f 979/1317/3 971/1323/3 1003/1310/3
f 979/1317/3 975/1322/3 971/1323/3
f 980/1529/151 982/1548/151 978/1531/151
f 980/1529/151 984/1543/151 982/1548/151
f 981/408/26 985/414/26 989/425/26
f 981/408/26 989/425/26 997/445/26
f 981/408/26 997/445/26 1005/429/26
f 982/1548/164 977/1530/164 978/1531/164
f 982/1548/164 981/1546/164 977/1530/164
f 984/1046/152 986/1048/152 982/1033/152
f 984/1046/152 988/1051/152 986/1048/152
f 984/1308/165 979/1317/165 983/1309/165
f 984/1308/165 980/1320/165 979/1317/165
f 986/1048/168 989/1060/168 985/1049/168
f 986/1048/168 990/1061/168 989/1060/168
f 986/411/166 981/408/166 982/406/166
f 986/411/166 985/414/166 981/408/166
f 987/1297/3 983/1309/3 979/1317/3
f 988/1051/153 990/1061/153 986/1048/153
f 988/1051/153 992/1059/153 990/1061/153
f 988/1283/167 983/1309/167 987/1297/167
f 988/1283/167 984/1308/167 983/1309/167
f 988/1283/169 987/1297/169 991/1265/169
f 988/1283/169 991/1265/169 992/1261/169
f 989/425/26 993/438/26 997/445/26
f 992/1059/154 994/1075/154 990/1061/154
f 992/1059/154 996/1068/154 994/1075/154
f 994/440/170 989/425/170 990/426/170
f 994/440/170 993/438/170 989/425/170
f 995/1266/3 991/1265/3 987/1297/3
f 996/1262/171 991/1265/171 995/1266/171
f 996/1262/171 992/1261/171 991/1265/171
f 996/1434/155 1000/1443/155 998/1445/155
f 996/1434/155 998/1445/155 994/1427/155
f 997/445/26 1001/444/26 1005/429/26
f 998/1445/172 993/1431/172 994/1427/172
f 998/1445/172 997/1444/172 993/1431/172
f 998/1445/174 1001/1467/174 997/1444/174
f 998/1445/174 1002/1470/174 1001/1467/174
usemtl MMO_teal
f 1202/2148/235 1201/2159/235 1245/2121/235
f 1202/2148/235 1245/2121/235 1246/2108/235
f 1202/2317/213 1205/2307/213 1201/2302/213
f 1202/2317/213 1206/2334/213 1205/2307/213
f 1203/1743/1 1247/1765/1 1243/1772/1
f 1204/1735/214 1203/1743/214 1207/1727/214
f 1204/1735/214 1207/1727/214 1208/1723/214
f 1204/2344/212 1206/2334/212 1202/2317/212
f 1204/2344/212 1208/2356/212 1206/2334/212
f 1204/2344/236 1247/2354/236 1203/2370/236
f 1204/2344/236 1248/2332/236 1247/2354/236
f 1205/2207/5 1209/2226/5 1213/2243/5
f 1206/316/215 1209/317/215 1205/312/215
f 1206/316/215 1210/321/215 1209/317/215
f 1208/1723/216 1207/1727/216 1211/1728/216
f 1208/1723/216 1211/1728/216 1212/1724/216
f 1208/2356/22 1210/2345/22 1206/2334/22
f 1208/2356/22 1212/2371/22 1210/2345/22
f 1211/1728/1 1203/1743/1 1243/1772/1
f 1211/1728/1 1207/1727/1 1203/1743/1
f 1212/324/206 1214/323/206 1210/321/206
f 1212/324/206 1216/326/206 1214/323/206
f 1213/2243/5 1217/2275/5 1221/2276/5
f 1213/2243/5 1221/2276/5 1229/2227/5
f 1213/2243/5 1229/2227/5 1245/2121/5
f 1214/323/217 1209/317/217 1210/321/217
f 1214/323/217 1213/320/217 1209/317/217
f 1216/1736/218 1211/1728/218 1215/1744/218
f 1216/1736/218 1212/1724/218 1211/1728/218
f 1216/326/207 1218/322/207 1214/323/207
f 1216/326/207 1220/325/207 1218/322/207
f 1218/322/219 1213/320/219 1214/323/219
f 1218/322/219 1217/318/219 1213/320/219
f 1218/322/221 1221/313/221 1217/318/221
f 1218/322/221 1222/319/221 1221/313/221
f 1219/1766/1 1215/1744/1 1211/1728/1
f 1220/1764/220 1215/1744/220 1219/1766/220
f 1220/1764/220 1216/1736/220 1215/1744/220
f 1220/1764/222 1219/1766/222 1223/1773/222
f 1220/1764/222 1223/1773/222 1224/1771/222
f 1220/2304/21 1222/2333/21 1218/2319/21
f 1220/2304/21 1224/2306/21 1222/2333/21
f 1221/2276/5 1225/2244/5 1229/2227/5
f 1222/2333/223 1225/2373/223 1221/2355/223
f 1222/2333/223 1226/2347/223 1225/2373/223
f 1224/1771/224 1223/1773/224 1227/1794/224
f 1224/1771/224 1227/1794/224 1228/1796/224
f 1224/2306/208 1226/2347/208 1222/2333/208
f 1224/2306/208 1228/2318/208 1226/2347/208
f 1227/1794/1 1219/1766/1 1211/1728/1
f 1227/1794/1 1223/1773/1 1219/1766/1
f 1228/2318/209 1230/2357/209 1226/2347/209
f 1228/2318/209 1232/2335/209 1230/2357/209
f 1229/2227/5 1233/2208/5 1237/2160/5
f 1229/2227/5 1237/2160/5 1245/2121/5
f 1230/2225/225 1225/2244/225 1226/2246/225
f 1230/2225/225 1229/2227/225 1225/2244/225
f 1232/2335/14 1234/2372/14 1230/2357/14
f 1232/2335/14 1236/2346/14 1234/2372/14
f 1232/2335/226 1227/2303/226 1231/2308/226
f 1232/2335/226 1228/2318/226 1227/2303/226
f 1234/2206/227 1229/2227/227 1230/2225/227
f 1234/2206/227 1233/2208/227 1229/2227/227
f 1234/2206/229 1237/2160/229 1233/2208/229
f 1234/2206/229 1238/2149/229 1237/2160/229
f 1235/1797/1 1231/1798/1 1227/1794/1
f 1236/1930/210 1238/1952/210 1234/1951/210
f 1236/1930/210 1240/1931/210 1238/1952/210
f 1236/1930/228 1231/1826/228 1235/1859/228
f 1236/1930/228 1232/1860/228 1231/1826/228
f 1236/1930/230 1235/1859/230 1239/1891/230
f 1236/1930/230 1239/1891/230 1240/1931/230
f 1237/2160/5 1241/2122/5 1245/2121/5
f 1240/1931/211 1242/1950/211 1238/1952/211
f 1240/1931/211 1244/1929/211 1242/1950/211
f 1242/2109/231 1237/2160/231 1238/2149/231
f 1242/2109/231 1241/2122/231 1237/2160/231
f 1243/1772/1 1227/1794/1 1211/1728/1
f 1243/1772/1 1235/1797/1 1227/1794/1
f 1243/1772/1 1239/1793/1 1235/1797/1
f 1244/1929/232 1239/1891/232 1243/1858/232
f 1244/1929/232 1240/1931/232 1239/1891/232
f 1244/2316/16 1246/2305/16 1242/2301/16
f 1244/2316/16 1248/2332/16 1246/2305/16
f 1245/2121/5 1201/2159/5 1205/2207/5
f 1245/2121/5 1205/2207/5 1213/2243/5
f 1246/2108/233 1241/2122/233 1242/2109/233
f 1246/2108/233 1245/2121/233 1241/2122/233
f 1248/1857/234 1243/1858/234 1247/1825/234
f 1248/1857/234 1244/1929/234 1243/1858/234
f 1248/2332/205 1202/2317/205 1246/2305/205
f 1248/2332/205 1204/2344/205 1202/2317/205
f 593/730/1 633/740/1 670/741/1
f 593/730/1 670/741/1 630/737/1
f 593/730/135 595/708/135 634/716/135
f 593/730/135 634/716/135 633/740/135
f 593/730/95 594/723/95 595/708/95
f 596/519/2 594/527/2 632/530/2
f 596/519/2 632/530/2 628/521/2
f 596/627/103 595/684/103 594/682/103
f 596/627/103 597/629/103 595/684/103
f 597/629/79 634/683/79 595/684/79
f 597/629/79 637/628/79 634/683/79
f 598/501/2 596/519/2 628/521/2
f 598/501/2 628/521/2 626/503/2
f 598/597/104 597/629/104 596/627/104
f 598/597/104 599/602/104 597/629/104
f 599/602/80 637/628/80 597/629/80
f 599/602/80 639/601/80 637/628/80
f 600/489/2 598/501/2 626/503/2
f 600/489/2 626/503/2 624/495/2
f 600/548/105 599/602/105 598/597/105
f 600/548/105 601/552/105 599/602/105
f 601/552/81 639/601/81 599/602/81
f 601/552/81 641/551/81 639/601/81
f 602/484/2 600/489/2 624/495/2
f 602/484/2 624/495/2 622/486/2
f 602/516/106 601/552/106 600/548/106
f 602/516/106 603/515/106 601/552/106
f 602/516/107 604/476/107 605/474/107
f 602/516/107 605/474/107 603/515/107
f 603/515/82 641/551/82 601/552/82
f 603/515/82 643/514/82 641/551/82
f 604/490/108 606/502/108 607/499/108
f 604/490/108 607/499/108 605/479/108
f 605/474/83 643/514/83 603/515/83
f 605/474/83 645/473/83 643/514/83
f 606/502/109 608/520/109 609/517/109
f 606/502/109 609/517/109 607/499/109
f 607/437/84 645/473/84 605/474/84
f 607/437/84 647/436/84 645/473/84
f 608/520/110 610/526/110 609/517/110
f 608/520/110 611/528/110 610/526/110
f 609/396/85 647/436/85 607/437/85
f 609/396/85 649/395/85 647/436/85
f 610/360/86 649/395/86 609/396/86
f 610/360/86 652/359/86 649/395/86
f 610/526/96 611/528/96 612/529/96
f 613/1057/5 650/1053/5 612/1056/5
f 613/1057/5 655/1055/5 650/1053/5
f 613/533/97 614/531/97 615/535/97
f 614/23/111 616/48/111 617/51/111
f 614/23/111 617/51/111 615/21/111
f 614/531/2 611/528/2 608/520/2
f 614/531/20 612/529/20 611/528/20
f 614/531/20 613/533/20 612/529/20
f 616/48/112 618/83/112 619/84/112
f 616/48/112 619/84/112 617/51/112
f 616/522/2 608/520/2 606/502/2
f 616/522/2 614/531/2 608/520/2
f 617/51/87 653/22/87 615/21/87
f 617/51/87 657/52/87 653/22/87
f 618/504/2 606/502/2 604/490/2
f 618/504/2 616/522/2 606/502/2
f 618/83/113 620/120/113 621/122/113
f 618/83/113 621/122/113 619/84/113
f 619/84/88 657/52/88 617/51/88
f 619/84/88 659/85/88 657/52/88
f 620/120/114 622/168/114 623/169/114
f 620/120/114 623/169/114 621/122/114
f 620/496/2 618/504/2 604/490/2
f 621/122/89 659/85/89 619/84/89
f 621/122/89 661/123/89 659/85/89
f 622/486/2 604/490/2 602/484/2
f 622/486/2 620/496/2 604/490/2
f 623/169/90 661/123/90 621/122/90
f 623/169/90 663/170/90 661/123/90
f 624/208/115 623/169/115 622/168/115
f 624/208/115 625/206/115 623/169/115
f 625/206/91 663/170/91 623/169/91
f 625/206/91 665/207/91 663/170/91
f 626/503/116 625/500/116 624/495/116
f 626/503/116 627/511/116 625/500/116
f 627/238/92 665/207/92 625/206/92
f 627/238/92 667/239/92 665/207/92
f 628/521/117 627/511/117 626/503/117
f 628/521/117 629/525/117 627/511/117
f 629/283/93 667/239/93 627/238/93
f 629/283/93 669/284/93 667/239/93
f 630/737/98 631/742/98 632/731/98
f 631/330/94 669/284/94 629/283/94
f 631/330/94 672/331/94 669/284/94
f 632/530/118 629/525/118 628/521/118
f 632/530/118 631/534/118 629/525/118
f 632/731/23 593/730/23 630/737/23
f 632/731/23 594/723/23 593/730/23
f 633/598/99 634/588/99 635/596/99
f 636/576/134 634/588/134 637/574/134
f 636/576/134 635/596/134 634/588/134
f 638/566/133 636/576/133 637/574/133
f 638/566/133 637/574/133 639/561/133
f 640/557/132 638/566/132 639/561/132
f 640/557/132 639/561/132 641/553/132
f 640/557/4 642/554/4 662/555/4
f 642/513/130 643/514/130 645/473/130
f 642/513/130 645/473/130 644/475/130
f 642/513/131 640/547/131 641/551/131
f 642/513/131 641/551/131 643/514/131
f 642/554/4 644/556/4 662/555/4
f 644/475/129 645/473/129 647/436/129
f 644/475/129 647/436/129 646/439/129
f 644/556/4 646/565/4 658/567/4
f 644/556/4 658/567/4 660/559/4
f 644/556/4 660/559/4 662/555/4
f 646/439/128 647/436/128 649/395/128
f 646/439/128 649/395/128 648/397/128
f 646/565/4 648/575/4 656/579/4
f 646/565/4 656/579/4 658/567/4
f 648/397/127 649/395/127 652/359/127
f 648/397/127 652/359/127 651/361/127
f 648/575/4 651/595/4 654/599/4
f 648/575/4 654/599/4 656/579/4
f 650/1053/100 651/1052/100 652/1047/100
f 650/1053/136 610/1050/136 612/1056/136
f 650/1053/136 652/1047/136 610/1050/136
f 653/1058/101 654/1054/101 655/1055/101
f 653/22/137 613/1/137 615/21/137
f 653/22/137 655/2/137 613/1/137
f 654/1054/17 650/1053/17 655/1055/17
f 654/1054/17 651/1052/17 650/1053/17
f 654/599/126 653/604/126 657/581/126
f 654/599/126 657/581/126 656/579/126
f 656/579/125 657/581/125 659/570/125
f 656/579/125 659/570/125 658/567/125
f 658/567/124 659/570/124 661/563/124
f 658/567/124 661/563/124 660/559/124
f 660/121/123 661/123/123 663/170/123
f 660/121/123 663/170/123 662/171/123
f 662/555/4 664/560/4 640/557/4
f 664/209/122 662/171/122 663/170/122
f 664/209/122 663/170/122 665/207/122
f 664/560/4 638/566/4 640/557/4
f 664/560/4 666/568/4 638/566/4
f 666/242/121 664/209/121 665/207/121
f 666/242/121 665/207/121 667/239/121
f 666/568/4 636/576/4 638/566/4
f 666/568/4 668/580/4 636/576/4
f 668/285/120 666/242/120 667/239/120
f 668/285/120 667/239/120 669/284/120
f 668/580/4 635/596/4 636/576/4
f 668/580/4 671/600/4 635/596/4
f 670/333/138 631/330/138 630/332/138
f 670/333/138 672/331/138 631/330/138
f 670/603/102 671/600/102 672/605/102
f 671/329/119 668/285/119 669/284/119
f 671/329/119 669/284/119 672/331/119
f 671/600/15 633/598/15 635/596/15
f 671/600/15 670/603/15 633/598/15
f 697/1158/14 699/1157/14 704/1168/14
f 697/1158/14 704/1168/14 703/1169/14
f 697/2118/49 698/2107/49 699/2128/49
f 700/2106/15 699/2128/15 698/2107/15
f 700/2106/15 702/2127/15 699/2128/15
f 700/2106/28 701/2117/28 702/2127/28
f 701/776/25 700/773/25 713/772/25
f 701/776/25 713/772/25 712/775/25
f 702/2127/4 704/2147/4 699/2128/4
f 702/2127/4 708/2146/4 704/2147/4
f 703/1169/18 705/1176/18 716/1177/18
f 703/1169/18 716/1177/18 715/1170/18
f 703/1974/50 704/1987/50 705/1983/50
f 705/1983/17 704/1987/17 708/2154/17
f 705/1983/17 708/2154/17 707/2151/17
f 706/2168/58 707/2151/58 708/2154/58
f 706/790/16 702/777/16 701/776/16
f 706/790/16 708/791/16 702/777/16
f 706/790/3 701/776/3 712/775/3
f 706/790/3 712/775/3 718/789/3
f 707/2151/5 716/2008/5 705/1983/5
f 707/2151/5 720/2157/5 716/2008/5
f 709/1159/24 698/1150/24 697/1158/24
f 709/1159/24 711/1151/24 698/1150/24
f 709/1973/51 710/1986/51 711/1982/51
f 711/1982/23 710/1986/23 714/2153/23
f 711/1982/23 714/2153/23 713/2150/23
f 712/2167/32 713/2150/32 714/2153/32
f 712/775/22 714/774/22 719/788/22
f 712/775/22 719/788/22 718/789/22
f 713/2150/1 698/2007/1 711/1982/1
f 713/2150/1 700/2156/1 698/2007/1
f 715/1170/21 710/1160/21 709/1159/21
f 715/1170/21 717/1171/21 710/1160/21
f 715/1170/26 697/1158/26 703/1169/26
f 715/1170/26 709/1159/26 697/1158/26
f 715/690/52 716/686/52 717/692/52
f 717/692/20 716/686/20 720/685/20
f 717/692/20 720/685/20 719/691/20
f 718/689/59 719/691/59 720/685/59
f 718/789/19 707/814/19 706/790/19
f 718/789/19 720/813/19 707/814/19
f 719/691/2 710/700/2 717/692/2
f 719/691/2 714/699/2 710/700/2
f 745/1197/49 746/1193/49 747/1199/49
f 745/1886/14 747/1885/14 752/1925/14
f 745/1886/14 752/1925/14 751/1926/14
f 748/1192/15 747/1199/15 746/1193/15
f 748/1192/15 750/1198/15 747/1199/15
f 748/1192/28 749/1196/28 750/1198/28
f 749/1883/25 748/1842/25 761/1841/25
f 749/1883/25 761/1841/25 760/1882/25
f 750/1198/4 752/1207/4 747/1199/4
f 750/1198/4 756/1206/4 752/1207/4
f 751/102/50 752/105/50 753/106/50
f 751/1926/18 753/1948/18 764/1949/18
f 751/1926/18 764/1949/18 763/1927/18
f 753/106/17 752/105/17 756/133/17
f 753/106/17 756/133/17 755/132/17
f 754/139/58 755/132/58 756/133/58
f 754/1923/16 750/1884/16 749/1883/16
f 754/1923/16 756/1924/16 750/1884/16
f 754/1923/3 749/1883/3 760/1882/3
f 754/1923/3 760/1882/3 766/1922/3
f 755/132/5 764/107/5 753/106/5
f 755/132/5 768/138/5 764/107/5
f 757/1887/24 746/1843/24 745/1886/24
f 757/1887/24 759/1844/24 746/1843/24
f 757/2002/51 758/2036/51 759/2033/51
f 759/2033/23 758/2036/23 762/2177/23
f 759/2033/23 762/2177/23 761/2174/23
f 760/1882/22 762/1881/22 767/1921/22
f 760/1882/22 767/1921/22 766/1922/22
f 760/2192/32 761/2174/32 762/2177/32
f 761/2174/1 746/2039/1 759/2033/1
f 761/2174/1 748/2186/1 746/2039/1
f 763/16/52 764/10/52 765/18/52
f 763/1927/21 758/1888/21 757/1887/21
f 763/1927/21 765/1928/21 758/1888/21
f 763/1927/26 745/1886/26 751/1926/26
f 763/1927/26 757/1887/26 745/1886/26
f 765/18/20 764/10/20 768/9/20
f 765/18/20 768/9/20 767/17/20
f 766/15/59 767/17/59 768/9/59
f 766/1922/19 755/1947/19 754/1923/19
f 766/1922/19 768/1946/19 755/1947/19
f 767/17/2 758/25/2 765/18/2
f 767/17/2 762/24/2 758/25/2
f 793/1276/49 794/1264/49 795/1278/49
f 793/1998/14 795/1997/14 800/2025/14
f 793/1998/14 800/2025/14 799/2026/14
f 796/1263/15 795/1278/15 794/1264/15
f 796/1263/15 798/1277/15 795/1278/15
f 796/1263/28 797/1275/28 798/1277/28
f 797/1995/25 796/1969/25 809/1968/25
f 797/1995/25 809/1968/25 808/1994/25
f 798/1277/4 800/1286/4 795/1278/4
f 798/1277/4 804/1285/4 800/1286/4
f 799/2010/50 800/2043/50 801/2042/50
f 799/2026/18 801/2052/18 812/2053/18
f 799/2026/18 812/2053/18 811/2027/18
f 801/2042/17 800/2043/17 804/2190/17
f 801/2042/17 804/2190/17 803/2189/17
f 802/2023/16 798/1996/16 797/1995/16
f 802/2023/16 804/2024/16 798/1996/16
f 802/2023/3 797/1995/3 808/1994/3
f 802/2023/3 808/1994/3 814/2022/3
f 802/2197/58 803/2189/58 804/2190/58
f 803/2189/5 812/2044/5 801/2042/5
f 803/2189/5 816/2191/5 812/2044/5
f 805/1999/24 794/1970/24 793/1998/24
f 805/1999/24 807/1971/24 794/1970/24
f 805/2004/51 806/2038/51 807/2035/51
f 807/2035/23 806/2038/23 810/2179/23
f 807/2035/23 810/2179/23 809/2176/23
f 808/1994/22 810/1993/22 815/2021/22
f 808/1994/22 815/2021/22 814/2022/22
f 808/2194/32 809/2176/32 810/2179/32
f 809/2176/1 794/2041/1 807/2035/1
f 809/2176/1 796/2188/1 794/2041/1
f 811/1245/52 812/1237/52 813/1247/52
f 811/2027/21 806/2000/21 805/1999/21
f 811/2027/21 813/2028/21 806/2000/21
f 811/2027/26 793/1998/26 799/2026/26
f 811/2027/26 805/1999/26 793/1998/26
f 813/1247/20 812/1237/20 816/1236/20
f 813/1247/20 816/1236/20 815/1246/20
f 814/1244/59 815/1246/59 816/1236/59
f 814/2022/19 803/2051/19 802/2023/19
f 814/2022/19 816/2050/19 803/2051/19
f 815/1246/2 806/1249/2 813/1247/2
f 815/1246/2 810/1248/2 806/1249/2
f 841/1862/14 843/1861/14 848/1901/14
f 841/1862/14 848/1901/14 847/1902/14
f 841/2116/49 842/2105/49 843/2126/49
f 844/2104/15 843/2126/15 842/2105/15
f 844/2104/15 846/2125/15 843/2126/15
f 844/2104/28 845/2115/28 846/2125/28
f 845/1855/25 844/1830/25 857/1829/25
f 845/1855/25 857/1829/25 856/1854/25
f 846/2125/4 848/2145/4 843/2126/4
f 846/2125/4 852/2144/4 848/2145/4
f 847/1902/18 849/1936/18 860/1937/18
f 847/1902/18 860/1937/18 859/1903/18
f 847/1975/50 848/1988/50 849/1984/50
f 849/1984/17 848/1988/17 852/2155/17
f 849/1984/17 852/2155/17 851/2152/17
f 850/1899/16 846/1856/16 845/1855/16
f 850/1899/16 852/1900/16 846/1856/16
f 850/1899/3 845/1855/3 856/1854/3
f 850/1899/3 856/1854/3 862/1898/3
f 850/2169/58 851/2152/58 852/2155/58
f 851/2152/5 860/2009/5 849/1984/5
f 851/2152/5 864/2158/5 860/2009/5
f 853/1578/51 854/1581/51 855/1580/51
f 853/1863/24 842/1831/24 841/1862/24
f 853/1863/24 855/1832/24 842/1831/24
f 855/1580/23 854/1581/23 858/1619/23
f 855/1580/23 858/1619/23 857/1617/23
f 856/1625/32 857/1617/32 858/1619/32
f 856/1854/22 858/1853/22 863/1897/22
f 856/1854/22 863/1897/22 862/1898/22
f 857/1617/1 842/1582/1 855/1580/1
f 857/1617/1 844/1620/1 842/1582/1
f 859/1903/21 854/1864/21 853/1863/21
f 859/1903/21 861/1904/21 854/1864/21
f 859/1903/26 841/1862/26 847/1902/26
f 859/1903/26 853/1863/26 841/1862/26
f 859/2114/52 860/2103/52 861/2124/52
f 861/2124/20 860/2103/20 864/2102/20
f 861/2124/20 864/2102/20 863/2123/20
f 862/1898/19 851/1935/19 850/1899/19
f 862/1898/19 864/1934/19 851/1935/19
f 862/2113/59 863/2123/59 864/2102/59
f 863/2123/2 854/2143/2 861/2124/2
f 863/2123/2 858/2142/2 854/2143/2
f 938/260/2 952/259/2 950/263/2
f 938/40/142 939/47/142 937/41/142
f 938/40/142 940/46/142 939/47/142
f 939/199/4 941/191/4 943/179/4
f 940/193/143 941/182/143 939/192/143
f 940/193/143 942/183/143 941/182/143
f 942/183/144 943/160/144 941/182/144
f 942/183/144 944/161/144 943/160/144
f 942/276/2 938/260/2 950/263/2
f 942/276/2 940/264/2 938/260/2
f 943/179/4 945/163/4 947/162/4
f 943/179/4 947/162/4 951/190/4
f 944/413/145 945/404/145 943/412/145
f 944/413/145 946/405/145 945/404/145
f 946/286/2 944/287/2 942/276/2
f 946/405/146 947/393/146 945/404/146
f 946/405/146 948/394/146 947/393/146
f 947/162/4 949/178/4 951/190/4
f 948/204/147 949/219/147 947/205/147
f 948/204/147 950/218/147 949/219/147
f 950/218/148 951/227/148 949/219/148
f 950/218/148 952/226/148 951/227/148
f 950/263/2 946/286/2 942/276/2
f 950/263/2 948/275/2 946/286/2
f 951/190/4 937/198/4 939/199/4
f 951/190/4 939/199/4 943/179/4
f 952/7/149 937/41/149 951/8/149
f 952/7/149 938/40/149 937/41/149
