# TERRAFRONT procedural asset — generated by Tools/assetgen (deterministic)
# Y-up, +Z forward (muzzle), units = meters, pivot at grip/origin.
# silo_cluster — TERRAFRONT P2
# Ground y=0, meters, scene Transform scale 1. AABB-collider friendly.
mtllib tf_struct.mtl
o silo_cluster
v -4.4500 0.0500 -2.3000
v -4.4500 0.4500 -2.3000
v 4.4500 0.4500 -2.3000
v 4.4500 0.0500 -2.3000
v 4.4500 0.0500 2.3000
v 4.4500 0.4500 2.3000
v -4.4500 0.4500 2.3000
v -4.4500 0.0500 2.3000
v -4.4500 0.5000 -2.2500
v -4.4500 0.5000 2.2500
v 4.4500 0.5000 2.2500
v 4.4500 0.5000 -2.2500
v -4.4500 0.0000 -2.2500
v 4.4500 0.0000 -2.2500
v 4.4500 0.0000 2.2500
v -4.4500 0.0000 2.2500
v 4.5000 0.0500 -2.2500
v 4.5000 0.4500 -2.2500
v 4.5000 0.4500 2.2500
v 4.5000 0.0500 2.2500
v -4.5000 0.0500 2.2500
v -4.5000 0.4500 2.2500
v -4.5000 0.4500 -2.2500
v -4.5000 0.0500 -2.2500
v -4.4500 0.5000 -2.2500
v 4.4500 0.5000 -2.2500
v 4.4500 0.4500 -2.3000
v -4.4500 0.4500 -2.3000
v 4.4500 0.5000 2.2500
v -4.4500 0.5000 2.2500
v -4.4500 0.4500 2.3000
v 4.4500 0.4500 2.3000
v 4.4500 0.0000 -2.2500
v -4.4500 0.0000 -2.2500
v -4.4500 0.0500 -2.3000
v 4.4500 0.0500 -2.3000
v -4.4500 0.0000 2.2500
v 4.4500 0.0000 2.2500
v 4.4500 0.0500 2.3000
v -4.4500 0.0500 2.3000
v 4.5000 0.4500 -2.2500
v 4.5000 0.4500 2.2500
v 4.4500 0.5000 2.2500
v 4.4500 0.5000 -2.2500
v 4.5000 0.0500 2.2500
v 4.5000 0.0500 -2.2500
v 4.4500 0.0000 -2.2500
v 4.4500 0.0000 2.2500
v -4.5000 0.4500 2.2500
v -4.5000 0.4500 -2.2500
v -4.4500 0.5000 -2.2500
v -4.4500 0.5000 2.2500
v -4.5000 0.0500 -2.2500
v -4.5000 0.0500 2.2500
v -4.4500 0.0000 2.2500
v -4.4500 0.0000 -2.2500
v 4.5000 0.4500 -2.2500
v 4.4500 0.4500 -2.3000
v 4.4500 0.0500 -2.3000
v 4.5000 0.0500 -2.2500
v 4.5000 0.0500 2.2500
v 4.4500 0.0500 2.3000
v 4.4500 0.4500 2.3000
v 4.5000 0.4500 2.2500
v -4.5000 0.0500 -2.2500
v -4.4500 0.0500 -2.3000
v -4.4500 0.4500 -2.3000
v -4.5000 0.4500 -2.2500
v -4.5000 0.4500 2.2500
v -4.4500 0.4500 2.3000
v -4.4500 0.0500 2.3000
v -4.5000 0.0500 2.2500
v 4.4500 0.5000 2.2500
v 4.5000 0.4500 2.2500
v 4.4500 0.4500 2.3000
v -4.4500 0.4500 2.3000
v -4.5000 0.4500 2.2500
v -4.4500 0.5000 2.2500
v 4.4500 0.0500 2.3000
v 4.5000 0.0500 2.2500
v 4.4500 0.0000 2.2500
v -4.4500 0.0000 2.2500
v -4.5000 0.0500 2.2500
v -4.4500 0.0500 2.3000
v 4.4500 0.4500 -2.3000
v 4.5000 0.4500 -2.2500
v 4.4500 0.5000 -2.2500
v -4.4500 0.5000 -2.2500
v -4.5000 0.4500 -2.2500
v -4.4500 0.4500 -2.3000
v 4.4500 0.0000 -2.2500
v 4.5000 0.0500 -2.2500
v 4.4500 0.0500 -2.3000
v -4.4500 0.0500 -2.3000
v -4.5000 0.0500 -2.2500
v -4.4500 0.0000 -2.2500
v -1.4740 0.5000 0.0000
v -1.6152 0.5000 -0.6187
v -1.5035 1.2680 -0.6725
v -1.3500 1.2680 0.0000
v -1.6152 0.5000 -0.6187
v -2.0109 0.5000 -1.1149
v -1.9336 1.2680 -1.2118
v -1.5035 1.2680 -0.6725
v -2.0109 0.5000 -1.1149
v -2.5827 0.5000 -1.3902
v -2.5551 1.2680 -1.5111
v -1.9336 1.2680 -1.2118
v -2.5827 0.5000 -1.3902
v -3.2173 0.5000 -1.3902
v -3.2449 1.2680 -1.5111
v -2.5551 1.2680 -1.5111
v -3.2173 0.5000 -1.3902
v -3.7891 0.5000 -1.1149
v -3.8664 1.2680 -1.2118
v -3.2449 1.2680 -1.5111
v -3.7891 0.5000 -1.1149
v -4.1848 0.5000 -0.6187
v -4.2965 1.2680 -0.6725
v -3.8664 1.2680 -1.2118
v -4.1848 0.5000 -0.6187
v -4.3260 0.5000 -0.0000
v -4.4500 1.2680 -0.0000
v -4.2965 1.2680 -0.6725
v -4.3260 0.5000 -0.0000
v -4.1848 0.5000 0.6187
v -4.2965 1.2680 0.6725
v -4.4500 1.2680 -0.0000
v -4.1848 0.5000 0.6187
v -3.7891 0.5000 1.1149
v -3.8664 1.2680 1.2118
v -4.2965 1.2680 0.6725
v -3.7891 0.5000 1.1149
v -3.2173 0.5000 1.3902
v -3.2449 1.2680 1.5111
v -3.8664 1.2680 1.2118
v -3.2173 0.5000 1.3902
v -2.5827 0.5000 1.3902
v -2.5551 1.2680 1.5111
v -3.2449 1.2680 1.5111
v -2.5827 0.5000 1.3902
v -2.0109 0.5000 1.1149
v -1.9336 1.2680 1.2118
v -2.5551 1.2680 1.5111
v -2.0109 0.5000 1.1149
v -1.6152 0.5000 0.6187
v -1.5035 1.2680 0.6725
v -1.9336 1.2680 1.2118
v -1.6152 0.5000 0.6187
v -1.4740 0.5000 0.0000
v -1.3500 1.2680 0.0000
v -1.5035 1.2680 0.6725
v -1.3500 1.2680 0.0000
v -1.5035 1.2680 -0.6725
v -1.5035 5.4920 -0.6725
v -1.3500 5.4920 0.0000
v -1.5035 1.2680 -0.6725
v -1.9336 1.2680 -1.2118
v -1.9336 5.4920 -1.2118
v -1.5035 5.4920 -0.6725
v -1.9336 1.2680 -1.2118
v -2.5551 1.2680 -1.5111
v -2.5551 5.4920 -1.5111
v -1.9336 5.4920 -1.2118
v -2.5551 1.2680 -1.5111
v -3.2449 1.2680 -1.5111
v -3.2449 5.4920 -1.5111
v -2.5551 5.4920 -1.5111
v -3.2449 1.2680 -1.5111
v -3.8664 1.2680 -1.2118
v -3.8664 5.4920 -1.2118
v -3.2449 5.4920 -1.5111
v -3.8664 1.2680 -1.2118
v -4.2965 1.2680 -0.6725
v -4.2965 5.4920 -0.6725
v -3.8664 5.4920 -1.2118
v -4.2965 1.2680 -0.6725
v -4.4500 1.2680 -0.0000
v -4.4500 5.4920 0.0000
v -4.2965 5.4920 -0.6725
v -4.4500 1.2680 -0.0000
v -4.2965 1.2680 0.6725
v -4.2965 5.4920 0.6725
v -4.4500 5.4920 0.0000
v -4.2965 1.2680 0.6725
v -3.8664 1.2680 1.2118
v -3.8664 5.4920 1.2118
v -4.2965 5.4920 0.6725
v -3.8664 1.2680 1.2118
v -3.2449 1.2680 1.5111
v -3.2449 5.4920 1.5111
v -3.8664 5.4920 1.2118
v -3.2449 1.2680 1.5111
v -2.5551 1.2680 1.5111
v -2.5551 5.4920 1.5111
v -3.2449 5.4920 1.5111
v -2.5551 1.2680 1.5111
v -1.9336 1.2680 1.2118
v -1.9336 5.4920 1.2118
v -2.5551 5.4920 1.5111
v -1.9336 1.2680 1.2118
v -1.5035 1.2680 0.6725
v -1.5035 5.4920 0.6725
v -1.9336 5.4920 1.2118
v -1.5035 1.2680 0.6725
v -1.3500 1.2680 0.0000
v -1.3500 5.4920 0.0000
v -1.5035 5.4920 0.6725
v -1.3500 5.4920 0.0000
v -1.5035 5.4920 -0.6725
v -2.1319 6.5800 -0.3699
v -2.0475 6.5800 0.0000
v -1.5035 5.4920 -0.6725
v -1.9336 5.4920 -1.2118
v -2.3685 6.5800 -0.6665
v -2.1319 6.5800 -0.3699
v -1.9336 5.4920 -1.2118
v -2.5551 5.4920 -1.5111
v -2.7103 6.5800 -0.8311
v -2.3685 6.5800 -0.6665
v -2.5551 5.4920 -1.5111
v -3.2449 5.4920 -1.5111
v -3.0897 6.5800 -0.8311
v -2.7103 6.5800 -0.8311
v -3.2449 5.4920 -1.5111
v -3.8664 5.4920 -1.2118
v -3.4315 6.5800 -0.6665
v -3.0897 6.5800 -0.8311
v -3.8664 5.4920 -1.2118
v -4.2965 5.4920 -0.6725
v -3.6681 6.5800 -0.3699
v -3.4315 6.5800 -0.6665
v -4.2965 5.4920 -0.6725
v -4.4500 5.4920 0.0000
v -3.7525 6.5800 0.0000
v -3.6681 6.5800 -0.3699
v -4.4500 5.4920 0.0000
v -4.2965 5.4920 0.6725
v -3.6681 6.5800 0.3699
v -3.7525 6.5800 0.0000
v -4.2965 5.4920 0.6725
v -3.8664 5.4920 1.2118
v -3.4315 6.5800 0.6665
v -3.6681 6.5800 0.3699
v -3.8664 5.4920 1.2118
v -3.2449 5.4920 1.5111
v -3.0897 6.5800 0.8311
v -3.4315 6.5800 0.6665
v -3.2449 5.4920 1.5111
v -2.5551 5.4920 1.5111
v -2.7103 6.5800 0.8311
v -3.0897 6.5800 0.8311
v -2.5551 5.4920 1.5111
v -1.9336 5.4920 1.2118
v -2.3685 6.5800 0.6665
v -2.7103 6.5800 0.8311
v -1.9336 5.4920 1.2118
v -1.5035 5.4920 0.6725
v -2.1319 6.5800 0.3699
v -2.3685 6.5800 0.6665
v -1.5035 5.4920 0.6725
v -1.3500 5.4920 0.0000
v -2.0475 6.5800 0.0000
v -2.1319 6.5800 0.3699
v -2.0475 6.5800 0.0000
v -2.1319 6.5800 -0.3699
v -2.7378 6.9000 -0.0781
v -2.7200 6.9000 0.0000
v -2.1319 6.5800 -0.3699
v -2.3685 6.5800 -0.6665
v -2.7878 6.9000 -0.1407
v -2.7378 6.9000 -0.0781
v -2.3685 6.5800 -0.6665
v -2.7103 6.5800 -0.8311
v -2.8599 6.9000 -0.1755
v -2.7878 6.9000 -0.1407
v -2.7103 6.5800 -0.8311
v -3.0897 6.5800 -0.8311
v -2.9401 6.9000 -0.1755
v -2.8599 6.9000 -0.1755
v -3.0897 6.5800 -0.8311
v -3.4315 6.5800 -0.6665
v -3.0122 6.9000 -0.1407
v -2.9401 6.9000 -0.1755
v -3.4315 6.5800 -0.6665
v -3.6681 6.5800 -0.3699
v -3.0622 6.9000 -0.0781
v -3.0122 6.9000 -0.1407
v -3.6681 6.5800 -0.3699
v -3.7525 6.5800 0.0000
v -3.0800 6.9000 0.0000
v -3.0622 6.9000 -0.0781
v -3.7525 6.5800 0.0000
v -3.6681 6.5800 0.3699
v -3.0622 6.9000 0.0781
v -3.0800 6.9000 0.0000
v -3.6681 6.5800 0.3699
v -3.4315 6.5800 0.6665
v -3.0122 6.9000 0.1407
v -3.0622 6.9000 0.0781
v -3.4315 6.5800 0.6665
v -3.0897 6.5800 0.8311
v -2.9401 6.9000 0.1755
v -3.0122 6.9000 0.1407
v -3.0897 6.5800 0.8311
v -2.7103 6.5800 0.8311
v -2.8599 6.9000 0.1755
v -2.9401 6.9000 0.1755
v -2.7103 6.5800 0.8311
v -2.3685 6.5800 0.6665
v -2.7878 6.9000 0.1407
v -2.8599 6.9000 0.1755
v -2.3685 6.5800 0.6665
v -2.1319 6.5800 0.3699
v -2.7378 6.9000 0.0781
v -2.7878 6.9000 0.1407
v -2.1319 6.5800 0.3699
v -2.0475 6.5800 0.0000
v -2.7200 6.9000 0.0000
v -2.7378 6.9000 0.0781
v -2.7200 6.9000 0.0000
v -2.7378 6.9000 -0.0781
v -2.7878 6.9000 -0.1407
v -2.8599 6.9000 -0.1755
v -2.9401 6.9000 -0.1755
v -3.0122 6.9000 -0.1407
v -3.0622 6.9000 -0.0781
v -3.0800 6.9000 0.0000
v -3.0622 6.9000 0.0781
v -3.0122 6.9000 0.1407
v -2.9401 6.9000 0.1755
v -2.8599 6.9000 0.1755
v -2.7878 6.9000 0.1407
v -2.7378 6.9000 0.0781
v -1.3810 5.2180 -0.0000
v -1.5314 5.2180 0.6591
v -1.4197 5.2180 0.7129
v -1.2570 5.2180 -0.0000
v -1.5314 5.2180 0.6591
v -1.9529 5.2180 1.1876
v -1.8756 5.2180 1.2845
v -1.4197 5.2180 0.7129
v -1.9529 5.2180 1.1876
v -2.5620 5.2180 1.4809
v -2.5344 5.2180 1.6018
v -1.8756 5.2180 1.2845
v -2.5620 5.2180 1.4809
v -3.2380 5.2180 1.4809
v -3.2656 5.2180 1.6018
v -2.5344 5.2180 1.6018
v -3.2380 5.2180 1.4809
v -3.8471 5.2180 1.1876
v -3.9244 5.2180 1.2845
v -3.2656 5.2180 1.6018
v -3.8471 5.2180 1.1876
v -4.2686 5.2180 0.6591
v -4.3803 5.2180 0.7129
v -3.9244 5.2180 1.2845
v -4.2686 5.2180 0.6591
v -4.4190 5.2180 0.0000
v -4.5430 5.2180 0.0000
v -4.3803 5.2180 0.7129
v -4.4190 5.2180 0.0000
v -4.2686 5.2180 -0.6591
v -4.3803 5.2180 -0.7129
v -4.5430 5.2180 0.0000
v -4.2686 5.2180 -0.6591
v -3.8471 5.2180 -1.1876
v -3.9244 5.2180 -1.2845
v -4.3803 5.2180 -0.7129
v -3.8471 5.2180 -1.1876
v -3.2380 5.2180 -1.4809
v -3.2656 5.2180 -1.6018
v -3.9244 5.2180 -1.2845
v -3.2380 5.2180 -1.4809
v -2.5620 5.2180 -1.4809
v -2.5344 5.2180 -1.6018
v -3.2656 5.2180 -1.6018
v -2.5620 5.2180 -1.4809
v -1.9529 5.2180 -1.1876
v -1.8756 5.2180 -1.2845
v -2.5344 5.2180 -1.6018
v -1.9529 5.2180 -1.1876
v -1.5314 5.2180 -0.6591
v -1.4197 5.2180 -0.7129
v -1.8756 5.2180 -1.2845
v -1.5314 5.2180 -0.6591
v -1.3810 5.2180 -0.0000
v -1.2570 5.2180 -0.0000
v -1.4197 5.2180 -0.7129
v -1.2570 5.2180 -0.0000
v -1.4197 5.2180 0.7129
v -1.4197 4.9980 0.7129
v -1.2570 4.9980 0.0000
v -1.4197 5.2180 0.7129
v -1.8756 5.2180 1.2845
v -1.8756 4.9980 1.2845
v -1.4197 4.9980 0.7129
v -1.8756 5.2180 1.2845
v -2.5344 5.2180 1.6018
v -2.5344 4.9980 1.6018
v -1.8756 4.9980 1.2845
v -2.5344 5.2180 1.6018
v -3.2656 5.2180 1.6018
v -3.2656 4.9980 1.6018
v -2.5344 4.9980 1.6018
v -3.2656 5.2180 1.6018
v -3.9244 5.2180 1.2845
v -3.9244 4.9980 1.2845
v -3.2656 4.9980 1.6018
v -3.9244 5.2180 1.2845
v -4.3803 5.2180 0.7129
v -4.3803 4.9980 0.7129
v -3.9244 4.9980 1.2845
v -4.3803 5.2180 0.7129
v -4.5430 5.2180 0.0000
v -4.5430 4.9980 0.0000
v -4.3803 4.9980 0.7129
v -4.5430 5.2180 0.0000
v -4.3803 5.2180 -0.7129
v -4.3803 4.9980 -0.7129
v -4.5430 4.9980 0.0000
v -4.3803 5.2180 -0.7129
v -3.9244 5.2180 -1.2845
v -3.9244 4.9980 -1.2845
v -4.3803 4.9980 -0.7129
v -3.9244 5.2180 -1.2845
v -3.2656 5.2180 -1.6018
v -3.2656 4.9980 -1.6018
v -3.9244 4.9980 -1.2845
v -3.2656 5.2180 -1.6018
v -2.5344 5.2180 -1.6018
v -2.5344 4.9980 -1.6018
v -3.2656 4.9980 -1.6018
v -2.5344 5.2180 -1.6018
v -1.8756 5.2180 -1.2845
v -1.8756 4.9980 -1.2845
v -2.5344 4.9980 -1.6018
v -1.8756 5.2180 -1.2845
v -1.4197 5.2180 -0.7129
v -1.4197 4.9980 -0.7129
v -1.8756 4.9980 -1.2845
v -1.4197 5.2180 -0.7129
v -1.2570 5.2180 -0.0000
v -1.2570 4.9980 0.0000
v -1.4197 4.9980 -0.7129
v -1.2570 4.9980 0.0000
v -1.4197 4.9980 0.7129
v -1.5314 4.9980 0.6591
v -1.3810 4.9980 0.0000
v -1.4197 4.9980 0.7129
v -1.8756 4.9980 1.2845
v -1.9529 4.9980 1.1876
v -1.5314 4.9980 0.6591
v -1.8756 4.9980 1.2845
v -2.5344 4.9980 1.6018
v -2.5620 4.9980 1.4809
v -1.9529 4.9980 1.1876
v -2.5344 4.9980 1.6018
v -3.2656 4.9980 1.6018
v -3.2380 4.9980 1.4809
v -2.5620 4.9980 1.4809
v -3.2656 4.9980 1.6018
v -3.9244 4.9980 1.2845
v -3.8471 4.9980 1.1876
v -3.2380 4.9980 1.4809
v -3.9244 4.9980 1.2845
v -4.3803 4.9980 0.7129
v -4.2686 4.9980 0.6591
v -3.8471 4.9980 1.1876
v -4.3803 4.9980 0.7129
v -4.5430 4.9980 0.0000
v -4.4190 4.9980 0.0000
v -4.2686 4.9980 0.6591
v -4.5430 4.9980 0.0000
v -4.3803 4.9980 -0.7129
v -4.2686 4.9980 -0.6591
v -4.4190 4.9980 0.0000
v -4.3803 4.9980 -0.7129
v -3.9244 4.9980 -1.2845
v -3.8471 4.9980 -1.1876
v -4.2686 4.9980 -0.6591
v -3.9244 4.9980 -1.2845
v -3.2656 4.9980 -1.6018
v -3.2380 4.9980 -1.4809
v -3.8471 4.9980 -1.1876
v -3.2656 4.9980 -1.6018
v -2.5344 4.9980 -1.6018
v -2.5620 4.9980 -1.4809
v -3.2380 4.9980 -1.4809
v -2.5344 4.9980 -1.6018
v -1.8756 4.9980 -1.2845
v -1.9529 4.9980 -1.1876
v -2.5620 4.9980 -1.4809
v -1.8756 4.9980 -1.2845
v -1.4197 4.9980 -0.7129
v -1.5314 4.9980 -0.6591
v -1.9529 4.9980 -1.1876
v -1.4197 4.9980 -0.7129
v -1.2570 4.9980 0.0000
v -1.3810 4.9980 0.0000
v -1.5314 4.9980 -0.6591
v -1.3810 4.9980 0.0000
v -1.5314 4.9980 0.6591
v -1.5314 5.2180 0.6591
v -1.3810 5.2180 -0.0000
v -1.5314 4.9980 0.6591
v -1.9529 4.9980 1.1876
v -1.9529 5.2180 1.1876
v -1.5314 5.2180 0.6591
v -1.9529 4.9980 1.1876
v -2.5620 4.9980 1.4809
v -2.5620 5.2180 1.4809
v -1.9529 5.2180 1.1876
v -2.5620 4.9980 1.4809
v -3.2380 4.9980 1.4809
v -3.2380 5.2180 1.4809
v -2.5620 5.2180 1.4809
v -3.2380 4.9980 1.4809
v -3.8471 4.9980 1.1876
v -3.8471 5.2180 1.1876
v -3.2380 5.2180 1.4809
v -3.8471 4.9980 1.1876
v -4.2686 4.9980 0.6591
v -4.2686 5.2180 0.6591
v -3.8471 5.2180 1.1876
v -4.2686 4.9980 0.6591
v -4.4190 4.9980 0.0000
v -4.4190 5.2180 0.0000
v -4.2686 5.2180 0.6591
v -4.4190 4.9980 0.0000
v -4.2686 4.9980 -0.6591
v -4.2686 5.2180 -0.6591
v -4.4190 5.2180 0.0000
v -4.2686 4.9980 -0.6591
v -3.8471 4.9980 -1.1876
v -3.8471 5.2180 -1.1876
v -4.2686 5.2180 -0.6591
v -3.8471 4.9980 -1.1876
v -3.2380 4.9980 -1.4809
v -3.2380 5.2180 -1.4809
v -3.8471 5.2180 -1.1876
v -3.2380 4.9980 -1.4809
v -2.5620 4.9980 -1.4809
v -2.5620 5.2180 -1.4809
v -3.2380 5.2180 -1.4809
v -2.5620 4.9980 -1.4809
v -1.9529 4.9980 -1.1876
v -1.9529 5.2180 -1.1876
v -2.5620 5.2180 -1.4809
v -1.9529 4.9980 -1.1876
v -1.5314 4.9980 -0.6591
v -1.5314 5.2180 -0.6591
v -1.9529 5.2180 -1.1876
v -1.5314 4.9980 -0.6591
v -1.3810 4.9980 0.0000
v -1.3810 5.2180 -0.0000
v -1.5314 5.2180 -0.6591
v 1.6640 0.5000 0.0000
v 1.5091 0.5000 -0.6786
v 1.6316 1.3640 -0.7376
v 1.8000 1.3640 0.0000
v 1.5091 0.5000 -0.6786
v 1.0751 0.5000 -1.2228
v 1.1599 1.3640 -1.3291
v 1.6316 1.3640 -0.7376
v 1.0751 0.5000 -1.2228
v 0.4480 0.5000 -1.5248
v 0.4783 1.3640 -1.6574
v 1.1599 1.3640 -1.3291
v 0.4480 0.5000 -1.5248
v -0.2480 0.5000 -1.5248
v -0.2783 1.3640 -1.6574
v 0.4783 1.3640 -1.6574
v -0.2480 0.5000 -1.5248
v -0.8751 0.5000 -1.2228
v -0.9599 1.3640 -1.3291
v -0.2783 1.3640 -1.6574
v -0.8751 0.5000 -1.2228
v -1.3091 0.5000 -0.6786
v -1.4316 1.3640 -0.7376
v -0.9599 1.3640 -1.3291
v -1.3091 0.5000 -0.6786
v -1.4640 0.5000 -0.0000
v -1.6000 1.3640 -0.0000
v -1.4316 1.3640 -0.7376
v -1.4640 0.5000 -0.0000
v -1.3091 0.5000 0.6786
v -1.4316 1.3640 0.7376
v -1.6000 1.3640 -0.0000
v -1.3091 0.5000 0.6786
v -0.8751 0.5000 1.2228
v -0.9599 1.3640 1.3291
v -1.4316 1.3640 0.7376
v -0.8751 0.5000 1.2228
v -0.2480 0.5000 1.5248
v -0.2783 1.3640 1.6574
v -0.9599 1.3640 1.3291
v -0.2480 0.5000 1.5248
v 0.4480 0.5000 1.5248
v 0.4783 1.3640 1.6574
v -0.2783 1.3640 1.6574
v 0.4480 0.5000 1.5248
v 1.0751 0.5000 1.2228
v 1.1599 1.3640 1.3291
v 0.4783 1.3640 1.6574
v 1.0751 0.5000 1.2228
v 1.5091 0.5000 0.6786
v 1.6316 1.3640 0.7376
v 1.1599 1.3640 1.3291
v 1.5091 0.5000 0.6786
v 1.6640 0.5000 0.0000
v 1.8000 1.3640 0.0000
v 1.6316 1.3640 0.7376
v 1.8000 1.3640 0.0000
v 1.6316 1.3640 -0.7376
v 1.6316 6.1160 -0.7376
v 1.8000 6.1160 0.0000
v 1.6316 1.3640 -0.7376
v 1.1599 1.3640 -1.3291
v 1.1599 6.1160 -1.3291
v 1.6316 6.1160 -0.7376
v 1.1599 1.3640 -1.3291
v 0.4783 1.3640 -1.6574
v 0.4783 6.1160 -1.6574
v 1.1599 6.1160 -1.3291
v 0.4783 1.3640 -1.6574
v -0.2783 1.3640 -1.6574
v -0.2783 6.1160 -1.6574
v 0.4783 6.1160 -1.6574
v -0.2783 1.3640 -1.6574
v -0.9599 1.3640 -1.3291
v -0.9599 6.1160 -1.3291
v -0.2783 6.1160 -1.6574
v -0.9599 1.3640 -1.3291
v -1.4316 1.3640 -0.7376
v -1.4316 6.1160 -0.7376
v -0.9599 6.1160 -1.3291
v -1.4316 1.3640 -0.7376
v -1.6000 1.3640 -0.0000
v -1.6000 6.1160 0.0000
v -1.4316 6.1160 -0.7376
v -1.6000 1.3640 -0.0000
v -1.4316 1.3640 0.7376
v -1.4316 6.1160 0.7376
v -1.6000 6.1160 0.0000
v -1.4316 1.3640 0.7376
v -0.9599 1.3640 1.3291
v -0.9599 6.1160 1.3291
v -1.4316 6.1160 0.7376
v -0.9599 1.3640 1.3291
v -0.2783 1.3640 1.6574
v -0.2783 6.1160 1.6574
v -0.9599 6.1160 1.3291
v -0.2783 1.3640 1.6574
v 0.4783 1.3640 1.6574
v 0.4783 6.1160 1.6574
v -0.2783 6.1160 1.6574
v 0.4783 1.3640 1.6574
v 1.1599 1.3640 1.3291
v 1.1599 6.1160 1.3291
v 0.4783 6.1160 1.6574
v 1.1599 1.3640 1.3291
v 1.6316 1.3640 0.7376
v 1.6316 6.1160 0.7376
v 1.1599 6.1160 1.3291
v 1.6316 1.3640 0.7376
v 1.8000 1.3640 0.0000
v 1.8000 6.1160 0.0000
v 1.6316 6.1160 0.7376
v 1.8000 6.1160 0.0000
v 1.6316 6.1160 -0.7376
v 0.9424 7.3400 -0.4057
v 1.0350 7.3400 0.0000
v 1.6316 6.1160 -0.7376
v 1.1599 6.1160 -1.3291
v 0.6830 7.3400 -0.7310
v 0.9424 7.3400 -0.4057
v 1.1599 6.1160 -1.3291
v 0.4783 6.1160 -1.6574
v 0.3081 7.3400 -0.9116
v 0.6830 7.3400 -0.7310
v 0.4783 6.1160 -1.6574
v -0.2783 6.1160 -1.6574
v -0.1081 7.3400 -0.9116
v 0.3081 7.3400 -0.9116
v -0.2783 6.1160 -1.6574
v -0.9599 6.1160 -1.3291
v -0.4830 7.3400 -0.7310
v -0.1081 7.3400 -0.9116
v -0.9599 6.1160 -1.3291
v -1.4316 6.1160 -0.7376
v -0.7424 7.3400 -0.4057
v -0.4830 7.3400 -0.7310
v -1.4316 6.1160 -0.7376
v -1.6000 6.1160 0.0000
v -0.8350 7.3400 0.0000
v -0.7424 7.3400 -0.4057
v -1.6000 6.1160 0.0000
v -1.4316 6.1160 0.7376
v -0.7424 7.3400 0.4057
v -0.8350 7.3400 0.0000
v -1.4316 6.1160 0.7376
v -0.9599 6.1160 1.3291
v -0.4830 7.3400 0.7310
v -0.7424 7.3400 0.4057
v -0.9599 6.1160 1.3291
v -0.2783 6.1160 1.6574
v -0.1081 7.3400 0.9116
v -0.4830 7.3400 0.7310
v -0.2783 6.1160 1.6574
v 0.4783 6.1160 1.6574
v 0.3081 7.3400 0.9116
v -0.1081 7.3400 0.9116
v 0.4783 6.1160 1.6574
v 1.1599 6.1160 1.3291
v 0.6830 7.3400 0.7310
v 0.3081 7.3400 0.9116
v 1.1599 6.1160 1.3291
v 1.6316 6.1160 0.7376
v 0.9424 7.3400 0.4057
v 0.6830 7.3400 0.7310
v 1.6316 6.1160 0.7376
v 1.8000 6.1160 0.0000
v 1.0350 7.3400 0.0000
v 0.9424 7.3400 0.4057
v 1.0350 7.3400 0.0000
v 0.9424 7.3400 -0.4057
v 0.2622 7.7000 -0.0781
v 0.2800 7.7000 0.0000
v 0.9424 7.3400 -0.4057
v 0.6830 7.3400 -0.7310
v 0.2122 7.7000 -0.1407
v 0.2622 7.7000 -0.0781
v 0.6830 7.3400 -0.7310
v 0.3081 7.3400 -0.9116
v 0.1401 7.7000 -0.1755
v 0.2122 7.7000 -0.1407
v 0.3081 7.3400 -0.9116
v -0.1081 7.3400 -0.9116
v 0.0599 7.7000 -0.1755
v 0.1401 7.7000 -0.1755
v -0.1081 7.3400 -0.9116
v -0.4830 7.3400 -0.7310
v -0.0122 7.7000 -0.1407
v 0.0599 7.7000 -0.1755
v -0.4830 7.3400 -0.7310
v -0.7424 7.3400 -0.4057
v -0.0622 7.7000 -0.0781
v -0.0122 7.7000 -0.1407
v -0.7424 7.3400 -0.4057
v -0.8350 7.3400 0.0000
v -0.0800 7.7000 0.0000
v -0.0622 7.7000 -0.0781
v -0.8350 7.3400 0.0000
v -0.7424 7.3400 0.4057
v -0.0622 7.7000 0.0781
v -0.0800 7.7000 0.0000
v -0.7424 7.3400 0.4057
v -0.4830 7.3400 0.7310
v -0.0122 7.7000 0.1407
v -0.0622 7.7000 0.0781
v -0.4830 7.3400 0.7310
v -0.1081 7.3400 0.9116
v 0.0599 7.7000 0.1755
v -0.0122 7.7000 0.1407
v -0.1081 7.3400 0.9116
v 0.3081 7.3400 0.9116
v 0.1401 7.7000 0.1755
v 0.0599 7.7000 0.1755
v 0.3081 7.3400 0.9116
v 0.6830 7.3400 0.7310
v 0.2122 7.7000 0.1407
v 0.1401 7.7000 0.1755
v 0.6830 7.3400 0.7310
v 0.9424 7.3400 0.4057
v 0.2622 7.7000 0.0781
v 0.2122 7.7000 0.1407
v 0.9424 7.3400 0.4057
v 1.0350 7.3400 0.0000
v 0.2800 7.7000 0.0000
v 0.2622 7.7000 0.0781
v 0.2800 7.7000 0.0000
v 0.2622 7.7000 -0.0781
v 0.2122 7.7000 -0.1407
v 0.1401 7.7000 -0.1755
v 0.0599 7.7000 -0.1755
v -0.0122 7.7000 -0.1407
v -0.0622 7.7000 -0.0781
v -0.0800 7.7000 0.0000
v -0.0622 7.7000 0.0781
v -0.0122 7.7000 0.1407
v 0.0599 7.7000 0.1755
v 0.1401 7.7000 0.1755
v 0.2122 7.7000 0.1407
v 0.2622 7.7000 0.0781
v 1.7660 5.7940 -0.0000
v 1.6010 5.7940 0.7229
v 1.7235 5.7940 0.7819
v 1.9020 5.7940 -0.0000
v 1.6010 5.7940 0.7229
v 1.1387 5.7940 1.3025
v 1.2235 5.7940 1.4089
v 1.7235 5.7940 0.7819
v 1.1387 5.7940 1.3025
v 0.4707 5.7940 1.6242
v 0.5010 5.7940 1.7568
v 1.2235 5.7940 1.4089
v 0.4707 5.7940 1.6242
v -0.2707 5.7940 1.6242
v -0.3010 5.7940 1.7568
v 0.5010 5.7940 1.7568
v -0.2707 5.7940 1.6242
v -0.9387 5.7940 1.3025
v -1.0235 5.7940 1.4089
v -0.3010 5.7940 1.7568
v -0.9387 5.7940 1.3025
v -1.4010 5.7940 0.7229
v -1.5235 5.7940 0.7819
v -1.0235 5.7940 1.4089
v -1.4010 5.7940 0.7229
v -1.5660 5.7940 0.0000
v -1.7020 5.7940 0.0000
v -1.5235 5.7940 0.7819
v -1.5660 5.7940 0.0000
v -1.4010 5.7940 -0.7229
v -1.5235 5.7940 -0.7819
v -1.7020 5.7940 0.0000
v -1.4010 5.7940 -0.7229
v -0.9387 5.7940 -1.3025
v -1.0235 5.7940 -1.4089
v -1.5235 5.7940 -0.7819
v -0.9387 5.7940 -1.3025
v -0.2707 5.7940 -1.6242
v -0.3010 5.7940 -1.7568
v -1.0235 5.7940 -1.4089
v -0.2707 5.7940 -1.6242
v 0.4707 5.7940 -1.6242
v 0.5010 5.7940 -1.7568
v -0.3010 5.7940 -1.7568
v 0.4707 5.7940 -1.6242
v 1.1387 5.7940 -1.3025
v 1.2235 5.7940 -1.4089
v 0.5010 5.7940 -1.7568
v 1.1387 5.7940 -1.3025
v 1.6010 5.7940 -0.7229
v 1.7235 5.7940 -0.7819
v 1.2235 5.7940 -1.4089
v 1.6010 5.7940 -0.7229
v 1.7660 5.7940 -0.0000
v 1.9020 5.7940 -0.0000
v 1.7235 5.7940 -0.7819
v 1.9020 5.7940 -0.0000
v 1.7235 5.7940 0.7819
v 1.7235 5.5740 0.7819
v 1.9020 5.5740 0.0000
v 1.7235 5.7940 0.7819
v 1.2235 5.7940 1.4089
v 1.2235 5.5740 1.4089
v 1.7235 5.5740 0.7819
v 1.2235 5.7940 1.4089
v 0.5010 5.7940 1.7568
v 0.5010 5.5740 1.7568
v 1.2235 5.5740 1.4089
v 0.5010 5.7940 1.7568
v -0.3010 5.7940 1.7568
v -0.3010 5.5740 1.7568
v 0.5010 5.5740 1.7568
v -0.3010 5.7940 1.7568
v -1.0235 5.7940 1.4089
v -1.0235 5.5740 1.4089
v -0.3010 5.5740 1.7568
v -1.0235 5.7940 1.4089
v -1.5235 5.7940 0.7819
v -1.5235 5.5740 0.7819
v -1.0235 5.5740 1.4089
v -1.5235 5.7940 0.7819
v -1.7020 5.7940 0.0000
v -1.7020 5.5740 0.0000
v -1.5235 5.5740 0.7819
v -1.7020 5.7940 0.0000
v -1.5235 5.7940 -0.7819
v -1.5235 5.5740 -0.7819
v -1.7020 5.5740 0.0000
v -1.5235 5.7940 -0.7819
v -1.0235 5.7940 -1.4089
v -1.0235 5.5740 -1.4089
v -1.5235 5.5740 -0.7819
v -1.0235 5.7940 -1.4089
v -0.3010 5.7940 -1.7568
v -0.3010 5.5740 -1.7568
v -1.0235 5.5740 -1.4089
v -0.3010 5.7940 -1.7568
v 0.5010 5.7940 -1.7568
v 0.5010 5.5740 -1.7568
v -0.3010 5.5740 -1.7568
v 0.5010 5.7940 -1.7568
v 1.2235 5.7940 -1.4089
v 1.2235 5.5740 -1.4089
v 0.5010 5.5740 -1.7568
v 1.2235 5.7940 -1.4089
v 1.7235 5.7940 -0.7819
v 1.7235 5.5740 -0.7819
v 1.2235 5.5740 -1.4089
v 1.7235 5.7940 -0.7819
v 1.9020 5.7940 -0.0000
v 1.9020 5.5740 0.0000
v 1.7235 5.5740 -0.7819
v 1.9020 5.5740 0.0000
v 1.7235 5.5740 0.7819
v 1.6010 5.5740 0.7229
v 1.7660 5.5740 0.0000
v 1.7235 5.5740 0.7819
v 1.2235 5.5740 1.4089
v 1.1387 5.5740 1.3025
v 1.6010 5.5740 0.7229
v 1.2235 5.5740 1.4089
v 0.5010 5.5740 1.7568
v 0.4707 5.5740 1.6242
v 1.1387 5.5740 1.3025
v 0.5010 5.5740 1.7568
v -0.3010 5.5740 1.7568
v -0.2707 5.5740 1.6242
v 0.4707 5.5740 1.6242
v -0.3010 5.5740 1.7568
v -1.0235 5.5740 1.4089
v -0.9387 5.5740 1.3025
v -0.2707 5.5740 1.6242
v -1.0235 5.5740 1.4089
v -1.5235 5.5740 0.7819
v -1.4010 5.5740 0.7229
v -0.9387 5.5740 1.3025
v -1.5235 5.5740 0.7819
v -1.7020 5.5740 0.0000
v -1.5660 5.5740 0.0000
v -1.4010 5.5740 0.7229
v -1.7020 5.5740 0.0000
v -1.5235 5.5740 -0.7819
v -1.4010 5.5740 -0.7229
v -1.5660 5.5740 0.0000
v -1.5235 5.5740 -0.7819
v -1.0235 5.5740 -1.4089
v -0.9387 5.5740 -1.3025
v -1.4010 5.5740 -0.7229
v -1.0235 5.5740 -1.4089
v -0.3010 5.5740 -1.7568
v -0.2707 5.5740 -1.6242
v -0.9387 5.5740 -1.3025
v -0.3010 5.5740 -1.7568
v 0.5010 5.5740 -1.7568
v 0.4707 5.5740 -1.6242
v -0.2707 5.5740 -1.6242
v 0.5010 5.5740 -1.7568
v 1.2235 5.5740 -1.4089
v 1.1387 5.5740 -1.3025
v 0.4707 5.5740 -1.6242
v 1.2235 5.5740 -1.4089
v 1.7235 5.5740 -0.7819
v 1.6010 5.5740 -0.7229
v 1.1387 5.5740 -1.3025
v 1.7235 5.5740 -0.7819
v 1.9020 5.5740 0.0000
v 1.7660 5.5740 0.0000
v 1.6010 5.5740 -0.7229
v 1.7660 5.5740 0.0000
v 1.6010 5.5740 0.7229
v 1.6010 5.7940 0.7229
v 1.7660 5.7940 -0.0000
v 1.6010 5.5740 0.7229
v 1.1387 5.5740 1.3025
v 1.1387 5.7940 1.3025
v 1.6010 5.7940 0.7229
v 1.1387 5.5740 1.3025
v 0.4707 5.5740 1.6242
v 0.4707 5.7940 1.6242
v 1.1387 5.7940 1.3025
v 0.4707 5.5740 1.6242
v -0.2707 5.5740 1.6242
v -0.2707 5.7940 1.6242
v 0.4707 5.7940 1.6242
v -0.2707 5.5740 1.6242
v -0.9387 5.5740 1.3025
v -0.9387 5.7940 1.3025
v -0.2707 5.7940 1.6242
v -0.9387 5.5740 1.3025
v -1.4010 5.5740 0.7229
v -1.4010 5.7940 0.7229
v -0.9387 5.7940 1.3025
v -1.4010 5.5740 0.7229
v -1.5660 5.5740 0.0000
v -1.5660 5.7940 0.0000
v -1.4010 5.7940 0.7229
v -1.5660 5.5740 0.0000
v -1.4010 5.5740 -0.7229
v -1.4010 5.7940 -0.7229
v -1.5660 5.7940 0.0000
v -1.4010 5.5740 -0.7229
v -0.9387 5.5740 -1.3025
v -0.9387 5.7940 -1.3025
v -1.4010 5.7940 -0.7229
v -0.9387 5.5740 -1.3025
v -0.2707 5.5740 -1.6242
v -0.2707 5.7940 -1.6242
v -0.9387 5.7940 -1.3025
v -0.2707 5.5740 -1.6242
v 0.4707 5.5740 -1.6242
v 0.4707 5.7940 -1.6242
v -0.2707 5.7940 -1.6242
v 0.4707 5.5740 -1.6242
v 1.1387 5.5740 -1.3025
v 1.1387 5.7940 -1.3025
v 0.4707 5.7940 -1.6242
v 1.1387 5.5740 -1.3025
v 1.6010 5.5740 -0.7229
v 1.6010 5.7940 -0.7229
v 1.1387 5.7940 -1.3025
v 1.6010 5.5740 -0.7229
v 1.7660 5.5740 0.0000
v 1.7660 5.7940 -0.0000
v 1.6010 5.7940 -0.7229
v 4.3880 0.5000 0.0000
v 4.2604 0.5000 -0.5588
v 4.3614 1.1960 -0.6074
v 4.5000 1.1960 0.0000
v 4.2604 0.5000 -0.5588
v 3.9031 0.5000 -1.0070
v 3.9729 1.1960 -1.0946
v 4.3614 1.1960 -0.6074
v 3.9031 0.5000 -1.0070
v 3.3866 0.5000 -1.2557
v 3.4115 1.1960 -1.3649
v 3.9729 1.1960 -1.0946
v 3.3866 0.5000 -1.2557
v 2.8134 0.5000 -1.2557
v 2.7885 1.1960 -1.3649
v 3.4115 1.1960 -1.3649
v 2.8134 0.5000 -1.2557
v 2.2969 0.5000 -1.0070
v 2.2271 1.1960 -1.0946
v 2.7885 1.1960 -1.3649
v 2.2969 0.5000 -1.0070
v 1.9396 0.5000 -0.5588
v 1.8386 1.1960 -0.6074
v 2.2271 1.1960 -1.0946
v 1.9396 0.5000 -0.5588
v 1.8120 0.5000 -0.0000
v 1.7000 1.1960 -0.0000
v 1.8386 1.1960 -0.6074
v 1.8120 0.5000 -0.0000
v 1.9396 0.5000 0.5588
v 1.8386 1.1960 0.6074
v 1.7000 1.1960 -0.0000
v 1.9396 0.5000 0.5588
v 2.2969 0.5000 1.0070
v 2.2271 1.1960 1.0946
v 1.8386 1.1960 0.6074
v 2.2969 0.5000 1.0070
v 2.8134 0.5000 1.2557
v 2.7885 1.1960 1.3649
v 2.2271 1.1960 1.0946
v 2.8134 0.5000 1.2557
v 3.3866 0.5000 1.2557
v 3.4115 1.1960 1.3649
v 2.7885 1.1960 1.3649
v 3.3866 0.5000 1.2557
v 3.9031 0.5000 1.0070
v 3.9729 1.1960 1.0946
v 3.4115 1.1960 1.3649
v 3.9031 0.5000 1.0070
v 4.2604 0.5000 0.5588
v 4.3614 1.1960 0.6074
v 3.9729 1.1960 1.0946
v 4.2604 0.5000 0.5588
v 4.3880 0.5000 0.0000
v 4.5000 1.1960 0.0000
v 4.3614 1.1960 0.6074
v 4.5000 1.1960 0.0000
v 4.3614 1.1960 -0.6074
v 4.3614 5.0240 -0.6074
v 4.5000 5.0240 0.0000
v 4.3614 1.1960 -0.6074
v 3.9729 1.1960 -1.0946
v 3.9729 5.0240 -1.0946
v 4.3614 5.0240 -0.6074
v 3.9729 1.1960 -1.0946
v 3.4115 1.1960 -1.3649
v 3.4115 5.0240 -1.3649
v 3.9729 5.0240 -1.0946
v 3.4115 1.1960 -1.3649
v 2.7885 1.1960 -1.3649
v 2.7885 5.0240 -1.3649
v 3.4115 5.0240 -1.3649
v 2.7885 1.1960 -1.3649
v 2.2271 1.1960 -1.0946
v 2.2271 5.0240 -1.0946
v 2.7885 5.0240 -1.3649
v 2.2271 1.1960 -1.0946
v 1.8386 1.1960 -0.6074
v 1.8386 5.0240 -0.6074
v 2.2271 5.0240 -1.0946
v 1.8386 1.1960 -0.6074
v 1.7000 1.1960 -0.0000
v 1.7000 5.0240 0.0000
v 1.8386 5.0240 -0.6074
v 1.7000 1.1960 -0.0000
v 1.8386 1.1960 0.6074
v 1.8386 5.0240 0.6074
v 1.7000 5.0240 0.0000
v 1.8386 1.1960 0.6074
v 2.2271 1.1960 1.0946
v 2.2271 5.0240 1.0946
v 1.8386 5.0240 0.6074
v 2.2271 1.1960 1.0946
v 2.7885 1.1960 1.3649
v 2.7885 5.0240 1.3649
v 2.2271 5.0240 1.0946
v 2.7885 1.1960 1.3649
v 3.4115 1.1960 1.3649
v 3.4115 5.0240 1.3649
v 2.7885 5.0240 1.3649
v 3.4115 1.1960 1.3649
v 3.9729 1.1960 1.0946
v 3.9729 5.0240 1.0946
v 3.4115 5.0240 1.3649
v 3.9729 1.1960 1.0946
v 4.3614 1.1960 0.6074
v 4.3614 5.0240 0.6074
v 3.9729 5.0240 1.0946
v 4.3614 1.1960 0.6074
v 4.5000 1.1960 0.0000
v 4.5000 5.0240 0.0000
v 4.3614 5.0240 0.6074
v 4.5000 5.0240 0.0000
v 4.3614 5.0240 -0.6074
v 3.7937 6.0100 -0.3341
v 3.8700 6.0100 0.0000
v 4.3614 5.0240 -0.6074
v 3.9729 5.0240 -1.0946
v 3.5801 6.0100 -0.6020
v 3.7937 6.0100 -0.3341
v 3.9729 5.0240 -1.0946
v 3.4115 5.0240 -1.3649
v 3.2713 6.0100 -0.7507
v 3.5801 6.0100 -0.6020
v 3.4115 5.0240 -1.3649
v 2.7885 5.0240 -1.3649
v 2.9287 6.0100 -0.7507
v 3.2713 6.0100 -0.7507
v 2.7885 5.0240 -1.3649
v 2.2271 5.0240 -1.0946
v 2.6199 6.0100 -0.6020
v 2.9287 6.0100 -0.7507
v 2.2271 5.0240 -1.0946
v 1.8386 5.0240 -0.6074
v 2.4063 6.0100 -0.3341
v 2.6199 6.0100 -0.6020
v 1.8386 5.0240 -0.6074
v 1.7000 5.0240 0.0000
v 2.3300 6.0100 0.0000
v 2.4063 6.0100 -0.3341
v 1.7000 5.0240 0.0000
v 1.8386 5.0240 0.6074
v 2.4063 6.0100 0.3341
v 2.3300 6.0100 0.0000
v 1.8386 5.0240 0.6074
v 2.2271 5.0240 1.0946
v 2.6199 6.0100 0.6020
v 2.4063 6.0100 0.3341
v 2.2271 5.0240 1.0946
v 2.7885 5.0240 1.3649
v 2.9287 6.0100 0.7507
v 2.6199 6.0100 0.6020
v 2.7885 5.0240 1.3649
v 3.4115 5.0240 1.3649
v 3.2713 6.0100 0.7507
v 2.9287 6.0100 0.7507
v 3.4115 5.0240 1.3649
v 3.9729 5.0240 1.0946
v 3.5801 6.0100 0.6020
v 3.2713 6.0100 0.7507
v 3.9729 5.0240 1.0946
v 4.3614 5.0240 0.6074
v 3.7937 6.0100 0.3341
v 3.5801 6.0100 0.6020
v 4.3614 5.0240 0.6074
v 4.5000 5.0240 0.0000
v 3.8700 6.0100 0.0000
v 3.7937 6.0100 0.3341
v 3.8700 6.0100 0.0000
v 3.7937 6.0100 -0.3341
v 3.2622 6.3000 -0.0781
v 3.2800 6.3000 0.0000
v 3.7937 6.0100 -0.3341
v 3.5801 6.0100 -0.6020
v 3.2122 6.3000 -0.1407
v 3.2622 6.3000 -0.0781
v 3.5801 6.0100 -0.6020
v 3.2713 6.0100 -0.7507
v 3.1401 6.3000 -0.1755
v 3.2122 6.3000 -0.1407
v 3.2713 6.0100 -0.7507
v 2.9287 6.0100 -0.7507
v 3.0599 6.3000 -0.1755
v 3.1401 6.3000 -0.1755
v 2.9287 6.0100 -0.7507
v 2.6199 6.0100 -0.6020
v 2.9878 6.3000 -0.1407
v 3.0599 6.3000 -0.1755
v 2.6199 6.0100 -0.6020
v 2.4063 6.0100 -0.3341
v 2.9378 6.3000 -0.0781
v 2.9878 6.3000 -0.1407
v 2.4063 6.0100 -0.3341
v 2.3300 6.0100 0.0000
v 2.9200 6.3000 0.0000
v 2.9378 6.3000 -0.0781
v 2.3300 6.0100 0.0000
v 2.4063 6.0100 0.3341
v 2.9378 6.3000 0.0781
v 2.9200 6.3000 0.0000
v 2.4063 6.0100 0.3341
v 2.6199 6.0100 0.6020
v 2.9878 6.3000 0.1407
v 2.9378 6.3000 0.0781
v 2.6199 6.0100 0.6020
v 2.9287 6.0100 0.7507
v 3.0599 6.3000 0.1755
v 2.9878 6.3000 0.1407
v 2.9287 6.0100 0.7507
v 3.2713 6.0100 0.7507
v 3.1401 6.3000 0.1755
v 3.0599 6.3000 0.1755
v 3.2713 6.0100 0.7507
v 3.5801 6.0100 0.6020
v 3.2122 6.3000 0.1407
v 3.1401 6.3000 0.1755
v 3.5801 6.0100 0.6020
v 3.7937 6.0100 0.3341
v 3.2622 6.3000 0.0781
v 3.2122 6.3000 0.1407
v 3.7937 6.0100 0.3341
v 3.8700 6.0100 0.0000
v 3.2800 6.3000 0.0000
v 3.2622 6.3000 0.0781
v 3.2800 6.3000 0.0000
v 3.2622 6.3000 -0.0781
v 3.2122 6.3000 -0.1407
v 3.1401 6.3000 -0.1755
v 3.0599 6.3000 -0.1755
v 2.9878 6.3000 -0.1407
v 2.9378 6.3000 -0.0781
v 2.9200 6.3000 0.0000
v 2.9378 6.3000 0.0781
v 2.9878 6.3000 0.1407
v 3.0599 6.3000 0.1755
v 3.1401 6.3000 0.1755
v 3.2122 6.3000 0.1407
v 3.2622 6.3000 0.0781
v 4.4720 4.7860 -0.0000
v 4.3361 4.7860 0.5953
v 4.4370 4.7860 0.6439
v 4.5840 4.7860 -0.0000
v 4.3361 4.7860 0.5953
v 3.9554 4.7860 1.0727
v 4.0253 4.7860 1.1602
v 4.4370 4.7860 0.6439
v 3.9554 4.7860 1.0727
v 3.4053 4.7860 1.3376
v 3.4302 4.7860 1.4468
v 4.0253 4.7860 1.1602
v 3.4053 4.7860 1.3376
v 2.7947 4.7860 1.3376
v 2.7698 4.7860 1.4468
v 3.4302 4.7860 1.4468
v 2.7947 4.7860 1.3376
v 2.2446 4.7860 1.0727
v 2.1747 4.7860 1.1602
v 2.7698 4.7860 1.4468
v 2.2446 4.7860 1.0727
v 1.8639 4.7860 0.5953
v 1.7630 4.7860 0.6439
v 2.1747 4.7860 1.1602
v 1.8639 4.7860 0.5953
v 1.7280 4.7860 0.0000
v 1.6160 4.7860 0.0000
v 1.7630 4.7860 0.6439
v 1.7280 4.7860 0.0000
v 1.8639 4.7860 -0.5953
v 1.7630 4.7860 -0.6439
v 1.6160 4.7860 0.0000
v 1.8639 4.7860 -0.5953
v 2.2446 4.7860 -1.0727
v 2.1747 4.7860 -1.1602
v 1.7630 4.7860 -0.6439
v 2.2446 4.7860 -1.0727
v 2.7947 4.7860 -1.3376
v 2.7698 4.7860 -1.4468
v 2.1747 4.7860 -1.1602
v 2.7947 4.7860 -1.3376
v 3.4053 4.7860 -1.3376
v 3.4302 4.7860 -1.4468
v 2.7698 4.7860 -1.4468
v 3.4053 4.7860 -1.3376
v 3.9554 4.7860 -1.0727
v 4.0253 4.7860 -1.1602
v 3.4302 4.7860 -1.4468
v 3.9554 4.7860 -1.0727
v 4.3361 4.7860 -0.5953
v 4.4370 4.7860 -0.6439
v 4.0253 4.7860 -1.1602
v 4.3361 4.7860 -0.5953
v 4.4720 4.7860 -0.0000
v 4.5840 4.7860 -0.0000
v 4.4370 4.7860 -0.6439
v 4.5840 4.7860 -0.0000
v 4.4370 4.7860 0.6439
v 4.4370 4.5660 0.6439
v 4.5840 4.5660 0.0000
v 4.4370 4.7860 0.6439
v 4.0253 4.7860 1.1602
v 4.0253 4.5660 1.1602
v 4.4370 4.5660 0.6439
v 4.0253 4.7860 1.1602
v 3.4302 4.7860 1.4468
v 3.4302 4.5660 1.4468
v 4.0253 4.5660 1.1602
v 3.4302 4.7860 1.4468
v 2.7698 4.7860 1.4468
v 2.7698 4.5660 1.4468
v 3.4302 4.5660 1.4468
v 2.7698 4.7860 1.4468
v 2.1747 4.7860 1.1602
v 2.1747 4.5660 1.1602
v 2.7698 4.5660 1.4468
v 2.1747 4.7860 1.1602
v 1.7630 4.7860 0.6439
v 1.7630 4.5660 0.6439
v 2.1747 4.5660 1.1602
v 1.7630 4.7860 0.6439
v 1.6160 4.7860 0.0000
v 1.6160 4.5660 0.0000
v 1.7630 4.5660 0.6439
v 1.6160 4.7860 0.0000
v 1.7630 4.7860 -0.6439
v 1.7630 4.5660 -0.6439
v 1.6160 4.5660 0.0000
v 1.7630 4.7860 -0.6439
v 2.1747 4.7860 -1.1602
v 2.1747 4.5660 -1.1602
v 1.7630 4.5660 -0.6439
v 2.1747 4.7860 -1.1602
v 2.7698 4.7860 -1.4468
v 2.7698 4.5660 -1.4468
v 2.1747 4.5660 -1.1602
v 2.7698 4.7860 -1.4468
v 3.4302 4.7860 -1.4468
v 3.4302 4.5660 -1.4468
v 2.7698 4.5660 -1.4468
v 3.4302 4.7860 -1.4468
v 4.0253 4.7860 -1.1602
v 4.0253 4.5660 -1.1602
v 3.4302 4.5660 -1.4468
v 4.0253 4.7860 -1.1602
v 4.4370 4.7860 -0.6439
v 4.4370 4.5660 -0.6439
v 4.0253 4.5660 -1.1602
v 4.4370 4.7860 -0.6439
v 4.5840 4.7860 -0.0000
v 4.5840 4.5660 0.0000
v 4.4370 4.5660 -0.6439
v 4.5840 4.5660 0.0000
v 4.4370 4.5660 0.6439
v 4.3361 4.5660 0.5953
v 4.4720 4.5660 0.0000
v 4.4370 4.5660 0.6439
v 4.0253 4.5660 1.1602
v 3.9554 4.5660 1.0727
v 4.3361 4.5660 0.5953
v 4.0253 4.5660 1.1602
v 3.4302 4.5660 1.4468
v 3.4053 4.5660 1.3376
v 3.9554 4.5660 1.0727
v 3.4302 4.5660 1.4468
v 2.7698 4.5660 1.4468
v 2.7947 4.5660 1.3376
v 3.4053 4.5660 1.3376
v 2.7698 4.5660 1.4468
v 2.1747 4.5660 1.1602
v 2.2446 4.5660 1.0727
v 2.7947 4.5660 1.3376
v 2.1747 4.5660 1.1602
v 1.7630 4.5660 0.6439
v 1.8639 4.5660 0.5953
v 2.2446 4.5660 1.0727
v 1.7630 4.5660 0.6439
v 1.6160 4.5660 0.0000
v 1.7280 4.5660 0.0000
v 1.8639 4.5660 0.5953
v 1.6160 4.5660 0.0000
v 1.7630 4.5660 -0.6439
v 1.8639 4.5660 -0.5953
v 1.7280 4.5660 0.0000
v 1.7630 4.5660 -0.6439
v 2.1747 4.5660 -1.1602
v 2.2446 4.5660 -1.0727
v 1.8639 4.5660 -0.5953
v 2.1747 4.5660 -1.1602
v 2.7698 4.5660 -1.4468
v 2.7947 4.5660 -1.3376
v 2.2446 4.5660 -1.0727
v 2.7698 4.5660 -1.4468
v 3.4302 4.5660 -1.4468
v 3.4053 4.5660 -1.3376
v 2.7947 4.5660 -1.3376
v 3.4302 4.5660 -1.4468
v 4.0253 4.5660 -1.1602
v 3.9554 4.5660 -1.0727
v 3.4053 4.5660 -1.3376
v 4.0253 4.5660 -1.1602
v 4.4370 4.5660 -0.6439
v 4.3361 4.5660 -0.5953
v 3.9554 4.5660 -1.0727
v 4.4370 4.5660 -0.6439
v 4.5840 4.5660 0.0000
v 4.4720 4.5660 0.0000
v 4.3361 4.5660 -0.5953
v 4.4720 4.5660 0.0000
v 4.3361 4.5660 0.5953
v 4.3361 4.7860 0.5953
v 4.4720 4.7860 -0.0000
v 4.3361 4.5660 0.5953
v 3.9554 4.5660 1.0727
v 3.9554 4.7860 1.0727
v 4.3361 4.7860 0.5953
v 3.9554 4.5660 1.0727
v 3.4053 4.5660 1.3376
v 3.4053 4.7860 1.3376
v 3.9554 4.7860 1.0727
v 3.4053 4.5660 1.3376
v 2.7947 4.5660 1.3376
v 2.7947 4.7860 1.3376
v 3.4053 4.7860 1.3376
v 2.7947 4.5660 1.3376
v 2.2446 4.5660 1.0727
v 2.2446 4.7860 1.0727
v 2.7947 4.7860 1.3376
v 2.2446 4.5660 1.0727
v 1.8639 4.5660 0.5953
v 1.8639 4.7860 0.5953
v 2.2446 4.7860 1.0727
v 1.8639 4.5660 0.5953
v 1.7280 4.5660 0.0000
v 1.7280 4.7860 0.0000
v 1.8639 4.7860 0.5953
v 1.7280 4.5660 0.0000
v 1.8639 4.5660 -0.5953
v 1.8639 4.7860 -0.5953
v 1.7280 4.7860 0.0000
v 1.8639 4.5660 -0.5953
v 2.2446 4.5660 -1.0727
v 2.2446 4.7860 -1.0727
v 1.8639 4.7860 -0.5953
v 2.2446 4.5660 -1.0727
v 2.7947 4.5660 -1.3376
v 2.7947 4.7860 -1.3376
v 2.2446 4.7860 -1.0727
v 2.7947 4.5660 -1.3376
v 3.4053 4.5660 -1.3376
v 3.4053 4.7860 -1.3376
v 2.7947 4.7860 -1.3376
v 3.4053 4.5660 -1.3376
v 3.9554 4.5660 -1.0727
v 3.9554 4.7860 -1.0727
v 3.4053 4.7860 -1.3376
v 3.9554 4.5660 -1.0727
v 4.3361 4.5660 -0.5953
v 4.3361 4.7860 -0.5953
v 3.9554 4.7860 -1.0727
v 4.3361 4.5660 -0.5953
v 4.4720 4.5660 0.0000
v 4.4720 4.7860 -0.0000
v 4.3361 4.7860 -0.5953
v -2.9000 4.6000 0.2400
v -2.9000 4.7131 0.2869
v 0.1000 4.7131 0.2869
v 0.1000 4.6000 0.2400
v -2.9000 4.7131 0.2869
v -2.9000 4.7600 0.4000
v 0.1000 4.7600 0.4000
v 0.1000 4.7131 0.2869
v -2.9000 4.7600 0.4000
v -2.9000 4.7131 0.5131
v 0.1000 4.7131 0.5131
v 0.1000 4.7600 0.4000
v -2.9000 4.7131 0.5131
v -2.9000 4.6000 0.5600
v 0.1000 4.6000 0.5600
v 0.1000 4.7131 0.5131
v -2.9000 4.6000 0.5600
v -2.9000 4.4869 0.5131
v 0.1000 4.4869 0.5131
v 0.1000 4.6000 0.5600
v -2.9000 4.4869 0.5131
v -2.9000 4.4400 0.4000
v 0.1000 4.4400 0.4000
v 0.1000 4.4869 0.5131
v -2.9000 4.4400 0.4000
v -2.9000 4.4869 0.2869
v 0.1000 4.4869 0.2869
v 0.1000 4.4400 0.4000
v -2.9000 4.4869 0.2869
v -2.9000 4.6000 0.2400
v 0.1000 4.6000 0.2400
v 0.1000 4.4869 0.2869
v -2.9000 4.4869 0.2869
v -2.9000 4.4400 0.4000
v -2.9000 4.4869 0.5131
v -2.9000 4.6000 0.5600
v -2.9000 4.7131 0.5131
v -2.9000 4.7600 0.4000
v -2.9000 4.7131 0.2869
v -2.9000 4.6000 0.2400
v 0.1000 4.6000 0.2400
v 0.1000 4.7131 0.2869
v 0.1000 4.7600 0.4000
v 0.1000 4.7131 0.5131
v 0.1000 4.6000 0.5600
v 0.1000 4.4869 0.5131
v 0.1000 4.4400 0.4000
v 0.1000 4.4869 0.2869
v 0.1000 4.6000 0.2400
v 0.1000 4.7131 0.2869
v 3.1000 4.7131 0.2869
v 3.1000 4.6000 0.2400
v 0.1000 4.7131 0.2869
v 0.1000 4.7600 0.4000
v 3.1000 4.7600 0.4000
v 3.1000 4.7131 0.2869
v 0.1000 4.7600 0.4000
v 0.1000 4.7131 0.5131
v 3.1000 4.7131 0.5131
v 3.1000 4.7600 0.4000
v 0.1000 4.7131 0.5131
v 0.1000 4.6000 0.5600
v 3.1000 4.6000 0.5600
v 3.1000 4.7131 0.5131
v 0.1000 4.6000 0.5600
v 0.1000 4.4869 0.5131
v 3.1000 4.4869 0.5131
v 3.1000 4.6000 0.5600
v 0.1000 4.4869 0.5131
v 0.1000 4.4400 0.4000
v 3.1000 4.4400 0.4000
v 3.1000 4.4869 0.5131
v 0.1000 4.4400 0.4000
v 0.1000 4.4869 0.2869
v 3.1000 4.4869 0.2869
v 3.1000 4.4400 0.4000
v 0.1000 4.4869 0.2869
v 0.1000 4.6000 0.2400
v 3.1000 4.6000 0.2400
v 3.1000 4.4869 0.2869
v 0.1000 4.4869 0.2869
v 0.1000 4.4400 0.4000
v 0.1000 4.4869 0.5131
v 0.1000 4.6000 0.5600
v 0.1000 4.7131 0.5131
v 0.1000 4.7600 0.4000
v 0.1000 4.7131 0.2869
v 0.1000 4.6000 0.2400
v 3.1000 4.6000 0.2400
v 3.1000 4.7131 0.2869
v 3.1000 4.7600 0.4000
v 3.1000 4.7131 0.5131
v 3.1000 4.6000 0.5600
v 3.1000 4.4869 0.5131
v 3.1000 4.4400 0.4000
v 3.1000 4.4869 0.2869
v -0.1500 0.5000 1.7200
v -0.1500 6.1000 1.7200
v 0.3500 6.1000 1.7200
v 0.3500 0.5000 1.7200
v 0.3500 0.5000 1.8400
v 0.3500 6.1000 1.8400
v -0.1500 6.1000 1.8400
v -0.1500 0.5000 1.8400
v -0.1500 6.1000 1.7200
v -0.1500 6.1000 1.8400
v 0.3500 6.1000 1.8400
v 0.3500 6.1000 1.7200
v -0.1500 0.5000 1.7200
v 0.3500 0.5000 1.7200
v 0.3500 0.5000 1.8400
v -0.1500 0.5000 1.8400
v 0.3500 0.5000 1.7200
v 0.3500 6.1000 1.7200
v 0.3500 6.1000 1.8400
v 0.3500 0.5000 1.8400
v -0.1500 0.5000 1.8400
v -0.1500 6.1000 1.8400
v -0.1500 6.1000 1.7200
v -0.1500 0.5000 1.7200
vt 0.5053 0.2782
vt 0.5053 0.4718
vt 0.7447 0.4718
vt 0.7447 0.2782
vt 0.7447 0.2782
vt 0.7447 0.4718
vt 0.5053 0.4718
vt 0.5053 0.2782
vt 0.5053 0.2566
vt 0.5053 0.4934
vt 0.7447 0.4934
vt 0.7447 0.2566
vt 0.5053 0.2566
vt 0.7447 0.2566
vt 0.7447 0.4934
vt 0.5053 0.4934
vt 0.5066 0.2782
vt 0.5066 0.4718
vt 0.7434 0.4718
vt 0.7434 0.2782
vt 0.7434 0.2782
vt 0.7434 0.4718
vt 0.5066 0.4718
vt 0.5066 0.2782
vt 0.5053 0.4960
vt 0.7447 0.4960
vt 0.7447 0.4718
vt 0.5053 0.4718
vt 0.7447 0.4960
vt 0.5053 0.4960
vt 0.5053 0.4718
vt 0.7447 0.4718
vt 0.7447 0.2540
vt 0.5053 0.2540
vt 0.5053 0.2782
vt 0.7447 0.2782
vt 0.5053 0.2540
vt 0.7447 0.2540
vt 0.7447 0.2782
vt 0.5053 0.2782
vt 0.5066 0.4718
vt 0.7434 0.4718
vt 0.7434 0.4960
vt 0.5066 0.4960
vt 0.7434 0.2782
vt 0.5066 0.2782
vt 0.5066 0.2540
vt 0.7434 0.2540
vt 0.7434 0.4718
vt 0.5066 0.4718
vt 0.5066 0.4960
vt 0.7434 0.4960
vt 0.5066 0.2782
vt 0.7434 0.2782
vt 0.7434 0.2540
vt 0.5066 0.2540
vt 0.7460 0.4718
vt 0.7447 0.4718
vt 0.7447 0.2782
vt 0.7460 0.2782
vt 0.7460 0.2782
vt 0.7447 0.2782
vt 0.7447 0.4718
vt 0.7460 0.4718
vt 0.5040 0.2782
vt 0.5053 0.2782
vt 0.5053 0.4718
vt 0.5040 0.4718
vt 0.5040 0.4718
vt 0.5053 0.4718
vt 0.5053 0.2782
vt 0.5040 0.2782
vt 0.7434 0.4960
vt 0.7434 0.4718
vt 0.7460 0.4718
vt 0.7460 0.4718
vt 0.7434 0.4718
vt 0.7434 0.4960
vt 0.7460 0.2782
vt 0.7434 0.2782
vt 0.7434 0.2540
vt 0.7434 0.2540
vt 0.7434 0.2782
vt 0.7460 0.2782
vt 0.5040 0.4718
vt 0.5066 0.4718
vt 0.5066 0.4960
vt 0.5066 0.4960
vt 0.5066 0.4718
vt 0.5040 0.4718
vt 0.5066 0.2540
vt 0.5066 0.2782
vt 0.5040 0.2782
vt 0.5040 0.2782
vt 0.5066 0.2782
vt 0.5066 0.2540
vt 0.2500 0.5040
vt 0.1493 0.5040
vt 0.1405 0.5630
vt 0.2500 0.5630
vt 0.1493 0.5040
vt 0.0685 0.5040
vt 0.0527 0.5630
vt 0.1405 0.5630
vt 0.3911 0.5040
vt 0.3004 0.5040
vt 0.3047 0.5630
vt 0.4034 0.5630
vt 0.3004 0.5040
vt 0.1996 0.5040
vt 0.1953 0.5630
vt 0.3047 0.5630
vt 0.1996 0.5040
vt 0.1089 0.5040
vt 0.0966 0.5630
vt 0.1953 0.5630
vt 0.0685 0.5040
vt 0.1493 0.5040
vt 0.1405 0.5630
vt 0.0527 0.5630
vt 0.1493 0.5040
vt 0.2500 0.5040
vt 0.2500 0.5630
vt 0.1405 0.5630
vt 0.2500 0.5040
vt 0.3507 0.5040
vt 0.3595 0.5630
vt 0.2500 0.5630
vt 0.3507 0.5040
vt 0.4315 0.5040
vt 0.4473 0.5630
vt 0.3595 0.5630
vt 0.1089 0.5040
vt 0.1996 0.5040
vt 0.1953 0.5630
vt 0.0966 0.5630
vt 0.1996 0.5040
vt 0.3004 0.5040
vt 0.3047 0.5630
vt 0.1953 0.5630
vt 0.3004 0.5040
vt 0.3911 0.5040
vt 0.4034 0.5630
vt 0.3047 0.5630
vt 0.4315 0.5040
vt 0.3507 0.5040
vt 0.3595 0.5630
vt 0.4473 0.5630
vt 0.3507 0.5040
vt 0.2500 0.5040
vt 0.2500 0.5630
vt 0.3595 0.5630
vt 0.2500 0.5630
vt 0.1405 0.5630
vt 0.1405 0.8878
vt 0.2500 0.8878
vt 0.1405 0.5630
vt 0.0527 0.5630
vt 0.0527 0.8878
vt 0.1405 0.8878
vt 0.4034 0.5630
vt 0.3047 0.5630
vt 0.3047 0.8878
vt 0.4034 0.8878
vt 0.3047 0.5630
vt 0.1953 0.5630
vt 0.1953 0.8878
vt 0.3047 0.8878
vt 0.1953 0.5630
vt 0.0966 0.5630
vt 0.0966 0.8878
vt 0.1953 0.8878
vt 0.0527 0.5630
vt 0.1405 0.5630
vt 0.1405 0.8878
vt 0.0527 0.8878
vt 0.1405 0.5630
vt 0.2500 0.5630
vt 0.2500 0.8878
vt 0.1405 0.8878
vt 0.2500 0.5630
vt 0.3595 0.5630
vt 0.3595 0.8878
vt 0.2500 0.8878
vt 0.3595 0.5630
vt 0.4473 0.5630
vt 0.4473 0.8878
vt 0.3595 0.8878
vt 0.0966 0.5630
vt 0.1953 0.5630
vt 0.1953 0.8878
vt 0.0966 0.8878
vt 0.1953 0.5630
vt 0.3047 0.5630
vt 0.3047 0.8878
vt 0.1953 0.8878
vt 0.3047 0.5630
vt 0.4034 0.5630
vt 0.4034 0.8878
vt 0.3047 0.8878
vt 0.4473 0.5630
vt 0.3595 0.5630
vt 0.3595 0.8878
vt 0.4473 0.8878
vt 0.3595 0.5630
vt 0.2500 0.5630
vt 0.2500 0.8878
vt 0.3595 0.8878
vt 0.2500 0.8878
vt 0.1405 0.8878
vt 0.1898 0.9714
vt 0.2500 0.9714
vt 0.1405 0.8878
vt 0.0527 0.8878
vt 0.1415 0.9714
vt 0.1898 0.9714
vt 0.4034 0.8878
vt 0.3047 0.8878
vt 0.2801 0.9714
vt 0.3344 0.9714
vt 0.3047 0.8878
vt 0.1953 0.8878
vt 0.2199 0.9714
vt 0.2801 0.9714
vt 0.1953 0.8878
vt 0.0966 0.8878
vt 0.1656 0.9714
vt 0.2199 0.9714
vt 0.0527 0.8878
vt 0.1405 0.8878
vt 0.1898 0.9714
vt 0.1415 0.9714
vt 0.1405 0.8878
vt 0.2500 0.8878
vt 0.2500 0.9714
vt 0.1898 0.9714
vt 0.2500 0.8878
vt 0.3595 0.8878
vt 0.3102 0.9714
vt 0.2500 0.9714
vt 0.3595 0.8878
vt 0.4473 0.8878
vt 0.3585 0.9714
vt 0.3102 0.9714
vt 0.0966 0.8878
vt 0.1953 0.8878
vt 0.2199 0.9714
vt 0.1656 0.9714
vt 0.1953 0.8878
vt 0.3047 0.8878
vt 0.2801 0.9714
vt 0.2199 0.9714
vt 0.3047 0.8878
vt 0.4034 0.8878
vt 0.3344 0.9714
vt 0.2801 0.9714
vt 0.4473 0.8878
vt 0.3595 0.8878
vt 0.3102 0.9714
vt 0.3585 0.9714
vt 0.3595 0.8878
vt 0.2500 0.8878
vt 0.2500 0.9714
vt 0.3102 0.9714
vt 0.3853 0.7500
vt 0.3719 0.6898
vt 0.2757 0.7373
vt 0.2786 0.7500
vt 0.3719 0.6898
vt 0.3344 0.6415
vt 0.2678 0.7271
vt 0.2757 0.7373
vt 0.3344 0.6415
vt 0.2801 0.6147
vt 0.2564 0.7214
vt 0.2678 0.7271
vt 0.2801 0.6147
vt 0.2199 0.6147
vt 0.2436 0.7214
vt 0.2564 0.7214
vt 0.2199 0.6147
vt 0.1656 0.6415
vt 0.2322 0.7271
vt 0.2436 0.7214
vt 0.1656 0.6415
vt 0.1281 0.6898
vt 0.2243 0.7373
vt 0.2322 0.7271
vt 0.1281 0.6898
vt 0.1147 0.7500
vt 0.2214 0.7500
vt 0.2243 0.7373
vt 0.1147 0.7500
vt 0.1281 0.8102
vt 0.2243 0.7627
vt 0.2214 0.7500
vt 0.1281 0.8102
vt 0.1656 0.8585
vt 0.2322 0.7729
vt 0.2243 0.7627
vt 0.1656 0.8585
vt 0.2199 0.8853
vt 0.2436 0.7786
vt 0.2322 0.7729
vt 0.2199 0.8853
vt 0.2801 0.8853
vt 0.2564 0.7786
vt 0.2436 0.7786
vt 0.2801 0.8853
vt 0.3344 0.8585
vt 0.2678 0.7729
vt 0.2564 0.7786
vt 0.3344 0.8585
vt 0.3719 0.8102
vt 0.2757 0.7627
vt 0.2678 0.7729
vt 0.3719 0.8102
vt 0.3853 0.7500
vt 0.2786 0.7500
vt 0.2757 0.7627
vt 0.2786 0.7500
vt 0.2757 0.7373
vt 0.2678 0.7271
vt 0.2564 0.7214
vt 0.2436 0.7214
vt 0.2322 0.7271
vt 0.2243 0.7373
vt 0.2214 0.7500
vt 0.2243 0.7627
vt 0.2322 0.7729
vt 0.2436 0.7786
vt 0.2564 0.7786
vt 0.2678 0.7729
vt 0.2757 0.7627
vt 0.2369 0.1250
vt 0.2258 0.1748
vt 0.2340 0.1789
vt 0.2460 0.1250
vt 0.2258 0.1748
vt 0.1947 0.2147
vt 0.2004 0.2220
vt 0.2340 0.1789
vt 0.1947 0.2147
vt 0.1499 0.2369
vt 0.1519 0.2460
vt 0.2004 0.2220
vt 0.1499 0.2369
vt 0.1001 0.2369
vt 0.0981 0.2460
vt 0.1519 0.2460
vt 0.1001 0.2369
vt 0.0553 0.2147
vt 0.0496 0.2220
vt 0.0981 0.2460
vt 0.0553 0.2147
vt 0.0242 0.1748
vt 0.0160 0.1789
vt 0.0496 0.2220
vt 0.0242 0.1748
vt 0.0131 0.1250
vt 0.0040 0.1250
vt 0.0160 0.1789
vt 0.0131 0.1250
vt 0.0242 0.0752
vt 0.0160 0.0711
vt 0.0040 0.1250
vt 0.0242 0.0752
vt 0.0553 0.0353
vt 0.0496 0.0280
vt 0.0160 0.0711
vt 0.0553 0.0353
vt 0.1001 0.0131
vt 0.0981 0.0040
vt 0.0496 0.0280
vt 0.1001 0.0131
vt 0.1499 0.0131
vt 0.1519 0.0040
vt 0.0981 0.0040
vt 0.1499 0.0131
vt 0.1947 0.0353
vt 0.2004 0.0280
vt 0.1519 0.0040
vt 0.1947 0.0353
vt 0.2258 0.0752
vt 0.2340 0.0711
vt 0.2004 0.0280
vt 0.2258 0.0752
vt 0.2369 0.1250
vt 0.2460 0.1250
vt 0.2340 0.0711
vt 0.1250 0.2460
vt 0.1789 0.2460
vt 0.1789 0.0040
vt 0.1250 0.0040
vt 0.1789 0.2460
vt 0.2220 0.2460
vt 0.2220 0.0040
vt 0.1789 0.0040
vt 0.2004 0.2460
vt 0.1519 0.2460
vt 0.1519 0.0040
vt 0.2004 0.0040
vt 0.1519 0.2460
vt 0.0981 0.2460
vt 0.0981 0.0040
vt 0.1519 0.0040
vt 0.0981 0.2460
vt 0.0496 0.2460
vt 0.0496 0.0040
vt 0.0981 0.0040
vt 0.2220 0.2460
vt 0.1789 0.2460
vt 0.1789 0.0040
vt 0.2220 0.0040
vt 0.1789 0.2460
vt 0.1250 0.2460
vt 0.1250 0.0040
vt 0.1789 0.0040
vt 0.1250 0.2460
vt 0.0711 0.2460
vt 0.0711 0.0040
vt 0.1250 0.0040
vt 0.0711 0.2460
vt 0.0280 0.2460
vt 0.0280 0.0040
vt 0.0711 0.0040
vt 0.0496 0.2460
vt 0.0981 0.2460
vt 0.0981 0.0040
vt 0.0496 0.0040
vt 0.0981 0.2460
vt 0.1519 0.2460
vt 0.1519 0.0040
vt 0.0981 0.0040
vt 0.1519 0.2460
vt 0.2004 0.2460
vt 0.2004 0.0040
vt 0.1519 0.0040
vt 0.0280 0.2460
vt 0.0711 0.2460
vt 0.0711 0.0040
vt 0.0280 0.0040
vt 0.0711 0.2460
vt 0.1250 0.2460
vt 0.1250 0.0040
vt 0.0711 0.0040
vt 0.2460 0.1250
vt 0.2340 0.1789
vt 0.2258 0.1748
vt 0.2369 0.1250
vt 0.2340 0.1789
vt 0.2004 0.2220
vt 0.1947 0.2147
vt 0.2258 0.1748
vt 0.2004 0.2220
vt 0.1519 0.2460
vt 0.1499 0.2369
vt 0.1947 0.2147
vt 0.1519 0.2460
vt 0.0981 0.2460
vt 0.1001 0.2369
vt 0.1499 0.2369
vt 0.0981 0.2460
vt 0.0496 0.2220
vt 0.0553 0.2147
vt 0.1001 0.2369
vt 0.0496 0.2220
vt 0.0160 0.1789
vt 0.0242 0.1748
vt 0.0553 0.2147
vt 0.0160 0.1789
vt 0.0040 0.1250
vt 0.0131 0.1250
vt 0.0242 0.1748
vt 0.0040 0.1250
vt 0.0160 0.0711
vt 0.0242 0.0752
vt 0.0131 0.1250
vt 0.0160 0.0711
vt 0.0496 0.0280
vt 0.0553 0.0353
vt 0.0242 0.0752
vt 0.0496 0.0280
vt 0.0981 0.0040
vt 0.1001 0.0131
vt 0.0553 0.0353
vt 0.0981 0.0040
vt 0.1519 0.0040
vt 0.1499 0.0131
vt 0.1001 0.0131
vt 0.1519 0.0040
vt 0.2004 0.0280
vt 0.1947 0.0353
vt 0.1499 0.0131
vt 0.2004 0.0280
vt 0.2340 0.0711
vt 0.2258 0.0752
vt 0.1947 0.0353
vt 0.2340 0.0711
vt 0.2460 0.1250
vt 0.2369 0.1250
vt 0.2258 0.0752
vt 0.1250 0.0040
vt 0.1748 0.0040
vt 0.1748 0.2460
vt 0.1250 0.2460
vt 0.1748 0.0040
vt 0.2147 0.0040
vt 0.2147 0.2460
vt 0.1748 0.2460
vt 0.1947 0.0040
vt 0.1499 0.0040
vt 0.1499 0.2460
vt 0.1947 0.2460
vt 0.1499 0.0040
vt 0.1001 0.0040
vt 0.1001 0.2460
vt 0.1499 0.2460
vt 0.1001 0.0040
vt 0.0553 0.0040
vt 0.0553 0.2460
vt 0.1001 0.2460
vt 0.2147 0.0040
vt 0.1748 0.0040
vt 0.1748 0.2460
vt 0.2147 0.2460
vt 0.1748 0.0040
vt 0.1250 0.0040
vt 0.1250 0.2460
vt 0.1748 0.2460
vt 0.1250 0.0040
vt 0.0752 0.0040
vt 0.0752 0.2460
vt 0.1250 0.2460
vt 0.0752 0.0040
vt 0.0353 0.0040
vt 0.0353 0.2460
vt 0.0752 0.2460
vt 0.0553 0.0040
vt 0.1001 0.0040
vt 0.1001 0.2460
vt 0.0553 0.2460
vt 0.1001 0.0040
vt 0.1499 0.0040
vt 0.1499 0.2460
vt 0.1001 0.2460
vt 0.1499 0.0040
vt 0.1947 0.0040
vt 0.1947 0.2460
vt 0.1499 0.2460
vt 0.0353 0.0040
vt 0.0752 0.0040
vt 0.0752 0.2460
vt 0.0353 0.2460
vt 0.0752 0.0040
vt 0.1250 0.0040
vt 0.1250 0.2460
vt 0.0752 0.2460
vt 0.2500 0.5040
vt 0.1493 0.5040
vt 0.1405 0.5630
vt 0.2500 0.5630
vt 0.1493 0.5040
vt 0.0685 0.5040
vt 0.0527 0.5630
vt 0.1405 0.5630
vt 0.3911 0.5040
vt 0.3004 0.5040
vt 0.3047 0.5630
vt 0.4034 0.5630
vt 0.3004 0.5040
vt 0.1996 0.5040
vt 0.1953 0.5630
vt 0.3047 0.5630
vt 0.1996 0.5040
vt 0.1089 0.5040
vt 0.0966 0.5630
vt 0.1953 0.5630
vt 0.0685 0.5040
vt 0.1493 0.5040
vt 0.1405 0.5630
vt 0.0527 0.5630
vt 0.1493 0.5040
vt 0.2500 0.5040
vt 0.2500 0.5630
vt 0.1405 0.5630
vt 0.2500 0.5040
vt 0.3507 0.5040
vt 0.3595 0.5630
vt 0.2500 0.5630
vt 0.3507 0.5040
vt 0.4315 0.5040
vt 0.4473 0.5630
vt 0.3595 0.5630
vt 0.1089 0.5040
vt 0.1996 0.5040
vt 0.1953 0.5630
vt 0.0966 0.5630
vt 0.1996 0.5040
vt 0.3004 0.5040
vt 0.3047 0.5630
vt 0.1953 0.5630
vt 0.3004 0.5040
vt 0.3911 0.5040
vt 0.4034 0.5630
vt 0.3047 0.5630
vt 0.4315 0.5040
vt 0.3507 0.5040
vt 0.3595 0.5630
vt 0.4473 0.5630
vt 0.3507 0.5040
vt 0.2500 0.5040
vt 0.2500 0.5630
vt 0.3595 0.5630
vt 0.2500 0.5630
vt 0.1405 0.5630
vt 0.1405 0.8878
vt 0.2500 0.8878
vt 0.1405 0.5630
vt 0.0527 0.5630
vt 0.0527 0.8878
vt 0.1405 0.8878
vt 0.4034 0.5630
vt 0.3047 0.5630
vt 0.3047 0.8878
vt 0.4034 0.8878
vt 0.3047 0.5630
vt 0.1953 0.5630
vt 0.1953 0.8878
vt 0.3047 0.8878
vt 0.1953 0.5630
vt 0.0966 0.5630
vt 0.0966 0.8878
vt 0.1953 0.8878
vt 0.0527 0.5630
vt 0.1405 0.5630
vt 0.1405 0.8878
vt 0.0527 0.8878
vt 0.1405 0.5630
vt 0.2500 0.5630
vt 0.2500 0.8878
vt 0.1405 0.8878
vt 0.2500 0.5630
vt 0.3595 0.5630
vt 0.3595 0.8878
vt 0.2500 0.8878
vt 0.3595 0.5630
vt 0.4473 0.5630
vt 0.4473 0.8878
vt 0.3595 0.8878
vt 0.0966 0.5630
vt 0.1953 0.5630
vt 0.1953 0.8878
vt 0.0966 0.8878
vt 0.1953 0.5630
vt 0.3047 0.5630
vt 0.3047 0.8878
vt 0.1953 0.8878
vt 0.3047 0.5630
vt 0.4034 0.5630
vt 0.4034 0.8878
vt 0.3047 0.8878
vt 0.4473 0.5630
vt 0.3595 0.5630
vt 0.3595 0.8878
vt 0.4473 0.8878
vt 0.3595 0.5630
vt 0.2500 0.5630
vt 0.2500 0.8878
vt 0.3595 0.8878
vt 0.2500 0.8878
vt 0.1405 0.8878
vt 0.1898 0.9714
vt 0.2500 0.9714
vt 0.1405 0.8878
vt 0.0527 0.8878
vt 0.1415 0.9714
vt 0.1898 0.9714
vt 0.4034 0.8878
vt 0.3047 0.8878
vt 0.2801 0.9714
vt 0.3344 0.9714
vt 0.3047 0.8878
vt 0.1953 0.8878
vt 0.2199 0.9714
vt 0.2801 0.9714
vt 0.1953 0.8878
vt 0.0966 0.8878
vt 0.1656 0.9714
vt 0.2199 0.9714
vt 0.0527 0.8878
vt 0.1405 0.8878
vt 0.1898 0.9714
vt 0.1415 0.9714
vt 0.1405 0.8878
vt 0.2500 0.8878
vt 0.2500 0.9714
vt 0.1898 0.9714
vt 0.2500 0.8878
vt 0.3595 0.8878
vt 0.3102 0.9714
vt 0.2500 0.9714
vt 0.3595 0.8878
vt 0.4473 0.8878
vt 0.3585 0.9714
vt 0.3102 0.9714
vt 0.0966 0.8878
vt 0.1953 0.8878
vt 0.2199 0.9714
vt 0.1656 0.9714
vt 0.1953 0.8878
vt 0.3047 0.8878
vt 0.2801 0.9714
vt 0.2199 0.9714
vt 0.3047 0.8878
vt 0.4034 0.8878
vt 0.3344 0.9714
vt 0.2801 0.9714
vt 0.4473 0.8878
vt 0.3595 0.8878
vt 0.3102 0.9714
vt 0.3585 0.9714
vt 0.3595 0.8878
vt 0.2500 0.8878
vt 0.2500 0.9714
vt 0.3102 0.9714
vt 0.3853 0.7500
vt 0.3719 0.6898
vt 0.2735 0.7384
vt 0.2760 0.7500
vt 0.3719 0.6898
vt 0.3344 0.6415
vt 0.2662 0.7291
vt 0.2735 0.7384
vt 0.3344 0.6415
vt 0.2801 0.6147
vt 0.2558 0.7240
vt 0.2662 0.7291
vt 0.2801 0.6147
vt 0.2199 0.6147
vt 0.2442 0.7240
vt 0.2558 0.7240
vt 0.2199 0.6147
vt 0.1656 0.6415
vt 0.2338 0.7291
vt 0.2442 0.7240
vt 0.1656 0.6415
vt 0.1281 0.6898
vt 0.2265 0.7384
vt 0.2338 0.7291
vt 0.1281 0.6898
vt 0.1147 0.7500
vt 0.2240 0.7500
vt 0.2265 0.7384
vt 0.1147 0.7500
vt 0.1281 0.8102
vt 0.2265 0.7616
vt 0.2240 0.7500
vt 0.1281 0.8102
vt 0.1656 0.8585
vt 0.2338 0.7709
vt 0.2265 0.7616
vt 0.1656 0.8585
vt 0.2199 0.8853
vt 0.2442 0.7760
vt 0.2338 0.7709
vt 0.2199 0.8853
vt 0.2801 0.8853
vt 0.2558 0.7760
vt 0.2442 0.7760
vt 0.2801 0.8853
vt 0.3344 0.8585
vt 0.2662 0.7709
vt 0.2558 0.7760
vt 0.3344 0.8585
vt 0.3719 0.8102
vt 0.2735 0.7616
vt 0.2662 0.7709
vt 0.3719 0.8102
vt 0.3853 0.7500
vt 0.2760 0.7500
vt 0.2735 0.7616
vt 0.2760 0.7500
vt 0.2735 0.7384
vt 0.2662 0.7291
vt 0.2558 0.7240
vt 0.2442 0.7240
vt 0.2338 0.7291
vt 0.2265 0.7384
vt 0.2240 0.7500
vt 0.2265 0.7616
vt 0.2338 0.7709
vt 0.2442 0.7760
vt 0.2558 0.7760
vt 0.2662 0.7709
vt 0.2735 0.7616
vt 0.2369 0.1250
vt 0.2258 0.1748
vt 0.2340 0.1789
vt 0.2460 0.1250
vt 0.2258 0.1748
vt 0.1947 0.2147
vt 0.2004 0.2220
vt 0.2340 0.1789
vt 0.1947 0.2147
vt 0.1499 0.2369
vt 0.1519 0.2460
vt 0.2004 0.2220
vt 0.1499 0.2369
vt 0.1001 0.2369
vt 0.0981 0.2460
vt 0.1519 0.2460
vt 0.1001 0.2369
vt 0.0553 0.2147
vt 0.0496 0.2220
vt 0.0981 0.2460
vt 0.0553 0.2147
vt 0.0242 0.1748
vt 0.0160 0.1789
vt 0.0496 0.2220
vt 0.0242 0.1748
vt 0.0131 0.1250
vt 0.0040 0.1250
vt 0.0160 0.1789
vt 0.0131 0.1250
vt 0.0242 0.0752
vt 0.0160 0.0711
vt 0.0040 0.1250
vt 0.0242 0.0752
vt 0.0553 0.0353
vt 0.0496 0.0280
vt 0.0160 0.0711
vt 0.0553 0.0353
vt 0.1001 0.0131
vt 0.0981 0.0040
vt 0.0496 0.0280
vt 0.1001 0.0131
vt 0.1499 0.0131
vt 0.1519 0.0040
vt 0.0981 0.0040
vt 0.1499 0.0131
vt 0.1947 0.0353
vt 0.2004 0.0280
vt 0.1519 0.0040
vt 0.1947 0.0353
vt 0.2258 0.0752
vt 0.2340 0.0711
vt 0.2004 0.0280
vt 0.2258 0.0752
vt 0.2369 0.1250
vt 0.2460 0.1250
vt 0.2340 0.0711
vt 0.1250 0.2460
vt 0.1789 0.2460
vt 0.1789 0.0040
vt 0.1250 0.0040
vt 0.1789 0.2460
vt 0.2220 0.2460
vt 0.2220 0.0040
vt 0.1789 0.0040
vt 0.2004 0.2460
vt 0.1519 0.2460
vt 0.1519 0.0040
vt 0.2004 0.0040
vt 0.1519 0.2460
vt 0.0981 0.2460
vt 0.0981 0.0040
vt 0.1519 0.0040
vt 0.0981 0.2460
vt 0.0496 0.2460
vt 0.0496 0.0040
vt 0.0981 0.0040
vt 0.2220 0.2460
vt 0.1789 0.2460
vt 0.1789 0.0040
vt 0.2220 0.0040
vt 0.1789 0.2460
vt 0.1250 0.2460
vt 0.1250 0.0040
vt 0.1789 0.0040
vt 0.1250 0.2460
vt 0.0711 0.2460
vt 0.0711 0.0040
vt 0.1250 0.0040
vt 0.0711 0.2460
vt 0.0280 0.2460
vt 0.0280 0.0040
vt 0.0711 0.0040
vt 0.0496 0.2460
vt 0.0981 0.2460
vt 0.0981 0.0040
vt 0.0496 0.0040
vt 0.0981 0.2460
vt 0.1519 0.2460
vt 0.1519 0.0040
vt 0.0981 0.0040
vt 0.1519 0.2460
vt 0.2004 0.2460
vt 0.2004 0.0040
vt 0.1519 0.0040
vt 0.0280 0.2460
vt 0.0711 0.2460
vt 0.0711 0.0040
vt 0.0280 0.0040
vt 0.0711 0.2460
vt 0.1250 0.2460
vt 0.1250 0.0040
vt 0.0711 0.0040
vt 0.2460 0.1250
vt 0.2340 0.1789
vt 0.2258 0.1748
vt 0.2369 0.1250
vt 0.2340 0.1789
vt 0.2004 0.2220
vt 0.1947 0.2147
vt 0.2258 0.1748
vt 0.2004 0.2220
vt 0.1519 0.2460
vt 0.1499 0.2369
vt 0.1947 0.2147
vt 0.1519 0.2460
vt 0.0981 0.2460
vt 0.1001 0.2369
vt 0.1499 0.2369
vt 0.0981 0.2460
vt 0.0496 0.2220
vt 0.0553 0.2147
vt 0.1001 0.2369
vt 0.0496 0.2220
vt 0.0160 0.1789
vt 0.0242 0.1748
vt 0.0553 0.2147
vt 0.0160 0.1789
vt 0.0040 0.1250
vt 0.0131 0.1250
vt 0.0242 0.1748
vt 0.0040 0.1250
vt 0.0160 0.0711
vt 0.0242 0.0752
vt 0.0131 0.1250
vt 0.0160 0.0711
vt 0.0496 0.0280
vt 0.0553 0.0353
vt 0.0242 0.0752
vt 0.0496 0.0280
vt 0.0981 0.0040
vt 0.1001 0.0131
vt 0.0553 0.0353
vt 0.0981 0.0040
vt 0.1519 0.0040
vt 0.1499 0.0131
vt 0.1001 0.0131
vt 0.1519 0.0040
vt 0.2004 0.0280
vt 0.1947 0.0353
vt 0.1499 0.0131
vt 0.2004 0.0280
vt 0.2340 0.0711
vt 0.2258 0.0752
vt 0.1947 0.0353
vt 0.2340 0.0711
vt 0.2460 0.1250
vt 0.2369 0.1250
vt 0.2258 0.0752
vt 0.1250 0.0040
vt 0.1748 0.0040
vt 0.1748 0.2460
vt 0.1250 0.2460
vt 0.1748 0.0040
vt 0.2147 0.0040
vt 0.2147 0.2460
vt 0.1748 0.2460
vt 0.1947 0.0040
vt 0.1499 0.0040
vt 0.1499 0.2460
vt 0.1947 0.2460
vt 0.1499 0.0040
vt 0.1001 0.0040
vt 0.1001 0.2460
vt 0.1499 0.2460
vt 0.1001 0.0040
vt 0.0553 0.0040
vt 0.0553 0.2460
vt 0.1001 0.2460
vt 0.2147 0.0040
vt 0.1748 0.0040
vt 0.1748 0.2460
vt 0.2147 0.2460
vt 0.1748 0.0040
vt 0.1250 0.0040
vt 0.1250 0.2460
vt 0.1748 0.2460
vt 0.1250 0.0040
vt 0.0752 0.0040
vt 0.0752 0.2460
vt 0.1250 0.2460
vt 0.0752 0.0040
vt 0.0353 0.0040
vt 0.0353 0.2460
vt 0.0752 0.2460
vt 0.0553 0.0040
vt 0.1001 0.0040
vt 0.1001 0.2460
vt 0.0553 0.2460
vt 0.1001 0.0040
vt 0.1499 0.0040
vt 0.1499 0.2460
vt 0.1001 0.2460
vt 0.1499 0.0040
vt 0.1947 0.0040
vt 0.1947 0.2460
vt 0.1499 0.2460
vt 0.0353 0.0040
vt 0.0752 0.0040
vt 0.0752 0.2460
vt 0.0353 0.2460
vt 0.0752 0.0040
vt 0.1250 0.0040
vt 0.1250 0.2460
vt 0.0752 0.2460
vt 0.2500 0.5040
vt 0.1493 0.5040
vt 0.1405 0.5630
vt 0.2500 0.5630
vt 0.1493 0.5040
vt 0.0685 0.5040
vt 0.0527 0.5630
vt 0.1405 0.5630
vt 0.3911 0.5040
vt 0.3004 0.5040
vt 0.3047 0.5630
vt 0.4034 0.5630
vt 0.3004 0.5040
vt 0.1996 0.5040
vt 0.1953 0.5630
vt 0.3047 0.5630
vt 0.1996 0.5040
vt 0.1089 0.5040
vt 0.0966 0.5630
vt 0.1953 0.5630
vt 0.0685 0.5040
vt 0.1493 0.5040
vt 0.1405 0.5630
vt 0.0527 0.5630
vt 0.1493 0.5040
vt 0.2500 0.5040
vt 0.2500 0.5630
vt 0.1405 0.5630
vt 0.2500 0.5040
vt 0.3507 0.5040
vt 0.3595 0.5630
vt 0.2500 0.5630
vt 0.3507 0.5040
vt 0.4315 0.5040
vt 0.4473 0.5630
vt 0.3595 0.5630
vt 0.1089 0.5040
vt 0.1996 0.5040
vt 0.1953 0.5630
vt 0.0966 0.5630
vt 0.1996 0.5040
vt 0.3004 0.5040
vt 0.3047 0.5630
vt 0.1953 0.5630
vt 0.3004 0.5040
vt 0.3911 0.5040
vt 0.4034 0.5630
vt 0.3047 0.5630
vt 0.4315 0.5040
vt 0.3507 0.5040
vt 0.3595 0.5630
vt 0.4473 0.5630
vt 0.3507 0.5040
vt 0.2500 0.5040
vt 0.2500 0.5630
vt 0.3595 0.5630
vt 0.2500 0.5630
vt 0.1405 0.5630
vt 0.1405 0.8878
vt 0.2500 0.8878
vt 0.1405 0.5630
vt 0.0527 0.5630
vt 0.0527 0.8878
vt 0.1405 0.8878
vt 0.4034 0.5630
vt 0.3047 0.5630
vt 0.3047 0.8878
vt 0.4034 0.8878
vt 0.3047 0.5630
vt 0.1953 0.5630
vt 0.1953 0.8878
vt 0.3047 0.8878
vt 0.1953 0.5630
vt 0.0966 0.5630
vt 0.0966 0.8878
vt 0.1953 0.8878
vt 0.0527 0.5630
vt 0.1405 0.5630
vt 0.1405 0.8878
vt 0.0527 0.8878
vt 0.1405 0.5630
vt 0.2500 0.5630
vt 0.2500 0.8878
vt 0.1405 0.8878
vt 0.2500 0.5630
vt 0.3595 0.5630
vt 0.3595 0.8878
vt 0.2500 0.8878
vt 0.3595 0.5630
vt 0.4473 0.5630
vt 0.4473 0.8878
vt 0.3595 0.8878
vt 0.0966 0.5630
vt 0.1953 0.5630
vt 0.1953 0.8878
vt 0.0966 0.8878
vt 0.1953 0.5630
vt 0.3047 0.5630
vt 0.3047 0.8878
vt 0.1953 0.8878
vt 0.3047 0.5630
vt 0.4034 0.5630
vt 0.4034 0.8878
vt 0.3047 0.8878
vt 0.4473 0.5630
vt 0.3595 0.5630
vt 0.3595 0.8878
vt 0.4473 0.8878
vt 0.3595 0.5630
vt 0.2500 0.5630
vt 0.2500 0.8878
vt 0.3595 0.8878
vt 0.2500 0.8878
vt 0.1405 0.8878
vt 0.1898 0.9714
vt 0.2500 0.9714
vt 0.1405 0.8878
vt 0.0527 0.8878
vt 0.1415 0.9714
vt 0.1898 0.9714
vt 0.4034 0.8878
vt 0.3047 0.8878
vt 0.2801 0.9714
vt 0.3344 0.9714
vt 0.3047 0.8878
vt 0.1953 0.8878
vt 0.2199 0.9714
vt 0.2801 0.9714
vt 0.1953 0.8878
vt 0.0966 0.8878
vt 0.1656 0.9714
vt 0.2199 0.9714
vt 0.0527 0.8878
vt 0.1405 0.8878
vt 0.1898 0.9714
vt 0.1415 0.9714
vt 0.1405 0.8878
vt 0.2500 0.8878
vt 0.2500 0.9714
vt 0.1898 0.9714
vt 0.2500 0.8878
vt 0.3595 0.8878
vt 0.3102 0.9714
vt 0.2500 0.9714
vt 0.3595 0.8878
vt 0.4473 0.8878
vt 0.3585 0.9714
vt 0.3102 0.9714
vt 0.0966 0.8878
vt 0.1953 0.8878
vt 0.2199 0.9714
vt 0.1656 0.9714
vt 0.1953 0.8878
vt 0.3047 0.8878
vt 0.2801 0.9714
vt 0.2199 0.9714
vt 0.3047 0.8878
vt 0.4034 0.8878
vt 0.3344 0.9714
vt 0.2801 0.9714
vt 0.4473 0.8878
vt 0.3595 0.8878
vt 0.3102 0.9714
vt 0.3585 0.9714
vt 0.3595 0.8878
vt 0.2500 0.8878
vt 0.2500 0.9714
vt 0.3102 0.9714
vt 0.3853 0.7500
vt 0.3719 0.6898
vt 0.2785 0.7359
vt 0.2816 0.7500
vt 0.3719 0.6898
vt 0.3344 0.6415
vt 0.2697 0.7246
vt 0.2785 0.7359
vt 0.3344 0.6415
vt 0.2801 0.6147
vt 0.2570 0.7184
vt 0.2697 0.7246
vt 0.2801 0.6147
vt 0.2199 0.6147
vt 0.2430 0.7184
vt 0.2570 0.7184
vt 0.2199 0.6147
vt 0.1656 0.6415
vt 0.2303 0.7246
vt 0.2430 0.7184
vt 0.1656 0.6415
vt 0.1281 0.6898
vt 0.2215 0.7359
vt 0.2303 0.7246
vt 0.1281 0.6898
vt 0.1147 0.7500
vt 0.2184 0.7500
vt 0.2215 0.7359
vt 0.1147 0.7500
vt 0.1281 0.8102
vt 0.2215 0.7641
vt 0.2184 0.7500
vt 0.1281 0.8102
vt 0.1656 0.8585
vt 0.2303 0.7754
vt 0.2215 0.7641
vt 0.1656 0.8585
vt 0.2199 0.8853
vt 0.2430 0.7816
vt 0.2303 0.7754
vt 0.2199 0.8853
vt 0.2801 0.8853
vt 0.2570 0.7816
vt 0.2430 0.7816
vt 0.2801 0.8853
vt 0.3344 0.8585
vt 0.2697 0.7754
vt 0.2570 0.7816
vt 0.3344 0.8585
vt 0.3719 0.8102
vt 0.2785 0.7641
vt 0.2697 0.7754
vt 0.3719 0.8102
vt 0.3853 0.7500
vt 0.2816 0.7500
vt 0.2785 0.7641
vt 0.2816 0.7500
vt 0.2785 0.7359
vt 0.2697 0.7246
vt 0.2570 0.7184
vt 0.2430 0.7184
vt 0.2303 0.7246
vt 0.2215 0.7359
vt 0.2184 0.7500
vt 0.2215 0.7641
vt 0.2303 0.7754
vt 0.2430 0.7816
vt 0.2570 0.7816
vt 0.2697 0.7754
vt 0.2785 0.7641
vt 0.2369 0.1250
vt 0.2258 0.1748
vt 0.2340 0.1789
vt 0.2460 0.1250
vt 0.2258 0.1748
vt 0.1947 0.2147
vt 0.2004 0.2220
vt 0.2340 0.1789
vt 0.1947 0.2147
vt 0.1499 0.2369
vt 0.1519 0.2460
vt 0.2004 0.2220
vt 0.1499 0.2369
vt 0.1001 0.2369
vt 0.0981 0.2460
vt 0.1519 0.2460
vt 0.1001 0.2369
vt 0.0553 0.2147
vt 0.0496 0.2220
vt 0.0981 0.2460
vt 0.0553 0.2147
vt 0.0242 0.1748
vt 0.0160 0.1789
vt 0.0496 0.2220
vt 0.0242 0.1748
vt 0.0131 0.1250
vt 0.0040 0.1250
vt 0.0160 0.1789
vt 0.0131 0.1250
vt 0.0242 0.0752
vt 0.0160 0.0711
vt 0.0040 0.1250
vt 0.0242 0.0752
vt 0.0553 0.0353
vt 0.0496 0.0280
vt 0.0160 0.0711
vt 0.0553 0.0353
vt 0.1001 0.0131
vt 0.0981 0.0040
vt 0.0496 0.0280
vt 0.1001 0.0131
vt 0.1499 0.0131
vt 0.1519 0.0040
vt 0.0981 0.0040
vt 0.1499 0.0131
vt 0.1947 0.0353
vt 0.2004 0.0280
vt 0.1519 0.0040
vt 0.1947 0.0353
vt 0.2258 0.0752
vt 0.2340 0.0711
vt 0.2004 0.0280
vt 0.2258 0.0752
vt 0.2369 0.1250
vt 0.2460 0.1250
vt 0.2340 0.0711
vt 0.1250 0.2460
vt 0.1789 0.2460
vt 0.1789 0.0040
vt 0.1250 0.0040
vt 0.1789 0.2460
vt 0.2220 0.2460
vt 0.2220 0.0040
vt 0.1789 0.0040
vt 0.2004 0.2460
vt 0.1519 0.2460
vt 0.1519 0.0040
vt 0.2004 0.0040
vt 0.1519 0.2460
vt 0.0981 0.2460
vt 0.0981 0.0040
vt 0.1519 0.0040
vt 0.0981 0.2460
vt 0.0496 0.2460
vt 0.0496 0.0040
vt 0.0981 0.0040
vt 0.2220 0.2460
vt 0.1789 0.2460
vt 0.1789 0.0040
vt 0.2220 0.0040
vt 0.1789 0.2460
vt 0.1250 0.2460
vt 0.1250 0.0040
vt 0.1789 0.0040
vt 0.1250 0.2460
vt 0.0711 0.2460
vt 0.0711 0.0040
vt 0.1250 0.0040
vt 0.0711 0.2460
vt 0.0280 0.2460
vt 0.0280 0.0040
vt 0.0711 0.0040
vt 0.0496 0.2460
vt 0.0981 0.2460
vt 0.0981 0.0040
vt 0.0496 0.0040
vt 0.0981 0.2460
vt 0.1519 0.2460
vt 0.1519 0.0040
vt 0.0981 0.0040
vt 0.1519 0.2460
vt 0.2004 0.2460
vt 0.2004 0.0040
vt 0.1519 0.0040
vt 0.0280 0.2460
vt 0.0711 0.2460
vt 0.0711 0.0040
vt 0.0280 0.0040
vt 0.0711 0.2460
vt 0.1250 0.2460
vt 0.1250 0.0040
vt 0.0711 0.0040
vt 0.2460 0.1250
vt 0.2340 0.1789
vt 0.2258 0.1748
vt 0.2369 0.1250
vt 0.2340 0.1789
vt 0.2004 0.2220
vt 0.1947 0.2147
vt 0.2258 0.1748
vt 0.2004 0.2220
vt 0.1519 0.2460
vt 0.1499 0.2369
vt 0.1947 0.2147
vt 0.1519 0.2460
vt 0.0981 0.2460
vt 0.1001 0.2369
vt 0.1499 0.2369
vt 0.0981 0.2460
vt 0.0496 0.2220
vt 0.0553 0.2147
vt 0.1001 0.2369
vt 0.0496 0.2220
vt 0.0160 0.1789
vt 0.0242 0.1748
vt 0.0553 0.2147
vt 0.0160 0.1789
vt 0.0040 0.1250
vt 0.0131 0.1250
vt 0.0242 0.1748
vt 0.0040 0.1250
vt 0.0160 0.0711
vt 0.0242 0.0752
vt 0.0131 0.1250
vt 0.0160 0.0711
vt 0.0496 0.0280
vt 0.0553 0.0353
vt 0.0242 0.0752
vt 0.0496 0.0280
vt 0.0981 0.0040
vt 0.1001 0.0131
vt 0.0553 0.0353
vt 0.0981 0.0040
vt 0.1519 0.0040
vt 0.1499 0.0131
vt 0.1001 0.0131
vt 0.1519 0.0040
vt 0.2004 0.0280
vt 0.1947 0.0353
vt 0.1499 0.0131
vt 0.2004 0.0280
vt 0.2340 0.0711
vt 0.2258 0.0752
vt 0.1947 0.0353
vt 0.2340 0.0711
vt 0.2460 0.1250
vt 0.2369 0.1250
vt 0.2258 0.0752
vt 0.1250 0.0040
vt 0.1748 0.0040
vt 0.1748 0.2460
vt 0.1250 0.2460
vt 0.1748 0.0040
vt 0.2147 0.0040
vt 0.2147 0.2460
vt 0.1748 0.2460
vt 0.1947 0.0040
vt 0.1499 0.0040
vt 0.1499 0.2460
vt 0.1947 0.2460
vt 0.1499 0.0040
vt 0.1001 0.0040
vt 0.1001 0.2460
vt 0.1499 0.2460
vt 0.1001 0.0040
vt 0.0553 0.0040
vt 0.0553 0.2460
vt 0.1001 0.2460
vt 0.2147 0.0040
vt 0.1748 0.0040
vt 0.1748 0.2460
vt 0.2147 0.2460
vt 0.1748 0.0040
vt 0.1250 0.0040
vt 0.1250 0.2460
vt 0.1748 0.2460
vt 0.1250 0.0040
vt 0.0752 0.0040
vt 0.0752 0.2460
vt 0.1250 0.2460
vt 0.0752 0.0040
vt 0.0353 0.0040
vt 0.0353 0.2460
vt 0.0752 0.2460
vt 0.0553 0.0040
vt 0.1001 0.0040
vt 0.1001 0.2460
vt 0.0553 0.2460
vt 0.1001 0.0040
vt 0.1499 0.0040
vt 0.1499 0.2460
vt 0.1001 0.2460
vt 0.1499 0.0040
vt 0.1947 0.0040
vt 0.1947 0.2460
vt 0.1499 0.2460
vt 0.0353 0.0040
vt 0.0752 0.0040
vt 0.0752 0.2460
vt 0.0353 0.2460
vt 0.0752 0.0040
vt 0.1250 0.0040
vt 0.1250 0.2460
vt 0.0752 0.2460
vt 0.0040 0.3750
vt 0.0040 0.4606
vt 0.4960 0.4606
vt 0.4960 0.3750
vt 0.0040 0.2894
vt 0.0040 0.3750
vt 0.4960 0.3750
vt 0.4960 0.2894
vt 0.0040 0.3750
vt 0.0040 0.4606
vt 0.4960 0.4606
vt 0.4960 0.3750
vt 0.0040 0.4606
vt 0.0040 0.3750
vt 0.4960 0.3750
vt 0.4960 0.4606
vt 0.0040 0.3750
vt 0.0040 0.2894
vt 0.4960 0.2894
vt 0.4960 0.3750
vt 0.0040 0.4606
vt 0.0040 0.3750
vt 0.4960 0.3750
vt 0.4960 0.4606
vt 0.0040 0.3750
vt 0.0040 0.2894
vt 0.4960 0.2894
vt 0.4960 0.3750
vt 0.0040 0.2894
vt 0.0040 0.3750
vt 0.4960 0.3750
vt 0.4960 0.2894
vt 0.0761 0.2894
vt 0.2500 0.2540
vt 0.4239 0.2894
vt 0.4960 0.3750
vt 0.4239 0.4606
vt 0.2500 0.4960
vt 0.0761 0.4606
vt 0.0040 0.3750
vt 0.0040 0.3750
vt 0.0761 0.4606
vt 0.2500 0.4960
vt 0.4239 0.4606
vt 0.4960 0.3750
vt 0.4239 0.2894
vt 0.2500 0.2540
vt 0.0761 0.2894
vt 0.0040 0.3750
vt 0.0040 0.4606
vt 0.4960 0.4606
vt 0.4960 0.3750
vt 0.0040 0.2894
vt 0.0040 0.3750
vt 0.4960 0.3750
vt 0.4960 0.2894
vt 0.0040 0.3750
vt 0.0040 0.4606
vt 0.4960 0.4606
vt 0.4960 0.3750
vt 0.0040 0.4606
vt 0.0040 0.3750
vt 0.4960 0.3750
vt 0.4960 0.4606
vt 0.0040 0.3750
vt 0.0040 0.2894
vt 0.4960 0.2894
vt 0.4960 0.3750
vt 0.0040 0.4606
vt 0.0040 0.3750
vt 0.4960 0.3750
vt 0.4960 0.4606
vt 0.0040 0.3750
vt 0.0040 0.2894
vt 0.4960 0.2894
vt 0.4960 0.3750
vt 0.0040 0.2894
vt 0.0040 0.3750
vt 0.4960 0.3750
vt 0.4960 0.2894
vt 0.0761 0.2894
vt 0.2500 0.2540
vt 0.4239 0.2894
vt 0.4960 0.3750
vt 0.4239 0.4606
vt 0.2500 0.4960
vt 0.0761 0.4606
vt 0.0040 0.3750
vt 0.0040 0.3750
vt 0.0761 0.4606
vt 0.2500 0.4960
vt 0.4239 0.4606
vt 0.4960 0.3750
vt 0.4239 0.2894
vt 0.2500 0.2540
vt 0.0761 0.2894
vt 0.5040 0.0040
vt 0.5040 0.2460
vt 0.9960 0.2460
vt 0.9960 0.0040
vt 0.9960 0.0040
vt 0.9960 0.2460
vt 0.5040 0.2460
vt 0.5040 0.0040
vt 0.5040 0.2460
vt 0.5040 0.2460
vt 0.9960 0.2460
vt 0.9960 0.2460
vt 0.5040 0.0040
vt 0.9960 0.0040
vt 0.9960 0.0040
vt 0.5040 0.0040
vt 0.9960 0.0040
vt 0.9960 0.2460
vt 0.9960 0.2460
vt 0.9960 0.0040
vt 0.5040 0.0040
vt 0.5040 0.2460
vt 0.5040 0.2460
vt 0.5040 0.0040
vn 0.0000 0.0000 -1.0000
vn 0.0000 0.0000 -1.0000
vn 0.0000 0.0000 -1.0000
vn 0.0000 0.0000 -1.0000
vn 0.0000 0.0000 1.0000
vn 0.0000 0.0000 1.0000
vn 0.0000 0.0000 1.0000
vn 0.0000 0.0000 1.0000
vn 0.0000 1.0000 0.0000
vn 0.0000 1.0000 0.0000
vn 0.0000 1.0000 0.0000
vn 0.0000 1.0000 0.0000
vn 0.0000 -1.0000 0.0000
vn 0.0000 -1.0000 0.0000
vn 0.0000 -1.0000 0.0000
vn 0.0000 -1.0000 0.0000
vn 1.0000 0.0000 0.0000
vn 1.0000 0.0000 0.0000
vn 1.0000 0.0000 0.0000
vn 1.0000 0.0000 0.0000
vn -1.0000 0.0000 0.0000
vn -1.0000 0.0000 0.0000
vn -1.0000 0.0000 0.0000
vn -1.0000 0.0000 0.0000
vn 0.0000 0.7071 -0.7071
vn 0.0000 0.7071 -0.7071
vn 0.0000 0.7071 -0.7071
vn 0.0000 0.7071 -0.7071
vn 0.0000 0.7071 0.7071
vn 0.0000 0.7071 0.7071
vn 0.0000 0.7071 0.7071
vn 0.0000 0.7071 0.7071
vn 0.0000 -0.7071 -0.7071
vn 0.0000 -0.7071 -0.7071
vn 0.0000 -0.7071 -0.7071
vn 0.0000 -0.7071 -0.7071
vn 0.0000 -0.7071 0.7071
vn 0.0000 -0.7071 0.7071
vn 0.0000 -0.7071 0.7071
vn 0.0000 -0.7071 0.7071
vn -0.7071 -0.7071 0.0000
vn -0.7071 -0.7071 0.0000
vn -0.7071 -0.7071 0.0000
vn -0.7071 -0.7071 0.0000
vn -0.7071 0.7071 0.0000
vn -0.7071 0.7071 0.0000
vn -0.7071 0.7071 0.0000
vn -0.7071 0.7071 0.0000
vn 0.7071 -0.7071 0.0000
vn 0.7071 -0.7071 0.0000
vn 0.7071 -0.7071 0.0000
vn 0.7071 -0.7071 0.0000
vn 0.7071 0.7071 0.0000
vn 0.7071 0.7071 0.0000
vn 0.7071 0.7071 0.0000
vn 0.7071 0.7071 0.0000
vn -0.7071 0.0000 0.7071
vn -0.7071 0.0000 0.7071
vn -0.7071 0.0000 0.7071
vn -0.7071 0.0000 0.7071
vn -0.7071 0.0000 -0.7071
vn -0.7071 0.0000 -0.7071
vn -0.7071 0.0000 -0.7071
vn -0.7071 0.0000 -0.7071
vn 0.7071 0.0000 0.7071
vn 0.7071 0.0000 0.7071
vn 0.7071 0.0000 0.7071
vn 0.7071 0.0000 0.7071
vn 0.7071 0.0000 -0.7071
vn 0.7071 0.0000 -0.7071
vn 0.7071 0.0000 -0.7071
vn 0.7071 0.0000 -0.7071
vn -0.5774 -0.5774 -0.5774
vn -0.5774 -0.5774 -0.5774
vn -0.5774 -0.5774 -0.5774
vn 0.5774 -0.5774 -0.5774
vn 0.5774 -0.5774 -0.5774
vn 0.5774 -0.5774 -0.5774
vn -0.5774 0.5774 -0.5774
vn -0.5774 0.5774 -0.5774
vn -0.5774 0.5774 -0.5774
vn 0.5774 0.5774 -0.5774
vn 0.5774 0.5774 -0.5774
vn 0.5774 0.5774 -0.5774
vn -0.5774 -0.5774 0.5774
vn -0.5774 -0.5774 0.5774
vn -0.5774 -0.5774 0.5774
vn 0.5774 -0.5774 0.5774
vn 0.5774 -0.5774 0.5774
vn 0.5774 -0.5774 0.5774
vn -0.5774 0.5774 0.5774
vn -0.5774 0.5774 0.5774
vn -0.5774 0.5774 0.5774
vn 0.5774 0.5774 0.5774
vn 0.5774 0.5774 0.5774
vn 0.5774 0.5774 0.5774
vn 0.9631 -0.1555 -0.2198
vn 0.9631 -0.1555 -0.2198
vn 0.9631 -0.1555 -0.2198
vn 0.9631 -0.1555 -0.2198
vn 0.7723 -0.1555 -0.6159
vn 0.7723 -0.1555 -0.6159
vn 0.7723 -0.1555 -0.6159
vn 0.7723 -0.1555 -0.6159
vn 0.4286 -0.1555 -0.8900
vn 0.4286 -0.1555 -0.8900
vn 0.4286 -0.1555 -0.8900
vn 0.4286 -0.1555 -0.8900
vn 0.0000 -0.1555 -0.9878
vn 0.0000 -0.1555 -0.9878
vn 0.0000 -0.1555 -0.9878
vn 0.0000 -0.1555 -0.9878
vn -0.4286 -0.1555 -0.8900
vn -0.4286 -0.1555 -0.8900
vn -0.4286 -0.1555 -0.8900
vn -0.4286 -0.1555 -0.8900
vn -0.7723 -0.1555 -0.6159
vn -0.7723 -0.1555 -0.6159
vn -0.7723 -0.1555 -0.6159
vn -0.7723 -0.1555 -0.6159
vn -0.9631 -0.1555 -0.2198
vn -0.9631 -0.1555 -0.2198
vn -0.9631 -0.1555 -0.2198
vn -0.9631 -0.1555 -0.2198
vn -0.9631 -0.1555 0.2198
vn -0.9631 -0.1555 0.2198
vn -0.9631 -0.1555 0.2198
vn -0.9631 -0.1555 0.2198
vn -0.7723 -0.1555 0.6159
vn -0.7723 -0.1555 0.6159
vn -0.7723 -0.1555 0.6159
vn -0.7723 -0.1555 0.6159
vn -0.4286 -0.1555 0.8900
vn -0.4286 -0.1555 0.8900
vn -0.4286 -0.1555 0.8900
vn -0.4286 -0.1555 0.8900
vn 0.0000 -0.1555 0.9878
vn 0.0000 -0.1555 0.9878
vn 0.0000 -0.1555 0.9878
vn 0.0000 -0.1555 0.9878
vn 0.4286 -0.1555 0.8900
vn 0.4286 -0.1555 0.8900
vn 0.4286 -0.1555 0.8900
vn 0.4286 -0.1555 0.8900
vn 0.7723 -0.1555 0.6159
vn 0.7723 -0.1555 0.6159
vn 0.7723 -0.1555 0.6159
vn 0.7723 -0.1555 0.6159
vn 0.9631 -0.1555 0.2198
vn 0.9631 -0.1555 0.2198
vn 0.9631 -0.1555 0.2198
vn 0.9631 -0.1555 0.2198
vn 0.9749 0.0000 -0.2225
vn 0.9749 0.0000 -0.2225
vn 0.9749 0.0000 -0.2225
vn 0.9749 0.0000 -0.2225
vn 0.7818 0.0000 -0.6235
vn 0.7818 0.0000 -0.6235
vn 0.7818 0.0000 -0.6235
vn 0.7818 0.0000 -0.6235
vn 0.4339 0.0000 -0.9010
vn 0.4339 0.0000 -0.9010
vn 0.4339 0.0000 -0.9010
vn 0.4339 0.0000 -0.9010
vn 0.0000 0.0000 -1.0000
vn 0.0000 0.0000 -1.0000
vn 0.0000 0.0000 -1.0000
vn 0.0000 0.0000 -1.0000
vn -0.4339 0.0000 -0.9010
vn -0.4339 0.0000 -0.9010
vn -0.4339 0.0000 -0.9010
vn -0.4339 0.0000 -0.9010
vn -0.7818 0.0000 -0.6235
vn -0.7818 0.0000 -0.6235
vn -0.7818 0.0000 -0.6235
vn -0.7818 0.0000 -0.6235
vn -0.9749 0.0000 -0.2225
vn -0.9749 0.0000 -0.2225
vn -0.9749 0.0000 -0.2225
vn -0.9749 0.0000 -0.2225
vn -0.9749 -0.0000 0.2225
vn -0.9749 -0.0000 0.2225
vn -0.9749 -0.0000 0.2225
vn -0.9749 -0.0000 0.2225
vn -0.7818 -0.0000 0.6235
vn -0.7818 -0.0000 0.6235
vn -0.7818 -0.0000 0.6235
vn -0.7818 -0.0000 0.6235
vn -0.4339 -0.0000 0.9010
vn -0.4339 -0.0000 0.9010
vn -0.4339 -0.0000 0.9010
vn -0.4339 -0.0000 0.9010
vn 0.0000 -0.0000 1.0000
vn 0.0000 -0.0000 1.0000
vn 0.0000 -0.0000 1.0000
vn 0.0000 -0.0000 1.0000
vn 0.4339 -0.0000 0.9010
vn 0.4339 -0.0000 0.9010
vn 0.4339 -0.0000 0.9010
vn 0.4339 -0.0000 0.9010
vn 0.7818 -0.0000 0.6235
vn 0.7818 -0.0000 0.6235
vn 0.7818 -0.0000 0.6235
vn 0.7818 -0.0000 0.6235
vn 0.9749 -0.0000 0.2225
vn 0.9749 -0.0000 0.2225
vn 0.9749 -0.0000 0.2225
vn 0.9749 -0.0000 0.2225
vn 0.8267 0.5300 -0.1887
vn 0.8267 0.5300 -0.1887
vn 0.8267 0.5300 -0.1887
vn 0.8267 0.5300 -0.1887
vn 0.6630 0.5300 -0.5287
vn 0.6630 0.5300 -0.5287
vn 0.6630 0.5300 -0.5287
vn 0.6630 0.5300 -0.5287
vn 0.3679 0.5300 -0.7640
vn 0.3679 0.5300 -0.7640
vn 0.3679 0.5300 -0.7640
vn 0.3679 0.5300 -0.7640
vn 0.0000 0.5300 -0.8480
vn 0.0000 0.5300 -0.8480
vn 0.0000 0.5300 -0.8480
vn 0.0000 0.5300 -0.8480
vn -0.3679 0.5300 -0.7640
vn -0.3679 0.5300 -0.7640
vn -0.3679 0.5300 -0.7640
vn -0.3679 0.5300 -0.7640
vn -0.6630 0.5300 -0.5287
vn -0.6630 0.5300 -0.5287
vn -0.6630 0.5300 -0.5287
vn -0.6630 0.5300 -0.5287
vn -0.8267 0.5300 -0.1887
vn -0.8267 0.5300 -0.1887
vn -0.8267 0.5300 -0.1887
vn -0.8267 0.5300 -0.1887
vn -0.8267 0.5300 0.1887
vn -0.8267 0.5300 0.1887
vn -0.8267 0.5300 0.1887
vn -0.8267 0.5300 0.1887
vn -0.6630 0.5300 0.5287
vn -0.6630 0.5300 0.5287
vn -0.6630 0.5300 0.5287
vn -0.6630 0.5300 0.5287
vn -0.3679 0.5300 0.7640
vn -0.3679 0.5300 0.7640
vn -0.3679 0.5300 0.7640
vn -0.3679 0.5300 0.7640
vn 0.0000 0.5300 0.8480
vn 0.0000 0.5300 0.8480
vn 0.0000 0.5300 0.8480
vn 0.0000 0.5300 0.8480
vn 0.3679 0.5300 0.7640
vn 0.3679 0.5300 0.7640
vn 0.3679 0.5300 0.7640
vn 0.3679 0.5300 0.7640
vn 0.6630 0.5300 0.5287
vn 0.6630 0.5300 0.5287
vn 0.6630 0.5300 0.5287
vn 0.6630 0.5300 0.5287
vn 0.8267 0.5300 0.1887
vn 0.8267 0.5300 0.1887
vn 0.8267 0.5300 0.1887
vn 0.8267 0.5300 0.1887
vn 0.4276 0.8987 -0.0976
vn 0.4276 0.8987 -0.0976
vn 0.4276 0.8987 -0.0976
vn 0.4276 0.8987 -0.0976
vn 0.3429 0.8987 -0.2735
vn 0.3429 0.8987 -0.2735
vn 0.3429 0.8987 -0.2735
vn 0.3429 0.8987 -0.2735
vn 0.1903 0.8987 -0.3952
vn 0.1903 0.8987 -0.3952
vn 0.1903 0.8987 -0.3952
vn 0.1903 0.8987 -0.3952
vn 0.0000 0.8987 -0.4386
vn 0.0000 0.8987 -0.4386
vn 0.0000 0.8987 -0.4386
vn 0.0000 0.8987 -0.4386
vn -0.1903 0.8987 -0.3952
vn -0.1903 0.8987 -0.3952
vn -0.1903 0.8987 -0.3952
vn -0.1903 0.8987 -0.3952
vn -0.3429 0.8987 -0.2735
vn -0.3429 0.8987 -0.2735
vn -0.3429 0.8987 -0.2735
vn -0.3429 0.8987 -0.2735
vn -0.4276 0.8987 -0.0976
vn -0.4276 0.8987 -0.0976
vn -0.4276 0.8987 -0.0976
vn -0.4276 0.8987 -0.0976
vn -0.4276 0.8987 0.0976
vn -0.4276 0.8987 0.0976
vn -0.4276 0.8987 0.0976
vn -0.4276 0.8987 0.0976
vn -0.3429 0.8987 0.2735
vn -0.3429 0.8987 0.2735
vn -0.3429 0.8987 0.2735
vn -0.3429 0.8987 0.2735
vn -0.1903 0.8987 0.3952
vn -0.1903 0.8987 0.3952
vn -0.1903 0.8987 0.3952
vn -0.1903 0.8987 0.3952
vn 0.0000 0.8987 0.4386
vn 0.0000 0.8987 0.4386
vn 0.0000 0.8987 0.4386
vn 0.0000 0.8987 0.4386
vn 0.1903 0.8987 0.3952
vn 0.1903 0.8987 0.3952
vn 0.1903 0.8987 0.3952
vn 0.1903 0.8987 0.3952
vn 0.3429 0.8987 0.2735
vn 0.3429 0.8987 0.2735
vn 0.3429 0.8987 0.2735
vn 0.3429 0.8987 0.2735
vn 0.4276 0.8987 0.0976
vn 0.4276 0.8987 0.0976
vn 0.4276 0.8987 0.0976
vn 0.4276 0.8987 0.0976
vn 0.0000 1.0000 -0.0000
vn 0.0000 1.0000 -0.0000
vn 0.0000 1.0000 -0.0000
vn 0.0000 1.0000 -0.0000
vn 0.0000 1.0000 -0.0000
vn 0.0000 1.0000 -0.0000
vn 0.0000 1.0000 -0.0000
vn 0.0000 1.0000 -0.0000
vn 0.0000 1.0000 -0.0000
vn 0.0000 1.0000 -0.0000
vn 0.0000 1.0000 -0.0000
vn 0.0000 1.0000 -0.0000
vn 0.0000 1.0000 -0.0000
vn 0.0000 1.0000 -0.0000
vn 0.0000 1.0000 0.0000
vn 0.0000 1.0000 0.0000
vn 0.0000 1.0000 0.0000
vn 0.0000 1.0000 0.0000
vn 0.0000 1.0000 -0.0000
vn 0.0000 1.0000 -0.0000
vn 0.0000 1.0000 -0.0000
vn 0.0000 1.0000 -0.0000
vn 0.0000 1.0000 0.0000
vn 0.0000 1.0000 0.0000
vn 0.0000 1.0000 0.0000
vn 0.0000 1.0000 0.0000
vn 0.0000 1.0000 -0.0000
vn 0.0000 1.0000 -0.0000
vn 0.0000 1.0000 -0.0000
vn 0.0000 1.0000 -0.0000
vn 0.0000 1.0000 -0.0000
vn 0.0000 1.0000 -0.0000
vn 0.0000 1.0000 -0.0000
vn 0.0000 1.0000 -0.0000
vn 0.0000 1.0000 0.0000
vn 0.0000 1.0000 0.0000
vn 0.0000 1.0000 0.0000
vn 0.0000 1.0000 0.0000
vn 0.0000 1.0000 0.0000
vn 0.0000 1.0000 0.0000
vn 0.0000 1.0000 0.0000
vn 0.0000 1.0000 0.0000
vn 0.0000 1.0000 0.0000
vn 0.0000 1.0000 0.0000
vn 0.0000 1.0000 0.0000
vn 0.0000 1.0000 0.0000
vn 0.0000 1.0000 -0.0000
vn 0.0000 1.0000 -0.0000
vn 0.0000 1.0000 -0.0000
vn 0.0000 1.0000 -0.0000
vn 0.0000 1.0000 -0.0000
vn 0.0000 1.0000 -0.0000
vn 0.0000 1.0000 -0.0000
vn 0.0000 1.0000 -0.0000
vn 0.0000 1.0000 -0.0000
vn 0.0000 1.0000 -0.0000
vn 0.0000 1.0000 -0.0000
vn 0.0000 1.0000 -0.0000
vn 0.0000 1.0000 -0.0000
vn 0.0000 1.0000 -0.0000
vn 0.0000 1.0000 -0.0000
vn 0.0000 1.0000 -0.0000
vn 0.0000 1.0000 0.0000
vn 0.0000 1.0000 0.0000
vn 0.0000 1.0000 0.0000
vn 0.0000 1.0000 0.0000
vn 0.0000 1.0000 0.0000
vn 0.0000 1.0000 0.0000
vn 0.0000 1.0000 0.0000
vn 0.0000 1.0000 0.0000
vn 0.9749 -0.0000 0.2225
vn 0.9749 -0.0000 0.2225
vn 0.9749 -0.0000 0.2225
vn 0.9749 -0.0000 0.2225
vn 0.7818 0.0000 0.6235
vn 0.7818 0.0000 0.6235
vn 0.7818 0.0000 0.6235
vn 0.7818 0.0000 0.6235
vn 0.4339 0.0000 0.9010
vn 0.4339 0.0000 0.9010
vn 0.4339 0.0000 0.9010
vn 0.4339 0.0000 0.9010
vn 0.0000 0.0000 1.0000
vn 0.0000 0.0000 1.0000
vn 0.0000 0.0000 1.0000
vn 0.0000 0.0000 1.0000
vn -0.4339 0.0000 0.9010
vn -0.4339 0.0000 0.9010
vn -0.4339 0.0000 0.9010
vn -0.4339 0.0000 0.9010
vn -0.7818 0.0000 0.6235
vn -0.7818 0.0000 0.6235
vn -0.7818 0.0000 0.6235
vn -0.7818 0.0000 0.6235
vn -0.9749 0.0000 0.2225
vn -0.9749 0.0000 0.2225
vn -0.9749 0.0000 0.2225
vn -0.9749 0.0000 0.2225
vn -0.9749 -0.0000 -0.2225
vn -0.9749 -0.0000 -0.2225
vn -0.9749 -0.0000 -0.2225
vn -0.9749 -0.0000 -0.2225
vn -0.7818 0.0000 -0.6235
vn -0.7818 0.0000 -0.6235
vn -0.7818 0.0000 -0.6235
vn -0.7818 0.0000 -0.6235
vn -0.4339 0.0000 -0.9010
vn -0.4339 0.0000 -0.9010
vn -0.4339 0.0000 -0.9010
vn -0.4339 0.0000 -0.9010
vn 0.0000 0.0000 -1.0000
vn 0.0000 0.0000 -1.0000
vn 0.0000 0.0000 -1.0000
vn 0.0000 0.0000 -1.0000
vn 0.4339 0.0000 -0.9010
vn 0.4339 0.0000 -0.9010
vn 0.4339 0.0000 -0.9010
vn 0.4339 0.0000 -0.9010
vn 0.7818 0.0000 -0.6235
vn 0.7818 0.0000 -0.6235
vn 0.7818 0.0000 -0.6235
vn 0.7818 0.0000 -0.6235
vn 0.9749 0.0000 -0.2225
vn 0.9749 0.0000 -0.2225
vn 0.9749 0.0000 -0.2225
vn 0.9749 0.0000 -0.2225
vn 0.0000 -1.0000 0.0000
vn 0.0000 -1.0000 0.0000
vn 0.0000 -1.0000 0.0000
vn 0.0000 -1.0000 0.0000
vn 0.0000 -1.0000 0.0000
vn 0.0000 -1.0000 0.0000
vn 0.0000 -1.0000 0.0000
vn 0.0000 -1.0000 0.0000
vn 0.0000 -1.0000 -0.0000
vn 0.0000 -1.0000 -0.0000
vn 0.0000 -1.0000 -0.0000
vn 0.0000 -1.0000 -0.0000
vn 0.0000 -1.0000 0.0000
vn 0.0000 -1.0000 0.0000
vn 0.0000 -1.0000 0.0000
vn 0.0000 -1.0000 0.0000
vn 0.0000 -1.0000 0.0000
vn 0.0000 -1.0000 0.0000
vn 0.0000 -1.0000 0.0000
vn 0.0000 -1.0000 0.0000
vn 0.0000 -1.0000 0.0000
vn 0.0000 -1.0000 0.0000
vn 0.0000 -1.0000 0.0000
vn 0.0000 -1.0000 0.0000
vn 0.0000 -1.0000 0.0000
vn 0.0000 -1.0000 0.0000
vn 0.0000 -1.0000 0.0000
vn 0.0000 -1.0000 0.0000
vn 0.0000 -1.0000 -0.0000
vn 0.0000 -1.0000 -0.0000
vn 0.0000 -1.0000 -0.0000
vn 0.0000 -1.0000 -0.0000
vn 0.0000 -1.0000 -0.0000
vn 0.0000 -1.0000 -0.0000
vn 0.0000 -1.0000 -0.0000
vn 0.0000 -1.0000 -0.0000
vn 0.0000 -1.0000 0.0000
vn 0.0000 -1.0000 0.0000
vn 0.0000 -1.0000 0.0000
vn 0.0000 -1.0000 0.0000
vn 0.0000 -1.0000 -0.0000
vn 0.0000 -1.0000 -0.0000
vn 0.0000 -1.0000 -0.0000
vn 0.0000 -1.0000 -0.0000
vn 0.0000 -1.0000 0.0000
vn 0.0000 -1.0000 0.0000
vn 0.0000 -1.0000 0.0000
vn 0.0000 -1.0000 0.0000
vn 0.0000 -1.0000 -0.0000
vn 0.0000 -1.0000 -0.0000
vn 0.0000 -1.0000 -0.0000
vn 0.0000 -1.0000 -0.0000
vn 0.0000 -1.0000 0.0000
vn 0.0000 -1.0000 0.0000
vn 0.0000 -1.0000 0.0000
vn 0.0000 -1.0000 0.0000
vn -0.9749 0.0000 -0.2225
vn -0.9749 0.0000 -0.2225
vn -0.9749 0.0000 -0.2225
vn -0.9749 0.0000 -0.2225
vn -0.7818 0.0000 -0.6235
vn -0.7818 0.0000 -0.6235
vn -0.7818 0.0000 -0.6235
vn -0.7818 0.0000 -0.6235
vn -0.4339 0.0000 -0.9010
vn -0.4339 0.0000 -0.9010
vn -0.4339 0.0000 -0.9010
vn -0.4339 0.0000 -0.9010
vn 0.0000 0.0000 -1.0000
vn 0.0000 0.0000 -1.0000
vn 0.0000 0.0000 -1.0000
vn 0.0000 0.0000 -1.0000
vn 0.4339 0.0000 -0.9010
vn 0.4339 0.0000 -0.9010
vn 0.4339 0.0000 -0.9010
vn 0.4339 0.0000 -0.9010
vn 0.7818 0.0000 -0.6235
vn 0.7818 0.0000 -0.6235
vn 0.7818 0.0000 -0.6235
vn 0.7818 0.0000 -0.6235
vn 0.9749 0.0000 -0.2225
vn 0.9749 0.0000 -0.2225
vn 0.9749 0.0000 -0.2225
vn 0.9749 0.0000 -0.2225
vn 0.9749 0.0000 0.2225
vn 0.9749 0.0000 0.2225
vn 0.9749 0.0000 0.2225
vn 0.9749 0.0000 0.2225
vn 0.7818 0.0000 0.6235
vn 0.7818 0.0000 0.6235
vn 0.7818 0.0000 0.6235
vn 0.7818 0.0000 0.6235
vn 0.4339 0.0000 0.9010
vn 0.4339 0.0000 0.9010
vn 0.4339 0.0000 0.9010
vn 0.4339 0.0000 0.9010
vn 0.0000 0.0000 1.0000
vn 0.0000 0.0000 1.0000
vn 0.0000 0.0000 1.0000
vn 0.0000 0.0000 1.0000
vn -0.4339 0.0000 0.9010
vn -0.4339 0.0000 0.9010
vn -0.4339 0.0000 0.9010
vn -0.4339 0.0000 0.9010
vn -0.7818 0.0000 0.6235
vn -0.7818 0.0000 0.6235
vn -0.7818 0.0000 0.6235
vn -0.7818 0.0000 0.6235
vn -0.9749 0.0000 0.2225
vn -0.9749 0.0000 0.2225
vn -0.9749 0.0000 0.2225
vn -0.9749 0.0000 0.2225
vn 0.9636 -0.1517 -0.2199
vn 0.9636 -0.1517 -0.2199
vn 0.9636 -0.1517 -0.2199
vn 0.9636 -0.1517 -0.2199
vn 0.7728 -0.1517 -0.6163
vn 0.7728 -0.1517 -0.6163
vn 0.7728 -0.1517 -0.6163
vn 0.7728 -0.1517 -0.6163
vn 0.4289 -0.1517 -0.8905
vn 0.4289 -0.1517 -0.8905
vn 0.4289 -0.1517 -0.8905
vn 0.4289 -0.1517 -0.8905
vn 0.0000 -0.1517 -0.9884
vn 0.0000 -0.1517 -0.9884
vn 0.0000 -0.1517 -0.9884
vn 0.0000 -0.1517 -0.9884
vn -0.4289 -0.1517 -0.8905
vn -0.4289 -0.1517 -0.8905
vn -0.4289 -0.1517 -0.8905
vn -0.4289 -0.1517 -0.8905
vn -0.7728 -0.1517 -0.6163
vn -0.7728 -0.1517 -0.6163
vn -0.7728 -0.1517 -0.6163
vn -0.7728 -0.1517 -0.6163
vn -0.9636 -0.1517 -0.2199
vn -0.9636 -0.1517 -0.2199
vn -0.9636 -0.1517 -0.2199
vn -0.9636 -0.1517 -0.2199
vn -0.9636 -0.1517 0.2199
vn -0.9636 -0.1517 0.2199
vn -0.9636 -0.1517 0.2199
vn -0.9636 -0.1517 0.2199
vn -0.7728 -0.1517 0.6163
vn -0.7728 -0.1517 0.6163
vn -0.7728 -0.1517 0.6163
vn -0.7728 -0.1517 0.6163
vn -0.4289 -0.1517 0.8905
vn -0.4289 -0.1517 0.8905
vn -0.4289 -0.1517 0.8905
vn -0.4289 -0.1517 0.8905
vn 0.0000 -0.1517 0.9884
vn 0.0000 -0.1517 0.9884
vn 0.0000 -0.1517 0.9884
vn 0.0000 -0.1517 0.9884
vn 0.4289 -0.1517 0.8905
vn 0.4289 -0.1517 0.8905
vn 0.4289 -0.1517 0.8905
vn 0.4289 -0.1517 0.8905
vn 0.7728 -0.1517 0.6163
vn 0.7728 -0.1517 0.6163
vn 0.7728 -0.1517 0.6163
vn 0.7728 -0.1517 0.6163
vn 0.9636 -0.1517 0.2199
vn 0.9636 -0.1517 0.2199
vn 0.9636 -0.1517 0.2199
vn 0.9636 -0.1517 0.2199
vn 0.9749 0.0000 -0.2225
vn 0.9749 0.0000 -0.2225
vn 0.9749 0.0000 -0.2225
vn 0.9749 0.0000 -0.2225
vn 0.7818 0.0000 -0.6235
vn 0.7818 0.0000 -0.6235
vn 0.7818 0.0000 -0.6235
vn 0.7818 0.0000 -0.6235
vn 0.4339 0.0000 -0.9010
vn 0.4339 0.0000 -0.9010
vn 0.4339 0.0000 -0.9010
vn 0.4339 0.0000 -0.9010
vn 0.0000 0.0000 -1.0000
vn 0.0000 0.0000 -1.0000
vn 0.0000 0.0000 -1.0000
vn 0.0000 0.0000 -1.0000
vn -0.4339 0.0000 -0.9010
vn -0.4339 0.0000 -0.9010
vn -0.4339 0.0000 -0.9010
vn -0.4339 0.0000 -0.9010
vn -0.7818 0.0000 -0.6235
vn -0.7818 0.0000 -0.6235
vn -0.7818 0.0000 -0.6235
vn -0.7818 0.0000 -0.6235
vn -0.9749 0.0000 -0.2225
vn -0.9749 0.0000 -0.2225
vn -0.9749 0.0000 -0.2225
vn -0.9749 0.0000 -0.2225
vn -0.9749 -0.0000 0.2225
vn -0.9749 -0.0000 0.2225
vn -0.9749 -0.0000 0.2225
vn -0.9749 -0.0000 0.2225
vn -0.7818 -0.0000 0.6235
vn -0.7818 -0.0000 0.6235
vn -0.7818 -0.0000 0.6235
vn -0.7818 -0.0000 0.6235
vn -0.4339 -0.0000 0.9010
vn -0.4339 -0.0000 0.9010
vn -0.4339 -0.0000 0.9010
vn -0.4339 -0.0000 0.9010
vn 0.0000 -0.0000 1.0000
vn 0.0000 -0.0000 1.0000
vn 0.0000 -0.0000 1.0000
vn 0.0000 -0.0000 1.0000
vn 0.4339 -0.0000 0.9010
vn 0.4339 -0.0000 0.9010
vn 0.4339 -0.0000 0.9010
vn 0.4339 -0.0000 0.9010
vn 0.7818 -0.0000 0.6235
vn 0.7818 -0.0000 0.6235
vn 0.7818 -0.0000 0.6235
vn 0.7818 -0.0000 0.6235
vn 0.9749 0.0000 0.2225
vn 0.9749 0.0000 0.2225
vn 0.9749 0.0000 0.2225
vn 0.9749 0.0000 0.2225
vn 0.8325 0.5203 -0.1900
vn 0.8325 0.5203 -0.1900
vn 0.8325 0.5203 -0.1900
vn 0.8325 0.5203 -0.1900
vn 0.6677 0.5203 -0.5324
vn 0.6677 0.5203 -0.5324
vn 0.6677 0.5203 -0.5324
vn 0.6677 0.5203 -0.5324
vn 0.3705 0.5203 -0.7694
vn 0.3705 0.5203 -0.7694
vn 0.3705 0.5203 -0.7694
vn 0.3705 0.5203 -0.7694
vn 0.0000 0.5203 -0.8540
vn 0.0000 0.5203 -0.8540
vn 0.0000 0.5203 -0.8540
vn 0.0000 0.5203 -0.8540
vn -0.3705 0.5203 -0.7694
vn -0.3705 0.5203 -0.7694
vn -0.3705 0.5203 -0.7694
vn -0.3705 0.5203 -0.7694
vn -0.6677 0.5203 -0.5324
vn -0.6677 0.5203 -0.5324
vn -0.6677 0.5203 -0.5324
vn -0.6677 0.5203 -0.5324
vn -0.8325 0.5203 -0.1900
vn -0.8325 0.5203 -0.1900
vn -0.8325 0.5203 -0.1900
vn -0.8325 0.5203 -0.1900
vn -0.8325 0.5203 0.1900
vn -0.8325 0.5203 0.1900
vn -0.8325 0.5203 0.1900
vn -0.8325 0.5203 0.1900
vn -0.6677 0.5203 0.5324
vn -0.6677 0.5203 0.5324
vn -0.6677 0.5203 0.5324
vn -0.6677 0.5203 0.5324
vn -0.3705 0.5203 0.7694
vn -0.3705 0.5203 0.7694
vn -0.3705 0.5203 0.7694
vn -0.3705 0.5203 0.7694
vn 0.0000 0.5203 0.8540
vn 0.0000 0.5203 0.8540
vn 0.0000 0.5203 0.8540
vn 0.0000 0.5203 0.8540
vn 0.3705 0.5203 0.7694
vn 0.3705 0.5203 0.7694
vn 0.3705 0.5203 0.7694
vn 0.3705 0.5203 0.7694
vn 0.6677 0.5203 0.5324
vn 0.6677 0.5203 0.5324
vn 0.6677 0.5203 0.5324
vn 0.6677 0.5203 0.5324
vn 0.8325 0.5203 0.1900
vn 0.8325 0.5203 0.1900
vn 0.8325 0.5203 0.1900
vn 0.8325 0.5203 0.1900
vn 0.4283 0.8983 -0.0978
vn 0.4283 0.8983 -0.0978
vn 0.4283 0.8983 -0.0978
vn 0.4283 0.8983 -0.0978
vn 0.3435 0.8983 -0.2739
vn 0.3435 0.8983 -0.2739
vn 0.3435 0.8983 -0.2739
vn 0.3435 0.8983 -0.2739
vn 0.1906 0.8983 -0.3958
vn 0.1906 0.8983 -0.3958
vn 0.1906 0.8983 -0.3958
vn 0.1906 0.8983 -0.3958
vn 0.0000 0.8983 -0.4394
vn 0.0000 0.8983 -0.4394
vn 0.0000 0.8983 -0.4394
vn 0.0000 0.8983 -0.4394
vn -0.1906 0.8983 -0.3958
vn -0.1906 0.8983 -0.3958
vn -0.1906 0.8983 -0.3958
vn -0.1906 0.8983 -0.3958
vn -0.3435 0.8983 -0.2739
vn -0.3435 0.8983 -0.2739
vn -0.3435 0.8983 -0.2739
vn -0.3435 0.8983 -0.2739
vn -0.4283 0.8983 -0.0978
vn -0.4283 0.8983 -0.0978
vn -0.4283 0.8983 -0.0978
vn -0.4283 0.8983 -0.0978
vn -0.4283 0.8983 0.0978
vn -0.4283 0.8983 0.0978
vn -0.4283 0.8983 0.0978
vn -0.4283 0.8983 0.0978
vn -0.3435 0.8983 0.2739
vn -0.3435 0.8983 0.2739
vn -0.3435 0.8983 0.2739
vn -0.3435 0.8983 0.2739
vn -0.1906 0.8983 0.3958
vn -0.1906 0.8983 0.3958
vn -0.1906 0.8983 0.3958
vn -0.1906 0.8983 0.3958
vn 0.0000 0.8983 0.4394
vn 0.0000 0.8983 0.4394
vn 0.0000 0.8983 0.4394
vn 0.0000 0.8983 0.4394
vn 0.1906 0.8983 0.3958
vn 0.1906 0.8983 0.3958
vn 0.1906 0.8983 0.3958
vn 0.1906 0.8983 0.3958
vn 0.3435 0.8983 0.2739
vn 0.3435 0.8983 0.2739
vn 0.3435 0.8983 0.2739
vn 0.3435 0.8983 0.2739
vn 0.4283 0.8983 0.0978
vn 0.4283 0.8983 0.0978
vn 0.4283 0.8983 0.0978
vn 0.4283 0.8983 0.0978
vn 0.0000 1.0000 0.0000
vn 0.0000 1.0000 0.0000
vn 0.0000 1.0000 0.0000
vn 0.0000 1.0000 0.0000
vn 0.0000 1.0000 0.0000
vn 0.0000 1.0000 0.0000
vn 0.0000 1.0000 0.0000
vn 0.0000 1.0000 0.0000
vn 0.0000 1.0000 0.0000
vn 0.0000 1.0000 0.0000
vn 0.0000 1.0000 0.0000
vn 0.0000 1.0000 0.0000
vn 0.0000 1.0000 0.0000
vn 0.0000 1.0000 0.0000
vn 0.0000 1.0000 -0.0000
vn 0.0000 1.0000 -0.0000
vn 0.0000 1.0000 -0.0000
vn 0.0000 1.0000 -0.0000
vn 0.0000 1.0000 0.0000
vn 0.0000 1.0000 0.0000
vn 0.0000 1.0000 0.0000
vn 0.0000 1.0000 0.0000
vn 0.0000 1.0000 0.0000
vn 0.0000 1.0000 0.0000
vn 0.0000 1.0000 0.0000
vn 0.0000 1.0000 0.0000
vn 0.0000 1.0000 0.0000
vn 0.0000 1.0000 0.0000
vn 0.0000 1.0000 0.0000
vn 0.0000 1.0000 0.0000
vn 0.0000 1.0000 -0.0000
vn 0.0000 1.0000 -0.0000
vn 0.0000 1.0000 -0.0000
vn 0.0000 1.0000 -0.0000
vn 0.0000 1.0000 0.0000
vn 0.0000 1.0000 0.0000
vn 0.0000 1.0000 0.0000
vn 0.0000 1.0000 0.0000
vn 0.0000 1.0000 0.0000
vn 0.0000 1.0000 0.0000
vn 0.0000 1.0000 0.0000
vn 0.0000 1.0000 0.0000
vn 0.0000 1.0000 0.0000
vn 0.0000 1.0000 0.0000
vn 0.0000 1.0000 0.0000
vn 0.0000 1.0000 0.0000
vn 0.0000 1.0000 -0.0000
vn 0.0000 1.0000 -0.0000
vn 0.0000 1.0000 -0.0000
vn 0.0000 1.0000 -0.0000
vn 0.0000 1.0000 0.0000
vn 0.0000 1.0000 0.0000
vn 0.0000 1.0000 0.0000
vn 0.0000 1.0000 0.0000
vn 0.0000 1.0000 0.0000
vn 0.0000 1.0000 0.0000
vn 0.0000 1.0000 0.0000
vn 0.0000 1.0000 0.0000
vn 0.0000 1.0000 0.0000
vn 0.0000 1.0000 0.0000
vn 0.0000 1.0000 0.0000
vn 0.0000 1.0000 0.0000
vn 0.0000 1.0000 -0.0000
vn 0.0000 1.0000 -0.0000
vn 0.0000 1.0000 -0.0000
vn 0.0000 1.0000 -0.0000
vn 0.0000 1.0000 -0.0000
vn 0.0000 1.0000 -0.0000
vn 0.0000 1.0000 -0.0000
vn 0.0000 1.0000 -0.0000
vn 0.9749 0.0000 0.2225
vn 0.9749 0.0000 0.2225
vn 0.9749 0.0000 0.2225
vn 0.9749 0.0000 0.2225
vn 0.7818 0.0000 0.6235
vn 0.7818 0.0000 0.6235
vn 0.7818 0.0000 0.6235
vn 0.7818 0.0000 0.6235
vn 0.4339 0.0000 0.9010
vn 0.4339 0.0000 0.9010
vn 0.4339 0.0000 0.9010
vn 0.4339 0.0000 0.9010
vn 0.0000 0.0000 1.0000
vn 0.0000 0.0000 1.0000
vn 0.0000 0.0000 1.0000
vn 0.0000 0.0000 1.0000
vn -0.4339 0.0000 0.9010
vn -0.4339 0.0000 0.9010
vn -0.4339 0.0000 0.9010
vn -0.4339 0.0000 0.9010
vn -0.7818 0.0000 0.6235
vn -0.7818 0.0000 0.6235
vn -0.7818 0.0000 0.6235
vn -0.7818 0.0000 0.6235
vn -0.9749 0.0000 0.2225
vn -0.9749 0.0000 0.2225
vn -0.9749 0.0000 0.2225
vn -0.9749 0.0000 0.2225
vn -0.9749 -0.0000 -0.2225
vn -0.9749 -0.0000 -0.2225
vn -0.9749 -0.0000 -0.2225
vn -0.9749 -0.0000 -0.2225
vn -0.7818 0.0000 -0.6235
vn -0.7818 0.0000 -0.6235
vn -0.7818 0.0000 -0.6235
vn -0.7818 0.0000 -0.6235
vn -0.4339 0.0000 -0.9010
vn -0.4339 0.0000 -0.9010
vn -0.4339 0.0000 -0.9010
vn -0.4339 0.0000 -0.9010
vn 0.0000 0.0000 -1.0000
vn 0.0000 0.0000 -1.0000
vn 0.0000 0.0000 -1.0000
vn 0.0000 0.0000 -1.0000
vn 0.4339 0.0000 -0.9010
vn 0.4339 0.0000 -0.9010
vn 0.4339 0.0000 -0.9010
vn 0.4339 0.0000 -0.9010
vn 0.7818 0.0000 -0.6235
vn 0.7818 0.0000 -0.6235
vn 0.7818 0.0000 -0.6235
vn 0.7818 0.0000 -0.6235
vn 0.9749 0.0000 -0.2225
vn 0.9749 0.0000 -0.2225
vn 0.9749 0.0000 -0.2225
vn 0.9749 0.0000 -0.2225
vn 0.0000 -1.0000 -0.0000
vn 0.0000 -1.0000 -0.0000
vn 0.0000 -1.0000 -0.0000
vn 0.0000 -1.0000 -0.0000
vn 0.0000 -1.0000 0.0000
vn 0.0000 -1.0000 0.0000
vn 0.0000 -1.0000 0.0000
vn 0.0000 -1.0000 0.0000
vn 0.0000 -1.0000 0.0000
vn 0.0000 -1.0000 0.0000
vn 0.0000 -1.0000 0.0000
vn 0.0000 -1.0000 0.0000
vn 0.0000 -1.0000 0.0000
vn 0.0000 -1.0000 0.0000
vn 0.0000 -1.0000 0.0000
vn 0.0000 -1.0000 0.0000
vn 0.0000 -1.0000 0.0000
vn 0.0000 -1.0000 0.0000
vn 0.0000 -1.0000 0.0000
vn 0.0000 -1.0000 0.0000
vn 0.0000 -1.0000 -0.0000
vn 0.0000 -1.0000 -0.0000
vn 0.0000 -1.0000 -0.0000
vn 0.0000 -1.0000 -0.0000
vn 0.0000 -1.0000 0.0000
vn 0.0000 -1.0000 0.0000
vn 0.0000 -1.0000 0.0000
vn 0.0000 -1.0000 0.0000
vn 0.0000 -1.0000 0.0000
vn 0.0000 -1.0000 0.0000
vn 0.0000 -1.0000 0.0000
vn 0.0000 -1.0000 0.0000
vn 0.0000 -1.0000 0.0000
vn 0.0000 -1.0000 0.0000
vn 0.0000 -1.0000 0.0000
vn 0.0000 -1.0000 0.0000
vn 0.0000 -1.0000 0.0000
vn 0.0000 -1.0000 0.0000
vn 0.0000 -1.0000 0.0000
vn 0.0000 -1.0000 0.0000
vn 0.0000 -1.0000 -0.0000
vn 0.0000 -1.0000 -0.0000
vn 0.0000 -1.0000 -0.0000
vn 0.0000 -1.0000 -0.0000
vn 0.0000 -1.0000 0.0000
vn 0.0000 -1.0000 0.0000
vn 0.0000 -1.0000 0.0000
vn 0.0000 -1.0000 0.0000
vn 0.0000 -1.0000 0.0000
vn 0.0000 -1.0000 0.0000
vn 0.0000 -1.0000 0.0000
vn 0.0000 -1.0000 0.0000
vn 0.0000 -1.0000 0.0000
vn 0.0000 -1.0000 0.0000
vn 0.0000 -1.0000 0.0000
vn 0.0000 -1.0000 0.0000
vn -0.9749 -0.0000 -0.2225
vn -0.9749 -0.0000 -0.2225
vn -0.9749 -0.0000 -0.2225
vn -0.9749 -0.0000 -0.2225
vn -0.7818 0.0000 -0.6235
vn -0.7818 0.0000 -0.6235
vn -0.7818 0.0000 -0.6235
vn -0.7818 0.0000 -0.6235
vn -0.4339 0.0000 -0.9010
vn -0.4339 0.0000 -0.9010
vn -0.4339 0.0000 -0.9010
vn -0.4339 0.0000 -0.9010
vn 0.0000 0.0000 -1.0000
vn 0.0000 0.0000 -1.0000
vn 0.0000 0.0000 -1.0000
vn 0.0000 0.0000 -1.0000
vn 0.4339 0.0000 -0.9010
vn 0.4339 0.0000 -0.9010
vn 0.4339 0.0000 -0.9010
vn 0.4339 0.0000 -0.9010
vn 0.7818 0.0000 -0.6235
vn 0.7818 0.0000 -0.6235
vn 0.7818 0.0000 -0.6235
vn 0.7818 0.0000 -0.6235
vn 0.9749 0.0000 -0.2225
vn 0.9749 0.0000 -0.2225
vn 0.9749 0.0000 -0.2225
vn 0.9749 0.0000 -0.2225
vn 0.9749 0.0000 0.2225
vn 0.9749 0.0000 0.2225
vn 0.9749 0.0000 0.2225
vn 0.9749 0.0000 0.2225
vn 0.7818 0.0000 0.6235
vn 0.7818 0.0000 0.6235
vn 0.7818 0.0000 0.6235
vn 0.7818 0.0000 0.6235
vn 0.4339 0.0000 0.9010
vn 0.4339 0.0000 0.9010
vn 0.4339 0.0000 0.9010
vn 0.4339 0.0000 0.9010
vn 0.0000 0.0000 1.0000
vn 0.0000 0.0000 1.0000
vn 0.0000 0.0000 1.0000
vn 0.0000 0.0000 1.0000
vn -0.4339 0.0000 0.9010
vn -0.4339 0.0000 0.9010
vn -0.4339 0.0000 0.9010
vn -0.4339 0.0000 0.9010
vn -0.7818 0.0000 0.6235
vn -0.7818 0.0000 0.6235
vn -0.7818 0.0000 0.6235
vn -0.7818 0.0000 0.6235
vn -0.9749 0.0000 0.2225
vn -0.9749 0.0000 0.2225
vn -0.9749 0.0000 0.2225
vn -0.9749 0.0000 0.2225
vn 0.9631 -0.1550 -0.2198
vn 0.9631 -0.1550 -0.2198
vn 0.9631 -0.1550 -0.2198
vn 0.9631 -0.1550 -0.2198
vn 0.7724 -0.1550 -0.6160
vn 0.7724 -0.1550 -0.6160
vn 0.7724 -0.1550 -0.6160
vn 0.7724 -0.1550 -0.6160
vn 0.4286 -0.1550 -0.8901
vn 0.4286 -0.1550 -0.8901
vn 0.4286 -0.1550 -0.8901
vn 0.4286 -0.1550 -0.8901
vn 0.0000 -0.1550 -0.9879
vn 0.0000 -0.1550 -0.9879
vn 0.0000 -0.1550 -0.9879
vn 0.0000 -0.1550 -0.9879
vn -0.4286 -0.1550 -0.8901
vn -0.4286 -0.1550 -0.8901
vn -0.4286 -0.1550 -0.8901
vn -0.4286 -0.1550 -0.8901
vn -0.7724 -0.1550 -0.6160
vn -0.7724 -0.1550 -0.6160
vn -0.7724 -0.1550 -0.6160
vn -0.7724 -0.1550 -0.6160
vn -0.9631 -0.1550 -0.2198
vn -0.9631 -0.1550 -0.2198
vn -0.9631 -0.1550 -0.2198
vn -0.9631 -0.1550 -0.2198
vn -0.9631 -0.1550 0.2198
vn -0.9631 -0.1550 0.2198
vn -0.9631 -0.1550 0.2198
vn -0.9631 -0.1550 0.2198
vn -0.7724 -0.1550 0.6160
vn -0.7724 -0.1550 0.6160
vn -0.7724 -0.1550 0.6160
vn -0.7724 -0.1550 0.6160
vn -0.4286 -0.1550 0.8901
vn -0.4286 -0.1550 0.8901
vn -0.4286 -0.1550 0.8901
vn -0.4286 -0.1550 0.8901
vn 0.0000 -0.1550 0.9879
vn 0.0000 -0.1550 0.9879
vn 0.0000 -0.1550 0.9879
vn 0.0000 -0.1550 0.9879
vn 0.4286 -0.1550 0.8901
vn 0.4286 -0.1550 0.8901
vn 0.4286 -0.1550 0.8901
vn 0.4286 -0.1550 0.8901
vn 0.7724 -0.1550 0.6160
vn 0.7724 -0.1550 0.6160
vn 0.7724 -0.1550 0.6160
vn 0.7724 -0.1550 0.6160
vn 0.9631 -0.1550 0.2198
vn 0.9631 -0.1550 0.2198
vn 0.9631 -0.1550 0.2198
vn 0.9631 -0.1550 0.2198
vn 0.9749 0.0000 -0.2225
vn 0.9749 0.0000 -0.2225
vn 0.9749 0.0000 -0.2225
vn 0.9749 0.0000 -0.2225
vn 0.7818 0.0000 -0.6235
vn 0.7818 0.0000 -0.6235
vn 0.7818 0.0000 -0.6235
vn 0.7818 0.0000 -0.6235
vn 0.4339 0.0000 -0.9010
vn 0.4339 0.0000 -0.9010
vn 0.4339 0.0000 -0.9010
vn 0.4339 0.0000 -0.9010
vn 0.0000 0.0000 -1.0000
vn 0.0000 0.0000 -1.0000
vn 0.0000 0.0000 -1.0000
vn 0.0000 0.0000 -1.0000
vn -0.4339 0.0000 -0.9010
vn -0.4339 0.0000 -0.9010
vn -0.4339 0.0000 -0.9010
vn -0.4339 0.0000 -0.9010
vn -0.7818 0.0000 -0.6235
vn -0.7818 0.0000 -0.6235
vn -0.7818 0.0000 -0.6235
vn -0.7818 0.0000 -0.6235
vn -0.9749 -0.0000 -0.2225
vn -0.9749 -0.0000 -0.2225
vn -0.9749 -0.0000 -0.2225
vn -0.9749 -0.0000 -0.2225
vn -0.9749 -0.0000 0.2225
vn -0.9749 -0.0000 0.2225
vn -0.9749 -0.0000 0.2225
vn -0.9749 -0.0000 0.2225
vn -0.7818 -0.0000 0.6235
vn -0.7818 -0.0000 0.6235
vn -0.7818 -0.0000 0.6235
vn -0.7818 -0.0000 0.6235
vn -0.4339 -0.0000 0.9010
vn -0.4339 -0.0000 0.9010
vn -0.4339 -0.0000 0.9010
vn -0.4339 -0.0000 0.9010
vn 0.0000 -0.0000 1.0000
vn 0.0000 -0.0000 1.0000
vn 0.0000 -0.0000 1.0000
vn 0.0000 -0.0000 1.0000
vn 0.4339 -0.0000 0.9010
vn 0.4339 -0.0000 0.9010
vn 0.4339 -0.0000 0.9010
vn 0.4339 -0.0000 0.9010
vn 0.7818 -0.0000 0.6235
vn 0.7818 -0.0000 0.6235
vn 0.7818 -0.0000 0.6235
vn 0.7818 -0.0000 0.6235
vn 0.9749 0.0000 0.2225
vn 0.9749 0.0000 0.2225
vn 0.9749 0.0000 0.2225
vn 0.9749 0.0000 0.2225
vn 0.8275 0.5287 -0.1889
vn 0.8275 0.5287 -0.1889
vn 0.8275 0.5287 -0.1889
vn 0.8275 0.5287 -0.1889
vn 0.6636 0.5287 -0.5292
vn 0.6636 0.5287 -0.5292
vn 0.6636 0.5287 -0.5292
vn 0.6636 0.5287 -0.5292
vn 0.3683 0.5287 -0.7647
vn 0.3683 0.5287 -0.7647
vn 0.3683 0.5287 -0.7647
vn 0.3683 0.5287 -0.7647
vn 0.0000 0.5287 -0.8488
vn 0.0000 0.5287 -0.8488
vn 0.0000 0.5287 -0.8488
vn 0.0000 0.5287 -0.8488
vn -0.3683 0.5287 -0.7647
vn -0.3683 0.5287 -0.7647
vn -0.3683 0.5287 -0.7647
vn -0.3683 0.5287 -0.7647
vn -0.6636 0.5287 -0.5292
vn -0.6636 0.5287 -0.5292
vn -0.6636 0.5287 -0.5292
vn -0.6636 0.5287 -0.5292
vn -0.8275 0.5287 -0.1889
vn -0.8275 0.5287 -0.1889
vn -0.8275 0.5287 -0.1889
vn -0.8275 0.5287 -0.1889
vn -0.8275 0.5287 0.1889
vn -0.8275 0.5287 0.1889
vn -0.8275 0.5287 0.1889
vn -0.8275 0.5287 0.1889
vn -0.6636 0.5287 0.5292
vn -0.6636 0.5287 0.5292
vn -0.6636 0.5287 0.5292
vn -0.6636 0.5287 0.5292
vn -0.3683 0.5287 0.7647
vn -0.3683 0.5287 0.7647
vn -0.3683 0.5287 0.7647
vn -0.3683 0.5287 0.7647
vn 0.0000 0.5287 0.8488
vn 0.0000 0.5287 0.8488
vn 0.0000 0.5287 0.8488
vn 0.0000 0.5287 0.8488
vn 0.3683 0.5287 0.7647
vn 0.3683 0.5287 0.7647
vn 0.3683 0.5287 0.7647
vn 0.3683 0.5287 0.7647
vn 0.6636 0.5287 0.5292
vn 0.6636 0.5287 0.5292
vn 0.6636 0.5287 0.5292
vn 0.6636 0.5287 0.5292
vn 0.8275 0.5287 0.1889
vn 0.8275 0.5287 0.1889
vn 0.8275 0.5287 0.1889
vn 0.8275 0.5287 0.1889
vn 0.4389 0.8929 -0.1002
vn 0.4389 0.8929 -0.1002
vn 0.4389 0.8929 -0.1002
vn 0.4389 0.8929 -0.1002
vn 0.3520 0.8929 -0.2807
vn 0.3520 0.8929 -0.2807
vn 0.3520 0.8929 -0.2807
vn 0.3520 0.8929 -0.2807
vn 0.1953 0.8929 -0.4056
vn 0.1953 0.8929 -0.4056
vn 0.1953 0.8929 -0.4056
vn 0.1953 0.8929 -0.4056
vn 0.0000 0.8929 -0.4502
vn 0.0000 0.8929 -0.4502
vn 0.0000 0.8929 -0.4502
vn 0.0000 0.8929 -0.4502
vn -0.1953 0.8929 -0.4056
vn -0.1953 0.8929 -0.4056
vn -0.1953 0.8929 -0.4056
vn -0.1953 0.8929 -0.4056
vn -0.3520 0.8929 -0.2807
vn -0.3520 0.8929 -0.2807
vn -0.3520 0.8929 -0.2807
vn -0.3520 0.8929 -0.2807
vn -0.4389 0.8929 -0.1002
vn -0.4389 0.8929 -0.1002
vn -0.4389 0.8929 -0.1002
vn -0.4389 0.8929 -0.1002
vn -0.4389 0.8929 0.1002
vn -0.4389 0.8929 0.1002
vn -0.4389 0.8929 0.1002
vn -0.4389 0.8929 0.1002
vn -0.3520 0.8929 0.2807
vn -0.3520 0.8929 0.2807
vn -0.3520 0.8929 0.2807
vn -0.3520 0.8929 0.2807
vn -0.1953 0.8929 0.4056
vn -0.1953 0.8929 0.4056
vn -0.1953 0.8929 0.4056
vn -0.1953 0.8929 0.4056
vn 0.0000 0.8929 0.4502
vn 0.0000 0.8929 0.4502
vn 0.0000 0.8929 0.4502
vn 0.0000 0.8929 0.4502
vn 0.1953 0.8929 0.4056
vn 0.1953 0.8929 0.4056
vn 0.1953 0.8929 0.4056
vn 0.1953 0.8929 0.4056
vn 0.3520 0.8929 0.2807
vn 0.3520 0.8929 0.2807
vn 0.3520 0.8929 0.2807
vn 0.3520 0.8929 0.2807
vn 0.4389 0.8929 0.1002
vn 0.4389 0.8929 0.1002
vn 0.4389 0.8929 0.1002
vn 0.4389 0.8929 0.1002
vn 0.0000 1.0000 -0.0000
vn 0.0000 1.0000 -0.0000
vn 0.0000 1.0000 -0.0000
vn 0.0000 1.0000 -0.0000
vn 0.0000 1.0000 -0.0000
vn 0.0000 1.0000 -0.0000
vn 0.0000 1.0000 -0.0000
vn 0.0000 1.0000 -0.0000
vn 0.0000 1.0000 -0.0000
vn 0.0000 1.0000 -0.0000
vn 0.0000 1.0000 -0.0000
vn 0.0000 1.0000 -0.0000
vn 0.0000 1.0000 -0.0000
vn 0.0000 1.0000 -0.0000
vn 0.0000 1.0000 0.0000
vn 0.0000 1.0000 0.0000
vn 0.0000 1.0000 0.0000
vn 0.0000 1.0000 0.0000
vn 0.0000 1.0000 -0.0000
vn 0.0000 1.0000 -0.0000
vn 0.0000 1.0000 -0.0000
vn 0.0000 1.0000 -0.0000
vn 0.0000 1.0000 -0.0000
vn 0.0000 1.0000 -0.0000
vn 0.0000 1.0000 -0.0000
vn 0.0000 1.0000 -0.0000
vn 0.0000 1.0000 -0.0000
vn 0.0000 1.0000 -0.0000
vn 0.0000 1.0000 -0.0000
vn 0.0000 1.0000 -0.0000
vn 0.0000 1.0000 0.0000
vn 0.0000 1.0000 0.0000
vn 0.0000 1.0000 0.0000
vn 0.0000 1.0000 0.0000
vn 0.0000 1.0000 -0.0000
vn 0.0000 1.0000 -0.0000
vn 0.0000 1.0000 -0.0000
vn 0.0000 1.0000 -0.0000
vn 0.0000 1.0000 -0.0000
vn 0.0000 1.0000 -0.0000
vn 0.0000 1.0000 -0.0000
vn 0.0000 1.0000 -0.0000
vn 0.0000 1.0000 0.0000
vn 0.0000 1.0000 0.0000
vn 0.0000 1.0000 0.0000
vn 0.0000 1.0000 0.0000
vn 0.0000 1.0000 -0.0000
vn 0.0000 1.0000 -0.0000
vn 0.0000 1.0000 -0.0000
vn 0.0000 1.0000 -0.0000
vn 0.0000 1.0000 -0.0000
vn 0.0000 1.0000 -0.0000
vn 0.0000 1.0000 -0.0000
vn 0.0000 1.0000 -0.0000
vn 0.0000 1.0000 -0.0000
vn 0.0000 1.0000 -0.0000
vn 0.0000 1.0000 -0.0000
vn 0.0000 1.0000 -0.0000
vn 0.0000 1.0000 -0.0000
vn 0.0000 1.0000 -0.0000
vn 0.0000 1.0000 -0.0000
vn 0.0000 1.0000 -0.0000
vn 0.0000 1.0000 -0.0000
vn 0.0000 1.0000 -0.0000
vn 0.0000 1.0000 -0.0000
vn 0.0000 1.0000 -0.0000
vn 0.0000 1.0000 0.0000
vn 0.0000 1.0000 0.0000
vn 0.0000 1.0000 0.0000
vn 0.0000 1.0000 0.0000
vn 0.9749 0.0000 0.2225
vn 0.9749 0.0000 0.2225
vn 0.9749 0.0000 0.2225
vn 0.9749 0.0000 0.2225
vn 0.7818 0.0000 0.6235
vn 0.7818 0.0000 0.6235
vn 0.7818 0.0000 0.6235
vn 0.7818 0.0000 0.6235
vn 0.4339 0.0000 0.9010
vn 0.4339 0.0000 0.9010
vn 0.4339 0.0000 0.9010
vn 0.4339 0.0000 0.9010
vn 0.0000 0.0000 1.0000
vn 0.0000 0.0000 1.0000
vn 0.0000 0.0000 1.0000
vn 0.0000 0.0000 1.0000
vn -0.4339 0.0000 0.9010
vn -0.4339 0.0000 0.9010
vn -0.4339 0.0000 0.9010
vn -0.4339 0.0000 0.9010
vn -0.7818 0.0000 0.6235
vn -0.7818 0.0000 0.6235
vn -0.7818 0.0000 0.6235
vn -0.7818 0.0000 0.6235
vn -0.9749 0.0000 0.2225
vn -0.9749 0.0000 0.2225
vn -0.9749 0.0000 0.2225
vn -0.9749 0.0000 0.2225
vn -0.9749 0.0000 -0.2225
vn -0.9749 0.0000 -0.2225
vn -0.9749 0.0000 -0.2225
vn -0.9749 0.0000 -0.2225
vn -0.7818 0.0000 -0.6235
vn -0.7818 0.0000 -0.6235
vn -0.7818 0.0000 -0.6235
vn -0.7818 0.0000 -0.6235
vn -0.4339 0.0000 -0.9010
vn -0.4339 0.0000 -0.9010
vn -0.4339 0.0000 -0.9010
vn -0.4339 0.0000 -0.9010
vn 0.0000 0.0000 -1.0000
vn 0.0000 0.0000 -1.0000
vn 0.0000 0.0000 -1.0000
vn 0.0000 0.0000 -1.0000
vn 0.4339 0.0000 -0.9010
vn 0.4339 0.0000 -0.9010
vn 0.4339 0.0000 -0.9010
vn 0.4339 0.0000 -0.9010
vn 0.7818 0.0000 -0.6235
vn 0.7818 0.0000 -0.6235
vn 0.7818 0.0000 -0.6235
vn 0.7818 0.0000 -0.6235
vn 0.9749 0.0000 -0.2225
vn 0.9749 0.0000 -0.2225
vn 0.9749 0.0000 -0.2225
vn 0.9749 0.0000 -0.2225
vn 0.0000 -1.0000 -0.0000
vn 0.0000 -1.0000 -0.0000
vn 0.0000 -1.0000 -0.0000
vn 0.0000 -1.0000 -0.0000
vn 0.0000 -1.0000 0.0000
vn 0.0000 -1.0000 0.0000
vn 0.0000 -1.0000 0.0000
vn 0.0000 -1.0000 0.0000
vn 0.0000 -1.0000 0.0000
vn 0.0000 -1.0000 0.0000
vn 0.0000 -1.0000 0.0000
vn 0.0000 -1.0000 0.0000
vn 0.0000 -1.0000 0.0000
vn 0.0000 -1.0000 0.0000
vn 0.0000 -1.0000 0.0000
vn 0.0000 -1.0000 0.0000
vn 0.0000 -1.0000 -0.0000
vn 0.0000 -1.0000 -0.0000
vn 0.0000 -1.0000 -0.0000
vn 0.0000 -1.0000 -0.0000
vn 0.0000 -1.0000 -0.0000
vn 0.0000 -1.0000 -0.0000
vn 0.0000 -1.0000 -0.0000
vn 0.0000 -1.0000 -0.0000
vn 0.0000 -1.0000 0.0000
vn 0.0000 -1.0000 0.0000
vn 0.0000 -1.0000 0.0000
vn 0.0000 -1.0000 0.0000
vn 0.0000 -1.0000 -0.0000
vn 0.0000 -1.0000 -0.0000
vn 0.0000 -1.0000 -0.0000
vn 0.0000 -1.0000 -0.0000
vn 0.0000 -1.0000 -0.0000
vn 0.0000 -1.0000 -0.0000
vn 0.0000 -1.0000 -0.0000
vn 0.0000 -1.0000 -0.0000
vn 0.0000 -1.0000 0.0000
vn 0.0000 -1.0000 0.0000
vn 0.0000 -1.0000 0.0000
vn 0.0000 -1.0000 0.0000
vn 0.0000 -1.0000 -0.0000
vn 0.0000 -1.0000 -0.0000
vn 0.0000 -1.0000 -0.0000
vn 0.0000 -1.0000 -0.0000
vn 0.0000 -1.0000 0.0000
vn 0.0000 -1.0000 0.0000
vn 0.0000 -1.0000 0.0000
vn 0.0000 -1.0000 0.0000
vn 0.0000 -1.0000 -0.0000
vn 0.0000 -1.0000 -0.0000
vn 0.0000 -1.0000 -0.0000
vn 0.0000 -1.0000 -0.0000
vn 0.0000 -1.0000 -0.0000
vn 0.0000 -1.0000 -0.0000
vn 0.0000 -1.0000 -0.0000
vn 0.0000 -1.0000 -0.0000
vn -0.9749 -0.0000 -0.2225
vn -0.9749 -0.0000 -0.2225
vn -0.9749 -0.0000 -0.2225
vn -0.9749 -0.0000 -0.2225
vn -0.7818 0.0000 -0.6235
vn -0.7818 0.0000 -0.6235
vn -0.7818 0.0000 -0.6235
vn -0.7818 0.0000 -0.6235
vn -0.4339 0.0000 -0.9010
vn -0.4339 0.0000 -0.9010
vn -0.4339 0.0000 -0.9010
vn -0.4339 0.0000 -0.9010
vn 0.0000 0.0000 -1.0000
vn 0.0000 0.0000 -1.0000
vn 0.0000 0.0000 -1.0000
vn 0.0000 0.0000 -1.0000
vn 0.4339 0.0000 -0.9010
vn 0.4339 0.0000 -0.9010
vn 0.4339 0.0000 -0.9010
vn 0.4339 0.0000 -0.9010
vn 0.7818 0.0000 -0.6235
vn 0.7818 0.0000 -0.6235
vn 0.7818 0.0000 -0.6235
vn 0.7818 0.0000 -0.6235
vn 0.9749 -0.0000 -0.2225
vn 0.9749 -0.0000 -0.2225
vn 0.9749 -0.0000 -0.2225
vn 0.9749 -0.0000 -0.2225
vn 0.9749 0.0000 0.2225
vn 0.9749 0.0000 0.2225
vn 0.9749 0.0000 0.2225
vn 0.9749 0.0000 0.2225
vn 0.7818 0.0000 0.6235
vn 0.7818 0.0000 0.6235
vn 0.7818 0.0000 0.6235
vn 0.7818 0.0000 0.6235
vn 0.4339 0.0000 0.9010
vn 0.4339 0.0000 0.9010
vn 0.4339 0.0000 0.9010
vn 0.4339 0.0000 0.9010
vn 0.0000 0.0000 1.0000
vn 0.0000 0.0000 1.0000
vn 0.0000 0.0000 1.0000
vn 0.0000 0.0000 1.0000
vn -0.4339 0.0000 0.9010
vn -0.4339 0.0000 0.9010
vn -0.4339 0.0000 0.9010
vn -0.4339 0.0000 0.9010
vn -0.7818 0.0000 0.6235
vn -0.7818 0.0000 0.6235
vn -0.7818 0.0000 0.6235
vn -0.7818 0.0000 0.6235
vn -0.9749 0.0000 0.2225
vn -0.9749 0.0000 0.2225
vn -0.9749 0.0000 0.2225
vn -0.9749 0.0000 0.2225
vn 0.0000 0.3827 -0.9239
vn 0.0000 0.3827 -0.9239
vn 0.0000 0.3827 -0.9239
vn 0.0000 0.3827 -0.9239
vn 0.0000 0.9239 -0.3827
vn 0.0000 0.9239 -0.3827
vn 0.0000 0.9239 -0.3827
vn 0.0000 0.9239 -0.3827
vn -0.0000 0.9239 0.3827
vn -0.0000 0.9239 0.3827
vn -0.0000 0.9239 0.3827
vn -0.0000 0.9239 0.3827
vn 0.0000 0.3827 0.9239
vn 0.0000 0.3827 0.9239
vn 0.0000 0.3827 0.9239
vn 0.0000 0.3827 0.9239
vn -0.0000 -0.3827 0.9239
vn -0.0000 -0.3827 0.9239
vn -0.0000 -0.3827 0.9239
vn -0.0000 -0.3827 0.9239
vn -0.0000 -0.9239 0.3827
vn -0.0000 -0.9239 0.3827
vn -0.0000 -0.9239 0.3827
vn -0.0000 -0.9239 0.3827
vn 0.0000 -0.9239 -0.3827
vn 0.0000 -0.9239 -0.3827
vn 0.0000 -0.9239 -0.3827
vn 0.0000 -0.9239 -0.3827
vn 0.0000 -0.3827 -0.9239
vn 0.0000 -0.3827 -0.9239
vn 0.0000 -0.3827 -0.9239
vn 0.0000 -0.3827 -0.9239
vn -1.0000 0.0000 0.0000
vn -1.0000 0.0000 0.0000
vn -1.0000 0.0000 0.0000
vn -1.0000 0.0000 0.0000
vn -1.0000 0.0000 0.0000
vn -1.0000 0.0000 0.0000
vn -1.0000 0.0000 0.0000
vn -1.0000 0.0000 0.0000
vn 1.0000 0.0000 0.0000
vn 1.0000 0.0000 0.0000
vn 1.0000 0.0000 0.0000
vn 1.0000 0.0000 0.0000
vn 1.0000 0.0000 0.0000
vn 1.0000 0.0000 0.0000
vn 1.0000 0.0000 0.0000
vn 1.0000 0.0000 0.0000
vn 0.0000 0.3827 -0.9239
vn 0.0000 0.3827 -0.9239
vn 0.0000 0.3827 -0.9239
vn 0.0000 0.3827 -0.9239
vn 0.0000 0.9239 -0.3827
vn 0.0000 0.9239 -0.3827
vn 0.0000 0.9239 -0.3827
vn 0.0000 0.9239 -0.3827
vn -0.0000 0.9239 0.3827
vn -0.0000 0.9239 0.3827
vn -0.0000 0.9239 0.3827
vn -0.0000 0.9239 0.3827
vn 0.0000 0.3827 0.9239
vn 0.0000 0.3827 0.9239
vn 0.0000 0.3827 0.9239
vn 0.0000 0.3827 0.9239
vn -0.0000 -0.3827 0.9239
vn -0.0000 -0.3827 0.9239
vn -0.0000 -0.3827 0.9239
vn -0.0000 -0.3827 0.9239
vn -0.0000 -0.9239 0.3827
vn -0.0000 -0.9239 0.3827
vn -0.0000 -0.9239 0.3827
vn -0.0000 -0.9239 0.3827
vn 0.0000 -0.9239 -0.3827
vn 0.0000 -0.9239 -0.3827
vn 0.0000 -0.9239 -0.3827
vn 0.0000 -0.9239 -0.3827
vn 0.0000 -0.3827 -0.9239
vn 0.0000 -0.3827 -0.9239
vn 0.0000 -0.3827 -0.9239
vn 0.0000 -0.3827 -0.9239
vn -1.0000 0.0000 0.0000
vn -1.0000 0.0000 0.0000
vn -1.0000 0.0000 0.0000
vn -1.0000 0.0000 0.0000
vn -1.0000 0.0000 0.0000
vn -1.0000 0.0000 0.0000
vn -1.0000 0.0000 0.0000
vn -1.0000 0.0000 0.0000
vn 1.0000 0.0000 0.0000
vn 1.0000 0.0000 0.0000
vn 1.0000 0.0000 0.0000
vn 1.0000 0.0000 0.0000
vn 1.0000 0.0000 0.0000
vn 1.0000 0.0000 0.0000
vn 1.0000 0.0000 0.0000
vn 1.0000 0.0000 0.0000
vn 0.0000 0.0000 -1.0000
vn 0.0000 0.0000 -1.0000
vn 0.0000 0.0000 -1.0000
vn 0.0000 0.0000 -1.0000
vn 0.0000 0.0000 1.0000
vn 0.0000 0.0000 1.0000
vn 0.0000 0.0000 1.0000
vn 0.0000 0.0000 1.0000
vn 0.0000 1.0000 0.0000
vn 0.0000 1.0000 0.0000
vn 0.0000 1.0000 0.0000
vn 0.0000 1.0000 0.0000
vn 0.0000 -1.0000 0.0000
vn 0.0000 -1.0000 0.0000
vn 0.0000 -1.0000 0.0000
vn 0.0000 -1.0000 0.0000
vn 1.0000 0.0000 0.0000
vn 1.0000 0.0000 0.0000
vn 1.0000 0.0000 0.0000
vn 1.0000 0.0000 0.0000
vn -1.0000 0.0000 0.0000
vn -1.0000 0.0000 0.0000
vn -1.0000 0.0000 0.0000
vn -1.0000 0.0000 0.0000
usemtl TF_Struct
f 1/1/1 2/2/2 3/3/3
f 1/1/1 3/3/3 4/4/4
f 5/5/5 6/6/6 7/7/7
f 5/5/5 7/7/7 8/8/8
f 9/9/9 10/10/10 11/11/11
f 9/9/9 11/11/11 12/12/12
f 13/13/13 14/14/14 15/15/15
f 13/13/13 15/15/15 16/16/16
f 17/17/17 18/18/18 19/19/19
f 17/17/17 19/19/19 20/20/20
f 21/21/21 22/22/22 23/23/23
f 21/21/21 23/23/23 24/24/24
f 25/25/25 26/26/26 27/27/27
f 25/25/25 27/27/27 28/28/28
f 29/29/29 30/30/30 31/31/31
f 29/29/29 31/31/31 32/32/32
f 33/33/33 34/34/34 35/35/35
f 33/33/33 35/35/35 36/36/36
f 37/37/37 38/38/38 39/39/39
f 37/37/37 39/39/39 40/40/40
f 41/41/41 42/42/42 43/43/43
f 41/41/41 43/43/43 44/44/44
f 45/45/45 46/46/46 47/47/47
f 45/45/45 47/47/47 48/48/48
f 49/49/49 50/50/50 51/51/51
f 49/49/49 51/51/51 52/52/52
f 53/53/53 54/54/54 55/55/55
f 53/53/53 55/55/55 56/56/56
f 57/57/57 58/58/58 59/59/59
f 57/57/57 59/59/59 60/60/60
f 61/61/61 62/62/62 63/63/63
f 61/61/61 63/63/63 64/64/64
f 65/65/65 66/66/66 67/67/67
f 65/65/65 67/67/67 68/68/68
f 69/69/69 70/70/70 71/71/71
f 69/69/69 71/71/71 72/72/72
f 73/73/73 74/74/74 75/75/75
f 76/76/76 77/77/77 78/78/78
f 79/79/79 80/80/80 81/81/81
f 82/82/82 83/83/83 84/84/84
f 85/85/85 86/86/86 87/87/87
f 88/88/88 89/89/89 90/90/90
f 91/91/91 92/92/92 93/93/93
f 94/94/94 95/95/95 96/96/96
f 97/97/97 98/98/98 99/99/99
f 97/97/97 99/99/99 100/100/100
f 101/101/101 102/102/102 103/103/103
f 101/101/101 103/103/103 104/104/104
f 105/105/105 106/106/106 107/107/107
f 105/105/105 107/107/107 108/108/108
f 109/109/109 110/110/110 111/111/111
f 109/109/109 111/111/111 112/112/112
f 113/113/113 114/114/114 115/115/115
f 113/113/113 115/115/115 116/116/116
f 117/117/117 118/118/118 119/119/119
f 117/117/117 119/119/119 120/120/120
f 121/121/121 122/122/122 123/123/123
f 121/121/121 123/123/123 124/124/124
f 125/125/125 126/126/126 127/127/127
f 125/125/125 127/127/127 128/128/128
f 129/129/129 130/130/130 131/131/131
f 129/129/129 131/131/131 132/132/132
f 133/133/133 134/134/134 135/135/135
f 133/133/133 135/135/135 136/136/136
f 137/137/137 138/138/138 139/139/139
f 137/137/137 139/139/139 140/140/140
f 141/141/141 142/142/142 143/143/143
f 141/141/141 143/143/143 144/144/144
f 145/145/145 146/146/146 147/147/147
f 145/145/145 147/147/147 148/148/148
f 149/149/149 150/150/150 151/151/151
f 149/149/149 151/151/151 152/152/152
f 153/153/153 154/154/154 155/155/155
f 153/153/153 155/155/155 156/156/156
f 157/157/157 158/158/158 159/159/159
f 157/157/157 159/159/159 160/160/160
f 161/161/161 162/162/162 163/163/163
f 161/161/161 163/163/163 164/164/164
f 165/165/165 166/166/166 167/167/167
f 165/165/165 167/167/167 168/168/168
f 169/169/169 170/170/170 171/171/171
f 169/169/169 171/171/171 172/172/172
f 173/173/173 174/174/174 175/175/175
f 173/173/173 175/175/175 176/176/176
f 177/177/177 178/178/178 179/179/179
f 177/177/177 179/179/179 180/180/180
f 181/181/181 182/182/182 183/183/183
f 181/181/181 183/183/183 184/184/184
f 185/185/185 186/186/186 187/187/187
f 185/185/185 187/187/187 188/188/188
f 189/189/189 190/190/190 191/191/191
f 189/189/189 191/191/191 192/192/192
f 193/193/193 194/194/194 195/195/195
f 193/193/193 195/195/195 196/196/196
f 197/197/197 198/198/198 199/199/199
f 197/197/197 199/199/199 200/200/200
f 201/201/201 202/202/202 203/203/203
f 201/201/201 203/203/203 204/204/204
f 205/205/205 206/206/206 207/207/207
f 205/205/205 207/207/207 208/208/208
f 209/209/209 210/210/210 211/211/211
f 209/209/209 211/211/211 212/212/212
f 213/213/213 214/214/214 215/215/215
f 213/213/213 215/215/215 216/216/216
f 217/217/217 218/218/218 219/219/219
f 217/217/217 219/219/219 220/220/220
f 221/221/221 222/222/222 223/223/223
f 221/221/221 223/223/223 224/224/224
f 225/225/225 226/226/226 227/227/227
f 225/225/225 227/227/227 228/228/228
f 229/229/229 230/230/230 231/231/231
f 229/229/229 231/231/231 232/232/232
f 233/233/233 234/234/234 235/235/235
f 233/233/233 235/235/235 236/236/236
f 237/237/237 238/238/238 239/239/239
f 237/237/237 239/239/239 240/240/240
f 241/241/241 242/242/242 243/243/243
f 241/241/241 243/243/243 244/244/244
f 245/245/245 246/246/246 247/247/247
f 245/245/245 247/247/247 248/248/248
f 249/249/249 250/250/250 251/251/251
f 249/249/249 251/251/251 252/252/252
f 253/253/253 254/254/254 255/255/255
f 253/253/253 255/255/255 256/256/256
f 257/257/257 258/258/258 259/259/259
f 257/257/257 259/259/259 260/260/260
f 261/261/261 262/262/262 263/263/263
f 261/261/261 263/263/263 264/264/264
f 265/265/265 266/266/266 267/267/267
f 265/265/265 267/267/267 268/268/268
f 269/269/269 270/270/270 271/271/271
f 269/269/269 271/271/271 272/272/272
f 273/273/273 274/274/274 275/275/275
f 273/273/273 275/275/275 276/276/276
f 277/277/277 278/278/278 279/279/279
f 277/277/277 279/279/279 280/280/280
f 281/281/281 282/282/282 283/283/283
f 281/281/281 283/283/283 284/284/284
f 285/285/285 286/286/286 287/287/287
f 285/285/285 287/287/287 288/288/288
f 289/289/289 290/290/290 291/291/291
f 289/289/289 291/291/291 292/292/292
f 293/293/293 294/294/294 295/295/295
f 293/293/293 295/295/295 296/296/296
f 297/297/297 298/298/298 299/299/299
f 297/297/297 299/299/299 300/300/300
f 301/301/301 302/302/302 303/303/303
f 301/301/301 303/303/303 304/304/304
f 305/305/305 306/306/306 307/307/307
f 305/305/305 307/307/307 308/308/308
f 309/309/309 310/310/310 311/311/311
f 309/309/309 311/311/311 312/312/312
f 313/313/313 314/314/314 315/315/315
f 313/313/313 315/315/315 316/316/316
f 317/317/317 318/318/318 319/319/319
f 317/317/317 319/319/319 320/320/320
f 321/321/321 322/322/322 323/323/323
f 321/321/321 323/323/323 324/324/324
f 321/321/321 324/324/324 325/325/325
f 321/321/321 325/325/325 326/326/326
f 321/321/321 326/326/326 327/327/327
f 321/321/321 327/327/327 328/328/328
f 321/321/321 328/328/328 329/329/329
f 321/321/321 329/329/329 330/330/330
f 321/321/321 330/330/330 331/331/331
f 321/321/321 331/331/331 332/332/332
f 321/321/321 332/332/332 333/333/333
f 321/321/321 333/333/333 334/334/334
f 335/335/335 336/336/336 337/337/337
f 335/335/335 337/337/337 338/338/338
f 339/339/339 340/340/340 341/341/341
f 339/339/339 341/341/341 342/342/342
f 343/343/343 344/344/344 345/345/345
f 343/343/343 345/345/345 346/346/346
f 347/347/347 348/348/348 349/349/349
f 347/347/347 349/349/349 350/350/350
f 351/351/351 352/352/352 353/353/353
f 351/351/351 353/353/353 354/354/354
f 355/355/355 356/356/356 357/357/357
f 355/355/355 357/357/357 358/358/358
f 359/359/359 360/360/360 361/361/361
f 359/359/359 361/361/361 362/362/362
f 363/363/363 364/364/364 365/365/365
f 363/363/363 365/365/365 366/366/366
f 367/367/367 368/368/368 369/369/369
f 367/367/367 369/369/369 370/370/370
f 371/371/371 372/372/372 373/373/373
f 371/371/371 373/373/373 374/374/374
f 375/375/375 376/376/376 377/377/377
f 375/375/375 377/377/377 378/378/378
f 379/379/379 380/380/380 381/381/381
f 379/379/379 381/381/381 382/382/382
f 383/383/383 384/384/384 385/385/385
f 383/383/383 385/385/385 386/386/386
f 387/387/387 388/388/388 389/389/389
f 387/387/387 389/389/389 390/390/390
f 391/391/391 392/392/392 393/393/393
f 391/391/391 393/393/393 394/394/394
f 395/395/395 396/396/396 397/397/397
f 395/395/395 397/397/397 398/398/398
f 399/399/399 400/400/400 401/401/401
f 399/399/399 401/401/401 402/402/402
f 403/403/403 404/404/404 405/405/405
f 403/403/403 405/405/405 406/406/406
f 407/407/407 408/408/408 409/409/409
f 407/407/407 409/409/409 410/410/410
f 411/411/411 412/412/412 413/413/413
f 411/411/411 413/413/413 414/414/414
f 415/415/415 416/416/416 417/417/417
f 415/415/415 417/417/417 418/418/418
f 419/419/419 420/420/420 421/421/421
f 419/419/419 421/421/421 422/422/422
f 423/423/423 424/424/424 425/425/425
f 423/423/423 425/425/425 426/426/426
f 427/427/427 428/428/428 429/429/429
f 427/427/427 429/429/429 430/430/430
f 431/431/431 432/432/432 433/433/433
f 431/431/431 433/433/433 434/434/434
f 435/435/435 436/436/436 437/437/437
f 435/435/435 437/437/437 438/438/438
f 439/439/439 440/440/440 441/441/441
f 439/439/439 441/441/441 442/442/442
f 443/443/443 444/444/444 445/445/445
f 443/443/443 445/445/445 446/446/446
f 447/447/447 448/448/448 449/449/449
f 447/447/447 449/449/449 450/450/450
f 451/451/451 452/452/452 453/453/453
f 451/451/451 453/453/453 454/454/454
f 455/455/455 456/456/456 457/457/457
f 455/455/455 457/457/457 458/458/458
f 459/459/459 460/460/460 461/461/461
f 459/459/459 461/461/461 462/462/462
f 463/463/463 464/464/464 465/465/465
f 463/463/463 465/465/465 466/466/466
f 467/467/467 468/468/468 469/469/469
f 467/467/467 469/469/469 470/470/470
f 471/471/471 472/472/472 473/473/473
f 471/471/471 473/473/473 474/474/474
f 475/475/475 476/476/476 477/477/477
f 475/475/475 477/477/477 478/478/478
f 479/479/479 480/480/480 481/481/481
f 479/479/479 481/481/481 482/482/482
f 483/483/483 484/484/484 485/485/485
f 483/483/483 485/485/485 486/486/486
f 487/487/487 488/488/488 489/489/489
f 487/487/487 489/489/489 490/490/490
f 491/491/491 492/492/492 493/493/493
f 491/491/491 493/493/493 494/494/494
f 495/495/495 496/496/496 497/497/497
f 495/495/495 497/497/497 498/498/498
f 499/499/499 500/500/500 501/501/501
f 499/499/499 501/501/501 502/502/502
f 503/503/503 504/504/504 505/505/505
f 503/503/503 505/505/505 506/506/506
f 507/507/507 508/508/508 509/509/509
f 507/507/507 509/509/509 510/510/510
f 511/511/511 512/512/512 513/513/513
f 511/511/511 513/513/513 514/514/514
f 515/515/515 516/516/516 517/517/517
f 515/515/515 517/517/517 518/518/518
f 519/519/519 520/520/520 521/521/521
f 519/519/519 521/521/521 522/522/522
f 523/523/523 524/524/524 525/525/525
f 523/523/523 525/525/525 526/526/526
f 527/527/527 528/528/528 529/529/529
f 527/527/527 529/529/529 530/530/530
f 531/531/531 532/532/532 533/533/533
f 531/531/531 533/533/533 534/534/534
f 535/535/535 536/536/536 537/537/537
f 535/535/535 537/537/537 538/538/538
f 539/539/539 540/540/540 541/541/541
f 539/539/539 541/541/541 542/542/542
f 543/543/543 544/544/544 545/545/545
f 543/543/543 545/545/545 546/546/546
f 547/547/547 548/548/548 549/549/549
f 547/547/547 549/549/549 550/550/550
f 551/551/551 552/552/552 553/553/553
f 551/551/551 553/553/553 554/554/554
f 555/555/555 556/556/556 557/557/557
f 555/555/555 557/557/557 558/558/558
f 559/559/559 560/560/560 561/561/561
f 559/559/559 561/561/561 562/562/562
f 563/563/563 564/564/564 565/565/565
f 563/563/563 565/565/565 566/566/566
f 567/567/567 568/568/568 569/569/569
f 567/567/567 569/569/569 570/570/570
f 571/571/571 572/572/572 573/573/573
f 571/571/571 573/573/573 574/574/574
f 575/575/575 576/576/576 577/577/577
f 575/575/575 577/577/577 578/578/578
f 579/579/579 580/580/580 581/581/581
f 579/579/579 581/581/581 582/582/582
f 583/583/583 584/584/584 585/585/585
f 583/583/583 585/585/585 586/586/586
f 587/587/587 588/588/588 589/589/589
f 587/587/587 589/589/589 590/590/590
f 591/591/591 592/592/592 593/593/593
f 591/591/591 593/593/593 594/594/594
f 595/595/595 596/596/596 597/597/597
f 595/595/595 597/597/597 598/598/598
f 599/599/599 600/600/600 601/601/601
f 599/599/599 601/601/601 602/602/602
f 603/603/603 604/604/604 605/605/605
f 603/603/603 605/605/605 606/606/606
f 607/607/607 608/608/608 609/609/609
f 607/607/607 609/609/609 610/610/610
f 611/611/611 612/612/612 613/613/613
f 611/611/611 613/613/613 614/614/614
f 615/615/615 616/616/616 617/617/617
f 615/615/615 617/617/617 618/618/618
f 619/619/619 620/620/620 621/621/621
f 619/619/619 621/621/621 622/622/622
f 623/623/623 624/624/624 625/625/625
f 623/623/623 625/625/625 626/626/626
f 627/627/627 628/628/628 629/629/629
f 627/627/627 629/629/629 630/630/630
f 631/631/631 632/632/632 633/633/633
f 631/631/631 633/633/633 634/634/634
f 635/635/635 636/636/636 637/637/637
f 635/635/635 637/637/637 638/638/638
f 639/639/639 640/640/640 641/641/641
f 639/639/639 641/641/641 642/642/642
f 643/643/643 644/644/644 645/645/645
f 643/643/643 645/645/645 646/646/646
f 647/647/647 648/648/648 649/649/649
f 647/647/647 649/649/649 650/650/650
f 651/651/651 652/652/652 653/653/653
f 651/651/651 653/653/653 654/654/654
f 655/655/655 656/656/656 657/657/657
f 655/655/655 657/657/657 658/658/658
f 659/659/659 660/660/660 661/661/661
f 659/659/659 661/661/661 662/662/662
f 663/663/663 664/664/664 665/665/665
f 663/663/663 665/665/665 666/666/666
f 667/667/667 668/668/668 669/669/669
f 667/667/667 669/669/669 670/670/670
f 671/671/671 672/672/672 673/673/673
f 671/671/671 673/673/673 674/674/674
f 675/675/675 676/676/676 677/677/677
f 675/675/675 677/677/677 678/678/678
f 679/679/679 680/680/680 681/681/681
f 679/679/679 681/681/681 682/682/682
f 683/683/683 684/684/684 685/685/685
f 683/683/683 685/685/685 686/686/686
f 687/687/687 688/688/688 689/689/689
f 687/687/687 689/689/689 690/690/690
f 691/691/691 692/692/692 693/693/693
f 691/691/691 693/693/693 694/694/694
f 695/695/695 696/696/696 697/697/697
f 695/695/695 697/697/697 698/698/698
f 699/699/699 700/700/700 701/701/701
f 699/699/699 701/701/701 702/702/702
f 703/703/703 704/704/704 705/705/705
f 703/703/703 705/705/705 706/706/706
f 707/707/707 708/708/708 709/709/709
f 707/707/707 709/709/709 710/710/710
f 711/711/711 712/712/712 713/713/713
f 711/711/711 713/713/713 714/714/714
f 715/715/715 716/716/716 717/717/717
f 715/715/715 717/717/717 718/718/718
f 719/719/719 720/720/720 721/721/721
f 719/719/719 721/721/721 722/722/722
f 723/723/723 724/724/724 725/725/725
f 723/723/723 725/725/725 726/726/726
f 727/727/727 728/728/728 729/729/729
f 727/727/727 729/729/729 730/730/730
f 731/731/731 732/732/732 733/733/733
f 731/731/731 733/733/733 734/734/734
f 735/735/735 736/736/736 737/737/737
f 735/735/735 737/737/737 738/738/738
f 739/739/739 740/740/740 741/741/741
f 739/739/739 741/741/741 742/742/742
f 743/743/743 744/744/744 745/745/745
f 743/743/743 745/745/745 746/746/746
f 747/747/747 748/748/748 749/749/749
f 747/747/747 749/749/749 750/750/750
f 751/751/751 752/752/752 753/753/753
f 751/751/751 753/753/753 754/754/754
f 755/755/755 756/756/756 757/757/757
f 755/755/755 757/757/757 758/758/758
f 759/759/759 760/760/760 761/761/761
f 759/759/759 761/761/761 762/762/762
f 763/763/763 764/764/764 765/765/765
f 763/763/763 765/765/765 766/766/766
f 767/767/767 768/768/768 769/769/769
f 767/767/767 769/769/769 770/770/770
f 771/771/771 772/772/772 773/773/773
f 771/771/771 773/773/773 774/774/774
f 775/775/775 776/776/776 777/777/777
f 775/775/775 777/777/777 778/778/778
f 779/779/779 780/780/780 781/781/781
f 779/779/779 781/781/781 782/782/782
f 783/783/783 784/784/784 785/785/785
f 783/783/783 785/785/785 786/786/786
f 783/783/783 786/786/786 787/787/787
f 783/783/783 787/787/787 788/788/788
f 783/783/783 788/788/788 789/789/789
f 783/783/783 789/789/789 790/790/790
f 783/783/783 790/790/790 791/791/791
f 783/783/783 791/791/791 792/792/792
f 783/783/783 792/792/792 793/793/793
f 783/783/783 793/793/793 794/794/794
f 783/783/783 794/794/794 795/795/795
f 783/783/783 795/795/795 796/796/796
f 797/797/797 798/798/798 799/799/799
f 797/797/797 799/799/799 800/800/800
f 801/801/801 802/802/802 803/803/803
f 801/801/801 803/803/803 804/804/804
f 805/805/805 806/806/806 807/807/807
f 805/805/805 807/807/807 808/808/808
f 809/809/809 810/810/810 811/811/811
f 809/809/809 811/811/811 812/812/812
f 813/813/813 814/814/814 815/815/815
f 813/813/813 815/815/815 816/816/816
f 817/817/817 818/818/818 819/819/819
f 817/817/817 819/819/819 820/820/820
f 821/821/821 822/822/822 823/823/823
f 821/821/821 823/823/823 824/824/824
f 825/825/825 826/826/826 827/827/827
f 825/825/825 827/827/827 828/828/828
f 829/829/829 830/830/830 831/831/831
f 829/829/829 831/831/831 832/832/832
f 833/833/833 834/834/834 835/835/835
f 833/833/833 835/835/835 836/836/836
f 837/837/837 838/838/838 839/839/839
f 837/837/837 839/839/839 840/840/840
f 841/841/841 842/842/842 843/843/843
f 841/841/841 843/843/843 844/844/844
f 845/845/845 846/846/846 847/847/847
f 845/845/845 847/847/847 848/848/848
f 849/849/849 850/850/850 851/851/851
f 849/849/849 851/851/851 852/852/852
f 853/853/853 854/854/854 855/855/855
f 853/853/853 855/855/855 856/856/856
f 857/857/857 858/858/858 859/859/859
f 857/857/857 859/859/859 860/860/860
f 861/861/861 862/862/862 863/863/863
f 861/861/861 863/863/863 864/864/864
f 865/865/865 866/866/866 867/867/867
f 865/865/865 867/867/867 868/868/868
f 869/869/869 870/870/870 871/871/871
f 869/869/869 871/871/871 872/872/872
f 873/873/873 874/874/874 875/875/875
f 873/873/873 875/875/875 876/876/876
f 877/877/877 878/878/878 879/879/879
f 877/877/877 879/879/879 880/880/880
f 881/881/881 882/882/882 883/883/883
f 881/881/881 883/883/883 884/884/884
f 885/885/885 886/886/886 887/887/887
f 885/885/885 887/887/887 888/888/888
f 889/889/889 890/890/890 891/891/891
f 889/889/889 891/891/891 892/892/892
f 893/893/893 894/894/894 895/895/895
f 893/893/893 895/895/895 896/896/896
f 897/897/897 898/898/898 899/899/899
f 897/897/897 899/899/899 900/900/900
f 901/901/901 902/902/902 903/903/903
f 901/901/901 903/903/903 904/904/904
f 905/905/905 906/906/906 907/907/907
f 905/905/905 907/907/907 908/908/908
f 909/909/909 910/910/910 911/911/911
f 909/909/909 911/911/911 912/912/912
f 913/913/913 914/914/914 915/915/915
f 913/913/913 915/915/915 916/916/916
f 917/917/917 918/918/918 919/919/919
f 917/917/917 919/919/919 920/920/920
f 921/921/921 922/922/922 923/923/923
f 921/921/921 923/923/923 924/924/924
f 925/925/925 926/926/926 927/927/927
f 925/925/925 927/927/927 928/928/928
f 929/929/929 930/930/930 931/931/931
f 929/929/929 931/931/931 932/932/932
f 933/933/933 934/934/934 935/935/935
f 933/933/933 935/935/935 936/936/936
f 937/937/937 938/938/938 939/939/939
f 937/937/937 939/939/939 940/940/940
f 941/941/941 942/942/942 943/943/943
f 941/941/941 943/943/943 944/944/944
f 945/945/945 946/946/946 947/947/947
f 945/945/945 947/947/947 948/948/948
f 949/949/949 950/950/950 951/951/951
f 949/949/949 951/951/951 952/952/952
f 953/953/953 954/954/954 955/955/955
f 953/953/953 955/955/955 956/956/956
f 957/957/957 958/958/958 959/959/959
f 957/957/957 959/959/959 960/960/960
f 961/961/961 962/962/962 963/963/963
f 961/961/961 963/963/963 964/964/964
f 965/965/965 966/966/966 967/967/967
f 965/965/965 967/967/967 968/968/968
f 969/969/969 970/970/970 971/971/971
f 969/969/969 971/971/971 972/972/972
f 973/973/973 974/974/974 975/975/975
f 973/973/973 975/975/975 976/976/976
f 977/977/977 978/978/978 979/979/979
f 977/977/977 979/979/979 980/980/980
f 981/981/981 982/982/982 983/983/983
f 981/981/981 983/983/983 984/984/984
f 985/985/985 986/986/986 987/987/987
f 985/985/985 987/987/987 988/988/988
f 989/989/989 990/990/990 991/991/991
f 989/989/989 991/991/991 992/992/992
f 993/993/993 994/994/994 995/995/995
f 993/993/993 995/995/995 996/996/996
f 997/997/997 998/998/998 999/999/999
f 997/997/997 999/999/999 1000/1000/1000
f 1001/1001/1001 1002/1002/1002 1003/1003/1003
f 1001/1001/1001 1003/1003/1003 1004/1004/1004
f 1005/1005/1005 1006/1006/1006 1007/1007/1007
f 1005/1005/1005 1007/1007/1007 1008/1008/1008
f 1009/1009/1009 1010/1010/1010 1011/1011/1011
f 1009/1009/1009 1011/1011/1011 1012/1012/1012
f 1013/1013/1013 1014/1014/1014 1015/1015/1015
f 1013/1013/1013 1015/1015/1015 1016/1016/1016
f 1017/1017/1017 1018/1018/1018 1019/1019/1019
f 1017/1017/1017 1019/1019/1019 1020/1020/1020
f 1021/1021/1021 1022/1022/1022 1023/1023/1023
f 1021/1021/1021 1023/1023/1023 1024/1024/1024
f 1025/1025/1025 1026/1026/1026 1027/1027/1027
f 1025/1025/1025 1027/1027/1027 1028/1028/1028
f 1029/1029/1029 1030/1030/1030 1031/1031/1031
f 1029/1029/1029 1031/1031/1031 1032/1032/1032
f 1033/1033/1033 1034/1034/1034 1035/1035/1035
f 1033/1033/1033 1035/1035/1035 1036/1036/1036
f 1037/1037/1037 1038/1038/1038 1039/1039/1039
f 1037/1037/1037 1039/1039/1039 1040/1040/1040
f 1041/1041/1041 1042/1042/1042 1043/1043/1043
f 1041/1041/1041 1043/1043/1043 1044/1044/1044
f 1045/1045/1045 1046/1046/1046 1047/1047/1047
f 1045/1045/1045 1047/1047/1047 1048/1048/1048
f 1049/1049/1049 1050/1050/1050 1051/1051/1051
f 1049/1049/1049 1051/1051/1051 1052/1052/1052
f 1053/1053/1053 1054/1054/1054 1055/1055/1055
f 1053/1053/1053 1055/1055/1055 1056/1056/1056
f 1057/1057/1057 1058/1058/1058 1059/1059/1059
f 1057/1057/1057 1059/1059/1059 1060/1060/1060
f 1061/1061/1061 1062/1062/1062 1063/1063/1063
f 1061/1061/1061 1063/1063/1063 1064/1064/1064
f 1065/1065/1065 1066/1066/1066 1067/1067/1067
f 1065/1065/1065 1067/1067/1067 1068/1068/1068
f 1069/1069/1069 1070/1070/1070 1071/1071/1071
f 1069/1069/1069 1071/1071/1071 1072/1072/1072
f 1073/1073/1073 1074/1074/1074 1075/1075/1075
f 1073/1073/1073 1075/1075/1075 1076/1076/1076
f 1077/1077/1077 1078/1078/1078 1079/1079/1079
f 1077/1077/1077 1079/1079/1079 1080/1080/1080
f 1081/1081/1081 1082/1082/1082 1083/1083/1083
f 1081/1081/1081 1083/1083/1083 1084/1084/1084
f 1085/1085/1085 1086/1086/1086 1087/1087/1087
f 1085/1085/1085 1087/1087/1087 1088/1088/1088
f 1089/1089/1089 1090/1090/1090 1091/1091/1091
f 1089/1089/1089 1091/1091/1091 1092/1092/1092
f 1093/1093/1093 1094/1094/1094 1095/1095/1095
f 1093/1093/1093 1095/1095/1095 1096/1096/1096
f 1097/1097/1097 1098/1098/1098 1099/1099/1099
f 1097/1097/1097 1099/1099/1099 1100/1100/1100
f 1101/1101/1101 1102/1102/1102 1103/1103/1103
f 1101/1101/1101 1103/1103/1103 1104/1104/1104
f 1105/1105/1105 1106/1106/1106 1107/1107/1107
f 1105/1105/1105 1107/1107/1107 1108/1108/1108
f 1109/1109/1109 1110/1110/1110 1111/1111/1111
f 1109/1109/1109 1111/1111/1111 1112/1112/1112
f 1113/1113/1113 1114/1114/1114 1115/1115/1115
f 1113/1113/1113 1115/1115/1115 1116/1116/1116
f 1117/1117/1117 1118/1118/1118 1119/1119/1119
f 1117/1117/1117 1119/1119/1119 1120/1120/1120
f 1121/1121/1121 1122/1122/1122 1123/1123/1123
f 1121/1121/1121 1123/1123/1123 1124/1124/1124
f 1125/1125/1125 1126/1126/1126 1127/1127/1127
f 1125/1125/1125 1127/1127/1127 1128/1128/1128
f 1129/1129/1129 1130/1130/1130 1131/1131/1131
f 1129/1129/1129 1131/1131/1131 1132/1132/1132
f 1133/1133/1133 1134/1134/1134 1135/1135/1135
f 1133/1133/1133 1135/1135/1135 1136/1136/1136
f 1137/1137/1137 1138/1138/1138 1139/1139/1139
f 1137/1137/1137 1139/1139/1139 1140/1140/1140
f 1141/1141/1141 1142/1142/1142 1143/1143/1143
f 1141/1141/1141 1143/1143/1143 1144/1144/1144
f 1145/1145/1145 1146/1146/1146 1147/1147/1147
f 1145/1145/1145 1147/1147/1147 1148/1148/1148
f 1149/1149/1149 1150/1150/1150 1151/1151/1151
f 1149/1149/1149 1151/1151/1151 1152/1152/1152
f 1153/1153/1153 1154/1154/1154 1155/1155/1155
f 1153/1153/1153 1155/1155/1155 1156/1156/1156
f 1157/1157/1157 1158/1158/1158 1159/1159/1159
f 1157/1157/1157 1159/1159/1159 1160/1160/1160
f 1161/1161/1161 1162/1162/1162 1163/1163/1163
f 1161/1161/1161 1163/1163/1163 1164/1164/1164
f 1165/1165/1165 1166/1166/1166 1167/1167/1167
f 1165/1165/1165 1167/1167/1167 1168/1168/1168
f 1169/1169/1169 1170/1170/1170 1171/1171/1171
f 1169/1169/1169 1171/1171/1171 1172/1172/1172
f 1173/1173/1173 1174/1174/1174 1175/1175/1175
f 1173/1173/1173 1175/1175/1175 1176/1176/1176
f 1177/1177/1177 1178/1178/1178 1179/1179/1179
f 1177/1177/1177 1179/1179/1179 1180/1180/1180
f 1181/1181/1181 1182/1182/1182 1183/1183/1183
f 1181/1181/1181 1183/1183/1183 1184/1184/1184
f 1185/1185/1185 1186/1186/1186 1187/1187/1187
f 1185/1185/1185 1187/1187/1187 1188/1188/1188
f 1189/1189/1189 1190/1190/1190 1191/1191/1191
f 1189/1189/1189 1191/1191/1191 1192/1192/1192
f 1193/1193/1193 1194/1194/1194 1195/1195/1195
f 1193/1193/1193 1195/1195/1195 1196/1196/1196
f 1197/1197/1197 1198/1198/1198 1199/1199/1199
f 1197/1197/1197 1199/1199/1199 1200/1200/1200
f 1201/1201/1201 1202/1202/1202 1203/1203/1203
f 1201/1201/1201 1203/1203/1203 1204/1204/1204
f 1205/1205/1205 1206/1206/1206 1207/1207/1207
f 1205/1205/1205 1207/1207/1207 1208/1208/1208
f 1209/1209/1209 1210/1210/1210 1211/1211/1211
f 1209/1209/1209 1211/1211/1211 1212/1212/1212
f 1213/1213/1213 1214/1214/1214 1215/1215/1215
f 1213/1213/1213 1215/1215/1215 1216/1216/1216
f 1217/1217/1217 1218/1218/1218 1219/1219/1219
f 1217/1217/1217 1219/1219/1219 1220/1220/1220
f 1221/1221/1221 1222/1222/1222 1223/1223/1223
f 1221/1221/1221 1223/1223/1223 1224/1224/1224
f 1225/1225/1225 1226/1226/1226 1227/1227/1227
f 1225/1225/1225 1227/1227/1227 1228/1228/1228
f 1229/1229/1229 1230/1230/1230 1231/1231/1231
f 1229/1229/1229 1231/1231/1231 1232/1232/1232
f 1233/1233/1233 1234/1234/1234 1235/1235/1235
f 1233/1233/1233 1235/1235/1235 1236/1236/1236
f 1237/1237/1237 1238/1238/1238 1239/1239/1239
f 1237/1237/1237 1239/1239/1239 1240/1240/1240
f 1241/1241/1241 1242/1242/1242 1243/1243/1243
f 1241/1241/1241 1243/1243/1243 1244/1244/1244
f 1245/1245/1245 1246/1246/1246 1247/1247/1247
f 1245/1245/1245 1247/1247/1247 1248/1248/1248
f 1245/1245/1245 1248/1248/1248 1249/1249/1249
f 1245/1245/1245 1249/1249/1249 1250/1250/1250
f 1245/1245/1245 1250/1250/1250 1251/1251/1251
f 1245/1245/1245 1251/1251/1251 1252/1252/1252
f 1245/1245/1245 1252/1252/1252 1253/1253/1253
f 1245/1245/1245 1253/1253/1253 1254/1254/1254
f 1245/1245/1245 1254/1254/1254 1255/1255/1255
f 1245/1245/1245 1255/1255/1255 1256/1256/1256
f 1245/1245/1245 1256/1256/1256 1257/1257/1257
f 1245/1245/1245 1257/1257/1257 1258/1258/1258
f 1259/1259/1259 1260/1260/1260 1261/1261/1261
f 1259/1259/1259 1261/1261/1261 1262/1262/1262
f 1263/1263/1263 1264/1264/1264 1265/1265/1265
f 1263/1263/1263 1265/1265/1265 1266/1266/1266
f 1267/1267/1267 1268/1268/1268 1269/1269/1269
f 1267/1267/1267 1269/1269/1269 1270/1270/1270
f 1271/1271/1271 1272/1272/1272 1273/1273/1273
f 1271/1271/1271 1273/1273/1273 1274/1274/1274
f 1275/1275/1275 1276/1276/1276 1277/1277/1277
f 1275/1275/1275 1277/1277/1277 1278/1278/1278
f 1279/1279/1279 1280/1280/1280 1281/1281/1281
f 1279/1279/1279 1281/1281/1281 1282/1282/1282
f 1283/1283/1283 1284/1284/1284 1285/1285/1285
f 1283/1283/1283 1285/1285/1285 1286/1286/1286
f 1287/1287/1287 1288/1288/1288 1289/1289/1289
f 1287/1287/1287 1289/1289/1289 1290/1290/1290
f 1291/1291/1291 1292/1292/1292 1293/1293/1293
f 1291/1291/1291 1293/1293/1293 1294/1294/1294
f 1295/1295/1295 1296/1296/1296 1297/1297/1297
f 1295/1295/1295 1297/1297/1297 1298/1298/1298
f 1299/1299/1299 1300/1300/1300 1301/1301/1301
f 1299/1299/1299 1301/1301/1301 1302/1302/1302
f 1303/1303/1303 1304/1304/1304 1305/1305/1305
f 1303/1303/1303 1305/1305/1305 1306/1306/1306
f 1307/1307/1307 1308/1308/1308 1309/1309/1309
f 1307/1307/1307 1309/1309/1309 1310/1310/1310
f 1311/1311/1311 1312/1312/1312 1313/1313/1313
f 1311/1311/1311 1313/1313/1313 1314/1314/1314
f 1315/1315/1315 1316/1316/1316 1317/1317/1317
f 1315/1315/1315 1317/1317/1317 1318/1318/1318
f 1319/1319/1319 1320/1320/1320 1321/1321/1321
f 1319/1319/1319 1321/1321/1321 1322/1322/1322
f 1323/1323/1323 1324/1324/1324 1325/1325/1325
f 1323/1323/1323 1325/1325/1325 1326/1326/1326
f 1327/1327/1327 1328/1328/1328 1329/1329/1329
f 1327/1327/1327 1329/1329/1329 1330/1330/1330
f 1331/1331/1331 1332/1332/1332 1333/1333/1333
f 1331/1331/1331 1333/1333/1333 1334/1334/1334
f 1335/1335/1335 1336/1336/1336 1337/1337/1337
f 1335/1335/1335 1337/1337/1337 1338/1338/1338
f 1339/1339/1339 1340/1340/1340 1341/1341/1341
f 1339/1339/1339 1341/1341/1341 1342/1342/1342
f 1343/1343/1343 1344/1344/1344 1345/1345/1345
f 1343/1343/1343 1345/1345/1345 1346/1346/1346
f 1347/1347/1347 1348/1348/1348 1349/1349/1349
f 1347/1347/1347 1349/1349/1349 1350/1350/1350
f 1351/1351/1351 1352/1352/1352 1353/1353/1353
f 1351/1351/1351 1353/1353/1353 1354/1354/1354
f 1355/1355/1355 1356/1356/1356 1357/1357/1357
f 1355/1355/1355 1357/1357/1357 1358/1358/1358
f 1359/1359/1359 1360/1360/1360 1361/1361/1361
f 1359/1359/1359 1361/1361/1361 1362/1362/1362
f 1363/1363/1363 1364/1364/1364 1365/1365/1365
f 1363/1363/1363 1365/1365/1365 1366/1366/1366
f 1367/1367/1367 1368/1368/1368 1369/1369/1369
f 1367/1367/1367 1369/1369/1369 1370/1370/1370
f 1371/1371/1371 1372/1372/1372 1373/1373/1373
f 1371/1371/1371 1373/1373/1373 1374/1374/1374
f 1375/1375/1375 1376/1376/1376 1377/1377/1377
f 1375/1375/1375 1377/1377/1377 1378/1378/1378
f 1379/1379/1379 1380/1380/1380 1381/1381/1381
f 1379/1379/1379 1381/1381/1381 1382/1382/1382
f 1383/1383/1383 1384/1384/1384 1385/1385/1385
f 1383/1383/1383 1385/1385/1385 1386/1386/1386
f 1387/1387/1387 1388/1388/1388 1389/1389/1389
f 1387/1387/1387 1389/1389/1389 1390/1390/1390
f 1391/1391/1391 1392/1392/1392 1393/1393/1393
f 1391/1391/1391 1393/1393/1393 1394/1394/1394
f 1395/1395/1395 1396/1396/1396 1397/1397/1397
f 1395/1395/1395 1397/1397/1397 1398/1398/1398
f 1399/1399/1399 1400/1400/1400 1401/1401/1401
f 1399/1399/1399 1401/1401/1401 1402/1402/1402
f 1403/1403/1403 1404/1404/1404 1405/1405/1405
f 1403/1403/1403 1405/1405/1405 1406/1406/1406
f 1407/1407/1407 1408/1408/1408 1409/1409/1409
f 1407/1407/1407 1409/1409/1409 1410/1410/1410
f 1411/1411/1411 1412/1412/1412 1413/1413/1413
f 1411/1411/1411 1413/1413/1413 1414/1414/1414
f 1415/1415/1415 1416/1416/1416 1417/1417/1417
f 1415/1415/1415 1417/1417/1417 1418/1418/1418
f 1419/1419/1419 1420/1420/1420 1421/1421/1421
f 1419/1419/1419 1421/1421/1421 1422/1422/1422
f 1423/1423/1423 1424/1424/1424 1425/1425/1425
f 1423/1423/1423 1425/1425/1425 1426/1426/1426
f 1427/1427/1427 1428/1428/1428 1429/1429/1429
f 1427/1427/1427 1429/1429/1429 1430/1430/1430
f 1431/1431/1431 1432/1432/1432 1433/1433/1433
f 1431/1431/1431 1433/1433/1433 1434/1434/1434
f 1435/1435/1435 1436/1436/1436 1437/1437/1437
f 1435/1435/1435 1437/1437/1437 1438/1438/1438
f 1439/1439/1439 1440/1440/1440 1441/1441/1441
f 1439/1439/1439 1441/1441/1441 1442/1442/1442
f 1443/1443/1443 1444/1444/1444 1445/1445/1445
f 1443/1443/1443 1445/1445/1445 1446/1446/1446
f 1447/1447/1447 1448/1448/1448 1449/1449/1449
f 1447/1447/1447 1449/1449/1449 1450/1450/1450
f 1451/1451/1451 1452/1452/1452 1453/1453/1453
f 1451/1451/1451 1453/1453/1453 1454/1454/1454
f 1455/1455/1455 1456/1456/1456 1457/1457/1457
f 1455/1455/1455 1457/1457/1457 1458/1458/1458
f 1459/1459/1459 1460/1460/1460 1461/1461/1461
f 1459/1459/1459 1461/1461/1461 1462/1462/1462
f 1463/1463/1463 1464/1464/1464 1465/1465/1465
f 1463/1463/1463 1465/1465/1465 1466/1466/1466
f 1467/1467/1467 1468/1468/1468 1469/1469/1469
f 1467/1467/1467 1469/1469/1469 1470/1470/1470
f 1471/1471/1471 1472/1472/1472 1473/1473/1473
f 1471/1471/1471 1473/1473/1473 1474/1474/1474
f 1475/1475/1475 1476/1476/1476 1477/1477/1477
f 1475/1475/1475 1477/1477/1477 1478/1478/1478
f 1479/1479/1479 1480/1480/1480 1481/1481/1481
f 1479/1479/1479 1481/1481/1481 1482/1482/1482
f 1483/1483/1483 1484/1484/1484 1485/1485/1485
f 1483/1483/1483 1485/1485/1485 1486/1486/1486
f 1487/1487/1487 1488/1488/1488 1489/1489/1489
f 1487/1487/1487 1489/1489/1489 1490/1490/1490
f 1491/1491/1491 1492/1492/1492 1493/1493/1493
f 1491/1491/1491 1493/1493/1493 1494/1494/1494
f 1495/1495/1495 1496/1496/1496 1497/1497/1497
f 1495/1495/1495 1497/1497/1497 1498/1498/1498
f 1499/1499/1499 1500/1500/1500 1501/1501/1501
f 1499/1499/1499 1501/1501/1501 1502/1502/1502
f 1503/1503/1503 1504/1504/1504 1505/1505/1505
f 1503/1503/1503 1505/1505/1505 1506/1506/1506
f 1507/1507/1507 1508/1508/1508 1509/1509/1509
f 1507/1507/1507 1509/1509/1509 1510/1510/1510
f 1511/1511/1511 1512/1512/1512 1513/1513/1513
f 1511/1511/1511 1513/1513/1513 1514/1514/1514
f 1515/1515/1515 1516/1516/1516 1517/1517/1517
f 1515/1515/1515 1517/1517/1517 1518/1518/1518
f 1515/1515/1515 1518/1518/1518 1519/1519/1519
f 1515/1515/1515 1519/1519/1519 1520/1520/1520
f 1515/1515/1515 1520/1520/1520 1521/1521/1521
f 1515/1515/1515 1521/1521/1521 1522/1522/1522
f 1523/1523/1523 1524/1524/1524 1525/1525/1525
f 1523/1523/1523 1525/1525/1525 1526/1526/1526
f 1523/1523/1523 1526/1526/1526 1527/1527/1527
f 1523/1523/1523 1527/1527/1527 1528/1528/1528
f 1523/1523/1523 1528/1528/1528 1529/1529/1529
f 1523/1523/1523 1529/1529/1529 1530/1530/1530
f 1531/1531/1531 1532/1532/1532 1533/1533/1533
f 1531/1531/1531 1533/1533/1533 1534/1534/1534
f 1535/1535/1535 1536/1536/1536 1537/1537/1537
f 1535/1535/1535 1537/1537/1537 1538/1538/1538
f 1539/1539/1539 1540/1540/1540 1541/1541/1541
f 1539/1539/1539 1541/1541/1541 1542/1542/1542
f 1543/1543/1543 1544/1544/1544 1545/1545/1545
f 1543/1543/1543 1545/1545/1545 1546/1546/1546
f 1547/1547/1547 1548/1548/1548 1549/1549/1549
f 1547/1547/1547 1549/1549/1549 1550/1550/1550
f 1551/1551/1551 1552/1552/1552 1553/1553/1553
f 1551/1551/1551 1553/1553/1553 1554/1554/1554
f 1555/1555/1555 1556/1556/1556 1557/1557/1557
f 1555/1555/1555 1557/1557/1557 1558/1558/1558
f 1559/1559/1559 1560/1560/1560 1561/1561/1561
f 1559/1559/1559 1561/1561/1561 1562/1562/1562
f 1563/1563/1563 1564/1564/1564 1565/1565/1565
f 1563/1563/1563 1565/1565/1565 1566/1566/1566
f 1563/1563/1563 1566/1566/1566 1567/1567/1567
f 1563/1563/1563 1567/1567/1567 1568/1568/1568
f 1563/1563/1563 1568/1568/1568 1569/1569/1569
f 1563/1563/1563 1569/1569/1569 1570/1570/1570
f 1571/1571/1571 1572/1572/1572 1573/1573/1573
f 1571/1571/1571 1573/1573/1573 1574/1574/1574
f 1571/1571/1571 1574/1574/1574 1575/1575/1575
f 1571/1571/1571 1575/1575/1575 1576/1576/1576
f 1571/1571/1571 1576/1576/1576 1577/1577/1577
f 1571/1571/1571 1577/1577/1577 1578/1578/1578
f 1579/1579/1579 1580/1580/1580 1581/1581/1581
f 1579/1579/1579 1581/1581/1581 1582/1582/1582
f 1583/1583/1583 1584/1584/1584 1585/1585/1585
f 1583/1583/1583 1585/1585/1585 1586/1586/1586
f 1587/1587/1587 1588/1588/1588 1589/1589/1589
f 1587/1587/1587 1589/1589/1589 1590/1590/1590
f 1591/1591/1591 1592/1592/1592 1593/1593/1593
f 1591/1591/1591 1593/1593/1593 1594/1594/1594
f 1595/1595/1595 1596/1596/1596 1597/1597/1597
f 1595/1595/1595 1597/1597/1597 1598/1598/1598
f 1599/1599/1599 1600/1600/1600 1601/1601/1601
f 1599/1599/1599 1601/1601/1601 1602/1602/1602
