# Blender 5.2.0 LTS
# www.blender.org
mtllib circuit_hologram_checkpoint.mtl
g race_checkpoint_base_Cylinder.081
v 0.000000 0.000000 0.485825
v 0.000000 0.014000 0.500000
v 0.000000 0.004101 0.495848
v 0.000000 0.140000 0.485825
v 0.000000 0.126000 0.500000
v 0.000000 0.135899 0.495848
v -0.150128 0.000000 0.462047
v -0.154509 0.014000 0.475528
v -0.153226 0.004101 0.471580
v -0.150128 0.140000 0.462047
v -0.154509 0.126000 0.475528
v -0.153226 0.135899 0.471580
v -0.285561 0.000000 0.393041
v -0.293893 0.014000 0.404509
v -0.291452 0.004101 0.401150
v -0.285561 0.140000 0.393041
v -0.293893 0.126000 0.404509
v -0.291452 0.135899 0.401150
v -0.393041 0.000000 0.285561
v -0.404509 0.014000 0.293893
v -0.401150 0.004101 0.291452
v -0.393041 0.140000 0.285561
v -0.404509 0.126000 0.293893
v -0.401150 0.135899 0.291452
v -0.462047 0.000000 0.150128
v -0.475528 0.014000 0.154509
v -0.471580 0.004101 0.153226
v -0.462047 0.140000 0.150128
v -0.475528 0.126000 0.154509
v -0.471580 0.135899 0.153226
v -0.485825 0.000000 0.000000
v -0.500000 0.014000 0.000000
v -0.495848 0.004101 0.000000
v -0.485825 0.140000 0.000000
v -0.500000 0.126000 0.000000
v -0.495848 0.135899 0.000000
v -0.462047 0.000000 -0.150128
v -0.475528 0.014000 -0.154509
v -0.471580 0.004101 -0.153226
v -0.462047 0.140000 -0.150128
v -0.475528 0.126000 -0.154509
v -0.471580 0.135899 -0.153226
v -0.393041 0.000000 -0.285561
v -0.404509 0.014000 -0.293893
v -0.401150 0.004101 -0.291452
v -0.393041 0.140000 -0.285561
v -0.404509 0.126000 -0.293893
v -0.401150 0.135899 -0.291452
v -0.285561 0.000000 -0.393041
v -0.293893 0.014000 -0.404509
v -0.291452 0.004101 -0.401150
v -0.285561 0.140000 -0.393041
v -0.293893 0.126000 -0.404509
v -0.291452 0.135899 -0.401150
v -0.150128 0.000000 -0.462047
v -0.154509 0.014000 -0.475528
v -0.153226 0.004101 -0.471580
v -0.150128 0.140000 -0.462047
v -0.154509 0.126000 -0.475528
v -0.153226 0.135899 -0.471580
v 0.000000 0.000000 -0.485825
v 0.000000 0.014000 -0.500000
v 0.000000 0.004101 -0.495848
v 0.000000 0.140000 -0.485825
v 0.000000 0.126000 -0.500000
v 0.000000 0.135899 -0.495848
v 0.150128 0.000000 -0.462047
v 0.154509 0.014000 -0.475528
v 0.153226 0.004101 -0.471580
v 0.150128 0.140000 -0.462047
v 0.154509 0.126000 -0.475528
v 0.153226 0.135899 -0.471580
v 0.285561 0.000000 -0.393041
v 0.293893 0.014000 -0.404509
v 0.291452 0.004101 -0.401150
v 0.285561 0.140000 -0.393041
v 0.293893 0.126000 -0.404509
v 0.291452 0.135899 -0.401150
v 0.393041 0.000000 -0.285561
v 0.404509 0.014000 -0.293893
v 0.401150 0.004101 -0.291452
v 0.393041 0.140000 -0.285561
v 0.404509 0.126000 -0.293893
v 0.401150 0.135899 -0.291452
v 0.462047 0.000000 -0.150128
v 0.475528 0.014000 -0.154509
v 0.471580 0.004101 -0.153226
v 0.462047 0.140000 -0.150128
v 0.475528 0.126000 -0.154509
v 0.471580 0.135899 -0.153226
v 0.485825 0.000000 0.000000
v 0.500000 0.014000 0.000000
v 0.495848 0.004101 0.000000
v 0.485825 0.140000 0.000000
v 0.500000 0.126000 0.000000
v 0.495848 0.135899 0.000000
v 0.462047 0.000000 0.150128
v 0.475528 0.014000 0.154509
v 0.471580 0.004101 0.153226
v 0.462047 0.140000 0.150128
v 0.475528 0.126000 0.154509
v 0.471580 0.135899 0.153226
v 0.393041 0.000000 0.285561
v 0.404509 0.014000 0.293893
v 0.401150 0.004101 0.291452
v 0.393041 0.140000 0.285561
v 0.404509 0.126000 0.293893
v 0.401150 0.135899 0.291452
v 0.285561 0.000000 0.393041
v 0.293893 0.014000 0.404509
v 0.291452 0.004101 0.401150
v 0.285561 0.140000 0.393041
v 0.293893 0.126000 0.404509
v 0.291452 0.135899 0.401150
v 0.150128 0.000000 0.462047
v 0.154509 0.014000 0.475528
v 0.153226 0.004101 0.471580
v 0.150128 0.140000 0.462047
v 0.154509 0.126000 0.475528
v 0.153226 0.135899 0.471580
vn -0.1445 -0.3827 0.9125
vn -0.0599 -0.9239 0.3780
vn -0.1445 0.3827 0.9125
vn -0.0599 0.9239 0.3780
vn -0.4194 -0.3827 0.8232
vn -0.1737 -0.9239 0.3410
vn -0.4194 0.3827 0.8232
vn -0.1737 0.9239 0.3410
vn -0.6533 -0.3827 0.6533
vn -0.2706 -0.9239 0.2706
vn -0.6533 0.3827 0.6533
vn -0.2706 0.9239 0.2706
vn -0.8232 -0.3827 0.4194
vn -0.3410 -0.9239 0.1737
vn -0.8232 0.3827 0.4194
vn -0.3410 0.9239 0.1737
vn -0.9125 -0.3827 0.1445
vn -0.3780 -0.9239 0.0599
vn -0.9125 0.3827 0.1445
vn -0.3780 0.9239 0.0599
vn -0.9125 -0.3827 -0.1445
vn -0.3780 -0.9239 -0.0599
vn -0.9125 0.3827 -0.1445
vn -0.3780 0.9239 -0.0599
vn -0.8232 -0.3827 -0.4194
vn -0.3410 -0.9239 -0.1737
vn -0.8232 0.3827 -0.4194
vn -0.3410 0.9239 -0.1737
vn -0.6533 -0.3827 -0.6533
vn -0.2706 -0.9239 -0.2706
vn -0.6533 0.3827 -0.6533
vn -0.2706 0.9239 -0.2706
vn -0.4194 -0.3827 -0.8232
vn -0.1737 -0.9239 -0.3410
vn -0.4194 0.3827 -0.8232
vn -0.1737 0.9239 -0.3410
vn -0.1445 -0.3827 -0.9125
vn -0.0599 -0.9239 -0.3780
vn -0.1445 0.3827 -0.9125
vn -0.0599 0.9239 -0.3780
vn 0.1445 -0.3827 -0.9125
vn 0.0599 -0.9239 -0.3780
vn 0.1445 0.3827 -0.9125
vn 0.0599 0.9239 -0.3780
vn 0.4194 -0.3827 -0.8232
vn 0.1737 -0.9239 -0.3410
vn 0.4194 0.3827 -0.8232
vn 0.1737 0.9239 -0.3410
vn 0.6533 -0.3827 -0.6533
vn 0.2706 -0.9239 -0.2706
vn 0.6533 0.3827 -0.6533
vn 0.2706 0.9239 -0.2706
vn 0.8232 -0.3827 -0.4194
vn 0.3410 -0.9239 -0.1737
vn 0.8232 0.3827 -0.4194
vn 0.3410 0.9239 -0.1737
vn 0.9125 -0.3827 -0.1445
vn 0.3780 -0.9239 -0.0599
vn 0.9125 0.3827 -0.1445
vn 0.3780 0.9239 -0.0599
vn 0.9125 -0.3827 0.1445
vn 0.3780 -0.9239 0.0599
vn 0.9125 0.3827 0.1445
vn 0.3780 0.9239 0.0599
vn 0.8232 -0.3827 0.4194
vn 0.3410 -0.9239 0.1737
vn 0.8232 0.3827 0.4194
vn 0.3410 0.9239 0.1737
vn 0.6533 -0.3827 0.6533
vn 0.2706 -0.9239 0.2706
vn 0.6533 0.3827 0.6533
vn 0.2706 0.9239 0.2706
vn 0.4194 -0.3827 0.8232
vn 0.1737 -0.9239 0.3410
vn 0.4194 0.3827 0.8232
vn 0.1737 0.9239 0.3410
vn 0.1445 -0.3827 0.9125
vn 0.0599 -0.9239 0.3780
vn 0.1445 0.3827 0.9125
vn 0.0599 0.9239 0.3780
vn -0.0000 -1.0000 -0.0000
vn -0.1564 -0.0000 0.9877
vn 0.1564 -0.0000 0.9877
vn -0.0000 1.0000 -0.0000
vn -0.4540 -0.0000 0.8910
vn -0.7071 -0.0000 0.7071
vn -0.8910 -0.0000 0.4540
vn -0.9877 -0.0000 0.1564
vn -0.9877 -0.0000 -0.1564
vn -0.8910 -0.0000 -0.4540
vn -0.7071 -0.0000 -0.7071
vn -0.4540 -0.0000 -0.8910
vn -0.1564 -0.0000 -0.9877
vn 0.1564 -0.0000 -0.9877
vn 0.4540 -0.0000 -0.8910
vn 0.7071 -0.0000 -0.7071
vn 0.8910 -0.0000 -0.4540
vn 0.9877 -0.0000 -0.1564
vn 0.9877 -0.0000 0.1564
vn 0.8910 -0.0000 0.4540
vn 0.7071 -0.0000 0.7071
vn 0.4540 -0.0000 0.8910
vt 0.00000 0.00000
vt 0.00000 0.10000
vt 0.00000 0.12500
vt 0.00000 0.20000
vt 0.00000 0.25000
vt 0.00000 0.30000
vt 0.00000 0.37500
vt 0.00000 0.40000
vt 0.00000 0.50000
vt 0.00000 0.55000
vt 0.00000 0.60000
vt 0.00000 0.62500
vt 0.00000 0.70000
vt 0.00000 0.75000
vt 0.00000 0.80000
vt 0.00000 0.87500
vt 0.00000 0.90000
vt 0.00000 0.95000
vt 0.00000 1.00000
vt 0.00021 0.50000
vt 0.00021 1.00000
vt 0.01005 0.25000
vt 0.01680 0.25000
vt 0.02175 0.17584
vt 0.02175 0.32416
vt 0.02179 0.17585
vt 0.02179 0.32415
vt 0.02822 0.17794
vt 0.02822 0.32206
vt 0.03125 0.00000
vt 0.03125 1.00000
vt 0.05000 0.00000
vt 0.05000 0.12500
vt 0.05000 0.25000
vt 0.05000 0.37500
vt 0.05000 0.50000
vt 0.05000 0.55000
vt 0.05000 0.62500
vt 0.05000 0.75000
vt 0.05000 0.87500
vt 0.05000 0.95000
vt 0.05000 1.00000
vt 0.05588 0.10896
vt 0.05588 0.39104
vt 0.06134 0.11293
vt 0.06134 0.38707
vt 0.06250 0.10000
vt 0.06250 0.20000
vt 0.06250 0.30000
vt 0.06250 0.40000
vt 0.06250 0.50000
vt 0.06250 0.60000
vt 0.06250 0.70000
vt 0.06250 0.80000
vt 0.06250 0.90000
vt 0.09375 0.00000
vt 0.09375 1.00000
vt 0.10000 0.00000
vt 0.10000 0.12500
vt 0.10000 0.25000
vt 0.10000 0.37500
vt 0.10000 0.50000
vt 0.10000 0.55000
vt 0.10000 0.62500
vt 0.10000 0.75000
vt 0.10000 0.87500
vt 0.10000 0.95000
vt 0.10000 1.00000
vt 0.10893 0.05584
vt 0.10893 0.44416
vt 0.10896 0.05588
vt 0.10896 0.44412
vt 0.11293 0.06134
vt 0.11293 0.43866
vt 0.12500 0.10000
vt 0.12500 0.20000
vt 0.12500 0.30000
vt 0.12500 0.40000
vt 0.12500 0.50000
vt 0.12500 0.50951
vt 0.12500 0.52250
vt 0.12500 0.60000
vt 0.12500 0.70000
vt 0.12500 0.72750
vt 0.12500 0.80000
vt 0.12500 0.90000
vt 0.14402 0.75000
vt 0.15000 0.00000
vt 0.15000 0.12500
vt 0.15000 0.25000
vt 0.15000 0.37500
vt 0.15000 0.50000
vt 0.15000 0.55000
vt 0.15000 0.62500
vt 0.15000 0.75000
vt 0.15000 0.87500
vt 0.15000 0.95000
vt 0.15000 1.00000
vt 0.15625 0.00000
vt 0.15625 1.00000
vt 0.17000 0.50000
vt 0.17000 0.52250
vt 0.17000 0.72750
vt 0.17000 0.75000
vt 0.17585 0.02179
vt 0.17585 0.47821
vt 0.17794 0.02822
vt 0.17794 0.47178
vt 0.18750 0.10000
vt 0.18750 0.20000
vt 0.18750 0.30000
vt 0.18750 0.40000
vt 0.18750 0.50000
vt 0.18750 0.60000
vt 0.18750 0.70000
vt 0.18750 0.80000
vt 0.18750 0.90000
vt 0.20000 0.00000
vt 0.20000 0.12500
vt 0.20000 0.25000
vt 0.20000 0.37500
vt 0.20000 0.50000
vt 0.20000 0.55000
vt 0.20000 0.62500
vt 0.20000 0.75000
vt 0.20000 0.87500
vt 0.20000 0.95000
vt 0.20000 1.00000
vt 0.21875 0.00000
vt 0.21875 1.00000
vt 0.25000 0.00000
vt 0.25000 0.01000
vt 0.25000 0.01005
vt 0.25000 0.01680
vt 0.25000 0.10000
vt 0.25000 0.12500
vt 0.25000 0.20000
vt 0.25000 0.25000
vt 0.25000 0.30000
vt 0.25000 0.37500
vt 0.25000 0.40000
vt 0.25000 0.48320
vt 0.25000 0.48995
vt 0.25000 0.49000
vt 0.25000 0.50000
vt 0.25000 0.55000
vt 0.25000 0.60000
vt 0.25000 0.62500
vt 0.25000 0.70000
vt 0.25000 0.75000
vt 0.25000 0.80000
vt 0.25000 0.87500
vt 0.25000 0.90000
vt 0.25000 0.95000
vt 0.25000 1.00000
vt 0.28125 0.00000
vt 0.28125 1.00000
vt 0.30000 0.00000
vt 0.30000 0.12500
vt 0.30000 0.25000
vt 0.30000 0.37500
vt 0.30000 0.50000
vt 0.30000 0.55000
vt 0.30000 0.62500
vt 0.30000 0.75000
vt 0.30000 0.87500
vt 0.30000 0.95000
vt 0.30000 1.00000
vt 0.31250 0.10000
vt 0.31250 0.20000
vt 0.31250 0.30000
vt 0.31250 0.40000
vt 0.31250 0.50000
vt 0.31250 0.60000
vt 0.31250 0.70000
vt 0.31250 0.80000
vt 0.31250 0.90000
vt 0.32206 0.02822
vt 0.32206 0.47178
vt 0.32415 0.02179
vt 0.32415 0.47821
vt 0.33000 0.52250
vt 0.33000 0.72750
vt 0.34375 0.00000
vt 0.34375 1.00000
vt 0.35000 0.00000
vt 0.35000 0.12500
vt 0.35000 0.25000
vt 0.35000 0.37500
vt 0.35000 0.50000
vt 0.35000 0.55000
vt 0.35000 0.62500
vt 0.35000 0.75000
vt 0.35000 0.87500
vt 0.35000 0.95000
vt 0.35000 1.00000
vt 0.35250 0.47750
vt 0.35250 0.77250
vt 0.37000 0.50317
vt 0.37500 0.00951
vt 0.37500 0.02250
vt 0.37500 0.10000
vt 0.37500 0.20000
vt 0.37500 0.22750
vt 0.37500 0.29500
vt 0.37500 0.30000
vt 0.37500 0.40000
vt 0.37500 0.50000
vt 0.37500 0.52250
vt 0.37500 0.60000
vt 0.37500 0.70000
vt 0.37500 0.72750
vt 0.37500 0.80000
vt 0.37500 0.90000
vt 0.37500 0.95500
vt 0.37633 0.75317
vt 0.37700 0.25951
vt 0.37900 1.00000
vt 0.38447 0.00000
vt 0.38447 0.02250
vt 0.38447 0.22750
vt 0.38447 0.25000
vt 0.38447 0.29500
vt 0.38447 0.45500
vt 0.38447 0.50000
vt 0.38447 0.52250
vt 0.38447 0.72750
vt 0.38447 0.75000
vt 0.38447 0.79500
vt 0.38447 0.95500
vt 0.38447 1.00000
vt 0.38707 0.06134
vt 0.38707 0.43866
vt 0.39104 0.05588
vt 0.39104 0.44412
vt 0.39107 0.05584
vt 0.39107 0.44416
vt 0.40000 0.00000
vt 0.40000 0.12500
vt 0.40000 0.25000
vt 0.40000 0.37500
vt 0.40000 0.50000
vt 0.40000 0.55000
vt 0.40000 0.62500
vt 0.40000 0.75000
vt 0.40000 0.87500
vt 0.40000 0.95000
vt 0.40000 1.00000
vt 0.40625 0.00000
vt 0.40625 1.00000
vt 0.43750 0.10000
vt 0.43750 0.20000
vt 0.43750 0.30000
vt 0.43750 0.40000
vt 0.43750 0.50000
vt 0.43750 0.60000
vt 0.43750 0.70000
vt 0.43750 0.80000
vt 0.43750 0.90000
vt 0.43866 0.11293
vt 0.43866 0.38707
vt 0.44412 0.10896
vt 0.44412 0.39104
vt 0.45000 0.00000
vt 0.45000 0.12500
vt 0.45000 0.25000
vt 0.45000 0.37500
vt 0.45000 0.50000
vt 0.45000 0.55000
vt 0.45000 0.62500
vt 0.45000 0.75000
vt 0.45000 0.87500
vt 0.45000 0.95000
vt 0.45000 1.00000
vt 0.46875 0.00000
vt 0.46875 1.00000
vt 0.47178 0.17794
vt 0.47178 0.32206
vt 0.47821 0.17585
vt 0.47821 0.32415
vt 0.47825 0.17584
vt 0.47825 0.32416
vt 0.48320 0.25000
vt 0.48995 0.25000
vt 0.50000 0.00000
vt 0.50000 0.10000
vt 0.50000 0.12500
vt 0.50000 0.20000
vt 0.50000 0.25000
vt 0.50000 0.30000
vt 0.50000 0.37500
vt 0.50000 0.40000
vt 0.50000 0.50000
vt 0.50000 0.55000
vt 0.50000 0.60000
vt 0.50000 0.62500
vt 0.50000 0.70000
vt 0.50000 0.75000
vt 0.50000 0.80000
vt 0.50000 0.87500
vt 0.50000 0.90000
vt 0.50000 0.95000
vt 0.50000 1.00000
vt 0.51005 0.25000
vt 0.51680 0.25000
vt 0.52175 0.17584
vt 0.52175 0.32416
vt 0.52179 0.17585
vt 0.52179 0.32415
vt 0.52822 0.17794
vt 0.52822 0.32206
vt 0.53125 0.00000
vt 0.53125 1.00000
vt 0.55000 0.00000
vt 0.55000 0.12500
vt 0.55000 0.25000
vt 0.55000 0.37500
vt 0.55000 0.50000
vt 0.55000 0.55000
vt 0.55000 0.62500
vt 0.55000 0.75000
vt 0.55000 0.87500
vt 0.55000 0.95000
vt 0.55000 1.00000
vt 0.55588 0.10896
vt 0.55588 0.39104
vt 0.56134 0.11293
vt 0.56134 0.38707
vt 0.56250 0.10000
vt 0.56250 0.20000
vt 0.56250 0.30000
vt 0.56250 0.40000
vt 0.56250 0.50000
vt 0.56250 0.60000
vt 0.56250 0.70000
vt 0.56250 0.80000
vt 0.56250 0.90000
vt 0.59375 0.00000
vt 0.59375 1.00000
vt 0.60000 0.00000
vt 0.60000 0.12500
vt 0.60000 0.25000
vt 0.60000 0.37500
vt 0.60000 0.50000
vt 0.60000 0.55000
vt 0.60000 0.62500
vt 0.60000 0.75000
vt 0.60000 0.87500
vt 0.60000 0.95000
vt 0.60000 1.00000
vt 0.60893 0.05584
vt 0.60893 0.44416
vt 0.60896 0.05588
vt 0.60896 0.44412
vt 0.61293 0.06134
vt 0.61293 0.43866
vt 0.61553 0.00000
vt 0.61553 0.02250
vt 0.61553 0.22750
vt 0.61553 0.25000
vt 0.61553 0.29500
vt 0.61553 0.45500
vt 0.61553 0.50000
vt 0.61553 0.52250
vt 0.61553 0.72750
vt 0.61553 0.75000
vt 0.61553 0.79500
vt 0.61553 0.95500
vt 0.61553 1.00000
vt 0.62100 0.00000
vt 0.62300 0.24524
vt 0.62367 0.49683
vt 0.62500 0.02250
vt 0.62500 0.10000
vt 0.62500 0.20000
vt 0.62500 0.22750
vt 0.62500 0.29500
vt 0.62500 0.30000
vt 0.62500 0.40000
vt 0.62500 0.50000
vt 0.62500 0.52250
vt 0.62500 0.60000
vt 0.62500 0.70000
vt 0.62500 0.72750
vt 0.62500 0.80000
vt 0.62500 0.90000
vt 0.62500 0.95500
vt 0.62500 0.98098
vt 0.63001 0.74683
vt 0.64750 0.47750
vt 0.64750 0.77250
vt 0.65000 0.00000
vt 0.65000 0.12500
vt 0.65000 0.25000
vt 0.65000 0.37500
vt 0.65000 0.50000
vt 0.65000 0.55000
vt 0.65000 0.62500
vt 0.65000 0.75000
vt 0.65000 0.87500
vt 0.65000 0.95000
vt 0.65000 1.00000
vt 0.65625 0.00000
vt 0.65625 1.00000
vt 0.67000 0.52250
vt 0.67000 0.72750
vt 0.67585 0.02179
vt 0.67585 0.47821
vt 0.67794 0.02822
vt 0.67794 0.47178
vt 0.68750 0.10000
vt 0.68750 0.20000
vt 0.68750 0.30000
vt 0.68750 0.40000
vt 0.68750 0.50000
vt 0.68750 0.60000
vt 0.68750 0.70000
vt 0.68750 0.80000
vt 0.68750 0.90000
vt 0.70000 0.00000
vt 0.70000 0.12500
vt 0.70000 0.25000
vt 0.70000 0.37500
vt 0.70000 0.50000
vt 0.70000 0.55000
vt 0.70000 0.62500
vt 0.70000 0.75000
vt 0.70000 0.87500
vt 0.70000 0.95000
vt 0.70000 1.00000
vt 0.71875 0.00000
vt 0.71875 1.00000
vt 0.75000 0.00000
vt 0.75000 0.01000
vt 0.75000 0.01005
vt 0.75000 0.01680
vt 0.75000 0.10000
vt 0.75000 0.12500
vt 0.75000 0.20000
vt 0.75000 0.25000
vt 0.75000 0.30000
vt 0.75000 0.37500
vt 0.75000 0.40000
vt 0.75000 0.48320
vt 0.75000 0.48995
vt 0.75000 0.49000
vt 0.75000 0.50000
vt 0.75000 0.55000
vt 0.75000 0.60000
vt 0.75000 0.62500
vt 0.75000 0.70000
vt 0.75000 0.75000
vt 0.75000 0.80000
vt 0.75000 0.87500
vt 0.75000 0.90000
vt 0.75000 0.95000
vt 0.75000 1.00000
vt 0.78125 0.00000
vt 0.78125 1.00000
vt 0.80000 0.00000
vt 0.80000 0.12500
vt 0.80000 0.25000
vt 0.80000 0.37500
vt 0.80000 0.50000
vt 0.80000 0.55000
vt 0.80000 0.62500
vt 0.80000 0.75000
vt 0.80000 0.87500
vt 0.80000 0.95000
vt 0.80000 1.00000
vt 0.81250 0.10000
vt 0.81250 0.20000
vt 0.81250 0.30000
vt 0.81250 0.40000
vt 0.81250 0.50000
vt 0.81250 0.60000
vt 0.81250 0.70000
vt 0.81250 0.80000
vt 0.81250 0.90000
vt 0.82206 0.02822
vt 0.82206 0.47178
vt 0.82415 0.02179
vt 0.82415 0.47821
vt 0.83000 0.50000
vt 0.83000 0.52250
vt 0.83000 0.72750
vt 0.83000 0.75000
vt 0.84375 0.00000
vt 0.84375 1.00000
vt 0.85000 0.00000
vt 0.85000 0.12500
vt 0.85000 0.25000
vt 0.85000 0.37500
vt 0.85000 0.50000
vt 0.85000 0.55000
vt 0.85000 0.62500
vt 0.85000 0.75000
vt 0.85000 0.87500
vt 0.85000 0.95000
vt 0.85000 1.00000
vt 0.85598 0.50000
vt 0.87500 0.10000
vt 0.87500 0.20000
vt 0.87500 0.30000
vt 0.87500 0.40000
vt 0.87500 0.50000
vt 0.87500 0.52250
vt 0.87500 0.60000
vt 0.87500 0.70000
vt 0.87500 0.72750
vt 0.87500 0.74049
vt 0.87500 0.80000
vt 0.87500 0.90000
vt 0.88707 0.06134
vt 0.88707 0.43866
vt 0.89104 0.05588
vt 0.89104 0.44412
vt 0.89107 0.05584
vt 0.89107 0.44416
vt 0.90000 0.00000
vt 0.90000 0.12500
vt 0.90000 0.25000
vt 0.90000 0.37500
vt 0.90000 0.50000
vt 0.90000 0.55000
vt 0.90000 0.62500
vt 0.90000 0.75000
vt 0.90000 0.87500
vt 0.90000 0.95000
vt 0.90000 1.00000
vt 0.90625 0.00000
vt 0.90625 1.00000
vt 0.93750 0.10000
vt 0.93750 0.20000
vt 0.93750 0.30000
vt 0.93750 0.40000
vt 0.93750 0.50000
vt 0.93750 0.60000
vt 0.93750 0.70000
vt 0.93750 0.80000
vt 0.93750 0.90000
vt 0.93866 0.11293
vt 0.93866 0.38707
vt 0.94412 0.10896
vt 0.94412 0.39104
vt 0.95000 0.00000
vt 0.95000 0.12500
vt 0.95000 0.25000
vt 0.95000 0.37500
vt 0.95000 0.50000
vt 0.95000 0.55000
vt 0.95000 0.62500
vt 0.95000 0.75000
vt 0.95000 0.87500
vt 0.95000 0.95000
vt 0.95000 1.00000
vt 0.96875 0.00000
vt 0.96875 1.00000
vt 0.97178 0.17794
vt 0.97178 0.32206
vt 0.97821 0.17585
vt 0.97821 0.32415
vt 0.97825 0.17584
vt 0.97825 0.32416
vt 0.98320 0.25000
vt 0.98995 0.25000
vt 0.99979 0.50000
vt 0.99979 1.00000
vt 1.00000 0.00000
vt 1.00000 0.10000
vt 1.00000 0.12500
vt 1.00000 0.20000
vt 1.00000 0.25000
vt 1.00000 0.30000
vt 1.00000 0.37500
vt 1.00000 0.40000
vt 1.00000 0.50000
vt 1.00000 0.55000
vt 1.00000 0.60000
vt 1.00000 0.62500
vt 1.00000 0.70000
vt 1.00000 0.75000
vt 1.00000 0.80000
vt 1.00000 0.87500
vt 1.00000 0.90000
vt 1.00000 0.95000
vt 1.00000 1.00000
s 0
g race_checkpoint_base_M_gunmetal
usemtl M_gunmetal
f 100/29/84 94/23/84 88/28/84
f 101/127/100 104/93/100 98/123/100
f 101/127/100 107/97/100 104/93/100
f 101/127/67 102/128/67 108/98/67
f 101/127/67 108/98/67 107/97/67
f 103/328/81 109/356/81 115/410/81
f 104/93/65 105/92/65 99/122/65
f 104/93/65 99/122/65 98/123/65
f 105/326/66 103/328/66 97/311/66
f 105/326/66 97/311/66 99/309/66
f 107/97/101 110/63/101 104/93/101
f 107/97/101 113/67/101 110/63/101
f 107/97/71 108/98/71 114/68/71
f 107/97/71 114/68/71 113/67/71
f 108/44/68 100/29/68 106/46/68
f 108/44/68 102/27/68 100/29/68
f 108/44/72 106/46/72 112/74/72
f 108/44/72 112/74/72 114/72/72
f 11/555/7 12/556/7 18/530/7
f 11/555/7 18/530/7 17/529/7
f 11/555/85 14/525/85 8/551/85
f 11/555/85 17/529/85 14/525/85
f 110/63/69 105/92/69 104/93/69
f 110/63/69 111/62/69 105/92/69
f 111/354/70 103/328/70 105/326/70
f 111/354/70 109/356/70 103/328/70
f 111/354/74 115/410/74 109/356/74
f 111/354/74 117/408/74 115/410/74
f 112/74/84 100/29/84 88/28/84
f 112/74/84 106/46/84 100/29/84
f 113/67/102 116/37/102 110/63/102
f 113/67/102 119/41/102 116/37/102
f 113/67/75 114/68/75 120/42/75
f 113/67/75 120/42/75 119/41/75
f 114/72/76 112/74/76 118/108/76
f 114/72/76 118/108/76 120/106/76
f 115/410/81 1/444/81 7/481/81
f 115/410/81 19/543/81 43/542/81
f 115/410/81 7/481/81 19/543/81
f 116/37/73 111/62/73 110/63/73
f 116/37/73 117/36/73 111/62/73
f 119/41/79 120/42/79 6/21/79
f 119/41/79 6/21/79 5/18/79
f 119/41/83 2/10/83 116/37/83
f 119/41/83 5/18/83 2/10/83
f 120/106/80 118/108/80 4/142/80
f 120/106/80 4/142/80 6/143/80
f 14/525/5 15/524/5 9/550/5
f 14/525/5 9/550/5 8/551/5
f 15/517/6 13/515/6 7/481/6
f 15/517/6 7/481/6 9/483/6
f 16/233/84 10/179/84 4/142/84
f 16/233/84 112/74/84 88/28/84
f 16/233/84 4/142/84 112/74/84
f 17/529/11 18/530/11 24/500/11
f 17/529/11 24/500/11 23/499/11
f 17/529/86 20/495/86 14/525/86
f 17/529/86 23/499/86 20/495/86
f 18/235/12 16/233/12 22/261/12
f 18/235/12 22/261/12 24/263/12
f 18/235/8 10/179/8 16/233/8
f 18/235/8 12/181/8 10/179/8
f 19/543/81 25/560/81 31/565/81
f 19/543/81 31/565/81 43/542/81
f 2/10/77 117/36/77 116/37/77
f 2/10/77 3/20/77 117/36/77
f 20/495/9 15/524/9 14/525/9
f 20/495/9 21/494/9 15/524/9
f 21/545/10 13/515/10 15/517/10
f 21/545/10 19/543/10 13/515/10
f 21/545/14 25/560/14 19/543/14
f 21/545/14 27/562/14 25/560/14
f 23/499/15 24/500/15 30/470/15
f 23/499/15 30/470/15 29/469/15
f 23/499/87 26/465/87 20/495/87
f 23/499/87 29/469/87 26/465/87
f 24/263/16 22/261/16 28/278/16
f 24/263/16 28/278/16 30/280/16
f 26/465/13 21/494/13 20/495/13
f 26/465/13 27/464/13 21/494/13
f 28/278/84 22/261/84 16/233/84
f 29/469/19 30/470/19 36/457/19
f 29/469/19 36/457/19 35/456/19
f 29/469/88 32/448/88 26/465/88
f 29/469/88 35/456/88 32/448/88
f 3/445/78 1/444/78 115/410/78
f 3/445/78 115/410/78 117/408/78
f 30/280/20 28/278/20 34/283/20
f 30/280/20 34/283/20 36/284/20
f 31/565/81 37/559/81 43/542/81
f 32/448/17 27/464/17 26/465/17
f 32/448/17 33/447/17 27/464/17
f 33/566/18 25/560/18 27/562/18
f 33/566/18 31/565/18 25/560/18
f 35/456/23 36/457/23 42/430/23
f 35/456/23 42/430/23 41/429/23
f 35/456/89 38/425/89 32/448/89
f 35/456/89 41/429/89 38/425/89
f 36/284/24 34/283/24 40/277/24
f 36/284/24 40/277/24 42/279/24
f 38/425/21 33/447/21 32/448/21
f 38/425/21 39/424/21 33/447/21
f 39/561/22 31/565/22 33/566/22
f 39/561/22 37/559/22 31/565/22
f 4/142/84 118/108/84 112/74/84
f 40/277/84 28/278/84 16/233/84
f 40/277/84 34/283/84 28/278/84
f 41/429/27 42/430/27 48/402/27
f 41/429/27 48/402/27 47/401/27
f 41/429/90 44/397/90 38/425/90
f 41/429/90 47/401/90 44/397/90
f 43/542/81 49/514/81 55/480/81
f 43/542/81 55/480/81 67/409/81
f 43/542/81 67/409/81 91/305/81
f 43/542/81 91/305/81 115/410/81
f 44/397/25 39/424/25 38/425/25
f 44/397/25 45/396/25 39/424/25
f 45/544/26 37/559/26 39/561/26
f 45/544/26 43/542/26 37/559/26
f 47/401/31 48/402/31 54/350/31
f 47/401/31 54/350/31 53/349/31
f 47/401/91 50/345/91 44/397/91
f 47/401/91 53/349/91 50/345/91
f 48/262/28 40/277/28 46/260/28
f 48/262/28 42/279/28 40/277/28
f 48/262/32 46/260/32 52/232/32
f 48/262/32 52/232/32 54/234/32
f 5/586/3 12/556/3 11/555/3
f 5/586/3 6/568/3 12/556/3
f 5/586/82 11/555/82 8/551/82
f 5/586/82 8/551/82 2/578/82
f 50/345/29 45/396/29 44/397/29
f 50/345/29 51/344/29 45/396/29
f 51/516/30 43/542/30 45/544/30
f 51/516/30 49/514/30 43/542/30
f 51/516/34 55/480/34 49/514/34
f 51/516/34 57/482/34 55/480/34
f 52/232/84 46/260/84 40/277/84
f 53/349/35 54/350/35 60/324/35
f 53/349/35 60/324/35 59/323/35
f 53/349/92 56/319/92 50/345/92
f 53/349/92 59/323/92 56/319/92
f 54/234/36 52/232/36 58/178/36
f 54/234/36 58/178/36 60/180/36
f 55/480/81 61/436/81 67/409/81
f 56/319/33 51/344/33 50/345/33
f 56/319/33 57/318/33 51/344/33
f 59/323/39 60/324/39 66/303/39
f 59/323/39 66/303/39 65/302/39
f 59/323/93 62/294/93 56/319/93
f 59/323/93 65/302/93 62/294/93
f 6/143/4 10/179/4 12/181/4
f 6/143/4 4/142/4 10/179/4
f 60/180/40 58/178/40 64/134/40
f 60/180/40 64/134/40 66/133/40
f 62/294/37 57/318/37 56/319/37
f 62/294/37 63/293/37 57/318/37
f 63/435/38 55/480/38 57/482/38
f 63/435/38 61/436/38 55/480/38
f 64/134/84 52/232/84 40/277/84
f 64/134/84 58/178/84 52/232/84
f 65/302/43 66/303/43 72/274/43
f 65/302/43 72/274/43 71/273/43
f 65/302/94 68/269/94 62/294/94
f 65/302/94 71/273/94 68/269/94
f 66/133/44 64/134/44 70/107/44
f 66/133/44 70/107/44 72/105/44
f 67/409/81 73/355/81 79/327/81
f 67/409/81 79/327/81 91/305/81
f 68/269/41 63/293/41 62/294/41
f 68/269/41 69/268/41 63/293/41
f 69/407/42 61/436/42 63/435/42
f 69/407/42 67/409/42 61/436/42
f 7/481/81 13/515/81 19/543/81
f 71/273/47 72/274/47 78/248/47
f 71/273/47 78/248/47 77/247/47
f 71/273/95 74/243/95 68/269/95
f 71/273/95 77/247/95 74/243/95
f 74/243/45 69/268/45 68/269/45
f 74/243/45 75/242/45 69/268/45
f 75/353/46 67/409/46 69/407/46
f 75/353/46 73/355/46 67/409/46
f 76/73/84 70/107/84 64/134/84
f 77/247/51 78/248/51 84/196/51
f 77/247/51 84/196/51 83/195/51
f 77/247/96 80/191/96 74/243/96
f 77/247/96 83/195/96 80/191/96
f 78/71/48 70/107/48 76/73/48
f 78/71/48 72/105/48 70/107/48
f 78/71/52 76/73/52 82/45/52
f 78/71/52 82/45/52 84/43/52
f 79/327/81 85/310/81 91/305/81
f 8/551/1 3/567/1 2/578/1
f 8/551/1 9/550/1 3/567/1
f 80/191/49 75/242/49 74/243/49
f 80/191/49 81/190/49 75/242/49
f 81/325/50 73/355/50 75/353/50
f 81/325/50 79/327/50 73/355/50
f 81/325/54 85/310/54 79/327/54
f 81/325/54 87/308/54 85/310/54
f 83/195/55 84/196/55 90/168/55
f 83/195/55 90/168/55 89/167/55
f 83/195/97 86/163/97 80/191/97
f 83/195/97 89/167/97 86/163/97
f 84/43/56 82/45/56 88/28/56
f 84/43/56 88/28/56 90/26/56
f 86/163/53 81/190/53 80/191/53
f 86/163/53 87/162/53 81/190/53
f 88/28/84 40/277/84 16/233/84
f 88/28/84 64/134/84 40/277/84
f 88/28/84 76/73/84 64/134/84
f 88/28/84 82/45/84 76/73/84
f 89/167/59 90/168/59 96/155/59
f 89/167/59 96/155/59 95/154/59
f 89/167/98 92/146/98 86/163/98
f 89/167/98 95/154/98 92/146/98
f 9/483/2 1/444/2 3/445/2
f 9/483/2 7/481/2 1/444/2
f 90/26/60 88/28/60 94/23/60
f 90/26/60 94/23/60 96/22/60
f 91/305/81 103/328/81 115/410/81
f 91/305/81 97/311/81 103/328/81
f 92/146/57 87/162/57 86/163/57
f 92/146/57 93/145/57 87/162/57
f 93/304/58 85/310/58 87/308/58
f 93/304/58 91/305/58 85/310/58
f 95/154/63 102/128/63 101/127/63
f 95/154/63 96/155/63 102/128/63
f 95/154/99 101/127/99 98/123/99
f 95/154/99 98/123/99 92/146/99
f 96/22/64 100/29/64 102/27/64
f 96/22/64 94/23/64 100/29/64
f 98/123/61 93/145/61 92/146/61
f 98/123/61 99/122/61 93/145/61
f 99/309/62 91/305/62 93/304/62
f 99/309/62 97/311/62 91/305/62
g race_checkpoint_pedestal_Cone.032
v 0.000000 0.120000 0.340000
v 0.000000 0.680000 0.200000
v -0.199847 0.120000 0.275066
v -0.117557 0.680000 0.161803
v -0.323359 0.120000 0.105066
v -0.190211 0.680000 0.061803
v -0.323359 0.120000 -0.105066
v -0.190211 0.680000 -0.061803
v -0.199847 0.120000 -0.275066
v -0.117557 0.680000 -0.161803
v 0.000000 0.120000 -0.340000
v 0.000000 0.680000 -0.200000
v 0.199847 0.120000 -0.275066
v 0.117557 0.680000 -0.161803
v 0.323359 0.120000 -0.105066
v 0.190211 0.680000 -0.061803
v 0.323359 0.120000 0.105066
v 0.190211 0.680000 0.061803
v 0.199847 0.120000 0.275066
v 0.117557 0.680000 0.161803
vn -0.3006 0.2313 0.9253
vn -0.7871 0.2313 0.5718
vn -0.9729 0.2313 -0.0000
vn -0.7871 0.2313 -0.5718
vn -0.3006 0.2313 -0.9253
vn 0.3006 0.2313 -0.9253
vn 0.7871 0.2313 -0.5718
vn 0.9729 0.2313 -0.0000
vn -0.0000 1.0000 -0.0000
vn 0.7871 0.2313 0.5718
vn 0.3006 0.2313 0.9253
vn -0.0000 -1.0000 -0.0000
s 0
g race_checkpoint_pedestal_M_steel
usemtl M_steel
f 122/144/111 140/70/111 138/25/111
f 122/587/103 123/524/103 121/577/103
f 122/587/103 124/530/103 123/524/103
f 123/519/114 125/564/114 127/563/114
f 124/530/104 125/464/104 123/524/104
f 124/530/104 126/470/104 125/464/104
f 126/282/111 122/144/111 138/25/111
f 126/282/111 124/237/111 122/144/111
f 126/470/105 127/424/105 125/464/105
f 126/470/105 128/430/105 127/424/105
f 127/563/114 129/518/114 131/434/114
f 127/563/114 131/434/114 135/306/114
f 127/563/114 135/306/114 139/352/114
f 128/430/106 129/344/106 127/424/106
f 128/430/106 130/350/106 129/344/106
f 130/236/111 128/281/111 126/282/111
f 130/350/107 131/293/107 129/344/107
f 130/350/107 132/303/107 131/293/107
f 131/434/114 133/351/114 135/306/114
f 132/303/108 133/242/108 131/293/108
f 132/303/108 134/248/108 133/242/108
f 134/248/109 135/162/109 133/242/109
f 134/248/109 136/168/109 135/162/109
f 134/69/111 132/132/111 130/236/111
f 135/306/114 137/307/114 139/352/114
f 136/168/110 137/122/110 135/162/110
f 136/168/110 138/128/110 137/122/110
f 138/128/112 139/62/112 137/122/112
f 138/128/112 140/68/112 139/62/112
f 138/25/111 130/236/111 126/282/111
f 138/25/111 134/69/111 130/236/111
f 138/25/111 136/24/111 134/69/111
f 139/352/114 121/446/114 123/519/114
f 139/352/114 123/519/114 127/563/114
f 140/68/113 121/9/113 139/62/113
f 140/68/113 122/19/113 121/9/113
g race_checkpoint_ring_outer_Torus.017
v -0.645000 1.050000 0.000000
v -0.625962 1.050000 -0.045962
v -0.580000 1.050000 -0.065000
v -0.534038 1.050000 -0.045962
v -0.515000 1.050000 -0.000000
v -0.534038 1.050000 0.045962
v -0.580000 1.050000 0.065000
v -0.625962 1.050000 0.045962
v -0.613431 1.249316 0.000000
v -0.595325 1.243433 -0.045962
v -0.551613 1.229230 -0.065000
v -0.507900 1.215027 -0.045962
v -0.489794 1.209144 0.000000
v -0.507900 1.215027 0.045962
v -0.551613 1.229230 0.065000
v -0.595325 1.243433 0.045962
v -0.521816 1.429121 0.000000
v -0.506414 1.417931 -0.045962
v -0.469230 1.390915 -0.065000
v -0.432046 1.363900 -0.045962
v -0.416644 1.352709 0.000000
v -0.432046 1.363900 0.045962
v -0.469230 1.390915 0.065000
v -0.506414 1.417931 0.045962
v -0.379121 1.571816 0.000000
v -0.367931 1.556414 -0.045962
v -0.340915 1.519230 -0.065000
v -0.313900 1.482046 -0.045962
v -0.302709 1.466644 0.000000
v -0.313900 1.482046 0.045962
v -0.340915 1.519230 0.065000
v -0.367931 1.556414 0.045962
v -0.199316 1.663431 0.000000
v -0.193433 1.645325 -0.045962
v -0.179230 1.601613 -0.065000
v -0.165027 1.557900 -0.045962
v -0.159144 1.539794 0.000000
v -0.165027 1.557900 0.045962
v -0.179230 1.601613 0.065000
v -0.193433 1.645325 0.045962
v -0.000000 1.695000 0.000000
v -0.000000 1.675962 -0.045962
v -0.000000 1.630000 -0.065000
v -0.000000 1.584038 -0.045962
v -0.000000 1.565000 0.000000
v -0.000000 1.584038 0.045962
v -0.000000 1.630000 0.065000
v -0.000000 1.675962 0.045962
v 0.199316 1.663431 0.000000
v 0.193433 1.645325 -0.045962
v 0.179230 1.601613 -0.065000
v 0.165027 1.557900 -0.045962
v 0.159144 1.539794 0.000000
v 0.165027 1.557900 0.045962
v 0.179230 1.601613 0.065000
v 0.193433 1.645325 0.045962
v 0.379122 1.571816 0.000000
v 0.367931 1.556414 -0.045962
v 0.340916 1.519230 -0.065000
v 0.313900 1.482046 -0.045962
v 0.302709 1.466644 0.000000
v 0.313900 1.482046 0.045962
v 0.340916 1.519230 0.065000
v 0.367931 1.556414 0.045962
v 0.521816 1.429121 0.000000
v 0.506414 1.417931 -0.045962
v 0.469230 1.390915 -0.065000
v 0.432046 1.363899 -0.045962
v 0.416644 1.352709 0.000000
v 0.432046 1.363899 0.045962
v 0.469230 1.390915 0.065000
v 0.506414 1.417931 0.045962
v 0.613431 1.249316 0.000000
v 0.595325 1.243433 -0.045962
v 0.551613 1.229230 -0.065000
v 0.507900 1.215027 -0.045962
v 0.489794 1.209144 0.000000
v 0.507900 1.215027 0.045962
v 0.551613 1.229230 0.065000
v 0.595325 1.243433 0.045962
v 0.645000 1.050000 0.000000
v 0.625962 1.050000 -0.045962
v 0.580000 1.050000 -0.065000
v 0.534038 1.050000 -0.045962
v 0.515000 1.050000 0.000000
v 0.534038 1.050000 0.045962
v 0.580000 1.050000 0.065000
v 0.625962 1.050000 0.045962
v 0.613432 0.850684 -0.000000
v 0.595325 0.856567 -0.045962
v 0.551613 0.870770 -0.065000
v 0.507900 0.884973 -0.045962
v 0.489794 0.890856 -0.000000
v 0.507900 0.884973 0.045962
v 0.551613 0.870770 0.065000
v 0.595325 0.856567 0.045962
v 0.521816 0.670879 -0.000000
v 0.506414 0.682069 -0.045962
v 0.469230 0.709085 -0.065000
v 0.432046 0.736100 -0.045962
v 0.416644 0.747291 -0.000000
v 0.432046 0.736100 0.045962
v 0.469230 0.709085 0.065000
v 0.506414 0.682069 0.045962
v 0.379122 0.528184 -0.000000
v 0.367931 0.543586 -0.045962
v 0.340916 0.580770 -0.065000
v 0.313900 0.617954 -0.045962
v 0.302709 0.633356 -0.000000
v 0.313900 0.617954 0.045962
v 0.340916 0.580770 0.065000
v 0.367931 0.543586 0.045962
v 0.199316 0.436569 -0.000000
v 0.193433 0.454675 -0.045962
v 0.179230 0.498387 -0.065000
v 0.165027 0.542100 -0.045962
v 0.159144 0.560206 -0.000000
v 0.165027 0.542100 0.045962
v 0.179230 0.498387 0.065000
v 0.193433 0.454675 0.045962
v -0.000000 0.405000 -0.000000
v -0.000000 0.424038 -0.045962
v -0.000000 0.470000 -0.065000
v -0.000000 0.515962 -0.045962
v -0.000000 0.535000 -0.000000
v -0.000000 0.515962 0.045962
v -0.000000 0.470000 0.065000
v -0.000000 0.424038 0.045962
v -0.199316 0.436569 -0.000000
v -0.193433 0.454675 -0.045962
v -0.179230 0.498387 -0.065000
v -0.165027 0.542100 -0.045962
v -0.159144 0.560206 -0.000000
v -0.165027 0.542100 0.045962
v -0.179230 0.498387 0.065000
v -0.193433 0.454675 0.045962
v -0.379121 0.528184 -0.000000
v -0.367931 0.543586 -0.045962
v -0.340915 0.580770 -0.065000
v -0.313899 0.617954 -0.045962
v -0.302709 0.633356 -0.000000
v -0.313899 0.617954 0.045962
v -0.340915 0.580770 0.065000
v -0.367931 0.543586 0.045962
v -0.521816 0.670878 -0.000000
v -0.506414 0.682069 -0.045962
v -0.469230 0.709084 -0.065000
v -0.432046 0.736100 -0.045962
v -0.416644 0.747290 -0.000000
v -0.432046 0.736100 0.045962
v -0.469230 0.709084 0.065000
v -0.506414 0.682069 0.045962
v -0.613431 0.850684 -0.000000
v -0.595325 0.856567 -0.045962
v -0.551613 0.870770 -0.065000
v -0.507900 0.884973 -0.045962
v -0.489794 0.890856 -0.000000
v -0.507900 0.884973 0.045962
v -0.551613 0.870770 0.065000
v -0.595325 0.856567 0.045962
vn -1.0000 -0.0000 -0.0000
vn -0.7252 -0.0000 -0.6885
vn -0.0382 -0.0000 -0.9993
vn 0.6870 -0.0000 -0.7267
vn 1.0000 -0.0000 -0.0000
vn 0.6870 -0.0000 0.7267
vn -0.0382 -0.0000 0.9993
vn -0.7252 -0.0000 0.6885
vn -0.9511 0.3090 -0.0000
vn -0.6897 0.2241 -0.6885
vn -0.0363 0.0118 -0.9993
vn 0.6533 -0.2123 -0.7267
vn 0.9511 -0.3090 -0.0000
vn 0.6533 -0.2123 0.7267
vn -0.0364 0.0118 0.9993
vn -0.6897 0.2241 0.6885
vn -0.8090 0.5878 -0.0000
vn -0.5867 0.4263 -0.6885
vn -0.0309 0.0225 -0.9993
vn 0.5558 -0.4038 -0.7267
vn 0.8090 -0.5878 -0.0000
vn 0.5558 -0.4038 0.7267
vn -0.0309 0.0225 0.9993
vn -0.5867 0.4263 0.6885
vn -0.5878 0.8090 -0.0000
vn -0.4263 0.5867 -0.6885
vn -0.0225 0.0309 -0.9993
vn 0.4038 -0.5558 -0.7267
vn 0.5878 -0.8090 -0.0000
vn 0.4038 -0.5558 0.7267
vn -0.0225 0.0309 0.9993
vn -0.4263 0.5867 0.6885
vn -0.3090 0.9511 -0.0000
vn -0.2241 0.6897 -0.6885
vn -0.0118 0.0363 -0.9993
vn 0.2123 -0.6533 -0.7267
vn 0.3090 -0.9511 -0.0000
vn 0.2123 -0.6533 0.7267
vn -0.0118 0.0363 0.9993
vn -0.2241 0.6897 0.6885
vn -0.0000 1.0000 -0.0000
vn -0.0000 0.7252 -0.6885
vn -0.0000 0.0382 -0.9993
vn -0.0000 -0.6870 -0.7267
vn -0.0000 -1.0000 -0.0000
vn -0.0000 -0.6870 0.7267
vn -0.0000 0.0382 0.9993
vn -0.0000 0.7252 0.6885
vn 0.3090 0.9511 -0.0000
vn 0.2241 0.6897 -0.6885
vn 0.0118 0.0364 -0.9993
vn -0.2123 -0.6533 -0.7267
vn -0.3090 -0.9511 -0.0000
vn -0.2123 -0.6533 0.7267
vn 0.0118 0.0363 0.9993
vn 0.2241 0.6897 0.6885
vn 0.5878 0.8090 -0.0000
vn 0.4263 0.5867 -0.6885
vn 0.0225 0.0309 -0.9993
vn -0.4038 -0.5558 -0.7267
vn -0.5878 -0.8090 -0.0000
vn -0.4038 -0.5558 0.7267
vn 0.0225 0.0309 0.9993
vn 0.4263 0.5867 0.6885
vn 0.8090 0.5878 -0.0000
vn 0.5867 0.4263 -0.6885
vn 0.0309 0.0225 -0.9993
vn -0.5558 -0.4038 -0.7267
vn -0.8090 -0.5878 -0.0000
vn -0.5558 -0.4038 0.7267
vn 0.0309 0.0225 0.9993
vn 0.5867 0.4263 0.6885
vn 0.9511 0.3090 -0.0000
vn 0.6897 0.2241 -0.6885
vn 0.0363 0.0118 -0.9993
vn -0.6533 -0.2123 -0.7267
vn -0.9511 -0.3090 -0.0000
vn -0.6533 -0.2123 0.7267
vn 0.0363 0.0118 0.9993
vn 0.6897 0.2241 0.6885
vn 0.7252 -0.0000 -0.6885
vn 0.0382 -0.0000 -0.9993
vn -0.6870 -0.0000 -0.7267
vn -0.6870 -0.0000 0.7267
vn 0.0382 -0.0000 0.9993
vn 0.7252 -0.0000 0.6885
vn 0.6897 -0.2241 -0.6885
vn 0.0363 -0.0118 -0.9993
vn -0.6533 0.2123 -0.7267
vn -0.6533 0.2123 0.7267
vn 0.0363 -0.0118 0.9993
vn 0.6897 -0.2241 0.6885
vn 0.5867 -0.4263 -0.6885
vn 0.0309 -0.0225 -0.9993
vn -0.5558 0.4038 -0.7267
vn -0.5558 0.4038 0.7267
vn 0.0309 -0.0225 0.9993
vn 0.5867 -0.4263 0.6885
vn 0.4263 -0.5867 -0.6885
vn 0.0225 -0.0309 -0.9993
vn -0.4038 0.5558 -0.7267
vn -0.4038 0.5558 0.7267
vn 0.0225 -0.0309 0.9993
vn 0.4263 -0.5867 0.6885
vn 0.2241 -0.6897 -0.6885
vn 0.0118 -0.0364 -0.9993
vn -0.2123 0.6533 -0.7267
vn -0.2123 0.6533 0.7267
vn 0.0118 -0.0364 0.9993
vn 0.2241 -0.6897 0.6885
vn -0.0000 -0.7252 -0.6885
vn -0.0000 -0.0382 -0.9993
vn -0.0000 0.6870 -0.7267
vn -0.0000 0.6870 0.7267
vn -0.0000 -0.0382 0.9993
vn -0.0000 -0.7252 0.6885
vn -0.2241 -0.6897 -0.6885
vn -0.0118 -0.0363 -0.9993
vn 0.2123 0.6533 -0.7267
vn 0.2123 0.6533 0.7267
vn -0.0118 -0.0363 0.9993
vn -0.2241 -0.6897 0.6885
vn -0.4263 -0.5867 -0.6885
vn -0.0225 -0.0309 -0.9993
vn 0.4038 0.5558 -0.7267
vn 0.4038 0.5558 0.7267
vn -0.0225 -0.0309 0.9993
vn -0.4263 -0.5867 0.6885
vn -0.5867 -0.4263 -0.6885
vn -0.0309 -0.0225 -0.9993
vn 0.5558 0.4038 -0.7267
vn 0.5558 0.4038 0.7267
vn -0.0309 -0.0225 0.9993
vn -0.5867 -0.4263 0.6885
vn -0.6897 -0.2241 -0.6885
vn -0.0363 -0.0118 -0.9993
vn 0.6533 0.2123 -0.7267
vn 0.6533 0.2123 0.7267
vn -0.0364 -0.0118 0.9993
vn -0.6897 -0.2241 0.6885
s 1
g race_checkpoint_ring_outer_M_cyan
usemtl M_cyan
f 141/318/115 142/320/116 294/296/249
f 141/318/115 294/296/249 293/293/191
f 142/320/116 143/321/117 295/298/250
f 142/320/116 295/298/250 294/296/249
f 143/321/117 144/322/118 296/300/251
f 143/321/117 296/300/251 295/298/250
f 144/322/118 145/324/119 297/303/187
f 144/322/118 297/303/187 296/300/251
f 145/314/119 146/315/120 298/287/252
f 145/314/119 298/287/252 297/285/187
f 146/315/120 147/316/121 299/289/253
f 146/315/120 154/341/128 155/342/129
f 146/315/120 155/342/129 147/316/121
f 146/315/120 299/289/253 298/287/252
f 148/317/122 141/318/115 293/293/191
f 148/317/122 293/293/191 300/291/254
f 149/344/123 142/320/116 141/318/115
f 149/344/123 150/346/124 142/320/116
f 150/346/124 143/321/117 142/320/116
f 150/346/124 151/347/125 143/321/117
f 151/347/125 144/322/118 143/321/117
f 151/347/125 152/348/126 144/322/118
f 152/348/126 145/324/119 144/322/118
f 152/348/126 153/350/127 145/324/119
f 153/340/127 146/315/120 145/314/119
f 153/340/127 154/341/128 146/315/120
f 153/340/127 161/392/135 162/393/136
f 153/340/127 162/393/136 154/341/128
f 155/342/129 148/317/122 147/316/121
f 155/342/129 156/343/130 148/317/122
f 155/342/129 163/394/137 164/395/138
f 155/342/129 164/395/138 156/343/130
f 156/343/130 141/318/115 148/317/122
f 156/343/130 149/344/123 141/318/115
f 157/396/131 150/346/124 149/344/123
f 157/396/131 158/398/132 150/346/124
f 158/398/132 151/347/125 150/346/124
f 158/398/132 159/399/133 151/347/125
f 159/399/133 152/348/126 151/347/125
f 159/399/133 160/400/134 152/348/126
f 159/399/133 167/427/141 168/428/142
f 159/399/133 168/428/142 160/400/134
f 160/400/134 153/350/127 152/348/126
f 160/400/134 161/402/135 153/350/127
f 162/393/136 155/342/129 154/341/128
f 162/393/136 163/394/137 155/342/129
f 162/393/136 170/421/144 171/422/145
f 162/393/136 171/422/145 163/394/137
f 163/394/137 171/422/145 172/423/146
f 163/394/137 172/423/146 164/395/138
f 164/395/138 149/344/123 156/343/130
f 164/395/138 157/396/131 149/344/123
f 165/424/139 158/398/132 157/396/131
f 165/424/139 166/426/140 158/398/132
f 165/424/139 173/447/147 174/450/148
f 165/424/139 174/450/148 166/426/140
f 166/426/140 159/399/133 158/398/132
f 166/426/140 167/427/141 159/399/133
f 168/428/142 161/402/135 160/400/134
f 168/428/142 169/430/143 161/402/135
f 169/420/143 162/393/136 161/392/135
f 169/420/143 170/421/144 162/393/136
f 170/421/144 178/438/152 179/440/153
f 170/421/144 179/440/153 171/422/145
f 172/423/146 157/396/131 164/395/138
f 172/423/146 165/424/139 157/396/131
f 173/447/147 181/464/155 182/466/156
f 173/447/147 182/466/156 174/450/148
f 174/450/148 167/427/141 166/426/140
f 174/450/148 175/452/149 167/427/141
f 174/450/148 182/466/156 183/467/157
f 174/450/148 183/467/157 175/452/149
f 175/452/149 168/428/142 167/427/141
f 175/452/149 176/454/150 168/428/142
f 176/454/150 169/430/143 168/428/142
f 176/454/150 177/457/151 169/430/143
f 176/454/150 184/468/158 185/470/159
f 176/454/150 185/470/159 177/457/151
f 177/433/151 170/421/144 169/420/143
f 177/433/151 178/438/152 170/421/144
f 178/438/152 186/461/160 187/462/161
f 178/438/152 187/462/161 179/440/153
f 179/440/153 172/423/146 171/422/145
f 179/440/153 180/442/154 172/423/146
f 179/440/153 187/462/161 188/463/162
f 179/440/153 188/463/162 180/442/154
f 180/442/154 165/424/139 172/423/146
f 180/442/154 173/447/147 165/424/139
f 183/467/157 176/454/150 175/452/149
f 183/467/157 184/468/158 176/454/150
f 185/460/159 178/438/152 177/433/151
f 185/460/159 186/461/160 178/438/152
f 185/460/159 193/490/167 194/491/168
f 185/460/159 194/491/168 186/461/160
f 187/462/161 195/492/169 196/493/170
f 187/462/161 196/493/170 188/463/162
f 188/463/162 173/447/147 180/442/154
f 188/463/162 181/464/155 173/447/147
f 188/463/162 189/494/163 181/464/155
f 188/463/162 196/493/170 189/494/163
f 189/494/163 182/466/156 181/464/155
f 189/494/163 190/496/164 182/466/156
f 190/496/164 183/467/157 182/466/156
f 190/496/164 191/497/165 183/467/157
f 191/497/165 184/468/158 183/467/157
f 191/497/165 192/498/166 184/468/158
f 191/497/165 199/527/173 200/528/174
f 191/497/165 200/528/174 192/498/166
f 192/498/166 185/470/159 184/468/158
f 192/498/166 193/500/167 185/470/159
f 192/498/166 200/528/174 201/530/175
f 192/498/166 201/530/175 193/500/167
f 194/491/168 187/462/161 186/461/160
f 194/491/168 195/492/169 187/462/161
f 197/524/171 190/496/164 189/494/163
f 197/524/171 198/526/172 190/496/164
f 198/526/172 191/497/165 190/496/164
f 198/526/172 199/527/173 191/497/165
f 201/520/175 194/491/168 193/490/167
f 201/520/175 202/521/176 194/491/168
f 202/521/176 195/492/169 194/491/168
f 202/521/176 203/522/177 195/492/169
f 203/522/177 196/493/170 195/492/169
f 203/522/177 204/523/178 196/493/170
f 203/522/177 211/548/185 212/549/186
f 203/522/177 212/549/186 204/523/178
f 204/523/178 189/494/163 196/493/170
f 204/523/178 197/524/171 189/494/163
f 205/550/179 198/526/172 197/524/171
f 205/550/179 206/552/180 198/526/172
f 206/552/180 199/527/173 198/526/172
f 206/552/180 207/553/181 199/527/173
f 207/553/181 200/528/174 199/527/173
f 207/553/181 208/554/182 200/528/174
f 207/553/181 215/582/189 216/584/190
f 207/553/181 216/584/190 208/554/182
f 208/554/182 201/530/175 200/528/174
f 208/554/182 209/556/183 201/530/175
f 209/546/183 202/521/176 201/520/175
f 209/546/183 210/547/184 202/521/176
f 210/547/184 203/522/177 202/521/176
f 210/547/184 211/548/185 203/522/177
f 211/548/185 219/573/193 220/575/194
f 211/548/185 220/575/194 212/549/186
f 212/549/186 197/524/171 204/523/178
f 212/549/186 205/550/179 197/524/171
f 213/577/187 206/552/180 205/550/179
f 213/577/187 214/580/188 206/552/180
f 214/12/188 222/38/195 223/39/196
f 214/12/188 223/39/196 215/14/189
f 214/580/188 207/553/181 206/552/180
f 214/580/188 215/582/189 207/553/181
f 216/584/190 209/556/183 208/554/182
f 216/584/190 217/587/191 209/556/183
f 217/569/191 210/547/184 209/546/183
f 217/569/191 218/571/192 210/547/184
f 218/3/192 226/33/198 227/34/199
f 218/3/192 227/34/199 219/5/193
f 218/571/192 211/548/185 210/547/184
f 218/571/192 219/573/193 211/548/185
f 220/575/194 205/550/179 212/549/186
f 220/575/194 213/577/187 205/550/179
f 221/36/119 214/12/188 213/9/187
f 221/36/119 222/38/195 214/12/188
f 223/39/196 216/16/190 215/14/189
f 223/39/196 224/40/197 216/16/190
f 224/40/197 217/19/191 216/16/190
f 224/40/197 225/42/115 217/19/191
f 225/32/115 218/3/192 217/1/191
f 225/32/115 226/33/198 218/3/192
f 227/34/199 220/7/194 219/5/193
f 227/34/199 228/35/200 220/7/194
f 228/35/200 213/9/187 220/7/194
f 228/35/200 221/36/119 213/9/187
f 229/62/127 222/38/195 221/36/119
f 229/62/127 230/64/201 222/38/195
f 230/64/201 223/39/196 222/38/195
f 230/64/201 231/65/202 223/39/196
f 230/64/201 238/94/207 239/95/208
f 230/64/201 239/95/208 231/65/202
f 231/65/202 224/40/197 223/39/196
f 231/65/202 232/66/203 224/40/197
f 232/66/203 225/42/115 224/40/197
f 232/66/203 233/68/123 225/42/115
f 233/58/123 226/33/198 225/32/115
f 233/58/123 234/59/204 226/33/198
f 233/58/123 241/88/131 242/89/210
f 233/58/123 242/89/210 234/59/204
f 234/59/204 227/34/199 226/33/198
f 234/59/204 235/60/205 227/34/199
f 235/60/205 228/35/200 227/34/199
f 235/60/205 236/61/206 228/35/200
f 236/61/206 221/36/119 228/35/200
f 236/61/206 229/62/127 221/36/119
f 237/92/135 230/64/201 229/62/127
f 237/92/135 238/94/207 230/64/201
f 239/95/208 232/66/203 231/65/202
f 239/95/208 240/96/209 232/66/203
f 240/96/209 233/68/123 232/66/203
f 240/96/209 241/98/131 233/68/123
f 242/89/210 235/60/205 234/59/204
f 242/89/210 243/90/211 235/60/205
f 243/90/211 236/61/206 235/60/205
f 243/90/211 244/91/212 236/61/206
f 244/91/212 229/62/127 236/61/206
f 244/91/212 237/92/135 229/62/127
f 245/122/143 238/94/207 237/92/135
f 245/122/143 246/124/213 238/94/207
f 245/122/143 253/145/151 254/148/219
f 245/122/143 254/148/219 246/124/213
f 246/124/213 239/95/208 238/94/207
f 246/124/213 247/125/214 239/95/208
f 247/125/214 240/96/209 239/95/208
f 247/125/214 248/126/215 240/96/209
f 248/126/215 241/98/131 240/96/209
f 248/126/215 249/128/139 241/98/131
f 249/118/139 242/89/210 241/88/131
f 249/118/139 250/119/216 242/89/210
f 249/118/139 257/131/147 258/136/222
f 249/118/139 258/136/222 250/119/216
f 250/119/216 243/90/211 242/89/210
f 250/119/216 251/120/217 243/90/211
f 250/119/216 258/136/222 259/138/223
f 250/119/216 259/138/223 251/120/217
f 251/120/217 244/91/212 243/90/211
f 251/120/217 252/121/218 244/91/212
f 252/121/218 237/92/135 244/91/212
f 252/121/218 245/122/143 237/92/135
f 254/148/219 247/125/214 246/124/213
f 254/148/219 255/150/220 247/125/214
f 254/148/219 262/164/225 263/165/226
f 254/148/219 263/165/226 255/150/220
f 255/150/220 248/126/215 247/125/214
f 255/150/220 256/152/221 248/126/215
f 255/150/220 263/165/226 264/166/227
f 255/150/220 264/166/227 256/152/221
f 256/152/221 249/128/139 248/126/215
f 256/152/221 257/155/147 249/128/139
f 256/152/221 264/166/227 265/168/155
f 256/152/221 265/168/155 257/155/147
f 259/138/223 252/121/218 251/120/217
f 259/138/223 260/140/224 252/121/218
f 260/140/224 245/122/143 252/121/218
f 260/140/224 253/145/151 245/122/143
f 261/162/159 254/148/219 253/145/151
f 261/162/159 262/164/225 254/148/219
f 265/158/155 258/136/222 257/131/147
f 265/158/155 266/159/228 258/136/222
f 266/159/228 259/138/223 258/136/222
f 266/159/228 267/160/229 259/138/223
f 267/160/229 260/140/224 259/138/223
f 267/160/229 268/161/230 260/140/224
f 268/161/230 253/145/151 260/140/224
f 268/161/230 261/162/159 253/145/151
f 268/161/230 269/190/167 261/162/159
f 268/161/230 276/189/236 269/190/167
f 269/190/167 262/164/225 261/162/159
f 269/190/167 270/192/231 262/164/225
f 269/190/167 277/242/175 278/244/237
f 269/190/167 278/244/237 270/192/231
f 270/192/231 263/165/226 262/164/225
f 270/192/231 271/193/232 263/165/226
f 271/193/232 264/166/227 263/165/226
f 271/193/232 272/194/233 264/166/227
f 272/194/233 265/168/155 264/166/227
f 272/194/233 273/196/163 265/168/155
f 273/186/163 266/159/228 265/158/155
f 273/186/163 274/187/234 266/159/228
f 274/187/234 267/160/229 266/159/228
f 274/187/234 275/188/235 267/160/229
f 275/188/235 268/161/230 267/160/229
f 275/188/235 276/189/236 268/161/230
f 275/188/235 283/240/241 284/241/242
f 275/188/235 284/241/242 276/189/236
f 278/244/237 271/193/232 270/192/231
f 278/244/237 279/245/238 271/193/232
f 279/245/238 272/194/233 271/193/232
f 279/245/238 280/246/239 272/194/233
f 280/246/239 273/196/163 272/194/233
f 280/246/239 281/248/171 273/196/163
f 281/238/171 274/187/234 273/186/163
f 281/238/171 282/239/240 274/187/234
f 282/239/240 275/188/235 274/187/234
f 282/239/240 283/240/241 275/188/235
f 283/240/241 291/266/247 292/267/248
f 283/240/241 292/267/248 284/241/242
f 284/241/242 269/190/167 276/189/236
f 284/241/242 277/242/175 269/190/167
f 285/268/183 278/244/237 277/242/175
f 285/268/183 286/270/243 278/244/237
f 286/270/243 279/245/238 278/244/237
f 286/270/243 287/271/244 279/245/238
f 286/270/243 294/296/249 295/298/250
f 286/270/243 295/298/250 287/271/244
f 287/271/244 280/246/239 279/245/238
f 287/271/244 288/272/245 280/246/239
f 288/272/245 281/248/171 280/246/239
f 288/272/245 289/274/179 281/248/171
f 288/272/245 296/300/251 297/303/187
f 288/272/245 297/303/187 289/274/179
f 289/264/179 282/239/240 281/238/171
f 289/264/179 290/265/246 282/239/240
f 290/265/246 283/240/241 282/239/240
f 290/265/246 291/266/247 283/240/241
f 290/265/246 298/287/252 299/289/253
f 290/265/246 299/289/253 291/266/247
f 292/267/248 277/242/175 284/241/242
f 292/267/248 285/268/183 277/242/175
f 292/267/248 293/293/191 285/268/183
f 292/267/248 300/291/254 293/293/191
f 293/293/191 286/270/243 285/268/183
f 293/293/191 294/296/249 286/270/243
f 295/298/250 288/272/245 287/271/244
f 295/298/250 296/300/251 288/272/245
f 297/285/187 290/265/246 289/264/179
f 297/285/187 298/287/252 290/265/246
f 299/289/253 147/316/121 148/317/122
f 299/289/253 148/317/122 300/291/254
f 299/289/253 292/267/248 291/266/247
f 299/289/253 300/291/254 292/267/248
g race_checkpoint_ring_inner_Torus.018
v -0.425000 1.050000 -0.030000
v -0.417678 1.050000 -0.047678
v -0.400000 1.050000 -0.055000
v -0.382322 1.050000 -0.047678
v -0.375000 1.050000 -0.030000
v -0.382322 1.050000 -0.012322
v -0.400000 1.050000 -0.005000
v -0.417678 1.050000 -0.012322
v -0.404199 1.181332 -0.030000
v -0.397235 1.179069 -0.047678
v -0.380423 1.173607 -0.055000
v -0.363610 1.168144 -0.047678
v -0.356646 1.165881 -0.030000
v -0.363610 1.168144 -0.012322
v -0.380423 1.173607 -0.005000
v -0.397235 1.179069 -0.012322
v -0.343832 1.299809 -0.030000
v -0.337908 1.295505 -0.047678
v -0.323607 1.285114 -0.055000
v -0.309305 1.274723 -0.047678
v -0.303381 1.270419 -0.030000
v -0.309305 1.274723 -0.012322
v -0.323607 1.285114 -0.005000
v -0.337908 1.295505 -0.012322
v -0.249809 1.393832 -0.030000
v -0.245505 1.387908 -0.047678
v -0.235114 1.373607 -0.055000
v -0.224723 1.359305 -0.047678
v -0.220419 1.353381 -0.030000
v -0.224723 1.359305 -0.012322
v -0.235114 1.373607 -0.005000
v -0.245505 1.387908 -0.012322
v -0.131332 1.454199 -0.030000
v -0.129070 1.447235 -0.047678
v -0.123607 1.430423 -0.055000
v -0.118144 1.413610 -0.047678
v -0.115881 1.406646 -0.030000
v -0.118144 1.413610 -0.012322
v -0.123607 1.430423 -0.005000
v -0.129070 1.447235 -0.012322
v -0.000000 1.475000 -0.030000
v -0.000000 1.467678 -0.047678
v -0.000000 1.450000 -0.055000
v -0.000000 1.432322 -0.047678
v -0.000000 1.425000 -0.030000
v -0.000000 1.432322 -0.012322
v -0.000000 1.450000 -0.005000
v -0.000000 1.467678 -0.012322
v 0.131332 1.454199 -0.030000
v 0.129070 1.447235 -0.047678
v 0.123607 1.430423 -0.055000
v 0.118144 1.413610 -0.047678
v 0.115881 1.406646 -0.030000
v 0.118144 1.413610 -0.012322
v 0.123607 1.430423 -0.005000
v 0.129070 1.447235 -0.012322
v 0.249809 1.393832 -0.030000
v 0.245505 1.387908 -0.047678
v 0.235114 1.373607 -0.055000
v 0.224724 1.359305 -0.047678
v 0.220420 1.353381 -0.030000
v 0.224724 1.359305 -0.012322
v 0.235114 1.373607 -0.005000
v 0.245505 1.387908 -0.012322
v 0.343832 1.299809 -0.030000
v 0.337908 1.295505 -0.047678
v 0.323607 1.285114 -0.055000
v 0.309305 1.274723 -0.047678
v 0.303381 1.270419 -0.030000
v 0.309305 1.274723 -0.012322
v 0.323607 1.285114 -0.005000
v 0.337908 1.295505 -0.012322
v 0.404199 1.181332 -0.030000
v 0.397235 1.179070 -0.047678
v 0.380423 1.173607 -0.055000
v 0.363610 1.168144 -0.047678
v 0.356646 1.165881 -0.030000
v 0.363610 1.168144 -0.012322
v 0.380423 1.173607 -0.005000
v 0.397235 1.179070 -0.012322
v 0.425000 1.050000 -0.030000
v 0.417678 1.050000 -0.047678
v 0.400000 1.050000 -0.055000
v 0.382322 1.050000 -0.047678
v 0.375000 1.050000 -0.030000
v 0.382322 1.050000 -0.012322
v 0.400000 1.050000 -0.005000
v 0.417678 1.050000 -0.012322
v 0.404199 0.918668 -0.030000
v 0.397235 0.920931 -0.047678
v 0.380423 0.926393 -0.055000
v 0.363610 0.931856 -0.047678
v 0.356646 0.934119 -0.030000
v 0.363610 0.931856 -0.012322
v 0.380423 0.926393 -0.005000
v 0.397235 0.920931 -0.012322
v 0.343832 0.800191 -0.030000
v 0.337908 0.804495 -0.047678
v 0.323607 0.814886 -0.055000
v 0.309305 0.825277 -0.047678
v 0.303381 0.829581 -0.030000
v 0.309305 0.825277 -0.012322
v 0.323607 0.814886 -0.005000
v 0.337908 0.804495 -0.012322
v 0.249809 0.706168 -0.030000
v 0.245505 0.712092 -0.047678
v 0.235114 0.726393 -0.055000
v 0.224724 0.740695 -0.047678
v 0.220420 0.746619 -0.030000
v 0.224724 0.740695 -0.012322
v 0.235114 0.726393 -0.005000
v 0.245505 0.712092 -0.012322
v 0.131332 0.645801 -0.030000
v 0.129070 0.652765 -0.047678
v 0.123607 0.669577 -0.055000
v 0.118144 0.686390 -0.047678
v 0.115881 0.693354 -0.030000
v 0.118144 0.686390 -0.012322
v 0.123607 0.669577 -0.005000
v 0.129070 0.652765 -0.012322
v -0.000000 0.625000 -0.030000
v -0.000000 0.632322 -0.047678
v -0.000000 0.650000 -0.055000
v -0.000000 0.667678 -0.047678
v -0.000000 0.675000 -0.030000
v -0.000000 0.667678 -0.012322
v -0.000000 0.650000 -0.005000
v -0.000000 0.632322 -0.012322
v -0.131332 0.645801 -0.030000
v -0.129070 0.652765 -0.047678
v -0.123607 0.669577 -0.055000
v -0.118144 0.686390 -0.047678
v -0.115881 0.693354 -0.030000
v -0.118144 0.686390 -0.012322
v -0.123607 0.669577 -0.005000
v -0.129070 0.652765 -0.012322
v -0.249809 0.706168 -0.030000
v -0.245505 0.712091 -0.047678
v -0.235114 0.726393 -0.055000
v -0.224723 0.740695 -0.047678
v -0.220419 0.746618 -0.030000
v -0.224723 0.740695 -0.012322
v -0.235114 0.726393 -0.005000
v -0.245505 0.712091 -0.012322
v -0.343832 0.800191 -0.030000
v -0.337908 0.804495 -0.047678
v -0.323607 0.814886 -0.055000
v -0.309305 0.825276 -0.047678
v -0.303381 0.829580 -0.030000
v -0.309305 0.825276 -0.012322
v -0.323607 0.814886 -0.005000
v -0.337908 0.804495 -0.012322
v -0.404199 0.918668 -0.030000
v -0.397235 0.920930 -0.047678
v -0.380423 0.926393 -0.055000
v -0.363610 0.931856 -0.047678
v -0.356646 0.934118 -0.030000
v -0.363610 0.931856 -0.012322
v -0.380423 0.926393 -0.005000
v -0.397235 0.920930 -0.012322
vn -1.0000 -0.0000 -0.0000
vn -0.7252 -0.0000 -0.6885
vn -0.0382 -0.0000 -0.9993
vn 0.6870 -0.0000 -0.7267
vn 1.0000 -0.0000 -0.0000
vn 0.6870 -0.0000 0.7267
vn -0.0382 -0.0000 0.9993
vn -0.7252 -0.0000 0.6885
vn -0.9511 0.3090 -0.0000
vn -0.6897 0.2241 -0.6885
vn -0.0363 0.0118 -0.9993
vn 0.6533 -0.2123 -0.7267
vn 0.9511 -0.3090 -0.0000
vn 0.6533 -0.2123 0.7267
vn -0.0364 0.0118 0.9993
vn -0.6897 0.2241 0.6885
vn -0.8090 0.5878 -0.0000
vn -0.5867 0.4263 -0.6885
vn -0.0309 0.0225 -0.9993
vn 0.5558 -0.4038 -0.7267
vn 0.8090 -0.5878 -0.0000
vn 0.5558 -0.4038 0.7267
vn -0.0309 0.0225 0.9993
vn -0.5867 0.4263 0.6885
vn -0.5878 0.8090 -0.0000
vn -0.4263 0.5867 -0.6885
vn -0.0225 0.0309 -0.9993
vn 0.4038 -0.5558 -0.7267
vn 0.5878 -0.8090 -0.0000
vn 0.4038 -0.5558 0.7267
vn -0.0225 0.0309 0.9993
vn -0.4263 0.5867 0.6885
vn -0.3090 0.9511 -0.0000
vn -0.2241 0.6897 -0.6885
vn -0.0118 0.0363 -0.9993
vn 0.2123 -0.6533 -0.7267
vn 0.3090 -0.9511 -0.0000
vn 0.2123 -0.6533 0.7267
vn -0.0118 0.0363 0.9993
vn -0.2241 0.6897 0.6885
vn -0.0000 1.0000 -0.0000
vn -0.0000 0.7252 -0.6885
vn -0.0000 0.0382 -0.9993
vn -0.0000 -0.6870 -0.7267
vn -0.0000 -1.0000 -0.0000
vn -0.0000 -0.6870 0.7267
vn -0.0000 0.0382 0.9993
vn -0.0000 0.7252 0.6885
vn 0.3090 0.9511 -0.0000
vn 0.2241 0.6897 -0.6885
vn 0.0118 0.0363 -0.9993
vn -0.2123 -0.6533 -0.7267
vn -0.3090 -0.9511 -0.0000
vn -0.2123 -0.6533 0.7267
vn 0.0118 0.0364 0.9993
vn 0.2241 0.6897 0.6885
vn 0.5878 0.8090 -0.0000
vn 0.4263 0.5867 -0.6885
vn 0.0225 0.0309 -0.9993
vn -0.4038 -0.5558 -0.7267
vn -0.5878 -0.8090 -0.0000
vn -0.4038 -0.5558 0.7267
vn 0.0225 0.0309 0.9993
vn 0.4263 0.5867 0.6885
vn 0.8090 0.5878 -0.0000
vn 0.5867 0.4263 -0.6885
vn 0.0309 0.0225 -0.9993
vn -0.5558 -0.4038 -0.7267
vn -0.8090 -0.5878 -0.0000
vn -0.5558 -0.4038 0.7267
vn 0.0309 0.0225 0.9993
vn 0.5867 0.4263 0.6885
vn 0.9511 0.3090 -0.0000
vn 0.6897 0.2241 -0.6885
vn 0.0363 0.0118 -0.9993
vn -0.6533 -0.2123 -0.7267
vn -0.9511 -0.3090 -0.0000
vn -0.6533 -0.2123 0.7267
vn 0.0363 0.0118 0.9993
vn 0.6897 0.2241 0.6885
vn 0.7252 -0.0000 -0.6885
vn 0.0382 -0.0000 -0.9993
vn -0.6870 -0.0000 -0.7267
vn -0.6870 -0.0000 0.7267
vn 0.0382 -0.0000 0.9993
vn 0.7252 -0.0000 0.6885
vn 0.6897 -0.2241 -0.6885
vn 0.0364 -0.0118 -0.9993
vn -0.6533 0.2123 -0.7267
vn -0.6533 0.2123 0.7267
vn 0.0364 -0.0118 0.9993
vn 0.6897 -0.2241 0.6885
vn 0.5867 -0.4263 -0.6885
vn 0.0309 -0.0225 -0.9993
vn -0.5558 0.4038 -0.7267
vn -0.5558 0.4038 0.7267
vn 0.0309 -0.0225 0.9993
vn 0.5867 -0.4263 0.6885
vn 0.4263 -0.5867 -0.6885
vn 0.0225 -0.0309 -0.9993
vn -0.4038 0.5558 -0.7267
vn -0.4038 0.5558 0.7267
vn 0.0225 -0.0309 0.9993
vn 0.4263 -0.5867 0.6885
vn 0.2241 -0.6897 -0.6885
vn 0.0118 -0.0363 -0.9993
vn -0.2123 0.6533 -0.7267
vn -0.2123 0.6533 0.7267
vn 0.0118 -0.0363 0.9993
vn 0.2241 -0.6897 0.6885
vn -0.0000 -0.7252 -0.6885
vn -0.0000 -0.0382 -0.9993
vn -0.0000 0.6870 -0.7267
vn -0.0000 0.6870 0.7267
vn -0.0000 -0.0382 0.9993
vn -0.0000 -0.7252 0.6885
vn -0.2241 -0.6897 -0.6885
vn -0.0118 -0.0363 -0.9993
vn 0.2123 0.6533 -0.7267
vn 0.2123 0.6533 0.7267
vn -0.0118 -0.0363 0.9993
vn -0.2241 -0.6897 0.6885
vn -0.4263 -0.5867 -0.6885
vn -0.0225 -0.0309 -0.9993
vn 0.4038 0.5558 -0.7267
vn 0.4038 0.5558 0.7267
vn -0.0225 -0.0309 0.9993
vn -0.4263 -0.5867 0.6885
vn -0.5867 -0.4263 -0.6885
vn -0.0309 -0.0225 -0.9993
vn 0.5558 0.4038 -0.7267
vn 0.5558 0.4038 0.7267
vn -0.0309 -0.0225 0.9993
vn -0.5867 -0.4263 0.6885
vn -0.6897 -0.2241 -0.6885
vn -0.0363 -0.0118 -0.9993
vn 0.6533 0.2123 -0.7267
vn 0.6533 0.2123 0.7267
vn -0.0364 -0.0118 0.9993
vn -0.6897 -0.2241 0.6885
s 1
g race_checkpoint_ring_inner_M_magenta
usemtl M_magenta
f 301/318/255 302/320/256 454/296/389
f 301/318/255 454/296/389 453/293/331
f 302/320/256 303/321/257 455/298/390
f 302/320/256 455/298/390 454/296/389
f 303/321/257 304/322/258 456/300/391
f 303/321/257 456/300/391 455/298/390
f 305/314/259 306/315/260 458/287/392
f 305/314/259 458/287/392 457/285/327
f 306/315/260 307/316/261 459/289/393
f 306/315/260 314/341/268 315/342/269
f 306/315/260 315/342/269 307/316/261
f 306/315/260 459/289/393 458/287/392
f 307/316/261 308/317/262 460/291/394
f 307/316/261 460/291/394 459/289/393
f 308/317/262 301/318/255 453/293/331
f 308/317/262 309/344/263 301/318/255
f 308/317/262 316/343/270 309/344/263
f 308/317/262 453/293/331 460/291/394
f 309/344/263 302/320/256 301/318/255
f 309/344/263 310/346/264 302/320/256
f 310/346/264 303/321/257 302/320/256
f 310/346/264 311/347/265 303/321/257
f 311/347/265 304/322/258 303/321/257
f 311/347/265 312/348/266 304/322/258
f 312/348/266 305/324/259 304/322/258
f 312/348/266 313/350/267 305/324/259
f 313/340/267 306/315/260 305/314/259
f 313/340/267 314/341/268 306/315/260
f 315/342/269 308/317/262 307/316/261
f 315/342/269 316/343/270 308/317/262
f 317/396/271 310/346/264 309/344/263
f 317/396/271 318/398/272 310/346/264
f 318/398/272 311/347/265 310/346/264
f 318/398/272 319/399/273 311/347/265
f 318/398/272 326/426/280 327/427/281
f 318/398/272 327/427/281 319/399/273
f 319/399/273 312/348/266 311/347/265
f 319/399/273 320/400/274 312/348/266
f 320/400/274 313/350/267 312/348/266
f 320/400/274 321/402/275 313/350/267
f 320/400/274 328/428/282 329/430/283
f 320/400/274 329/430/283 321/402/275
f 321/392/275 314/341/268 313/340/267
f 321/392/275 322/393/276 314/341/268
f 322/393/276 315/342/269 314/341/268
f 322/393/276 323/394/277 315/342/269
f 323/394/277 316/343/270 315/342/269
f 323/394/277 324/395/278 316/343/270
f 324/395/278 309/344/263 316/343/270
f 324/395/278 317/396/271 309/344/263
f 325/424/279 318/398/272 317/396/271
f 325/424/279 326/426/280 318/398/272
f 327/427/281 320/400/274 319/399/273
f 327/427/281 328/428/282 320/400/274
f 328/428/282 336/454/290 337/457/291
f 328/428/282 337/457/291 329/430/283
f 329/420/283 322/393/276 321/392/275
f 329/420/283 330/421/284 322/393/276
f 330/421/284 323/394/277 322/393/276
f 330/421/284 331/422/285 323/394/277
f 330/421/284 338/438/292 339/440/293
f 330/421/284 339/440/293 331/422/285
f 331/422/285 324/395/278 323/394/277
f 331/422/285 332/423/286 324/395/278
f 332/423/286 317/396/271 324/395/278
f 332/423/286 325/424/279 317/396/271
f 333/447/287 326/426/280 325/424/279
f 333/447/287 334/450/288 326/426/280
f 334/450/288 327/427/281 326/426/280
f 334/450/288 335/452/289 327/427/281
f 335/452/289 328/428/282 327/427/281
f 335/452/289 336/454/290 328/428/282
f 337/433/291 330/421/284 329/420/283
f 337/433/291 338/438/292 330/421/284
f 338/438/292 346/461/300 347/462/301
f 338/438/292 347/462/301 339/440/293
f 339/440/293 332/423/286 331/422/285
f 339/440/293 340/442/294 332/423/286
f 340/442/294 325/424/279 332/423/286
f 340/442/294 333/447/287 325/424/279
f 340/442/294 341/464/295 333/447/287
f 340/442/294 348/463/302 341/464/295
f 341/464/295 334/450/288 333/447/287
f 341/464/295 342/466/296 334/450/288
f 341/464/295 349/494/303 350/496/304
f 341/464/295 350/496/304 342/466/296
f 342/466/296 335/452/289 334/450/288
f 342/466/296 343/467/297 335/452/289
f 342/466/296 350/496/304 351/497/305
f 342/466/296 351/497/305 343/467/297
f 343/467/297 336/454/290 335/452/289
f 343/467/297 344/468/298 336/454/290
f 344/468/298 337/457/291 336/454/290
f 344/468/298 345/470/299 337/457/291
f 345/460/299 338/438/292 337/433/291
f 345/460/299 346/461/300 338/438/292
f 346/461/300 354/491/308 355/492/309
f 346/461/300 355/492/309 347/462/301
f 347/462/301 340/442/294 339/440/293
f 347/462/301 348/463/302 340/442/294
f 351/497/305 344/468/298 343/467/297
f 351/497/305 352/498/306 344/468/298
f 352/498/306 345/470/299 344/468/298
f 352/498/306 353/500/307 345/470/299
f 352/498/306 360/528/314 361/530/315
f 352/498/306 361/530/315 353/500/307
f 353/490/307 346/461/300 345/460/299
f 353/490/307 354/491/308 346/461/300
f 355/492/309 348/463/302 347/462/301
f 355/492/309 356/493/310 348/463/302
f 355/492/309 363/522/317 364/523/318
f 355/492/309 364/523/318 356/493/310
f 356/493/310 341/464/295 348/463/302
f 356/493/310 349/494/303 341/464/295
f 357/524/311 350/496/304 349/494/303
f 357/524/311 358/526/312 350/496/304
f 358/526/312 351/497/305 350/496/304
f 358/526/312 359/527/313 351/497/305
f 359/527/313 352/498/306 351/497/305
f 359/527/313 360/528/314 352/498/306
f 361/520/315 354/491/308 353/490/307
f 361/520/315 362/521/316 354/491/308
f 362/521/316 355/492/309 354/491/308
f 362/521/316 363/522/317 355/492/309
f 364/523/318 349/494/303 356/493/310
f 364/523/318 357/524/311 349/494/303
f 365/550/319 358/526/312 357/524/311
f 365/550/319 366/552/320 358/526/312
f 365/550/319 373/577/327 374/580/328
f 365/550/319 374/580/328 366/552/320
f 366/552/320 359/527/313 358/526/312
f 366/552/320 367/553/321 359/527/313
f 367/553/321 360/528/314 359/527/313
f 367/553/321 368/554/322 360/528/314
f 368/554/322 361/530/315 360/528/314
f 368/554/322 369/556/323 361/530/315
f 368/554/322 376/584/330 377/587/331
f 368/554/322 377/587/331 369/556/323
f 369/546/323 362/521/316 361/520/315
f 369/546/323 370/547/324 362/521/316
f 369/546/323 377/569/331 378/571/332
f 369/546/323 378/571/332 370/547/324
f 370/547/324 363/522/317 362/521/316
f 370/547/324 371/548/325 363/522/317
f 371/548/325 364/523/318 363/522/317
f 371/548/325 372/549/326 364/523/318
f 372/549/326 357/524/311 364/523/318
f 372/549/326 365/550/319 357/524/311
f 374/580/328 367/553/321 366/552/320
f 374/580/328 375/582/329 367/553/321
f 375/582/329 368/554/322 367/553/321
f 375/582/329 376/584/330 368/554/322
f 378/571/332 371/548/325 370/547/324
f 378/571/332 379/573/333 371/548/325
f 379/573/333 372/549/326 371/548/325
f 379/573/333 380/575/334 372/549/326
f 380/575/334 365/550/319 372/549/326
f 380/575/334 373/577/327 365/550/319
f 381/36/259 374/12/328 373/9/327
f 381/36/259 382/38/335 374/12/328
f 382/38/335 375/14/329 374/12/328
f 382/38/335 383/39/336 375/14/329
f 383/39/336 376/16/330 375/14/329
f 383/39/336 384/40/337 376/16/330
f 384/40/337 377/19/331 376/16/330
f 384/40/337 385/42/255 377/19/331
f 385/32/255 378/3/332 377/1/331
f 385/32/255 386/33/338 378/3/332
f 386/33/338 379/5/333 378/3/332
f 386/33/338 387/34/339 379/5/333
f 386/33/338 394/59/344 395/60/345
f 386/33/338 395/60/345 387/34/339
f 387/34/339 380/7/334 379/5/333
f 387/34/339 388/35/340 380/7/334
f 388/35/340 373/9/327 380/7/334
f 388/35/340 381/36/259 373/9/327
f 389/62/267 382/38/335 381/36/259
f 389/62/267 390/64/341 382/38/335
f 390/64/341 383/39/336 382/38/335
f 390/64/341 391/65/342 383/39/336
f 391/65/342 384/40/337 383/39/336
f 391/65/342 392/66/343 384/40/337
f 391/65/342 399/95/348 400/96/349
f 391/65/342 400/96/349 392/66/343
f 392/66/343 385/42/255 384/40/337
f 392/66/343 393/68/263 385/42/255
f 393/58/263 386/33/338 385/32/255
f 393/58/263 394/59/344 386/33/338
f 395/60/345 388/35/340 387/34/339
f 395/60/345 396/61/346 388/35/340
f 396/61/346 381/36/259 388/35/340
f 396/61/346 389/62/267 381/36/259
f 397/92/275 390/64/341 389/62/267
f 397/92/275 398/94/347 390/64/341
f 398/94/347 391/65/342 390/64/341
f 398/94/347 399/95/348 391/65/342
f 400/96/349 393/68/263 392/66/343
f 400/96/349 401/98/271 393/68/263
f 401/88/271 394/59/344 393/58/263
f 401/88/271 402/89/350 394/59/344
f 402/89/350 395/60/345 394/59/344
f 402/89/350 403/90/351 395/60/345
f 403/90/351 396/61/346 395/60/345
f 403/90/351 404/91/352 396/61/346
f 404/91/352 389/62/267 396/61/346
f 404/91/352 397/92/275 389/62/267
f 405/122/283 398/94/347 397/92/275
f 405/122/283 406/124/353 398/94/347
f 406/124/353 399/95/348 398/94/347
f 406/124/353 407/125/354 399/95/348
f 407/125/354 400/96/349 399/95/348
f 407/125/354 408/126/355 400/96/349
f 408/126/355 401/98/271 400/96/349
f 408/126/355 409/128/279 401/98/271
f 409/118/279 402/89/350 401/88/271
f 409/118/279 410/119/356 402/89/350
f 409/118/279 417/131/287 418/136/362
f 409/118/279 418/136/362 410/119/356
f 410/119/356 403/90/351 402/89/350
f 410/119/356 411/120/357 403/90/351
f 411/120/357 404/91/352 403/90/351
f 411/120/357 412/121/358 404/91/352
f 412/121/358 397/92/275 404/91/352
f 412/121/358 405/122/283 397/92/275
f 413/145/291 406/124/353 405/122/283
f 413/145/291 414/148/359 406/124/353
f 414/148/359 407/125/354 406/124/353
f 414/148/359 415/150/360 407/125/354
f 415/150/360 408/126/355 407/125/354
f 415/150/360 416/152/361 408/126/355
f 416/152/361 409/128/279 408/126/355
f 416/152/361 417/155/287 409/128/279
f 418/136/362 411/120/357 410/119/356
f 418/136/362 419/138/363 411/120/357
f 419/138/363 412/121/358 411/120/357
f 419/138/363 420/140/364 412/121/358
f 420/140/364 405/122/283 412/121/358
f 420/140/364 413/145/291 405/122/283
f 420/140/364 421/162/299 413/145/291
f 420/140/364 428/161/370 421/162/299
f 421/162/299 414/148/359 413/145/291
f 421/162/299 422/164/365 414/148/359
f 421/162/299 429/190/307 430/192/371
f 421/162/299 430/192/371 422/164/365
f 422/164/365 415/150/360 414/148/359
f 422/164/365 423/165/366 415/150/360
f 423/165/366 416/152/361 415/150/360
f 423/165/366 424/166/367 416/152/361
f 424/166/367 417/155/287 416/152/361
f 424/166/367 425/168/295 417/155/287
f 425/158/295 418/136/362 417/131/287
f 425/158/295 426/159/368 418/136/362
f 426/159/368 419/138/363 418/136/362
f 426/159/368 427/160/369 419/138/363
f 427/160/369 420/140/364 419/138/363
f 427/160/369 428/161/370 420/140/364
f 430/192/371 423/165/366 422/164/365
f 430/192/371 431/193/372 423/165/366
f 430/192/371 438/244/377 439/245/378
f 430/192/371 439/245/378 431/193/372
f 431/193/372 424/166/367 423/165/366
f 431/193/372 432/194/373 424/166/367
f 432/194/373 425/168/295 424/166/367
f 432/194/373 433/196/303 425/168/295
f 433/186/303 426/159/368 425/158/295
f 433/186/303 434/187/374 426/159/368
f 434/187/374 427/160/369 426/159/368
f 434/187/374 435/188/375 427/160/369
f 434/187/374 442/239/380 443/240/381
f 434/187/374 443/240/381 435/188/375
f 435/188/375 428/161/370 427/160/369
f 435/188/375 436/189/376 428/161/370
f 436/189/376 421/162/299 428/161/370
f 436/189/376 429/190/307 421/162/299
f 437/242/315 430/192/371 429/190/307
f 437/242/315 438/244/377 430/192/371
f 439/245/378 432/194/373 431/193/372
f 439/245/378 440/246/379 432/194/373
f 440/246/379 433/196/303 432/194/373
f 440/246/379 441/248/311 433/196/303
f 441/238/311 434/187/374 433/186/303
f 441/238/311 442/239/380 434/187/374
f 443/240/381 436/189/376 435/188/375
f 443/240/381 444/241/382 436/189/376
f 444/241/382 429/190/307 436/189/376
f 444/241/382 437/242/315 429/190/307
f 445/268/323 438/244/377 437/242/315
f 445/268/323 446/270/383 438/244/377
f 445/268/323 453/293/331 454/296/389
f 445/268/323 454/296/389 446/270/383
f 446/270/383 439/245/378 438/244/377
f 446/270/383 447/271/384 439/245/378
f 447/271/384 440/246/379 439/245/378
f 447/271/384 448/272/385 440/246/379
f 448/272/385 441/248/311 440/246/379
f 448/272/385 449/274/319 441/248/311
f 449/264/319 442/239/380 441/238/311
f 449/264/319 450/265/386 442/239/380
f 450/265/386 443/240/381 442/239/380
f 450/265/386 451/266/387 443/240/381
f 450/265/386 458/287/392 459/289/393
f 450/265/386 459/289/393 451/266/387
f 451/266/387 444/241/382 443/240/381
f 451/266/387 452/267/388 444/241/382
f 452/267/388 437/242/315 444/241/382
f 452/267/388 445/268/323 437/242/315
f 454/296/389 447/271/384 446/270/383
f 454/296/389 455/298/390 447/271/384
f 455/298/390 448/272/385 447/271/384
f 455/298/390 456/300/391 448/272/385
f 456/300/391 304/322/258 305/324/259
f 456/300/391 305/324/259 457/303/327
f 456/300/391 449/274/319 448/272/385
f 456/300/391 457/303/327 449/274/319
f 457/285/327 450/265/386 449/264/319
f 457/285/327 458/287/392 450/265/386
f 459/289/393 452/267/388 451/266/387
f 459/289/393 460/291/394 452/267/388
f 460/291/394 445/268/323 452/267/388
f 460/291/394 453/293/331 445/268/323
g race_checkpoint_core_Sphere.020
v 0.000000 1.190000 0.000000
v 0.000000 1.163262 0.082290
v 0.000000 1.132290 0.113262
v 0.000000 1.050000 0.140000
v 0.000000 1.006738 0.133148
v 0.000000 0.967710 0.113262
v 0.000000 0.936738 0.082290
v 0.000000 0.916852 0.043262
v 0.000000 0.910000 0.000000
v -0.016556 1.183148 0.039969
v -0.031491 1.163262 0.076026
v -0.043344 1.132290 0.104641
v -0.050954 1.093262 0.123013
v -0.053576 1.050000 0.129343
v -0.050954 1.006738 0.123013
v -0.043344 0.967710 0.104641
v -0.031491 0.936738 0.076026
v -0.016556 0.916852 0.039969
v -0.030591 1.183148 0.030591
v -0.058188 1.163262 0.058188
v -0.080089 1.132290 0.080089
v -0.094150 1.093262 0.094150
v -0.098995 1.050000 0.098995
v -0.094150 1.006738 0.094150
v -0.080089 0.967710 0.080089
v -0.058188 0.936738 0.058188
v -0.030591 0.916852 0.030591
v -0.039969 1.183148 0.016556
v -0.076026 1.163262 0.031491
v -0.104641 1.132290 0.043344
v -0.123013 1.093262 0.050953
v -0.129343 1.050000 0.053576
v -0.123013 1.006738 0.050953
v -0.104641 0.967710 0.043344
v -0.076026 0.936738 0.031491
v -0.039969 0.916852 0.016556
v -0.043262 1.183148 -0.000000
v -0.082290 1.163262 -0.000000
v -0.113262 1.132290 -0.000000
v -0.133148 1.093262 -0.000000
v -0.140000 1.050000 -0.000000
v -0.133148 1.006738 -0.000000
v -0.113262 0.967710 -0.000000
v -0.082290 0.936738 -0.000000
v -0.043262 0.916852 -0.000000
v -0.039969 1.183148 -0.016556
v -0.076026 1.163262 -0.031491
v -0.104641 1.132290 -0.043344
v -0.123013 1.093262 -0.050954
v -0.129343 1.050000 -0.053576
v -0.123013 1.006738 -0.050954
v -0.104641 0.967710 -0.043344
v -0.076026 0.936738 -0.031491
v -0.039969 0.916852 -0.016556
v -0.030591 1.183148 -0.030591
v -0.058188 1.163262 -0.058188
v -0.080089 1.132290 -0.080089
v -0.094150 1.093262 -0.094150
v -0.098995 1.050000 -0.098995
v -0.094150 1.006738 -0.094150
v -0.080089 0.967710 -0.080089
v -0.058188 0.936738 -0.058188
v -0.030591 0.916852 -0.030591
v -0.016556 1.183148 -0.039969
v -0.031491 1.163262 -0.076026
v -0.043344 1.132290 -0.104641
v -0.050953 1.093262 -0.123013
v -0.053576 1.050000 -0.129343
v -0.050953 1.006738 -0.123013
v -0.043344 0.967710 -0.104641
v -0.031491 0.936738 -0.076026
v -0.016556 0.916852 -0.039969
v 0.000000 1.183148 -0.043262
v 0.000000 1.163262 -0.082290
v 0.000000 1.132290 -0.113262
v 0.000000 1.093262 -0.133148
v 0.000000 1.050000 -0.140000
v 0.000000 1.006738 -0.133148
v 0.000000 0.967710 -0.113262
v 0.000000 0.936738 -0.082290
v 0.000000 0.916852 -0.043262
v 0.016556 1.183148 -0.039969
v 0.031491 1.163262 -0.076026
v 0.043344 1.132290 -0.104641
v 0.050954 1.093262 -0.123013
v 0.053576 1.050000 -0.129343
v 0.050954 1.006738 -0.123013
v 0.043344 0.967710 -0.104641
v 0.031491 0.936738 -0.076026
v 0.016556 0.916852 -0.039969
v 0.030591 1.183148 -0.030591
v 0.058188 1.163262 -0.058188
v 0.080089 1.132290 -0.080089
v 0.094150 1.093262 -0.094150
v 0.098995 1.050000 -0.098995
v 0.094150 1.006738 -0.094150
v 0.080089 0.967710 -0.080089
v 0.058188 0.936738 -0.058188
v 0.030591 0.916852 -0.030591
v 0.039969 1.183148 -0.016556
v 0.076026 1.163262 -0.031491
v 0.104641 1.132290 -0.043344
v 0.123013 1.093262 -0.050953
v 0.129343 1.050000 -0.053576
v 0.123013 1.006738 -0.050953
v 0.104641 0.967710 -0.043344
v 0.076026 0.936738 -0.031491
v 0.039969 0.916852 -0.016556
v 0.043262 1.183148 0.000000
v 0.082290 1.163262 0.000000
v 0.113262 1.132290 0.000000
v 0.133148 1.093262 0.000000
v 0.140000 1.050000 0.000000
v 0.133148 1.006738 0.000000
v 0.113262 0.967710 0.000000
v 0.082290 0.936738 0.000000
v 0.043262 0.916852 0.000000
v 0.039969 1.183148 0.016556
v 0.076026 1.163262 0.031491
v 0.104641 1.132290 0.043344
v 0.123013 1.093262 0.050954
v 0.129343 1.050000 0.053576
v 0.123013 1.006738 0.050954
v 0.104641 0.967710 0.043344
v 0.076026 0.936738 0.031491
v 0.039969 0.916852 0.016556
v 0.030591 1.183148 0.030591
v 0.058188 1.163262 0.058188
v 0.080089 1.132290 0.080089
v 0.094150 1.093262 0.094150
v 0.098995 1.050000 0.098995
v 0.094150 1.006738 0.094150
v 0.080089 0.967710 0.080089
v 0.058188 0.936738 0.058188
v 0.030591 0.916852 0.030591
v 0.016556 1.183148 0.039969
v 0.031491 1.163262 0.076026
v 0.043344 1.132290 0.104641
v 0.050953 1.093262 0.123013
v 0.053576 1.050000 0.129343
v 0.050953 1.006738 0.123013
v 0.043344 0.967710 0.104641
v 0.031491 0.936738 0.076026
v 0.016556 0.916852 0.039969
v -0.000000 1.183148 0.043262
v -0.000000 1.093262 0.133148
vn -0.0000 1.0000 -0.0000
vn -0.0000 0.7998 0.6003
vn -0.0000 0.5787 0.8155
vn -0.0000 -0.0000 1.0000
vn -0.0000 -0.3035 0.9528
vn -0.0000 -0.5787 0.8155
vn -0.0000 -0.7998 0.6003
vn -0.0000 -0.9452 0.3265
vn -0.0000 -1.0000 -0.0000
vn -0.1249 0.9452 0.3016
vn -0.2297 0.7998 0.5546
vn -0.3121 0.5787 0.7535
vn -0.3646 0.3035 0.8803
vn -0.3827 -0.0000 0.9239
vn -0.3646 -0.3035 0.8803
vn -0.3121 -0.5787 0.7535
vn -0.2297 -0.7998 0.5546
vn -0.1249 -0.9452 0.3016
vn -0.2309 0.9452 0.2309
vn -0.4245 0.7998 0.4245
vn -0.5767 0.5787 0.5767
vn -0.6738 0.3035 0.6738
vn -0.7071 -0.0000 0.7071
vn -0.6738 -0.3035 0.6738
vn -0.5767 -0.5787 0.5767
vn -0.4245 -0.7998 0.4245
vn -0.2309 -0.9452 0.2309
vn -0.3016 0.9452 0.1249
vn -0.5546 0.7998 0.2297
vn -0.7535 0.5787 0.3121
vn -0.8803 0.3035 0.3646
vn -0.9239 -0.0000 0.3827
vn -0.8803 -0.3035 0.3646
vn -0.7535 -0.5787 0.3121
vn -0.5546 -0.7998 0.2297
vn -0.3016 -0.9452 0.1249
vn -0.3265 0.9452 -0.0000
vn -0.6003 0.7998 -0.0000
vn -0.8155 0.5787 -0.0000
vn -0.9528 0.3035 -0.0000
vn -1.0000 -0.0000 -0.0000
vn -0.9528 -0.3035 -0.0000
vn -0.8155 -0.5787 -0.0000
vn -0.6003 -0.7998 -0.0000
vn -0.3265 -0.9452 -0.0000
vn -0.3016 0.9452 -0.1249
vn -0.5546 0.7998 -0.2297
vn -0.7535 0.5787 -0.3121
vn -0.8803 0.3035 -0.3646
vn -0.9239 -0.0000 -0.3827
vn -0.8803 -0.3035 -0.3646
vn -0.7535 -0.5787 -0.3121
vn -0.5546 -0.7998 -0.2297
vn -0.3016 -0.9452 -0.1249
vn -0.2309 0.9452 -0.2309
vn -0.4245 0.7998 -0.4245
vn -0.5767 0.5787 -0.5767
vn -0.6738 0.3035 -0.6738
vn -0.7071 -0.0000 -0.7071
vn -0.6738 -0.3035 -0.6738
vn -0.5767 -0.5787 -0.5767
vn -0.4245 -0.7998 -0.4245
vn -0.2309 -0.9452 -0.2309
vn -0.1249 0.9452 -0.3016
vn -0.2297 0.7998 -0.5546
vn -0.3121 0.5787 -0.7535
vn -0.3646 0.3035 -0.8803
vn -0.3827 -0.0000 -0.9239
vn -0.3646 -0.3035 -0.8803
vn -0.3121 -0.5787 -0.7535
vn -0.2297 -0.7998 -0.5546
vn -0.1249 -0.9452 -0.3016
vn -0.0000 0.9452 -0.3265
vn -0.0000 0.7998 -0.6003
vn -0.0000 0.5787 -0.8155
vn -0.0000 0.3034 -0.9528
vn -0.0000 -0.0000 -1.0000
vn -0.0000 -0.3035 -0.9528
vn -0.0000 -0.5787 -0.8155
vn -0.0000 -0.7998 -0.6003
vn -0.0000 -0.9452 -0.3265
vn 0.1249 0.9452 -0.3016
vn 0.2297 0.7998 -0.5546
vn 0.3121 0.5787 -0.7535
vn 0.3646 0.3035 -0.8803
vn 0.3827 -0.0000 -0.9239
vn 0.3646 -0.3034 -0.8803
vn 0.3121 -0.5787 -0.7535
vn 0.2297 -0.7998 -0.5546
vn 0.1249 -0.9452 -0.3016
vn 0.2309 0.9452 -0.2309
vn 0.4245 0.7998 -0.4245
vn 0.5767 0.5787 -0.5767
vn 0.6738 0.3035 -0.6738
vn 0.7071 -0.0000 -0.7071
vn 0.6738 -0.3035 -0.6738
vn 0.5767 -0.5787 -0.5767
vn 0.4245 -0.7998 -0.4245
vn 0.2309 -0.9452 -0.2309
vn 0.3016 0.9452 -0.1249
vn 0.5546 0.7998 -0.2297
vn 0.7535 0.5787 -0.3121
vn 0.8803 0.3035 -0.3646
vn 0.9239 -0.0000 -0.3827
vn 0.8803 -0.3035 -0.3646
vn 0.7535 -0.5787 -0.3121
vn 0.5546 -0.7998 -0.2297
vn 0.3016 -0.9452 -0.1249
vn 0.3265 0.9452 -0.0000
vn 0.6003 0.7998 -0.0000
vn 0.8155 0.5787 -0.0000
vn 0.9528 0.3035 -0.0000
vn 1.0000 -0.0000 -0.0000
vn 0.9528 -0.3035 -0.0000
vn 0.8155 -0.5787 -0.0000
vn 0.6003 -0.7998 -0.0000
vn 0.3265 -0.9452 -0.0000
vn 0.3016 0.9452 0.1249
vn 0.5546 0.7998 0.2297
vn 0.7535 0.5787 0.3121
vn 0.8803 0.3035 0.3646
vn 0.9239 -0.0000 0.3827
vn 0.8803 -0.3034 0.3646
vn 0.7535 -0.5787 0.3121
vn 0.5546 -0.7998 0.2297
vn 0.3016 -0.9452 0.1249
vn 0.2309 0.9452 0.2309
vn 0.4245 0.7998 0.4245
vn 0.5767 0.5787 0.5767
vn 0.6738 0.3035 0.6738
vn 0.7071 -0.0000 0.7071
vn 0.6738 -0.3035 0.6738
vn 0.5767 -0.5787 0.5767
vn 0.4245 -0.7998 0.4245
vn 0.2309 -0.9452 0.2309
vn 0.1249 0.9452 0.3016
vn 0.2297 0.7998 0.5546
vn 0.3121 0.5787 0.7535
vn 0.3646 0.3035 0.8803
vn 0.3827 -0.0000 0.9239
vn 0.3646 -0.3035 0.8803
vn 0.3121 -0.5787 0.7535
vn 0.2297 -0.7998 0.5546
vn 0.1249 -0.9452 0.3016
vn -0.0000 0.9452 0.3265
vn -0.0000 0.3035 0.9528
s 1
g race_checkpoint_core_M_gold
usemtl M_gold
f 462/453/396 471/418/405 472/417/406
f 462/453/396 472/417/406 463/451/397
f 464/447/398 474/415/408 475/414/409
f 464/447/398 475/414/409 465/443/399
f 465/443/399 475/414/409 476/413/410
f 465/443/399 476/413/410 466/441/400
f 466/441/400 476/413/410 477/412/411
f 466/441/400 477/412/411 467/439/401
f 467/439/401 477/412/411 478/411/412
f 467/439/401 478/411/412 468/437/402
f 469/129/403 541/135/475 550/109/484
f 469/156/403 532/169/466 541/135/475
f 469/184/403 523/202/457 532/169/466
f 469/249/403 514/251/448 523/202/457
f 469/275/403 505/286/439 514/251/448
f 469/30/403 568/47/502 577/2/511
f 469/312/403 496/329/430 505/286/439
f 469/338/403 487/374/421 496/329/430
f 469/403/403 478/411/412 487/374/421
f 469/431/403 468/437/402 478/411/412
f 469/458/403 604/471/538 468/437/402
f 469/488/403 595/502/529 604/471/538
f 469/531/403 586/533/520 595/502/529
f 469/557/403 577/570/511 586/533/520
f 469/56/403 559/75/493 568/47/502
f 469/99/403 550/109/484 559/75/493
f 470/419/404 461/404/395 479/386/413
f 470/419/404 479/386/413 480/385/414
f 470/419/404 480/385/414 471/418/405
f 471/418/405 480/385/414 481/383/415
f 471/418/405 481/383/415 472/417/406
f 472/417/406 481/383/415 482/382/416
f 472/417/406 482/382/416 473/416/407
f 473/416/407 482/382/416 483/380/417
f 473/416/407 483/380/417 474/415/408
f 474/415/408 483/380/417 484/379/418
f 474/415/408 484/379/418 475/414/409
f 476/413/410 475/414/409 484/379/418
f 476/413/410 484/379/418 485/378/419
f 476/413/410 485/378/419 486/375/420
f 476/413/410 486/375/420 477/412/411
f 477/412/411 486/375/420 487/374/421
f 477/412/411 487/374/421 478/411/412
f 479/386/413 461/339/395 488/337/422
f 479/386/413 488/337/422 489/336/423
f 479/386/413 489/336/423 480/385/414
f 480/385/414 489/336/423 490/335/424
f 480/385/414 490/335/424 481/383/415
f 482/382/416 481/383/415 490/335/424
f 482/382/416 490/335/424 491/334/425
f 482/382/416 491/334/425 492/333/426
f 482/382/416 492/333/426 483/380/417
f 484/379/418 483/380/417 492/333/426
f 484/379/418 492/333/426 493/332/427
f 484/379/418 493/332/427 494/331/428
f 484/379/418 494/331/428 485/378/419
f 485/378/419 494/331/428 495/330/429
f 485/378/419 495/330/429 486/375/420
f 486/375/420 495/330/429 496/329/430
f 486/375/420 496/329/430 487/374/421
f 488/337/422 461/313/395 497/301/431
f 489/336/423 488/337/422 497/301/431
f 489/336/423 497/301/431 498/299/432
f 490/335/424 489/336/423 498/299/432
f 490/335/424 498/299/432 499/297/433
f 490/335/424 499/297/433 500/295/434
f 490/335/424 500/295/434 491/334/425
f 491/334/425 500/295/434 501/293/435
f 491/334/425 501/293/435 492/333/426
f 492/333/426 501/293/435 502/292/436
f 492/333/426 502/292/436 493/332/427
f 493/332/427 502/292/436 503/290/437
f 493/332/427 503/290/437 494/331/428
f 494/331/428 503/290/437 504/288/438
f 494/331/428 504/288/438 495/330/429
f 495/330/429 504/288/438 505/286/439
f 495/330/429 505/286/439 496/329/430
f 497/301/431 461/276/395 506/259/440
f 498/299/432 497/301/431 506/259/440
f 498/299/432 506/259/440 507/258/441
f 498/299/432 507/258/441 508/257/442
f 498/299/432 508/257/442 499/297/433
f 500/295/434 499/297/433 508/257/442
f 500/295/434 508/257/442 509/256/443
f 500/295/434 509/256/443 510/255/444
f 500/295/434 510/255/444 501/293/435
f 501/293/435 510/255/444 511/254/445
f 501/293/435 511/254/445 502/292/436
f 503/290/437 502/292/436 511/254/445
f 503/290/437 511/254/445 512/253/446
f 503/290/437 512/253/446 513/252/447
f 503/290/437 513/252/447 504/288/438
f 504/288/438 513/252/447 514/251/448
f 504/288/438 514/251/448 505/286/439
f 506/259/440 461/250/395 515/214/449
f 507/258/441 506/259/440 515/214/449
f 507/258/441 515/214/449 516/213/450
f 508/257/442 507/258/441 516/213/450
f 508/257/442 516/213/450 517/211/451
f 508/257/442 517/211/451 518/210/452
f 508/257/442 518/210/452 509/256/443
f 509/256/443 518/210/452 519/208/453
f 509/256/443 519/208/453 510/255/444
f 510/255/444 519/208/453 520/207/454
f 510/255/444 520/207/454 511/254/445
f 511/254/445 520/207/454 521/206/455
f 511/254/445 521/206/455 512/253/446
f 512/253/446 521/206/455 522/203/456
f 512/253/446 522/203/456 513/252/447
f 513/252/447 522/203/456 523/202/457
f 513/252/447 523/202/457 514/251/448
f 515/214/449 461/185/395 524/177/458
f 515/214/449 524/177/458 525/176/459
f 515/214/449 525/176/459 516/213/450
f 517/211/451 516/213/450 525/176/459
f 517/211/451 525/176/459 526/175/460
f 517/211/451 526/175/460 527/174/461
f 517/211/451 527/174/461 518/210/452
f 518/210/452 527/174/461 528/173/462
f 518/210/452 528/173/462 519/208/453
f 519/208/453 528/173/462 529/172/463
f 519/208/453 529/172/463 520/207/454
f 521/206/455 520/207/454 529/172/463
f 521/206/455 529/172/463 530/171/464
f 521/206/455 530/171/464 531/170/465
f 521/206/455 531/170/465 522/203/456
f 523/202/457 522/203/456 531/170/465
f 523/202/457 531/170/465 532/169/466
f 524/177/458 461/157/395 533/153/467
f 524/177/458 533/153/467 534/151/468
f 524/177/458 534/151/468 525/176/459
f 526/175/460 525/176/459 534/151/468
f 526/175/460 534/151/468 535/149/469
f 527/174/461 526/175/460 535/149/469
f 527/174/461 535/149/469 536/147/470
f 528/173/462 527/174/461 536/147/470
f 528/173/462 536/147/470 537/145/471
f 528/173/462 537/145/471 538/141/472
f 528/173/462 538/141/472 529/172/463
f 530/171/464 529/172/463 538/141/472
f 530/171/464 538/141/472 539/139/473
f 530/171/464 539/139/473 540/137/474
f 530/171/464 540/137/474 531/170/465
f 531/170/465 540/137/474 541/135/475
f 531/170/465 541/135/475 532/169/466
f 533/153/467 461/130/395 542/117/476
f 534/151/468 533/153/467 542/117/476
f 534/151/468 542/117/476 543/116/477
f 534/151/468 543/116/477 544/115/478
f 534/151/468 544/115/478 535/149/469
f 535/149/469 544/115/478 545/114/479
f 535/149/469 545/114/479 536/147/470
f 536/147/470 545/114/479 546/113/480
f 536/147/470 546/113/480 537/145/471
f 537/145/471 546/113/480 547/112/481
f 537/145/471 547/112/481 538/141/472
f 538/141/472 547/112/481 548/111/482
f 538/141/472 548/111/482 539/139/473
f 539/139/473 548/111/482 549/110/483
f 539/139/473 549/110/483 540/137/474
f 540/137/474 549/110/483 550/109/484
f 540/137/474 550/109/484 541/135/475
f 542/117/476 461/100/395 551/86/485
f 542/117/476 551/86/485 552/85/486
f 542/117/476 552/85/486 543/116/477
f 544/115/478 543/116/477 552/85/486
f 544/115/478 552/85/486 553/83/487
f 545/114/479 544/115/478 553/83/487
f 545/114/479 553/83/487 554/82/488
f 546/113/480 545/114/479 554/82/488
f 546/113/480 554/82/488 555/79/489
f 547/112/481 546/113/480 555/79/489
f 547/112/481 555/79/489 556/78/490
f 547/112/481 556/78/490 557/77/491
f 547/112/481 557/77/491 548/111/482
f 548/111/482 557/77/491 558/76/492
f 548/111/482 558/76/492 549/110/483
f 550/109/484 549/110/483 558/76/492
f 550/109/484 558/76/492 559/75/493
f 551/86/485 461/57/395 560/55/494
f 551/86/485 560/55/494 561/54/495
f 551/86/485 561/54/495 552/85/486
f 552/85/486 561/54/495 562/53/496
f 552/85/486 562/53/496 553/83/487
f 553/83/487 562/53/496 563/52/497
f 553/83/487 563/52/497 554/82/488
f 555/79/489 554/82/488 563/52/497
f 555/79/489 563/52/497 564/51/498
f 555/79/489 564/51/498 565/50/499
f 555/79/489 565/50/499 556/78/490
f 556/78/490 565/50/499 566/49/500
f 556/78/490 566/49/500 557/77/491
f 557/77/491 566/49/500 567/48/501
f 557/77/491 567/48/501 558/76/492
f 558/76/492 567/48/501 568/47/502
f 558/76/492 568/47/502 559/75/493
f 560/55/494 461/31/395 569/17/503
f 560/55/494 569/17/503 570/15/504
f 560/55/494 570/15/504 561/54/495
f 562/53/496 561/54/495 570/15/504
f 562/53/496 570/15/504 571/13/505
f 563/52/497 562/53/496 571/13/505
f 563/52/497 571/13/505 572/11/506
f 563/52/497 572/11/506 573/9/507
f 563/52/497 573/9/507 564/51/498
f 564/51/498 573/9/507 574/8/508
f 564/51/498 574/8/508 565/50/499
f 565/50/499 574/8/508 575/6/509
f 565/50/499 575/6/509 566/49/500
f 566/49/500 575/6/509 576/4/510
f 566/49/500 576/4/510 567/48/501
f 567/48/501 576/4/510 577/2/511
f 567/48/501 577/2/511 568/47/502
f 569/585/503 461/558/395 578/541/512
f 569/585/503 578/541/512 579/540/513
f 569/585/503 579/540/513 570/583/504
f 571/581/505 570/583/504 579/540/513
f 571/581/505 579/540/513 580/539/514
f 572/579/506 571/581/505 580/539/514
f 572/579/506 580/539/514 581/538/515
f 572/579/506 581/538/515 582/537/516
f 572/579/506 582/537/516 573/577/507
f 573/577/507 582/537/516 583/536/517
f 573/577/507 583/536/517 574/576/508
f 574/576/508 583/536/517 584/535/518
f 574/576/508 584/535/518 575/574/509
f 575/574/509 584/535/518 585/534/519
f 575/574/509 585/534/519 576/572/510
f 576/572/510 585/534/519 586/533/520
f 576/572/510 586/533/520 577/570/511
f 578/541/512 461/532/395 587/513/521
f 578/541/512 587/513/521 588/512/522
f 578/541/512 588/512/522 579/540/513
f 580/539/514 579/540/513 588/512/522
f 580/539/514 588/512/522 589/509/523
f 580/539/514 589/509/523 590/508/524
f 580/539/514 590/508/524 581/538/515
f 581/538/515 590/508/524 591/506/525
f 581/538/515 591/506/525 582/537/516
f 583/536/517 582/537/516 591/506/525
f 583/536/517 591/506/525 592/505/526
f 583/536/517 592/505/526 593/504/527
f 583/536/517 593/504/527 584/535/518
f 584/535/518 593/504/527 594/503/528
f 584/535/518 594/503/528 585/534/519
f 586/533/520 585/534/519 594/503/528
f 586/533/520 594/503/528 595/502/529
f 587/513/521 461/489/395 596/479/530
f 587/513/521 596/479/530 597/478/531
f 587/513/521 597/478/531 588/512/522
f 589/509/523 588/512/522 597/478/531
f 589/509/523 597/478/531 598/477/532
f 590/508/524 589/509/523 598/477/532
f 590/508/524 598/477/532 599/476/533
f 590/508/524 599/476/533 600/475/534
f 590/508/524 600/475/534 591/506/525
f 592/505/526 591/506/525 600/475/534
f 592/505/526 600/475/534 601/474/535
f 592/505/526 601/474/535 602/473/536
f 592/505/526 602/473/536 593/504/527
f 593/504/527 602/473/536 603/472/537
f 593/504/527 603/472/537 594/503/528
f 594/503/528 603/472/537 604/471/538
f 594/503/528 604/471/538 595/502/529
f 596/479/530 461/459/395 605/455/539
f 596/479/530 462/453/396 597/478/531
f 596/479/530 605/455/539 462/453/396
f 598/477/532 462/453/396 463/451/397
f 598/477/532 597/478/531 462/453/396
f 599/476/533 463/451/397 606/449/540
f 599/476/533 464/447/398 600/475/534
f 599/476/533 598/477/532 463/451/397
f 599/476/533 606/449/540 464/447/398
f 601/474/535 464/447/398 465/443/399
f 601/474/535 465/443/399 466/441/400
f 601/474/535 466/441/400 602/473/536
f 601/474/535 600/475/534 464/447/398
f 602/473/536 466/441/400 467/439/401
f 602/473/536 467/439/401 603/472/537
f 603/472/537 467/439/401 468/437/402
f 603/472/537 468/437/402 604/471/538
f 605/455/539 461/432/395 470/419/404
f 605/455/539 470/419/404 471/418/405
f 605/455/539 471/418/405 462/453/396
f 606/449/540 463/451/397 472/417/406
f 606/449/540 472/417/406 473/416/407
f 606/449/540 473/416/407 474/415/408
f 606/449/540 474/415/408 464/447/398
g race_checkpoint_fin_0_Cube.173
v 0.252237 0.190304 -0.065600
v 0.256206 0.204146 -0.080000
v 0.270049 0.200177 -0.065600
v 0.253400 0.194358 -0.075782
v 0.261907 0.193863 -0.073914
v 0.265994 0.201339 -0.075782
v 0.263188 0.191552 -0.065600
v 0.353010 0.541741 -0.080000
v 0.356979 0.555583 -0.065600
v 0.366852 0.537772 -0.065600
v 0.355817 0.551529 -0.075782
v 0.363294 0.547441 -0.073914
v 0.365605 0.548723 -0.065600
v 0.362798 0.538935 -0.075782
v 0.252237 0.190304 0.065600
v 0.270049 0.200177 0.065600
v 0.256206 0.204146 0.080000
v 0.263188 0.191552 0.065600
v 0.261907 0.193863 0.073914
v 0.265994 0.201339 0.075782
v 0.253400 0.194358 0.075782
v 0.356979 0.555583 0.065600
v 0.353010 0.541741 0.080000
v 0.366852 0.537772 0.065600
v 0.355817 0.551529 0.075782
v 0.363294 0.547441 0.073914
v 0.362798 0.538935 0.075782
v 0.365605 0.548723 0.065600
v 0.203021 0.204417 -0.065600
v 0.193148 0.222228 -0.065600
v 0.206990 0.218259 -0.080000
v 0.194395 0.211277 -0.065600
v 0.196706 0.212559 -0.073914
v 0.197202 0.221065 -0.075782
v 0.204183 0.208471 -0.075782
v 0.307763 0.569696 -0.065600
v 0.303794 0.555854 -0.080000
v 0.289951 0.559823 -0.065600
v 0.306600 0.565642 -0.075782
v 0.298093 0.566137 -0.073914
v 0.294006 0.558661 -0.075782
v 0.296812 0.568448 -0.065600
v 0.203021 0.204417 0.065600
v 0.206990 0.218259 0.080000
v 0.193148 0.222228 0.065600
v 0.204183 0.208471 0.075782
v 0.196706 0.212559 0.073914
v 0.197202 0.221065 0.075782
v 0.194395 0.211277 0.065600
v 0.307763 0.569696 0.065600
v 0.289951 0.559823 0.065600
v 0.303794 0.555854 0.080000
v 0.296812 0.568448 0.065600
v 0.298093 0.566137 0.073914
v 0.294006 0.558661 0.075782
v 0.306600 0.565642 0.075782
vn 0.1086 -0.9533 -0.2817
vn 0.1696 -0.4306 -0.8865
vn 0.7745 -0.5152 -0.3672
vn 0.4306 0.1696 -0.8865
vn 0.5152 0.7745 -0.3672
vn 0.9533 0.1086 -0.2817
vn 0.0265 -0.9298 0.3672
vn 0.7509 -0.5973 0.2817
vn 0.2753 -0.3720 0.8865
vn 0.5973 0.7509 0.2817
vn 0.3720 0.2753 0.8865
vn 0.9298 0.0265 0.3672
vn -0.5152 -0.7745 -0.3672
vn -0.9533 -0.1086 -0.2817
vn -0.4306 -0.1696 -0.8865
vn -0.1086 0.9533 -0.2817
vn -0.1696 0.4306 -0.8865
vn -0.7745 0.5152 -0.3672
vn -0.5973 -0.7509 0.2817
vn -0.3720 -0.2753 0.8865
vn -0.9298 -0.0265 0.3672
vn -0.0265 0.9298 0.3672
vn -0.7509 0.5973 0.2817
vn -0.2753 0.3720 0.8865
vn 0.1132 -0.9936 -0.0000
vn 0.7826 -0.6225 -0.0000
vn 0.3679 -0.1055 -0.9239
vn 0.8881 -0.2547 -0.3827
vn 0.6225 0.7826 -0.0000
vn 0.9936 0.1132 -0.0000
vn 0.3679 -0.1055 0.9239
vn 0.8881 -0.2547 0.3827
vn -0.2547 -0.8881 0.3827
vn -0.1055 -0.3679 0.9239
vn 0.2547 0.8881 0.3827
vn 0.1055 0.3679 0.9239
vn -0.8881 0.2547 0.3827
vn -0.3679 0.1055 0.9239
vn -0.6225 -0.7826 -0.0000
vn -0.9936 -0.1132 -0.0000
vn -0.1132 0.9936 -0.0000
vn -0.7826 0.6225 -0.0000
vn -0.3679 0.1055 -0.9239
vn -0.8881 0.2547 -0.3827
vn -0.2547 -0.8881 -0.3827
vn -0.1055 -0.3679 -0.9239
vn 0.2547 0.8881 -0.3827
vn 0.1055 0.3679 -0.9239
vn -0.2756 -0.9613 -0.0000
vn 0.9613 -0.2756 -0.0000
vn -0.0000 -0.0000 -1.0000
vn 0.2756 0.9613 -0.0000
vn -0.0000 -0.0000 1.0000
vn -0.9613 0.2756 -0.0000
vn 0.0265 -0.9298 -0.3672
vn 0.2753 -0.3720 -0.8865
vn 0.7509 -0.5973 -0.2817
vn 0.3720 0.2753 -0.8865
vn 0.5973 0.7509 -0.2817
vn 0.9298 0.0265 -0.3672
vn 0.1086 -0.9533 0.2817
vn 0.7745 -0.5152 0.3672
vn 0.1696 -0.4306 0.8865
vn 0.5152 0.7745 0.3672
vn 0.4306 0.1696 0.8865
vn 0.9533 0.1086 0.2817
vn -0.5973 -0.7509 -0.2817
vn -0.9298 -0.0265 -0.3672
vn -0.3720 -0.2753 -0.8865
vn -0.0265 0.9298 -0.3672
vn -0.2753 0.3720 -0.8865
vn -0.7509 0.5973 -0.2817
vn -0.5152 -0.7745 0.3672
vn -0.4306 -0.1696 0.8865
vn -0.9533 -0.1086 0.2817
vn -0.1086 0.9533 0.2817
vn -0.7745 0.5152 0.3672
vn -0.1696 0.4306 0.8865
s 0
g race_checkpoint_fin_0_M_navy
usemtl M_navy
f 607/103/541 611/87/541 613/84/541
f 607/103/565 613/84/565 624/81/565
f 607/103/565 624/81/565 621/102/565
f 607/103/595 610/104/595 611/87/595
f 608/230/542 611/218/542 610/215/542
f 608/230/596 612/231/596 611/218/596
f 609/220/543 611/200/543 612/219/543
f 609/220/597 613/201/597 611/200/597
f 613/201/566 609/220/566 622/221/566
f 613/201/566 622/221/566 624/204/566
f 614/368/544 618/388/544 620/369/544
f 614/368/567 612/231/567 608/230/567
f 614/368/567 620/369/567 612/231/567
f 614/368/598 617/387/598 618/388/598
f 615/486/545 618/511/545 617/487/545
f 615/486/587 617/487/587 645/391/587
f 615/486/587 645/391/587 642/406/587
f 615/486/599 619/510/599 618/511/599
f 616/358/546 618/370/546 619/373/546
f 616/358/590 622/221/590 609/220/590
f 616/358/590 630/359/590 622/221/590
f 616/358/600 620/357/600 618/370/600
f 617/387/588 614/368/588 643/367/588
f 617/387/588 643/367/588 645/391/588
f 620/357/568 609/220/568 612/219/568
f 620/357/568 616/358/568 609/220/568
f 621/102/547 625/80/547 627/101/547
f 621/102/573 627/101/573 652/197/573
f 621/102/573 652/197/573 649/182/573
f 621/102/601 624/81/601 625/80/601
f 622/221/548 625/217/548 624/204/548
f 622/221/602 626/222/602 625/217/602
f 623/223/549 625/217/549 626/222/549
f 623/223/571 626/222/571 633/360/571
f 623/223/571 633/360/571 629/361/571
f 623/223/603 627/205/603 625/217/603
f 626/222/572 622/221/572 630/359/572
f 626/222/572 630/359/572 633/360/572
f 627/205/574 623/223/574 650/224/574
f 627/205/574 650/224/574 652/197/574
f 628/485/550 632/501/550 634/507/550
f 628/485/569 619/510/569 615/486/569
f 628/485/569 634/507/569 619/510/569
f 628/485/592 615/486/592 642/406/592
f 628/485/592 642/406/592 656/405/592
f 628/485/604 631/484/604 632/501/604
f 629/361/551 632/371/551 631/377/551
f 629/361/593 650/224/593 623/223/593
f 629/361/593 658/362/593 650/224/593
f 629/361/605 633/360/605 632/371/605
f 630/359/552 632/371/552 633/360/552
f 630/359/606 634/376/606 632/371/606
f 634/376/570 616/358/570 619/373/570
f 634/376/570 630/359/570 616/358/570
f 635/183/553 639/216/553 641/198/553
f 635/183/585 610/104/585 607/103/585
f 635/183/585 641/198/585 610/104/585
f 635/183/607 638/212/607 639/216/607
f 636/227/554 639/216/554 638/212/554
f 636/227/608 640/228/608 639/216/608
f 637/229/555 639/216/555 640/228/555
f 637/229/583 640/228/583 647/366/583
f 637/229/583 647/366/583 643/367/583
f 637/229/609 641/198/609 639/216/609
f 640/228/584 636/227/584 644/365/584
f 640/228/584 644/365/584 647/366/584
f 641/198/586 608/230/586 610/215/586
f 641/198/586 637/229/586 608/230/586
f 642/406/556 646/389/556 648/384/556
f 642/406/581 648/384/581 659/381/581
f 642/406/581 659/381/581 656/405/581
f 642/406/610 645/391/610 646/389/610
f 643/367/557 646/389/557 645/391/557
f 643/367/591 608/230/591 637/229/591
f 643/367/591 614/368/591 608/230/591
f 643/367/611 647/366/611 646/389/611
f 644/365/558 646/389/558 647/366/558
f 644/365/612 648/384/612 646/389/612
f 648/384/582 644/365/582 657/364/582
f 648/384/582 657/364/582 659/381/582
f 649/182/559 653/199/559 655/209/559
f 649/182/579 638/212/579 635/183/579
f 649/182/579 655/209/579 638/212/579
f 649/182/589 607/103/589 621/102/589
f 649/182/589 635/183/589 607/103/589
f 649/182/613 652/197/613 653/199/613
f 650/224/560 653/199/560 652/197/560
f 650/224/614 654/225/614 653/199/614
f 651/226/561 653/199/561 654/225/561
f 651/226/577 654/225/577 661/363/577
f 651/226/577 661/363/577 657/364/577
f 651/226/615 655/209/615 653/199/615
f 654/225/578 650/224/578 658/362/578
f 654/225/578 658/362/578 661/363/578
f 655/209/580 636/227/580 638/212/580
f 655/209/580 651/226/580 636/227/580
f 656/405/562 660/372/562 662/390/562
f 656/405/575 631/484/575 628/485/575
f 656/405/575 662/390/575 631/484/575
f 656/405/616 659/381/616 660/372/616
f 657/364/563 660/372/563 659/381/563
f 657/364/594 636/227/594 651/226/594
f 657/364/594 644/365/594 636/227/594
f 657/364/617 661/363/617 660/372/617
f 658/362/564 660/372/564 661/363/564
f 658/362/618 662/390/618 660/372/618
f 662/390/576 629/361/576 631/377/576
f 662/390/576 658/362/576 629/361/576
g race_checkpoint_fin_1_Cube.174
v -0.203021 0.204417 -0.065600
v -0.206990 0.218259 -0.080000
v -0.193148 0.222228 -0.065600
v -0.204183 0.208471 -0.075782
v -0.196706 0.212559 -0.073914
v -0.197202 0.221065 -0.075782
v -0.194395 0.211277 -0.065600
v -0.303794 0.555854 -0.080000
v -0.307763 0.569696 -0.065600
v -0.289951 0.559823 -0.065600
v -0.306600 0.565642 -0.075782
v -0.298093 0.566137 -0.073914
v -0.296812 0.568448 -0.065600
v -0.294006 0.558661 -0.075782
v -0.203021 0.204417 0.065600
v -0.193148 0.222228 0.065600
v -0.206990 0.218259 0.080000
v -0.194395 0.211277 0.065600
v -0.196706 0.212559 0.073914
v -0.197202 0.221065 0.075782
v -0.204183 0.208471 0.075782
v -0.307763 0.569696 0.065600
v -0.303794 0.555854 0.080000
v -0.289951 0.559823 0.065600
v -0.306600 0.565642 0.075782
v -0.298093 0.566137 0.073914
v -0.294006 0.558661 0.075782
v -0.296812 0.568448 0.065600
v -0.252237 0.190304 -0.065600
v -0.270049 0.200177 -0.065600
v -0.256206 0.204146 -0.080000
v -0.263188 0.191552 -0.065600
v -0.261907 0.193863 -0.073914
v -0.265994 0.201339 -0.075782
v -0.253400 0.194358 -0.075782
v -0.356979 0.555583 -0.065600
v -0.353010 0.541741 -0.080000
v -0.366852 0.537772 -0.065600
v -0.355817 0.551529 -0.075782
v -0.363294 0.547441 -0.073914
v -0.362798 0.538935 -0.075782
v -0.365605 0.548723 -0.065600
v -0.252237 0.190304 0.065600
v -0.256206 0.204146 0.080000
v -0.270049 0.200177 0.065600
v -0.253400 0.194358 0.075782
v -0.261907 0.193863 0.073914
v -0.265994 0.201339 0.075782
v -0.263188 0.191552 0.065600
v -0.356979 0.555583 0.065600
v -0.366852 0.537772 0.065600
v -0.353010 0.541741 0.080000
v -0.365605 0.548723 0.065600
v -0.363294 0.547441 0.073914
v -0.362798 0.538935 0.075782
v -0.355817 0.551529 0.075782
vn 0.5973 -0.7509 -0.2817
vn 0.3720 -0.2753 -0.8865
vn 0.9298 -0.0265 -0.3672
vn 0.2753 0.3720 -0.8865
vn 0.0265 0.9298 -0.3672
vn 0.7509 0.5973 -0.2817
vn 0.5152 -0.7745 0.3672
vn 0.9533 -0.1086 0.2817
vn 0.4306 -0.1696 0.8865
vn 0.1086 0.9533 0.2817
vn 0.1696 0.4306 0.8865
vn 0.7745 0.5152 0.3672
vn -0.0265 -0.9298 -0.3672
vn -0.7509 -0.5973 -0.2817
vn -0.2753 -0.3720 -0.8865
vn -0.5973 0.7509 -0.2817
vn -0.3720 0.2753 -0.8865
vn -0.9298 0.0265 -0.3672
vn -0.1086 -0.9533 0.2817
vn -0.1696 -0.4306 0.8865
vn -0.7745 -0.5152 0.3672
vn -0.5152 0.7745 0.3672
vn -0.9533 0.1086 0.2817
vn -0.4306 0.1696 0.8865
vn 0.6225 -0.7826 -0.0000
vn 0.9936 -0.1132 -0.0000
vn 0.3679 0.1055 -0.9239
vn 0.8881 0.2547 -0.3827
vn 0.1132 0.9936 -0.0000
vn 0.7826 0.6225 -0.0000
vn 0.3679 0.1055 0.9239
vn 0.8881 0.2547 0.3827
vn 0.2547 -0.8881 0.3827
vn 0.1055 -0.3679 0.9239
vn -0.2547 0.8881 0.3827
vn -0.1055 0.3679 0.9239
vn -0.8881 -0.2547 0.3827
vn -0.3679 -0.1055 0.9239
vn -0.1132 -0.9936 -0.0000
vn -0.7826 -0.6225 -0.0000
vn -0.6225 0.7826 -0.0000
vn -0.9936 0.1132 -0.0000
vn -0.3679 -0.1055 -0.9239
vn -0.8881 -0.2547 -0.3827
vn 0.2547 -0.8881 -0.3827
vn 0.1055 -0.3679 -0.9239
vn -0.2547 0.8881 -0.3827
vn -0.1055 0.3679 -0.9239
vn 0.2756 -0.9613 -0.0000
vn 0.9613 0.2756 -0.0000
vn -0.0000 -0.0000 -1.0000
vn -0.2756 0.9613 -0.0000
vn -0.0000 -0.0000 1.0000
vn -0.9613 -0.2756 -0.0000
vn 0.5152 -0.7745 -0.3672
vn 0.4306 -0.1696 -0.8865
vn 0.9533 -0.1086 -0.2817
vn 0.1696 0.4306 -0.8865
vn 0.1086 0.9533 -0.2817
vn 0.7745 0.5152 -0.3672
vn 0.5973 -0.7509 0.2817
vn 0.9298 -0.0265 0.3672
vn 0.3720 -0.2753 0.8865
vn 0.0265 0.9298 0.3672
vn 0.2753 0.3720 0.8865
vn 0.7509 0.5973 0.2817
vn -0.1086 -0.9533 -0.2817
vn -0.7745 -0.5152 -0.3672
vn -0.1696 -0.4306 -0.8865
vn -0.5152 0.7745 -0.3672
vn -0.4306 0.1696 -0.8865
vn -0.9533 0.1086 -0.2817
vn -0.0265 -0.9298 0.3672
vn -0.2753 -0.3720 0.8865
vn -0.7509 -0.5973 0.2817
vn -0.5973 0.7509 0.2817
vn -0.9298 0.0265 0.3672
vn -0.3720 0.2753 0.8865
s 0
g race_checkpoint_fin_1_M_navy
usemtl M_navy
f 663/103/619 667/87/619 669/84/619
f 663/103/643 669/84/643 680/81/643
f 663/103/643 680/81/643 677/102/643
f 663/103/673 666/104/673 667/87/673
f 664/230/620 667/218/620 666/215/620
f 664/230/674 668/231/674 667/218/674
f 665/220/621 667/200/621 668/219/621
f 665/220/675 669/201/675 667/200/675
f 669/201/644 665/220/644 678/221/644
f 669/201/644 678/221/644 680/204/644
f 670/368/622 674/388/622 676/369/622
f 670/368/645 668/231/645 664/230/645
f 670/368/645 676/369/645 668/231/645
f 670/368/676 673/387/676 674/388/676
f 671/486/623 674/511/623 673/487/623
f 671/486/665 673/487/665 701/391/665
f 671/486/665 701/391/665 698/406/665
f 671/486/677 675/510/677 674/511/677
f 672/358/624 674/370/624 675/373/624
f 672/358/668 678/221/668 665/220/668
f 672/358/668 686/359/668 678/221/668
f 672/358/678 676/357/678 674/370/678
f 673/387/666 670/368/666 699/367/666
f 673/387/666 699/367/666 701/391/666
f 676/357/646 665/220/646 668/219/646
f 676/357/646 672/358/646 665/220/646
f 677/102/625 681/80/625 683/101/625
f 677/102/651 683/101/651 708/197/651
f 677/102/651 708/197/651 705/182/651
f 677/102/679 680/81/679 681/80/679
f 678/221/626 681/217/626 680/204/626
f 678/221/680 682/222/680 681/217/680
f 679/223/627 681/217/627 682/222/627
f 679/223/649 682/222/649 689/360/649
f 679/223/649 689/360/649 685/361/649
f 679/223/681 683/205/681 681/217/681
f 682/222/650 678/221/650 686/359/650
f 682/222/650 686/359/650 689/360/650
f 683/205/652 679/223/652 706/224/652
f 683/205/652 706/224/652 708/197/652
f 684/485/628 688/501/628 690/507/628
f 684/485/647 675/510/647 671/486/647
f 684/485/647 690/507/647 675/510/647
f 684/485/670 671/486/670 698/406/670
f 684/485/670 698/406/670 712/405/670
f 684/485/682 687/484/682 688/501/682
f 685/361/629 688/371/629 687/377/629
f 685/361/671 706/224/671 679/223/671
f 685/361/671 714/362/671 706/224/671
f 685/361/683 689/360/683 688/371/683
f 686/359/630 688/371/630 689/360/630
f 686/359/684 690/376/684 688/371/684
f 690/376/648 672/358/648 675/373/648
f 690/376/648 686/359/648 672/358/648
f 691/183/631 695/216/631 697/198/631
f 691/183/663 666/104/663 663/103/663
f 691/183/663 697/198/663 666/104/663
f 691/183/685 694/212/685 695/216/685
f 692/227/632 695/216/632 694/212/632
f 692/227/686 696/228/686 695/216/686
f 693/229/633 695/216/633 696/228/633
f 693/229/661 696/228/661 703/366/661
f 693/229/661 703/366/661 699/367/661
f 693/229/687 697/198/687 695/216/687
f 696/228/662 692/227/662 700/365/662
f 696/228/662 700/365/662 703/366/662
f 697/198/664 664/230/664 666/215/664
f 697/198/664 693/229/664 664/230/664
f 698/406/634 702/389/634 704/384/634
f 698/406/659 704/384/659 715/381/659
f 698/406/659 715/381/659 712/405/659
f 698/406/688 701/391/688 702/389/688
f 699/367/635 702/389/635 701/391/635
f 699/367/669 664/230/669 693/229/669
f 699/367/669 670/368/669 664/230/669
f 699/367/689 703/366/689 702/389/689
f 700/365/636 702/389/636 703/366/636
f 700/365/690 704/384/690 702/389/690
f 704/384/660 700/365/660 713/364/660
f 704/384/660 713/364/660 715/381/660
f 705/182/637 709/199/637 711/209/637
f 705/182/657 694/212/657 691/183/657
f 705/182/657 711/209/657 694/212/657
f 705/182/667 663/103/667 677/102/667
f 705/182/667 691/183/667 663/103/667
f 705/182/691 708/197/691 709/199/691
f 706/224/638 709/199/638 708/197/638
f 706/224/692 710/225/692 709/199/692
f 707/226/639 709/199/639 710/225/639
f 707/226/655 710/225/655 717/363/655
f 707/226/655 717/363/655 713/364/655
f 707/226/693 711/209/693 709/199/693
f 710/225/656 706/224/656 714/362/656
f 710/225/656 714/362/656 717/363/656
f 711/209/658 692/227/658 694/212/658
f 711/209/658 707/226/658 692/227/658
f 712/405/640 716/372/640 718/390/640
f 712/405/653 687/484/653 684/485/653
f 712/405/653 718/390/653 687/484/653
f 712/405/694 715/381/694 716/372/694
f 713/364/641 716/372/641 715/381/641
f 713/364/672 692/227/672 707/226/672
f 713/364/672 700/365/672 692/227/672
f 713/364/695 717/363/695 716/372/695
f 714/362/642 716/372/642 717/363/642
f 714/362/696 718/390/696 716/372/696
f 718/390/654 685/361/654 687/377/654
f 718/390/654 714/362/654 685/361/654
