# Blender 4.0.2
# www.blender.org
mtllib alchemy_shop.mtl
o alchemy_shop
v -0.433103 -0.500000 0.317143
v -0.433103 -0.486726 0.334286
v -0.447421 -0.486726 0.317143
v -0.433103 -0.424779 0.334286
v -0.433103 -0.411504 0.317143
v -0.447421 -0.424779 0.317143
v -0.433103 -0.500000 -0.391429
v -0.447421 -0.486726 -0.391429
v -0.433103 -0.486726 -0.408571
v -0.433103 -0.411504 -0.391429
v -0.433103 -0.424779 -0.408571
v -0.447421 -0.424779 -0.391429
v 0.325789 -0.500000 0.317143
v 0.340108 -0.486726 0.317143
v 0.325789 -0.486726 0.334286
v 0.325789 -0.411504 0.317143
v 0.325789 -0.424779 0.334286
v 0.340108 -0.424779 0.317143
v 0.325789 -0.500000 -0.391429
v 0.325789 -0.486726 -0.408571
v 0.340108 -0.486726 -0.391429
v 0.325789 -0.411504 -0.391429
v 0.340108 -0.424779 -0.391429
v 0.325789 -0.424779 -0.408571
v -0.380601 -0.431416 0.268571
v -0.380601 -0.424779 0.277143
v -0.387760 -0.424779 0.268571
v -0.380601 0.159292 0.277143
v -0.380601 0.165929 0.268571
v -0.387760 0.159292 0.268571
v -0.380601 -0.431416 -0.342857
v -0.387760 -0.424779 -0.342857
v -0.380601 -0.424779 -0.351429
v -0.380601 0.165929 -0.342857
v -0.380601 0.159292 -0.351429
v -0.387760 0.159292 -0.342857
v 0.273287 -0.431416 0.268571
v 0.280446 -0.424779 0.268571
v 0.273287 -0.424779 0.277143
v 0.273287 0.165929 0.268571
v 0.273287 0.159292 0.277143
v 0.280446 0.159292 0.268571
v 0.273287 -0.431416 -0.342857
v 0.273287 -0.424779 -0.351429
v 0.280446 -0.424779 -0.342857
v 0.273287 0.165929 -0.342857
v 0.280446 0.159292 -0.342857
v 0.273287 0.159292 -0.351429
v -0.421170 -0.442478 0.311429
v -0.421170 -0.435841 0.320000
v -0.428330 -0.435841 0.311429
v -0.421170 0.161504 0.320000
v -0.421170 0.168142 0.311429
v -0.428330 0.161504 0.311429
v -0.421170 -0.442478 0.265714
v -0.428330 -0.435841 0.265714
v -0.421170 -0.435841 0.257143
v -0.421170 0.168142 0.265714
v -0.421170 0.161504 0.257143
v -0.428330 0.161504 0.265714
v -0.382987 -0.442478 0.311429
v -0.375828 -0.435841 0.311429
v -0.382987 -0.435841 0.320000
v -0.382987 0.168142 0.311429
v -0.382987 0.161504 0.320000
v -0.375828 0.161504 0.311429
v -0.382987 -0.442478 0.265714
v -0.382987 -0.435841 0.257143
v -0.375828 -0.435841 0.265714
v -0.382987 0.168142 0.265714
v -0.375828 0.161504 0.265714
v -0.382987 0.161504 0.257143
v -0.421170 -0.442478 -0.340000
v -0.421170 -0.435841 -0.331429
v -0.428330 -0.435841 -0.340000
v -0.421170 0.161504 -0.331429
v -0.421170 0.168142 -0.340000
v -0.428330 0.161504 -0.340000
v -0.421170 -0.442478 -0.385714
v -0.428330 -0.435841 -0.385714
v -0.421170 -0.435841 -0.394286
v -0.421170 0.168142 -0.385714
v -0.421170 0.161504 -0.394286
v -0.428330 0.161504 -0.385714
v -0.382987 -0.442478 -0.340000
v -0.375828 -0.435841 -0.340000
v -0.382987 -0.435841 -0.331429
v -0.382987 0.168142 -0.340000
v -0.382987 0.161504 -0.331429
v -0.375828 0.161504 -0.340000
v -0.382987 -0.442478 -0.385714
v -0.382987 -0.435841 -0.394286
v -0.375828 -0.435841 -0.385714
v -0.382987 0.168142 -0.385714
v -0.375828 0.161504 -0.385714
v -0.382987 0.161504 -0.394286
v 0.275674 -0.442478 0.311429
v 0.275674 -0.435841 0.320000
v 0.268514 -0.435841 0.311429
v 0.275674 0.161504 0.320000
v 0.275674 0.168142 0.311429
v 0.268514 0.161504 0.311429
v 0.275674 -0.442478 0.265714
v 0.268514 -0.435841 0.265714
v 0.275674 -0.435841 0.257143
v 0.275674 0.168142 0.265714
v 0.275674 0.161504 0.257143
v 0.268514 0.161504 0.265714
v 0.313857 -0.442478 0.311429
v 0.321016 -0.435841 0.311429
v 0.313857 -0.435841 0.320000
v 0.313857 0.168142 0.311429
v 0.313857 0.161504 0.320000
v 0.321016 0.161504 0.311429
v 0.313857 -0.442478 0.265714
v 0.313857 -0.435841 0.257143
v 0.321016 -0.435841 0.265714
v 0.313857 0.168142 0.265714
v 0.321016 0.161504 0.265714
v 0.313857 0.161504 0.257143
v 0.275674 -0.442478 -0.340000
v 0.275674 -0.435841 -0.331429
v 0.268514 -0.435841 -0.340000
v 0.275674 0.161504 -0.331429
v 0.275674 0.168142 -0.340000
v 0.268514 0.161504 -0.340000
v 0.275674 -0.442478 -0.385714
v 0.268514 -0.435841 -0.385714
v 0.275674 -0.435841 -0.394286
v 0.275674 0.168142 -0.385714
v 0.275674 0.161504 -0.394286
v 0.268514 0.161504 -0.385714
v 0.313857 -0.442478 -0.340000
v 0.321016 -0.435841 -0.340000
v 0.313857 -0.435841 -0.331429
v 0.313857 0.168142 -0.340000
v 0.313857 0.161504 -0.331429
v 0.321016 0.161504 -0.340000
v 0.313857 -0.442478 -0.385714
v 0.313857 -0.435841 -0.394286
v 0.321016 -0.435841 -0.385714
v 0.313857 0.168142 -0.385714
v 0.321016 0.161504 -0.385714
v 0.313857 0.161504 -0.394286
v -0.483218 0.163717 0.340000
v 0.375904 0.163717 0.340000
v -0.053657 0.446903 0.340000
v -0.483218 0.163717 -0.414286
v 0.375904 0.163717 -0.414286
v -0.053657 0.446903 -0.414286
v -0.196131 0.354388 0.381714
v -0.198344 0.357273 0.386286
v -0.201455 0.355222 0.381714
v -0.210514 0.373139 0.386286
v -0.212727 0.376024 0.381714
v -0.213626 0.371088 0.381714
v -0.196131 0.354388 0.186857
v -0.201455 0.355222 0.186857
v -0.198344 0.357273 0.182286
v -0.212727 0.376024 0.186857
v -0.210514 0.373139 0.182286
v -0.213626 0.371088 0.186857
v -0.037774 0.458784 0.381714
v -0.036875 0.463720 0.381714
v -0.039987 0.461669 0.386286
v -0.054370 0.480420 0.381714
v -0.052157 0.477535 0.386286
v -0.049045 0.479587 0.381714
v -0.037774 0.458784 0.186857
v -0.039987 0.461669 0.182286
v -0.036875 0.463720 0.186857
v -0.054370 0.480420 0.186857
v -0.049045 0.479587 0.186857
v -0.052157 0.477535 0.182286
v -0.196131 0.354388 0.167429
v -0.198344 0.357273 0.172000
v -0.201455 0.355222 0.167429
v -0.210514 0.373139 0.172000
v -0.212727 0.376024 0.167429
v -0.213626 0.371088 0.167429
v -0.196131 0.354388 -0.027429
v -0.201455 0.355222 -0.027429
v -0.198344 0.357273 -0.032000
v -0.212727 0.376024 -0.027429
v -0.210514 0.373139 -0.032000
v -0.213626 0.371088 -0.027429
v -0.037774 0.458784 0.167429
v -0.036875 0.463720 0.167429
v -0.039987 0.461669 0.172000
v -0.054370 0.480420 0.167429
v -0.052157 0.477535 0.172000
v -0.049045 0.479587 0.167429
v -0.037774 0.458784 -0.027429
v -0.039987 0.461669 -0.032000
v -0.036875 0.463720 -0.027429
v -0.054370 0.480420 -0.027429
v -0.049045 0.479587 -0.027429
v -0.052157 0.477535 -0.032000
v -0.196131 0.354388 -0.046857
v -0.198344 0.357273 -0.042286
v -0.201455 0.355222 -0.046857
v -0.210514 0.373139 -0.042286
v -0.212727 0.376024 -0.046857
v -0.213626 0.371088 -0.046857
v -0.196131 0.354388 -0.241714
v -0.201455 0.355222 -0.241714
v -0.198344 0.357273 -0.246286
v -0.212727 0.376024 -0.241714
v -0.210514 0.373139 -0.246286
v -0.213626 0.371088 -0.241714
v -0.037774 0.458784 -0.046857
v -0.036875 0.463720 -0.046857
v -0.039987 0.461669 -0.042286
v -0.054370 0.480420 -0.046857
v -0.052157 0.477535 -0.042286
v -0.049045 0.479587 -0.046857
v -0.037774 0.458784 -0.241714
v -0.039987 0.461669 -0.246286
v -0.036875 0.463720 -0.241714
v -0.054370 0.480420 -0.241714
v -0.049045 0.479587 -0.241714
v -0.052157 0.477535 -0.246286
v -0.196131 0.354388 -0.261143
v -0.198344 0.357273 -0.256571
v -0.201455 0.355222 -0.261143
v -0.210514 0.373139 -0.256571
v -0.212727 0.376024 -0.261143
v -0.213626 0.371088 -0.261143
v -0.196131 0.354388 -0.456000
v -0.201455 0.355222 -0.456000
v -0.198344 0.357273 -0.460571
v -0.212727 0.376024 -0.456000
v -0.210514 0.373139 -0.460571
v -0.213626 0.371088 -0.456000
v -0.037774 0.458784 -0.261143
v -0.036875 0.463720 -0.261143
v -0.039987 0.461669 -0.256571
v -0.054370 0.480420 -0.261143
v -0.052157 0.477535 -0.256571
v -0.049045 0.479587 -0.261143
v -0.037774 0.458784 -0.456000
v -0.039987 0.461669 -0.460571
v -0.036875 0.463720 -0.456000
v -0.054370 0.480420 -0.456000
v -0.049045 0.479587 -0.456000
v -0.052157 0.477535 -0.460571
v -0.339318 0.259993 0.381714
v -0.341531 0.262878 0.386286
v -0.344642 0.260826 0.381714
v -0.353701 0.278744 0.386286
v -0.355914 0.281629 0.381714
v -0.356813 0.276693 0.381714
v -0.339318 0.259993 0.186857
v -0.344642 0.260826 0.186857
v -0.341531 0.262878 0.182286
v -0.355914 0.281629 0.186857
v -0.353701 0.278744 0.182286
v -0.356813 0.276693 0.186857
v -0.180961 0.364389 0.381714
v -0.180062 0.369325 0.381714
v -0.183174 0.367274 0.386286
v -0.197557 0.386025 0.381714
v -0.195344 0.383140 0.386286
v -0.192232 0.385191 0.381714
v -0.180961 0.364389 0.186857
v -0.183174 0.367274 0.182286
v -0.180062 0.369325 0.186857
v -0.197557 0.386025 0.186857
v -0.192232 0.385191 0.186857
v -0.195344 0.383140 0.182286
v -0.339318 0.259993 0.167429
v -0.341531 0.262878 0.172000
v -0.344642 0.260826 0.167429
v -0.353701 0.278744 0.172000
v -0.355914 0.281629 0.167429
v -0.356813 0.276693 0.167429
v -0.339318 0.259993 -0.027429
v -0.344642 0.260826 -0.027429
v -0.341531 0.262878 -0.032000
v -0.355914 0.281629 -0.027429
v -0.353701 0.278744 -0.032000
v -0.356813 0.276693 -0.027429
v -0.180961 0.364389 0.167429
v -0.180062 0.369325 0.167429
v -0.183174 0.367274 0.172000
v -0.197557 0.386025 0.167429
v -0.195344 0.383140 0.172000
v -0.192232 0.385191 0.167429
v -0.180961 0.364389 -0.027429
v -0.183174 0.367274 -0.032000
v -0.180062 0.369325 -0.027429
v -0.197557 0.386025 -0.027429
v -0.192232 0.385191 -0.027429
v -0.195344 0.383140 -0.032000
v -0.339318 0.259993 -0.046857
v -0.341531 0.262878 -0.042286
v -0.344642 0.260826 -0.046857
v -0.353701 0.278744 -0.042286
v -0.355914 0.281629 -0.046857
v -0.356813 0.276693 -0.046857
v -0.339318 0.259993 -0.241714
v -0.344642 0.260826 -0.241714
v -0.341531 0.262878 -0.246286
v -0.355914 0.281629 -0.241714
v -0.353701 0.278744 -0.246286
v -0.356813 0.276693 -0.241714
v -0.180961 0.364389 -0.046857
v -0.180062 0.369325 -0.046857
v -0.183174 0.367274 -0.042286
v -0.197557 0.386025 -0.046857
v -0.195344 0.383140 -0.042286
v -0.192232 0.385191 -0.046857
v -0.180961 0.364389 -0.241714
v -0.183174 0.367274 -0.246286
v -0.180062 0.369325 -0.241714
v -0.197557 0.386025 -0.241714
v -0.192232 0.385191 -0.241714
v -0.195344 0.383140 -0.246286
v -0.339318 0.259993 -0.261143
v -0.341531 0.262878 -0.256571
v -0.344642 0.260826 -0.261143
v -0.353701 0.278744 -0.256571
v -0.355914 0.281629 -0.261143
v -0.356813 0.276693 -0.261143
v -0.339318 0.259993 -0.456000
v -0.344642 0.260826 -0.456000
v -0.341531 0.262878 -0.460571
v -0.355914 0.281629 -0.456000
v -0.353701 0.278744 -0.460571
v -0.356813 0.276693 -0.456000
v -0.180961 0.364389 -0.261143
v -0.180062 0.369325 -0.261143
v -0.183174 0.367274 -0.256571
v -0.197557 0.386025 -0.261143
v -0.195344 0.383140 -0.256571
v -0.192232 0.385191 -0.261143
v -0.180961 0.364389 -0.456000
v -0.183174 0.367274 -0.460571
v -0.180062 0.369325 -0.456000
v -0.197557 0.386025 -0.456000
v -0.192232 0.385191 -0.456000
v -0.195344 0.383140 -0.460571
v -0.482505 0.165598 0.381714
v -0.484718 0.168482 0.386286
v -0.487830 0.166431 0.381714
v -0.496888 0.184349 0.386286
v -0.499101 0.187234 0.381714
v -0.500000 0.182297 0.381714
v -0.482505 0.165598 0.186857
v -0.487830 0.166431 0.186857
v -0.484718 0.168482 0.182286
v -0.499101 0.187234 0.186857
v -0.496888 0.184349 0.182286
v -0.500000 0.182297 0.186857
v -0.324148 0.269994 0.381714
v -0.323249 0.274930 0.381714
v -0.326361 0.272878 0.386286
v -0.340744 0.291629 0.381714
v -0.338531 0.288745 0.386286
v -0.335420 0.290796 0.381714
v -0.324148 0.269994 0.186857
v -0.326361 0.272878 0.182286
v -0.323249 0.274930 0.186857
v -0.340744 0.291629 0.186857
v -0.335420 0.290796 0.186857
v -0.338531 0.288745 0.182286
v -0.482505 0.165598 0.167429
v -0.484718 0.168482 0.172000
v -0.487830 0.166431 0.167429
v -0.496888 0.184349 0.172000
v -0.499101 0.187234 0.167429
v -0.500000 0.182297 0.167429
v -0.482505 0.165598 -0.027429
v -0.487830 0.166431 -0.027429
v -0.484718 0.168482 -0.032000
v -0.499101 0.187234 -0.027429
v -0.496888 0.184349 -0.032000
v -0.500000 0.182297 -0.027429
v -0.324148 0.269994 0.167429
v -0.323249 0.274930 0.167429
v -0.326361 0.272878 0.172000
v -0.340744 0.291629 0.167429
v -0.338531 0.288745 0.172000
v -0.335420 0.290796 0.167429
v -0.324148 0.269994 -0.027429
v -0.326361 0.272878 -0.032000
v -0.323249 0.274930 -0.027429
v -0.340744 0.291629 -0.027429
v -0.335420 0.290796 -0.027429
v -0.338531 0.288745 -0.032000
v -0.482505 0.165598 -0.046857
v -0.484718 0.168482 -0.042286
v -0.487830 0.166431 -0.046857
v -0.496888 0.184349 -0.042286
v -0.499101 0.187234 -0.046857
v -0.500000 0.182297 -0.046857
v -0.482505 0.165598 -0.241714
v -0.487830 0.166431 -0.241714
v -0.484718 0.168482 -0.246286
v -0.499101 0.187234 -0.241714
v -0.496888 0.184349 -0.246286
v -0.500000 0.182297 -0.241714
v -0.324148 0.269994 -0.046857
v -0.323249 0.274930 -0.046857
v -0.326361 0.272878 -0.042286
v -0.340744 0.291629 -0.046857
v -0.338531 0.288745 -0.042286
v -0.335420 0.290796 -0.046857
v -0.324148 0.269994 -0.241714
v -0.326361 0.272878 -0.246286
v -0.323249 0.274930 -0.241714
v -0.340744 0.291629 -0.241714
v -0.335420 0.290796 -0.241714
v -0.338531 0.288745 -0.246286
v -0.482505 0.165598 -0.261143
v -0.484718 0.168482 -0.256571
v -0.487830 0.166431 -0.261143
v -0.496888 0.184349 -0.256571
v -0.499101 0.187234 -0.261143
v -0.500000 0.182297 -0.261143
v -0.482505 0.165598 -0.456000
v -0.487830 0.166431 -0.456000
v -0.484718 0.168482 -0.460571
v -0.499101 0.187234 -0.456000
v -0.496888 0.184349 -0.460571
v -0.500000 0.182297 -0.456000
v -0.324148 0.269994 -0.261143
v -0.323249 0.274930 -0.261143
v -0.326361 0.272878 -0.256571
v -0.340744 0.291629 -0.261143
v -0.338531 0.288745 -0.256571
v -0.335420 0.290796 -0.261143
v -0.324148 0.269994 -0.456000
v -0.326361 0.272878 -0.460571
v -0.323249 0.274930 -0.456000
v -0.340744 0.291629 -0.456000
v -0.335420 0.290796 -0.456000
v -0.338531 0.288745 -0.460571
v -0.069540 0.458784 0.381714
v -0.067327 0.461669 0.386286
v -0.070439 0.463720 0.381714
v -0.055156 0.477535 0.386286
v -0.052944 0.480420 0.381714
v -0.058268 0.479587 0.381714
v -0.069540 0.458784 0.186857
v -0.070439 0.463720 0.186857
v -0.067327 0.461669 0.182286
v -0.052944 0.480420 0.186857
v -0.055156 0.477535 0.182286
v -0.058268 0.479587 0.186857
v 0.088817 0.354388 0.381714
v 0.094142 0.355222 0.381714
v 0.091030 0.357273 0.386286
v 0.105413 0.376024 0.381714
v 0.103200 0.373139 0.386286
v 0.106312 0.371088 0.381714
v 0.088817 0.354388 0.186857
v 0.091030 0.357273 0.182286
v 0.094142 0.355222 0.186857
v 0.105413 0.376024 0.186857
v 0.106312 0.371088 0.186857
v 0.103200 0.373139 0.182286
v -0.069540 0.458784 0.167429
v -0.067327 0.461669 0.172000
v -0.070439 0.463720 0.167429
v -0.055156 0.477535 0.172000
v -0.052944 0.480420 0.167429
v -0.058268 0.479587 0.167429
v -0.069540 0.458784 -0.027429
v -0.070439 0.463720 -0.027429
v -0.067327 0.461669 -0.032000
v -0.052944 0.480420 -0.027429
v -0.055156 0.477535 -0.032000
v -0.058268 0.479587 -0.027429
v 0.088817 0.354388 0.167429
v 0.094142 0.355222 0.167429
v 0.091030 0.357273 0.172000
v 0.105413 0.376024 0.167429
v 0.103200 0.373139 0.172000
v 0.106312 0.371088 0.167429
v 0.088817 0.354388 -0.027429
v 0.091030 0.357273 -0.032000
v 0.094142 0.355222 -0.027429
v 0.105413 0.376024 -0.027429
v 0.106312 0.371088 -0.027429
v 0.103200 0.373139 -0.032000
v -0.069540 0.458784 -0.046857
v -0.067327 0.461669 -0.042286
v -0.070439 0.463720 -0.046857
v -0.055156 0.477535 -0.042286
v -0.052944 0.480420 -0.046857
v -0.058268 0.479587 -0.046857
v -0.069540 0.458784 -0.241714
v -0.070439 0.463720 -0.241714
v -0.067327 0.461669 -0.246286
v -0.052944 0.480420 -0.241714
v -0.055156 0.477535 -0.246286
v -0.058268 0.479587 -0.241714
v 0.088817 0.354388 -0.046857
v 0.094142 0.355222 -0.046857
v 0.091030 0.357273 -0.042286
v 0.105413 0.376024 -0.046857
v 0.103200 0.373139 -0.042286
v 0.106312 0.371088 -0.046857
v 0.088817 0.354388 -0.241714
v 0.091030 0.357273 -0.246286
v 0.094142 0.355222 -0.241714
v 0.105413 0.376024 -0.241714
v 0.106312 0.371088 -0.241714
v 0.103200 0.373139 -0.246286
v -0.069540 0.458784 -0.261143
v -0.067327 0.461669 -0.256571
v -0.070439 0.463720 -0.261143
v -0.055156 0.477535 -0.256571
v -0.052944 0.480420 -0.261143
v -0.058268 0.479587 -0.261143
v -0.069540 0.458784 -0.456000
v -0.070439 0.463720 -0.456000
v -0.067327 0.461669 -0.460571
v -0.052944 0.480420 -0.456000
v -0.055156 0.477535 -0.460571
v -0.058268 0.479587 -0.456000
v 0.088817 0.354388 -0.261143
v 0.094142 0.355222 -0.261143
v 0.091030 0.357273 -0.256571
v 0.105413 0.376024 -0.261143
v 0.103200 0.373139 -0.256571
v 0.106312 0.371088 -0.261143
v 0.088817 0.354388 -0.456000
v 0.091030 0.357273 -0.460571
v 0.094142 0.355222 -0.456000
v 0.105413 0.376024 -0.456000
v 0.106312 0.371088 -0.456000
v 0.103200 0.373139 -0.460571
v 0.073647 0.364389 0.381714
v 0.075860 0.367274 0.386286
v 0.072748 0.369325 0.381714
v 0.088031 0.383140 0.386286
v 0.090243 0.386025 0.381714
v 0.084919 0.385191 0.381714
v 0.073647 0.364389 0.186857
v 0.072748 0.369325 0.186857
v 0.075860 0.367274 0.182286
v 0.090243 0.386025 0.186857
v 0.088031 0.383140 0.182286
v 0.084919 0.385191 0.186857
v 0.232004 0.259993 0.381714
v 0.237329 0.260826 0.381714
v 0.234217 0.262878 0.386286
v 0.248600 0.281629 0.381714
v 0.246388 0.278744 0.386286
v 0.249499 0.276693 0.381714
v 0.232004 0.259993 0.186857
v 0.234217 0.262878 0.182286
v 0.237329 0.260826 0.186857
v 0.248600 0.281629 0.186857
v 0.249499 0.276693 0.186857
v 0.246388 0.278744 0.182286
v 0.073647 0.364389 0.167429
v 0.075860 0.367274 0.172000
v 0.072748 0.369325 0.167429
v 0.088031 0.383140 0.172000
v 0.090243 0.386025 0.167429
v 0.084919 0.385191 0.167429
v 0.073647 0.364389 -0.027429
v 0.072748 0.369325 -0.027429
v 0.075860 0.367274 -0.032000
v 0.090243 0.386025 -0.027429
v 0.088031 0.383140 -0.032000
v 0.084919 0.385191 -0.027429
v 0.232004 0.259993 0.167429
v 0.237329 0.260826 0.167429
v 0.234217 0.262878 0.172000
v 0.248600 0.281629 0.167429
v 0.246388 0.278744 0.172000
v 0.249499 0.276693 0.167429
v 0.232004 0.259993 -0.027429
v 0.234217 0.262878 -0.032000
v 0.237329 0.260826 -0.027429
v 0.248600 0.281629 -0.027429
v 0.249499 0.276693 -0.027429
v 0.246388 0.278744 -0.032000
v 0.073647 0.364389 -0.046857
v 0.075860 0.367274 -0.042286
v 0.072748 0.369325 -0.046857
v 0.088031 0.383140 -0.042286
v 0.090243 0.386025 -0.046857
v 0.084919 0.385191 -0.046857
v 0.073647 0.364389 -0.241714
v 0.072748 0.369325 -0.241714
v 0.075860 0.367274 -0.246286
v 0.090243 0.386025 -0.241714
v 0.088031 0.383140 -0.246286
v 0.084919 0.385191 -0.241714
v 0.232004 0.259993 -0.046857
v 0.237329 0.260826 -0.046857
v 0.234217 0.262878 -0.042286
v 0.248600 0.281629 -0.046857
v 0.246388 0.278744 -0.042286
v 0.249499 0.276693 -0.046857
v 0.232004 0.259993 -0.241714
v 0.234217 0.262878 -0.246286
v 0.237329 0.260826 -0.241714
v 0.248600 0.281629 -0.241714
v 0.249499 0.276693 -0.241714
v 0.246388 0.278744 -0.246286
v 0.073647 0.364389 -0.261143
v 0.075860 0.367274 -0.256571
v 0.072748 0.369325 -0.261143
v 0.088031 0.383140 -0.256571
v 0.090243 0.386025 -0.261143
v 0.084919 0.385191 -0.261143
v 0.073647 0.364389 -0.456000
v 0.072748 0.369325 -0.456000
v 0.075860 0.367274 -0.460571
v 0.090243 0.386025 -0.456000
v 0.088031 0.383140 -0.460571
v 0.084919 0.385191 -0.456000
v 0.232004 0.259993 -0.261143
v 0.237329 0.260826 -0.261143
v 0.234217 0.262878 -0.256571
v 0.248600 0.281629 -0.261143
v 0.246388 0.278744 -0.256571
v 0.249499 0.276693 -0.261143
v 0.232004 0.259993 -0.456000
v 0.234217 0.262878 -0.460571
v 0.237329 0.260826 -0.456000
v 0.248600 0.281629 -0.456000
v 0.249499 0.276693 -0.456000
v 0.246388 0.278744 -0.460571
v 0.216834 0.269994 0.381714
v 0.219047 0.272878 0.386286
v 0.215935 0.274930 0.381714
v 0.231218 0.288745 0.386286
v 0.233430 0.291629 0.381714
v 0.228106 0.290796 0.381714
v 0.216834 0.269994 0.186857
v 0.215935 0.274930 0.186857
v 0.219047 0.272878 0.182286
v 0.233430 0.291629 0.186857
v 0.231218 0.288745 0.182286
v 0.228106 0.290796 0.186857
v 0.375191 0.165598 0.381714
v 0.380516 0.166431 0.381714
v 0.377404 0.168482 0.386286
v 0.391787 0.187234 0.381714
v 0.389575 0.184349 0.386286
v 0.392686 0.182297 0.381714
v 0.375191 0.165598 0.186857
v 0.377404 0.168482 0.182286
v 0.380516 0.166431 0.186857
v 0.391787 0.187234 0.186857
v 0.392686 0.182297 0.186857
v 0.389575 0.184349 0.182286
v 0.216834 0.269994 0.167429
v 0.219047 0.272878 0.172000
v 0.215935 0.274930 0.167429
v 0.231218 0.288745 0.172000
v 0.233430 0.291629 0.167429
v 0.228106 0.290796 0.167429
v 0.216834 0.269994 -0.027429
v 0.215935 0.274930 -0.027429
v 0.219047 0.272878 -0.032000
v 0.233430 0.291629 -0.027429
v 0.231218 0.288745 -0.032000
v 0.228106 0.290796 -0.027429
v 0.375191 0.165598 0.167429
v 0.380516 0.166431 0.167429
v 0.377404 0.168482 0.172000
v 0.391787 0.187234 0.167429
v 0.389575 0.184349 0.172000
v 0.392686 0.182297 0.167429
v 0.375191 0.165598 -0.027429
v 0.377404 0.168482 -0.032000
v 0.380516 0.166431 -0.027429
v 0.391787 0.187234 -0.027429
v 0.392686 0.182297 -0.027429
v 0.389575 0.184349 -0.032000
v 0.216834 0.269994 -0.046857
v 0.219047 0.272878 -0.042286
v 0.215935 0.274930 -0.046857
v 0.231218 0.288745 -0.042286
v 0.233430 0.291629 -0.046857
v 0.228106 0.290796 -0.046857
v 0.216834 0.269994 -0.241714
v 0.215935 0.274930 -0.241714
v 0.219047 0.272878 -0.246286
v 0.233430 0.291629 -0.241714
v 0.231218 0.288745 -0.246286
v 0.228106 0.290796 -0.241714
v 0.375191 0.165598 -0.046857
v 0.380516 0.166431 -0.046857
v 0.377404 0.168482 -0.042286
v 0.391787 0.187234 -0.046857
v 0.389575 0.184349 -0.042286
v 0.392686 0.182297 -0.046857
v 0.375191 0.165598 -0.241714
v 0.377404 0.168482 -0.246286
v 0.380516 0.166431 -0.241714
v 0.391787 0.187234 -0.241714
v 0.392686 0.182297 -0.241714
v 0.389575 0.184349 -0.246286
v 0.216834 0.269994 -0.261143
v 0.219047 0.272878 -0.256571
v 0.215935 0.274930 -0.261143
v 0.231218 0.288745 -0.256571
v 0.233430 0.291629 -0.261143
v 0.228106 0.290796 -0.261143
v 0.216834 0.269994 -0.456000
v 0.215935 0.274930 -0.456000
v 0.219047 0.272878 -0.460571
v 0.233430 0.291629 -0.456000
v 0.231218 0.288745 -0.460571
v 0.228106 0.290796 -0.456000
v 0.375191 0.165598 -0.261143
v 0.380516 0.166431 -0.261143
v 0.377404 0.168482 -0.256571
v 0.391787 0.187234 -0.261143
v 0.389575 0.184349 -0.256571
v 0.392686 0.182297 -0.261143
v 0.375191 0.165598 -0.456000
v 0.377404 0.168482 -0.460571
v 0.380516 0.166431 -0.456000
v 0.391787 0.187234 -0.456000
v 0.392686 0.182297 -0.456000
v 0.389575 0.184349 -0.460571
v -0.053657 0.500000 0.425714
v -0.053657 0.500000 -0.500000
v -0.075594 0.491576 0.425714
v -0.075594 0.491576 -0.500000
v -0.084681 0.471239 0.425714
v -0.084681 0.471239 -0.500000
v -0.075594 0.450902 0.425714
v -0.075594 0.450902 -0.500000
v -0.053657 0.442478 0.425714
v -0.053657 0.442478 -0.500000
v -0.031720 0.450902 0.425714
v -0.031720 0.450902 -0.500000
v -0.022633 0.471239 0.425714
v -0.022633 0.471239 -0.500000
v -0.031720 0.491576 0.425714
v -0.031720 0.491576 -0.500000
v -0.313780 -0.431416 0.308571
v -0.313780 -0.424779 0.317143
v -0.320939 -0.424779 0.308571
v -0.313780 -0.017699 0.317143
v -0.313780 -0.011062 0.308571
v -0.320939 -0.017699 0.308571
v -0.313780 -0.431416 0.280000
v -0.320939 -0.424779 0.280000
v -0.313780 -0.424779 0.271429
v -0.313780 -0.011062 0.280000
v -0.313780 -0.017699 0.271429
v -0.320939 -0.017699 0.280000
v -0.118091 -0.431416 0.308571
v -0.110932 -0.424779 0.308571
v -0.118091 -0.424779 0.317143
v -0.118091 -0.011062 0.308571
v -0.118091 -0.017699 0.317143
v -0.110932 -0.017699 0.308571
v -0.118091 -0.431416 0.280000
v -0.118091 -0.424779 0.271429
v -0.110932 -0.424779 0.280000
v -0.118091 -0.011062 0.280000
v -0.110932 -0.017699 0.280000
v -0.118091 -0.017699 0.271429
v -0.312348 -0.352876 0.329714
v -0.312348 -0.349336 0.334286
v -0.316166 -0.349336 0.329714
v -0.312348 -0.332080 0.334286
v -0.312348 -0.328540 0.329714
v -0.316166 -0.332080 0.329714
v -0.312348 -0.352876 0.321714
v -0.316166 -0.349336 0.321714
v -0.312348 -0.349336 0.317143
v -0.312348 -0.328540 0.321714
v -0.312348 -0.332080 0.317143
v -0.316166 -0.332080 0.321714
v -0.234073 -0.352876 0.329714
v -0.230254 -0.349336 0.329714
v -0.234073 -0.349336 0.334286
v -0.234073 -0.328540 0.329714
v -0.234073 -0.332080 0.334286
v -0.230254 -0.332080 0.329714
v -0.234073 -0.352876 0.321714
v -0.234073 -0.349336 0.317143
v -0.230254 -0.349336 0.321714
v -0.234073 -0.328540 0.321714
v -0.230254 -0.332080 0.321714
v -0.234073 -0.332080 0.317143
v -0.312348 -0.127212 0.329714
v -0.312348 -0.123673 0.334286
v -0.316166 -0.123673 0.329714
v -0.312348 -0.106416 0.334286
v -0.312348 -0.102876 0.329714
v -0.316166 -0.106416 0.329714
v -0.312348 -0.127212 0.321714
v -0.316166 -0.123673 0.321714
v -0.312348 -0.123673 0.317143
v -0.312348 -0.102876 0.321714
v -0.312348 -0.106416 0.317143
v -0.316166 -0.106416 0.321714
v -0.234073 -0.127212 0.329714
v -0.230254 -0.123673 0.329714
v -0.234073 -0.123673 0.334286
v -0.234073 -0.102876 0.329714
v -0.234073 -0.106416 0.334286
v -0.230254 -0.106416 0.329714
v -0.234073 -0.127212 0.321714
v -0.234073 -0.123673 0.317143
v -0.230254 -0.123673 0.321714
v -0.234073 -0.102876 0.321714
v -0.230254 -0.106416 0.321714
v -0.234073 -0.106416 0.317143
v 0.001232 -0.256637 0.297143
v 0.001232 -0.250000 0.305714
v -0.005928 -0.250000 0.297143
v 0.001232 0.055310 0.305714
v 0.001232 0.061947 0.297143
v -0.005928 0.055310 0.297143
v 0.001232 -0.256637 0.280000
v -0.005928 -0.250000 0.280000
v 0.001232 -0.250000 0.271429
v 0.001232 0.061947 0.280000
v 0.001232 0.055310 0.271429
v -0.005928 0.055310 0.280000
v 0.244650 -0.256637 0.297143
v 0.251809 -0.250000 0.297143
v 0.244650 -0.250000 0.305714
v 0.244650 0.061947 0.297143
v 0.244650 0.055310 0.305714
v 0.251809 0.055310 0.297143
v 0.244650 -0.256637 0.280000
v 0.244650 -0.250000 0.271429
v 0.251809 -0.250000 0.280000
v 0.244650 0.061947 0.280000
v 0.251809 0.055310 0.280000
v 0.244650 0.055310 0.271429
v -0.028360 -0.236726 0.495429
v -0.028360 -0.233186 0.500000
v -0.032179 -0.233186 0.495429
v -0.028360 -0.218142 0.500000
v -0.028360 -0.214602 0.495429
v -0.032179 -0.218142 0.495429
v -0.028360 -0.236726 0.276000
v -0.032179 -0.233186 0.276000
v -0.028360 -0.233186 0.271429
v -0.028360 -0.214602 0.276000
v -0.028360 -0.218142 0.271429
v -0.032179 -0.218142 0.276000
v 0.274242 -0.236726 0.495429
v 0.278060 -0.233186 0.495429
v 0.274242 -0.233186 0.500000
v 0.274242 -0.214602 0.495429
v 0.274242 -0.218142 0.500000
v 0.278060 -0.218142 0.495429
v 0.274242 -0.236726 0.276000
v 0.274242 -0.233186 0.271429
v 0.278060 -0.233186 0.276000
v 0.274242 -0.214602 0.276000
v 0.278060 -0.218142 0.276000
v 0.274242 -0.218142 0.271429
v -0.028360 -0.108407 0.495429
v -0.028360 -0.104867 0.500000
v -0.032179 -0.104867 0.495429
v -0.028360 -0.089823 0.500000
v -0.028360 -0.086283 0.495429
v -0.032179 -0.089823 0.495429
v -0.028360 -0.108407 0.276000
v -0.032179 -0.104867 0.276000
v -0.028360 -0.104867 0.271429
v -0.028360 -0.086283 0.276000
v -0.028360 -0.089823 0.271429
v -0.032179 -0.089823 0.276000
v 0.274242 -0.108407 0.495429
v 0.278060 -0.104867 0.495429
v 0.274242 -0.104867 0.500000
v 0.274242 -0.086283 0.495429
v 0.274242 -0.089823 0.500000
v 0.278060 -0.089823 0.495429
v 0.274242 -0.108407 0.276000
v 0.274242 -0.104867 0.271429
v 0.278060 -0.104867 0.276000
v 0.274242 -0.086283 0.276000
v 0.278060 -0.089823 0.276000
v 0.274242 -0.089823 0.271429
v -0.028360 0.006637 0.495429
v -0.028360 0.010177 0.500000
v -0.032179 0.010177 0.495429
v -0.028360 0.025221 0.500000
v -0.028360 0.028761 0.495429
v -0.032179 0.025221 0.495429
v -0.028360 0.006637 0.276000
v -0.032179 0.010177 0.276000
v -0.028360 0.010177 0.271429
v -0.028360 0.028761 0.276000
v -0.028360 0.025221 0.271429
v -0.032179 0.025221 0.276000
v 0.274242 0.006637 0.495429
v 0.278060 0.010177 0.495429
v 0.274242 0.010177 0.500000
v 0.274242 0.028761 0.495429
v 0.274242 0.025221 0.500000
v 0.278060 0.025221 0.495429
v 0.274242 0.006637 0.276000
v 0.274242 0.010177 0.271429
v 0.278060 0.010177 0.276000
v 0.274242 0.028761 0.276000
v 0.278060 0.025221 0.276000
v 0.274242 0.025221 0.271429
v 0.013164 -0.225664 0.391429
v 0.039067 -0.206096 0.413960
v 0.003270 -0.206096 0.427885
v -0.018854 -0.206096 0.391429
v 0.003270 -0.206096 0.354972
v 0.039067 -0.206096 0.368897
v 0.023058 -0.174435 0.427885
v -0.012739 -0.174435 0.413960
v -0.012739 -0.174435 0.368897
v 0.023058 -0.174435 0.354972
v 0.045181 -0.174435 0.391429
v 0.013164 -0.154867 0.391429
v 0.007348 -0.220377 0.412857
v 0.028389 -0.220377 0.404672
v 0.022574 -0.208876 0.426100
v 0.043614 -0.208876 0.391429
v 0.028389 -0.220377 0.378185
v -0.005656 -0.220377 0.391429
v -0.011471 -0.208876 0.412857
v 0.007348 -0.220377 0.370000
v -0.011471 -0.208876 0.370000
v 0.022574 -0.208876 0.356757
v 0.047209 -0.190265 0.404672
v 0.047209 -0.190265 0.378185
v 0.013164 -0.190265 0.434286
v 0.034205 -0.190265 0.426101
v -0.020881 -0.190265 0.404672
v -0.007877 -0.190265 0.426101
v -0.007877 -0.190265 0.356756
v -0.020881 -0.190265 0.378185
v 0.034205 -0.190265 0.356756
v 0.013164 -0.190265 0.348571
v 0.037799 -0.171655 0.412857
v 0.003754 -0.171655 0.426100
v -0.017287 -0.171655 0.391429
v 0.003754 -0.171655 0.356757
v 0.037799 -0.171655 0.370000
v 0.018979 -0.160154 0.412857
v 0.031983 -0.160154 0.391429
v -0.002061 -0.160154 0.404672
v -0.002061 -0.160154 0.378185
v 0.018979 -0.160154 0.370000
v 0.013164 -0.168142 0.376571
v 0.013164 -0.132743 0.376571
v 0.021939 -0.168142 0.380923
v 0.021939 -0.132743 0.380923
v 0.025573 -0.168142 0.391429
v 0.025573 -0.132743 0.391429
v 0.021939 -0.168142 0.401934
v 0.021939 -0.132743 0.401934
v 0.013164 -0.168142 0.406286
v 0.013164 -0.132743 0.406286
v 0.004389 -0.168142 0.401934
v 0.004389 -0.132743 0.401934
v 0.000754 -0.168142 0.391429
v 0.000754 -0.132743 0.391429
v 0.004389 -0.168142 0.380923
v 0.004389 -0.132743 0.380923
v 0.118168 -0.225664 0.391429
v 0.144071 -0.206096 0.413960
v 0.108274 -0.206096 0.427885
v 0.086150 -0.206096 0.391429
v 0.108274 -0.206096 0.354972
v 0.144071 -0.206096 0.368897
v 0.128062 -0.174435 0.427885
v 0.092265 -0.174435 0.413960
v 0.092265 -0.174435 0.368897
v 0.128062 -0.174435 0.354972
v 0.150185 -0.174435 0.391429
v 0.118168 -0.154867 0.391429
v 0.112352 -0.220377 0.412857
v 0.133393 -0.220377 0.404672
v 0.127578 -0.208876 0.426100
v 0.148618 -0.208876 0.391429
v 0.133393 -0.220377 0.378185
v 0.099348 -0.220377 0.391429
v 0.093533 -0.208876 0.412857
v 0.112352 -0.220377 0.370000
v 0.093533 -0.208876 0.370000
v 0.127578 -0.208876 0.356757
v 0.152213 -0.190265 0.404672
v 0.152213 -0.190265 0.378185
v 0.118168 -0.190265 0.434286
v 0.139209 -0.190265 0.426101
v 0.084123 -0.190265 0.404672
v 0.097127 -0.190265 0.426101
v 0.097127 -0.190265 0.356756
v 0.084123 -0.190265 0.378185
v 0.139209 -0.190265 0.356756
v 0.118168 -0.190265 0.348571
v 0.142803 -0.171655 0.412857
v 0.108758 -0.171655 0.426100
v 0.087717 -0.171655 0.391429
v 0.108758 -0.171655 0.356757
v 0.142803 -0.171655 0.370000
v 0.123983 -0.160154 0.412857
v 0.136987 -0.160154 0.391429
v 0.102943 -0.160154 0.404672
v 0.102943 -0.160154 0.378185
v 0.123983 -0.160154 0.370000
v 0.118168 -0.168142 0.376571
v 0.118168 -0.132743 0.376571
v 0.126943 -0.168142 0.380923
v 0.126943 -0.132743 0.380923
v 0.130577 -0.168142 0.391429
v 0.130577 -0.132743 0.391429
v 0.126943 -0.168142 0.401934
v 0.126943 -0.132743 0.401934
v 0.118168 -0.168142 0.406286
v 0.118168 -0.132743 0.406286
v 0.109393 -0.168142 0.401934
v 0.109393 -0.132743 0.401934
v 0.105758 -0.168142 0.391429
v 0.105758 -0.132743 0.391429
v 0.109393 -0.168142 0.380923
v 0.109393 -0.132743 0.380923
v 0.223172 -0.225664 0.391429
v 0.249074 -0.206096 0.413960
v 0.213278 -0.206096 0.427885
v 0.191154 -0.206096 0.391429
v 0.213278 -0.206096 0.354972
v 0.249074 -0.206096 0.368897
v 0.233065 -0.174435 0.427885
v 0.197269 -0.174435 0.413960
v 0.197269 -0.174435 0.368897
v 0.233065 -0.174435 0.354972
v 0.255189 -0.174435 0.391429
v 0.223172 -0.154867 0.391429
v 0.217356 -0.220377 0.412857
v 0.238397 -0.220377 0.404672
v 0.232581 -0.208876 0.426100
v 0.253622 -0.208876 0.391429
v 0.238397 -0.220377 0.378185
v 0.204352 -0.220377 0.391429
v 0.198537 -0.208876 0.412857
v 0.217356 -0.220377 0.370000
v 0.198537 -0.208876 0.370000
v 0.232581 -0.208876 0.356757
v 0.257216 -0.190265 0.404672
v 0.257216 -0.190265 0.378185
v 0.223172 -0.190265 0.434286
v 0.244212 -0.190265 0.426101
v 0.189127 -0.190265 0.404672
v 0.202131 -0.190265 0.426101
v 0.202131 -0.190265 0.356756
v 0.189127 -0.190265 0.378185
v 0.244212 -0.190265 0.356756
v 0.223172 -0.190265 0.348571
v 0.247807 -0.171655 0.412857
v 0.213762 -0.171655 0.426100
v 0.192721 -0.171655 0.391429
v 0.213762 -0.171655 0.356757
v 0.247807 -0.171655 0.370000
v 0.228987 -0.160154 0.412857
v 0.241991 -0.160154 0.391429
v 0.207946 -0.160154 0.404672
v 0.207946 -0.160154 0.378185
v 0.228987 -0.160154 0.370000
v 0.223172 -0.168142 0.376571
v 0.223172 -0.132743 0.376571
v 0.231946 -0.168142 0.380923
v 0.231946 -0.132743 0.380923
v 0.235581 -0.168142 0.391429
v 0.235581 -0.132743 0.391429
v 0.231946 -0.168142 0.401934
v 0.231946 -0.132743 0.401934
v 0.223172 -0.168142 0.406286
v 0.223172 -0.132743 0.406286
v 0.214397 -0.168142 0.401934
v 0.214397 -0.132743 0.401934
v 0.210762 -0.168142 0.391429
v 0.210762 -0.132743 0.391429
v 0.214397 -0.168142 0.380923
v 0.214397 -0.132743 0.380923
v 0.013164 -0.097345 0.391429
v 0.039067 -0.077778 0.413960
v 0.003270 -0.077778 0.427885
v -0.018854 -0.077778 0.391429
v 0.003270 -0.077778 0.354972
v 0.039067 -0.077778 0.368897
v 0.023058 -0.046116 0.427885
v -0.012739 -0.046116 0.413960
v -0.012739 -0.046116 0.368897
v 0.023058 -0.046116 0.354972
v 0.045181 -0.046116 0.391429
v 0.013164 -0.026549 0.391429
v 0.007348 -0.092059 0.412857
v 0.028389 -0.092059 0.404672
v 0.022574 -0.080557 0.426100
v 0.043614 -0.080557 0.391429
v 0.028389 -0.092059 0.378185
v -0.005656 -0.092058 0.391429
v -0.011471 -0.080557 0.412857
v 0.007348 -0.092059 0.370000
v -0.011471 -0.080557 0.370000
v 0.022574 -0.080557 0.356757
v 0.047209 -0.061947 0.404672
v 0.047209 -0.061947 0.378185
v 0.013164 -0.061947 0.434286
v 0.034205 -0.061947 0.426101
v -0.020881 -0.061947 0.404672
v -0.007877 -0.061947 0.426101
v -0.007877 -0.061947 0.356756
v -0.020881 -0.061947 0.378185
v 0.034205 -0.061947 0.356756
v 0.013164 -0.061947 0.348571
v 0.037799 -0.043337 0.412857
v 0.003754 -0.043337 0.426100
v -0.017287 -0.043337 0.391429
v 0.003754 -0.043337 0.356757
v 0.037799 -0.043337 0.370000
v 0.018979 -0.031835 0.412857
v 0.031983 -0.031835 0.391429
v -0.002061 -0.031835 0.404672
v -0.002061 -0.031835 0.378185
v 0.018979 -0.031835 0.370000
v 0.013164 -0.039823 0.376571
v 0.013164 -0.004425 0.376571
v 0.021939 -0.039823 0.380923
v 0.021939 -0.004425 0.380923
v 0.025573 -0.039823 0.391429
v 0.025573 -0.004425 0.391429
v 0.021939 -0.039823 0.401934
v 0.021939 -0.004425 0.401934
v 0.013164 -0.039823 0.406286
v 0.013164 -0.004425 0.406286
v 0.004389 -0.039823 0.401934
v 0.004389 -0.004425 0.401934
v 0.000754 -0.039823 0.391429
v 0.000754 -0.004425 0.391429
v 0.004389 -0.039823 0.380923
v 0.004389 -0.004425 0.380923
v 0.118168 -0.097345 0.391429
v 0.144071 -0.077778 0.413960
v 0.108274 -0.077778 0.427885
v 0.086150 -0.077778 0.391429
v 0.108274 -0.077778 0.354972
v 0.144071 -0.077778 0.368897
v 0.128062 -0.046116 0.427885
v 0.092265 -0.046116 0.413960
v 0.092265 -0.046116 0.368897
v 0.128062 -0.046116 0.354972
v 0.150185 -0.046116 0.391429
v 0.118168 -0.026549 0.391429
v 0.112352 -0.092059 0.412857
v 0.133393 -0.092059 0.404672
v 0.127578 -0.080557 0.426100
v 0.148618 -0.080557 0.391429
v 0.133393 -0.092059 0.378185
v 0.099348 -0.092058 0.391429
v 0.093533 -0.080557 0.412857
v 0.112352 -0.092059 0.370000
v 0.093533 -0.080557 0.370000
v 0.127578 -0.080557 0.356757
v 0.152213 -0.061947 0.404672
v 0.152213 -0.061947 0.378185
v 0.118168 -0.061947 0.434286
v 0.139209 -0.061947 0.426101
v 0.084123 -0.061947 0.404672
v 0.097127 -0.061947 0.426101
v 0.097127 -0.061947 0.356756
v 0.084123 -0.061947 0.378185
v 0.139209 -0.061947 0.356756
v 0.118168 -0.061947 0.348571
v 0.142803 -0.043337 0.412857
v 0.108758 -0.043337 0.426100
v 0.087717 -0.043337 0.391429
v 0.108758 -0.043337 0.356757
v 0.142803 -0.043337 0.370000
v 0.123983 -0.031835 0.412857
v 0.136987 -0.031835 0.391429
v 0.102943 -0.031835 0.404672
v 0.102943 -0.031835 0.378185
v 0.123983 -0.031835 0.370000
v 0.118168 -0.039823 0.376571
v 0.118168 -0.004425 0.376571
v 0.126943 -0.039823 0.380923
v 0.126943 -0.004425 0.380923
v 0.130577 -0.039823 0.391429
v 0.130577 -0.004425 0.391429
v 0.126943 -0.039823 0.401934
v 0.126943 -0.004425 0.401934
v 0.118168 -0.039823 0.406286
v 0.118168 -0.004425 0.406286
v 0.109393 -0.039823 0.401934
v 0.109393 -0.004425 0.401934
v 0.105758 -0.039823 0.391429
v 0.105758 -0.004425 0.391429
v 0.109393 -0.039823 0.380923
v 0.109393 -0.004425 0.380923
v 0.223172 -0.097345 0.391429
v 0.249074 -0.077778 0.413960
v 0.213278 -0.077778 0.427885
v 0.191154 -0.077778 0.391429
v 0.213278 -0.077778 0.354972
v 0.249074 -0.077778 0.368897
v 0.233065 -0.046116 0.427885
v 0.197269 -0.046116 0.413960
v 0.197269 -0.046116 0.368897
v 0.233065 -0.046116 0.354972
v 0.255189 -0.046116 0.391429
v 0.223172 -0.026549 0.391429
v 0.217356 -0.092059 0.412857
v 0.238397 -0.092059 0.404672
v 0.232581 -0.080557 0.426100
v 0.253622 -0.080557 0.391429
v 0.238397 -0.092059 0.378185
v 0.204352 -0.092058 0.391429
v 0.198537 -0.080557 0.412857
v 0.217356 -0.092059 0.370000
v 0.198537 -0.080557 0.370000
v 0.232581 -0.080557 0.356757
v 0.257216 -0.061947 0.404672
v 0.257216 -0.061947 0.378185
v 0.223172 -0.061947 0.434286
v 0.244212 -0.061947 0.426101
v 0.189127 -0.061947 0.404672
v 0.202131 -0.061947 0.426101
v 0.202131 -0.061947 0.356756
v 0.189127 -0.061947 0.378185
v 0.244212 -0.061947 0.356756
v 0.223172 -0.061947 0.348571
v 0.247807 -0.043337 0.412857
v 0.213762 -0.043337 0.426100
v 0.192721 -0.043337 0.391429
v 0.213762 -0.043337 0.356757
v 0.247807 -0.043337 0.370000
v 0.228987 -0.031835 0.412857
v 0.241991 -0.031835 0.391429
v 0.207946 -0.031835 0.404672
v 0.207946 -0.031835 0.378185
v 0.228987 -0.031835 0.370000
v 0.223172 -0.039823 0.376571
v 0.223172 -0.004425 0.376571
v 0.231946 -0.039823 0.380923
v 0.231946 -0.004425 0.380923
v 0.235581 -0.039823 0.391429
v 0.235581 -0.004425 0.391429
v 0.231946 -0.039823 0.401934
v 0.231946 -0.004425 0.401934
v 0.223172 -0.039823 0.406286
v 0.223172 -0.004425 0.406286
v 0.214397 -0.039823 0.401934
v 0.214397 -0.004425 0.401934
v 0.210762 -0.039823 0.391429
v 0.210762 -0.004425 0.391429
v 0.214397 -0.039823 0.380923
v 0.214397 -0.004425 0.380923
v 0.309084 0.131858 0.134286
v 0.433179 0.131858 0.134286
v 0.309084 0.128230 0.122972
v 0.433179 0.128230 0.122972
v 0.309084 0.119469 0.118286
v 0.433179 0.119469 0.118286
v 0.309084 0.110708 0.122972
v 0.433179 0.110708 0.122972
v 0.309084 0.107080 0.134286
v 0.433179 0.107080 0.134286
v 0.309084 0.110708 0.145599
v 0.433179 0.110708 0.145599
v 0.309084 0.119469 0.150286
v 0.433179 0.119469 0.150286
v 0.309084 0.128230 0.145599
v 0.433179 0.128230 0.145599
v 0.414088 0.075221 0.118571
v 0.414088 0.075221 0.150000
v 0.446965 0.069159 0.118571
v 0.446965 0.069159 0.150000
v 0.474837 0.051893 0.118571
v 0.474837 0.051893 0.150000
v 0.493460 0.026054 0.118571
v 0.493460 0.026054 0.150000
v 0.500000 -0.004425 0.118571
v 0.500000 -0.004425 0.150000
v 0.493460 -0.034904 0.118571
v 0.493460 -0.034904 0.150000
v 0.474837 -0.060743 0.118571
v 0.474837 -0.060743 0.150000
v 0.446965 -0.078008 0.118571
v 0.446965 -0.078008 0.150000
v 0.414088 -0.084071 0.118571
v 0.414088 -0.084071 0.150000
v 0.381211 -0.078008 0.118571
v 0.381211 -0.078008 0.150000
v 0.353339 -0.060743 0.118571
v 0.353339 -0.060743 0.150000
v 0.334715 -0.034904 0.118571
v 0.334715 -0.034904 0.150000
v 0.328175 -0.004425 0.118571
v 0.328175 -0.004425 0.150000
v 0.334715 0.026054 0.118571
v 0.334715 0.026054 0.150000
v 0.353339 0.051893 0.118571
v 0.353339 0.051893 0.150000
v 0.381211 0.069159 0.118571
v 0.381211 0.069159 0.150000
v 0.414088 -0.048673 0.157143
v 0.438263 -0.029105 0.163752
v 0.404854 -0.029105 0.167837
v 0.384205 -0.029105 0.157143
v 0.404854 -0.029105 0.146449
v 0.438263 -0.029105 0.150534
v 0.423322 0.002556 0.167837
v 0.389912 0.002556 0.163752
v 0.389912 0.002556 0.150534
v 0.423322 0.002556 0.146449
v 0.443971 0.002556 0.157143
v 0.414088 0.022124 0.157143
v 0.407406 0.006637 0.159429
v 0.407406 0.009735 0.163429
v 0.404065 0.009735 0.159429
v 0.407406 0.043363 0.163429
v 0.407406 0.046460 0.159429
v 0.404065 0.043363 0.159429
v 0.407406 0.006637 0.154857
v 0.404065 0.009735 0.154857
v 0.407406 0.009735 0.150857
v 0.407406 0.046460 0.154857
v 0.407406 0.043363 0.150857
v 0.404065 0.043363 0.154857
v 0.420770 0.006637 0.159429
v 0.424111 0.009735 0.159429
v 0.420770 0.009735 0.163429
v 0.420770 0.046460 0.159429
v 0.420770 0.043363 0.163429
v 0.424111 0.043363 0.159429
v 0.420770 0.006637 0.154857
v 0.420770 0.009735 0.150857
v 0.424111 0.009735 0.154857
v 0.420770 0.046460 0.154857
v 0.424111 0.043363 0.154857
v 0.420770 0.043363 0.150857
vn -0.0000 -0.0000 1.0000
vn 1.0000 -0.0000 -0.0000
vn -0.0000 1.0000 -0.0000
vn -1.0000 -0.0000 -0.0000
vn -0.0000 -0.0000 -1.0000
vn -0.5912 -0.6377 0.4938
vn -0.5912 0.6377 0.4938
vn -0.5912 -0.6377 -0.4938
vn -0.5912 0.6377 -0.4938
vn 0.5912 -0.6377 0.4938
vn 0.5912 0.6377 0.4938
vn 0.5912 -0.6377 -0.4938
vn 0.5912 0.6377 -0.4938
vn -0.6799 -0.7333 -0.0000
vn -0.7675 -0.0000 0.6411
vn -0.6799 0.7333 -0.0000
vn -0.7675 -0.0000 -0.6411
vn -0.0000 -0.7907 -0.6122
vn -0.0000 0.7907 -0.6122
vn 0.7675 -0.0000 -0.6411
vn 0.6799 -0.7333 -0.0000
vn 0.6799 0.7333 -0.0000
vn 0.7675 -0.0000 0.6411
vn -0.0000 -0.7907 0.6122
vn -0.0000 0.7907 0.6122
vn -0.0000 -1.0000 -0.0000
vn 0.5504 0.8349 -0.0000
vn -0.5504 0.8349 -0.0000
vn 0.7935 0.6086 -0.0000
vn -0.7935 -0.6086 -0.0000
vn -0.1356 -0.8662 0.4810
vn -0.8476 0.1544 0.5077
vn -0.1356 -0.8662 -0.4810
vn -0.8476 0.1544 -0.5077
vn 0.8476 -0.1544 0.5077
vn 0.1356 0.8662 0.4810
vn 0.8476 -0.1544 -0.5077
vn 0.1356 0.8662 -0.4810
vn -0.1546 -0.9880 -0.0000
vn -0.6156 -0.4722 0.6309
vn -0.9838 0.1792 -0.0000
vn -0.6156 -0.4722 -0.6309
vn 0.4312 -0.6541 -0.6215
vn -0.4312 0.6541 -0.6215
vn 0.6156 0.4722 -0.6309
vn 0.9838 -0.1792 -0.0000
vn 0.1546 0.9880 -0.0000
vn 0.6156 0.4722 0.6309
vn 0.4312 -0.6541 0.6215
vn -0.4312 0.6541 0.6215
vn 0.5504 -0.8349 -0.0000
vn 0.7935 -0.6086 -0.0000
vn -0.7935 0.6086 -0.0000
vn -0.8476 -0.1544 0.5077
vn -0.1356 0.8662 0.4810
vn -0.8476 -0.1544 -0.5077
vn -0.1356 0.8662 -0.4810
vn 0.1356 -0.8662 0.4810
vn 0.8476 0.1544 0.5077
vn 0.1356 -0.8662 -0.4810
vn 0.8476 0.1544 -0.5077
vn -0.9838 -0.1792 -0.0000
vn -0.6156 0.4722 0.6309
vn -0.1546 0.9880 -0.0000
vn -0.6156 0.4722 -0.6309
vn -0.4312 -0.6541 -0.6215
vn 0.4312 0.6541 -0.6215
vn 0.6156 -0.4722 -0.6309
vn 0.1546 -0.9880 -0.0000
vn 0.9838 0.1792 -0.0000
vn 0.6156 -0.4722 0.6309
vn -0.4312 -0.6541 0.6215
vn 0.4312 0.6541 0.6215
vn -0.5504 -0.8349 -0.0000
vn -0.0000 0.7728 -0.6346
vn -0.5340 0.5634 0.6304
vn -0.0000 0.7728 0.6346
vn -0.5340 0.5634 -0.6304
vn -0.7800 -0.0000 0.6258
vn -0.7800 -0.0000 -0.6258
vn -0.5340 -0.5634 0.6304
vn -0.5340 -0.5634 -0.6304
vn -0.0000 -0.7728 0.6346
vn -0.0000 -0.7728 -0.6346
vn 0.5340 -0.5634 0.6304
vn 0.5340 -0.5634 -0.6304
vn 0.7800 -0.0000 0.6258
vn 0.7800 -0.0000 -0.6258
vn 0.5340 0.5634 0.6304
vn 0.5340 0.5634 -0.6304
vn -0.6799 -0.7334 -0.0000
vn 0.6799 0.7334 -0.0000
vn 0.1029 -0.9589 0.2645
vn 0.7044 -0.6731 0.2252
vn -0.2669 -0.9500 0.1620
vn -0.2669 -0.9500 -0.1620
vn 0.1029 -0.9589 -0.2645
vn 0.9138 -0.3374 0.2261
vn 0.0289 -0.3902 0.9203
vn -0.9022 -0.3388 0.2669
vn -0.6296 -0.3661 -0.6853
vn 0.5905 -0.3691 -0.7177
vn 0.8472 -0.1341 0.5141
vn -0.3585 -0.1486 0.9216
vn -0.9919 -0.1270 -0.0000
vn -0.3585 -0.1486 -0.9216
vn 0.8472 -0.1341 -0.5141
vn 0.4334 0.7091 0.5562
vn -0.4948 0.7026 0.5114
vn -0.7044 0.6731 -0.2252
vn 0.0420 0.7299 -0.6822
vn 0.7246 0.6697 -0.1628
vn 0.2669 0.9500 -0.1620
vn 0.4972 0.8135 -0.3017
vn 0.4334 0.7091 -0.5562
vn -0.1029 0.9589 -0.2645
vn -0.1963 0.8408 -0.5045
vn -0.4948 0.7026 -0.5114
vn -0.3280 0.9447 -0.0000
vn -0.6028 0.7979 -0.0000
vn -0.7044 0.6731 0.2252
vn -0.1029 0.9589 0.2645
vn -0.1963 0.8408 0.5045
vn 0.0420 0.7299 0.6822
vn 0.2669 0.9500 0.1620
vn 0.4972 0.8135 0.3017
vn 0.7246 0.6697 0.1628
vn 0.9022 0.3388 -0.2669
vn 0.8376 0.2000 -0.5083
vn 0.6296 0.3661 -0.6853
vn -0.0289 0.3902 -0.9203
vn -0.3536 0.2210 -0.9089
vn -0.5905 0.3691 -0.7177
vn -0.9138 0.3374 -0.2261
vn -0.9819 0.1896 -0.0000
vn -0.9138 0.3374 0.2261
vn -0.5905 0.3691 0.7177
vn -0.3536 0.2210 0.9089
vn -0.0289 0.3902 0.9203
vn 0.6296 0.3661 0.6853
vn 0.8376 0.2000 0.5083
vn 0.9022 0.3388 0.2669
vn 0.3585 0.1486 -0.9216
vn 0.3536 -0.2210 -0.9089
vn 0.0289 -0.3902 -0.9203
vn -0.8472 0.1341 -0.5141
vn -0.8376 -0.2000 -0.5083
vn -0.9022 -0.3388 -0.2669
vn -0.8472 0.1341 0.5141
vn -0.8376 -0.2000 0.5083
vn -0.6296 -0.3661 0.6853
vn 0.3585 0.1486 0.9216
vn 0.3536 -0.2210 0.9089
vn 0.5905 -0.3691 0.7177
vn 0.9919 0.1270 -0.0000
vn 0.9819 -0.1896 -0.0000
vn 0.9138 -0.3374 -0.2261
vn 0.4948 -0.7026 -0.5114
vn 0.1963 -0.8408 -0.5045
vn -0.0420 -0.7299 -0.6822
vn -0.4334 -0.7091 -0.5562
vn -0.4972 -0.8135 -0.3017
vn -0.7246 -0.6697 -0.1628
vn -0.7246 -0.6697 0.1628
vn -0.4972 -0.8135 0.3017
vn -0.4334 -0.7091 0.5562
vn 0.7044 -0.6731 -0.2252
vn 0.6028 -0.7979 -0.0000
vn 0.3280 -0.9447 -0.0000
vn -0.0420 -0.7299 0.6822
vn 0.1963 -0.8408 0.5045
vn 0.4948 -0.7026 0.5114
vn -0.0000 0.6194 -0.7850
vn 0.5824 -0.6309 -0.5126
vn -0.0000 -0.6194 -0.7850
vn 0.5824 0.6309 -0.5126
vn 0.7681 -0.6404 -0.0000
vn 0.7681 0.6404 -0.0000
vn 0.5824 -0.6309 0.5126
vn 0.5824 0.6309 0.5126
vn -0.0000 -0.6194 0.7850
vn -0.0000 0.6194 0.7850
vn -0.5824 -0.6309 0.5126
vn -0.5824 0.6309 0.5126
vn -0.7681 -0.6404 -0.0000
vn -0.7681 0.6404 -0.0000
vn -0.5824 -0.6309 -0.5126
vn -0.5824 0.6309 -0.5126
vn 0.6444 0.7647 -0.0000
vn -0.6316 0.5955 -0.4965
vn -0.6444 0.7647 -0.0000
vn 0.6316 0.5955 -0.4965
vn -0.6148 -0.0000 -0.7887
vn 0.6148 -0.0000 -0.7887
vn -0.6316 -0.5955 -0.4965
vn 0.6316 -0.5955 -0.4965
vn -0.6444 -0.7647 -0.0000
vn 0.6444 -0.7647 -0.0000
vn -0.6316 -0.5955 0.4965
vn 0.6316 -0.5955 0.4965
vn -0.6148 -0.0000 0.7887
vn 0.6148 -0.0000 0.7887
vn -0.6316 0.5955 0.4965
vn 0.6316 0.5955 0.4965
vn -0.0000 0.7437 -0.6685
vn 0.2681 0.6944 0.6677
vn 0.2681 0.6944 -0.6677
vn 0.5088 0.5457 -0.6658
vn 0.5088 0.5457 0.6658
vn 0.6836 0.3036 -0.6637
vn 0.6836 0.3036 0.6637
vn 0.7488 -0.0000 -0.6628
vn 0.7488 -0.0000 0.6628
vn 0.6836 -0.3036 -0.6637
vn 0.6836 -0.3036 0.6637
vn 0.5088 -0.5457 -0.6658
vn 0.5088 -0.5457 0.6658
vn 0.2681 -0.6944 -0.6677
vn 0.2681 -0.6944 0.6677
vn -0.0000 -0.7437 -0.6685
vn -0.0000 -0.7437 0.6685
vn -0.2681 -0.6944 -0.6677
vn -0.2681 -0.6944 0.6677
vn -0.5088 -0.5457 -0.6658
vn -0.5088 -0.5457 0.6658
vn -0.6836 -0.3036 -0.6637
vn -0.6836 -0.3036 0.6637
vn -0.7488 -0.0000 -0.6628
vn -0.7488 -0.0000 0.6628
vn -0.6836 0.3036 -0.6637
vn -0.5088 0.5457 0.6658
vn -0.5088 0.5457 -0.6658
vn -0.2681 0.6944 0.6677
vn -0.2681 0.6944 -0.6677
vn 0.1092 -0.4365 0.8930
vn 0.6291 -0.7773 -0.0000
vn -0.3763 -0.5747 0.7267
vn -0.3763 -0.5747 -0.7267
vn 0.1092 -0.4365 -0.8930
vn 0.9841 -0.1774 -0.0000
vn 0.1211 -0.0706 0.9901
vn -0.4575 -0.1019 0.8834
vn -0.4575 -0.1019 -0.8834
vn 0.1211 -0.0706 -0.9901
vn 0.4575 0.1019 0.8834
vn -0.1211 0.0706 0.9901
vn -0.9841 0.1774 -0.0000
vn -0.1211 0.0706 -0.9901
vn 0.4575 0.1019 -0.8834
vn 0.3763 0.5747 0.7267
vn -0.1092 0.4365 0.8930
vn -0.6291 0.7773 -0.0000
vn -0.1092 0.4365 -0.8930
vn 0.3763 0.5747 -0.7267
vn -0.6799 0.7334 -0.0000
vn 0.6799 -0.7334 -0.0000
vn -0.0000 0.7437 0.6685
vn -0.6836 0.3036 0.6637
vt 0.000000 0.426071
vt 0.015196 0.240566
vt 0.015196 0.426071
vt 0.059058 0.417961
vt 0.074252 0.244756
vt 0.074252 0.417961
vt 0.560004 0.413205
vt 0.386182 0.227729
vt 0.560004 0.227729
vt 0.578596 0.177395
vt 0.593791 0.004190
vt 0.593791 0.177395
vt 0.029529 0.426071
vt 0.044725 0.240566
vt 0.044725 0.426071
vt 0.560004 0.189034
vt 0.564209 0.188976
vt 0.560004 0.192475
vt 0.381977 0.413263
vt 0.386182 0.413205
vt 0.386182 0.416763
vt 0.386182 0.189033
vt 0.386182 0.192475
vt 0.381977 0.188976
vt 0.564209 0.413263
vt 0.560004 0.416763
vt 0.560004 0.003558
vt 0.560004 0.000000
vt 0.564209 0.003500
vt 0.381977 0.227787
vt 0.386182 0.224288
vt 0.386183 0.003557
vt 0.381977 0.003500
vt 0.386183 0.000000
vt 0.560004 0.224288
vt 0.564209 0.227787
vt 0.578542 0.181586
vt 0.593736 0.181586
vt 0.593736 0.000000
vt 0.578596 0.004190
vt 0.578542 0.000000
vt 0.059112 0.422152
vt 0.074307 0.240566
vt 0.059058 0.244756
vt 0.059112 0.240566
vt 0.550506 0.590882
vt 0.693786 0.431044
vt 0.693786 0.590882
vt 0.751413 0.002095
vt 0.608150 0.151554
vt 0.608150 0.002095
vt 0.250900 0.610042
vt 0.100910 0.450230
vt 0.250900 0.450230
vt 0.550533 0.756719
vt 0.693796 0.607259
vt 0.693796 0.756718
vt 0.578542 0.384126
vt 0.721821 0.224288
vt 0.721821 0.384126
vt 0.534071 0.592636
vt 0.536173 0.592607
vt 0.534071 0.594357
vt 0.098807 0.610071
vt 0.100909 0.610042
vt 0.100909 0.611821
vt 0.384080 0.592636
vt 0.384080 0.594357
vt 0.381977 0.592607
vt 0.253003 0.610071
vt 0.250900 0.611821
vt 0.534071 0.432823
vt 0.534071 0.431045
vt 0.536174 0.432794
vt 0.098807 0.450259
vt 0.100910 0.448509
vt 0.384080 0.432823
vt 0.381977 0.432794
vt 0.384080 0.431044
vt 0.250901 0.448509
vt 0.253003 0.450259
vt 0.550506 0.758814
vt 0.693769 0.758814
vt 0.693769 0.605164
vt 0.550533 0.607259
vt 0.550506 0.605164
vt 0.751386 0.000000
vt 0.608123 0.153650
vt 0.751413 0.151554
vt 0.751386 0.153650
vt 0.029752 0.440353
vt 0.039119 0.586370
vt 0.029752 0.586370
vt 0.061161 0.436433
vt 0.072375 0.582433
vt 0.061161 0.582433
vt 0.001785 0.968143
vt 0.011151 0.956969
vt 0.011151 0.968143
vt 0.002103 0.440380
vt 0.013317 0.586379
vt 0.002103 0.586379
vt 0.357680 0.448576
vt 0.367047 0.594592
vt 0.357680 0.594592
vt 0.824826 0.965658
vt 0.824855 0.967754
vt 0.823099 0.965658
vt 0.001756 0.954874
vt 0.001785 0.956969
vt 0.000000 0.956969
vt 0.824826 0.954484
vt 0.823099 0.954484
vt 0.824855 0.952389
vt 0.001756 0.970239
vt 0.000000 0.968143
vt 0.834191 0.965658
vt 0.835976 0.965658
vt 0.834220 0.967754
vt 0.011121 0.954874
vt 0.012877 0.956969
vt 0.834191 0.954484
vt 0.834220 0.952389
vt 0.835976 0.954484
vt 0.012877 0.968143
vt 0.011121 0.970239
vt 0.000000 0.440353
vt 0.000000 0.586352
vt 0.015420 0.586352
vt 0.013317 0.440380
vt 0.015420 0.440353
vt 0.059058 0.436460
vt 0.074478 0.582460
vt 0.072375 0.436433
vt 0.074478 0.436460
vt 0.029752 0.600651
vt 0.039119 0.746668
vt 0.029752 0.746668
vt 0.269438 0.448509
vt 0.280653 0.594508
vt 0.269438 0.594508
vt 0.031537 0.966664
vt 0.040903 0.955489
vt 0.040903 0.966664
vt 0.300278 0.448603
vt 0.311492 0.594602
vt 0.300278 0.594602
vt 0.736154 0.224288
vt 0.745521 0.370304
vt 0.736154 0.370304
vt 0.786041 0.965658
vt 0.786070 0.967754
vt 0.784314 0.965658
vt 0.031508 0.953394
vt 0.031537 0.955489
vt 0.029752 0.955489
vt 0.786041 0.954484
vt 0.784314 0.954484
vt 0.786070 0.952389
vt 0.031508 0.968759
vt 0.029752 0.966664
vt 0.795406 0.965658
vt 0.797191 0.965658
vt 0.795435 0.967754
vt 0.040874 0.953394
vt 0.042630 0.955489
vt 0.795406 0.954484
vt 0.795435 0.952389
vt 0.797191 0.954484
vt 0.042630 0.966664
vt 0.040874 0.968759
vt 0.298175 0.448576
vt 0.298175 0.594575
vt 0.313595 0.594575
vt 0.311492 0.448603
vt 0.313595 0.448576
vt 0.267336 0.448536
vt 0.282755 0.594535
vt 0.280653 0.448509
vt 0.282755 0.448536
vt 0.737871 0.431044
vt 0.747238 0.577061
vt 0.737871 0.577061
vt 0.330030 0.448576
vt 0.341245 0.594575
vt 0.330030 0.594575
vt 0.070322 0.966664
vt 0.079688 0.955489
vt 0.079688 0.966664
vt 0.710221 0.431071
vt 0.721435 0.577071
vt 0.710221 0.577071
vt 0.737871 0.591352
vt 0.747238 0.737369
vt 0.737871 0.737369
vt 0.879246 0.965658
vt 0.879275 0.967753
vt 0.877519 0.965658
vt 0.070293 0.953394
vt 0.070322 0.955489
vt 0.068537 0.955489
vt 0.879246 0.954484
vt 0.877519 0.954484
vt 0.879275 0.952389
vt 0.070293 0.968759
vt 0.068537 0.966664
vt 0.888611 0.965658
vt 0.890396 0.965658
vt 0.888640 0.967754
vt 0.079659 0.953394
vt 0.081415 0.955489
vt 0.888611 0.954484
vt 0.888640 0.952389
vt 0.890396 0.954484
vt 0.081415 0.966664
vt 0.079659 0.968759
vt 0.708119 0.431044
vt 0.708119 0.577044
vt 0.723538 0.577044
vt 0.721435 0.431071
vt 0.723538 0.431044
vt 0.327928 0.448603
vt 0.343347 0.594602
vt 0.341245 0.448576
vt 0.343347 0.448603
vt 0.381977 0.608639
vt 0.391344 0.754655
vt 0.381977 0.754655
vt 0.061161 0.596741
vt 0.072375 0.742741
vt 0.061161 0.742741
vt 0.913631 0.965658
vt 0.922997 0.954484
vt 0.922997 0.965658
vt 0.002103 0.600688
vt 0.013317 0.746687
vt 0.002103 0.746687
vt 0.714171 0.591352
vt 0.723538 0.737369
vt 0.714171 0.737369
vt 0.852036 0.965658
vt 0.852065 0.967754
vt 0.850309 0.965658
vt 0.913602 0.952388
vt 0.913631 0.954484
vt 0.911846 0.954484
vt 0.852036 0.954484
vt 0.850309 0.954484
vt 0.852065 0.952389
vt 0.913602 0.967753
vt 0.911846 0.965658
vt 0.861401 0.965658
vt 0.863186 0.965658
vt 0.861430 0.967754
vt 0.922968 0.952388
vt 0.924724 0.954484
vt 0.861401 0.954484
vt 0.861430 0.952389
vt 0.863186 0.954484
vt 0.924724 0.965658
vt 0.922968 0.967753
vt 0.000000 0.600661
vt 0.000000 0.746660
vt 0.015420 0.746660
vt 0.013317 0.600688
vt 0.015420 0.600661
vt 0.059058 0.596768
vt 0.074478 0.742768
vt 0.072375 0.596741
vt 0.074478 0.596768
vt 0.367644 0.329291
vt 0.298175 0.434294
vt 0.298175 0.224288
vt 0.298175 0.000000
vt 0.367644 0.105003
vt 0.298175 0.210006
vt 0.098807 0.209973
vt 0.283843 0.000000
vt 0.283842 0.209973
vt 0.283842 0.224255
vt 0.098807 0.328000
vt 0.098807 0.224255
vt 0.283842 0.328000
vt 0.098807 0.434227
vt 0.753497 0.902626
vt 0.748604 0.948641
vt 0.748604 0.902277
vt 0.942855 0.273037
vt 0.946700 0.225405
vt 0.946700 0.273037
vt 0.784314 0.744545
vt 0.823613 0.696914
vt 0.823613 0.744545
vt 0.932538 0.872841
vt 0.936384 0.825210
vt 0.936384 0.872841
vt 0.948717 0.360475
vt 0.943824 0.314461
vt 0.948717 0.314112
vt 0.798933 0.479793
vt 0.798403 0.480911
vt 0.797630 0.479793
vt 0.932023 0.873959
vt 0.931324 0.872841
vt 0.798933 0.432162
vt 0.797630 0.432162
vt 0.798403 0.431044
vt 0.931324 0.825210
vt 0.932023 0.824092
vt 0.932538 0.825210
vt 0.947915 0.225405
vt 0.947215 0.224288
vt 0.824143 0.695796
vt 0.824916 0.696914
vt 0.947915 0.273037
vt 0.947215 0.274154
vt 0.824916 0.744545
vt 0.824143 0.745662
vt 0.753497 0.948990
vt 0.748604 0.949552
vt 0.943824 0.360824
vt 0.948717 0.361386
vt 0.943824 0.361736
vt 0.837699 0.431044
vt 0.838229 0.432162
vt 0.784844 0.745662
vt 0.943824 0.313550
vt 0.753497 0.901715
vt 0.837699 0.480911
vt 0.784844 0.695796
vt 0.555399 0.902652
vt 0.550506 0.948667
vt 0.550506 0.902303
vt 0.932228 0.808693
vt 0.936073 0.761062
vt 0.936073 0.808693
vt 0.783783 0.126022
vt 0.823082 0.078391
vt 0.823082 0.126022
vt 0.932915 0.190170
vt 0.936760 0.142539
vt 0.936760 0.190170
vt 0.950349 0.478319
vt 0.945456 0.432305
vt 0.950349 0.431956
vt 0.461910 0.861282
vt 0.461380 0.862400
vt 0.460608 0.861282
vt 0.932400 0.191288
vt 0.931700 0.190170
vt 0.461910 0.813651
vt 0.460608 0.813651
vt 0.461380 0.812533
vt 0.931700 0.142539
vt 0.932400 0.141422
vt 0.932915 0.142539
vt 0.937288 0.761062
vt 0.936588 0.759944
vt 0.823613 0.077274
vt 0.824385 0.078391
vt 0.937288 0.808693
vt 0.936588 0.809811
vt 0.824385 0.126022
vt 0.823613 0.127140
vt 0.555399 0.949016
vt 0.550506 0.949578
vt 0.945456 0.478669
vt 0.950349 0.479230
vt 0.945456 0.479580
vt 0.500676 0.812533
vt 0.501207 0.813651
vt 0.784313 0.127140
vt 0.945456 0.431394
vt 0.555399 0.901741
vt 0.500676 0.862400
vt 0.784313 0.077273
vt 0.574624 0.902652
vt 0.569732 0.948667
vt 0.569732 0.902303
vt 0.943483 0.678244
vt 0.947329 0.630612
vt 0.947329 0.678244
vt 0.605441 0.821844
vt 0.644741 0.774213
vt 0.644741 0.821844
vt 0.069751 0.937995
vt 0.073597 0.890363
vt 0.073597 0.937995
vt 0.689978 0.948667
vt 0.685085 0.902652
vt 0.689978 0.902303
vt 0.835202 0.273037
vt 0.834672 0.274154
vt 0.833899 0.273037
vt 0.069237 0.939112
vt 0.068537 0.937995
vt 0.835202 0.225405
vt 0.833899 0.225405
vt 0.834672 0.224288
vt 0.068537 0.890363
vt 0.069237 0.889246
vt 0.069751 0.890363
vt 0.948543 0.630612
vt 0.947844 0.629495
vt 0.645271 0.773096
vt 0.646043 0.774213
vt 0.948543 0.678244
vt 0.947844 0.679361
vt 0.646043 0.821844
vt 0.645271 0.822962
vt 0.574624 0.949016
vt 0.569732 0.949578
vt 0.685085 0.949016
vt 0.689978 0.949578
vt 0.685085 0.949927
vt 0.873968 0.224288
vt 0.874498 0.225405
vt 0.605971 0.822962
vt 0.685085 0.901741
vt 0.574624 0.901741
vt 0.873968 0.274154
vt 0.605971 0.773096
vt 0.593850 0.902652
vt 0.588957 0.948667
vt 0.588957 0.902303
vt 0.943483 0.549948
vt 0.947329 0.502316
vt 0.947329 0.549948
vt 0.660375 0.821844
vt 0.699675 0.774213
vt 0.699675 0.821844
vt 0.804920 0.936989
vt 0.808766 0.889358
vt 0.808766 0.936989
vt 0.709203 0.948667
vt 0.704310 0.902652
vt 0.709203 0.902303
vt 0.835830 0.549948
vt 0.835300 0.551065
vt 0.834528 0.549948
vt 0.804405 0.938107
vt 0.803706 0.936989
vt 0.835830 0.502316
vt 0.834528 0.502316
vt 0.835300 0.501199
vt 0.803706 0.889358
vt 0.804405 0.888240
vt 0.804920 0.889358
vt 0.948543 0.502316
vt 0.947844 0.501199
vt 0.700205 0.773096
vt 0.700977 0.774213
vt 0.948543 0.549948
vt 0.947844 0.551065
vt 0.700977 0.821844
vt 0.700205 0.822962
vt 0.593850 0.949016
vt 0.588957 0.949578
vt 0.704310 0.949016
vt 0.709203 0.949578
vt 0.704310 0.949927
vt 0.874597 0.501199
vt 0.875127 0.502316
vt 0.660905 0.822962
vt 0.704310 0.901741
vt 0.593850 0.901741
vt 0.874596 0.551065
vt 0.660906 0.773096
vt 0.967140 0.225548
vt 0.962247 0.271563
vt 0.962247 0.225199
vt 0.519041 0.925430
vt 0.522887 0.877799
vt 0.522887 0.925430
vt 0.029752 0.809698
vt 0.069052 0.762067
vt 0.069052 0.809699
vt 0.927278 0.479793
vt 0.931123 0.432162
vt 0.931123 0.479793
vt 0.103700 0.981885
vt 0.098807 0.935870
vt 0.103700 0.935521
vt 0.170513 0.855062
vt 0.169983 0.856180
vt 0.169211 0.855062
vt 0.926763 0.480911
vt 0.926063 0.479793
vt 0.170513 0.807431
vt 0.169211 0.807431
vt 0.169983 0.806313
vt 0.926063 0.432162
vt 0.926763 0.431044
vt 0.927278 0.432162
vt 0.524101 0.877799
vt 0.523402 0.876681
vt 0.069582 0.760950
vt 0.070354 0.762067
vt 0.524101 0.925430
vt 0.523402 0.926548
vt 0.070354 0.809699
vt 0.069582 0.810816
vt 0.967140 0.271912
vt 0.962247 0.272474
vt 0.098807 0.982234
vt 0.103700 0.982796
vt 0.098807 0.983145
vt 0.209280 0.806314
vt 0.209810 0.807431
vt 0.030282 0.810816
vt 0.098807 0.934959
vt 0.967140 0.224637
vt 0.209279 0.856180
vt 0.030282 0.760950
vt 0.174104 0.935870
vt 0.169211 0.981885
vt 0.169211 0.935521
vt 0.823099 0.936989
vt 0.826944 0.889358
vt 0.826944 0.936989
vt 0.784314 0.808693
vt 0.823613 0.761062
vt 0.823613 0.808693
vt 0.843705 0.936989
vt 0.847551 0.889358
vt 0.847551 0.936989
vt 0.122925 0.981885
vt 0.118032 0.935870
vt 0.122925 0.935521
vt 0.835830 0.678244
vt 0.835300 0.679361
vt 0.834528 0.678244
vt 0.843190 0.938107
vt 0.842491 0.936989
vt 0.835830 0.630612
vt 0.834528 0.630612
vt 0.835300 0.629495
vt 0.842491 0.889358
vt 0.843190 0.888241
vt 0.843705 0.889358
vt 0.828159 0.889358
vt 0.827459 0.888241
vt 0.824143 0.759944
vt 0.824916 0.761062
vt 0.828159 0.936989
vt 0.827459 0.938107
vt 0.824916 0.808693
vt 0.824143 0.809811
vt 0.174104 0.982234
vt 0.169211 0.982796
vt 0.118032 0.982234
vt 0.122925 0.982796
vt 0.118032 0.983145
vt 0.874597 0.629495
vt 0.875127 0.630613
vt 0.784844 0.809811
vt 0.118032 0.934959
vt 0.174104 0.934959
vt 0.874596 0.679361
vt 0.784844 0.759944
vt 0.193329 0.935870
vt 0.188436 0.981885
vt 0.188436 0.935521
vt 0.861884 0.936989
vt 0.865730 0.889358
vt 0.865730 0.936989
vt 0.729379 0.821819
vt 0.768679 0.774187
vt 0.768679 0.821819
vt 0.893583 0.936989
vt 0.897429 0.889358
vt 0.897429 0.936989
vt 0.967769 0.548474
vt 0.962876 0.502459
vt 0.967769 0.502110
vt 0.100109 0.855062
vt 0.099579 0.856180
vt 0.098807 0.855062
vt 0.893068 0.938107
vt 0.892369 0.936989
vt 0.100109 0.807431
vt 0.098807 0.807431
vt 0.099579 0.806314
vt 0.892369 0.889358
vt 0.893068 0.888241
vt 0.893583 0.889358
vt 0.866944 0.889358
vt 0.866244 0.888241
vt 0.769209 0.773070
vt 0.769981 0.774187
vt 0.866944 0.936989
vt 0.866244 0.938107
vt 0.769981 0.821819
vt 0.769209 0.822936
vt 0.193329 0.982234
vt 0.188436 0.982796
vt 0.962876 0.548823
vt 0.967769 0.549385
vt 0.962876 0.549734
vt 0.138875 0.806314
vt 0.139406 0.807431
vt 0.729909 0.822936
vt 0.962876 0.501548
vt 0.193329 0.934959
vt 0.138875 0.856180
vt 0.729909 0.773070
vt 0.967769 0.630755
vt 0.962876 0.676770
vt 0.962876 0.630406
vt 0.932231 0.744545
vt 0.936077 0.696914
vt 0.936077 0.744545
vt 0.779593 0.549948
vt 0.818893 0.502316
vt 0.818893 0.549948
vt 0.785528 0.936989
vt 0.789374 0.889358
vt 0.789374 0.936989
vt 0.955610 0.871367
vt 0.950717 0.825353
vt 0.955610 0.825003
vt 0.225445 0.855062
vt 0.224914 0.856180
vt 0.224142 0.855062
vt 0.785013 0.938107
vt 0.784314 0.936989
vt 0.225445 0.807431
vt 0.224142 0.807431
vt 0.224915 0.806313
vt 0.784314 0.889358
vt 0.785013 0.888240
vt 0.785528 0.889358
vt 0.937291 0.696914
vt 0.936592 0.695796
vt 0.819423 0.501199
vt 0.820195 0.502316
vt 0.937291 0.744545
vt 0.936592 0.745662
vt 0.820195 0.549948
vt 0.819423 0.551065
vt 0.967769 0.677119
vt 0.962876 0.677681
vt 0.950717 0.871716
vt 0.955610 0.872278
vt 0.950717 0.872627
vt 0.264211 0.806314
vt 0.264741 0.807431
vt 0.780123 0.551065
vt 0.950717 0.824441
vt 0.967769 0.629844
vt 0.264211 0.856180
vt 0.780123 0.501199
vt 0.385022 0.899954
vt 0.380130 0.945968
vt 0.380130 0.899605
vt 0.916906 0.889358
vt 0.913061 0.936989
vt 0.913061 0.889358
vt 0.779593 0.614096
vt 0.818893 0.566464
vt 0.818893 0.614096
vt 0.030966 0.937995
vt 0.034812 0.890363
vt 0.034812 0.937995
vt 0.229035 0.981885
vt 0.224142 0.935870
vt 0.229035 0.935521
vt 0.789791 0.048749
vt 0.789261 0.049866
vt 0.788489 0.048749
vt 0.030451 0.939112
vt 0.029752 0.937995
vt 0.789791 0.001117
vt 0.788489 0.001117
vt 0.789261 0.000000
vt 0.029752 0.890363
vt 0.030451 0.889246
vt 0.030966 0.890363
vt 0.911846 0.936989
vt 0.912546 0.938107
vt 0.819423 0.565347
vt 0.820195 0.566464
vt 0.911846 0.889358
vt 0.912546 0.888240
vt 0.820195 0.614096
vt 0.819423 0.615213
vt 0.385022 0.946318
vt 0.380130 0.946880
vt 0.224142 0.982234
vt 0.229035 0.982796
vt 0.224142 0.983145
vt 0.828558 0.000000
vt 0.829088 0.001118
vt 0.780123 0.615213
vt 0.224142 0.934959
vt 0.385022 0.899043
vt 0.828557 0.049866
vt 0.780123 0.565347
vt 0.248261 0.935870
vt 0.243368 0.981885
vt 0.243368 0.935521
vt 0.000000 0.939474
vt 0.003846 0.891843
vt 0.003846 0.939474
vt 0.783783 0.196177
vt 0.823082 0.148545
vt 0.823082 0.196177
vt 0.932915 0.126022
vt 0.936760 0.078391
vt 0.936760 0.126022
vt 0.283059 0.981885
vt 0.278166 0.935870
vt 0.283059 0.935521
vt 0.299478 0.860350
vt 0.298948 0.861467
vt 0.298175 0.860350
vt 0.932400 0.127140
vt 0.931700 0.126022
vt 0.299478 0.812718
vt 0.298175 0.812718
vt 0.298948 0.811601
vt 0.931700 0.078391
vt 0.932400 0.077273
vt 0.932915 0.078391
vt 0.005060 0.891843
vt 0.004361 0.890725
vt 0.823613 0.147428
vt 0.824385 0.148545
vt 0.005060 0.939474
vt 0.004361 0.940592
vt 0.824385 0.196177
vt 0.823613 0.197294
vt 0.248261 0.982234
vt 0.243368 0.982796
vt 0.278166 0.982234
vt 0.283059 0.982796
vt 0.278166 0.983145
vt 0.338244 0.811601
vt 0.338774 0.812718
vt 0.784313 0.197294
vt 0.278166 0.934959
vt 0.248261 0.934959
vt 0.338244 0.861467
vt 0.784313 0.147428
vt 0.986994 0.502459
vt 0.982101 0.548474
vt 0.982101 0.502110
vt 0.942579 0.614096
vt 0.946425 0.566464
vt 0.946425 0.614096
vt 0.550506 0.821844
vt 0.589806 0.774213
vt 0.589806 0.821844
vt 0.932538 0.936989
vt 0.936384 0.889358
vt 0.936384 0.936989
vt 0.986994 0.676770
vt 0.982101 0.630755
vt 0.986994 0.630406
vt 0.406979 0.861282
vt 0.406449 0.862400
vt 0.405676 0.861282
vt 0.932023 0.938107
vt 0.931324 0.936989
vt 0.406979 0.813651
vt 0.405677 0.813651
vt 0.406449 0.812533
vt 0.931324 0.889358
vt 0.932023 0.888240
vt 0.932538 0.889358
vt 0.947639 0.566464
vt 0.946940 0.565347
vt 0.590336 0.773096
vt 0.591108 0.774213
vt 0.947639 0.614096
vt 0.946940 0.615213
vt 0.591108 0.821844
vt 0.590336 0.822962
vt 0.986994 0.548823
vt 0.982101 0.549385
vt 0.982101 0.677119
vt 0.986994 0.677681
vt 0.982101 0.678030
vt 0.445745 0.812533
vt 0.446275 0.813651
vt 0.551036 0.822962
vt 0.982101 0.629844
vt 0.986994 0.501548
vt 0.445745 0.862400
vt 0.551036 0.773096
vt 0.987168 0.314460
vt 0.982275 0.360475
vt 0.982275 0.314111
vt 0.936403 0.048749
vt 0.940249 0.001117
vt 0.940249 0.048749
vt 0.779593 0.678244
vt 0.818893 0.630612
vt 0.818893 0.678244
vt 0.050359 0.937995
vt 0.054205 0.890363
vt 0.054205 0.937995
vt 0.988800 0.478319
vt 0.983907 0.432304
vt 0.988800 0.431955
vt 0.797216 0.361949
vt 0.796686 0.363067
vt 0.795914 0.361949
vt 0.049844 0.939112
vt 0.049145 0.937995
vt 0.797216 0.314318
vt 0.795914 0.314318
vt 0.796686 0.313200
vt 0.049145 0.890363
vt 0.049844 0.889246
vt 0.050359 0.890363
vt 0.941463 0.001117
vt 0.940764 0.000000
vt 0.819423 0.629495
vt 0.820195 0.630612
vt 0.941463 0.048749
vt 0.940764 0.049866
vt 0.820195 0.678244
vt 0.819423 0.679361
vt 0.987168 0.360824
vt 0.982275 0.361386
vt 0.983907 0.478668
vt 0.988800 0.479230
vt 0.983907 0.479579
vt 0.835982 0.313200
vt 0.836513 0.314318
vt 0.780123 0.679361
vt 0.983907 0.431393
vt 0.987168 0.313549
vt 0.835982 0.363067
vt 0.780123 0.629495
vt 0.955610 0.935515
vt 0.950717 0.889500
vt 0.955610 0.889151
vt 0.898655 0.048749
vt 0.902593 0.001117
vt 0.902593 0.048749
vt 0.100116 0.919211
vt 0.138498 0.871579
vt 0.138498 0.919211
vt 0.892745 0.126022
vt 0.896683 0.078391
vt 0.896683 0.126022
vt 0.613076 0.902652
vt 0.608183 0.948667
vt 0.608183 0.902303
vt 0.897890 0.126022
vt 0.897174 0.127140
vt 0.099561 0.870462
vt 0.100116 0.871579
vt 0.098807 0.871579
vt 0.897890 0.078391
vt 0.897174 0.077274
vt 0.099561 0.920328
vt 0.098807 0.919211
vt 0.822699 0.872841
vt 0.824008 0.872841
vt 0.823254 0.873959
vt 0.897448 0.001117
vt 0.898164 0.000000
vt 0.898655 0.001117
vt 0.822699 0.825210
vt 0.823254 0.824092
vt 0.824008 0.825210
vt 0.897448 0.048749
vt 0.898164 0.049866
vt 0.950717 0.888589
vt 0.955610 0.888240
vt 0.613076 0.901741
vt 0.784869 0.824092
vt 0.137943 0.920328
vt 0.608183 0.949578
vt 0.613076 0.949016
vt 0.613076 0.949927
vt 0.950717 0.935864
vt 0.955610 0.936426
vt 0.950717 0.936775
vt 0.784869 0.873959
vt 0.784314 0.872841
vt 0.137943 0.870462
vt 0.784314 0.825210
vt 0.955986 0.124548
vt 0.951093 0.078534
vt 0.955986 0.078185
vt 0.279374 0.919210
vt 0.283311 0.871579
vt 0.283311 0.919210
vt 0.299485 0.924498
vt 0.337867 0.876866
vt 0.337867 0.924498
vt 0.480085 0.925430
vt 0.484023 0.877799
vt 0.484023 0.925430
vt 0.632301 0.902652
vt 0.627408 0.948667
vt 0.627408 0.902303
vt 0.485231 0.925430
vt 0.484515 0.926548
vt 0.298930 0.875749
vt 0.299485 0.876866
vt 0.298175 0.876866
vt 0.485231 0.877799
vt 0.484515 0.876681
vt 0.298930 0.925615
vt 0.298175 0.924498
vt 0.872913 0.614096
vt 0.874223 0.614096
vt 0.873468 0.615213
vt 0.278166 0.871579
vt 0.278882 0.870462
vt 0.279374 0.871579
vt 0.872913 0.566464
vt 0.873469 0.565347
vt 0.874223 0.566464
vt 0.278166 0.919210
vt 0.278882 0.920328
vt 0.951093 0.077623
vt 0.955986 0.077273
vt 0.632301 0.901741
vt 0.835083 0.565347
vt 0.337311 0.925615
vt 0.627408 0.949578
vt 0.632301 0.949016
vt 0.632301 0.949927
vt 0.951093 0.124898
vt 0.955986 0.125459
vt 0.951093 0.125809
vt 0.835083 0.615213
vt 0.834528 0.614096
vt 0.337311 0.875749
vt 0.834528 0.566464
vt 0.955986 0.188696
vt 0.951093 0.142682
vt 0.955986 0.142333
vt 0.354314 0.924498
vt 0.358252 0.876866
vt 0.358252 0.924498
vt 0.890769 0.549948
vt 0.929151 0.502316
vt 0.929150 0.549948
vt 0.499563 0.925430
vt 0.503501 0.877799
vt 0.503501 0.925430
vt 0.651527 0.902652
vt 0.646634 0.948667
vt 0.646634 0.902303
vt 0.504708 0.925430
vt 0.503992 0.926548
vt 0.890213 0.501199
vt 0.890769 0.502316
vt 0.889459 0.502316
vt 0.504708 0.877799
vt 0.503992 0.876681
vt 0.890213 0.551065
vt 0.889459 0.549948
vt 0.877103 0.196177
vt 0.878412 0.196177
vt 0.877658 0.197294
vt 0.353107 0.876866
vt 0.353823 0.875749
vt 0.354314 0.876866
vt 0.877103 0.148545
vt 0.877658 0.147428
vt 0.878412 0.148545
vt 0.353107 0.924498
vt 0.353823 0.925615
vt 0.951093 0.141771
vt 0.955986 0.141422
vt 0.651527 0.901741
vt 0.839273 0.147428
vt 0.928595 0.551065
vt 0.646634 0.949578
vt 0.651527 0.949016
vt 0.651527 0.949927
vt 0.951093 0.189046
vt 0.955986 0.189608
vt 0.951093 0.189957
vt 0.839273 0.197294
vt 0.838717 0.196177
vt 0.928595 0.501199
vt 0.838718 0.148545
vt 0.956513 0.807219
vt 0.951620 0.761204
vt 0.956513 0.760855
vt 0.906076 0.361949
vt 0.910014 0.314318
vt 0.910014 0.361949
vt 0.890769 0.678244
vt 0.929151 0.630612
vt 0.929151 0.678244
vt 0.924347 0.361949
vt 0.928284 0.314318
vt 0.928284 0.361949
vt 0.670752 0.902652
vt 0.665859 0.948667
vt 0.665859 0.902303
vt 0.929492 0.361949
vt 0.928776 0.363067
vt 0.890214 0.629495
vt 0.890769 0.630612
vt 0.889459 0.630612
vt 0.929492 0.314318
vt 0.928776 0.313200
vt 0.890213 0.679361
vt 0.889459 0.678244
vt 0.877633 0.744545
vt 0.878943 0.744545
vt 0.878189 0.745663
vt 0.904869 0.314318
vt 0.905585 0.313200
vt 0.906076 0.314318
vt 0.877634 0.696914
vt 0.878189 0.695796
vt 0.878943 0.696914
vt 0.904869 0.361949
vt 0.905585 0.363067
vt 0.951620 0.760293
vt 0.956513 0.759944
vt 0.670752 0.901741
vt 0.839804 0.695796
vt 0.928595 0.679361
vt 0.665859 0.949578
vt 0.670752 0.949016
vt 0.670752 0.949927
vt 0.951620 0.807568
vt 0.956513 0.808130
vt 0.951620 0.808479
vt 0.839804 0.745662
vt 0.839248 0.744545
vt 0.928595 0.629495
vt 0.839248 0.696914
vt 0.967943 0.360475
vt 0.963050 0.314461
vt 0.967943 0.314111
vt 0.354314 0.860350
vt 0.358252 0.812718
vt 0.358252 0.860350
vt 0.840558 0.808693
vt 0.878940 0.761062
vt 0.878940 0.808693
vt 0.515539 0.861282
vt 0.519477 0.813651
vt 0.519477 0.861282
vt 0.969574 0.432305
vt 0.964681 0.478319
vt 0.964681 0.431955
vt 0.520684 0.861282
vt 0.519968 0.862399
vt 0.840002 0.759944
vt 0.840558 0.761062
vt 0.839248 0.761062
vt 0.520684 0.813651
vt 0.519968 0.812533
vt 0.840002 0.809811
vt 0.839248 0.808693
vt 0.881805 0.048749
vt 0.883115 0.048749
vt 0.882361 0.049866
vt 0.353107 0.812718
vt 0.353823 0.811601
vt 0.354314 0.812718
vt 0.881806 0.001118
vt 0.882361 0.000000
vt 0.883115 0.001118
vt 0.353107 0.860350
vt 0.353823 0.861467
vt 0.963050 0.313550
vt 0.967943 0.313200
vt 0.969574 0.431394
vt 0.843976 0.000000
vt 0.878384 0.809811
vt 0.964681 0.479230
vt 0.969574 0.478668
vt 0.969574 0.479580
vt 0.963050 0.360824
vt 0.967943 0.361386
vt 0.963050 0.361736
vt 0.843976 0.049866
vt 0.843420 0.048749
vt 0.878384 0.759944
vt 0.843420 0.001117
vt 0.974835 0.871367
vt 0.969942 0.825353
vt 0.974835 0.825003
vt 0.907793 0.479793
vt 0.911731 0.432162
vt 0.911731 0.479793
vt 0.170521 0.919210
vt 0.208902 0.871579
vt 0.208902 0.919210
vt 0.000000 0.875326
vt 0.003938 0.827695
vt 0.003938 0.875326
vt 0.974835 0.889501
vt 0.969942 0.935515
vt 0.969942 0.889151
vt 0.005145 0.875326
vt 0.004429 0.876444
vt 0.169965 0.870462
vt 0.170521 0.871579
vt 0.169211 0.871579
vt 0.005145 0.827695
vt 0.004429 0.826577
vt 0.169965 0.920328
vt 0.169211 0.919210
vt 0.876726 0.872841
vt 0.878036 0.872841
vt 0.877282 0.873959
vt 0.906586 0.432162
vt 0.907302 0.431044
vt 0.907793 0.432162
vt 0.876726 0.825210
vt 0.877282 0.824092
vt 0.878036 0.825210
vt 0.906586 0.479793
vt 0.907302 0.480911
vt 0.969942 0.824441
vt 0.974835 0.824092
vt 0.974835 0.888589
vt 0.838897 0.824092
vt 0.208347 0.920328
vt 0.969942 0.936426
vt 0.974835 0.935864
vt 0.974835 0.936776
vt 0.969942 0.871716
vt 0.974835 0.872278
vt 0.969942 0.872627
vt 0.838896 0.873959
vt 0.838341 0.872841
vt 0.208347 0.870462
vt 0.838341 0.825210
vt 0.975211 0.124548
vt 0.970318 0.078534
vt 0.975211 0.078185
vt 0.913054 0.872841
vt 0.916991 0.825210
vt 0.916991 0.872841
vt 0.889865 0.614096
vt 0.928247 0.566464
vt 0.928247 0.614096
vt 0.912223 0.126022
vt 0.916160 0.078391
vt 0.916160 0.126022
vt 0.975211 0.141351
vt 0.970318 0.187365
vt 0.970318 0.141001
vt 0.917368 0.126022
vt 0.916652 0.127140
vt 0.889310 0.565347
vt 0.889865 0.566464
vt 0.888555 0.566464
vt 0.917368 0.078391
vt 0.916652 0.077273
vt 0.889310 0.615213
vt 0.888555 0.614096
vt 0.767764 0.885967
vt 0.769074 0.885967
vt 0.768320 0.887084
vt 0.911846 0.825210
vt 0.912562 0.824092
vt 0.913054 0.825210
vt 0.767764 0.838335
vt 0.768320 0.837218
vt 0.769074 0.838335
vt 0.911846 0.872841
vt 0.912562 0.873959
vt 0.970318 0.077623
vt 0.975211 0.077273
vt 0.975211 0.140439
vt 0.729934 0.837218
vt 0.927691 0.615213
vt 0.970318 0.188276
vt 0.975211 0.187714
vt 0.975211 0.188626
vt 0.970318 0.124898
vt 0.975211 0.125459
vt 0.970318 0.125809
vt 0.729934 0.887084
vt 0.729379 0.885967
vt 0.927691 0.565347
vt 0.729379 0.838335
vt 0.975739 0.807219
vt 0.970846 0.761204
vt 0.975739 0.760855
vt 0.894479 0.808693
vt 0.898417 0.761062
vt 0.898417 0.808693
vt 0.890140 0.273037
vt 0.928522 0.225405
vt 0.928522 0.273037
vt 0.893276 0.744545
vt 0.897214 0.696914
vt 0.897214 0.744545
vt 0.975742 0.697056
vt 0.970849 0.743071
vt 0.970849 0.696707
vt 0.898421 0.744545
vt 0.897705 0.745663
vt 0.889585 0.224288
vt 0.890140 0.225405
vt 0.888831 0.225405
vt 0.898421 0.696914
vt 0.897705 0.695796
vt 0.889585 0.274154
vt 0.888831 0.273037
vt 0.698761 0.885993
vt 0.700070 0.885993
vt 0.699316 0.887110
vt 0.893272 0.761062
vt 0.893988 0.759944
vt 0.894479 0.761062
vt 0.698761 0.838361
vt 0.699316 0.837244
vt 0.700070 0.838361
vt 0.893272 0.808693
vt 0.893988 0.809811
vt 0.970846 0.760293
vt 0.975739 0.759944
vt 0.975742 0.696145
vt 0.660931 0.837244
vt 0.927967 0.274154
vt 0.970849 0.743982
vt 0.975742 0.743420
vt 0.975742 0.744331
vt 0.970846 0.807568
vt 0.975739 0.808130
vt 0.970846 0.808479
vt 0.660931 0.887110
vt 0.660375 0.885992
vt 0.927967 0.224288
vt 0.660376 0.838361
vt 0.142151 0.981885
vt 0.137258 0.935870
vt 0.142151 0.935521
vt 0.893576 0.872841
vt 0.897514 0.825210
vt 0.897514 0.872841
vt 0.852155 0.361949
vt 0.890536 0.314318
vt 0.890536 0.361949
vt 0.380130 0.883294
vt 0.384067 0.835663
vt 0.384067 0.883294
vt 0.956517 0.697056
vt 0.951624 0.743071
vt 0.951624 0.696707
vt 0.385275 0.883294
vt 0.384559 0.884412
vt 0.851599 0.313200
vt 0.852155 0.314318
vt 0.850845 0.314318
vt 0.385275 0.835663
vt 0.384559 0.834545
vt 0.851599 0.363067
vt 0.850845 0.361949
vt 0.068137 0.873847
vt 0.069447 0.873847
vt 0.068693 0.874964
vt 0.892369 0.825210
vt 0.893085 0.824092
vt 0.893576 0.825210
vt 0.068138 0.826215
vt 0.068693 0.825098
vt 0.069447 0.826215
vt 0.892369 0.872841
vt 0.893085 0.873959
vt 0.137258 0.934959
vt 0.142151 0.934610
vt 0.956517 0.696145
vt 0.030308 0.825098
vt 0.889981 0.363067
vt 0.951624 0.743982
vt 0.956517 0.743420
vt 0.956517 0.744331
vt 0.137258 0.982234
vt 0.142151 0.982796
vt 0.137258 0.983145
vt 0.030308 0.874964
vt 0.029752 0.873847
vt 0.889981 0.313200
vt 0.029752 0.826215
vt 0.979914 0.047275
vt 0.975021 0.001260
vt 0.979914 0.000911
vt 0.913961 0.744545
vt 0.917899 0.696914
vt 0.917899 0.744545
vt 0.225452 0.919210
vt 0.263834 0.871579
vt 0.263834 0.919210
vt 0.892745 0.196177
vt 0.896683 0.148545
vt 0.896683 0.196177
vt 0.960689 0.001260
vt 0.955796 0.047275
vt 0.955796 0.000911
vt 0.897890 0.196177
vt 0.897174 0.197294
vt 0.224897 0.870462
vt 0.225452 0.871579
vt 0.224142 0.871579
vt 0.897890 0.148545
vt 0.897174 0.147428
vt 0.224897 0.920328
vt 0.224142 0.919210
vt 0.588891 0.885993
vt 0.590201 0.885993
vt 0.589447 0.887110
vt 0.912753 0.696914
vt 0.913469 0.695796
vt 0.913961 0.696914
vt 0.588891 0.838361
vt 0.589447 0.837244
vt 0.590201 0.838361
vt 0.912753 0.744545
vt 0.913469 0.745662
vt 0.975021 0.000349
vt 0.979914 0.000000
vt 0.960689 0.000349
vt 0.551062 0.837244
vt 0.263278 0.920328
vt 0.955796 0.048186
vt 0.960689 0.047624
vt 0.960689 0.048535
vt 0.975021 0.047624
vt 0.979914 0.048186
vt 0.975021 0.048535
vt 0.551062 0.887110
vt 0.550506 0.885992
vt 0.263278 0.870462
vt 0.550506 0.838361
vt 0.986090 0.612622
vt 0.981197 0.566607
vt 0.986090 0.566258
vt 0.913430 0.190170
vt 0.917368 0.142539
vt 0.917368 0.190170
vt 0.406986 0.925430
vt 0.445368 0.877799
vt 0.445368 0.925430
vt 0.460608 0.925430
vt 0.464546 0.877799
vt 0.464546 0.925430
vt 0.734272 0.902626
vt 0.729379 0.948641
vt 0.729379 0.902277
vt 0.465753 0.925430
vt 0.465037 0.926548
vt 0.406431 0.876681
vt 0.406986 0.877799
vt 0.405676 0.877799
vt 0.465753 0.877799
vt 0.465037 0.876681
vt 0.406431 0.926548
vt 0.405676 0.925430
vt 0.643826 0.885993
vt 0.645136 0.885993
vt 0.644381 0.887110
vt 0.912223 0.142539
vt 0.912939 0.141422
vt 0.913430 0.142539
vt 0.643826 0.838361
vt 0.644381 0.837244
vt 0.645136 0.838361
vt 0.912223 0.190170
vt 0.912939 0.191288
vt 0.981197 0.565696
vt 0.986090 0.565347
vt 0.734272 0.901715
vt 0.605996 0.837244
vt 0.444812 0.926548
vt 0.729379 0.949552
vt 0.734272 0.948990
vt 0.734272 0.949901
vt 0.981197 0.612971
vt 0.986090 0.613533
vt 0.981197 0.613882
vt 0.605996 0.887110
vt 0.605441 0.885992
vt 0.444812 0.876681
vt 0.605441 0.838361
vt 0.986365 0.271563
vt 0.981473 0.225548
vt 0.986365 0.225199
vt 0.918133 0.048749
vt 0.922071 0.001117
vt 0.922071 0.048749
vt 0.853871 0.479793
vt 0.892253 0.432162
vt 0.892253 0.479793
vt 0.912750 0.808693
vt 0.916688 0.761062
vt 0.916688 0.808693
vt 0.966865 0.566607
vt 0.961972 0.612622
vt 0.961972 0.566258
vt 0.917895 0.808693
vt 0.917179 0.809811
vt 0.853316 0.431044
vt 0.853871 0.432162
vt 0.852562 0.432162
vt 0.917895 0.761062
vt 0.917179 0.759944
vt 0.853316 0.480911
vt 0.852562 0.479793
vt 0.877103 0.126022
vt 0.878412 0.126022
vt 0.877658 0.127140
vt 0.916926 0.001117
vt 0.917642 0.000000
vt 0.918133 0.001117
vt 0.877103 0.078391
vt 0.877658 0.077274
vt 0.878412 0.078391
vt 0.916926 0.048749
vt 0.917642 0.049866
vt 0.981473 0.224637
vt 0.986366 0.224288
vt 0.966865 0.565696
vt 0.839273 0.077273
vt 0.891698 0.480911
vt 0.961972 0.613533
vt 0.966865 0.612971
vt 0.966865 0.613882
vt 0.981473 0.271912
vt 0.986365 0.272474
vt 0.981473 0.272823
vt 0.839273 0.127140
vt 0.838717 0.126022
vt 0.891698 0.431044
vt 0.838718 0.078391
vt 0.030512 0.226284
vt 0.025094 0.000000
vt 0.030512 0.000000
vt 0.074498 0.000000
vt 0.079520 0.226284
vt 0.074497 0.226284
vt 0.079520 0.000000
vt 0.084474 0.226284
vt 0.000000 0.000000
vt 0.005344 0.226284
vt 0.000000 0.226284
vt 0.005344 0.000000
vt 0.010761 0.226284
vt 0.060165 0.226284
vt 0.055142 0.000000
vt 0.060165 0.000000
vt 0.336001 0.987472
vt 0.326686 0.982912
vt 0.330544 0.973313
vt 0.055142 0.226284
vt 0.050188 0.000000
vt 0.035855 0.226284
vt 0.035856 0.000000
vt 0.991733 0.954913
vt 0.987875 0.964925
vt 0.978560 0.961361
vt 0.405676 0.608639
vt 0.453681 0.708146
vt 0.405676 0.708146
vt 0.269438 0.608817
vt 0.276447 0.708313
vt 0.269438 0.708313
vt 0.389241 0.818485
vt 0.382232 0.770658
vt 0.389241 0.770658
vt 0.300278 0.608911
vt 0.307287 0.708406
vt 0.300278 0.708406
vt 0.468014 0.608639
vt 0.516019 0.708146
vt 0.468014 0.708146
vt 0.009112 0.810575
vt 0.011214 0.810546
vt 0.009112 0.812296
vt 0.380130 0.818514
vt 0.382232 0.818485
vt 0.382232 0.820264
vt 0.002103 0.810575
vt 0.002103 0.812296
vt 0.000000 0.810546
vt 0.391344 0.818514
vt 0.389241 0.820264
vt 0.009112 0.762748
vt 0.009112 0.760969
vt 0.011214 0.762719
vt 0.380130 0.770687
vt 0.382232 0.768937
vt 0.002103 0.762748
vt 0.000000 0.762719
vt 0.002103 0.760969
vt 0.389241 0.768937
vt 0.391344 0.770687
vt 0.298175 0.608884
vt 0.298175 0.708380
vt 0.309390 0.708380
vt 0.307287 0.608911
vt 0.309390 0.608884
vt 0.267336 0.608844
vt 0.278550 0.708340
vt 0.276447 0.608817
vt 0.278550 0.608844
vt 0.316741 0.959031
vt 0.320975 0.939897
vt 0.320975 0.959031
vt 0.991193 0.805393
vt 0.993155 0.809610
vt 0.991193 0.809610
vt 0.906299 0.403403
vt 0.904336 0.384272
vt 0.906299 0.384272
vt 0.991196 0.740815
vt 0.993159 0.745032
vt 0.991196 0.745032
vt 0.940291 0.402489
vt 0.944524 0.383355
vt 0.944524 0.402489
vt 0.282158 0.826393
vt 0.283279 0.826378
vt 0.282158 0.827311
vt 0.903215 0.403419
vt 0.904336 0.403403
vt 0.904336 0.404352
vt 0.280195 0.826393
vt 0.280195 0.827311
vt 0.279074 0.826378
vt 0.907420 0.403419
vt 0.906299 0.404352
vt 0.282158 0.807262
vt 0.282158 0.806313
vt 0.283279 0.807247
vt 0.903215 0.384288
vt 0.904336 0.383355
vt 0.280195 0.807262
vt 0.279074 0.807247
vt 0.280195 0.806313
vt 0.906299 0.383355
vt 0.907420 0.384288
vt 0.990075 0.740800
vt 0.990075 0.745018
vt 0.994280 0.745018
vt 0.993159 0.740815
vt 0.994280 0.740800
vt 0.990071 0.805407
vt 0.994277 0.809625
vt 0.993155 0.805393
vt 0.994277 0.805407
vt 0.335307 0.959031
vt 0.339540 0.939897
vt 0.339540 0.959031
vt 0.913344 0.205570
vt 0.915307 0.209787
vt 0.913344 0.209787
vt 0.924837 0.403403
vt 0.922874 0.384272
vt 0.924837 0.384272
vt 0.931882 0.205584
vt 0.933844 0.209802
vt 0.931882 0.209802
vt 0.298175 0.959031
vt 0.302409 0.939897
vt 0.302409 0.959031
vt 0.887761 0.403434
vt 0.888882 0.403419
vt 0.887761 0.404352
vt 0.921753 0.403419
vt 0.922874 0.403403
vt 0.922874 0.404352
vt 0.885798 0.403434
vt 0.885798 0.404352
vt 0.884677 0.403419
vt 0.925958 0.403419
vt 0.924837 0.404352
vt 0.887761 0.384303
vt 0.887761 0.383355
vt 0.888882 0.384288
vt 0.921753 0.384288
vt 0.922874 0.383355
vt 0.885799 0.384303
vt 0.884677 0.384288
vt 0.885799 0.383355
vt 0.924837 0.383355
vt 0.925958 0.384288
vt 0.930761 0.205570
vt 0.930761 0.209787
vt 0.934966 0.209787
vt 0.933844 0.205584
vt 0.934966 0.205570
vt 0.912223 0.205584
vt 0.916428 0.209802
vt 0.915307 0.205570
vt 0.916428 0.205584
vt 0.759853 0.224288
vt 0.819567 0.298919
vt 0.759853 0.298919
vt 0.359783 0.608874
vt 0.363988 0.683496
vt 0.359783 0.683496
vt 0.772054 0.061213
vt 0.767848 0.001721
vt 0.772054 0.001721
vt 0.330030 0.608911
vt 0.334236 0.683533
vt 0.330030 0.683533
vt 0.298175 0.722688
vt 0.357889 0.797319
vt 0.298175 0.797319
vt 0.767878 0.757067
vt 0.769981 0.757038
vt 0.767878 0.758788
vt 0.765746 0.061242
vt 0.767848 0.061213
vt 0.767848 0.062992
vt 0.763673 0.757067
vt 0.763673 0.758788
vt 0.761570 0.757038
vt 0.774156 0.061242
vt 0.772054 0.062992
vt 0.767878 0.697575
vt 0.767878 0.695796
vt 0.769981 0.697546
vt 0.765746 0.001750
vt 0.767848 0.000000
vt 0.763673 0.697575
vt 0.761570 0.697546
vt 0.763673 0.695796
vt 0.772054 0.000000
vt 0.774156 0.001750
vt 0.327928 0.608884
vt 0.327928 0.683506
vt 0.336338 0.683506
vt 0.334236 0.608911
vt 0.336338 0.608884
vt 0.357680 0.608901
vt 0.366091 0.683523
vt 0.363988 0.608874
vt 0.366091 0.608901
vt 0.759853 0.387169
vt 0.763544 0.313200
vt 0.763544 0.387169
vt 0.777877 0.367955
vt 0.781567 0.314318
vt 0.781567 0.367955
vt 0.224161 0.791083
vt 0.170332 0.717126
vt 0.224161 0.717126
vt 0.765760 0.202183
vt 0.769450 0.148545
vt 0.769450 0.202183
vt 0.761570 0.505013
vt 0.765261 0.431044
vt 0.765261 0.505013
vt 0.153757 0.701009
vt 0.154878 0.700993
vt 0.153757 0.701927
vt 0.169211 0.791098
vt 0.170332 0.791083
vt 0.170332 0.792032
vt 0.099928 0.701009
vt 0.099928 0.701926
vt 0.098807 0.700993
vt 0.225282 0.791098
vt 0.224161 0.792032
vt 0.153757 0.627052
vt 0.153757 0.626103
vt 0.154878 0.627036
vt 0.169211 0.717142
vt 0.170332 0.716208
vt 0.099928 0.627052
vt 0.098807 0.627036
vt 0.099928 0.626103
vt 0.224161 0.716208
vt 0.225282 0.717142
vt 0.765746 0.203300
vt 0.769436 0.203300
vt 0.769436 0.147428
vt 0.765760 0.148545
vt 0.765746 0.147428
vt 0.777891 0.369073
vt 0.781581 0.313200
vt 0.777877 0.314318
vt 0.777891 0.313200
vt 0.532483 0.682608
vt 0.536174 0.608639
vt 0.536174 0.682608
vt 0.267336 0.777377
vt 0.271026 0.723739
vt 0.271026 0.777377
vt 0.460626 0.797303
vt 0.406798 0.723346
vt 0.460626 0.723346
vt 0.765760 0.132029
vt 0.769450 0.078391
vt 0.769450 0.132029
vt 0.239615 0.700072
vt 0.243306 0.626103
vt 0.243306 0.700072
vt 0.224161 0.701009
vt 0.225282 0.700993
vt 0.224161 0.701927
vt 0.405676 0.797318
vt 0.406798 0.797303
vt 0.406798 0.798251
vt 0.170332 0.701009
vt 0.170332 0.701926
vt 0.169211 0.700993
vt 0.461748 0.797318
vt 0.460626 0.798251
vt 0.224161 0.627052
vt 0.224161 0.626103
vt 0.225282 0.627036
vt 0.405676 0.723361
vt 0.406798 0.722428
vt 0.170332 0.627051
vt 0.169211 0.627036
vt 0.170332 0.626103
vt 0.460626 0.722428
vt 0.461748 0.723361
vt 0.765746 0.133146
vt 0.769436 0.133146
vt 0.769436 0.077273
vt 0.765760 0.078391
vt 0.765746 0.077273
vt 0.267350 0.778494
vt 0.271040 0.722622
vt 0.267336 0.723739
vt 0.267350 0.722622
vt 0.761570 0.593264
vt 0.765261 0.519295
vt 0.765261 0.593264
vt 0.779593 0.485800
vt 0.783283 0.432162
vt 0.783283 0.485800
vt 0.531030 0.797303
vt 0.477202 0.723346
vt 0.531030 0.723346
vt 0.239629 0.769109
vt 0.243320 0.715471
vt 0.243320 0.769109
vt 0.761570 0.681514
vt 0.765261 0.607546
vt 0.765261 0.681514
vt 0.153757 0.791114
vt 0.154878 0.791099
vt 0.153757 0.792032
vt 0.476080 0.797318
vt 0.477202 0.797303
vt 0.477202 0.798251
vt 0.099928 0.791114
vt 0.099928 0.792032
vt 0.098807 0.791099
vt 0.532152 0.797318
vt 0.531030 0.798251
vt 0.153757 0.717157
vt 0.153757 0.716208
vt 0.154878 0.717142
vt 0.476080 0.723361
vt 0.477202 0.722428
vt 0.099928 0.717157
vt 0.098807 0.717142
vt 0.099928 0.716208
vt 0.531030 0.722428
vt 0.532152 0.723361
vt 0.239615 0.770226
vt 0.243305 0.770226
vt 0.243305 0.714353
vt 0.239629 0.715471
vt 0.239615 0.714353
vt 0.779608 0.486917
vt 0.783298 0.431044
vt 0.779593 0.432162
vt 0.779608 0.431044
vt 0.411645 0.949741
vt 0.415403 0.952978
vt 0.410242 0.954979
vt 0.707745 0.970914
vt 0.707938 0.975107
vt 0.703622 0.974641
vt 0.407053 0.949741
vt 0.410242 0.944503
vt 0.415403 0.946504
vt 0.703622 0.969047
vt 0.990023 0.832837
vt 0.989168 0.828146
vt 0.993815 0.830277
vt 0.738587 0.975266
vt 0.734678 0.978828
vt 0.733695 0.973990
vt 0.997606 0.859489
vt 0.998155 0.863114
vt 0.993625 0.862069
vt 0.997930 0.850744
vt 0.998462 0.854798
vt 0.994005 0.851790
vt 0.707938 0.966056
vt 0.994005 0.835417
vt 0.738993 0.970243
vt 0.993815 0.856929
vt 0.698730 0.977288
vt 0.694065 0.975865
vt 0.698323 0.972794
vt 0.968740 0.383355
vt 0.972368 0.387028
vt 0.967802 0.387028
vt 0.959960 0.386759
vt 0.964018 0.383791
vt 0.962642 0.389029
vt 0.738587 0.965748
vt 0.733694 0.968396
vt 0.734678 0.964183
vt 0.968740 0.401178
vt 0.964018 0.400742
vt 0.967802 0.397504
vt 0.698730 0.967771
vt 0.694065 0.970271
vt 0.696732 0.964965
vt 0.970992 0.392266
vt 0.966399 0.392266
vt 0.972368 0.397504
vt 0.962642 0.395503
vt 0.959960 0.397774
vt 0.958857 0.392266
vt 0.729572 0.972123
vt 0.729379 0.967930
vt 0.702639 0.964209
vt 0.990023 0.854370
vt 0.989475 0.850744
vt 0.989168 0.859061
vt 0.989700 0.863114
vt 0.998462 0.832409
vt 0.997929 0.836463
vt 0.997606 0.827718
vt 0.993625 0.825138
vt 0.998155 0.824092
vt 0.743252 0.967172
vt 0.743252 0.972766
vt 0.729379 0.976981
vt 0.989475 0.836463
vt 0.989700 0.824092
vt 0.414027 0.941266
vt 0.418084 0.944233
vt 0.409304 0.940829
vt 0.405676 0.944503
vt 0.740585 0.978072
vt 0.405676 0.954979
vt 0.409304 0.958652
vt 0.702639 0.978854
vt 0.419187 0.949741
vt 0.414027 0.958216
vt 0.418084 0.955248
vt 0.991320 0.900331
vt 0.993473 0.908984
vt 0.991320 0.908984
vt 0.357680 0.697818
vt 0.360257 0.706457
vt 0.357680 0.706470
vt 0.360257 0.697805
vt 0.362834 0.706470
vt 0.989168 0.923266
vt 0.991320 0.931918
vt 0.989168 0.931918
vt 0.991320 0.923266
vt 0.993473 0.931918
vt 0.327928 0.697814
vt 0.330505 0.706480
vt 0.327928 0.706466
vt 0.950717 0.987586
vt 0.952402 0.983162
vt 0.956470 0.985603
vt 0.330505 0.697828
vt 0.333082 0.706466
vt 0.989168 0.900331
vt 0.989168 0.908984
vt 0.739556 0.751955
vt 0.743624 0.753357
vt 0.741939 0.758211
vt 0.584511 0.407319
vt 0.588268 0.410556
vt 0.583107 0.412557
vt 0.564187 0.970914
vt 0.564379 0.975107
vt 0.560064 0.974641
vt 0.579918 0.407319
vt 0.583107 0.402081
vt 0.588268 0.404082
vt 0.560064 0.969047
vt 0.883260 0.990780
vt 0.882404 0.986089
vt 0.887051 0.988220
vt 0.414884 0.984017
vt 0.410975 0.987579
vt 0.409992 0.982741
vt 0.819962 0.990780
vt 0.820511 0.994406
vt 0.815981 0.993360
vt 0.820285 0.982035
vt 0.820818 0.986089
vt 0.816361 0.983081
vt 0.564379 0.966056
vt 0.887241 0.993360
vt 0.415291 0.978994
vt 0.816171 0.988220
vt 0.555172 0.977288
vt 0.550506 0.975865
vt 0.554765 0.972794
vt 0.528924 0.940829
vt 0.532552 0.944503
vt 0.527987 0.944503
vt 0.520144 0.944233
vt 0.524202 0.941266
vt 0.522826 0.946504
vt 0.414884 0.974500
vt 0.409992 0.977147
vt 0.410975 0.972934
vt 0.528924 0.958652
vt 0.524202 0.958216
vt 0.527987 0.954979
vt 0.555172 0.967771
vt 0.550506 0.970271
vt 0.553173 0.964965
vt 0.531176 0.949741
vt 0.526583 0.949741
vt 0.532552 0.954979
vt 0.522826 0.952978
vt 0.520144 0.955248
vt 0.519041 0.949741
vt 0.405869 0.980874
vt 0.405676 0.976681
vt 0.559080 0.964209
vt 0.812379 0.985661
vt 0.811831 0.982035
vt 0.811524 0.990352
vt 0.812056 0.994406
vt 0.891698 0.990352
vt 0.891166 0.994406
vt 0.890843 0.985661
vt 0.886861 0.983081
vt 0.891391 0.982035
vt 0.419549 0.975923
vt 0.419549 0.981517
vt 0.405676 0.985732
vt 0.882711 0.994406
vt 0.882937 0.982035
vt 0.586892 0.398844
vt 0.590949 0.401812
vt 0.582169 0.398408
vt 0.578542 0.402081
vt 0.416882 0.986823
vt 0.578542 0.412557
vt 0.582169 0.416231
vt 0.559080 0.978854
vt 0.592053 0.407319
vt 0.586892 0.415794
vt 0.590949 0.412827
vt 0.281226 0.841593
vt 0.283379 0.850245
vt 0.281226 0.850245
vt 0.754785 0.406269
vt 0.757362 0.414907
vt 0.754785 0.414920
vt 0.757362 0.406255
vt 0.759939 0.414920
vt 0.989168 0.877396
vt 0.991320 0.886049
vt 0.989168 0.886049
vt 0.991320 0.877396
vt 0.993473 0.886049
vt 0.531019 0.696889
vt 0.533597 0.705555
vt 0.531019 0.705541
vt 0.556259 0.997559
vt 0.552191 1.000000
vt 0.550506 0.995576
vt 0.533597 0.696903
vt 0.536174 0.705541
vt 0.279074 0.841593
vt 0.279074 0.850245
vt 1.000000 0.047450
vt 0.995932 0.048852
vt 0.994247 0.043999
vt 0.612354 0.407319
vt 0.616112 0.410556
vt 0.610951 0.412557
vt 0.587919 0.977288
vt 0.584011 0.978854
vt 0.583027 0.974641
vt 0.607761 0.407319
vt 0.610951 0.402081
vt 0.616112 0.404082
vt 0.588326 0.972794
vt 0.758440 0.972927
vt 0.757585 0.968237
vt 0.762232 0.970368
vt 0.616125 0.975291
vt 0.612216 0.978854
vt 0.611233 0.974015
vt 0.792752 0.990780
vt 0.793301 0.994406
vt 0.788771 0.993360
vt 0.793075 0.982035
vt 0.793608 0.986089
vt 0.789151 0.983081
vt 0.592585 0.975865
vt 0.762422 0.975508
vt 0.616532 0.970268
vt 0.788961 0.988220
vt 0.578904 0.970914
vt 0.578712 0.966056
vt 0.583027 0.969047
vt 0.443403 0.940829
vt 0.447031 0.944503
vt 0.442466 0.944503
vt 0.434623 0.944233
vt 0.438681 0.941266
vt 0.437305 0.946504
vt 0.616125 0.965774
vt 0.611233 0.968421
vt 0.612216 0.964209
vt 0.443403 0.958652
vt 0.438681 0.958216
vt 0.442466 0.954979
vt 0.587919 0.967771
vt 0.584011 0.964209
vt 0.589918 0.964965
vt 0.445655 0.949741
vt 0.441063 0.949741
vt 0.447031 0.954979
vt 0.437305 0.952978
vt 0.434623 0.955248
vt 0.433520 0.949741
vt 0.607110 0.972149
vt 0.606917 0.967955
vt 0.592585 0.970271
vt 0.785169 0.985661
vt 0.784621 0.982035
vt 0.784314 0.990352
vt 0.784846 0.994406
vt 0.766879 0.972499
vt 0.766346 0.976553
vt 0.766023 0.967809
vt 0.762042 0.965228
vt 0.766572 0.964183
vt 0.620790 0.967197
vt 0.620790 0.972791
vt 0.606917 0.977007
vt 0.757892 0.976553
vt 0.758117 0.964183
vt 0.614736 0.398844
vt 0.618793 0.401812
vt 0.610013 0.398408
vt 0.606385 0.402081
vt 0.618123 0.978097
vt 0.606385 0.412557
vt 0.610013 0.416231
vt 0.578712 0.975107
vt 0.619896 0.407319
vt 0.614735 0.415794
vt 0.618793 0.412827
vt 0.991696 0.077273
vt 0.993849 0.085926
vt 0.991696 0.085926
vt 0.833900 0.288450
vt 0.836477 0.297088
vt 0.833900 0.297101
vt 0.836477 0.288436
vt 0.839054 0.297101
vt 0.989544 0.100208
vt 0.991697 0.108861
vt 0.989544 0.108861
vt 0.991697 0.100208
vt 0.993849 0.108861
vt 0.853386 0.288436
vt 0.855964 0.297101
vt 0.853386 0.297088
vt 0.005753 0.988944
vt 0.001685 0.991385
vt 0.000000 0.986961
vt 0.855964 0.288450
vt 0.858541 0.297088
vt 0.989544 0.077273
vt 0.989544 0.085926
vt 0.376902 0.995595
vt 0.372834 0.996998
vt 0.371149 0.992144
vt 0.640198 0.407319
vt 0.643955 0.410556
vt 0.638795 0.412557
vt 0.384830 0.968215
vt 0.385022 0.972409
vt 0.380707 0.971943
vt 0.635605 0.407319
vt 0.638795 0.402081
vt 0.643955 0.404082
vt 0.380707 0.966349
vt 0.912702 0.990780
vt 0.911846 0.986089
vt 0.916493 0.988220
vt 0.443090 0.984017
vt 0.439181 0.987579
vt 0.438197 0.982741
vt 0.867216 0.990780
vt 0.867764 0.994406
vt 0.863235 0.993360
vt 0.867539 0.982035
vt 0.868072 0.986089
vt 0.863614 0.983081
vt 0.385022 0.963357
vt 0.916683 0.993360
vt 0.443496 0.978994
vt 0.863425 0.988220
vt 0.375815 0.974590
vt 0.371149 0.973167
vt 0.375408 0.970096
vt 0.960600 0.951057
vt 0.964228 0.954731
vt 0.959662 0.954731
vt 0.951820 0.954461
vt 0.955877 0.951493
vt 0.954502 0.956732
vt 0.443089 0.974500
vt 0.438197 0.977147
vt 0.439181 0.972934
vt 0.960600 0.968880
vt 0.955877 0.968444
vt 0.959662 0.965207
vt 0.375815 0.965073
vt 0.371149 0.967573
vt 0.373816 0.962267
vt 0.962852 0.959969
vt 0.958259 0.959969
vt 0.964228 0.965207
vt 0.954502 0.963206
vt 0.951820 0.965476
vt 0.950717 0.959969
vt 0.434074 0.980874
vt 0.433882 0.976681
vt 0.379723 0.961510
vt 0.859633 0.985661
vt 0.859085 0.982035
vt 0.858777 0.990352
vt 0.859310 0.994406
vt 0.921141 0.990352
vt 0.920608 0.994405
vt 0.920285 0.985661
vt 0.916304 0.983081
vt 0.920833 0.982035
vt 0.447755 0.975923
vt 0.447755 0.981517
vt 0.433882 0.985732
vt 0.912154 0.994405
vt 0.912379 0.982035
vt 0.642579 0.398844
vt 0.646637 0.401812
vt 0.637857 0.398408
vt 0.634229 0.402081
vt 0.445088 0.986823
vt 0.634229 0.412557
vt 0.637857 0.416231
vt 0.379723 0.976156
vt 0.647740 0.407319
vt 0.642579 0.415794
vt 0.646636 0.412827
vt 0.991696 0.169012
vt 0.993849 0.177665
vt 0.991696 0.177665
vt 0.892360 0.288450
vt 0.894937 0.297088
vt 0.892360 0.297101
vt 0.894937 0.288436
vt 0.897514 0.297101
vt 0.989544 0.191947
vt 0.991697 0.200599
vt 0.989544 0.200599
vt 0.991697 0.191947
vt 0.993849 0.200599
vt 0.911847 0.288436
vt 0.914424 0.297101
vt 0.911847 0.297088
vt 0.359626 0.944321
vt 0.355558 0.946761
vt 0.353873 0.942338
vt 0.914424 0.288450
vt 0.917001 0.297088
vt 0.989544 0.169012
vt 0.989544 0.177665
vt 0.719924 0.756809
vt 0.715856 0.758211
vt 0.714171 0.753357
vt 0.668042 0.407319
vt 0.671799 0.410556
vt 0.666638 0.412557
vt 0.644330 0.977288
vt 0.640422 0.978854
vt 0.639438 0.974641
vt 0.663449 0.407319
vt 0.666638 0.402081
vt 0.671799 0.404082
vt 0.644737 0.972794
vt 0.836006 0.990780
vt 0.835150 0.986089
vt 0.839798 0.988220
vt 0.499501 0.984017
vt 0.495592 0.987579
vt 0.494609 0.982741
vt 0.986999 0.988243
vt 0.987547 0.991868
vt 0.983017 0.990823
vt 0.987322 0.979498
vt 0.987854 0.983552
vt 0.983397 0.980543
vt 0.648996 0.975865
vt 0.839987 0.993360
vt 0.499908 0.978994
vt 0.983207 0.985683
vt 0.635315 0.970914
vt 0.635123 0.966056
vt 0.639438 0.969047
vt 0.471247 0.940829
vt 0.474875 0.944503
vt 0.470309 0.944503
vt 0.462467 0.944233
vt 0.466524 0.941266
vt 0.465149 0.946504
vt 0.499501 0.974500
vt 0.494609 0.977147
vt 0.495592 0.972934
vt 0.471247 0.958652
vt 0.466524 0.958216
vt 0.470309 0.954979
vt 0.644331 0.967771
vt 0.640422 0.964209
vt 0.646329 0.964965
vt 0.473499 0.949741
vt 0.468906 0.949741
vt 0.474875 0.954979
vt 0.465149 0.952978
vt 0.462467 0.955248
vt 0.461364 0.949741
vt 0.490486 0.980874
vt 0.490293 0.976681
vt 0.648996 0.970271
vt 0.979416 0.983124
vt 0.978867 0.979498
vt 0.978560 0.987815
vt 0.979093 0.991868
vt 0.844445 0.990352
vt 0.843912 0.994406
vt 0.843589 0.985661
vt 0.839608 0.983081
vt 0.844137 0.982035
vt 0.504166 0.975923
vt 0.504166 0.981517
vt 0.490293 0.985732
vt 0.835458 0.994406
vt 0.835683 0.982035
vt 0.670423 0.398844
vt 0.674480 0.401812
vt 0.665700 0.398408
vt 0.662072 0.402081
vt 0.501499 0.986823
vt 0.662072 0.412557
vt 0.665700 0.416231
vt 0.635123 0.975107
vt 0.675583 0.407319
vt 0.670423 0.415794
vt 0.674480 0.412827
vt 0.991697 0.123143
vt 0.993849 0.131796
vt 0.991697 0.131796
vt 0.931334 0.288450
vt 0.933911 0.297088
vt 0.931334 0.297101
vt 0.933911 0.288436
vt 0.936488 0.297101
vt 0.989544 0.146077
vt 0.991697 0.154730
vt 0.989544 0.154730
vt 0.991697 0.146077
vt 0.993849 0.154730
vt 0.950821 0.288436
vt 0.953398 0.297101
vt 0.950821 0.297088
vt 1.000000 0.004424
vt 0.995932 0.006864
vt 0.994247 0.002441
vt 0.953398 0.288450
vt 0.955975 0.297088
vt 0.989544 0.123143
vt 0.989544 0.131796
vt 0.763338 0.995993
vt 0.759270 0.997395
vt 0.757585 0.992541
vt 0.695885 0.407319
vt 0.699643 0.410556
vt 0.694482 0.412557
vt 0.679540 0.970914
vt 0.679732 0.975107
vt 0.675417 0.974641
vt 0.691292 0.407319
vt 0.694482 0.402081
vt 0.699643 0.404082
vt 0.675417 0.969047
vt 0.579397 0.204612
vt 0.578542 0.199922
vt 0.583189 0.202053
vt 0.471295 0.984017
vt 0.467387 0.987579
vt 0.466403 0.982741
vt 0.995139 0.392099
vt 0.995688 0.395725
vt 0.991158 0.394680
vt 0.995462 0.383355
vt 0.995995 0.387409
vt 0.991538 0.384400
vt 0.679732 0.966056
vt 0.583379 0.207193
vt 0.471702 0.978994
vt 0.991348 0.389540
vt 0.670525 0.977288
vt 0.665859 0.975865
vt 0.670118 0.972794
vt 0.499090 0.940829
vt 0.502718 0.944503
vt 0.498153 0.944503
vt 0.490310 0.944233
vt 0.494368 0.941266
vt 0.492992 0.946504
vt 0.471295 0.974500
vt 0.466403 0.977147
vt 0.467387 0.972934
vt 0.499090 0.958652
vt 0.494368 0.958216
vt 0.498153 0.954979
vt 0.670524 0.967771
vt 0.665859 0.970271
vt 0.668526 0.964965
vt 0.501342 0.949741
vt 0.496750 0.949741
vt 0.502718 0.954979
vt 0.492992 0.952978
vt 0.490310 0.955248
vt 0.489207 0.949741
vt 0.462280 0.980874
vt 0.462088 0.976681
vt 0.674433 0.964209
vt 0.987556 0.386981
vt 0.987008 0.383355
vt 0.986701 0.391671
vt 0.987233 0.395725
vt 0.587836 0.204184
vt 0.587304 0.208238
vt 0.586981 0.199494
vt 0.582999 0.196913
vt 0.587529 0.195868
vt 0.475961 0.975923
vt 0.475961 0.981517
vt 0.462088 0.985732
vt 0.578849 0.208238
vt 0.579075 0.195868
vt 0.698266 0.398844
vt 0.702324 0.401812
vt 0.693544 0.398408
vt 0.689916 0.402081
vt 0.473294 0.986823
vt 0.689916 0.412557
vt 0.693544 0.416231
vt 0.674433 0.978854
vt 0.703427 0.407319
vt 0.698266 0.415794
vt 0.702324 0.412827
vt 0.991947 0.288436
vt 0.994100 0.297089
vt 0.991947 0.297089
vt 0.970308 0.288450
vt 0.972885 0.297088
vt 0.970308 0.297101
vt 0.972885 0.288436
vt 0.975462 0.297101
vt 0.990071 0.759944
vt 0.992224 0.768597
vt 0.990071 0.768597
vt 0.992224 0.759944
vt 0.994376 0.768597
vt 0.872873 0.288436
vt 0.875450 0.297101
vt 0.872873 0.297088
vt 0.994247 0.025570
vt 0.995932 0.021146
vt 1.000000 0.023587
vt 0.875450 0.288450
vt 0.878027 0.297088
vt 0.989794 0.288436
vt 0.989794 0.297089
vt 0.735132 0.998268
vt 0.731064 0.999670
vt 0.729379 0.994816
vt 0.716421 0.167931
vt 0.719196 0.198277
vt 0.716421 0.198261
vt 0.736154 0.384586
vt 0.738303 0.414920
vt 0.736154 0.414920
vt 0.738303 0.384586
vt 0.740452 0.414920
vt 0.733529 0.167931
vt 0.736304 0.198277
vt 0.733529 0.198261
vt 0.736304 0.167947
vt 0.739079 0.198261
vt 0.782175 0.413689
vt 0.780026 0.383355
vt 0.782175 0.383355
vt 0.243707 0.791956
vt 0.239615 0.789157
vt 0.241310 0.784508
vt 0.780026 0.413689
vt 0.777877 0.383355
vt 0.713645 0.167947
vt 0.713645 0.198277
vt 0.049023 0.990052
vt 0.047327 0.984785
vt 0.051420 0.983478
vt 0.826260 0.398100
vt 0.818550 0.390091
vt 0.826260 0.390091
vt 0.826260 0.383355
vt 0.870344 0.383355
vt 0.862635 0.389600
vt 0.862635 0.383355
vt 0.870344 0.389600
vt 0.862635 0.397025
vt 0.870344 0.397025
vt 0.862635 0.404499
vt 0.870344 0.404499
vt 0.862635 0.410885
vt 0.804217 0.383355
vt 0.796507 0.390242
vt 0.796507 0.383355
vt 0.804217 0.390242
vt 0.796507 0.398304
vt 0.804217 0.398304
vt 0.796507 0.406312
vt 0.804217 0.406312
vt 0.796507 0.413049
vt 0.840592 0.410885
vt 0.848302 0.404639
vt 0.848302 0.410885
vt 0.840592 0.404639
vt 0.848302 0.397214
vt 0.840592 0.397214
vt 0.848302 0.389740
vt 0.840592 0.383355
vt 0.848302 0.383355
vt 0.643626 0.176477
vt 0.638221 0.205684
vt 0.611048 0.200691
vt 0.826260 0.413049
vt 0.818550 0.406162
vt 0.826260 0.406162
vt 0.699313 0.183942
vt 0.683920 0.209015
vt 0.660884 0.193225
vt 0.521373 0.987412
vt 0.519041 0.980173
vt 0.525898 0.984647
vt 0.989943 0.410007
vt 0.988322 0.416000
vt 0.986700 0.410007
vt 0.530135 0.987412
vt 0.310021 0.987791
vt 0.301259 0.987791
vt 0.305497 0.985026
vt 0.312353 0.980552
vt 0.032995 0.990801
vt 0.029752 0.990801
vt 0.031374 0.983041
vt 0.526362 0.975699
vt 0.533219 0.980173
vt 0.298175 0.980552
vt 0.305032 0.976078
vt 0.522124 0.972934
vt 0.070159 0.990801
vt 0.068537 0.983041
vt 0.071780 0.983041
vt 0.309270 0.973313
vt 0.530887 0.972934
vt 0.973449 0.209116
vt 0.970318 0.208275
vt 0.973449 0.202907
vt 0.300507 0.973313
vt 0.990075 0.695796
vt 0.993353 0.704016
vt 0.990075 0.704016
vt 0.718741 0.398408
vt 0.719862 0.406627
vt 0.718741 0.406627
vt 0.580814 0.997205
vt 0.579693 0.993939
vt 0.580814 0.993939
vt 0.991052 0.782891
vt 0.992174 0.791111
vt 0.991052 0.791111
vt 0.990075 0.718298
vt 0.993353 0.726518
vt 0.990075 0.726518
vt 0.953196 0.208335
vt 0.954177 0.208321
vt 0.953196 0.209138
vt 0.578712 0.997218
vt 0.579693 0.997205
vt 0.579693 0.998035
vt 0.952074 0.208335
vt 0.952074 0.209138
vt 0.951093 0.208321
vt 0.581796 0.997218
vt 0.580814 0.998035
vt 0.953196 0.205069
vt 0.953196 0.204238
vt 0.954177 0.205055
vt 0.578712 0.993952
vt 0.579693 0.993136
vt 0.952074 0.205068
vt 0.951093 0.205055
vt 0.952074 0.204238
vt 0.580814 0.993136
vt 0.581796 0.993952
vt 0.990071 0.782879
vt 0.990071 0.791098
vt 0.993155 0.791098
vt 0.992174 0.782891
vt 0.993155 0.782879
vt 0.717760 0.398420
vt 0.720844 0.406639
vt 0.719862 0.398408
vt 0.720844 0.398420
vt 0.000000 0.240566
vt 0.029529 0.240566
vt 0.074307 0.422152
vt 0.550506 0.431044
vt 0.578542 0.224288
vt 0.608123 0.000000
vt 0.039119 0.440353
vt 0.367047 0.448576
vt 0.059058 0.582460
vt 0.039119 0.600651
vt 0.745521 0.224288
vt 0.267336 0.594535
vt 0.747238 0.431044
vt 0.747238 0.591352
vt 0.327928 0.594602
vt 0.391344 0.608639
vt 0.723538 0.591352
vt 0.059058 0.742768
vt 0.098807 0.000000
vt 0.283842 0.434227
vt 0.942855 0.225405
vt 0.784314 0.696914
vt 0.753497 0.949901
vt 0.948717 0.313200
vt 0.748604 0.901366
vt 0.838229 0.479793
vt 0.932228 0.761062
vt 0.783783 0.078391
vt 0.555399 0.949927
vt 0.950349 0.431044
vt 0.550506 0.901392
vt 0.501206 0.861282
vt 0.943483 0.630612
vt 0.605441 0.774213
vt 0.574624 0.949927
vt 0.689978 0.901392
vt 0.569732 0.901392
vt 0.874498 0.273037
vt 0.943483 0.502316
vt 0.660375 0.774213
vt 0.593850 0.949927
vt 0.709203 0.901392
vt 0.588957 0.901392
vt 0.875127 0.549948
vt 0.519041 0.877799
vt 0.029752 0.762067
vt 0.967140 0.272823
vt 0.103700 0.934610
vt 0.962247 0.224288
vt 0.209810 0.855062
vt 0.823099 0.889358
vt 0.784314 0.761062
vt 0.174104 0.983145
vt 0.122925 0.934610
vt 0.169211 0.934610
vt 0.875127 0.678244
vt 0.861884 0.889358
vt 0.729379 0.774187
vt 0.193329 0.983145
vt 0.967769 0.501199
vt 0.188436 0.934610
vt 0.139405 0.855063
vt 0.932231 0.696914
vt 0.779593 0.502316
vt 0.967769 0.678030
vt 0.955610 0.824092
vt 0.962876 0.629495
vt 0.264741 0.855062
vt 0.916906 0.936989
vt 0.779593 0.566464
vt 0.385022 0.947229
vt 0.229035 0.934610
vt 0.380130 0.898693
vt 0.829088 0.048749
vt 0.000000 0.891843
vt 0.783783 0.148545
vt 0.248261 0.983145
vt 0.283059 0.934610
vt 0.243368 0.934610
vt 0.338774 0.860350
vt 0.942579 0.566464
vt 0.550506 0.774213
vt 0.986994 0.549734
vt 0.986994 0.629495
vt 0.982101 0.501199
vt 0.446275 0.861282
vt 0.936403 0.001117
vt 0.779593 0.630612
vt 0.987168 0.361735
vt 0.988800 0.431044
vt 0.982275 0.313200
vt 0.836512 0.361949
vt 0.892745 0.078391
vt 0.608183 0.901392
vt 0.480085 0.877799
vt 0.627408 0.901392
vt 0.499563 0.877799
vt 0.646634 0.901392
vt 0.924347 0.314318
vt 0.665859 0.901392
vt 0.515539 0.813651
vt 0.964681 0.431044
vt 0.000000 0.827695
vt 0.969942 0.888240
vt 0.912223 0.078391
vt 0.970318 0.140090
vt 0.893276 0.696914
vt 0.970849 0.695796
vt 0.380130 0.835663
vt 0.951624 0.695796
vt 0.892745 0.148545
vt 0.955796 0.000000
vt 0.460608 0.877799
vt 0.729379 0.901366
vt 0.912750 0.761062
vt 0.961972 0.565347
vt 0.025094 0.226284
vt 0.084474 0.000000
vt 0.010762 0.000000
vt 0.336001 0.973604
vt 0.339859 0.977872
vt 0.339859 0.983616
vt 0.330544 0.987180
vt 0.326686 0.977168
vt 0.050188 0.226284
vt 0.978560 0.955616
vt 0.982418 0.951349
vt 0.987875 0.951057
vt 0.991733 0.960657
vt 0.982418 0.965216
vt 0.453681 0.608639
vt 0.516019 0.608639
vt 0.267336 0.708340
vt 0.316741 0.939897
vt 0.940291 0.383355
vt 0.990071 0.809625
vt 0.335307 0.939897
vt 0.298175 0.939897
vt 0.912223 0.209802
vt 0.819567 0.224288
vt 0.357889 0.722688
vt 0.357680 0.683523
vt 0.759853 0.313200
vt 0.761570 0.431044
vt 0.781581 0.369073
vt 0.532483 0.608639
vt 0.239615 0.626103
vt 0.271040 0.778494
vt 0.761570 0.519295
vt 0.761570 0.607546
vt 0.783298 0.486917
vt 0.993473 0.900331
vt 0.362834 0.697818
vt 0.993473 0.923266
vt 0.956470 0.988320
vt 0.954785 0.990026
vt 0.952402 0.989722
vt 0.950717 0.984869
vt 0.954785 0.983466
vt 0.333082 0.697814
vt 0.739556 0.758515
vt 0.737871 0.756809
vt 0.737871 0.754092
vt 0.741939 0.751651
vt 0.743624 0.756074
vt 0.283379 0.841593
vt 0.759939 0.406269
vt 0.993473 0.877396
vt 0.552191 0.993440
vt 0.554574 0.993136
vt 0.556259 0.994842
vt 0.554574 0.999696
vt 0.550506 0.998294
vt 0.536174 0.696889
vt 0.995932 0.042292
vt 0.998315 0.042596
vt 1.000000 0.044733
vt 0.998315 0.049157
vt 0.994247 0.046716
vt 0.993849 0.077273
vt 0.839054 0.288450
vt 0.993849 0.100208
vt 0.001685 0.984825
vt 0.004068 0.984520
vt 0.005753 0.986227
vt 0.004068 0.991081
vt 0.000000 0.989678
vt 0.858541 0.288436
vt 0.372834 0.990437
vt 0.375217 0.990742
vt 0.376902 0.992878
vt 0.375217 0.997302
vt 0.371149 0.994861
vt 0.993849 0.169012
vt 0.897514 0.288450
vt 0.993849 0.191947
vt 0.355558 0.940201
vt 0.357941 0.939897
vt 0.359626 0.941603
vt 0.357941 0.946457
vt 0.353873 0.945055
vt 0.917001 0.288436
vt 0.715856 0.751651
vt 0.718239 0.751955
vt 0.719924 0.754091
vt 0.718239 0.758515
vt 0.714171 0.756074
vt 0.993849 0.123143
vt 0.936488 0.288450
vt 0.993849 0.146077
vt 0.995932 0.000304
vt 0.998315 0.000000
vt 1.000000 0.001706
vt 0.998315 0.006560
vt 0.994247 0.005158
vt 0.955975 0.288436
vt 0.759270 0.990835
vt 0.761653 0.991139
vt 0.763338 0.993276
vt 0.761653 0.997699
vt 0.757585 0.995259
vt 0.994100 0.288436
vt 0.975462 0.288450
vt 0.994376 0.759944
vt 1.000000 0.026304
vt 0.998315 0.028011
vt 0.995932 0.027706
vt 0.994247 0.022853
vt 0.998315 0.021450
vt 0.878027 0.288436
vt 0.731064 0.993110
vt 0.733447 0.993414
vt 0.735132 0.995551
vt 0.733447 0.999974
vt 0.729379 0.997534
vt 0.719196 0.167947
vt 0.740452 0.384586
vt 0.739079 0.167931
vt 0.243707 0.784945
vt 0.245402 0.787307
vt 0.245403 0.790212
vt 0.241310 0.791519
vt 0.239615 0.786252
vt 0.777877 0.413689
vt 0.053115 0.985840
vt 0.053115 0.988745
vt 0.051420 0.990489
vt 0.047327 0.987690
vt 0.049023 0.983041
vt 0.818550 0.398100
vt 0.818550 0.383355
vt 0.870344 0.410885
vt 0.804217 0.413049
vt 0.840592 0.389740
vt 0.608123 0.193225
vt 0.608123 0.185053
vt 0.611048 0.177419
vt 0.616453 0.171484
vt 0.623515 0.168152
vt 0.631159 0.167931
vt 0.638221 0.170855
vt 0.646552 0.183942
vt 0.646552 0.192114
vt 0.643626 0.199749
vt 0.631159 0.209015
vt 0.623515 0.209236
vt 0.616453 0.206313
vt 0.818550 0.413049
vt 0.660884 0.185053
vt 0.663809 0.177419
vt 0.669214 0.171484
vt 0.676276 0.168152
vt 0.683920 0.167931
vt 0.690982 0.170855
vt 0.696387 0.176477
vt 0.699313 0.192114
vt 0.696387 0.199749
vt 0.690982 0.205684
vt 0.676276 0.209236
vt 0.669214 0.206313
vt 0.663809 0.200691
vt 0.993353 0.695796
vt 0.993353 0.718298
vt 0.717760 0.406639
s 0
usemtl MMO_stone
f 17/1/1 2/2/1 15/3/1
f 23/4/2 14/5/2 21/6/2
f 10/7/3 16/8/3 22/9/3
f 6/10/4 8/11/4 3/12/4
f 11/13/5 20/14/5 9/15/5
f 1/16/6 2/17/6 3/18/6
f 4/19/7 5/20/7 6/21/7
f 7/22/8 8/23/8 9/24/8
f 10/7/9 11/25/9 12/26/9
f 13/27/10 14/28/10 15/29/10
f 16/8/11 17/30/11 18/31/11
f 19/32/12 20/33/12 21/34/12
f 22/9/13 23/35/13 24/36/13
f 1/16/14 8/23/14 7/22/14
f 4/37/15 3/12/15 2/38/15
f 10/7/16 6/21/16 5/20/16
f 9/39/17 12/40/17 11/41/17
f 7/22/18 20/33/18 19/32/18
f 22/9/19 11/25/19 10/7/19
f 21/6/20 24/42/20 23/4/20
f 19/32/21 14/28/21 13/27/21
f 16/8/22 23/35/22 22/9/22
f 15/43/23 18/44/23 17/45/23
f 13/27/24 2/17/24 1/16/24
f 5/20/25 17/30/25 16/8/25
f 19/32/26 1/16/26 7/22/26
f 17/1/1 4/2541/1 2/2/1
f 23/4/2 18/44/2 14/5/2
f 10/7/3 5/20/3 16/8/3
f 6/10/4 12/40/4 8/11/4
f 11/13/5 24/2542/5 20/14/5
f 1/16/14 3/18/14 8/23/14
f 4/37/15 6/10/15 3/12/15
f 10/7/16 12/26/16 6/21/16
f 9/39/17 8/11/17 12/40/17
f 7/22/18 9/24/18 20/33/18
f 22/9/19 24/36/19 11/25/19
f 21/6/20 20/2543/20 24/42/20
f 19/32/21 21/34/21 14/28/21
f 16/8/22 18/31/22 23/35/22
f 15/43/23 14/5/23 18/44/23
f 13/27/24 15/29/24 2/17/24
f 5/20/25 4/19/25 17/30/25
f 19/32/26 13/27/26 1/16/26
usemtl MMO_plaster
f 41/46/1 26/47/1 39/48/1
f 47/49/2 38/50/2 45/51/2
f 34/52/3 40/53/3 46/54/3
f 30/55/4 32/56/4 27/57/4
f 35/58/5 44/59/5 33/60/5
f 25/61/6 26/62/6 27/63/6
f 28/64/7 29/65/7 30/66/7
f 31/67/8 32/68/8 33/69/8
f 34/52/9 35/70/9 36/71/9
f 37/72/10 38/73/10 39/74/10
f 40/53/11 41/75/11 42/76/11
f 43/77/12 44/78/12 45/79/12
f 46/54/13 47/80/13 48/81/13
f 25/61/14 32/68/14 31/67/14
f 28/82/15 27/57/15 26/83/15
f 34/52/16 30/66/16 29/65/16
f 33/84/17 36/85/17 35/86/17
f 31/67/18 44/78/18 43/77/18
f 46/54/19 35/70/19 34/52/19
f 45/51/20 48/87/20 47/49/20
f 43/77/21 38/73/21 37/72/21
f 40/53/22 47/80/22 46/54/22
f 39/88/23 42/89/23 41/90/23
f 37/72/24 26/62/24 25/61/24
f 29/65/25 41/75/25 40/53/25
f 43/77/26 25/61/26 31/67/26
f 147/271/1 145/272/1 146/273/1
f 148/274/5 150/275/5 149/276/5
f 148/277/26 146/278/26 145/279/26
f 149/280/27 147/281/27 146/282/27
f 150/283/28 145/284/28 147/281/28
f 41/46/1 28/2544/1 26/47/1
f 47/49/2 42/89/2 38/50/2
f 34/52/3 29/65/3 40/53/3
f 30/55/4 36/85/4 32/56/4
f 35/58/5 48/2545/5 44/59/5
f 25/61/14 27/63/14 32/68/14
f 28/82/15 30/55/15 27/57/15
f 34/52/16 36/71/16 30/66/16
f 33/84/17 32/56/17 36/85/17
f 31/67/18 33/69/18 44/78/18
f 46/54/19 48/81/19 35/70/19
f 45/51/20 44/2546/20 48/87/20
f 43/77/21 45/79/21 38/73/21
f 40/53/22 42/76/22 47/80/22
f 39/88/23 38/50/23 42/89/23
f 37/72/24 39/74/24 26/62/24
f 29/65/25 28/64/25 41/75/25
f 43/77/26 37/72/26 25/61/26
f 148/277/26 149/2559/26 146/278/26
f 149/280/27 150/283/27 147/281/27
f 150/283/28 148/2560/28 145/284/28
usemtl MMO_darkwood
f 65/91/1 50/92/1 63/93/1
f 71/94/2 62/95/2 69/96/2
f 58/97/3 64/98/3 70/99/3
f 54/100/4 56/101/4 51/102/4
f 59/103/5 68/104/5 57/105/5
f 49/106/6 50/107/6 51/108/6
f 52/109/7 53/110/7 54/111/7
f 55/112/8 56/113/8 57/114/8
f 58/97/9 59/115/9 60/116/9
f 61/117/10 62/118/10 63/119/10
f 64/98/11 65/120/11 66/121/11
f 67/122/12 68/123/12 69/124/12
f 70/99/13 71/125/13 72/126/13
f 49/106/14 56/113/14 55/112/14
f 52/127/15 51/102/15 50/128/15
f 58/97/16 54/111/16 53/110/16
f 57/129/17 60/130/17 59/131/17
f 55/112/18 68/123/18 67/122/18
f 70/99/19 59/115/19 58/97/19
f 69/96/20 72/132/20 71/94/20
f 67/122/21 62/118/21 61/117/21
f 64/98/22 71/125/22 70/99/22
f 63/133/23 66/134/23 65/135/23
f 61/117/24 50/107/24 49/106/24
f 53/110/25 65/120/25 64/98/25
f 67/122/26 49/106/26 55/112/26
f 89/136/1 74/137/1 87/138/1
f 95/139/2 86/140/2 93/141/2
f 82/142/3 88/143/3 94/144/3
f 78/145/4 80/146/4 75/147/4
f 83/148/5 92/149/5 81/150/5
f 73/151/6 74/152/6 75/153/6
f 76/154/7 77/155/7 78/156/7
f 79/157/8 80/158/8 81/159/8
f 82/142/9 83/160/9 84/161/9
f 85/162/10 86/163/10 87/164/10
f 88/143/11 89/165/11 90/166/11
f 91/167/12 92/168/12 93/169/12
f 94/144/13 95/170/13 96/171/13
f 73/151/14 80/158/14 79/157/14
f 76/172/15 75/147/15 74/173/15
f 82/142/16 78/156/16 77/155/16
f 81/174/17 84/175/17 83/176/17
f 79/157/18 92/168/18 91/167/18
f 94/144/19 83/160/19 82/142/19
f 93/141/20 96/177/20 95/139/20
f 91/167/21 86/163/21 85/162/21
f 88/143/22 95/170/22 94/144/22
f 87/178/23 90/179/23 89/180/23
f 85/162/24 74/152/24 73/151/24
f 77/155/25 89/165/25 88/143/25
f 91/167/26 73/151/26 79/157/26
f 113/181/1 98/182/1 111/183/1
f 119/184/2 110/185/2 117/186/2
f 106/187/3 112/188/3 118/189/3
f 102/190/4 104/191/4 99/192/4
f 107/193/5 116/194/5 105/195/5
f 97/196/6 98/197/6 99/198/6
f 100/199/7 101/200/7 102/201/7
f 103/202/8 104/203/8 105/204/8
f 106/187/9 107/205/9 108/206/9
f 109/207/10 110/208/10 111/209/10
f 112/188/11 113/210/11 114/211/11
f 115/212/12 116/213/12 117/214/12
f 118/189/13 119/215/13 120/216/13
f 97/196/14 104/203/14 103/202/14
f 100/217/15 99/192/15 98/218/15
f 106/187/16 102/201/16 101/200/16
f 105/219/17 108/220/17 107/221/17
f 103/202/18 116/213/18 115/212/18
f 118/189/19 107/205/19 106/187/19
f 117/186/20 120/222/20 119/184/20
f 115/212/21 110/208/21 109/207/21
f 112/188/22 119/215/22 118/189/22
f 111/223/23 114/224/23 113/225/23
f 109/207/24 98/197/24 97/196/24
f 101/200/25 113/210/25 112/188/25
f 115/212/26 97/196/26 103/202/26
f 137/226/1 122/227/1 135/228/1
f 143/229/2 134/230/2 141/231/2
f 130/232/3 136/233/3 142/234/3
f 126/235/4 128/236/4 123/237/4
f 131/238/5 140/239/5 129/240/5
f 121/241/6 122/242/6 123/243/6
f 124/244/7 125/245/7 126/246/7
f 127/247/8 128/248/8 129/249/8
f 130/232/9 131/250/9 132/251/9
f 133/252/10 134/253/10 135/254/10
f 136/233/11 137/255/11 138/256/11
f 139/257/12 140/258/12 141/259/12
f 142/234/13 143/260/13 144/261/13
f 121/241/14 128/248/14 127/247/14
f 124/262/15 123/237/15 122/263/15
f 130/232/16 126/246/16 125/245/16
f 129/264/17 132/265/17 131/266/17
f 127/247/18 140/258/18 139/257/18
f 142/234/19 131/250/19 130/232/19
f 141/231/20 144/267/20 143/229/20
f 139/257/21 134/253/21 133/252/21
f 136/233/22 143/260/22 142/234/22
f 135/268/23 138/269/23 137/270/23
f 133/252/24 122/242/24 121/241/24
f 125/245/25 137/255/25 136/233/25
f 139/257/26 121/241/26 127/247/26
s 1
f 728/1437/75 729/1438/76 727/1439/77
f 730/1440/78 731/1441/79 729/1442/76
f 732/1443/80 733/1444/81 731/1441/79
f 734/1445/82 735/1446/83 733/1447/81
f 736/1448/84 737/1449/85 735/1446/83
f 738/1450/86 739/1451/87 737/1452/85
s 0
f 740/1453/5 736/1454/5 732/1455/5
s 1
f 740/1456/88 741/1457/89 739/1451/87
f 742/1458/90 727/1439/77 741/1459/89
s 0
f 733/1460/1 737/1461/1 741/1462/1
f 831/1598/1 816/1599/1 829/1600/1
f 837/1601/2 828/1602/2 835/1603/2
f 824/1604/3 830/1605/3 836/1606/3
f 820/1607/4 822/1608/4 817/1609/4
f 825/1610/5 834/1611/5 823/1612/5
f 815/1613/6 816/1614/6 817/1615/6
f 818/1616/7 819/1617/7 820/1618/7
f 821/1619/8 822/1620/8 823/1621/8
f 824/1604/9 825/1622/9 826/1623/9
f 827/1624/10 828/1625/10 829/1626/10
f 830/1605/11 831/1627/11 832/1628/11
f 833/1629/12 834/1630/12 835/1631/12
f 836/1606/13 837/1632/13 838/1633/13
f 815/1613/14 822/1620/14 821/1619/14
f 818/1634/15 817/1609/15 816/1635/15
f 824/1604/16 820/1618/16 819/1617/16
f 823/1636/17 826/1637/17 825/1638/17
f 821/1619/18 834/1630/18 833/1629/18
f 836/1606/19 825/1622/19 824/1604/19
f 835/1603/20 838/1639/20 837/1601/20
f 833/1629/21 828/1625/21 827/1624/21
f 830/1605/22 837/1632/22 836/1606/22
f 829/1640/23 832/1641/23 831/1642/23
f 827/1624/24 816/1614/24 815/1613/24
f 819/1617/25 831/1627/25 830/1605/25
f 833/1629/26 815/1613/26 821/1619/26
f 65/91/1 52/2547/1 50/92/1
f 71/94/2 66/134/2 62/95/2
f 58/97/3 53/110/3 64/98/3
f 54/100/4 60/130/4 56/101/4
f 59/103/5 72/2548/5 68/104/5
f 49/106/14 51/108/14 56/113/14
f 52/127/15 54/100/15 51/102/15
f 58/97/16 60/116/16 54/111/16
f 57/129/17 56/101/17 60/130/17
f 55/112/18 57/114/18 68/123/18
f 70/99/19 72/126/19 59/115/19
f 69/96/20 68/2549/20 72/132/20
f 67/122/21 69/124/21 62/118/21
f 64/98/22 66/121/22 71/125/22
f 63/133/23 62/95/23 66/134/23
f 61/117/24 63/119/24 50/107/24
f 53/110/25 52/109/25 65/120/25
f 67/122/26 61/117/26 49/106/26
f 89/136/1 76/2550/1 74/137/1
f 95/139/2 90/179/2 86/140/2
f 82/142/3 77/155/3 88/143/3
f 78/145/4 84/175/4 80/146/4
f 83/148/5 96/2551/5 92/149/5
f 73/151/14 75/153/14 80/158/14
f 76/172/15 78/145/15 75/147/15
f 82/142/16 84/161/16 78/156/16
f 81/174/17 80/146/17 84/175/17
f 79/157/18 81/159/18 92/168/18
f 94/144/19 96/171/19 83/160/19
f 93/141/20 92/2552/20 96/177/20
f 91/167/21 93/169/21 86/163/21
f 88/143/22 90/166/22 95/170/22
f 87/178/23 86/140/23 90/179/23
f 85/162/24 87/164/24 74/152/24
f 77/155/25 76/154/25 89/165/25
f 91/167/26 85/162/26 73/151/26
f 113/181/1 100/2553/1 98/182/1
f 119/184/2 114/224/2 110/185/2
f 106/187/3 101/200/3 112/188/3
f 102/190/4 108/220/4 104/191/4
f 107/193/5 120/2554/5 116/194/5
f 97/196/14 99/198/14 104/203/14
f 100/217/15 102/190/15 99/192/15
f 106/187/16 108/206/16 102/201/16
f 105/219/17 104/191/17 108/220/17
f 103/202/18 105/204/18 116/213/18
f 118/189/19 120/216/19 107/205/19
f 117/186/20 116/2555/20 120/222/20
f 115/212/21 117/214/21 110/208/21
f 112/188/22 114/211/22 119/215/22
f 111/223/23 110/185/23 114/224/23
f 109/207/24 111/209/24 98/197/24
f 101/200/25 100/199/25 113/210/25
f 115/212/26 109/207/26 97/196/26
f 137/226/1 124/2556/1 122/227/1
f 143/229/2 138/269/2 134/230/2
f 130/232/3 125/245/3 136/233/3
f 126/235/4 132/265/4 128/236/4
f 131/238/5 144/2557/5 140/239/5
f 121/241/14 123/243/14 128/248/14
f 124/262/15 126/235/15 123/237/15
f 130/232/16 132/251/16 126/246/16
f 129/264/17 128/236/17 132/265/17
f 127/247/18 129/249/18 140/258/18
f 142/234/19 144/261/19 131/250/19
f 141/231/20 140/2558/20 144/267/20
f 139/257/21 141/259/21 134/253/21
f 136/233/22 138/256/22 143/260/22
f 135/268/23 134/230/23 138/269/23
f 133/252/24 135/254/24 122/242/24
f 125/245/25 124/244/25 137/255/25
f 139/257/26 133/252/26 121/241/26
s 1
f 728/1437/75 730/2657/78 729/1438/76
f 730/1440/78 732/1443/80 731/1441/79
f 732/1443/80 734/2658/82 733/1444/81
f 734/1445/82 736/1448/84 735/1446/83
f 736/1448/84 738/2659/86 737/1449/85
f 738/1450/86 740/1456/88 739/1451/87
s 0
f 732/1455/5 730/2660/5 728/2661/5
f 728/2661/5 742/2662/5 740/1453/5
f 740/1453/5 738/2663/5 736/1454/5
f 736/1454/5 734/2664/5 732/1455/5
f 732/1455/5 728/2661/5 740/1453/5
s 1
f 740/1456/88 742/2665/90 741/1457/89
f 742/1458/90 728/1437/75 727/1439/77
s 0
f 741/1462/1 727/2666/1 729/2667/1
f 729/2667/1 731/2668/1 733/1460/1
f 733/1460/1 735/2669/1 737/1461/1
f 737/1461/1 739/2670/1 741/1462/1
f 741/1462/1 729/2667/1 733/1460/1
f 831/1598/1 818/2680/1 816/1599/1
f 837/1601/2 832/1641/2 828/1602/2
f 824/1604/3 819/1617/3 830/1605/3
f 820/1607/4 826/1637/4 822/1608/4
f 825/1610/5 838/2681/5 834/1611/5
f 815/1613/14 817/1615/14 822/1620/14
f 818/1634/15 820/1607/15 817/1609/15
f 824/1604/16 826/1623/16 820/1618/16
f 823/1636/17 822/1608/17 826/1637/17
f 821/1619/18 823/1621/18 834/1630/18
f 836/1606/19 838/1633/19 825/1622/19
f 835/1603/20 834/2682/20 838/1639/20
f 833/1629/21 835/1631/21 828/1625/21
f 830/1605/22 832/1628/22 837/1632/22
f 829/1640/23 828/1602/23 832/1641/23
f 827/1624/24 829/1626/24 816/1614/24
f 819/1617/25 818/1616/25 831/1627/25
f 833/1629/26 827/1624/26 815/1613/26
usemtl MMO_teal_light
f 167/285/1 152/286/1 165/287/1
f 173/288/29 164/289/29 171/290/29
f 160/291/28 166/292/28 172/293/28
f 156/294/30 158/295/30 153/296/30
f 159/297/5 174/298/5 170/299/5
f 151/300/31 152/301/31 153/302/31
f 154/303/32 155/304/32 156/294/32
f 157/305/33 158/306/33 159/307/33
f 160/308/34 161/309/34 162/310/34
f 163/311/35 164/289/35 165/312/35
f 166/292/36 167/313/36 168/314/36
f 169/315/37 170/316/37 171/290/37
f 172/293/38 173/317/38 174/318/38
f 151/300/39 158/306/39 157/305/39
f 154/319/40 153/320/40 152/286/40
f 160/308/41 156/294/41 155/304/41
f 161/321/42 158/322/42 162/323/42
f 157/305/43 170/324/43 169/325/43
f 172/293/44 161/326/44 160/291/44
f 173/327/45 170/299/45 174/298/45
f 169/315/46 164/289/46 163/311/46
f 166/292/47 173/317/47 172/293/47
f 165/287/48 168/328/48 167/285/48
f 151/300/49 165/329/49 152/301/49
f 166/292/50 154/330/50 167/313/50
f 169/325/51 151/300/51 157/305/51
f 215/377/1 200/378/1 213/379/1
f 221/380/29 212/381/29 219/382/29
f 208/383/28 214/384/28 220/385/28
f 204/386/30 206/387/30 201/388/30
f 207/389/5 222/390/5 218/391/5
f 199/392/31 200/393/31 201/394/31
f 202/395/32 203/396/32 204/386/32
f 205/397/33 206/398/33 207/399/33
f 208/400/34 209/401/34 210/402/34
f 211/403/35 212/381/35 213/404/35
f 214/384/36 215/405/36 216/406/36
f 217/407/37 218/408/37 219/382/37
f 220/385/38 221/409/38 222/410/38
f 199/392/39 206/398/39 205/397/39
f 202/411/40 201/412/40 200/378/40
f 208/400/41 204/386/41 203/396/41
f 209/413/42 206/414/42 210/415/42
f 205/397/43 218/416/43 217/417/43
f 220/385/44 209/418/44 208/383/44
f 221/419/45 218/391/45 222/390/45
f 217/407/46 212/381/46 211/403/46
f 214/384/47 221/409/47 220/385/47
f 213/379/48 216/420/48 215/377/48
f 199/392/49 213/421/49 200/393/49
f 214/384/50 202/422/50 215/405/50
f 217/417/51 199/392/51 205/397/51
f 287/515/1 272/516/1 285/517/1
f 293/518/29 284/519/29 291/520/29
f 280/521/28 286/522/28 292/523/28
f 276/524/30 278/525/30 273/526/30
f 279/527/5 294/528/5 290/529/5
f 271/530/31 272/531/31 273/532/31
f 274/533/32 275/534/32 276/524/32
f 277/535/33 278/536/33 279/537/33
f 280/538/34 281/539/34 282/540/34
f 283/541/35 284/519/35 285/542/35
f 286/522/36 287/543/36 288/544/36
f 289/545/37 290/546/37 291/520/37
f 292/523/38 293/547/38 294/548/38
f 271/530/39 278/536/39 277/535/39
f 274/549/40 273/550/40 272/516/40
f 280/538/41 276/524/41 275/534/41
f 281/551/42 278/552/42 282/553/42
f 277/535/43 290/554/43 289/555/43
f 292/523/44 281/556/44 280/521/44
f 293/557/45 290/529/45 294/528/45
f 289/545/46 284/519/46 283/541/46
f 286/522/47 293/547/47 292/523/47
f 285/517/48 288/558/48 287/515/48
f 271/530/49 285/559/49 272/531/49
f 286/522/50 274/560/50 287/543/50
f 289/555/51 271/530/51 277/535/51
f 335/607/1 320/608/1 333/609/1
f 341/610/29 332/611/29 339/612/29
f 328/613/28 334/614/28 340/615/28
f 324/616/30 326/617/30 321/618/30
f 327/619/5 342/620/5 338/621/5
f 319/622/31 320/623/31 321/624/31
f 322/625/32 323/626/32 324/616/32
f 325/627/33 326/628/33 327/629/33
f 328/630/34 329/631/34 330/632/34
f 331/633/35 332/611/35 333/634/35
f 334/614/36 335/635/36 336/636/36
f 337/637/37 338/638/37 339/612/37
f 340/615/38 341/639/38 342/640/38
f 319/622/39 326/628/39 325/627/39
f 322/641/40 321/642/40 320/608/40
f 328/630/41 324/616/41 323/626/41
f 329/643/42 326/644/42 330/645/42
f 325/627/43 338/646/43 337/647/43
f 340/615/44 329/648/44 328/613/44
f 341/649/45 338/621/45 342/620/45
f 337/637/46 332/611/46 331/633/46
f 334/614/47 341/639/47 340/615/47
f 333/609/48 336/650/48 335/607/48
f 319/622/49 333/651/49 320/623/49
f 334/614/50 322/652/50 335/635/50
f 337/647/51 319/622/51 325/627/51
f 359/653/1 344/654/1 357/655/1
f 365/656/29 356/657/29 363/658/29
f 352/659/28 358/660/28 364/661/28
f 348/662/30 350/663/30 345/664/30
f 351/665/5 366/666/5 362/667/5
f 343/668/31 344/669/31 345/670/31
f 346/671/32 347/672/32 348/662/32
f 349/673/33 350/674/33 351/675/33
f 352/676/34 353/677/34 354/678/34
f 355/679/35 356/657/35 357/680/35
f 358/660/36 359/681/36 360/682/36
f 361/683/37 362/684/37 363/658/37
f 364/661/38 365/685/38 366/686/38
f 343/668/39 350/674/39 349/673/39
f 346/687/40 345/688/40 344/654/40
f 352/676/41 348/662/41 347/672/41
f 353/689/42 350/690/42 354/691/42
f 349/673/43 362/692/43 361/693/43
f 364/661/44 353/694/44 352/659/44
f 365/695/45 362/667/45 366/666/45
f 361/683/46 356/657/46 355/679/46
f 358/660/47 365/685/47 364/661/47
f 357/655/48 360/696/48 359/653/48
f 343/668/49 357/697/49 344/669/49
f 358/660/50 346/698/50 359/681/50
f 361/693/51 343/668/51 349/673/51
f 407/745/1 392/746/1 405/747/1
f 413/748/29 404/749/29 411/750/29
f 400/751/28 406/752/28 412/753/28
f 396/754/30 398/755/30 393/756/30
f 399/757/5 414/758/5 410/759/5
f 391/760/31 392/761/31 393/762/31
f 394/763/32 395/764/32 396/754/32
f 397/765/33 398/766/33 399/767/33
f 400/768/34 401/769/34 402/770/34
f 403/771/35 404/749/35 405/772/35
f 406/752/36 407/773/36 408/774/36
f 409/775/37 410/776/37 411/750/37
f 412/753/38 413/777/38 414/778/38
f 391/760/39 398/766/39 397/765/39
f 394/779/40 393/780/40 392/746/40
f 400/768/41 396/754/41 395/764/41
f 401/781/42 398/782/42 402/783/42
f 397/765/43 410/784/43 409/785/43
f 412/753/44 401/786/44 400/751/44
f 413/787/45 410/759/45 414/758/45
f 409/775/46 404/749/46 403/771/46
f 406/752/47 413/777/47 412/753/47
f 405/747/48 408/788/48 407/745/48
f 391/760/49 405/789/49 392/761/49
f 406/752/50 394/790/50 407/773/50
f 409/785/51 391/760/51 397/765/51
f 453/837/1 442/838/1 440/839/1
f 461/840/52 452/841/52 459/842/52
f 448/843/27 454/844/27 460/845/27
f 444/846/53 446/847/53 441/848/53
f 449/849/5 458/850/5 447/851/5
f 439/852/54 440/853/54 441/848/54
f 442/854/55 443/855/55 444/856/55
f 445/857/56 446/847/56 447/858/56
f 448/843/57 449/859/57 450/860/57
f 451/861/58 452/862/58 453/863/58
f 454/864/59 455/865/59 456/866/59
f 457/867/60 458/868/60 459/869/60
f 460/870/61 461/840/61 462/871/61
f 439/852/62 446/847/62 445/857/62
f 440/839/63 444/872/63 441/873/63
f 448/843/64 444/856/64 443/855/64
f 447/851/65 450/874/65 449/849/65
f 457/867/66 447/875/66 458/868/66
f 448/843/67 462/876/67 449/859/67
f 459/877/68 462/878/68 461/879/68
f 457/867/69 452/862/69 451/861/69
f 454/864/70 461/840/70 460/870/70
f 455/880/71 452/881/71 456/882/71
f 451/861/72 440/883/72 439/884/72
f 443/855/73 455/885/73 454/844/73
f 457/867/74 439/884/74 445/886/74
f 501/937/1 490/938/1 488/939/1
f 509/940/52 500/941/52 507/942/52
f 496/943/27 502/944/27 508/945/27
f 492/946/53 494/947/53 489/948/53
f 497/949/5 506/950/5 495/951/5
f 487/952/54 488/953/54 489/948/54
f 490/954/55 491/955/55 492/956/55
f 493/957/56 494/947/56 495/958/56
f 496/943/57 497/959/57 498/960/57
f 499/961/58 500/962/58 501/963/58
f 502/964/59 503/965/59 504/966/59
f 505/967/60 506/968/60 507/969/60
f 508/970/61 509/940/61 510/971/61
f 487/952/62 494/947/62 493/957/62
f 488/939/63 492/972/63 489/973/63
f 496/943/64 492/956/64 491/955/64
f 495/951/65 498/974/65 497/949/65
f 505/967/66 495/975/66 506/968/66
f 496/943/67 510/976/67 497/959/67
f 507/977/68 510/978/68 509/979/68
f 505/967/69 500/962/69 499/961/69
f 502/964/70 509/940/70 508/970/70
f 503/980/71 500/981/71 504/982/71
f 499/961/72 488/983/72 487/984/72
f 491/955/73 503/985/73 502/944/73
f 505/967/74 487/984/74 493/986/74
f 573/1087/1 562/1088/1 560/1089/1
f 581/1090/52 572/1091/52 579/1092/52
f 568/1093/27 574/1094/27 580/1095/27
f 564/1096/53 566/1097/53 561/1098/53
f 569/1099/5 578/1100/5 567/1101/5
f 559/1102/54 560/1103/54 561/1098/54
f 562/1104/55 563/1105/55 564/1106/55
f 565/1107/56 566/1097/56 567/1108/56
f 568/1093/57 569/1109/57 570/1110/57
f 571/1111/58 572/1112/58 573/1113/58
f 574/1114/59 575/1115/59 576/1116/59
f 577/1117/60 578/1118/60 579/1119/60
f 580/1120/61 581/1090/61 582/1121/61
f 559/1102/62 566/1097/62 565/1107/62
f 560/1089/63 564/1122/63 561/1123/63
f 568/1093/64 564/1106/64 563/1105/64
f 567/1101/65 570/1124/65 569/1099/65
f 577/1117/66 567/1125/66 578/1118/66
f 568/1093/67 582/1126/67 569/1109/67
f 579/1127/68 582/1128/68 581/1129/68
f 577/1117/69 572/1112/69 571/1111/69
f 574/1114/70 581/1090/70 580/1120/70
f 575/1130/71 572/1131/71 576/1132/71
f 571/1111/72 560/1133/72 559/1134/72
f 563/1105/73 575/1135/73 574/1094/73
f 577/1117/74 559/1134/74 565/1136/74
f 621/1187/1 610/1188/1 608/1189/1
f 629/1190/52 620/1191/52 627/1192/52
f 616/1193/27 622/1194/27 628/1195/27
f 612/1196/53 614/1197/53 609/1198/53
f 617/1199/5 626/1200/5 615/1201/5
f 607/1202/54 608/1203/54 609/1198/54
f 610/1204/55 611/1205/55 612/1206/55
f 613/1207/56 614/1197/56 615/1208/56
f 616/1193/57 617/1209/57 618/1210/57
f 619/1211/58 620/1212/58 621/1213/58
f 622/1214/59 623/1215/59 624/1216/59
f 625/1217/60 626/1218/60 627/1219/60
f 628/1220/61 629/1190/61 630/1221/61
f 607/1202/62 614/1197/62 613/1207/62
f 608/1189/63 612/1222/63 609/1223/63
f 616/1193/64 612/1206/64 611/1205/64
f 615/1201/65 618/1224/65 617/1199/65
f 625/1217/66 615/1225/66 626/1218/66
f 616/1193/67 630/1226/67 617/1209/67
f 627/1227/68 630/1228/68 629/1229/68
f 625/1217/69 620/1212/69 619/1211/69
f 622/1214/70 629/1190/70 628/1220/70
f 623/1230/71 620/1231/71 624/1232/71
f 619/1211/72 608/1233/72 607/1234/72
f 611/1205/73 623/1235/73 622/1194/73
f 625/1217/74 607/1234/74 613/1236/74
f 645/1237/1 634/1238/1 632/1239/1
f 653/1240/52 644/1241/52 651/1242/52
f 640/1243/27 646/1244/27 652/1245/27
f 636/1246/53 638/1247/53 633/1248/53
f 641/1249/5 650/1250/5 639/1251/5
f 631/1252/54 632/1253/54 633/1248/54
f 634/1254/55 635/1255/55 636/1256/55
f 637/1257/56 638/1247/56 639/1258/56
f 640/1243/57 641/1259/57 642/1260/57
f 643/1261/58 644/1262/58 645/1263/58
f 646/1264/59 647/1265/59 648/1266/59
f 649/1267/60 650/1268/60 651/1269/60
f 652/1270/61 653/1240/61 654/1271/61
f 631/1252/62 638/1247/62 637/1257/62
f 632/1239/63 636/1272/63 633/1273/63
f 640/1243/64 636/1256/64 635/1255/64
f 639/1251/65 642/1274/65 641/1249/65
f 649/1267/66 639/1275/66 650/1268/66
f 640/1243/67 654/1276/67 641/1259/67
f 651/1277/68 654/1278/68 653/1279/68
f 649/1267/69 644/1262/69 643/1261/69
f 646/1264/70 653/1240/70 652/1270/70
f 647/1280/71 644/1281/71 648/1282/71
f 643/1261/72 632/1283/72 631/1284/72
f 635/1255/73 647/1285/73 646/1244/73
f 649/1267/74 631/1284/74 637/1286/74
f 693/1337/1 682/1338/1 680/1339/1
f 701/1340/52 692/1341/52 699/1342/52
f 688/1343/27 694/1344/27 700/1345/27
f 684/1346/53 686/1347/53 681/1348/53
f 689/1349/5 698/1350/5 687/1351/5
f 679/1352/54 680/1353/54 681/1348/54
f 682/1354/55 683/1355/55 684/1356/55
f 685/1357/56 686/1347/56 687/1358/56
f 688/1343/57 689/1359/57 690/1360/57
f 691/1361/58 692/1362/58 693/1363/58
f 694/1364/59 695/1365/59 696/1366/59
f 697/1367/60 698/1368/60 699/1369/60
f 700/1370/61 701/1340/61 702/1371/61
f 679/1352/62 686/1347/62 685/1357/62
f 680/1339/63 684/1372/63 681/1373/63
f 688/1343/64 684/1356/64 683/1355/64
f 687/1351/65 690/1374/65 689/1349/65
f 697/1367/66 687/1375/66 698/1368/66
f 688/1343/67 702/1376/67 689/1359/67
f 699/1377/68 702/1378/68 701/1379/68
f 697/1367/69 692/1362/69 691/1361/69
f 694/1364/70 701/1340/70 700/1370/70
f 695/1380/71 692/1381/71 696/1382/71
f 691/1361/72 680/1383/72 679/1384/72
f 683/1355/73 695/1385/73 694/1344/73
f 697/1367/74 679/1384/74 685/1386/74
f 911/1778/93 924/1779/93 923/1780/93
f 912/1781/94 924/1782/94 926/1783/94
f 911/1778/95 923/1780/95 928/1784/95
f 911/1778/96 928/1784/96 930/1785/96
f 911/1778/97 930/1785/97 927/1786/97
f 912/1781/98 926/1783/98 933/1787/98
f 913/1788/99 925/1789/99 935/1790/99
f 914/1791/100 929/1792/100 937/1793/100
f 915/1794/101 931/1795/101 939/1796/101
f 916/1797/102 932/1798/102 941/1799/102
f 912/1781/103 933/1787/103 936/1800/103
f 913/1788/104 935/1790/104 938/1801/104
f 914/1791/105 937/1793/105 940/1802/105
f 915/1794/106 939/1796/106 942/1803/106
f 916/1804/107 941/1805/107 934/1806/107
f 917/1807/108 943/1808/108 948/1809/108
f 918/1810/109 944/1811/109 950/1812/109
f 919/1813/110 945/1814/110 951/1815/110
f 920/1816/111 946/1817/111 952/1818/111
f 921/1819/112 947/1820/112 949/1821/112
f 949/1822/113 952/1818/113 922/1823/113
f 949/1822/114 947/1824/114 952/1818/114
f 947/1824/115 920/1816/115 952/1818/115
f 952/1818/116 951/1825/116 922/1823/116
f 952/1818/117 946/1817/117 951/1825/117
f 946/1817/118 919/1826/118 951/1825/118
f 951/1825/119 950/1812/119 922/1823/119
f 951/1825/120 945/1827/120 950/1812/120
f 945/1814/121 918/1828/121 950/1829/121
f 950/1812/122 948/1809/122 922/1823/122
f 950/1812/123 944/1811/123 948/1809/123
f 944/1811/124 917/1807/124 948/1809/124
f 948/1809/125 949/1822/125 922/1823/125
f 948/1809/126 943/1808/126 949/1822/126
f 943/1830/127 921/1819/127 949/1821/127
f 934/1806/128 947/1820/128 921/1819/128
f 934/1806/129 941/1805/129 947/1820/129
f 941/1799/130 920/1831/130 947/1832/130
f 942/1803/131 946/1833/131 920/1831/131
f 942/1803/132 939/1796/132 946/1833/132
f 939/1796/133 919/1834/133 946/1833/133
f 940/1802/134 945/1814/134 919/1813/134
f 940/1802/135 937/1793/135 945/1814/135
f 937/1793/136 918/1828/136 945/1814/136
f 938/1801/137 944/1835/137 918/1836/137
f 938/1801/138 935/1790/138 944/1835/138
f 935/1790/139 917/1837/139 944/1835/139
f 936/1838/140 943/1839/140 917/1837/140
f 936/1800/141 933/1787/141 943/1830/141
f 933/1787/142 921/1819/142 943/1830/142
f 941/1799/143 942/1803/143 920/1831/143
f 941/1799/144 932/1798/144 942/1803/144
f 932/1798/145 915/1794/145 942/1803/145
f 939/1840/146 940/1802/146 919/1813/146
f 939/1840/147 931/1841/147 940/1802/147
f 931/1841/148 914/1791/148 940/1802/148
f 937/1793/149 938/1842/149 918/1828/149
f 937/1793/150 929/1792/150 938/1842/150
f 929/1843/151 913/1788/151 938/1801/151
f 935/1790/152 936/1838/152 917/1837/152
f 935/1790/153 925/1789/153 936/1838/153
f 925/1789/154 912/1844/154 936/1838/154
f 933/1787/155 934/1806/155 921/1819/155
f 933/1787/156 926/1783/156 934/1806/156
f 926/1783/157 916/1804/157 934/1806/157
f 927/1786/158 932/1845/158 916/1846/158
f 927/1786/159 930/1785/159 932/1845/159
f 930/1785/160 915/1847/160 932/1845/160
f 930/1785/161 931/1848/161 915/1847/161
f 930/1785/162 928/1784/162 931/1848/162
f 928/1849/163 914/1791/163 931/1841/163
f 928/1849/164 929/1792/164 914/1791/164
f 928/1784/165 923/1780/165 929/1850/165
f 923/1780/166 913/1851/166 929/1850/166
f 926/1783/167 927/1852/167 916/1804/167
f 926/1853/168 924/1779/168 927/1786/168
f 924/1779/169 911/1778/169 927/1786/169
f 923/1780/170 925/1854/170 913/1851/170
f 923/1780/171 924/1779/171 925/1854/171
f 924/1779/172 912/1855/172 925/1854/172
f 1085/2090/93 1098/2091/93 1097/2092/93
f 1086/2093/94 1098/2094/94 1100/2095/94
f 1085/2090/95 1097/2092/95 1102/2096/95
f 1085/2090/96 1102/2096/96 1104/2097/96
f 1085/2090/97 1104/2097/97 1101/2098/97
f 1086/2093/98 1100/2095/98 1107/2099/98
f 1087/2100/99 1099/2101/99 1109/2102/99
f 1088/2103/100 1103/2104/100 1111/2105/100
f 1089/2106/101 1105/2107/101 1113/2108/101
f 1090/2109/102 1106/2110/102 1115/2111/102
f 1086/2093/103 1107/2099/103 1110/2112/103
f 1087/2100/104 1109/2102/104 1112/2113/104
f 1088/2103/105 1111/2105/105 1114/2114/105
f 1089/2106/106 1113/2108/106 1116/2115/106
f 1090/2116/107 1115/2117/107 1108/2118/107
f 1091/2119/108 1117/2120/108 1122/2121/108
f 1092/2122/109 1118/2123/109 1124/2124/109
f 1093/2125/110 1119/2126/110 1125/2127/110
f 1094/2128/111 1120/2129/111 1126/2130/111
f 1095/2131/112 1121/2132/112 1123/2133/112
f 1123/2134/113 1126/2130/113 1096/2135/113
f 1123/2134/114 1121/2136/114 1126/2130/114
f 1121/2136/115 1094/2128/115 1126/2130/115
f 1126/2130/116 1125/2137/116 1096/2135/116
f 1126/2130/117 1120/2129/117 1125/2137/117
f 1120/2129/118 1093/2138/118 1125/2137/118
f 1125/2137/119 1124/2124/119 1096/2135/119
f 1125/2137/120 1119/2139/120 1124/2124/120
f 1119/2126/121 1092/2140/121 1124/2141/121
f 1124/2124/122 1122/2121/122 1096/2135/122
f 1124/2124/123 1118/2123/123 1122/2121/123
f 1118/2123/124 1091/2119/124 1122/2121/124
f 1122/2121/125 1123/2134/125 1096/2135/125
f 1122/2121/126 1117/2120/126 1123/2134/126
f 1117/2142/127 1095/2131/127 1123/2133/127
f 1108/2118/128 1121/2132/128 1095/2131/128
f 1108/2118/129 1115/2117/129 1121/2132/129
f 1115/2111/130 1094/2143/130 1121/2144/130
f 1116/2115/131 1120/2145/131 1094/2143/131
f 1116/2115/132 1113/2108/132 1120/2145/132
f 1113/2108/133 1093/2146/133 1120/2145/133
f 1114/2114/134 1119/2126/134 1093/2125/134
f 1114/2114/135 1111/2105/135 1119/2126/135
f 1111/2105/136 1092/2140/136 1119/2126/136
f 1112/2113/137 1118/2147/137 1092/2148/137
f 1112/2113/138 1109/2102/138 1118/2147/138
f 1109/2102/139 1091/2149/139 1118/2147/139
f 1110/2150/140 1117/2151/140 1091/2149/140
f 1110/2112/141 1107/2099/141 1117/2142/141
f 1107/2099/142 1095/2131/142 1117/2142/142
f 1115/2111/143 1116/2115/143 1094/2143/143
f 1115/2111/144 1106/2110/144 1116/2115/144
f 1106/2110/145 1089/2106/145 1116/2115/145
f 1113/2152/146 1114/2114/146 1093/2125/146
f 1113/2152/147 1105/2153/147 1114/2114/147
f 1105/2153/148 1088/2103/148 1114/2114/148
f 1111/2105/149 1112/2154/149 1092/2140/149
f 1111/2105/150 1103/2104/150 1112/2154/150
f 1103/2155/151 1087/2100/151 1112/2113/151
f 1109/2102/152 1110/2150/152 1091/2149/152
f 1109/2102/153 1099/2101/153 1110/2150/153
f 1099/2101/154 1086/2156/154 1110/2150/154
f 1107/2099/155 1108/2118/155 1095/2131/155
f 1107/2099/156 1100/2095/156 1108/2118/156
f 1100/2095/157 1090/2116/157 1108/2118/157
f 1101/2098/158 1106/2157/158 1090/2158/158
f 1101/2098/159 1104/2097/159 1106/2157/159
f 1104/2097/160 1089/2159/160 1106/2157/160
f 1104/2097/161 1105/2160/161 1089/2159/161
f 1104/2097/162 1102/2096/162 1105/2160/162
f 1102/2161/163 1088/2103/163 1105/2153/163
f 1102/2161/164 1103/2104/164 1088/2103/164
f 1102/2096/165 1097/2092/165 1103/2162/165
f 1097/2092/166 1087/2163/166 1103/2162/166
f 1100/2095/167 1101/2164/167 1090/2116/167
f 1100/2165/168 1098/2091/168 1101/2098/168
f 1098/2091/169 1085/2090/169 1101/2098/169
f 1097/2092/170 1099/2166/170 1087/2163/170
f 1097/2092/171 1098/2091/171 1099/2166/171
f 1098/2091/172 1086/2167/172 1099/2166/172
f 167/285/1 154/319/1 152/286/1
f 173/288/29 168/2561/29 164/289/29
f 160/291/28 155/2562/28 166/292/28
f 156/294/30 162/310/30 158/295/30
f 159/297/5 161/321/5 174/298/5
f 151/300/39 153/302/39 158/306/39
f 154/319/40 156/2563/40 153/320/40
f 160/308/41 162/310/41 156/294/41
f 161/321/42 159/297/42 158/322/42
f 157/305/43 159/307/43 170/324/43
f 172/293/44 174/318/44 161/326/44
f 173/327/45 171/2564/45 170/299/45
f 169/315/46 171/290/46 164/289/46
f 166/292/47 168/314/47 173/317/47
f 165/287/48 164/2565/48 168/328/48
f 151/300/49 163/2566/49 165/329/49
f 166/292/50 155/2562/50 154/330/50
f 169/325/51 163/2566/51 151/300/51
f 215/377/1 202/411/1 200/378/1
f 221/380/29 216/2573/29 212/381/29
f 208/383/28 203/2574/28 214/384/28
f 204/386/30 210/402/30 206/387/30
f 207/389/5 209/413/5 222/390/5
f 199/392/39 201/394/39 206/398/39
f 202/411/40 204/2575/40 201/412/40
f 208/400/41 210/402/41 204/386/41
f 209/413/42 207/389/42 206/414/42
f 205/397/43 207/399/43 218/416/43
f 220/385/44 222/410/44 209/418/44
f 221/419/45 219/2576/45 218/391/45
f 217/407/46 219/382/46 212/381/46
f 214/384/47 216/406/47 221/409/47
f 213/379/48 212/2577/48 216/420/48
f 199/392/49 211/2578/49 213/421/49
f 214/384/50 203/2574/50 202/422/50
f 217/417/51 211/2578/51 199/392/51
f 287/515/1 274/549/1 272/516/1
f 293/518/29 288/2591/29 284/519/29
f 280/521/28 275/2592/28 286/522/28
f 276/524/30 282/540/30 278/525/30
f 279/527/5 281/551/5 294/528/5
f 271/530/39 273/532/39 278/536/39
f 274/549/40 276/2593/40 273/550/40
f 280/538/41 282/540/41 276/524/41
f 281/551/42 279/527/42 278/552/42
f 277/535/43 279/537/43 290/554/43
f 292/523/44 294/548/44 281/556/44
f 293/557/45 291/2594/45 290/529/45
f 289/545/46 291/520/46 284/519/46
f 286/522/47 288/544/47 293/547/47
f 285/517/48 284/2595/48 288/558/48
f 271/530/49 283/2596/49 285/559/49
f 286/522/50 275/2592/50 274/560/50
f 289/555/51 283/2596/51 271/530/51
f 335/607/1 322/641/1 320/608/1
f 341/610/29 336/2603/29 332/611/29
f 328/613/28 323/2604/28 334/614/28
f 324/616/30 330/632/30 326/617/30
f 327/619/5 329/643/5 342/620/5
f 319/622/39 321/624/39 326/628/39
f 322/641/40 324/2605/40 321/642/40
f 328/630/41 330/632/41 324/616/41
f 329/643/42 327/619/42 326/644/42
f 325/627/43 327/629/43 338/646/43
f 340/615/44 342/640/44 329/648/44
f 341/649/45 339/2606/45 338/621/45
f 337/637/46 339/612/46 332/611/46
f 334/614/47 336/636/47 341/639/47
f 333/609/48 332/2607/48 336/650/48
f 319/622/49 331/2608/49 333/651/49
f 334/614/50 323/2604/50 322/652/50
f 337/647/51 331/2608/51 319/622/51
f 359/653/1 346/687/1 344/654/1
f 365/656/29 360/2609/29 356/657/29
f 352/659/28 347/2610/28 358/660/28
f 348/662/30 354/678/30 350/663/30
f 351/665/5 353/689/5 366/666/5
f 343/668/39 345/670/39 350/674/39
f 346/687/40 348/2611/40 345/688/40
f 352/676/41 354/678/41 348/662/41
f 353/689/42 351/665/42 350/690/42
f 349/673/43 351/675/43 362/692/43
f 364/661/44 366/686/44 353/694/44
f 365/695/45 363/2612/45 362/667/45
f 361/683/46 363/658/46 356/657/46
f 358/660/47 360/682/47 365/685/47
f 357/655/48 356/2613/48 360/696/48
f 343/668/49 355/2614/49 357/697/49
f 358/660/50 347/2610/50 346/698/50
f 361/693/51 355/2614/51 343/668/51
f 407/745/1 394/779/1 392/746/1
f 413/748/29 408/2621/29 404/749/29
f 400/751/28 395/2622/28 406/752/28
f 396/754/30 402/770/30 398/755/30
f 399/757/5 401/781/5 414/758/5
f 391/760/39 393/762/39 398/766/39
f 394/779/40 396/2623/40 393/780/40
f 400/768/41 402/770/41 396/754/41
f 401/781/42 399/757/42 398/782/42
f 397/765/43 399/767/43 410/784/43
f 412/753/44 414/778/44 401/786/44
f 413/787/45 411/2624/45 410/759/45
f 409/775/46 411/750/46 404/749/46
f 406/752/47 408/774/47 413/777/47
f 405/747/48 404/2625/48 408/788/48
f 391/760/49 403/2626/49 405/789/49
f 406/752/50 395/2622/50 394/790/50
f 409/785/51 403/2626/51 391/760/51
f 453/837/1 455/880/1 442/838/1
f 461/840/52 456/866/52 452/841/52
f 448/843/27 443/855/27 454/844/27
f 444/846/53 450/2633/53 446/847/53
f 449/849/5 462/878/5 458/850/5
f 439/852/62 441/848/62 446/847/62
f 440/839/63 442/838/63 444/872/63
f 448/843/64 450/860/64 444/856/64
f 447/851/65 446/2634/65 450/874/65
f 457/867/66 445/886/66 447/875/66
f 448/843/67 460/845/67 462/876/67
f 459/877/68 458/850/68 462/878/68
f 457/867/69 459/869/69 452/862/69
f 454/864/70 456/866/70 461/840/70
f 455/880/71 453/837/71 452/881/71
f 451/861/72 453/863/72 440/883/72
f 443/855/73 442/854/73 455/885/73
f 457/867/74 451/861/74 439/884/74
f 501/937/1 503/980/1 490/938/1
f 509/940/52 504/966/52 500/941/52
f 496/943/27 491/955/27 502/944/27
f 492/946/53 498/2637/53 494/947/53
f 497/949/5 510/978/5 506/950/5
f 487/952/62 489/948/62 494/947/62
f 488/939/63 490/938/63 492/972/63
f 496/943/64 498/960/64 492/956/64
f 495/951/65 494/2638/65 498/974/65
f 505/967/66 493/986/66 495/975/66
f 496/943/67 508/945/67 510/976/67
f 507/977/68 506/950/68 510/978/68
f 505/967/69 507/969/69 500/962/69
f 502/964/70 504/966/70 509/940/70
f 503/980/71 501/937/71 500/981/71
f 499/961/72 501/963/72 488/983/72
f 491/955/73 490/954/73 503/985/73
f 505/967/74 499/961/74 487/984/74
f 573/1087/1 575/1130/1 562/1088/1
f 581/1090/52 576/1116/52 572/1091/52
f 568/1093/27 563/1105/27 574/1094/27
f 564/1096/53 570/2643/53 566/1097/53
f 569/1099/5 582/1128/5 578/1100/5
f 559/1102/62 561/1098/62 566/1097/62
f 560/1089/63 562/1088/63 564/1122/63
f 568/1093/64 570/1110/64 564/1106/64
f 567/1101/65 566/2644/65 570/1124/65
f 577/1117/66 565/1136/66 567/1125/66
f 568/1093/67 580/1095/67 582/1126/67
f 579/1127/68 578/1100/68 582/1128/68
f 577/1117/69 579/1119/69 572/1112/69
f 574/1114/70 576/1116/70 581/1090/70
f 575/1130/71 573/1087/71 572/1131/71
f 571/1111/72 573/1113/72 560/1133/72
f 563/1105/73 562/1104/73 575/1135/73
f 577/1117/74 571/1111/74 559/1134/74
f 621/1187/1 623/1230/1 610/1188/1
f 629/1190/52 624/1216/52 620/1191/52
f 616/1193/27 611/1205/27 622/1194/27
f 612/1196/53 618/2647/53 614/1197/53
f 617/1199/5 630/1228/5 626/1200/5
f 607/1202/62 609/1198/62 614/1197/62
f 608/1189/63 610/1188/63 612/1222/63
f 616/1193/64 618/1210/64 612/1206/64
f 615/1201/65 614/2648/65 618/1224/65
f 625/1217/66 613/1236/66 615/1225/66
f 616/1193/67 628/1195/67 630/1226/67
f 627/1227/68 626/1200/68 630/1228/68
f 625/1217/69 627/1219/69 620/1212/69
f 622/1214/70 624/1216/70 629/1190/70
f 623/1230/71 621/1187/71 620/1231/71
f 619/1211/72 621/1213/72 608/1233/72
f 611/1205/73 610/1204/73 623/1235/73
f 625/1217/74 619/1211/74 607/1234/74
f 645/1237/1 647/1280/1 634/1238/1
f 653/1240/52 648/1266/52 644/1241/52
f 640/1243/27 635/1255/27 646/1244/27
f 636/1246/53 642/2649/53 638/1247/53
f 641/1249/5 654/1278/5 650/1250/5
f 631/1252/62 633/1248/62 638/1247/62
f 632/1239/63 634/1238/63 636/1272/63
f 640/1243/64 642/1260/64 636/1256/64
f 639/1251/65 638/2650/65 642/1274/65
f 649/1267/66 637/1286/66 639/1275/66
f 640/1243/67 652/1245/67 654/1276/67
f 651/1277/68 650/1250/68 654/1278/68
f 649/1267/69 651/1269/69 644/1262/69
f 646/1264/70 648/1266/70 653/1240/70
f 647/1280/71 645/1237/71 644/1281/71
f 643/1261/72 645/1263/72 632/1283/72
f 635/1255/73 634/1254/73 647/1285/73
f 649/1267/74 643/1261/74 631/1284/74
f 693/1337/1 695/1380/1 682/1338/1
f 701/1340/52 696/1366/52 692/1341/52
f 688/1343/27 683/1355/27 694/1344/27
f 684/1346/53 690/2653/53 686/1347/53
f 689/1349/5 702/1378/5 698/1350/5
f 679/1352/62 681/1348/62 686/1347/62
f 680/1339/63 682/1338/63 684/1372/63
f 688/1343/64 690/1360/64 684/1356/64
f 687/1351/65 686/2654/65 690/1374/65
f 697/1367/66 685/1386/66 687/1375/66
f 688/1343/67 700/1345/67 702/1376/67
f 699/1377/68 698/1350/68 702/1378/68
f 697/1367/69 699/1369/69 692/1362/69
f 694/1364/70 696/1366/70 701/1340/70
f 695/1380/71 693/1337/71 692/1381/71
f 691/1361/72 693/1363/72 680/1383/72
f 683/1355/73 682/1354/73 695/1385/73
f 697/1367/74 691/1361/74 679/1384/74
usemtl MMO_teal
f 191/331/1 176/332/1 189/333/1
f 197/334/29 188/335/29 195/336/29
f 184/337/28 190/338/28 196/339/28
f 180/340/30 182/341/30 177/342/30
f 183/343/5 198/344/5 194/345/5
f 175/346/31 176/347/31 177/348/31
f 178/349/32 179/350/32 180/340/32
f 181/351/33 182/352/33 183/353/33
f 184/354/34 185/355/34 186/356/34
f 187/357/35 188/335/35 189/358/35
f 190/338/36 191/359/36 192/360/36
f 193/361/37 194/362/37 195/336/37
f 196/339/38 197/363/38 198/364/38
f 175/346/39 182/352/39 181/351/39
f 178/365/40 177/366/40 176/332/40
f 184/354/41 180/340/41 179/350/41
f 185/367/42 182/368/42 186/369/42
f 181/351/43 194/370/43 193/371/43
f 196/339/44 185/372/44 184/337/44
f 197/373/45 194/345/45 198/344/45
f 193/361/46 188/335/46 187/357/46
f 190/338/47 197/363/47 196/339/47
f 189/333/48 192/374/48 191/331/48
f 175/346/49 189/375/49 176/347/49
f 190/338/50 178/376/50 191/359/50
f 193/371/51 175/346/51 181/351/51
f 239/423/1 224/424/1 237/425/1
f 245/426/29 236/427/29 243/428/29
f 232/429/28 238/430/28 244/431/28
f 228/432/30 230/433/30 225/434/30
f 231/435/5 246/436/5 242/437/5
f 223/438/31 224/439/31 225/440/31
f 226/441/32 227/442/32 228/432/32
f 229/443/33 230/444/33 231/445/33
f 232/446/34 233/447/34 234/448/34
f 235/449/35 236/427/35 237/450/35
f 238/430/36 239/451/36 240/452/36
f 241/453/37 242/454/37 243/428/37
f 244/431/38 245/455/38 246/456/38
f 223/438/39 230/444/39 229/443/39
f 226/457/40 225/458/40 224/424/40
f 232/446/41 228/432/41 227/442/41
f 233/459/42 230/460/42 234/461/42
f 229/443/43 242/462/43 241/463/43
f 244/431/44 233/464/44 232/429/44
f 245/465/45 242/437/45 246/436/45
f 241/453/46 236/427/46 235/449/46
f 238/430/47 245/455/47 244/431/47
f 237/425/48 240/466/48 239/423/48
f 223/438/49 237/467/49 224/439/49
f 238/430/50 226/468/50 239/451/50
f 241/463/51 223/438/51 229/443/51
f 263/469/1 248/470/1 261/471/1
f 269/472/29 260/473/29 267/474/29
f 256/475/28 262/476/28 268/477/28
f 252/478/30 254/479/30 249/480/30
f 255/481/5 270/482/5 266/483/5
f 247/484/31 248/485/31 249/486/31
f 250/487/32 251/488/32 252/478/32
f 253/489/33 254/490/33 255/491/33
f 256/492/34 257/493/34 258/494/34
f 259/495/35 260/473/35 261/496/35
f 262/476/36 263/497/36 264/498/36
f 265/499/37 266/500/37 267/474/37
f 268/477/38 269/501/38 270/502/38
f 247/484/39 254/490/39 253/489/39
f 250/503/40 249/504/40 248/470/40
f 256/492/41 252/478/41 251/488/41
f 257/505/42 254/506/42 258/507/42
f 253/489/43 266/508/43 265/509/43
f 268/477/44 257/510/44 256/475/44
f 269/511/45 266/483/45 270/482/45
f 265/499/46 260/473/46 259/495/46
f 262/476/47 269/501/47 268/477/47
f 261/471/48 264/512/48 263/469/48
f 247/484/49 261/513/49 248/485/49
f 262/476/50 250/514/50 263/497/50
f 265/509/51 247/484/51 253/489/51
f 311/561/1 296/562/1 309/563/1
f 317/564/29 308/565/29 315/566/29
f 304/567/28 310/568/28 316/569/28
f 300/570/30 302/571/30 297/572/30
f 303/573/5 318/574/5 314/575/5
f 295/576/31 296/577/31 297/578/31
f 298/579/32 299/580/32 300/570/32
f 301/581/33 302/582/33 303/583/33
f 304/584/34 305/585/34 306/586/34
f 307/587/35 308/565/35 309/588/35
f 310/568/36 311/589/36 312/590/36
f 313/591/37 314/592/37 315/566/37
f 316/569/38 317/593/38 318/594/38
f 295/576/39 302/582/39 301/581/39
f 298/595/40 297/596/40 296/562/40
f 304/584/41 300/570/41 299/580/41
f 305/597/42 302/598/42 306/599/42
f 301/581/43 314/600/43 313/601/43
f 316/569/44 305/602/44 304/567/44
f 317/603/45 314/575/45 318/574/45
f 313/591/46 308/565/46 307/587/46
f 310/568/47 317/593/47 316/569/47
f 309/563/48 312/604/48 311/561/48
f 295/576/49 309/605/49 296/577/49
f 310/568/50 298/606/50 311/589/50
f 313/601/51 295/576/51 301/581/51
f 383/699/1 368/700/1 381/701/1
f 389/702/29 380/703/29 387/704/29
f 376/705/28 382/706/28 388/707/28
f 372/708/30 374/709/30 369/710/30
f 375/711/5 390/712/5 386/713/5
f 367/714/31 368/715/31 369/716/31
f 370/717/32 371/718/32 372/708/32
f 373/719/33 374/720/33 375/721/33
f 376/722/34 377/723/34 378/724/34
f 379/725/35 380/703/35 381/726/35
f 382/706/36 383/727/36 384/728/36
f 385/729/37 386/730/37 387/704/37
f 388/707/38 389/731/38 390/732/38
f 367/714/39 374/720/39 373/719/39
f 370/733/40 369/734/40 368/700/40
f 376/722/41 372/708/41 371/718/41
f 377/735/42 374/736/42 378/737/42
f 373/719/43 386/738/43 385/739/43
f 388/707/44 377/740/44 376/705/44
f 389/741/45 386/713/45 390/712/45
f 385/729/46 380/703/46 379/725/46
f 382/706/47 389/731/47 388/707/47
f 381/701/48 384/742/48 383/699/48
f 367/714/49 381/743/49 368/715/49
f 382/706/50 370/744/50 383/727/50
f 385/739/51 367/714/51 373/719/51
f 431/791/1 416/792/1 429/793/1
f 437/794/29 428/795/29 435/796/29
f 424/797/28 430/798/28 436/799/28
f 420/800/30 422/801/30 417/802/30
f 423/803/5 438/804/5 434/805/5
f 415/806/31 416/807/31 417/808/31
f 418/809/32 419/810/32 420/800/32
f 421/811/33 422/812/33 423/813/33
f 424/814/34 425/815/34 426/816/34
f 427/817/35 428/795/35 429/818/35
f 430/798/36 431/819/36 432/820/36
f 433/821/37 434/822/37 435/796/37
f 436/799/38 437/823/38 438/824/38
f 415/806/39 422/812/39 421/811/39
f 418/825/40 417/826/40 416/792/40
f 424/814/41 420/800/41 419/810/41
f 425/827/42 422/828/42 426/829/42
f 421/811/43 434/830/43 433/831/43
f 436/799/44 425/832/44 424/797/44
f 437/833/45 434/805/45 438/804/45
f 433/821/46 428/795/46 427/817/46
f 430/798/47 437/823/47 436/799/47
f 429/793/48 432/834/48 431/791/48
f 415/806/49 429/835/49 416/807/49
f 430/798/50 418/836/50 431/819/50
f 433/831/51 415/806/51 421/811/51
f 477/887/1 466/888/1 464/889/1
f 485/890/52 476/891/52 483/892/52
f 472/893/27 478/894/27 484/895/27
f 468/896/53 470/897/53 465/898/53
f 473/899/5 482/900/5 471/901/5
f 463/902/54 464/903/54 465/898/54
f 466/904/55 467/905/55 468/906/55
f 469/907/56 470/897/56 471/908/56
f 472/893/57 473/909/57 474/910/57
f 475/911/58 476/912/58 477/913/58
f 478/914/59 479/915/59 480/916/59
f 481/917/60 482/918/60 483/919/60
f 484/920/61 485/890/61 486/921/61
f 463/902/62 470/897/62 469/907/62
f 464/889/63 468/922/63 465/923/63
f 472/893/64 468/906/64 467/905/64
f 471/901/65 474/924/65 473/899/65
f 481/917/66 471/925/66 482/918/66
f 472/893/67 486/926/67 473/909/67
f 483/927/68 486/928/68 485/929/68
f 481/917/69 476/912/69 475/911/69
f 478/914/70 485/890/70 484/920/70
f 479/930/71 476/931/71 480/932/71
f 475/911/72 464/933/72 463/934/72
f 467/905/73 479/935/73 478/894/73
f 481/917/74 463/934/74 469/936/74
f 525/987/1 514/988/1 512/989/1
f 533/990/52 524/991/52 531/992/52
f 520/993/27 526/994/27 532/995/27
f 516/996/53 518/997/53 513/998/53
f 521/999/5 530/1000/5 519/1001/5
f 511/1002/54 512/1003/54 513/998/54
f 514/1004/55 515/1005/55 516/1006/55
f 517/1007/56 518/997/56 519/1008/56
f 520/993/57 521/1009/57 522/1010/57
f 523/1011/58 524/1012/58 525/1013/58
f 526/1014/59 527/1015/59 528/1016/59
f 529/1017/60 530/1018/60 531/1019/60
f 532/1020/61 533/990/61 534/1021/61
f 511/1002/62 518/997/62 517/1007/62
f 512/989/63 516/1022/63 513/1023/63
f 520/993/64 516/1006/64 515/1005/64
f 519/1001/65 522/1024/65 521/999/65
f 529/1017/66 519/1025/66 530/1018/66
f 520/993/67 534/1026/67 521/1009/67
f 531/1027/68 534/1028/68 533/1029/68
f 529/1017/69 524/1012/69 523/1011/69
f 526/1014/70 533/990/70 532/1020/70
f 527/1030/71 524/1031/71 528/1032/71
f 523/1011/72 512/1033/72 511/1034/72
f 515/1005/73 527/1035/73 526/994/73
f 529/1017/74 511/1034/74 517/1036/74
f 549/1037/1 538/1038/1 536/1039/1
f 557/1040/52 548/1041/52 555/1042/52
f 544/1043/27 550/1044/27 556/1045/27
f 540/1046/53 542/1047/53 537/1048/53
f 545/1049/5 554/1050/5 543/1051/5
f 535/1052/54 536/1053/54 537/1048/54
f 538/1054/55 539/1055/55 540/1056/55
f 541/1057/56 542/1047/56 543/1058/56
f 544/1043/57 545/1059/57 546/1060/57
f 547/1061/58 548/1062/58 549/1063/58
f 550/1064/59 551/1065/59 552/1066/59
f 553/1067/60 554/1068/60 555/1069/60
f 556/1070/61 557/1040/61 558/1071/61
f 535/1052/62 542/1047/62 541/1057/62
f 536/1039/63 540/1072/63 537/1073/63
f 544/1043/64 540/1056/64 539/1055/64
f 543/1051/65 546/1074/65 545/1049/65
f 553/1067/66 543/1075/66 554/1068/66
f 544/1043/67 558/1076/67 545/1059/67
f 555/1077/68 558/1078/68 557/1079/68
f 553/1067/69 548/1062/69 547/1061/69
f 550/1064/70 557/1040/70 556/1070/70
f 551/1080/71 548/1081/71 552/1082/71
f 547/1061/72 536/1083/72 535/1084/72
f 539/1055/73 551/1085/73 550/1044/73
f 553/1067/74 535/1084/74 541/1086/74
f 597/1137/1 586/1138/1 584/1139/1
f 605/1140/52 596/1141/52 603/1142/52
f 592/1143/27 598/1144/27 604/1145/27
f 588/1146/53 590/1147/53 585/1148/53
f 593/1149/5 602/1150/5 591/1151/5
f 583/1152/54 584/1153/54 585/1148/54
f 586/1154/55 587/1155/55 588/1156/55
f 589/1157/56 590/1147/56 591/1158/56
f 592/1143/57 593/1159/57 594/1160/57
f 595/1161/58 596/1162/58 597/1163/58
f 598/1164/59 599/1165/59 600/1166/59
f 601/1167/60 602/1168/60 603/1169/60
f 604/1170/61 605/1140/61 606/1171/61
f 583/1152/62 590/1147/62 589/1157/62
f 584/1139/63 588/1172/63 585/1173/63
f 592/1143/64 588/1156/64 587/1155/64
f 591/1151/65 594/1174/65 593/1149/65
f 601/1167/66 591/1175/66 602/1168/66
f 592/1143/67 606/1176/67 593/1159/67
f 603/1177/68 606/1178/68 605/1179/68
f 601/1167/69 596/1162/69 595/1161/69
f 598/1164/70 605/1140/70 604/1170/70
f 599/1180/71 596/1181/71 600/1182/71
f 595/1161/72 584/1183/72 583/1184/72
f 587/1155/73 599/1185/73 598/1144/73
f 601/1167/74 583/1184/74 589/1186/74
f 669/1287/1 658/1288/1 656/1289/1
f 677/1290/52 668/1291/52 675/1292/52
f 664/1293/27 670/1294/27 676/1295/27
f 660/1296/53 662/1297/53 657/1298/53
f 665/1299/5 674/1300/5 663/1301/5
f 655/1302/54 656/1303/54 657/1298/54
f 658/1304/55 659/1305/55 660/1306/55
f 661/1307/56 662/1297/56 663/1308/56
f 664/1293/57 665/1309/57 666/1310/57
f 667/1311/58 668/1312/58 669/1313/58
f 670/1314/59 671/1315/59 672/1316/59
f 673/1317/60 674/1318/60 675/1319/60
f 676/1320/61 677/1290/61 678/1321/61
f 655/1302/62 662/1297/62 661/1307/62
f 656/1289/63 660/1322/63 657/1323/63
f 664/1293/64 660/1306/64 659/1305/64
f 663/1301/65 666/1324/65 665/1299/65
f 673/1317/66 663/1325/66 674/1318/66
f 664/1293/67 678/1326/67 665/1309/67
f 675/1327/68 678/1328/68 677/1329/68
f 673/1317/69 668/1312/69 667/1311/69
f 670/1314/70 677/1290/70 676/1320/70
f 671/1330/71 668/1331/71 672/1332/71
f 667/1311/72 656/1333/72 655/1334/72
f 659/1305/73 671/1335/73 670/1294/73
f 673/1317/74 655/1334/74 661/1336/74
f 717/1387/1 706/1388/1 704/1389/1
f 725/1390/52 716/1391/52 723/1392/52
f 712/1393/27 718/1394/27 724/1395/27
f 708/1396/53 710/1397/53 705/1398/53
f 713/1399/5 722/1400/5 711/1401/5
f 703/1402/54 704/1403/54 705/1398/54
f 706/1404/55 707/1405/55 708/1406/55
f 709/1407/56 710/1397/56 711/1408/56
f 712/1393/57 713/1409/57 714/1410/57
f 715/1411/58 716/1412/58 717/1413/58
f 718/1414/59 719/1415/59 720/1416/59
f 721/1417/60 722/1418/60 723/1419/60
f 724/1420/61 725/1390/61 726/1421/61
f 703/1402/62 710/1397/62 709/1407/62
f 704/1389/63 708/1422/63 705/1423/63
f 712/1393/64 708/1406/64 707/1405/64
f 711/1401/65 714/1424/65 713/1399/65
f 721/1417/66 711/1425/66 722/1418/66
f 712/1393/67 726/1426/67 713/1409/67
f 723/1427/68 726/1428/68 725/1429/68
f 721/1417/69 716/1412/69 715/1411/69
f 718/1414/70 725/1390/70 724/1420/70
f 719/1430/71 716/1431/71 720/1432/71
f 715/1411/72 704/1433/72 703/1434/72
f 707/1405/73 719/1435/73 718/1394/73
f 721/1417/74 703/1434/74 709/1436/74
f 191/331/1 178/365/1 176/332/1
f 197/334/29 192/2567/29 188/335/29
f 184/337/28 179/2568/28 190/338/28
f 180/340/30 186/356/30 182/341/30
f 183/343/5 185/367/5 198/344/5
f 175/346/39 177/348/39 182/352/39
f 178/365/40 180/2569/40 177/366/40
f 184/354/41 186/356/41 180/340/41
f 185/367/42 183/343/42 182/368/42
f 181/351/43 183/353/43 194/370/43
f 196/339/44 198/364/44 185/372/44
f 197/373/45 195/2570/45 194/345/45
f 193/361/46 195/336/46 188/335/46
f 190/338/47 192/360/47 197/363/47
f 189/333/48 188/2571/48 192/374/48
f 175/346/49 187/2572/49 189/375/49
f 190/338/50 179/2568/50 178/376/50
f 193/371/51 187/2572/51 175/346/51
f 239/423/1 226/457/1 224/424/1
f 245/426/29 240/2579/29 236/427/29
f 232/429/28 227/2580/28 238/430/28
f 228/432/30 234/448/30 230/433/30
f 231/435/5 233/459/5 246/436/5
f 223/438/39 225/440/39 230/444/39
f 226/457/40 228/2581/40 225/458/40
f 232/446/41 234/448/41 228/432/41
f 233/459/42 231/435/42 230/460/42
f 229/443/43 231/445/43 242/462/43
f 244/431/44 246/456/44 233/464/44
f 245/465/45 243/2582/45 242/437/45
f 241/453/46 243/428/46 236/427/46
f 238/430/47 240/452/47 245/455/47
f 237/425/48 236/2583/48 240/466/48
f 223/438/49 235/2584/49 237/467/49
f 238/430/50 227/2580/50 226/468/50
f 241/463/51 235/2584/51 223/438/51
f 263/469/1 250/503/1 248/470/1
f 269/472/29 264/2585/29 260/473/29
f 256/475/28 251/2586/28 262/476/28
f 252/478/30 258/494/30 254/479/30
f 255/481/5 257/505/5 270/482/5
f 247/484/39 249/486/39 254/490/39
f 250/503/40 252/2587/40 249/504/40
f 256/492/41 258/494/41 252/478/41
f 257/505/42 255/481/42 254/506/42
f 253/489/43 255/491/43 266/508/43
f 268/477/44 270/502/44 257/510/44
f 269/511/45 267/2588/45 266/483/45
f 265/499/46 267/474/46 260/473/46
f 262/476/47 264/498/47 269/501/47
f 261/471/48 260/2589/48 264/512/48
f 247/484/49 259/2590/49 261/513/49
f 262/476/50 251/2586/50 250/514/50
f 265/509/51 259/2590/51 247/484/51
f 311/561/1 298/595/1 296/562/1
f 317/564/29 312/2597/29 308/565/29
f 304/567/28 299/2598/28 310/568/28
f 300/570/30 306/586/30 302/571/30
f 303/573/5 305/597/5 318/574/5
f 295/576/39 297/578/39 302/582/39
f 298/595/40 300/2599/40 297/596/40
f 304/584/41 306/586/41 300/570/41
f 305/597/42 303/573/42 302/598/42
f 301/581/43 303/583/43 314/600/43
f 316/569/44 318/594/44 305/602/44
f 317/603/45 315/2600/45 314/575/45
f 313/591/46 315/566/46 308/565/46
f 310/568/47 312/590/47 317/593/47
f 309/563/48 308/2601/48 312/604/48
f 295/576/49 307/2602/49 309/605/49
f 310/568/50 299/2598/50 298/606/50
f 313/601/51 307/2602/51 295/576/51
f 383/699/1 370/733/1 368/700/1
f 389/702/29 384/2615/29 380/703/29
f 376/705/28 371/2616/28 382/706/28
f 372/708/30 378/724/30 374/709/30
f 375/711/5 377/735/5 390/712/5
f 367/714/39 369/716/39 374/720/39
f 370/733/40 372/2617/40 369/734/40
f 376/722/41 378/724/41 372/708/41
f 377/735/42 375/711/42 374/736/42
f 373/719/43 375/721/43 386/738/43
f 388/707/44 390/732/44 377/740/44
f 389/741/45 387/2618/45 386/713/45
f 385/729/46 387/704/46 380/703/46
f 382/706/47 384/728/47 389/731/47
f 381/701/48 380/2619/48 384/742/48
f 367/714/49 379/2620/49 381/743/49
f 382/706/50 371/2616/50 370/744/50
f 385/739/51 379/2620/51 367/714/51
f 431/791/1 418/825/1 416/792/1
f 437/794/29 432/2627/29 428/795/29
f 424/797/28 419/2628/28 430/798/28
f 420/800/30 426/816/30 422/801/30
f 423/803/5 425/827/5 438/804/5
f 415/806/39 417/808/39 422/812/39
f 418/825/40 420/2629/40 417/826/40
f 424/814/41 426/816/41 420/800/41
f 425/827/42 423/803/42 422/828/42
f 421/811/43 423/813/43 434/830/43
f 436/799/44 438/824/44 425/832/44
f 437/833/45 435/2630/45 434/805/45
f 433/821/46 435/796/46 428/795/46
f 430/798/47 432/820/47 437/823/47
f 429/793/48 428/2631/48 432/834/48
f 415/806/49 427/2632/49 429/835/49
f 430/798/50 419/2628/50 418/836/50
f 433/831/51 427/2632/51 415/806/51
f 477/887/1 479/930/1 466/888/1
f 485/890/52 480/916/52 476/891/52
f 472/893/27 467/905/27 478/894/27
f 468/896/53 474/2635/53 470/897/53
f 473/899/5 486/928/5 482/900/5
f 463/902/62 465/898/62 470/897/62
f 464/889/63 466/888/63 468/922/63
f 472/893/64 474/910/64 468/906/64
f 471/901/65 470/2636/65 474/924/65
f 481/917/66 469/936/66 471/925/66
f 472/893/67 484/895/67 486/926/67
f 483/927/68 482/900/68 486/928/68
f 481/917/69 483/919/69 476/912/69
f 478/914/70 480/916/70 485/890/70
f 479/930/71 477/887/71 476/931/71
f 475/911/72 477/913/72 464/933/72
f 467/905/73 466/904/73 479/935/73
f 481/917/74 475/911/74 463/934/74
f 525/987/1 527/1030/1 514/988/1
f 533/990/52 528/1016/52 524/991/52
f 520/993/27 515/1005/27 526/994/27
f 516/996/53 522/2639/53 518/997/53
f 521/999/5 534/1028/5 530/1000/5
f 511/1002/62 513/998/62 518/997/62
f 512/989/63 514/988/63 516/1022/63
f 520/993/64 522/1010/64 516/1006/64
f 519/1001/65 518/2640/65 522/1024/65
f 529/1017/66 517/1036/66 519/1025/66
f 520/993/67 532/995/67 534/1026/67
f 531/1027/68 530/1000/68 534/1028/68
f 529/1017/69 531/1019/69 524/1012/69
f 526/1014/70 528/1016/70 533/990/70
f 527/1030/71 525/987/71 524/1031/71
f 523/1011/72 525/1013/72 512/1033/72
f 515/1005/73 514/1004/73 527/1035/73
f 529/1017/74 523/1011/74 511/1034/74
f 549/1037/1 551/1080/1 538/1038/1
f 557/1040/52 552/1066/52 548/1041/52
f 544/1043/27 539/1055/27 550/1044/27
f 540/1046/53 546/2641/53 542/1047/53
f 545/1049/5 558/1078/5 554/1050/5
f 535/1052/62 537/1048/62 542/1047/62
f 536/1039/63 538/1038/63 540/1072/63
f 544/1043/64 546/1060/64 540/1056/64
f 543/1051/65 542/2642/65 546/1074/65
f 553/1067/66 541/1086/66 543/1075/66
f 544/1043/67 556/1045/67 558/1076/67
f 555/1077/68 554/1050/68 558/1078/68
f 553/1067/69 555/1069/69 548/1062/69
f 550/1064/70 552/1066/70 557/1040/70
f 551/1080/71 549/1037/71 548/1081/71
f 547/1061/72 549/1063/72 536/1083/72
f 539/1055/73 538/1054/73 551/1085/73
f 553/1067/74 547/1061/74 535/1084/74
f 597/1137/1 599/1180/1 586/1138/1
f 605/1140/52 600/1166/52 596/1141/52
f 592/1143/27 587/1155/27 598/1144/27
f 588/1146/53 594/2645/53 590/1147/53
f 593/1149/5 606/1178/5 602/1150/5
f 583/1152/62 585/1148/62 590/1147/62
f 584/1139/63 586/1138/63 588/1172/63
f 592/1143/64 594/1160/64 588/1156/64
f 591/1151/65 590/2646/65 594/1174/65
f 601/1167/66 589/1186/66 591/1175/66
f 592/1143/67 604/1145/67 606/1176/67
f 603/1177/68 602/1150/68 606/1178/68
f 601/1167/69 603/1169/69 596/1162/69
f 598/1164/70 600/1166/70 605/1140/70
f 599/1180/71 597/1137/71 596/1181/71
f 595/1161/72 597/1163/72 584/1183/72
f 587/1155/73 586/1154/73 599/1185/73
f 601/1167/74 595/1161/74 583/1184/74
f 669/1287/1 671/1330/1 658/1288/1
f 677/1290/52 672/1316/52 668/1291/52
f 664/1293/27 659/1305/27 670/1294/27
f 660/1296/53 666/2651/53 662/1297/53
f 665/1299/5 678/1328/5 674/1300/5
f 655/1302/62 657/1298/62 662/1297/62
f 656/1289/63 658/1288/63 660/1322/63
f 664/1293/64 666/1310/64 660/1306/64
f 663/1301/65 662/2652/65 666/1324/65
f 673/1317/66 661/1336/66 663/1325/66
f 664/1293/67 676/1295/67 678/1326/67
f 675/1327/68 674/1300/68 678/1328/68
f 673/1317/69 675/1319/69 668/1312/69
f 670/1314/70 672/1316/70 677/1290/70
f 671/1330/71 669/1287/71 668/1331/71
f 667/1311/72 669/1313/72 656/1333/72
f 659/1305/73 658/1304/73 671/1335/73
f 673/1317/74 667/1311/74 655/1334/74
f 717/1387/1 719/1430/1 706/1388/1
f 725/1390/52 720/1416/52 716/1391/52
f 712/1393/27 707/1405/27 718/1394/27
f 708/1396/53 714/2655/53 710/1397/53
f 713/1399/5 726/1428/5 722/1400/5
f 703/1402/62 705/1398/62 710/1397/62
f 704/1389/63 706/1388/63 708/1422/63
f 712/1393/64 714/1410/64 708/1406/64
f 711/1401/65 710/2656/65 714/1424/65
f 721/1417/66 709/1436/66 711/1425/66
f 712/1393/67 724/1395/67 726/1426/67
f 723/1427/68 722/1400/68 726/1428/68
f 721/1417/69 723/1419/69 716/1412/69
f 718/1414/70 720/1416/70 725/1390/70
f 719/1430/71 717/1387/71 716/1431/71
f 715/1411/72 717/1413/72 704/1433/72
f 707/1405/73 706/1404/73 719/1435/73
f 721/1417/74 715/1411/74 703/1434/74
usemtl MMO_oak
f 759/1463/1 744/1464/1 757/1465/1
f 765/1466/2 756/1467/2 763/1468/2
f 752/1469/3 758/1470/3 764/1471/3
f 748/1472/4 750/1473/4 745/1474/4
f 753/1475/5 762/1476/5 751/1477/5
f 743/1478/6 744/1479/6 745/1480/6
f 746/1481/7 747/1482/7 748/1483/7
f 749/1484/8 750/1485/8 751/1486/8
f 752/1469/9 753/1487/9 754/1488/9
f 755/1489/10 756/1490/10 757/1491/10
f 758/1470/11 759/1492/11 760/1493/11
f 761/1494/12 762/1495/12 763/1496/12
f 764/1471/13 765/1497/13 766/1498/13
f 743/1478/14 750/1485/14 749/1484/14
f 746/1499/15 745/1474/15 744/1500/15
f 752/1469/16 748/1483/16 747/1482/16
f 751/1501/17 754/1502/17 753/1503/17
f 749/1484/18 762/1495/18 761/1494/18
f 764/1471/19 753/1487/19 752/1469/19
f 763/1468/20 766/1504/20 765/1466/20
f 761/1494/21 756/1490/21 755/1489/21
f 758/1470/22 765/1497/22 764/1471/22
f 757/1505/23 760/1506/23 759/1507/23
f 755/1489/24 744/1479/24 743/1478/24
f 747/1482/25 759/1492/25 758/1470/25
f 761/1494/26 743/1478/26 749/1484/26
f 759/1463/1 746/2671/1 744/1464/1
f 765/1466/2 760/1506/2 756/1467/2
f 752/1469/3 747/1482/3 758/1470/3
f 748/1472/4 754/1502/4 750/1473/4
f 753/1475/5 766/2672/5 762/1476/5
f 743/1478/14 745/1480/14 750/1485/14
f 746/1499/15 748/1472/15 745/1474/15
f 752/1469/16 754/1488/16 748/1483/16
f 751/1501/17 750/1473/17 754/1502/17
f 749/1484/18 751/1486/18 762/1495/18
f 764/1471/19 766/1498/19 753/1487/19
f 763/1468/20 762/2673/20 766/1504/20
f 761/1494/21 763/1496/21 756/1490/21
f 758/1470/22 760/1493/22 765/1497/22
f 757/1505/23 756/1467/23 760/1506/23
f 755/1489/24 757/1491/24 744/1479/24
f 747/1482/25 746/1481/25 759/1492/25
f 761/1494/26 755/1489/26 743/1478/26
usemtl MMO_iron
f 783/1508/1 768/1509/1 781/1510/1
f 789/1511/2 780/1512/2 787/1513/2
f 776/1514/3 782/1515/3 788/1516/3
f 772/1517/4 774/1518/4 769/1519/4
f 777/1520/5 786/1521/5 775/1522/5
f 767/1523/6 768/1524/6 769/1525/6
f 770/1526/7 771/1527/7 772/1528/7
f 773/1529/8 774/1530/8 775/1531/8
f 776/1514/9 777/1532/9 778/1533/9
f 779/1534/10 780/1535/10 781/1536/10
f 782/1515/11 783/1537/11 784/1538/11
f 785/1539/12 786/1540/12 787/1541/12
f 788/1516/13 789/1542/13 790/1543/13
f 767/1523/14 774/1530/14 773/1529/14
f 770/1544/15 769/1519/15 768/1545/15
f 776/1514/16 772/1528/16 771/1527/16
f 775/1546/17 778/1547/17 777/1548/17
f 773/1529/18 786/1540/18 785/1539/18
f 788/1516/19 777/1532/19 776/1514/19
f 787/1513/20 790/1549/20 789/1511/20
f 785/1539/21 780/1535/21 779/1534/21
f 782/1515/22 789/1542/22 788/1516/22
f 781/1550/23 784/1551/23 783/1552/23
f 779/1534/24 768/1524/24 767/1523/24
f 771/1527/25 783/1537/25 782/1515/25
f 785/1539/26 767/1523/26 773/1529/26
f 807/1553/1 792/1554/1 805/1555/1
f 813/1556/2 804/1557/2 811/1558/2
f 800/1559/3 806/1560/3 812/1561/3
f 796/1562/4 798/1563/4 793/1564/4
f 801/1565/5 810/1566/5 799/1567/5
f 791/1568/6 792/1569/6 793/1570/6
f 794/1571/7 795/1572/7 796/1573/7
f 797/1574/8 798/1575/8 799/1576/8
f 800/1559/9 801/1577/9 802/1578/9
f 803/1579/10 804/1580/10 805/1581/10
f 806/1560/11 807/1582/11 808/1583/11
f 809/1584/12 810/1585/12 811/1586/12
f 812/1561/13 813/1587/13 814/1588/13
f 791/1568/91 798/1575/91 797/1574/91
f 794/1589/15 793/1564/15 792/1590/15
f 800/1559/16 796/1573/16 795/1572/16
f 799/1591/17 802/1592/17 801/1593/17
f 797/1574/18 810/1585/18 809/1584/18
f 812/1561/19 801/1577/19 800/1559/19
f 811/1558/20 814/1594/20 813/1556/20
f 809/1584/21 804/1580/21 803/1579/21
f 806/1560/92 813/1587/92 812/1561/92
f 805/1595/23 808/1596/23 807/1597/23
f 803/1579/24 792/1569/24 791/1568/24
f 795/1572/25 807/1582/25 806/1560/25
f 809/1584/26 791/1568/26 797/1574/26
s 1
f 1260/2402/189 1261/2403/190 1259/2404/191
f 1262/2405/192 1263/2406/193 1261/2407/190
f 1264/2408/194 1265/2409/195 1263/2406/193
f 1266/2410/196 1267/2411/197 1265/2412/195
f 1268/2413/198 1269/2414/199 1267/2411/197
f 1270/2415/200 1271/2416/201 1269/2417/199
s 0
f 1272/2418/2 1268/2419/2 1264/2420/2
s 1
f 1272/2421/202 1273/2422/203 1271/2416/201
f 1274/2423/204 1259/2404/191 1273/2424/203
s 0
f 1265/2425/4 1269/2426/4 1273/2427/4
f 783/1508/1 770/2674/1 768/1509/1
f 789/1511/2 784/1551/2 780/1512/2
f 776/1514/3 771/1527/3 782/1515/3
f 772/1517/4 778/1547/4 774/1518/4
f 777/1520/5 790/2675/5 786/1521/5
f 767/1523/14 769/1525/14 774/1530/14
f 770/1544/15 772/1517/15 769/1519/15
f 776/1514/255 778/1533/255 772/1528/255
f 775/1546/17 774/1518/17 778/1547/17
f 773/1529/18 775/1531/18 786/1540/18
f 788/1516/19 790/1543/19 777/1532/19
f 787/1513/20 786/2676/20 790/1549/20
f 785/1539/256 787/1541/256 780/1535/256
f 782/1515/22 784/1538/22 789/1542/22
f 781/1550/23 780/1512/23 784/1551/23
f 779/1534/24 781/1536/24 768/1524/24
f 771/1527/25 770/1526/25 783/1537/25
f 785/1539/26 779/1534/26 767/1523/26
f 807/1553/1 794/2677/1 792/1554/1
f 813/1556/2 808/1596/2 804/1557/2
f 800/1559/3 795/1572/3 806/1560/3
f 796/1562/4 802/1592/4 798/1563/4
f 801/1565/5 814/2678/5 810/1566/5
f 791/1568/14 793/1570/14 798/1575/14
f 794/1589/15 796/1562/15 793/1564/15
f 800/1559/16 802/1578/16 796/1573/16
f 799/1591/17 798/1563/17 802/1592/17
f 797/1574/18 799/1576/18 810/1585/18
f 812/1561/19 814/1588/19 801/1577/19
f 811/1558/20 810/2679/20 814/1594/20
f 809/1584/256 811/1586/256 804/1580/256
f 806/1560/22 808/1583/22 813/1587/22
f 805/1595/23 804/1557/23 808/1596/23
f 803/1579/24 805/1581/24 792/1569/24
f 795/1572/25 794/1571/25 807/1582/25
f 809/1584/26 803/1579/26 791/1568/26
s 1
f 1260/2402/189 1262/2776/192 1261/2403/190
f 1262/2405/192 1264/2408/194 1263/2406/193
f 1264/2408/194 1266/2777/196 1265/2409/195
f 1266/2410/196 1268/2413/198 1267/2411/197
f 1268/2413/198 1270/2778/200 1269/2414/199
f 1270/2415/200 1272/2421/202 1271/2416/201
s 0
f 1264/2420/2 1262/2779/2 1260/2780/2
f 1260/2780/2 1274/2781/2 1272/2418/2
f 1272/2418/2 1270/2782/2 1268/2419/2
f 1268/2419/2 1266/2783/2 1264/2420/2
f 1264/2420/2 1260/2780/2 1272/2418/2
s 1
f 1272/2421/202 1274/2784/204 1273/2422/203
f 1274/2423/204 1260/2402/189 1259/2404/191
s 0
f 1273/2427/4 1259/2785/4 1261/2786/4
f 1261/2786/4 1263/2787/4 1265/2425/4
f 1265/2425/4 1267/2788/4 1269/2426/4
f 1269/2426/4 1271/2789/4 1273/2427/4
f 1273/2427/4 1261/2786/4 1265/2425/4
usemtl MMO_honey
f 855/1643/1 840/1644/1 853/1645/1
f 861/1646/2 852/1647/2 859/1648/2
f 848/1649/3 854/1650/3 860/1651/3
f 844/1652/4 846/1653/4 841/1654/4
f 849/1655/5 858/1656/5 847/1657/5
f 839/1658/6 840/1659/6 841/1660/6
f 842/1661/7 843/1662/7 844/1663/7
f 845/1664/8 846/1665/8 847/1666/8
f 848/1649/9 849/1667/9 850/1668/9
f 851/1669/10 852/1670/10 853/1671/10
f 854/1650/11 855/1672/11 856/1673/11
f 857/1674/12 858/1675/12 859/1676/12
f 860/1651/13 861/1677/13 862/1678/13
f 839/1658/14 846/1665/14 845/1664/14
f 842/1679/15 841/1654/15 840/1680/15
f 848/1649/16 844/1663/16 843/1662/16
f 847/1681/17 850/1682/17 849/1683/17
f 845/1664/18 858/1675/18 857/1674/18
f 860/1651/19 849/1667/19 848/1649/19
f 859/1648/20 862/1684/20 861/1646/20
f 857/1674/21 852/1670/21 851/1669/21
f 854/1650/22 861/1677/22 860/1651/22
f 853/1685/23 856/1686/23 855/1687/23
f 851/1669/24 840/1659/24 839/1658/24
f 843/1662/25 855/1672/25 854/1650/25
f 857/1674/26 839/1658/26 845/1664/26
f 879/1688/1 864/1689/1 877/1690/1
f 885/1691/2 876/1692/2 883/1693/2
f 872/1694/3 878/1695/3 884/1696/3
f 868/1697/4 870/1698/4 865/1699/4
f 873/1700/5 882/1701/5 871/1702/5
f 863/1703/6 864/1704/6 865/1705/6
f 866/1706/7 867/1707/7 868/1708/7
f 869/1709/8 870/1710/8 871/1711/8
f 872/1694/9 873/1712/9 874/1713/9
f 875/1714/10 876/1715/10 877/1716/10
f 878/1695/11 879/1717/11 880/1718/11
f 881/1719/12 882/1720/12 883/1721/12
f 884/1696/13 885/1722/13 886/1723/13
f 863/1703/14 870/1710/14 869/1709/14
f 866/1724/15 865/1699/15 864/1725/15
f 872/1694/16 868/1708/16 867/1707/16
f 871/1726/17 874/1727/17 873/1728/17
f 869/1709/18 882/1720/18 881/1719/18
f 884/1696/19 873/1712/19 872/1694/19
f 883/1693/20 886/1729/20 885/1691/20
f 881/1719/21 876/1715/21 875/1714/21
f 878/1695/22 885/1722/22 884/1696/22
f 877/1730/23 880/1731/23 879/1732/23
f 875/1714/24 864/1704/24 863/1703/24
f 867/1707/25 879/1717/25 878/1695/25
f 881/1719/26 863/1703/26 869/1709/26
f 903/1733/1 888/1734/1 901/1735/1
f 909/1736/2 900/1737/2 907/1738/2
f 896/1739/3 902/1740/3 908/1741/3
f 892/1742/4 894/1743/4 889/1744/4
f 897/1745/5 906/1746/5 895/1747/5
f 887/1748/6 888/1749/6 889/1750/6
f 890/1751/7 891/1752/7 892/1753/7
f 893/1754/8 894/1755/8 895/1756/8
f 896/1739/9 897/1757/9 898/1758/9
f 899/1759/10 900/1760/10 901/1761/10
f 902/1740/11 903/1762/11 904/1763/11
f 905/1764/12 906/1765/12 907/1766/12
f 908/1741/13 909/1767/13 910/1768/13
f 887/1748/14 894/1755/14 893/1754/14
f 890/1769/15 889/1744/15 888/1770/15
f 896/1739/16 892/1753/16 891/1752/16
f 895/1771/17 898/1772/17 897/1773/17
f 893/1754/18 906/1765/18 905/1764/18
f 908/1741/19 897/1757/19 896/1739/19
f 907/1738/20 910/1774/20 909/1736/20
f 905/1764/21 900/1760/21 899/1759/21
f 902/1740/22 909/1767/22 908/1741/22
f 901/1775/23 904/1776/23 903/1777/23
f 899/1759/24 888/1749/24 887/1748/24
f 891/1752/25 903/1762/25 902/1740/25
f 905/1764/26 887/1748/26 893/1754/26
s 1
f 1275/2428/205 1278/2429/206 1277/2430/207
f 1278/2429/206 1279/2431/208 1277/2430/207
f 1280/2432/209 1281/2433/210 1279/2434/208
f 1282/2435/211 1283/2436/212 1281/2433/210
f 1284/2437/213 1285/2438/214 1283/2436/212
f 1286/2439/215 1287/2440/216 1285/2438/214
f 1288/2441/217 1289/2442/218 1287/2443/216
f 1290/2444/219 1291/2445/220 1289/2442/218
f 1292/2446/221 1293/2447/222 1291/2445/220
f 1294/2448/223 1295/2449/224 1293/2447/222
f 1296/2450/225 1297/2451/226 1295/2452/224
f 1298/2453/227 1299/2454/228 1297/2451/226
f 1300/2455/229 1301/2456/230 1299/2454/228
f 1301/2456/230 1304/2457/231 1303/2458/232
s 0
f 1296/2459/1 1288/2460/1 1280/2461/1
s 1
f 1303/2462/232 1306/2463/233 1305/2464/234
f 1306/2463/233 1275/2428/205 1305/2464/234
s 0
f 1289/2465/5 1297/2466/5 1305/2467/5
f 855/1643/1 842/2683/1 840/1644/1
f 861/1646/2 856/1686/2 852/1647/2
f 848/1649/3 843/1662/3 854/1650/3
f 844/1652/4 850/1682/4 846/1653/4
f 849/1655/5 862/2684/5 858/1656/5
f 839/1658/14 841/1660/14 846/1665/14
f 842/1679/15 844/1652/15 841/1654/15
f 848/1649/16 850/1668/16 844/1663/16
f 847/1681/17 846/1653/17 850/1682/17
f 845/1664/18 847/1666/18 858/1675/18
f 860/1651/19 862/1678/19 849/1667/19
f 859/1648/20 858/2685/20 862/1684/20
f 857/1674/21 859/1676/21 852/1670/21
f 854/1650/22 856/1673/22 861/1677/22
f 853/1685/23 852/1647/23 856/1686/23
f 851/1669/24 853/1671/24 840/1659/24
f 843/1662/25 842/1661/25 855/1672/25
f 857/1674/26 851/1669/26 839/1658/26
f 879/1688/1 866/2686/1 864/1689/1
f 885/1691/2 880/1731/2 876/1692/2
f 872/1694/3 867/1707/3 878/1695/3
f 868/1697/4 874/1727/4 870/1698/4
f 873/1700/5 886/2687/5 882/1701/5
f 863/1703/14 865/1705/14 870/1710/14
f 866/1724/15 868/1697/15 865/1699/15
f 872/1694/16 874/1713/16 868/1708/16
f 871/1726/17 870/1698/17 874/1727/17
f 869/1709/18 871/1711/18 882/1720/18
f 884/1696/19 886/1723/19 873/1712/19
f 883/1693/20 882/2688/20 886/1729/20
f 881/1719/21 883/1721/21 876/1715/21
f 878/1695/22 880/1718/22 885/1722/22
f 877/1730/23 876/1692/23 880/1731/23
f 875/1714/24 877/1716/24 864/1704/24
f 867/1707/25 866/1706/25 879/1717/25
f 881/1719/26 875/1714/26 863/1703/26
f 903/1733/1 890/2689/1 888/1734/1
f 909/1736/2 904/1776/2 900/1737/2
f 896/1739/3 891/1752/3 902/1740/3
f 892/1742/4 898/1772/4 894/1743/4
f 897/1745/5 910/2690/5 906/1746/5
f 887/1748/14 889/1750/14 894/1755/14
f 890/1769/15 892/1742/15 889/1744/15
f 896/1739/16 898/1758/16 892/1753/16
f 895/1771/17 894/1743/17 898/1772/17
f 893/1754/18 895/1756/18 906/1765/18
f 908/1741/19 910/1768/19 897/1757/19
f 907/1738/20 906/2691/20 910/1774/20
f 905/1764/21 907/1766/21 900/1760/21
f 902/1740/22 904/1763/22 909/1767/22
f 901/1775/23 900/1737/23 904/1776/23
f 899/1759/24 901/1761/24 888/1749/24
f 891/1752/25 890/1751/25 903/1762/25
f 905/1764/26 899/1759/26 887/1748/26
s 1
f 1275/2428/205 1276/2790/257 1278/2429/206
f 1278/2429/206 1280/2791/209 1279/2431/208
f 1280/2432/209 1282/2435/211 1281/2433/210
f 1282/2435/211 1284/2437/213 1283/2436/212
f 1284/2437/213 1286/2439/215 1285/2438/214
f 1286/2439/215 1288/2792/217 1287/2440/216
f 1288/2441/217 1290/2444/219 1289/2442/218
f 1290/2444/219 1292/2446/221 1291/2445/220
f 1292/2446/221 1294/2448/223 1293/2447/222
f 1294/2448/223 1296/2793/225 1295/2449/224
f 1296/2450/225 1298/2453/227 1297/2451/226
f 1298/2453/227 1300/2455/229 1299/2454/228
f 1300/2455/229 1302/2794/258 1301/2456/230
f 1301/2456/230 1302/2794/258 1304/2457/231
s 0
f 1280/2461/1 1278/2795/1 1276/2796/1
f 1276/2796/1 1306/2797/1 1304/2798/1
f 1304/2798/1 1302/2799/1 1300/2800/1
f 1300/2800/1 1298/2801/1 1296/2459/1
f 1296/2459/1 1294/2802/1 1292/2803/1
f 1292/2803/1 1290/2804/1 1288/2460/1
f 1288/2460/1 1286/2805/1 1284/2806/1
f 1284/2806/1 1282/2807/1 1280/2461/1
f 1280/2461/1 1276/2796/1 1304/2798/1
f 1304/2798/1 1300/2800/1 1296/2459/1
f 1296/2459/1 1292/2803/1 1288/2460/1
f 1288/2460/1 1284/2806/1 1280/2461/1
f 1280/2461/1 1304/2798/1 1296/2459/1
s 1
f 1303/2462/232 1304/2808/231 1306/2463/233
f 1306/2463/233 1276/2790/257 1275/2428/205
s 0
f 1305/2467/5 1275/2809/5 1277/2810/5
f 1277/2810/5 1279/2811/5 1281/2812/5
f 1281/2812/5 1283/2813/5 1285/2814/5
f 1285/2814/5 1287/2815/5 1289/2465/5
f 1289/2465/5 1291/2816/5 1293/2817/5
f 1293/2817/5 1295/2818/5 1297/2466/5
f 1297/2466/5 1299/2819/5 1301/2820/5
f 1301/2820/5 1303/2821/5 1305/2467/5
f 1305/2467/5 1277/2810/5 1281/2812/5
f 1281/2812/5 1285/2814/5 1289/2465/5
f 1289/2465/5 1293/2817/5 1297/2466/5
f 1297/2466/5 1301/2820/5 1305/2467/5
f 1305/2467/5 1281/2812/5 1289/2465/5
s 1
usemtl MMO_brass
f 954/1856/173 955/1857/174 953/1858/175
f 956/1859/176 957/1860/177 955/1861/174
f 958/1862/178 959/1863/179 957/1860/177
f 960/1864/180 961/1865/181 959/1866/179
f 962/1867/182 963/1868/183 961/1865/181
f 964/1869/184 965/1870/185 963/1871/183
s 0
f 966/1872/3 962/1873/3 958/1874/3
s 1
f 966/1875/186 967/1876/187 965/1870/185
f 968/1877/188 953/1858/175 967/1878/187
s 0
f 959/1879/26 963/1880/26 967/1881/26
s 1
f 1012/1960/173 1013/1961/174 1011/1962/175
f 1014/1963/176 1015/1964/177 1013/1965/174
f 1016/1966/178 1017/1967/179 1015/1964/177
f 1018/1968/180 1019/1969/181 1017/1970/179
f 1020/1971/182 1021/1972/183 1019/1969/181
f 1022/1973/184 1023/1974/185 1021/1975/183
s 0
f 1024/1976/3 1020/1977/3 1016/1978/3
s 1
f 1024/1979/186 1025/1980/187 1023/1974/185
f 1026/1981/188 1011/1962/175 1025/1982/187
s 0
f 1017/1983/26 1021/1984/26 1025/1985/26
s 1
f 1070/2064/173 1071/2065/174 1069/2066/175
f 1072/2067/176 1073/2068/177 1071/2069/174
f 1074/2070/178 1075/2071/179 1073/2068/177
f 1076/2072/180 1077/2073/181 1075/2074/179
f 1078/2075/182 1079/2076/183 1077/2073/181
f 1080/2077/184 1081/2078/185 1079/2079/183
s 0
f 1082/2080/3 1078/2081/3 1074/2082/3
s 1
f 1082/2083/186 1083/2084/187 1081/2078/185
f 1084/2085/188 1069/2066/175 1083/2086/187
s 0
f 1075/2087/26 1079/2088/26 1083/2089/26
s 1
f 1128/2168/173 1129/2169/174 1127/2170/175
f 1130/2171/176 1131/2172/177 1129/2173/174
f 1132/2174/178 1133/2175/179 1131/2172/177
f 1134/2176/180 1135/2177/181 1133/2178/179
f 1136/2179/182 1137/2180/183 1135/2177/181
f 1138/2181/184 1139/2182/185 1137/2183/183
s 0
f 1140/2184/3 1136/2185/3 1132/2186/3
s 1
f 1140/2187/186 1141/2188/187 1139/2182/185
f 1142/2189/188 1127/2170/175 1141/2190/187
s 0
f 1133/2191/26 1137/2192/26 1141/2193/26
s 1
f 1186/2272/173 1187/2273/174 1185/2274/175
f 1188/2275/176 1189/2276/177 1187/2277/174
f 1190/2278/178 1191/2279/179 1189/2276/177
f 1192/2280/180 1193/2281/181 1191/2282/179
f 1194/2283/182 1195/2284/183 1193/2281/181
f 1196/2285/184 1197/2286/185 1195/2287/183
s 0
f 1198/2288/3 1194/2289/3 1190/2290/3
s 1
f 1198/2291/186 1199/2292/187 1197/2286/185
f 1200/2293/188 1185/2274/175 1199/2294/187
s 0
f 1191/2295/26 1195/2296/26 1199/2297/26
s 1
f 1244/2376/173 1245/2377/174 1243/2378/175
f 1246/2379/176 1247/2380/177 1245/2381/174
f 1248/2382/178 1249/2383/179 1247/2380/177
f 1250/2384/180 1251/2385/181 1249/2386/179
f 1252/2387/182 1253/2388/183 1251/2385/181
f 1254/2389/184 1255/2390/185 1253/2391/183
s 0
f 1256/2392/3 1252/2393/3 1248/2394/3
s 1
f 1256/2395/186 1257/2396/187 1255/2390/185
f 1258/2397/188 1243/2378/175 1257/2398/187
s 0
f 1249/2399/26 1253/2400/26 1257/2401/26
s 1
f 954/1856/173 956/2692/176 955/1857/174
f 956/1859/176 958/1862/178 957/1860/177
f 958/1862/178 960/2693/180 959/1863/179
f 960/1864/180 962/1867/182 961/1865/181
f 962/1867/182 964/2694/184 963/1868/183
f 964/1869/184 966/1875/186 965/1870/185
s 0
f 958/1874/3 956/2695/3 954/2696/3
f 954/2696/3 968/2697/3 966/1872/3
f 966/1872/3 964/2698/3 962/1873/3
f 962/1873/3 960/2699/3 958/1874/3
f 958/1874/3 954/2696/3 966/1872/3
s 1
f 966/1875/186 968/2700/188 967/1876/187
f 968/1877/188 954/1856/173 953/1858/175
s 0
f 967/1881/26 953/2701/26 955/2702/26
f 955/2702/26 957/2703/26 959/1879/26
f 959/1879/26 961/2704/26 963/1880/26
f 963/1880/26 965/2705/26 967/1881/26
f 967/1881/26 955/2702/26 959/1879/26
s 1
f 1012/1960/173 1014/2706/176 1013/1961/174
f 1014/1963/176 1016/1966/178 1015/1964/177
f 1016/1966/178 1018/2707/180 1017/1967/179
f 1018/1968/180 1020/1971/182 1019/1969/181
f 1020/1971/182 1022/2708/184 1021/1972/183
f 1022/1973/184 1024/1979/186 1023/1974/185
s 0
f 1016/1978/3 1014/2709/3 1012/2710/3
f 1012/2710/3 1026/2711/3 1024/1976/3
f 1024/1976/3 1022/2712/3 1020/1977/3
f 1020/1977/3 1018/2713/3 1016/1978/3
f 1016/1978/3 1012/2710/3 1024/1976/3
s 1
f 1024/1979/186 1026/2714/188 1025/1980/187
f 1026/1981/188 1012/1960/173 1011/1962/175
s 0
f 1025/1985/26 1011/2715/26 1013/2716/26
f 1013/2716/26 1015/2717/26 1017/1983/26
f 1017/1983/26 1019/2718/26 1021/1984/26
f 1021/1984/26 1023/2719/26 1025/1985/26
f 1025/1985/26 1013/2716/26 1017/1983/26
s 1
f 1070/2064/173 1072/2720/176 1071/2065/174
f 1072/2067/176 1074/2070/178 1073/2068/177
f 1074/2070/178 1076/2721/180 1075/2071/179
f 1076/2072/180 1078/2075/182 1077/2073/181
f 1078/2075/182 1080/2722/184 1079/2076/183
f 1080/2077/184 1082/2083/186 1081/2078/185
s 0
f 1074/2082/3 1072/2723/3 1070/2724/3
f 1070/2724/3 1084/2725/3 1082/2080/3
f 1082/2080/3 1080/2726/3 1078/2081/3
f 1078/2081/3 1076/2727/3 1074/2082/3
f 1074/2082/3 1070/2724/3 1082/2080/3
s 1
f 1082/2083/186 1084/2728/188 1083/2084/187
f 1084/2085/188 1070/2064/173 1069/2066/175
s 0
f 1083/2089/26 1069/2729/26 1071/2730/26
f 1071/2730/26 1073/2731/26 1075/2087/26
f 1075/2087/26 1077/2732/26 1079/2088/26
f 1079/2088/26 1081/2733/26 1083/2089/26
f 1083/2089/26 1071/2730/26 1075/2087/26
s 1
f 1128/2168/173 1130/2734/176 1129/2169/174
f 1130/2171/176 1132/2174/178 1131/2172/177
f 1132/2174/178 1134/2735/180 1133/2175/179
f 1134/2176/180 1136/2179/182 1135/2177/181
f 1136/2179/182 1138/2736/184 1137/2180/183
f 1138/2181/184 1140/2187/186 1139/2182/185
s 0
f 1132/2186/3 1130/2737/3 1128/2738/3
f 1128/2738/3 1142/2739/3 1140/2184/3
f 1140/2184/3 1138/2740/3 1136/2185/3
f 1136/2185/3 1134/2741/3 1132/2186/3
f 1132/2186/3 1128/2738/3 1140/2184/3
s 1
f 1140/2187/186 1142/2742/188 1141/2188/187
f 1142/2189/188 1128/2168/173 1127/2170/175
s 0
f 1141/2193/26 1127/2743/26 1129/2744/26
f 1129/2744/26 1131/2745/26 1133/2191/26
f 1133/2191/26 1135/2746/26 1137/2192/26
f 1137/2192/26 1139/2747/26 1141/2193/26
f 1141/2193/26 1129/2744/26 1133/2191/26
s 1
f 1186/2272/173 1188/2748/176 1187/2273/174
f 1188/2275/176 1190/2278/178 1189/2276/177
f 1190/2278/178 1192/2749/180 1191/2279/179
f 1192/2280/180 1194/2283/182 1193/2281/181
f 1194/2283/182 1196/2750/184 1195/2284/183
f 1196/2285/184 1198/2291/186 1197/2286/185
s 0
f 1190/2290/3 1188/2751/3 1186/2752/3
f 1186/2752/3 1200/2753/3 1198/2288/3
f 1198/2288/3 1196/2754/3 1194/2289/3
f 1194/2289/3 1192/2755/3 1190/2290/3
f 1190/2290/3 1186/2752/3 1198/2288/3
s 1
f 1198/2291/186 1200/2756/188 1199/2292/187
f 1200/2293/188 1186/2272/173 1185/2274/175
s 0
f 1199/2297/26 1185/2757/26 1187/2758/26
f 1187/2758/26 1189/2759/26 1191/2295/26
f 1191/2295/26 1193/2760/26 1195/2296/26
f 1195/2296/26 1197/2761/26 1199/2297/26
f 1199/2297/26 1187/2758/26 1191/2295/26
s 1
f 1244/2376/173 1246/2762/176 1245/2377/174
f 1246/2379/176 1248/2382/178 1247/2380/177
f 1248/2382/178 1250/2763/180 1249/2383/179
f 1250/2384/180 1252/2387/182 1251/2385/181
f 1252/2387/182 1254/2764/184 1253/2388/183
f 1254/2389/184 1256/2395/186 1255/2390/185
s 0
f 1248/2394/3 1246/2765/3 1244/2766/3
f 1244/2766/3 1258/2767/3 1256/2392/3
f 1256/2392/3 1254/2768/3 1252/2393/3
f 1252/2393/3 1250/2769/3 1248/2394/3
f 1248/2394/3 1244/2766/3 1256/2392/3
s 1
f 1256/2395/186 1258/2770/188 1257/2396/187
f 1258/2397/188 1244/2376/173 1243/2378/175
s 0
f 1257/2401/26 1243/2771/26 1245/2772/26
f 1245/2772/26 1247/2773/26 1249/2399/26
f 1249/2399/26 1251/2774/26 1253/2400/26
f 1253/2400/26 1255/2775/26 1257/2401/26
f 1257/2401/26 1245/2772/26 1249/2399/26
usemtl MMO_purple
f 969/1882/93 982/1883/93 981/1884/93
f 970/1885/94 982/1886/94 984/1887/94
f 969/1882/95 981/1884/95 986/1888/95
f 969/1882/96 986/1888/96 988/1889/96
f 969/1882/97 988/1889/97 985/1890/97
f 970/1885/98 984/1887/98 991/1891/98
f 971/1892/99 983/1893/99 993/1894/99
f 972/1895/100 987/1896/100 995/1897/100
f 973/1898/101 989/1899/101 997/1900/101
f 974/1901/102 990/1902/102 999/1903/102
f 970/1885/103 991/1891/103 994/1904/103
f 971/1892/104 993/1894/104 996/1905/104
f 972/1895/105 995/1897/105 998/1906/105
f 973/1898/106 997/1900/106 1000/1907/106
f 974/1908/107 999/1909/107 992/1910/107
f 975/1911/108 1001/1912/108 1006/1913/108
f 976/1914/109 1002/1915/109 1008/1916/109
f 977/1917/110 1003/1918/110 1009/1919/110
f 978/1920/111 1004/1921/111 1010/1922/111
f 979/1923/112 1005/1924/112 1007/1925/112
f 1007/1926/113 1010/1922/113 980/1927/113
f 1007/1926/114 1005/1928/114 1010/1922/114
f 1005/1928/115 978/1920/115 1010/1922/115
f 1010/1922/116 1009/1929/116 980/1927/116
f 1010/1922/117 1004/1921/117 1009/1929/117
f 1004/1921/118 977/1930/118 1009/1929/118
f 1009/1929/119 1008/1916/119 980/1927/119
f 1009/1929/120 1003/1931/120 1008/1916/120
f 1003/1918/121 976/1932/121 1008/1933/121
f 1008/1916/122 1006/1913/122 980/1927/122
f 1008/1916/123 1002/1915/123 1006/1913/123
f 1002/1915/124 975/1911/124 1006/1913/124
f 1006/1913/125 1007/1926/125 980/1927/125
f 1006/1913/126 1001/1912/126 1007/1926/126
f 1001/1934/127 979/1923/127 1007/1925/127
f 992/1910/128 1005/1924/128 979/1923/128
f 992/1910/129 999/1909/129 1005/1924/129
f 999/1903/130 978/1935/130 1005/1936/130
f 1000/1907/131 1004/1937/131 978/1935/131
f 1000/1907/132 997/1900/132 1004/1937/132
f 997/1900/133 977/1938/133 1004/1937/133
f 998/1906/134 1003/1918/134 977/1917/134
f 998/1906/135 995/1897/135 1003/1918/135
f 995/1897/136 976/1932/136 1003/1918/136
f 996/1905/137 1002/1939/137 976/1940/137
f 996/1905/138 993/1894/138 1002/1939/138
f 993/1894/139 975/1941/139 1002/1939/139
f 994/1942/140 1001/1943/140 975/1941/140
f 994/1904/141 991/1891/141 1001/1934/141
f 991/1891/142 979/1923/142 1001/1934/142
f 999/1903/143 1000/1907/143 978/1935/143
f 999/1903/144 990/1902/144 1000/1907/144
f 990/1902/145 973/1898/145 1000/1907/145
f 997/1944/146 998/1906/146 977/1917/146
f 997/1944/147 989/1945/147 998/1906/147
f 989/1945/148 972/1895/148 998/1906/148
f 995/1897/149 996/1946/149 976/1932/149
f 995/1897/150 987/1896/150 996/1946/150
f 987/1947/151 971/1892/151 996/1905/151
f 993/1894/152 994/1942/152 975/1941/152
f 993/1894/153 983/1893/153 994/1942/153
f 983/1893/154 970/1948/154 994/1942/154
f 991/1891/155 992/1910/155 979/1923/155
f 991/1891/156 984/1887/156 992/1910/156
f 984/1887/157 974/1908/157 992/1910/157
f 985/1890/158 990/1949/158 974/1950/158
f 985/1890/159 988/1889/159 990/1949/159
f 988/1889/160 973/1951/160 990/1949/160
f 988/1889/161 989/1952/161 973/1951/161
f 988/1889/162 986/1888/162 989/1952/162
f 986/1953/163 972/1895/163 989/1945/163
f 986/1953/164 987/1896/164 972/1895/164
f 986/1888/165 981/1884/165 987/1954/165
f 981/1884/166 971/1955/166 987/1954/166
f 984/1887/167 985/1956/167 974/1908/167
f 984/1957/168 982/1883/168 985/1890/168
f 982/1883/169 969/1882/169 985/1890/169
f 981/1884/170 983/1958/170 971/1955/170
f 981/1884/171 982/1883/171 983/1958/171
f 982/1883/172 970/1959/172 983/1958/172
f 1143/2194/93 1156/2195/93 1155/2196/93
f 1144/2197/94 1156/2198/94 1158/2199/94
f 1143/2194/95 1155/2196/95 1160/2200/95
f 1143/2194/96 1160/2200/96 1162/2201/96
f 1143/2194/97 1162/2201/97 1159/2202/97
f 1144/2197/98 1158/2199/98 1165/2203/98
f 1145/2204/99 1157/2205/99 1167/2206/99
f 1146/2207/100 1161/2208/100 1169/2209/100
f 1147/2210/101 1163/2211/101 1171/2212/101
f 1148/2213/102 1164/2214/102 1173/2215/102
f 1144/2197/103 1165/2203/103 1168/2216/103
f 1145/2204/104 1167/2206/104 1170/2217/104
f 1146/2207/105 1169/2209/105 1172/2218/105
f 1147/2210/106 1171/2212/106 1174/2219/106
f 1148/2220/107 1173/2221/107 1166/2222/107
f 1149/2223/108 1175/2224/108 1180/2225/108
f 1150/2226/109 1176/2227/109 1182/2228/109
f 1151/2229/110 1177/2230/110 1183/2231/110
f 1152/2232/111 1178/2233/111 1184/2234/111
f 1153/2235/112 1179/2236/112 1181/2237/112
f 1181/2238/113 1184/2234/113 1154/2239/113
f 1181/2238/114 1179/2240/114 1184/2234/114
f 1179/2240/115 1152/2232/115 1184/2234/115
f 1184/2234/116 1183/2241/116 1154/2239/116
f 1184/2234/117 1178/2233/117 1183/2241/117
f 1178/2233/118 1151/2242/118 1183/2241/118
f 1183/2241/119 1182/2228/119 1154/2239/119
f 1183/2241/120 1177/2243/120 1182/2228/120
f 1177/2230/121 1150/2244/121 1182/2245/121
f 1182/2228/122 1180/2225/122 1154/2239/122
f 1182/2228/123 1176/2227/123 1180/2225/123
f 1176/2227/124 1149/2223/124 1180/2225/124
f 1180/2225/125 1181/2238/125 1154/2239/125
f 1180/2225/126 1175/2224/126 1181/2238/126
f 1175/2246/127 1153/2235/127 1181/2237/127
f 1166/2222/128 1179/2236/128 1153/2235/128
f 1166/2222/129 1173/2221/129 1179/2236/129
f 1173/2215/130 1152/2247/130 1179/2248/130
f 1174/2219/131 1178/2249/131 1152/2247/131
f 1174/2219/132 1171/2212/132 1178/2249/132
f 1171/2212/133 1151/2250/133 1178/2249/133
f 1172/2218/134 1177/2230/134 1151/2229/134
f 1172/2218/135 1169/2209/135 1177/2230/135
f 1169/2209/136 1150/2244/136 1177/2230/136
f 1170/2217/137 1176/2251/137 1150/2252/137
f 1170/2217/138 1167/2206/138 1176/2251/138
f 1167/2206/139 1149/2253/139 1176/2251/139
f 1168/2254/140 1175/2255/140 1149/2253/140
f 1168/2216/141 1165/2203/141 1175/2246/141
f 1165/2203/142 1153/2235/142 1175/2246/142
f 1173/2215/143 1174/2219/143 1152/2247/143
f 1173/2215/144 1164/2214/144 1174/2219/144
f 1164/2214/145 1147/2210/145 1174/2219/145
f 1171/2256/146 1172/2218/146 1151/2229/146
f 1171/2256/147 1163/2257/147 1172/2218/147
f 1163/2257/148 1146/2207/148 1172/2218/148
f 1169/2209/149 1170/2258/149 1150/2244/149
f 1169/2209/150 1161/2208/150 1170/2258/150
f 1161/2259/151 1145/2204/151 1170/2217/151
f 1167/2206/152 1168/2254/152 1149/2253/152
f 1167/2206/153 1157/2205/153 1168/2254/153
f 1157/2205/154 1144/2260/154 1168/2254/154
f 1165/2203/155 1166/2222/155 1153/2235/155
f 1165/2203/156 1158/2199/156 1166/2222/156
f 1158/2199/157 1148/2220/157 1166/2222/157
f 1159/2202/158 1164/2261/158 1148/2262/158
f 1159/2202/159 1162/2201/159 1164/2261/159
f 1162/2201/160 1147/2263/160 1164/2261/160
f 1162/2201/161 1163/2264/161 1147/2263/161
f 1162/2201/162 1160/2200/162 1163/2264/162
f 1160/2265/163 1146/2207/163 1163/2257/163
f 1160/2265/164 1161/2208/164 1146/2207/164
f 1160/2200/165 1155/2196/165 1161/2266/165
f 1155/2196/166 1145/2267/166 1161/2266/166
f 1158/2199/167 1159/2268/167 1148/2220/167
f 1158/2269/168 1156/2195/168 1159/2202/168
f 1156/2195/169 1143/2194/169 1159/2202/169
f 1155/2196/170 1157/2270/170 1145/2267/170
f 1155/2196/171 1156/2195/171 1157/2270/171
f 1156/2195/172 1144/2271/172 1157/2270/172
f 1307/2468/235 1308/2469/235 1309/2470/235
f 1308/2471/236 1307/2472/236 1312/2473/236
f 1307/2468/237 1309/2470/237 1310/2474/237
f 1307/2475/238 1310/2476/238 1311/2477/238
f 1307/2475/239 1311/2477/239 1312/2478/239
f 1308/2479/240 1312/2480/240 1317/2481/240
f 1309/2470/241 1308/2469/241 1313/2482/241
f 1310/2474/242 1309/2470/242 1314/2483/242
f 1311/2477/243 1310/2476/243 1315/2484/243
f 1312/2478/244 1311/2477/244 1316/2485/244
f 1308/2469/245 1317/2486/245 1313/2482/245
f 1309/2470/246 1313/2482/246 1314/2483/246
f 1310/2487/247 1314/2488/247 1315/2489/247
f 1311/2477/248 1315/2484/248 1316/2485/248
f 1312/2478/249 1316/2485/249 1317/2490/249
f 1313/2482/250 1317/2486/250 1318/2491/250
f 1314/2483/251 1313/2482/251 1318/2491/251
f 1315/2492/252 1314/2493/252 1318/2494/252
f 1316/2485/253 1315/2484/253 1318/2495/253
f 1317/2490/254 1316/2485/254 1318/2495/254
f 1335/2496/1 1320/2497/1 1333/2498/1
f 1341/2499/2 1332/2500/2 1339/2501/2
f 1328/2502/3 1334/2503/3 1340/2504/3
f 1324/2505/4 1326/2506/4 1321/2507/4
f 1329/2508/5 1338/2509/5 1327/2510/5
f 1319/2511/6 1320/2512/6 1321/2513/6
f 1322/2514/7 1323/2515/7 1324/2516/7
f 1325/2517/8 1326/2518/8 1327/2519/8
f 1328/2502/9 1329/2520/9 1330/2521/9
f 1331/2522/10 1332/2523/10 1333/2524/10
f 1334/2503/11 1335/2525/11 1336/2526/11
f 1337/2527/12 1338/2528/12 1339/2529/12
f 1340/2504/13 1341/2530/13 1342/2531/13
f 1319/2511/14 1326/2518/14 1325/2517/14
f 1322/2532/15 1321/2507/15 1320/2533/15
f 1328/2502/16 1324/2516/16 1323/2515/16
f 1327/2534/17 1330/2535/17 1329/2536/17
f 1325/2517/18 1338/2528/18 1337/2527/18
f 1340/2504/19 1329/2520/19 1328/2502/19
f 1339/2501/20 1342/2537/20 1341/2499/20
f 1337/2527/21 1332/2523/21 1331/2522/21
f 1334/2503/22 1341/2530/22 1340/2504/22
f 1333/2538/23 1336/2539/23 1335/2540/23
f 1331/2522/24 1320/2512/24 1319/2511/24
f 1323/2515/25 1335/2525/25 1334/2503/25
f 1337/2527/26 1319/2511/26 1325/2517/26
f 1335/2496/1 1322/2822/1 1320/2497/1
f 1341/2499/2 1336/2539/2 1332/2500/2
f 1328/2502/3 1323/2515/3 1334/2503/3
f 1324/2505/4 1330/2535/4 1326/2506/4
f 1329/2508/5 1342/2823/5 1338/2509/5
f 1319/2511/14 1321/2513/14 1326/2518/14
f 1322/2532/15 1324/2505/15 1321/2507/15
f 1328/2502/16 1330/2521/16 1324/2516/16
f 1327/2534/17 1326/2506/17 1330/2535/17
f 1325/2517/18 1327/2519/18 1338/2528/18
f 1340/2504/19 1342/2531/19 1329/2520/19
f 1339/2501/20 1338/2824/20 1342/2537/20
f 1337/2527/21 1339/2529/21 1332/2523/21
f 1334/2503/22 1336/2526/22 1341/2530/22
f 1333/2538/23 1332/2500/23 1336/2539/23
f 1331/2522/24 1333/2524/24 1320/2512/24
f 1323/2515/25 1322/2514/25 1335/2525/25
f 1337/2527/26 1331/2522/26 1319/2511/26
usemtl MMO_ember
f 1027/1986/93 1040/1987/93 1039/1988/93
f 1028/1989/94 1040/1990/94 1042/1991/94
f 1027/1986/95 1039/1988/95 1044/1992/95
f 1027/1986/96 1044/1992/96 1046/1993/96
f 1027/1986/97 1046/1993/97 1043/1994/97
f 1028/1989/98 1042/1991/98 1049/1995/98
f 1029/1996/99 1041/1997/99 1051/1998/99
f 1030/1999/100 1045/2000/100 1053/2001/100
f 1031/2002/101 1047/2003/101 1055/2004/101
f 1032/2005/102 1048/2006/102 1057/2007/102
f 1028/1989/103 1049/1995/103 1052/2008/103
f 1029/1996/104 1051/1998/104 1054/2009/104
f 1030/1999/105 1053/2001/105 1056/2010/105
f 1031/2002/106 1055/2004/106 1058/2011/106
f 1032/2012/107 1057/2013/107 1050/2014/107
f 1033/2015/108 1059/2016/108 1064/2017/108
f 1034/2018/109 1060/2019/109 1066/2020/109
f 1035/2021/110 1061/2022/110 1067/2023/110
f 1036/2024/111 1062/2025/111 1068/2026/111
f 1037/2027/112 1063/2028/112 1065/2029/112
f 1065/2030/113 1068/2026/113 1038/2031/113
f 1065/2030/114 1063/2032/114 1068/2026/114
f 1063/2032/115 1036/2024/115 1068/2026/115
f 1068/2026/116 1067/2033/116 1038/2031/116
f 1068/2026/117 1062/2025/117 1067/2033/117
f 1062/2025/118 1035/2034/118 1067/2033/118
f 1067/2033/119 1066/2020/119 1038/2031/119
f 1067/2033/120 1061/2035/120 1066/2020/120
f 1061/2022/121 1034/2036/121 1066/2037/121
f 1066/2020/122 1064/2017/122 1038/2031/122
f 1066/2020/123 1060/2019/123 1064/2017/123
f 1060/2019/124 1033/2015/124 1064/2017/124
f 1064/2017/125 1065/2030/125 1038/2031/125
f 1064/2017/126 1059/2016/126 1065/2030/126
f 1059/2038/127 1037/2027/127 1065/2029/127
f 1050/2014/128 1063/2028/128 1037/2027/128
f 1050/2014/129 1057/2013/129 1063/2028/129
f 1057/2007/130 1036/2039/130 1063/2040/130
f 1058/2011/131 1062/2041/131 1036/2039/131
f 1058/2011/132 1055/2004/132 1062/2041/132
f 1055/2004/133 1035/2042/133 1062/2041/133
f 1056/2010/134 1061/2022/134 1035/2021/134
f 1056/2010/135 1053/2001/135 1061/2022/135
f 1053/2001/136 1034/2036/136 1061/2022/136
f 1054/2009/137 1060/2043/137 1034/2044/137
f 1054/2009/138 1051/1998/138 1060/2043/138
f 1051/1998/139 1033/2045/139 1060/2043/139
f 1052/2046/140 1059/2047/140 1033/2045/140
f 1052/2008/141 1049/1995/141 1059/2038/141
f 1049/1995/142 1037/2027/142 1059/2038/142
f 1057/2007/143 1058/2011/143 1036/2039/143
f 1057/2007/144 1048/2006/144 1058/2011/144
f 1048/2006/145 1031/2002/145 1058/2011/145
f 1055/2048/146 1056/2010/146 1035/2021/146
f 1055/2048/147 1047/2049/147 1056/2010/147
f 1047/2049/148 1030/1999/148 1056/2010/148
f 1053/2001/149 1054/2050/149 1034/2036/149
f 1053/2001/150 1045/2000/150 1054/2050/150
f 1045/2051/151 1029/1996/151 1054/2009/151
f 1051/1998/152 1052/2046/152 1033/2045/152
f 1051/1998/153 1041/1997/153 1052/2046/153
f 1041/1997/154 1028/2052/154 1052/2046/154
f 1049/1995/155 1050/2014/155 1037/2027/155
f 1049/1995/156 1042/1991/156 1050/2014/156
f 1042/1991/157 1032/2012/157 1050/2014/157
f 1043/1994/158 1048/2053/158 1032/2054/158
f 1043/1994/159 1046/1993/159 1048/2053/159
f 1046/1993/160 1031/2055/160 1048/2053/160
f 1046/1993/161 1047/2056/161 1031/2055/161
f 1046/1993/162 1044/1992/162 1047/2056/162
f 1044/2057/163 1030/1999/163 1047/2049/163
f 1044/2057/164 1045/2000/164 1030/1999/164
f 1044/1992/165 1039/1988/165 1045/2058/165
f 1039/1988/166 1029/2059/166 1045/2058/166
f 1042/1991/167 1043/2060/167 1032/2012/167
f 1042/2061/168 1040/1987/168 1043/1994/168
f 1040/1987/169 1027/1986/169 1043/1994/169
f 1039/1988/170 1041/2062/170 1029/2059/170
f 1039/1988/171 1040/1987/171 1041/2062/171
f 1040/1987/172 1028/2063/172 1041/2062/172
f 1201/2298/93 1214/2299/93 1213/2300/93
f 1202/2301/94 1214/2302/94 1216/2303/94
f 1201/2298/95 1213/2300/95 1218/2304/95
f 1201/2298/96 1218/2304/96 1220/2305/96
f 1201/2298/97 1220/2305/97 1217/2306/97
f 1202/2301/98 1216/2303/98 1223/2307/98
f 1203/2308/99 1215/2309/99 1225/2310/99
f 1204/2311/100 1219/2312/100 1227/2313/100
f 1205/2314/101 1221/2315/101 1229/2316/101
f 1206/2317/102 1222/2318/102 1231/2319/102
f 1202/2301/103 1223/2307/103 1226/2320/103
f 1203/2308/104 1225/2310/104 1228/2321/104
f 1204/2311/105 1227/2313/105 1230/2322/105
f 1205/2314/106 1229/2316/106 1232/2323/106
f 1206/2324/107 1231/2325/107 1224/2326/107
f 1207/2327/108 1233/2328/108 1238/2329/108
f 1208/2330/109 1234/2331/109 1240/2332/109
f 1209/2333/110 1235/2334/110 1241/2335/110
f 1210/2336/111 1236/2337/111 1242/2338/111
f 1211/2339/112 1237/2340/112 1239/2341/112
f 1239/2342/113 1242/2338/113 1212/2343/113
f 1239/2342/114 1237/2344/114 1242/2338/114
f 1237/2344/115 1210/2336/115 1242/2338/115
f 1242/2338/116 1241/2345/116 1212/2343/116
f 1242/2338/117 1236/2337/117 1241/2345/117
f 1236/2337/118 1209/2346/118 1241/2345/118
f 1241/2345/119 1240/2332/119 1212/2343/119
f 1241/2345/120 1235/2347/120 1240/2332/120
f 1235/2334/121 1208/2348/121 1240/2349/121
f 1240/2332/122 1238/2329/122 1212/2343/122
f 1240/2332/123 1234/2331/123 1238/2329/123
f 1234/2331/124 1207/2327/124 1238/2329/124
f 1238/2329/125 1239/2342/125 1212/2343/125
f 1238/2329/126 1233/2328/126 1239/2342/126
f 1233/2350/127 1211/2339/127 1239/2341/127
f 1224/2326/128 1237/2340/128 1211/2339/128
f 1224/2326/129 1231/2325/129 1237/2340/129
f 1231/2319/130 1210/2351/130 1237/2352/130
f 1232/2323/131 1236/2353/131 1210/2351/131
f 1232/2323/132 1229/2316/132 1236/2353/132
f 1229/2316/133 1209/2354/133 1236/2353/133
f 1230/2322/134 1235/2334/134 1209/2333/134
f 1230/2322/135 1227/2313/135 1235/2334/135
f 1227/2313/136 1208/2348/136 1235/2334/136
f 1228/2321/137 1234/2355/137 1208/2356/137
f 1228/2321/138 1225/2310/138 1234/2355/138
f 1225/2310/139 1207/2357/139 1234/2355/139
f 1226/2358/140 1233/2359/140 1207/2357/140
f 1226/2320/141 1223/2307/141 1233/2350/141
f 1223/2307/142 1211/2339/142 1233/2350/142
f 1231/2319/143 1232/2323/143 1210/2351/143
f 1231/2319/144 1222/2318/144 1232/2323/144
f 1222/2318/145 1205/2314/145 1232/2323/145
f 1229/2360/146 1230/2322/146 1209/2333/146
f 1229/2360/147 1221/2361/147 1230/2322/147
f 1221/2361/148 1204/2311/148 1230/2322/148
f 1227/2313/149 1228/2362/149 1208/2348/149
f 1227/2313/150 1219/2312/150 1228/2362/150
f 1219/2363/151 1203/2308/151 1228/2321/151
f 1225/2310/152 1226/2358/152 1207/2357/152
f 1225/2310/153 1215/2309/153 1226/2358/153
f 1215/2309/154 1202/2364/154 1226/2358/154
f 1223/2307/155 1224/2326/155 1211/2339/155
f 1223/2307/156 1216/2303/156 1224/2326/156
f 1216/2303/157 1206/2324/157 1224/2326/157
f 1217/2306/158 1222/2365/158 1206/2366/158
f 1217/2306/159 1220/2305/159 1222/2365/159
f 1220/2305/160 1205/2367/160 1222/2365/160
f 1220/2305/161 1221/2368/161 1205/2367/161
f 1220/2305/162 1218/2304/162 1221/2368/162
f 1218/2369/163 1204/2311/163 1221/2361/163
f 1218/2369/164 1219/2312/164 1204/2311/164
f 1218/2304/165 1213/2300/165 1219/2370/165
f 1213/2300/166 1203/2371/166 1219/2370/166
f 1216/2303/167 1217/2372/167 1206/2324/167
f 1216/2373/168 1214/2299/168 1217/2306/168
f 1214/2299/169 1201/2298/169 1217/2306/169
f 1213/2300/170 1215/2374/170 1203/2371/170
f 1213/2300/171 1214/2299/171 1215/2374/171
f 1214/2299/172 1202/2375/172 1215/2374/172
