# Blender 4.0.2
# www.blender.org
mtllib cauldron.mtl
o cauldron
v 0.213545 -0.264386 0.000000
v 0.206268 -0.264386 -0.058102
v 0.184935 -0.264386 -0.112245
v 0.150999 -0.264386 -0.158738
v 0.106772 -0.264386 -0.194414
v 0.055269 -0.264386 -0.216840
v 0.000000 -0.264386 -0.224490
v -0.055269 -0.264386 -0.216840
v -0.106772 -0.264386 -0.194414
v -0.150999 -0.264386 -0.158738
v -0.184935 -0.264386 -0.112245
v -0.206268 -0.264386 -0.058102
v -0.213545 -0.264386 0.000000
v -0.206268 -0.264386 0.058102
v -0.184935 -0.264386 0.112245
v -0.150999 -0.264386 0.158738
v -0.106772 -0.264386 0.194414
v -0.055269 -0.264386 0.216840
v 0.000000 -0.264386 0.224490
v 0.055269 -0.264386 0.216840
v 0.106772 -0.264386 0.194414
v 0.150999 -0.264386 0.158738
v 0.184935 -0.264386 0.112245
v 0.206268 -0.264386 0.058102
v 0.388263 -0.199671 0.000000
v 0.375033 -0.199671 -0.105640
v 0.336246 -0.199671 -0.204082
v 0.274543 -0.199671 -0.288615
v 0.194131 -0.199671 -0.353480
v 0.100490 -0.199671 -0.394255
v 0.000000 -0.199671 -0.408163
v -0.100490 -0.199671 -0.394255
v -0.194131 -0.199671 -0.353480
v -0.274543 -0.199671 -0.288615
v -0.336246 -0.199671 -0.204082
v -0.375033 -0.199671 -0.105640
v -0.388263 -0.199671 -0.000000
v -0.375033 -0.199671 0.105640
v -0.336246 -0.199671 0.204082
v -0.274543 -0.199671 0.288615
v -0.194131 -0.199671 0.353480
v -0.100490 -0.199671 0.394255
v -0.000000 -0.199671 0.408163
v 0.100490 -0.199671 0.394255
v 0.194131 -0.199671 0.353480
v 0.274543 -0.199671 0.288615
v 0.336246 -0.199671 0.204082
v 0.375033 -0.199671 0.105640
v 0.475622 0.037617 0.000000
v 0.459416 0.037617 -0.129410
v 0.411901 0.037617 -0.250000
v 0.336316 0.037617 -0.353553
v 0.237811 0.037617 -0.433013
v 0.123100 0.037617 -0.482963
v 0.000000 0.037617 -0.500000
v -0.123100 0.037617 -0.482963
v -0.237811 0.037617 -0.433013
v -0.336316 0.037617 -0.353553
v -0.411901 0.037617 -0.250000
v -0.459416 0.037617 -0.129410
v -0.475622 0.037617 -0.000000
v -0.459416 0.037617 0.129410
v -0.411901 0.037617 0.250000
v -0.336316 0.037617 0.353553
v -0.237811 0.037617 0.433013
v -0.123100 0.037617 0.482963
v -0.000000 0.037617 0.500000
v 0.123100 0.037617 0.482963
v 0.237811 0.037617 0.433013
v 0.336316 0.037617 0.353553
v 0.411901 0.037617 0.250000
v 0.459416 0.037617 0.129410
v 0.446502 0.274905 0.000000
v 0.431288 0.274905 -0.121486
v 0.386682 0.274905 -0.234694
v 0.315725 0.274905 -0.331907
v 0.223251 0.274905 -0.406502
v 0.115563 0.274905 -0.453394
v 0.000000 0.274905 -0.469388
v -0.115563 0.274905 -0.453394
v -0.223251 0.274905 -0.406502
v -0.315725 0.274905 -0.331907
v -0.386682 0.274905 -0.234694
v -0.431288 0.274905 -0.121486
v -0.446502 0.274905 -0.000000
v -0.431288 0.274905 0.121486
v -0.386682 0.274905 0.234694
v -0.315725 0.274905 0.331907
v -0.223251 0.274905 0.406502
v -0.115563 0.274905 0.453394
v -0.000000 0.274905 0.469388
v 0.115563 0.274905 0.453394
v 0.223251 0.274905 0.406502
v 0.315725 0.274905 0.331907
v 0.386682 0.274905 0.234694
v 0.431288 0.274905 0.121486
v 0.388263 0.371978 0.000000
v 0.375033 0.371978 -0.105640
v 0.336246 0.371978 -0.204082
v 0.274543 0.371978 -0.288615
v 0.194131 0.371978 -0.353480
v 0.100490 0.371978 -0.394255
v 0.000000 0.371978 -0.408163
v -0.100490 0.371978 -0.394255
v -0.194131 0.371978 -0.353480
v -0.274543 0.371978 -0.288615
v -0.336246 0.371978 -0.204082
v -0.375033 0.371978 -0.105640
v -0.388263 0.371978 -0.000000
v -0.375033 0.371978 0.105640
v -0.336246 0.371978 0.204082
v -0.274543 0.371978 0.288615
v -0.194131 0.371978 0.353480
v -0.100490 0.371978 0.394255
v -0.000000 0.371978 0.408163
v 0.100490 0.371978 0.394255
v 0.194131 0.371978 0.353480
v 0.274543 0.371978 0.288615
v 0.336246 0.371978 0.204082
v 0.375033 0.371978 0.105640
v 0.339730 0.371978 0.000000
v 0.328154 0.371978 -0.092435
v 0.294215 0.371978 -0.178571
v 0.240225 0.371978 -0.252538
v 0.169865 0.371978 -0.309295
v 0.087929 0.371978 -0.344974
v 0.000000 0.371978 -0.357143
v -0.087929 0.371978 -0.344974
v -0.169865 0.371978 -0.309295
v -0.240225 0.371978 -0.252538
v -0.294215 0.371978 -0.178571
v -0.328154 0.371978 -0.092435
v -0.339730 0.371978 -0.000000
v -0.328154 0.371978 0.092435
v -0.294215 0.371978 0.178571
v -0.240225 0.371978 0.252538
v -0.169865 0.371978 0.309295
v -0.087929 0.371978 0.344974
v -0.000000 0.371978 0.357143
v 0.087929 0.371978 0.344974
v 0.169865 0.371978 0.309295
v 0.240225 0.371978 0.252538
v 0.294215 0.371978 0.178571
v 0.328154 0.371978 0.092435
v 0.388263 0.274905 0.000000
v 0.375033 0.274905 -0.105640
v 0.336246 0.274905 -0.204082
v 0.274543 0.274905 -0.288615
v 0.194131 0.274905 -0.353480
v 0.100490 0.274905 -0.394255
v 0.000000 0.274905 -0.408163
v -0.100490 0.274905 -0.394255
v -0.194131 0.274905 -0.353480
v -0.274543 0.274905 -0.288615
v -0.336246 0.274905 -0.204082
v -0.375033 0.274905 -0.105640
v -0.388263 0.274905 -0.000000
v -0.375033 0.274905 0.105640
v -0.336246 0.274905 0.204082
v -0.274543 0.274905 0.288615
v -0.194131 0.274905 0.353480
v -0.100490 0.274905 0.394255
v -0.000000 0.274905 0.408163
v 0.100490 0.274905 0.394255
v 0.194131 0.274905 0.353480
v 0.274543 0.274905 0.288615
v 0.336246 0.274905 0.204082
v 0.375033 0.274905 0.105640
v 0.407676 0.037617 0.000000
v 0.393785 0.037617 -0.110922
v 0.353058 0.037617 -0.214286
v 0.288271 0.037617 -0.303046
v 0.203838 0.037617 -0.371154
v 0.105514 0.037617 -0.413968
v 0.000000 0.037617 -0.428571
v -0.105514 0.037617 -0.413968
v -0.203838 0.037617 -0.371154
v -0.288271 0.037617 -0.303046
v -0.353058 0.037617 -0.214286
v -0.393785 0.037617 -0.110922
v -0.407676 0.037617 -0.000000
v -0.393785 0.037617 0.110922
v -0.353058 0.037617 0.214286
v -0.288271 0.037617 0.303046
v -0.203838 0.037617 0.371154
v -0.105514 0.037617 0.413968
v -0.000000 0.037617 0.428571
v 0.105514 0.037617 0.413968
v 0.203838 0.037617 0.371154
v 0.288271 0.037617 0.303046
v 0.353058 0.037617 0.214286
v 0.393785 0.037617 0.110922
v 0.252371 -0.178099 0.000000
v 0.243772 -0.178099 -0.068666
v 0.218560 -0.178099 -0.132653
v 0.178453 -0.178099 -0.187600
v 0.126185 -0.178099 -0.229762
v 0.065318 -0.178099 -0.256266
v 0.000000 -0.178099 -0.265306
v -0.065318 -0.178099 -0.256266
v -0.126185 -0.178099 -0.229762
v -0.178453 -0.178099 -0.187600
v -0.218560 -0.178099 -0.132653
v -0.243772 -0.178099 -0.068666
v -0.252371 -0.178099 -0.000000
v -0.243772 -0.178099 0.068666
v -0.218560 -0.178099 0.132653
v -0.178453 -0.178099 0.187600
v -0.126185 -0.178099 0.229762
v -0.065318 -0.178099 0.256266
v 0.000000 -0.178099 0.265306
v 0.065318 -0.178099 0.256266
v 0.126185 -0.178099 0.229762
v 0.178453 -0.178099 0.187600
v 0.218560 -0.178099 0.132653
v 0.243772 -0.178099 0.068666
v 0.397970 0.371978 0.000000
v 0.383410 0.400000 0.000000
v 0.354290 0.400000 0.000000
v 0.339730 0.371978 0.000000
v 0.354290 0.343955 0.000000
v 0.383410 0.343955 0.000000
v 0.378492 0.371978 -0.129283
v 0.364644 0.400000 -0.124553
v 0.336950 0.400000 -0.115093
v 0.323103 0.371978 -0.110363
v 0.336950 0.343955 -0.115093
v 0.364644 0.343955 -0.124553
v 0.321964 0.371978 -0.245910
v 0.310185 0.400000 -0.236913
v 0.286627 0.400000 -0.218920
v 0.274847 0.371978 -0.209923
v 0.286627 0.343955 -0.218920
v 0.310185 0.343955 -0.236913
v 0.233921 0.371978 -0.338466
v 0.225362 0.400000 -0.326083
v 0.208246 0.400000 -0.301318
v 0.199688 0.371978 -0.288935
v 0.208246 0.343955 -0.301318
v 0.225362 0.343955 -0.326083
v 0.122979 0.371978 -0.397891
v 0.118480 0.400000 -0.383334
v 0.109482 0.400000 -0.354220
v 0.104982 0.371978 -0.339663
v 0.109482 0.343955 -0.354220
v 0.118480 0.343955 -0.383334
v 0.000000 0.371978 -0.418367
v 0.000000 0.400000 -0.403061
v 0.000000 0.400000 -0.372449
v 0.000000 0.371978 -0.357143
v 0.000000 0.343955 -0.372449
v 0.000000 0.343955 -0.403061
v -0.122979 0.371978 -0.397891
v -0.118480 0.400000 -0.383334
v -0.109482 0.400000 -0.354220
v -0.104982 0.371978 -0.339663
v -0.109482 0.343955 -0.354220
v -0.118480 0.343955 -0.383334
v -0.233921 0.371978 -0.338466
v -0.225363 0.400000 -0.326083
v -0.208246 0.400000 -0.301318
v -0.199688 0.371978 -0.288935
v -0.208246 0.343955 -0.301318
v -0.225363 0.343955 -0.326083
v -0.321964 0.371978 -0.245910
v -0.310185 0.400000 -0.236913
v -0.286627 0.400000 -0.218920
v -0.274847 0.371978 -0.209923
v -0.286627 0.343955 -0.218920
v -0.310185 0.343955 -0.236913
v -0.378491 0.371978 -0.129283
v -0.364644 0.400000 -0.124553
v -0.336950 0.400000 -0.115093
v -0.323103 0.371978 -0.110363
v -0.336950 0.343955 -0.115093
v -0.364644 0.343955 -0.124553
v -0.397970 0.371978 -0.000000
v -0.383410 0.400000 -0.000000
v -0.354290 0.400000 -0.000000
v -0.339730 0.371978 -0.000000
v -0.354290 0.343955 -0.000000
v -0.383410 0.343955 -0.000000
v -0.378492 0.371978 0.129282
v -0.364644 0.400000 0.124553
v -0.336950 0.400000 0.115093
v -0.323103 0.371978 0.110363
v -0.336950 0.343955 0.115093
v -0.364644 0.343955 0.124553
v -0.321964 0.371978 0.245910
v -0.310185 0.400000 0.236913
v -0.286627 0.400000 0.218920
v -0.274847 0.371978 0.209923
v -0.286627 0.343955 0.218920
v -0.310185 0.343955 0.236913
v -0.233921 0.371978 0.338466
v -0.225363 0.400000 0.326083
v -0.208246 0.400000 0.301318
v -0.199688 0.371978 0.288935
v -0.208246 0.343955 0.301318
v -0.225363 0.343955 0.326083
v -0.122979 0.371978 0.397891
v -0.118480 0.400000 0.383334
v -0.109482 0.400000 0.354220
v -0.104982 0.371978 0.339663
v -0.109482 0.343955 0.354220
v -0.118480 0.343955 0.383334
v 0.000000 0.371978 0.418367
v 0.000000 0.400000 0.403061
v 0.000000 0.400000 0.372449
v 0.000000 0.371978 0.357143
v 0.000000 0.343955 0.372449
v 0.000000 0.343955 0.403061
v 0.122979 0.371978 0.397891
v 0.118480 0.400000 0.383334
v 0.109482 0.400000 0.354220
v 0.104982 0.371978 0.339663
v 0.109482 0.343955 0.354220
v 0.118480 0.343955 0.383334
v 0.233920 0.371978 0.338466
v 0.225362 0.400000 0.326084
v 0.208246 0.400000 0.301318
v 0.199688 0.371978 0.288935
v 0.208246 0.343955 0.301318
v 0.225362 0.343955 0.326084
v 0.321964 0.371978 0.245910
v 0.310185 0.400000 0.236914
v 0.286626 0.400000 0.218920
v 0.274847 0.371978 0.209923
v 0.286626 0.343955 0.218920
v 0.310185 0.343955 0.236914
v 0.378491 0.371978 0.129283
v 0.364644 0.400000 0.124553
v 0.336950 0.400000 0.115093
v 0.323103 0.371978 0.110363
v 0.336950 0.343955 0.115093
v 0.364644 0.343955 0.124553
v -0.475622 -0.026019 0.000000
v -0.451244 -0.010380 0.000000
v -0.451244 0.020899 0.000000
v -0.475622 0.036539 0.000000
v -0.500000 0.020899 0.000000
v -0.500000 -0.010380 0.000000
v -0.475622 -0.017098 -0.053290
v -0.451244 -0.002224 -0.048717
v -0.451244 0.027524 -0.039573
v -0.475622 0.042398 -0.035001
v -0.500000 0.027524 -0.039573
v -0.500000 -0.002224 -0.048717
v -0.475622 0.008793 -0.101363
v -0.451244 0.021446 -0.092666
v -0.451244 0.046751 -0.075272
v -0.475622 0.059404 -0.066576
v -0.500000 0.046751 -0.075272
v -0.500000 0.021446 -0.092666
v -0.475622 0.049120 -0.139514
v -0.451244 0.058312 -0.127544
v -0.451244 0.076697 -0.103604
v -0.475622 0.085890 -0.091634
v -0.500000 0.076697 -0.103604
v -0.500000 0.058312 -0.127544
v -0.475622 0.099933 -0.164009
v -0.451244 0.104766 -0.149937
v -0.451244 0.114432 -0.121793
v -0.475622 0.119265 -0.107722
v -0.500000 0.114432 -0.121793
v -0.500000 0.104766 -0.149937
v -0.475622 0.156261 -0.172449
v -0.451244 0.156261 -0.157653
v -0.451244 0.156261 -0.128061
v -0.475622 0.156261 -0.113265
v -0.500000 0.156261 -0.128061
v -0.500000 0.156261 -0.157653
v -0.475622 0.212589 -0.164009
v -0.451244 0.207756 -0.149937
v -0.451244 0.198090 -0.121793
v -0.475622 0.193258 -0.107722
v -0.500000 0.198090 -0.121793
v -0.500000 0.207756 -0.149937
v -0.475622 0.263403 -0.139514
v -0.451244 0.254210 -0.127544
v -0.451244 0.235825 -0.103604
v -0.475622 0.226632 -0.091634
v -0.500000 0.235825 -0.103604
v -0.500000 0.254210 -0.127544
v -0.475622 0.303729 -0.101363
v -0.451244 0.291077 -0.092666
v -0.451244 0.265771 -0.075272
v -0.475622 0.253119 -0.066576
v -0.500000 0.265771 -0.075272
v -0.500000 0.291077 -0.092666
v -0.475622 0.329620 -0.053290
v -0.451244 0.314746 -0.048717
v -0.451244 0.284998 -0.039573
v -0.475622 0.270124 -0.035001
v -0.500000 0.284998 -0.039573
v -0.500000 0.314746 -0.048717
v -0.475622 0.338542 -0.000000
v -0.451244 0.322902 -0.000000
v -0.451244 0.291623 -0.000000
v -0.475622 0.275984 -0.000000
v -0.500000 0.291623 -0.000000
v -0.500000 0.322902 -0.000000
v -0.475622 0.329620 0.053290
v -0.451244 0.314746 0.048717
v -0.451244 0.284998 0.039573
v -0.475622 0.270124 0.035001
v -0.500000 0.284998 0.039573
v -0.500000 0.314746 0.048717
v -0.475622 0.303729 0.101363
v -0.451244 0.291077 0.092666
v -0.451244 0.265771 0.075272
v -0.475622 0.253119 0.066576
v -0.500000 0.265771 0.075272
v -0.500000 0.291077 0.092666
v -0.475622 0.263403 0.139514
v -0.451244 0.254210 0.127544
v -0.451244 0.235825 0.103604
v -0.475622 0.226632 0.091634
v -0.500000 0.235825 0.103604
v -0.500000 0.254210 0.127544
v -0.475622 0.212589 0.164009
v -0.451244 0.207756 0.149937
v -0.451244 0.198090 0.121793
v -0.475622 0.193258 0.107722
v -0.500000 0.198090 0.121793
v -0.500000 0.207756 0.149937
v -0.475622 0.156261 0.172449
v -0.451244 0.156261 0.157653
v -0.451244 0.156261 0.128061
v -0.475622 0.156261 0.113265
v -0.500000 0.156261 0.128061
v -0.500000 0.156261 0.157653
v -0.475622 0.099933 0.164009
v -0.451244 0.104766 0.149937
v -0.451244 0.114432 0.121793
v -0.475622 0.119265 0.107722
v -0.500000 0.114432 0.121793
v -0.500000 0.104766 0.149937
v -0.475622 0.049120 0.139514
v -0.451244 0.058312 0.127544
v -0.451244 0.076697 0.103604
v -0.475622 0.085890 0.091634
v -0.500000 0.076697 0.103604
v -0.500000 0.058312 0.127544
v -0.475622 0.008793 0.101363
v -0.451244 0.021446 0.092666
v -0.451244 0.046751 0.075273
v -0.475622 0.059404 0.066576
v -0.500000 0.046751 0.075273
v -0.500000 0.021446 0.092666
v -0.475622 -0.017098 0.053290
v -0.451244 -0.002224 0.048718
v -0.451244 0.027524 0.039573
v -0.475622 0.042398 0.035001
v -0.500000 0.027524 0.039573
v -0.500000 -0.002224 0.048718
v 0.475622 -0.026019 0.000000
v 0.500000 -0.010380 0.000000
v 0.500000 0.020899 0.000000
v 0.475622 0.036539 0.000000
v 0.451244 0.020899 0.000000
v 0.451244 -0.010380 0.000000
v 0.475622 -0.017098 -0.053290
v 0.500000 -0.002224 -0.048717
v 0.500000 0.027524 -0.039573
v 0.475622 0.042398 -0.035001
v 0.451244 0.027524 -0.039573
v 0.451244 -0.002224 -0.048717
v 0.475622 0.008793 -0.101363
v 0.500000 0.021446 -0.092666
v 0.500000 0.046751 -0.075272
v 0.475622 0.059404 -0.066576
v 0.451244 0.046751 -0.075272
v 0.451244 0.021446 -0.092666
v 0.475622 0.049120 -0.139514
v 0.500000 0.058312 -0.127544
v 0.500000 0.076697 -0.103604
v 0.475622 0.085890 -0.091634
v 0.451244 0.076697 -0.103604
v 0.451244 0.058312 -0.127544
v 0.475622 0.099933 -0.164009
v 0.500000 0.104766 -0.149937
v 0.500000 0.114432 -0.121793
v 0.475622 0.119265 -0.107722
v 0.451244 0.114432 -0.121793
v 0.451244 0.104766 -0.149937
v 0.475622 0.156261 -0.172449
v 0.500000 0.156261 -0.157653
v 0.500000 0.156261 -0.128061
v 0.475622 0.156261 -0.113265
v 0.451244 0.156261 -0.128061
v 0.451244 0.156261 -0.157653
v 0.475622 0.212589 -0.164009
v 0.500000 0.207756 -0.149937
v 0.500000 0.198090 -0.121793
v 0.475622 0.193258 -0.107722
v 0.451244 0.198090 -0.121793
v 0.451244 0.207756 -0.149937
v 0.475622 0.263403 -0.139514
v 0.500000 0.254210 -0.127544
v 0.500000 0.235825 -0.103604
v 0.475622 0.226632 -0.091634
v 0.451244 0.235825 -0.103604
v 0.451244 0.254210 -0.127544
v 0.475622 0.303729 -0.101363
v 0.500000 0.291077 -0.092666
v 0.500000 0.265771 -0.075272
v 0.475622 0.253119 -0.066576
v 0.451244 0.265771 -0.075272
v 0.451244 0.291077 -0.092666
v 0.475622 0.329620 -0.053290
v 0.500000 0.314746 -0.048717
v 0.500000 0.284998 -0.039573
v 0.475622 0.270124 -0.035001
v 0.451244 0.284998 -0.039573
v 0.451244 0.314746 -0.048717
v 0.475622 0.338542 -0.000000
v 0.500000 0.322902 -0.000000
v 0.500000 0.291623 -0.000000
v 0.475622 0.275984 -0.000000
v 0.451244 0.291623 -0.000000
v 0.451244 0.322902 -0.000000
v 0.475622 0.329620 0.053290
v 0.500000 0.314746 0.048717
v 0.500000 0.284998 0.039573
v 0.475622 0.270124 0.035001
v 0.451244 0.284998 0.039573
v 0.451244 0.314746 0.048717
v 0.475622 0.303729 0.101363
v 0.500000 0.291077 0.092666
v 0.500000 0.265771 0.075272
v 0.475622 0.253119 0.066576
v 0.451244 0.265771 0.075272
v 0.451244 0.291077 0.092666
v 0.475622 0.263403 0.139514
v 0.500000 0.254210 0.127544
v 0.500000 0.235825 0.103604
v 0.475622 0.226632 0.091634
v 0.451244 0.235825 0.103604
v 0.451244 0.254210 0.127544
v 0.475622 0.212589 0.164009
v 0.500000 0.207756 0.149937
v 0.500000 0.198090 0.121793
v 0.475622 0.193258 0.107722
v 0.451244 0.198090 0.121793
v 0.451244 0.207756 0.149937
v 0.475622 0.156261 0.172449
v 0.500000 0.156261 0.157653
v 0.500000 0.156261 0.128061
v 0.475622 0.156261 0.113265
v 0.451244 0.156261 0.128061
v 0.451244 0.156261 0.157653
v 0.475622 0.099933 0.164009
v 0.500000 0.104766 0.149937
v 0.500000 0.114432 0.121793
v 0.475622 0.119265 0.107722
v 0.451244 0.114432 0.121793
v 0.451244 0.104766 0.149937
v 0.475622 0.049120 0.139514
v 0.500000 0.058312 0.127544
v 0.500000 0.076697 0.103604
v 0.475622 0.085890 0.091634
v 0.451244 0.076697 0.103604
v 0.451244 0.058312 0.127544
v 0.475622 0.008793 0.101363
v 0.500000 0.021446 0.092666
v 0.500000 0.046751 0.075273
v 0.475622 0.059404 0.066576
v 0.451244 0.046751 0.075273
v 0.451244 0.021446 0.092666
v 0.475622 -0.017098 0.053290
v 0.500000 -0.002224 0.048718
v 0.500000 0.027524 0.039573
v 0.475622 0.042398 0.035001
v 0.451244 0.027524 0.039573
v 0.451244 -0.002224 0.048718
v 0.289846 -0.161129 -0.000000
v 0.377206 -0.344488 0.000000
v 0.276027 -0.169259 -0.039685
v 0.363386 -0.352617 -0.039685
v 0.242664 -0.188885 -0.056122
v 0.330024 -0.372244 -0.056122
v 0.209302 -0.208512 -0.039685
v 0.296661 -0.391870 -0.039685
v 0.195482 -0.216641 -0.000000
v 0.282842 -0.400000 0.000000
v 0.209302 -0.208512 0.039685
v 0.296661 -0.391870 0.039685
v 0.242664 -0.188885 0.056122
v 0.330024 -0.372244 0.056122
v 0.276027 -0.169259 0.039685
v 0.363386 -0.352617 0.039685
v -0.144923 -0.161129 -0.263880
v -0.188603 -0.344488 -0.343413
v -0.170706 -0.169259 -0.231456
v -0.214385 -0.352617 -0.310989
v -0.167566 -0.188885 -0.192864
v -0.211246 -0.372244 -0.272397
v -0.137343 -0.208512 -0.170709
v -0.181023 -0.391870 -0.250242
v -0.097741 -0.216641 -0.177970
v -0.141421 -0.400000 -0.257503
v -0.071959 -0.208512 -0.210393
v -0.115638 -0.391870 -0.289926
v -0.075098 -0.188885 -0.248986
v -0.118778 -0.372244 -0.328519
v -0.105321 -0.169259 -0.271141
v -0.149001 -0.352617 -0.350674
v -0.144923 -0.161129 0.263880
v -0.188603 -0.344488 0.343413
v -0.105321 -0.169259 0.271141
v -0.149001 -0.352617 0.350674
v -0.075098 -0.188885 0.248986
v -0.118778 -0.372244 0.328519
v -0.071959 -0.208512 0.210393
v -0.115638 -0.391870 0.289926
v -0.097741 -0.216641 0.177970
v -0.141421 -0.400000 0.257503
v -0.137343 -0.208512 0.170709
v -0.181023 -0.391870 0.250242
v -0.167566 -0.188885 0.192864
v -0.211246 -0.372244 0.272397
v -0.170706 -0.169259 0.231456
v -0.214385 -0.352617 0.310989
v 0.000000 0.234458 -0.367347
v 0.000000 0.250637 -0.367347
v 0.090441 0.234458 -0.354830
v 0.090441 0.250637 -0.354830
v 0.174718 0.234458 -0.318132
v 0.174718 0.250637 -0.318132
v 0.247089 0.234458 -0.259753
v 0.247089 0.250637 -0.259753
v 0.302621 0.234458 -0.183673
v 0.302621 0.250637 -0.183673
v 0.337530 0.234458 -0.095076
v 0.337530 0.250637 -0.095076
v 0.349437 0.234458 0.000000
v 0.349437 0.250637 0.000000
v 0.337530 0.234458 0.095076
v 0.337530 0.250637 0.095076
v 0.302621 0.234458 0.183673
v 0.302621 0.250637 0.183673
v 0.247089 0.234458 0.259753
v 0.247089 0.250637 0.259753
v 0.174718 0.234458 0.318132
v 0.174718 0.250637 0.318132
v 0.090441 0.234458 0.354830
v 0.090441 0.250637 0.354830
v 0.000000 0.234458 0.367347
v 0.000000 0.250637 0.367347
v -0.090441 0.234458 0.354830
v -0.090441 0.250637 0.354830
v -0.174718 0.234458 0.318132
v -0.174718 0.250637 0.318132
v -0.247089 0.234458 0.259753
v -0.247089 0.250637 0.259753
v -0.302621 0.234458 0.183673
v -0.302621 0.250637 0.183673
v -0.337530 0.234458 0.095076
v -0.337530 0.250637 0.095076
v -0.349437 0.234458 0.000000
v -0.349437 0.250637 0.000000
v -0.337530 0.234458 -0.095076
v -0.337530 0.250637 -0.095076
v -0.302621 0.234458 -0.183673
v -0.302621 0.250637 -0.183673
v -0.247089 0.234458 -0.259753
v -0.247089 0.250637 -0.259753
v -0.174718 0.234458 -0.318132
v -0.174718 0.250637 -0.318132
v -0.090441 0.234458 -0.354830
v -0.090441 0.250637 -0.354830
v -0.135892 0.236076 -0.061224
v -0.107797 0.251578 -0.039766
v -0.146623 0.251578 -0.026504
v -0.170619 0.251578 -0.061224
v -0.146623 0.251578 -0.095945
v -0.107797 0.251578 -0.082683
v -0.125161 0.276661 -0.026504
v -0.163987 0.276661 -0.039766
v -0.163987 0.276661 -0.082683
v -0.125161 0.276661 -0.095945
v -0.101165 0.276661 -0.061224
v -0.135892 0.292163 -0.061224
v -0.142200 0.240264 -0.040817
v -0.119378 0.240264 -0.048612
v -0.125686 0.249376 -0.028204
v -0.102865 0.249376 -0.061224
v -0.119378 0.240264 -0.073837
v -0.156304 0.240264 -0.061224
v -0.162612 0.249376 -0.040816
v -0.142200 0.240264 -0.081632
v -0.162612 0.249376 -0.081633
v -0.125686 0.249376 -0.094245
v -0.098966 0.264119 -0.048612
v -0.098966 0.264119 -0.073837
v -0.135892 0.264119 -0.020408
v -0.113071 0.264119 -0.028203
v -0.172818 0.264119 -0.048612
v -0.158714 0.264119 -0.028203
v -0.158714 0.264119 -0.094246
v -0.172818 0.264119 -0.073837
v -0.113071 0.264119 -0.094246
v -0.135892 0.264119 -0.102041
v -0.109172 0.278863 -0.040816
v -0.146098 0.278863 -0.028204
v -0.168920 0.278863 -0.061224
v -0.146098 0.278863 -0.094245
v -0.109172 0.278863 -0.081633
v -0.129585 0.287974 -0.040817
v -0.115480 0.287974 -0.061224
v -0.152406 0.287974 -0.048612
v -0.152406 0.287974 -0.073837
v -0.129585 0.287974 -0.081632
v 0.000000 0.236076 -0.061224
v 0.028095 0.251578 -0.039766
v -0.010731 0.251578 -0.026504
v -0.034727 0.251578 -0.061224
v -0.010731 0.251578 -0.095945
v 0.028095 0.251578 -0.082683
v 0.010731 0.276661 -0.026504
v -0.028095 0.276661 -0.039766
v -0.028095 0.276661 -0.082683
v 0.010731 0.276661 -0.095945
v 0.034727 0.276661 -0.061224
v 0.000000 0.292163 -0.061224
v -0.006308 0.240264 -0.040817
v 0.016514 0.240264 -0.048612
v 0.010206 0.249376 -0.028204
v 0.033028 0.249376 -0.061224
v 0.016514 0.240264 -0.073837
v -0.020412 0.240264 -0.061224
v -0.026720 0.249376 -0.040816
v -0.006308 0.240264 -0.081632
v -0.026720 0.249376 -0.081633
v 0.010206 0.249376 -0.094245
v 0.036926 0.264119 -0.048612
v 0.036926 0.264119 -0.073837
v 0.000000 0.264119 -0.020408
v 0.022822 0.264119 -0.028203
v -0.036926 0.264119 -0.048612
v -0.022822 0.264119 -0.028203
v -0.022822 0.264119 -0.094246
v -0.036926 0.264119 -0.073837
v 0.022822 0.264119 -0.094246
v 0.000000 0.264119 -0.102041
v 0.026720 0.278863 -0.040816
v -0.010206 0.278863 -0.028204
v -0.033028 0.278863 -0.061224
v -0.010206 0.278863 -0.094245
v 0.026720 0.278863 -0.081633
v 0.006308 0.287974 -0.040817
v 0.020412 0.287974 -0.061224
v -0.016514 0.287974 -0.048612
v -0.016514 0.287974 -0.073837
v 0.006308 0.287974 -0.081632
v 0.135892 0.236076 -0.061224
v 0.163987 0.251578 -0.039766
v 0.125161 0.251578 -0.026504
v 0.101165 0.251578 -0.061224
v 0.125161 0.251578 -0.095945
v 0.163987 0.251578 -0.082683
v 0.146623 0.276661 -0.026504
v 0.107797 0.276661 -0.039766
v 0.107797 0.276661 -0.082683
v 0.146623 0.276661 -0.095945
v 0.170619 0.276661 -0.061224
v 0.135892 0.292163 -0.061224
v 0.129585 0.240264 -0.040817
v 0.152406 0.240264 -0.048612
v 0.146098 0.249376 -0.028204
v 0.168920 0.249376 -0.061224
v 0.152406 0.240264 -0.073837
v 0.115480 0.240264 -0.061224
v 0.109172 0.249376 -0.040816
v 0.129585 0.240264 -0.081632
v 0.109172 0.249376 -0.081633
v 0.146098 0.249376 -0.094245
v 0.172818 0.264119 -0.048612
v 0.172818 0.264119 -0.073837
v 0.135892 0.264119 -0.020408
v 0.158714 0.264119 -0.028203
v 0.098966 0.264119 -0.048612
v 0.113071 0.264119 -0.028203
v 0.113071 0.264119 -0.094246
v 0.098966 0.264119 -0.073837
v 0.158714 0.264119 -0.094246
v 0.135892 0.264119 -0.102041
v 0.162612 0.278863 -0.040816
v 0.125686 0.278863 -0.028204
v 0.102865 0.278863 -0.061224
v 0.125686 0.278863 -0.094245
v 0.162612 0.278863 -0.081633
v 0.142200 0.287974 -0.040817
v 0.156304 0.287974 -0.061224
v 0.119378 0.287974 -0.048612
v 0.119378 0.287974 -0.073837
v 0.142200 0.287974 -0.081632
vn -0.0000 -1.0000 -0.0000
vn 0.1837 -0.9819 -0.0465
vn 0.7236 -0.6902 -0.0000
vn 0.1899 -0.9818 -0.0000
vn 0.1652 -0.9821 -0.0901
vn 0.7005 -0.6909 -0.1788
vn 0.1355 -0.9825 -0.1280
vn 0.6321 -0.6926 -0.3475
vn 0.0963 -0.9828 -0.1576
vn 0.5207 -0.6950 -0.4958
vn 0.0500 -0.9831 -0.1764
vn 0.3715 -0.6975 -0.6128
vn -0.0000 -0.9831 -0.1828
vn 0.1936 -0.6993 -0.6881
vn -0.1936 -0.6993 -0.6881
vn -0.0000 -0.7000 -0.7142
vn -0.0500 -0.9831 -0.1764
vn -0.3715 -0.6975 -0.6128
vn -0.0963 -0.9828 -0.1576
vn -0.5207 -0.6950 -0.4958
vn -0.1355 -0.9825 -0.1280
vn -0.6321 -0.6926 -0.3475
vn -0.1652 -0.9821 -0.0901
vn -0.7005 -0.6909 -0.1788
vn -0.1837 -0.9819 -0.0465
vn -0.7236 -0.6902 -0.0000
vn -0.1837 -0.9819 0.0465
vn -0.1899 -0.9818 -0.0000
vn -0.1652 -0.9821 0.0901
vn -0.7005 -0.6909 0.1788
vn -0.1355 -0.9825 0.1280
vn -0.6321 -0.6926 0.3475
vn -0.0963 -0.9828 0.1576
vn -0.5207 -0.6950 0.4958
vn -0.0500 -0.9831 0.1764
vn -0.3715 -0.6975 0.6128
vn -0.0000 -0.9831 0.1828
vn -0.1936 -0.6993 0.6881
vn 0.1936 -0.6993 0.6881
vn -0.0000 -0.7000 0.7142
vn 0.0500 -0.9831 0.1764
vn 0.3715 -0.6975 0.6128
vn 0.0963 -0.9828 0.1576
vn 0.5207 -0.6950 0.4958
vn 0.1355 -0.9825 0.1280
vn 0.6321 -0.6926 0.3475
vn 0.1652 -0.9821 0.0901
vn 0.7005 -0.6909 0.1788
vn 0.1837 -0.9819 0.0465
vn 0.9936 -0.1130 -0.0000
vn 0.9626 -0.1133 -0.2462
vn 0.8701 -0.1141 -0.4795
vn 0.7185 -0.1153 -0.6859
vn 0.5140 -0.1165 -0.8499
vn 0.2683 -0.1174 -0.9561
vn -0.2683 -0.1174 -0.9561
vn -0.0000 -0.1177 -0.9930
vn -0.5140 -0.1165 -0.8499
vn -0.7185 -0.1153 -0.6859
vn -0.8701 -0.1141 -0.4795
vn -0.9626 -0.1133 -0.2462
vn -0.9936 -0.1130 -0.0000
vn -0.9626 -0.1133 0.2462
vn -0.8701 -0.1141 0.4795
vn -0.7185 -0.1153 0.6859
vn -0.5140 -0.1165 0.8499
vn -0.2683 -0.1174 0.9561
vn 0.2683 -0.1174 0.9561
vn -0.0000 -0.1177 0.9930
vn 0.5140 -0.1165 0.8499
vn 0.7185 -0.1153 0.6859
vn 0.8701 -0.1141 0.4795
vn 0.9626 -0.1133 0.2462
vn 0.9175 0.3211 -0.2345
vn 0.9473 0.3203 -0.0000
vn 0.8289 0.3233 -0.4565
vn 0.6839 0.3264 -0.6525
vn 0.4888 0.3296 -0.8078
vn 0.2550 0.3319 -0.9082
vn -0.0000 0.3328 -0.9430
vn -0.2550 0.3319 -0.9082
vn -0.4888 0.3296 -0.8078
vn -0.6839 0.3264 -0.6525
vn -0.8289 0.3233 -0.4565
vn -0.9175 0.3211 -0.2345
vn -0.9175 0.3211 0.2345
vn -0.9473 0.3203 -0.0000
vn -0.8289 0.3233 0.4565
vn -0.6839 0.3264 0.6525
vn -0.4888 0.3296 0.8077
vn -0.2550 0.3319 0.9082
vn -0.0000 0.3328 0.9430
vn 0.2550 0.3319 0.9082
vn 0.4888 0.3296 0.8077
vn 0.6839 0.3264 0.6525
vn 0.8289 0.3233 0.4565
vn 0.9175 0.3211 0.2345
vn 0.5047 0.8537 -0.1283
vn 0.5212 0.8535 -0.0000
vn 0.4556 0.8545 -0.2495
vn 0.3756 0.8555 -0.3563
vn 0.2683 0.8566 -0.4407
vn 0.1399 0.8574 -0.4952
vn -0.0000 0.8577 -0.5141
vn -0.1399 0.8574 -0.4952
vn -0.2683 0.8566 -0.4407
vn -0.3756 0.8555 -0.3563
vn -0.4556 0.8545 -0.2495
vn -0.5047 0.8537 -0.1283
vn -0.5047 0.8537 0.1283
vn -0.5212 0.8535 -0.0000
vn -0.4556 0.8545 0.2495
vn -0.3756 0.8555 0.3563
vn -0.2683 0.8566 0.4407
vn -0.1399 0.8574 0.4952
vn -0.0000 0.8577 0.5141
vn 0.1399 0.8574 0.4952
vn 0.2683 0.8566 0.4407
vn 0.3756 0.8555 0.3563
vn 0.4556 0.8545 0.2495
vn 0.5047 0.8537 0.1283
vn -0.8043 0.5579 0.2046
vn -0.8297 0.5582 -0.0000
vn -0.7283 0.5570 0.3991
vn -0.6030 0.5557 0.5723
vn -0.4325 0.5544 0.7110
vn -0.2263 0.5535 0.8016
vn -0.0000 0.5531 0.8331
vn 0.2263 0.5535 0.8016
vn 0.4325 0.5544 0.7110
vn 0.6030 0.5557 0.5723
vn 0.7283 0.5570 0.3991
vn 0.8043 0.5579 0.2046
vn 0.8043 0.5579 -0.2046
vn 0.8297 0.5582 -0.0000
vn 0.7283 0.5570 -0.3991
vn 0.6030 0.5557 -0.5723
vn 0.4325 0.5544 -0.7110
vn 0.2263 0.5535 -0.8016
vn -0.0000 0.5531 -0.8331
vn -0.2263 0.5535 -0.8016
vn -0.4325 0.5544 -0.7110
vn -0.6030 0.5557 -0.5723
vn -0.7283 0.5570 -0.3991
vn -0.8043 0.5579 -0.2046
vn -0.9641 -0.2654 -0.0000
vn -0.9339 -0.2661 0.2387
vn -0.8439 -0.2681 0.4648
vn -0.6965 -0.2708 0.6645
vn -0.4980 -0.2736 0.8229
vn -0.2599 -0.2757 0.9254
vn 0.2599 -0.2757 0.9254
vn -0.0000 -0.2765 0.9610
vn 0.4980 -0.2736 0.8229
vn 0.6965 -0.2708 0.6645
vn 0.8439 -0.2681 0.4648
vn 0.9339 -0.2661 0.2387
vn 0.9641 -0.2654 -0.0000
vn 0.9339 -0.2661 -0.2387
vn 0.8439 -0.2681 -0.4648
vn 0.6965 -0.2708 -0.6645
vn 0.4980 -0.2736 -0.8229
vn 0.2599 -0.2757 -0.9254
vn -0.2599 -0.2757 -0.9254
vn -0.0000 -0.2765 -0.9610
vn -0.4980 -0.2736 -0.8229
vn -0.6965 -0.2708 -0.6645
vn -0.8439 -0.2681 -0.4648
vn -0.9339 -0.2661 -0.2387
vn -0.9653 0.2611 -0.0000
vn -0.9350 0.2616 0.2393
vn -0.8448 0.2631 0.4659
vn -0.6973 0.2652 0.6660
vn -0.4985 0.2672 0.8247
vn -0.2602 0.2688 0.9274
vn 0.2602 0.2688 0.9274
vn -0.0000 0.2694 0.9630
vn 0.4985 0.2672 0.8247
vn 0.6973 0.2652 0.6660
vn 0.8448 0.2631 0.4659
vn 0.9350 0.2616 0.2393
vn 0.9653 0.2611 -0.0000
vn 0.9350 0.2616 -0.2393
vn 0.8448 0.2631 -0.4659
vn 0.6973 0.2652 -0.6660
vn 0.4985 0.2672 -0.8247
vn 0.2602 0.2688 -0.9274
vn -0.2602 0.2688 -0.9274
vn -0.0000 0.2694 -0.9630
vn -0.4985 0.2672 -0.8247
vn -0.6973 0.2652 -0.6660
vn -0.8448 0.2631 -0.4659
vn -0.9350 0.2616 -0.2393
vn -0.4682 0.8756 0.1189
vn -0.4836 0.8753 -0.0000
vn -0.4225 0.8764 0.2312
vn -0.3481 0.8775 0.3300
vn -0.2484 0.8786 0.4079
vn -0.1295 0.8794 0.4581
vn -0.0000 0.8798 0.4754
vn 0.1295 0.8794 0.4581
vn 0.2484 0.8786 0.4079
vn 0.3481 0.8775 0.3300
vn 0.4225 0.8764 0.2312
vn 0.4682 0.8756 0.1189
vn 0.4682 0.8756 -0.1189
vn 0.4836 0.8753 -0.0000
vn 0.4225 0.8764 -0.2312
vn 0.3481 0.8775 -0.3300
vn 0.2484 0.8786 -0.4079
vn 0.1295 0.8794 -0.4581
vn -0.0000 0.8798 -0.4754
vn -0.1295 0.8794 -0.4581
vn -0.2484 0.8786 -0.4079
vn -0.3481 0.8775 -0.3300
vn -0.4225 0.8764 -0.2312
vn -0.4682 0.8756 -0.1189
vn -0.0000 1.0000 -0.0000
vn 1.0000 -0.0000 -0.0000
vn 0.5283 0.8333 -0.1629
vn 0.5534 0.8329 -0.0000
vn -0.4584 0.8772 0.1426
vn -0.4812 0.8766 -0.0000
vn -0.9556 -0.0000 0.2946
vn -1.0000 -0.0000 -0.0000
vn -0.4812 -0.8766 -0.0000
vn -0.4584 -0.8772 0.1426
vn 0.5534 -0.8329 -0.0000
vn 0.5283 -0.8333 -0.1629
vn 0.9549 -0.0000 -0.2971
vn 0.4541 0.8342 -0.3130
vn -0.3915 0.8789 0.2724
vn -0.8233 -0.0000 0.5676
vn -0.3915 -0.8789 0.2724
vn 0.4541 -0.8342 -0.3130
vn 0.8209 -0.0000 -0.5711
vn 0.3342 0.8353 -0.4365
vn -0.2859 0.8810 0.3769
vn -0.6079 -0.0000 0.7940
vn -0.2859 -0.8810 0.3769
vn 0.3342 -0.8353 -0.4365
vn 0.6044 -0.0000 -0.7967
vn 0.1776 0.8363 -0.5187
vn -0.1509 0.8828 0.4448
vn -0.3239 -0.0000 0.9461
vn -0.1509 -0.8828 0.4448
vn 0.1776 -0.8363 -0.5187
vn 0.3213 -0.0000 -0.9470
vn -0.0000 0.8367 -0.5477
vn -0.0000 0.8835 0.4685
vn -0.0000 -0.0000 1.0000
vn -0.0000 -0.8835 0.4685
vn -0.0000 -0.8367 -0.5477
vn -0.3213 -0.0000 -0.9470
vn -0.0000 -0.0000 -1.0000
vn -0.1776 0.8363 -0.5187
vn 0.1509 0.8828 0.4448
vn 0.1509 -0.8828 0.4449
vn -0.1776 -0.8363 -0.5187
vn -0.6044 -0.0000 -0.7967
vn -0.3342 0.8353 -0.4365
vn 0.2859 0.8810 0.3769
vn 0.3239 -0.0000 0.9461
vn 0.2859 -0.8810 0.3769
vn -0.3342 -0.8353 -0.4365
vn -0.8209 -0.0000 -0.5711
vn -0.4541 0.8342 -0.3130
vn 0.3915 0.8789 0.2724
vn 0.6079 -0.0000 0.7940
vn 0.3915 -0.8789 0.2724
vn -0.4541 -0.8342 -0.3130
vn -0.9549 -0.0000 -0.2971
vn -0.5283 0.8333 -0.1629
vn 0.4584 0.8772 0.1426
vn 0.8233 -0.0000 0.5676
vn 0.4584 -0.8772 0.1426
vn -0.5283 -0.8333 -0.1629
vn -0.5534 0.8329 -0.0000
vn 0.4812 0.8766 -0.0000
vn 0.9556 -0.0000 0.2946
vn 0.4812 -0.8766 -0.0000
vn -0.5534 -0.8329 -0.0000
vn -0.5283 0.8333 0.1629
vn 0.4584 0.8772 -0.1426
vn 0.9556 -0.0000 -0.2946
vn 0.4584 -0.8772 -0.1426
vn -0.5283 -0.8333 0.1629
vn -0.9549 -0.0000 0.2971
vn -0.4541 0.8342 0.3130
vn 0.3915 0.8789 -0.2724
vn 0.8233 -0.0000 -0.5676
vn 0.3915 -0.8789 -0.2724
vn -0.4541 -0.8342 0.3130
vn -0.8209 -0.0000 0.5711
vn -0.3342 0.8353 0.4365
vn 0.2859 0.8810 -0.3769
vn 0.6079 -0.0000 -0.7940
vn 0.2859 -0.8810 -0.3769
vn -0.3342 -0.8353 0.4365
vn -0.6044 -0.0000 0.7967
vn -0.1776 0.8363 0.5187
vn 0.1509 0.8828 -0.4448
vn 0.3239 -0.0000 -0.9461
vn 0.1509 -0.8828 -0.4449
vn -0.1776 -0.8363 0.5187
vn -0.3213 -0.0000 0.9470
vn -0.0000 0.8367 0.5477
vn -0.0000 0.8835 -0.4685
vn -0.0000 -0.8835 -0.4685
vn -0.0000 -0.8367 0.5477
vn 0.3213 -0.0000 0.9470
vn 0.1776 0.8363 0.5187
vn -0.1509 0.8828 -0.4448
vn -0.1509 -0.8828 -0.4448
vn 0.1776 -0.8363 0.5187
vn 0.6044 -0.0000 0.7967
vn 0.3342 0.8353 0.4365
vn -0.2859 0.8810 -0.3769
vn -0.3239 -0.0000 -0.9461
vn -0.2859 -0.8810 -0.3769
vn 0.3342 -0.8353 0.4365
vn 0.8209 -0.0000 0.5711
vn 0.4541 0.8342 0.3130
vn -0.3915 0.8789 -0.2724
vn -0.6079 -0.0000 -0.7940
vn -0.3915 -0.8789 -0.2724
vn 0.4541 -0.8342 0.3130
vn 0.9549 -0.0000 0.2971
vn 0.5283 0.8333 0.1629
vn -0.4584 0.8772 -0.1426
vn -0.8233 -0.0000 -0.5676
vn -0.4584 -0.8772 -0.1426
vn 0.5283 -0.8333 0.1629
vn -0.9556 -0.0000 -0.2946
vn -0.0000 -0.9466 -0.3224
vn 0.8562 -0.5167 -0.0000
vn 0.8557 -0.4892 -0.1686
vn 0.8986 0.4388 -0.0000
vn 0.8979 0.4168 0.1420
vn -0.8979 0.4168 0.1420
vn -0.8986 0.4388 -0.0000
vn -0.8557 -0.4892 -0.1686
vn -0.8562 -0.5167 -0.0000
vn -0.0000 -0.7955 -0.6060
vn 0.8545 -0.4114 -0.3170
vn 0.8960 0.3533 0.2691
vn -0.0000 0.9454 0.3258
vn -0.8960 0.3533 0.2691
vn -0.8545 -0.4114 -0.3170
vn -0.0000 -0.5695 -0.8220
vn 0.8531 -0.2948 -0.4304
vn 0.8937 0.2556 0.3689
vn -0.0000 0.7921 0.6104
vn -0.8937 0.2556 0.3689
vn -0.8531 -0.2948 -0.4304
vn -0.0000 -0.2959 -0.9552
vn 0.8520 -0.1533 -0.5005
vn 0.8919 0.1339 0.4321
vn -0.0000 0.5651 0.8250
vn -0.8919 0.1339 0.4321
vn -0.8520 -0.1533 -0.5005
vn 0.8516 -0.0000 -0.5242
vn 0.8912 -0.0000 0.4537
vn -0.0000 0.2929 0.9561
vn -0.8912 -0.0000 0.4537
vn -0.8516 -0.0000 -0.5242
vn 0.8520 0.1533 -0.5005
vn 0.8919 -0.1339 0.4321
vn -0.0000 -0.2929 0.9561
vn -0.8919 -0.1339 0.4321
vn -0.8520 0.1533 -0.5005
vn -0.0000 0.2959 -0.9552
vn 0.8531 0.2948 -0.4304
vn 0.8937 -0.2556 0.3689
vn -0.0000 -0.5651 0.8250
vn -0.8937 -0.2556 0.3689
vn -0.8531 0.2948 -0.4304
vn -0.0000 0.5695 -0.8220
vn 0.8545 0.4114 -0.3170
vn 0.8960 -0.3533 0.2691
vn -0.0000 -0.7921 0.6104
vn -0.8960 -0.3533 0.2691
vn -0.8545 0.4114 -0.3170
vn -0.0000 0.7955 -0.6060
vn 0.8557 0.4892 -0.1686
vn 0.8979 -0.4168 0.1420
vn -0.0000 -0.9454 0.3258
vn -0.8979 -0.4168 0.1420
vn -0.8557 0.4892 -0.1686
vn -0.0000 0.9466 -0.3224
vn 0.8562 0.5167 -0.0000
vn 0.8986 -0.4388 -0.0000
vn -0.8986 -0.4388 -0.0000
vn -0.8562 0.5167 -0.0000
vn -0.0000 0.9466 0.3224
vn 0.8557 0.4892 0.1686
vn 0.8979 -0.4168 -0.1420
vn -0.8979 -0.4168 -0.1420
vn -0.8557 0.4892 0.1686
vn -0.0000 0.7955 0.6060
vn 0.8545 0.4114 0.3170
vn 0.8960 -0.3533 -0.2691
vn -0.0000 -0.9454 -0.3258
vn -0.8960 -0.3533 -0.2691
vn -0.8545 0.4114 0.3170
vn -0.0000 0.5695 0.8220
vn 0.8531 0.2948 0.4304
vn 0.8937 -0.2556 -0.3689
vn -0.0000 -0.7921 -0.6104
vn -0.8937 -0.2556 -0.3689
vn -0.8531 0.2948 0.4304
vn -0.0000 0.2959 0.9552
vn 0.8520 0.1533 0.5005
vn 0.8919 -0.1339 -0.4321
vn -0.0000 -0.5651 -0.8250
vn -0.8919 -0.1339 -0.4321
vn -0.8520 0.1533 0.5005
vn 0.8516 -0.0000 0.5242
vn 0.8912 -0.0000 -0.4537
vn -0.0000 -0.2929 -0.9561
vn -0.8912 -0.0000 -0.4537
vn -0.8516 -0.0000 0.5242
vn 0.8520 -0.1533 0.5005
vn 0.8919 0.1339 -0.4321
vn -0.0000 0.2929 -0.9561
vn -0.8919 0.1339 -0.4321
vn -0.8520 -0.1533 0.5005
vn -0.0000 -0.2959 0.9552
vn 0.8531 -0.2948 0.4304
vn 0.8937 0.2556 -0.3689
vn -0.0000 0.5651 -0.8250
vn -0.8937 0.2556 -0.3689
vn -0.8531 -0.2948 0.4304
vn -0.0000 -0.5695 0.8220
vn 0.8545 -0.4114 0.3170
vn 0.8960 0.3533 -0.2691
vn -0.0000 0.7921 -0.6104
vn -0.8960 0.3533 -0.2691
vn -0.8545 -0.4114 0.3170
vn -0.0000 -0.7955 0.6060
vn 0.8557 -0.4892 0.1686
vn 0.8979 0.4168 -0.1420
vn -0.0000 0.9454 -0.3258
vn -0.8979 0.4168 -0.1420
vn -0.8557 -0.4892 0.1686
vn -0.0000 -0.9466 0.3224
vn 0.9811 -0.1933 -0.0000
vn 0.1883 0.8144 -0.5490
vn 0.3868 0.9222 -0.0000
vn 0.7897 -0.2932 -0.5389
vn -0.3039 0.5499 -0.7780
vn 0.3039 -0.5499 -0.7780
vn -0.7897 0.2932 -0.5389
vn -0.1883 -0.8144 -0.5490
vn -0.9811 0.1933 -0.0000
vn -0.1883 -0.8144 0.5490
vn -0.7897 0.2932 0.5389
vn 0.3039 -0.5499 0.7780
vn -0.3039 0.5499 0.7780
vn 0.5070 -0.8619 -0.0000
vn 0.7897 -0.2932 0.5389
vn 0.1883 0.8144 0.5490
vn -0.5070 0.8619 -0.0000
vn -0.5023 -0.1894 -0.8437
vn -0.5712 0.8113 0.1247
vn -0.2029 0.9198 -0.3360
vn -0.8672 -0.3037 -0.3946
vn -0.5233 0.5608 0.6416
vn -0.8271 -0.5497 0.1176
vn -0.0904 0.2984 0.9502
vn -0.3969 -0.8066 0.4381
vn 0.5023 0.1894 0.8437
vn 0.5712 -0.8113 -0.1247
vn 0.8672 0.3037 0.3946
vn 0.5233 -0.5608 -0.6416
vn 0.8271 0.5497 -0.1176
vn -0.2559 -0.8699 -0.4216
vn 0.0904 -0.2984 -0.9502
vn 0.3969 0.8066 -0.4381
vn 0.2559 0.8699 0.4216
vn -0.5023 -0.1894 0.8437
vn 0.3969 0.8066 0.4381
vn -0.2029 0.9198 0.3360
vn 0.0904 -0.2984 0.9502
vn 0.8271 0.5497 0.1176
vn 0.5233 -0.5608 0.6416
vn 0.8672 0.3037 -0.3946
vn 0.5712 -0.8113 0.1247
vn 0.5023 0.1894 -0.8437
vn -0.3969 -0.8066 -0.4381
vn -0.0904 0.2984 -0.9502
vn -0.8271 -0.5497 -0.1176
vn -0.5233 0.5608 -0.6416
vn -0.2559 -0.8699 0.4216
vn -0.8672 -0.3037 0.3946
vn -0.5712 0.8113 -0.1247
vn 0.2559 0.8699 -0.4216
vn -0.0000 0.6775 -0.7355
vn 0.1990 -0.6777 -0.7079
vn -0.0000 -0.6775 -0.7355
vn 0.1990 0.6777 -0.7079
vn 0.3808 -0.6782 -0.6285
vn 0.3808 0.6782 -0.6285
vn 0.5316 -0.6789 -0.5065
vn 0.5316 0.6789 -0.5065
vn 0.6428 -0.6796 -0.3536
vn 0.6428 0.6796 -0.3536
vn 0.7104 -0.6800 -0.1814
vn 0.7104 0.6800 -0.1814
vn 0.7330 -0.6802 -0.0000
vn 0.7330 0.6802 -0.0000
vn 0.7104 -0.6800 0.1814
vn 0.7104 0.6800 0.1814
vn 0.6428 -0.6796 0.3536
vn 0.6428 0.6796 0.3536
vn 0.5316 -0.6789 0.5065
vn 0.5316 0.6789 0.5065
vn 0.3808 -0.6782 0.6285
vn 0.3808 0.6782 0.6285
vn 0.1990 -0.6777 0.7079
vn 0.1990 0.6777 0.7079
vn -0.0000 -0.6775 0.7355
vn -0.0000 0.6775 0.7355
vn -0.1990 -0.6777 0.7079
vn -0.1990 0.6777 0.7079
vn -0.3808 -0.6782 0.6285
vn -0.3808 0.6782 0.6285
vn -0.5316 -0.6789 0.5065
vn -0.5316 0.6789 0.5065
vn -0.6428 -0.6796 0.3536
vn -0.6428 0.6796 0.3536
vn -0.7104 -0.6800 0.1814
vn -0.7104 0.6800 0.1814
vn -0.7330 -0.6802 -0.0000
vn -0.7330 0.6802 -0.0000
vn -0.7104 -0.6800 -0.1814
vn -0.7104 0.6800 -0.1814
vn -0.6428 -0.6796 -0.3536
vn -0.6428 0.6796 -0.3536
vn -0.5316 -0.6789 -0.5065
vn -0.5316 0.6789 -0.5065
vn -0.3808 -0.6782 -0.6285
vn -0.3808 0.6782 -0.6285
vn -0.1990 -0.6777 -0.7079
vn -0.1990 0.6777 -0.7079
vn 0.0762 -0.9718 0.2230
vn 0.5929 -0.7758 0.2159
vn -0.1991 -0.9703 0.1376
vn -0.1991 -0.9703 -0.1376
vn 0.0762 -0.9718 -0.2230
vn 0.8655 -0.4375 0.2438
vn 0.0246 -0.4539 0.8907
vn -0.8519 -0.4380 0.2870
vn -0.5616 -0.4471 -0.6962
vn 0.5236 -0.4480 -0.7247
vn 0.8099 -0.1755 0.5597
vn -0.3179 -0.1804 0.9308
vn -0.9850 -0.1727 -0.0000
vn -0.3179 -0.1804 -0.9308
vn 0.8099 -0.1755 -0.5597
vn 0.3502 0.7845 0.5119
vn -0.4028 0.7830 0.4741
vn -0.5929 0.7758 -0.2159
vn 0.0332 0.7890 -0.6135
vn 0.6124 0.7749 -0.1567
vn 0.1991 0.9703 -0.1376
vn 0.3923 0.8789 -0.2712
vn 0.3502 0.7845 -0.5119
vn -0.0762 0.9718 -0.2230
vn -0.1508 0.8845 -0.4415
vn -0.4028 0.7830 -0.4741
vn -0.2458 0.9693 -0.0000
vn -0.4831 0.8756 -0.0000
vn -0.5929 0.7758 0.2159
vn -0.0762 0.9718 0.2230
vn -0.1508 0.8845 0.4415
vn 0.0332 0.7890 0.6135
vn 0.1991 0.9703 0.1376
vn 0.3923 0.8789 0.2712
vn 0.6124 0.7749 0.1567
vn 0.8519 0.4380 -0.2870
vn 0.7944 0.2597 -0.5490
vn 0.5616 0.4471 -0.6962
vn -0.0246 0.4539 -0.8907
vn -0.3115 0.2666 -0.9121
vn -0.5236 0.4480 -0.7247
vn -0.8655 0.4375 -0.2438
vn -0.9668 0.2556 -0.0000
vn -0.8655 0.4375 0.2438
vn -0.5236 0.4480 0.7247
vn -0.3115 0.2666 0.9121
vn -0.0246 0.4539 0.8907
vn 0.5616 0.4471 0.6962
vn 0.7944 0.2597 0.5490
vn 0.8519 0.4380 0.2870
vn 0.3179 0.1804 -0.9308
vn 0.3115 -0.2666 -0.9121
vn 0.0246 -0.4539 -0.8907
vn -0.8099 0.1755 -0.5597
vn -0.7944 -0.2597 -0.5490
vn -0.8519 -0.4380 -0.2870
vn -0.8099 0.1755 0.5597
vn -0.7944 -0.2597 0.5490
vn -0.5616 -0.4471 0.6962
vn 0.3179 0.1804 0.9308
vn 0.3115 -0.2666 0.9121
vn 0.5236 -0.4480 0.7247
vn 0.9850 0.1727 -0.0000
vn 0.9668 -0.2556 -0.0000
vn 0.8655 -0.4375 -0.2438
vn 0.4028 -0.7830 -0.4741
vn 0.1508 -0.8845 -0.4415
vn -0.0332 -0.7890 -0.6135
vn -0.3502 -0.7845 -0.5119
vn -0.3923 -0.8789 -0.2712
vn -0.6124 -0.7749 -0.1567
vn -0.6124 -0.7749 0.1567
vn -0.3923 -0.8789 0.2712
vn -0.3502 -0.7845 0.5119
vn 0.5929 -0.7758 -0.2159
vn 0.4831 -0.8756 -0.0000
vn 0.2458 -0.9693 -0.0000
vn -0.0332 -0.7890 0.6135
vn 0.1508 -0.8845 0.4415
vn 0.4028 -0.7830 0.4741
vn -0.3868 -0.9222 -0.0000
vn 0.2029 -0.9198 0.3360
vn 0.2029 -0.9198 -0.3360
vt 0.167203 0.072479
vt 0.151527 0.196562
vt 0.056246 0.121719
vt 0.056246 0.140552
vt 0.000000 0.114737
vt 0.060931 0.158683
vt 0.000000 0.148978
vt 0.069982 0.174876
vt 0.008518 0.181943
vt 0.082781 0.188028
vt 0.024973 0.211385
vt 0.098457 0.197243
vt 0.048245 0.235298
vt 0.115941 0.201893
vt 0.076747 0.252053
vt 0.141447 0.260085
vt 0.108536 0.260507
vt 0.134042 0.201661
vt 0.173237 0.250815
vt 0.201739 0.233329
vt 0.167203 0.186945
vt 0.225010 0.208818
vt 0.180002 0.173464
vt 0.241466 0.178954
vt 0.189053 0.157039
vt 0.249984 0.145771
vt 0.193738 0.119955
vt 0.193738 0.138788
vt 0.189053 0.101825
vt 0.249984 0.111530
vt 0.180002 0.085632
vt 0.241466 0.078565
vt 0.225010 0.049122
vt 0.151527 0.063264
vt 0.201739 0.025209
vt 0.134043 0.058614
vt 0.173237 0.008454
vt 0.108536 0.000422
vt 0.141447 0.000000
vt 0.115941 0.058846
vt 0.076747 0.009692
vt 0.098457 0.063945
vt 0.048245 0.027178
vt 0.082781 0.073562
vt 0.024974 0.051689
vt 0.069982 0.087043
vt 0.008518 0.081553
vt 0.060931 0.103469
vt 0.234881 0.614951
vt 0.312495 0.648927
vt 0.234966 0.648927
vt 0.234633 0.583291
vt 0.312392 0.607307
vt 0.234238 0.556104
vt 0.312088 0.568523
vt 0.745324 0.878888
vt 0.822457 0.924247
vt 0.744766 0.907181
vt 0.745618 0.847355
vt 0.823140 0.889588
vt 0.745629 0.814730
vt 0.823501 0.850960
vt 0.823180 0.772415
vt 0.823515 0.810995
vt 0.745356 0.783236
vt 0.822521 0.737850
vt 0.510527 0.500614
vt 0.588388 0.495840
vt 0.587825 0.524578
vt 0.510988 0.477155
vt 0.588793 0.460170
vt 0.511318 0.448036
vt 0.589011 0.419997
vt 0.511496 0.415242
vt 0.589027 0.378060
vt 0.511356 0.347666
vt 0.511509 0.381007
vt 0.511049 0.317489
vt 0.588840 0.337217
vt 0.510607 0.292533
vt 0.588463 0.300250
vt 0.706866 0.439216
vt 0.783813 0.484272
vt 0.706193 0.462235
vt 0.707289 0.410998
vt 0.784638 0.456074
vt 0.707434 0.379503
vt 0.785156 0.421507
vt 0.785156 0.342961
vt 0.785333 0.382926
vt 0.707289 0.346879
vt 0.784638 0.304335
vt 0.706866 0.315347
vt 0.783813 0.269680
vt 0.234238 0.741749
vt 0.312088 0.729330
vt 0.311604 0.762634
vt 0.234633 0.714562
vt 0.312392 0.690547
vt 0.234881 0.682902
vt 0.389183 0.609855
vt 0.389280 0.648927
vt 0.388897 0.573446
vt 0.388444 0.542181
vt 0.899797 0.886022
vt 0.899156 0.918558
vt 0.900136 0.849759
vt 0.900149 0.812240
vt 0.899835 0.776022
vt 0.664687 0.516590
vt 0.665217 0.489612
vt 0.665596 0.456125
vt 0.665801 0.418412
vt 0.665641 0.340700
vt 0.665816 0.379043
vt 0.665287 0.305996
vt 0.664779 0.277297
vt 0.861309 0.450043
vt 0.860535 0.476515
vt 0.861796 0.417593
vt 0.861962 0.381374
vt 0.861796 0.343855
vt 0.861309 0.307594
vt 0.388444 0.755673
vt 0.388897 0.724408
vt 0.389183 0.687998
vt 0.420311 0.614951
vt 0.420396 0.648927
vt 0.420063 0.583291
vt 0.419668 0.556104
vt 0.930696 0.878888
vt 0.930138 0.907181
vt 0.930991 0.847355
vt 0.931002 0.814730
vt 0.899216 0.743573
vt 0.930729 0.783236
vt 0.695958 0.500614
vt 0.696419 0.477155
vt 0.696749 0.448036
vt 0.696927 0.415242
vt 0.696787 0.347666
vt 0.696940 0.381007
vt 0.696480 0.317489
vt 0.696038 0.292533
vt 0.892237 0.438473
vt 0.891564 0.461491
vt 0.892660 0.410254
vt 0.892805 0.378760
vt 0.892660 0.346135
vt 0.860535 0.275061
vt 0.892237 0.314603
vt 0.419668 0.741749
vt 0.420063 0.714562
vt 0.420311 0.682902
vt 0.509221 0.145771
vt 0.486143 0.172866
vt 0.493597 0.143831
vt 0.500703 0.178954
vt 0.471745 0.198998
vt 0.484247 0.208818
vt 0.451382 0.220445
vt 0.460975 0.233329
vt 0.426443 0.235745
vt 0.432474 0.250815
vt 0.398627 0.243856
vt 0.400684 0.260085
vt 0.369830 0.244226
vt 0.335984 0.252053
vt 0.367773 0.260507
vt 0.307482 0.235298
vt 0.342014 0.236828
vt 0.284210 0.211385
vt 0.317075 0.222168
vt 0.267755 0.181943
vt 0.296713 0.201243
vt 0.259237 0.148978
vt 0.282314 0.175481
vt 0.259237 0.114737
vt 0.274861 0.146637
vt 0.282314 0.087641
vt 0.274861 0.116676
vt 0.267755 0.081553
vt 0.296713 0.061509
vt 0.284210 0.051689
vt 0.317075 0.040063
vt 0.307482 0.027178
vt 0.342014 0.024762
vt 0.335984 0.009692
vt 0.369830 0.016651
vt 0.367773 0.000422
vt 0.398627 0.016282
vt 0.432474 0.008454
vt 0.400684 0.000000
vt 0.460976 0.025209
vt 0.426443 0.023679
vt 0.484247 0.049122
vt 0.451382 0.038340
vt 0.500703 0.078565
vt 0.471745 0.059264
vt 0.509221 0.111530
vt 0.486143 0.085026
vt 0.493597 0.113870
vt 0.881153 0.152468
vt 0.849227 0.124932
vt 0.881019 0.123294
vt 0.881422 0.178873
vt 0.849380 0.158273
vt 0.881809 0.200709
vt 0.849688 0.188450
vt 0.412158 0.808893
vt 0.380894 0.776464
vt 0.412747 0.788752
vt 0.411787 0.833584
vt 0.380221 0.799482
vt 0.411661 0.861142
vt 0.379798 0.827700
vt 0.379798 0.891820
vt 0.379653 0.859195
vt 0.411787 0.889688
vt 0.380221 0.923351
vt 0.412158 0.917279
vt 0.380894 0.951641
vt 0.744766 0.712434
vt 0.776868 0.696849
vt 0.776473 0.724037
vt 0.745111 0.688645
vt 0.777116 0.665189
vt 0.745328 0.660942
vt 0.777201 0.631214
vt 0.745328 0.601485
vt 0.745402 0.631214
vt 0.745111 0.573783
vt 0.777116 0.597238
vt 0.744766 0.549994
vt 0.776868 0.565578
vt 0.548891 0.777863
vt 0.514353 0.808993
vt 0.523917 0.777379
vt 0.576725 0.778118
vt 0.542894 0.809546
vt 0.605523 0.778128
vt 0.574704 0.809838
vt 0.639387 0.809578
vt 0.607616 0.809849
vt 0.633322 0.777891
vt 0.667851 0.809044
vt 0.881878 0.018639
vt 0.849748 0.028785
vt 0.850209 0.005325
vt 0.881475 0.039166
vt 0.849418 0.057903
vt 0.881186 0.064645
vt 0.849240 0.090697
vt 0.881031 0.093339
vt 0.772135 0.125587
vt 0.772295 0.160595
vt 0.850129 0.213406
vt 0.772618 0.192281
vt 0.303798 0.771806
vt 0.303091 0.795976
vt 0.302646 0.825605
vt 0.302646 0.892930
vt 0.302495 0.858674
vt 0.303091 0.926039
vt 0.303798 0.955743
vt 0.853947 0.700131
vt 0.853532 0.728678
vt 0.854207 0.666888
vt 0.854296 0.631214
vt 0.854207 0.595540
vt 0.776473 0.538391
vt 0.853947 0.562297
vt 0.510527 0.885433
vt 0.540495 0.886014
vt 0.573896 0.886320
vt 0.641813 0.886048
vt 0.608454 0.886332
vt 0.671700 0.885488
vt 0.772682 0.024632
vt 0.773165 0.000000
vt 0.772335 0.055207
vt 0.772148 0.089641
vt 0.703231 0.142019
vt 0.703132 0.120347
vt 0.703431 0.161634
vt 0.703718 0.177855
vt 0.693879 0.216832
vt 0.641292 0.193263
vt 0.658250 0.179703
vt 0.234332 0.845117
vt 0.234607 0.826776
vt 0.234238 0.865589
vt 0.234332 0.886795
vt 0.234607 0.907291
vt 0.922803 0.691549
vt 0.923060 0.673877
vt 0.923221 0.653298
vt 0.923221 0.609130
vt 0.923276 0.631214
vt 0.923060 0.588551
vt 0.922803 0.570879
vt 0.559685 0.953824
vt 0.541133 0.953465
vt 0.580362 0.954014
vt 0.601754 0.954021
vt 0.622405 0.953846
vt 0.693879 0.021905
vt 0.641292 0.045474
vt 0.666486 0.000000
vt 0.703471 0.057851
vt 0.703256 0.076779
vt 0.703141 0.098095
vt 0.579161 0.201787
vt 0.542455 0.059034
vt 0.679442 0.097284
vt 0.468188 0.816263
vt 0.477064 0.776205
vt 0.477185 0.816263
vt 0.246011 0.416234
vt 0.225543 0.450610
vt 0.236669 0.414839
vt 0.459005 0.626667
vt 0.467897 0.592439
vt 0.468003 0.627176
vt 0.477185 0.626704
vt 0.275732 0.450610
vt 0.255264 0.416234
vt 0.264606 0.414839
vt 0.458885 0.776205
vt 0.459005 0.816263
vt 0.468063 0.774684
vt 0.476716 0.740069
vt 0.233970 0.454946
vt 0.204379 0.481219
vt 0.458895 0.590440
vt 0.467592 0.562223
vt 0.477075 0.590477
vt 0.296895 0.481219
vt 0.267304 0.454946
vt 0.458537 0.740069
vt 0.900325 0.181110
vt 0.910105 0.147030
vt 0.909305 0.177718
vt 0.211068 0.488070
vt 0.175251 0.503668
vt 0.458577 0.558930
vt 0.467117 0.539486
vt 0.476756 0.558966
vt 0.326024 0.503668
vt 0.290207 0.488070
vt 0.891931 0.147030
vt 0.891131 0.177718
vt 0.901156 0.149256
vt 0.910551 0.110602
vt 0.179545 0.512364
vt 0.141008 0.515760
vt 0.429846 0.922133
vt 0.439459 0.890748
vt 0.438817 0.918899
vt 0.448020 0.922133
vt 0.360267 0.515760
vt 0.321730 0.512364
vt 0.892377 0.110602
vt 0.901618 0.111445
vt 0.910598 0.072001
vt 0.142488 0.525450
vt 0.105003 0.516311
vt 0.430515 0.892776
vt 0.439774 0.857966
vt 0.448689 0.892776
vt 0.396272 0.516311
vt 0.358787 0.525450
vt 0.892424 0.072001
vt 0.901298 0.032977
vt 0.901667 0.071378
vt 0.066466 0.514096
vt 0.103523 0.526047
vt 0.430800 0.822919
vt 0.430843 0.858589
vt 0.448974 0.822919
vt 0.449017 0.858589
vt 0.434809 0.514096
vt 0.397751 0.526047
vt 0.900546 0.000000
vt 0.910242 0.035004
vt 0.034943 0.490768
vt 0.070760 0.505268
vt 0.430388 0.789259
vt 0.439732 0.823763
vt 0.448562 0.789259
vt 0.430514 0.505268
vt 0.466331 0.490768
vt 0.892068 0.035004
vt 0.439127 0.567791
vt 0.430648 0.538872
vt 0.439684 0.535219
vt 0.012041 0.458345
vt 0.041631 0.483712
vt 0.429648 0.760901
vt 0.439337 0.791485
vt 0.447822 0.760901
vt 0.459643 0.483712
vt 0.489234 0.458345
vt 0.448828 0.538909
vt 0.438769 0.607000
vt 0.430112 0.570253
vt 0.000000 0.420002
vt 0.020468 0.453752
vt 0.681275 0.884802
vt 0.689967 0.915301
vt 0.680953 0.918194
vt 0.699454 0.884802
vt 0.699132 0.918194
vt 0.480806 0.453752
vt 0.501275 0.420002
vt 0.448291 0.570290
vt 0.438646 0.649006
vt 0.429767 0.608027
vt 0.000000 0.379492
vt 0.009342 0.418321
vt 0.681386 0.847787
vt 0.690276 0.883281
vt 0.699565 0.847787
vt 0.491932 0.418321
vt 0.501275 0.379492
vt 0.447947 0.608064
vt 0.429767 0.687701
vt 0.429648 0.648497
vt 0.020468 0.345116
vt 0.009342 0.380888
vt 0.690276 0.812292
vt 0.690382 0.847787
vt 0.480806 0.345116
vt 0.491932 0.380887
vt 0.447947 0.687738
vt 0.447828 0.648534
vt 0.438769 0.689699
vt 0.430112 0.721802
vt 0.012041 0.340781
vt 0.041632 0.314508
vt 0.681275 0.810771
vt 0.689967 0.780272
vt 0.699454 0.810771
vt 0.459643 0.314508
vt 0.489234 0.340780
vt 0.448291 0.721839
vt 0.439127 0.725095
vt 0.430648 0.747462
vt 0.034943 0.307656
vt 0.070760 0.292059
vt 0.939220 0.000000
vt 0.929531 0.030584
vt 0.930240 0.003392
vt 0.921046 0.000000
vt 0.430514 0.292059
vt 0.466331 0.307656
vt 0.448828 0.747498
vt 0.912109 0.269680
vt 0.902413 0.304684
vt 0.903137 0.272914
vt 0.066466 0.283362
vt 0.105003 0.279967
vt 0.938480 0.028357
vt 0.929136 0.062862
vt 0.920306 0.028357
vt 0.396272 0.279967
vt 0.434809 0.283362
vt 0.920587 0.304684
vt 0.921311 0.272914
vt 0.911357 0.302656
vt 0.902057 0.341680
vt 0.103523 0.270276
vt 0.141008 0.279415
vt 0.938068 0.062018
vt 0.929094 0.097065
vt 0.919894 0.062018
vt 0.360267 0.279415
vt 0.397751 0.270276
vt 0.920231 0.341680
vt 0.911037 0.381125
vt 0.910988 0.341058
vt 0.179545 0.281630
vt 0.142488 0.269680
vt 0.938354 0.131874
vt 0.938025 0.097688
vt 0.920179 0.131874
vt 0.919851 0.097688
vt 0.321730 0.281630
vt 0.358787 0.269680
vt 0.911500 0.418936
vt 0.902105 0.380282
vt 0.211068 0.304958
vt 0.175251 0.290458
vt 0.939023 0.161232
vt 0.929409 0.129847
vt 0.920848 0.161232
vt 0.326024 0.290458
vt 0.290207 0.304958
vt 0.920279 0.380282
vt 0.912330 0.450789
vt 0.902550 0.416709
vt 0.233970 0.337381
vt 0.204379 0.312015
vt 0.458577 0.698968
vt 0.467117 0.724312
vt 0.458081 0.727966
vt 0.476756 0.699005
vt 0.476261 0.728003
vt 0.296895 0.312014
vt 0.267304 0.337381
vt 0.920724 0.416709
vt 0.468063 0.857842
vt 0.476716 0.892458
vt 0.467702 0.895351
vt 0.246011 0.375724
vt 0.225543 0.341975
vt 0.458895 0.664063
vt 0.467592 0.696507
vt 0.477075 0.664100
vt 0.275732 0.341975
vt 0.255264 0.375724
vt 0.458536 0.892458
vt 0.477064 0.856321
vt 0.236669 0.377405
vt 0.467897 0.663036
vt 0.264606 0.377405
vt 0.458885 0.856321
vt 0.952831 0.232412
vt 0.944922 0.215274
vt 0.952831 0.215274
vt 0.027333 0.879915
vt 0.044076 0.874885
vt 0.042572 0.884831
vt 0.983684 0.860533
vt 0.975774 0.847806
vt 0.983684 0.847806
vt 0.967865 0.860533
vt 0.967865 0.847806
vt 0.043851 0.990052
vt 0.058297 0.999672
vt 0.042355 1.000000
vt 0.960740 0.215274
vt 0.952831 0.247873
vt 0.944922 0.230942
vt 0.014370 0.870293
vt 0.031697 0.870891
vt 0.983684 0.872014
vt 0.975774 0.859062
vt 0.967865 0.872014
vt 0.056801 0.989786
vt 0.073459 0.994189
vt 0.960740 0.230942
vt 0.948844 0.819308
vt 0.958612 0.828647
vt 0.950410 0.832658
vt 0.004952 0.856907
vt 0.021167 0.863076
vt 0.949476 0.140642
vt 0.958841 0.145858
vt 0.950639 0.149981
vt 0.975774 0.869217
vt 0.967865 0.881126
vt 0.069117 0.985332
vt 0.086356 0.984086
vt 0.090535 0.987837
vt 0.076428 0.998888
vt 0.947839 0.802726
vt 0.957181 0.816443
vt 0.000000 0.841068
vt 0.013517 0.852202
vt 0.948730 0.128696
vt 0.957813 0.137597
vt 0.964421 0.128759
vt 0.965167 0.140705
vt 0.079593 0.977125
vt 0.095726 0.970354
vt 0.941490 0.816506
vt 0.947493 0.784534
vt 0.956262 0.801284
vt 0.000000 0.824324
vt 0.009495 0.839335
vt 0.948473 0.115314
vt 0.957153 0.127032
vt 0.964164 0.115377
vt 0.087204 0.965970
vt 0.100652 0.954335
vt 0.940571 0.801347
vt 0.956262 0.768177
vt 0.955946 0.784652
vt 0.013517 0.812732
vt 0.009495 0.825735
vt 0.957153 0.103247
vt 0.956925 0.115195
vt 0.091206 0.939364
vt 0.091206 0.952959
vt 0.940571 0.768240
vt 0.940255 0.784715
vt 0.947839 0.766513
vt 0.957181 0.753471
vt 0.004952 0.808317
vt 0.021167 0.801600
vt 0.948730 0.101804
vt 0.957813 0.092355
vt 0.964421 0.101867
vt 0.087204 0.926517
vt 0.100652 0.937599
vt 0.941490 0.753534
vt 0.948844 0.750427
vt 0.958612 0.741974
vt 0.014370 0.794612
vt 0.031697 0.793427
vt 0.949476 0.089490
vt 0.958841 0.083587
vt 0.688862 0.972987
vt 0.696771 0.984896
vt 0.688862 0.981046
vt 0.079593 0.915675
vt 0.095726 0.921783
vt 0.919851 0.245076
vt 0.927760 0.260143
vt 0.919851 0.256294
vt 0.927760 0.247873
vt 0.935669 0.230942
vt 0.935669 0.245076
vt 0.027333 0.784551
vt 0.044076 0.789015
vt 0.680953 0.975784
vt 0.688862 0.962832
vt 0.696771 0.975784
vt 0.069117 0.907899
vt 0.086356 0.908436
vt 0.919851 0.230942
vt 0.927760 0.232412
vt 0.935669 0.215274
vt 0.042572 0.779119
vt 0.057092 0.788794
vt 0.680953 0.964303
vt 0.688862 0.951575
vt 0.696771 0.964303
vt 0.056801 0.903951
vt 0.073459 0.898864
vt 0.919851 0.215274
vt 0.927760 0.198135
vt 0.927760 0.215274
vt 0.073835 0.783763
vt 0.058596 0.778848
vt 0.680953 0.938848
vt 0.680953 0.951575
vt 0.696771 0.938848
vt 0.696771 0.951575
vt 0.042355 0.894331
vt 0.058297 0.894003
vt 0.927760 0.182674
vt 0.935669 0.199605
vt 0.086798 0.793385
vt 0.069471 0.792787
vt 0.680953 0.927367
vt 0.688862 0.940319
vt 0.696771 0.927367
vt 0.043851 0.904218
vt 0.027194 0.899815
vt 0.919851 0.199605
vt 0.956161 0.282256
vt 0.946393 0.273803
vt 0.954596 0.269679
vt 0.096217 0.806771
vt 0.080001 0.800603
vt 0.973291 0.647643
vt 0.963926 0.641741
vt 0.972129 0.637730
vt 0.034505 0.913371
vt 0.021059 0.916878
vt 0.031536 0.908672
vt 0.014297 0.909917
vt 0.919851 0.185471
vt 0.927760 0.170404
vt 0.957166 0.298342
vt 0.947825 0.285301
vt 0.101168 0.822611
vt 0.087651 0.811477
vt 0.974038 0.659957
vt 0.964954 0.650509
vt 0.958346 0.660020
vt 0.957600 0.647706
vt 0.004926 0.923650
vt 0.963516 0.285364
vt 0.957513 0.316364
vt 0.948743 0.300007
vt 0.101168 0.839354
vt 0.091674 0.824343
vt 0.974295 0.673467
vt 0.965614 0.661400
vt 0.958603 0.673530
vt 0.013448 0.928033
vt 0.000000 0.939668
vt 0.964435 0.300070
vt 0.948743 0.333113
vt 0.949060 0.316482
vt 0.087651 0.850947
vt 0.091674 0.837944
vt 0.965614 0.685185
vt 0.965842 0.673349
vt 0.009446 0.954640
vt 0.009446 0.941045
vt 0.964435 0.333176
vt 0.964751 0.316545
vt 0.957166 0.334556
vt 0.947825 0.348273
vt 0.096217 0.855362
vt 0.080001 0.862079
vt 0.974038 0.686850
vt 0.964954 0.695750
vt 0.958346 0.686912
vt 0.013448 0.967487
vt 0.000000 0.956405
vt 0.963516 0.348336
vt 0.956161 0.351138
vt 0.946393 0.360477
vt 0.086798 0.869067
vt 0.069471 0.870252
vt 0.973291 0.698795
vt 0.963926 0.704011
vt 0.975774 0.826394
vt 0.967865 0.814485
vt 0.975774 0.818335
vt 0.021059 0.978329
vt 0.004926 0.972220
vt 0.960740 0.185471
vt 0.952831 0.170404
vt 0.960740 0.174254
vt 0.952831 0.182674
vt 0.944922 0.199605
vt 0.944922 0.185471
vt 0.073835 0.879128
vt 0.057092 0.874664
vt 0.983684 0.823597
vt 0.975774 0.836549
vt 0.967865 0.823597
vt 0.031536 0.986104
vt 0.014297 0.985568
vt 0.960740 0.199605
vt 0.952831 0.198135
vt 0.058596 0.884560
vt 0.983684 0.835078
vt 0.967865 0.835078
vt 0.027194 0.995140
vt 0.938687 0.498541
vt 0.930777 0.481402
vt 0.938687 0.481402
vt 0.137754 0.879915
vt 0.154497 0.874885
vt 0.152993 0.884831
vt 0.906949 0.236330
vt 0.899040 0.223602
vt 0.906949 0.223602
vt 0.891131 0.236330
vt 0.891131 0.223602
vt 0.154272 0.990052
vt 0.168718 0.999672
vt 0.152776 1.000000
vt 0.946596 0.481402
vt 0.938687 0.514002
vt 0.930777 0.497071
vt 0.124791 0.870293
vt 0.142119 0.870891
vt 0.906949 0.247811
vt 0.899040 0.234859
vt 0.891131 0.247811
vt 0.167222 0.989786
vt 0.183880 0.994189
vt 0.946596 0.497071
vt 0.941119 0.615209
vt 0.950887 0.624547
vt 0.942684 0.628558
vt 0.115373 0.856907
vt 0.131588 0.863076
vt 0.949476 0.061065
vt 0.958841 0.066281
vt 0.950639 0.070405
vt 0.899040 0.245014
vt 0.891131 0.256923
vt 0.179538 0.985332
vt 0.196777 0.984086
vt 0.200956 0.987837
vt 0.186849 0.998888
vt 0.940114 0.598626
vt 0.949456 0.612343
vt 0.110421 0.841068
vt 0.123938 0.852202
vt 0.948730 0.049119
vt 0.957813 0.058020
vt 0.964421 0.049182
vt 0.965167 0.061128
vt 0.190014 0.977125
vt 0.206147 0.970354
vt 0.933764 0.612406
vt 0.939767 0.580434
vt 0.948537 0.597184
vt 0.110421 0.824324
vt 0.119916 0.839335
vt 0.948473 0.035737
vt 0.957153 0.047455
vt 0.964164 0.035800
vt 0.197625 0.965970
vt 0.211073 0.954335
vt 0.932845 0.597247
vt 0.948537 0.564078
vt 0.948220 0.580553
vt 0.123938 0.812732
vt 0.119916 0.825735
vt 0.957153 0.023670
vt 0.956925 0.035618
vt 0.201627 0.939364
vt 0.201627 0.952959
vt 0.932845 0.564140
vt 0.932529 0.580615
vt 0.940114 0.562413
vt 0.949456 0.549371
vt 0.115373 0.808317
vt 0.131588 0.801600
vt 0.948730 0.022227
vt 0.957813 0.012778
vt 0.964421 0.022290
vt 0.197625 0.926517
vt 0.211073 0.937599
vt 0.933764 0.549434
vt 0.941119 0.546327
vt 0.950887 0.537874
vt 0.124791 0.794612
vt 0.142119 0.793427
vt 0.949476 0.009913
vt 0.958841 0.004011
vt 0.989705 0.482153
vt 0.997615 0.494062
vt 0.989705 0.490212
vt 0.190014 0.915675
vt 0.206147 0.921783
vt 0.932529 0.712403
vt 0.940438 0.727470
vt 0.932529 0.723620
vt 0.940438 0.715200
vt 0.948347 0.698268
vt 0.948347 0.712403
vt 0.137754 0.784551
vt 0.154497 0.789015
vt 0.981796 0.484950
vt 0.989705 0.471998
vt 0.997615 0.484950
vt 0.179538 0.907899
vt 0.196777 0.908436
vt 0.932529 0.698268
vt 0.940438 0.699739
vt 0.948347 0.682600
vt 0.152993 0.779119
vt 0.167513 0.788794
vt 0.981796 0.473469
vt 0.989705 0.460741
vt 0.997615 0.473469
vt 0.167222 0.903951
vt 0.183880 0.898864
vt 0.932529 0.682600
vt 0.940438 0.665461
vt 0.940438 0.682600
vt 0.184256 0.783763
vt 0.169017 0.778848
vt 0.981796 0.448014
vt 0.981796 0.460741
vt 0.997615 0.448014
vt 0.997615 0.460741
vt 0.152776 0.894331
vt 0.168718 0.894003
vt 0.940438 0.650000
vt 0.948347 0.666932
vt 0.197219 0.793385
vt 0.179892 0.792787
vt 0.981796 0.436533
vt 0.989705 0.449485
vt 0.997615 0.436533
vt 0.154272 0.904218
vt 0.137615 0.899815
vt 0.932529 0.666932
vt 0.950023 0.854407
vt 0.940255 0.845954
vt 0.948457 0.841830
vt 0.206638 0.806771
vt 0.190422 0.800603
vt 0.971540 0.446446
vt 0.962175 0.440543
vt 0.970377 0.436533
vt 0.144926 0.913371
vt 0.131481 0.916878
vt 0.141957 0.908672
vt 0.124718 0.909917
vt 0.932529 0.652797
vt 0.940438 0.637730
vt 0.951028 0.870493
vt 0.941686 0.857451
vt 0.211589 0.822611
vt 0.198072 0.811477
vt 0.972286 0.458760
vt 0.963203 0.449311
vt 0.956595 0.458823
vt 0.955849 0.446509
vt 0.115347 0.923650
vt 0.957377 0.857514
vt 0.951374 0.888514
vt 0.942605 0.872157
vt 0.211589 0.839354
vt 0.202095 0.824343
vt 0.972543 0.472269
vt 0.963863 0.460202
vt 0.956852 0.472332
vt 0.123869 0.928033
vt 0.110421 0.939668
vt 0.958296 0.872220
vt 0.942605 0.905264
vt 0.942921 0.888632
vt 0.198072 0.850947
vt 0.202095 0.837944
vt 0.963863 0.483987
vt 0.964091 0.472151
vt 0.119867 0.954640
vt 0.119867 0.941045
vt 0.958296 0.905327
vt 0.958613 0.888695
vt 0.951028 0.906706
vt 0.941686 0.920423
vt 0.206638 0.855362
vt 0.190422 0.862079
vt 0.972286 0.485652
vt 0.963203 0.494553
vt 0.956595 0.485715
vt 0.123869 0.967487
vt 0.110421 0.956405
vt 0.957377 0.920486
vt 0.950023 0.923288
vt 0.940255 0.932627
vt 0.197219 0.869067
vt 0.179892 0.870252
vt 0.971540 0.497598
vt 0.962175 0.502813
vt 0.899040 0.202191
vt 0.891131 0.190282
vt 0.899040 0.194132
vt 0.131480 0.978329
vt 0.115347 0.972220
vt 0.946596 0.451600
vt 0.938687 0.436533
vt 0.946596 0.440382
vt 0.938687 0.448803
vt 0.930777 0.465734
vt 0.930777 0.451600
vt 0.184256 0.879128
vt 0.167513 0.874664
vt 0.906949 0.199394
vt 0.899040 0.212345
vt 0.891131 0.199394
vt 0.141957 0.986104
vt 0.124718 0.985568
vt 0.946596 0.465734
vt 0.938687 0.464264
vt 0.169017 0.884560
vt 0.906949 0.210875
vt 0.891131 0.210875
vt 0.137615 0.995140
vt 0.436142 0.989711
vt 0.423267 0.934007
vt 0.436142 0.931305
vt 0.985033 0.598846
vt 0.972049 0.534497
vt 0.985033 0.533750
vt 0.972049 0.599593
vt 0.960139 0.536117
vt 1.000000 0.140355
vt 0.986614 0.082681
vt 1.000000 0.080781
vt 0.974420 0.139151
vt 0.974420 0.079577
vt 0.992759 0.740217
vt 0.980850 0.803693
vt 0.980850 0.738597
vt 0.791400 0.933419
vt 0.811844 0.945474
vt 0.803376 0.967510
vt 0.967865 0.802946
vt 0.967865 0.737850
vt 0.449017 0.934007
vt 0.744766 0.958989
vt 0.753234 0.934883
vt 0.773678 0.941940
vt 0.734112 0.988801
vt 0.722671 0.923496
vt 0.734112 0.925456
vt 0.722671 0.986840
vt 0.708818 0.924749
vt 0.997066 0.330432
vt 0.987312 0.274091
vt 0.997066 0.269679
vt 0.987312 0.334844
vt 0.974004 0.274408
vt 0.994772 0.170404
vt 0.984004 0.236511
vt 0.984004 0.171988
vt 0.969993 0.235656
vt 0.969993 0.171133
vt 0.711723 0.260294
vt 0.703132 0.237884
vt 0.723871 0.227657
vt 0.999124 0.003245
vt 0.987069 0.060672
vt 0.987069 0.000000
vt 0.974420 0.061777
vt 0.974420 0.001105
vt 0.762453 0.228129
vt 0.771044 0.251207
vt 0.750305 0.259821
vt 0.998708 0.406111
vt 0.986059 0.344333
vt 0.998708 0.345438
vt 0.986059 0.405006
vt 0.974004 0.347578
vt 0.992645 0.955550
vt 0.978634 0.891882
vt 0.992645 0.891027
vt 0.978634 0.956405
vt 0.967865 0.890298
vt 0.915365 0.460279
vt 0.902057 0.520714
vt 0.902057 0.459961
vt 0.492340 0.910982
vt 0.482182 0.973075
vt 0.482182 0.908463
vt 0.839617 0.260293
vt 0.818879 0.250066
vt 0.827469 0.227657
vt 0.468115 0.972528
vt 0.468115 0.907916
vt 0.458379 0.974273
vt 0.458379 0.909661
vt 0.809626 0.236743
vt 0.801035 0.259821
vt 0.780296 0.251207
vt 0.714842 0.831118
vt 0.709585 0.860480
vt 0.709595 0.831118
vt 0.714832 0.860480
vt 0.709320 0.888860
vt 0.714567 0.888860
vt 0.708818 0.914323
vt 0.491685 0.731663
vt 0.486793 0.756132
vt 0.486437 0.731663
vt 0.492041 0.756132
vt 0.487016 0.784626
vt 0.492264 0.784626
vt 0.487092 0.815204
vt 0.492340 0.815204
vt 0.487016 0.845782
vt 0.492264 0.845782
vt 0.486793 0.874276
vt 0.492041 0.874276
vt 0.486437 0.898744
vt 0.936024 0.269680
vt 0.931383 0.295161
vt 0.930777 0.269701
vt 0.936630 0.295140
vt 0.931764 0.323540
vt 0.937011 0.323519
vt 0.931894 0.352902
vt 0.937141 0.352881
vt 0.931764 0.381247
vt 0.937011 0.381226
vt 0.931383 0.406644
vt 0.936630 0.406623
vt 0.930777 0.427360
vt 0.491757 0.535219
vt 0.486906 0.557679
vt 0.486509 0.535219
vt 0.492154 0.557679
vt 0.487183 0.584838
vt 0.492431 0.584838
vt 0.487321 0.614845
vt 0.492569 0.614845
vt 0.487309 0.645656
vt 0.492557 0.645656
vt 0.487149 0.675171
vt 0.492397 0.675171
vt 0.486852 0.701378
vt 0.492100 0.701378
vt 0.486437 0.722491
vt 0.510527 0.637013
vt 0.692092 0.556438
vt 0.666441 0.759484
vt 0.714111 0.777379
vt 0.709350 0.802773
vt 0.708865 0.777379
vt 0.714596 0.802773
vt 0.007666 0.608617
vt 0.202509 0.579429
vt 0.127303 0.769295
vt 0.717459 0.504780
vt 0.716935 0.498117
vt 0.723758 0.501913
vt 0.716567 0.493444
vt 0.710313 0.496865
vt 0.721876 0.509671
vt 0.713891 0.510669
vt 0.710837 0.503528
vt 0.871209 0.497163
vt 0.871891 0.504064
vt 0.867084 0.500008
vt 0.878430 0.946342
vt 0.877620 0.939605
vt 0.882523 0.943103
vt 0.734748 0.789293
vt 0.735513 0.795552
vt 0.730666 0.793393
vt 0.734900 0.777379
vt 0.735513 0.782497
vt 0.730755 0.778322
vt 0.947053 0.418788
vt 0.946393 0.412614
vt 0.951217 0.416608
vt 0.867174 0.493444
vt 0.882523 0.950067
vt 0.730666 0.785325
vt 0.947053 0.405861
vt 0.951062 0.402047
vt 0.951217 0.409010
vt 0.871209 0.510966
vt 0.867174 0.514684
vt 0.867084 0.508121
vt 0.790644 0.499903
vt 0.790644 0.506805
vt 0.786227 0.501913
vt 0.779037 0.493444
vt 0.785703 0.495251
vt 0.779405 0.498117
vt 0.768662 0.502650
vt 0.772782 0.496865
vt 0.773307 0.503528
vt 0.773858 0.514799
vt 0.769738 0.509417
vt 0.776361 0.510669
vt 0.787444 0.513101
vt 0.780778 0.515560
vt 0.784346 0.509671
vt 0.779929 0.504779
vt 0.862367 0.510628
vt 0.863030 0.504064
vt 0.955260 0.412656
vt 0.955886 0.418335
vt 0.955886 0.406041
vt 0.954996 0.400810
vt 0.725908 0.789218
vt 0.726654 0.782190
vt 0.726654 0.795916
vt 0.887256 0.945969
vt 0.886483 0.951219
vt 0.886483 0.939370
vt 0.882354 0.935507
vt 0.886983 0.933678
vt 0.862367 0.497501
vt 0.730755 0.799445
vt 0.877620 0.950874
vt 0.878142 0.933419
vt 0.707268 0.509417
vt 0.706193 0.502650
vt 0.711388 0.514799
vt 0.718308 0.515560
vt 0.724974 0.513101
vt 0.728175 0.506805
vt 0.728175 0.499903
vt 0.723233 0.495251
vt 0.811164 0.504780
vt 0.810639 0.498117
vt 0.817462 0.501913
vt 0.810272 0.493444
vt 0.804017 0.496865
vt 0.815581 0.509671
vt 0.807595 0.510669
vt 0.804542 0.503528
vt 0.889986 0.497163
vt 0.890668 0.504064
vt 0.885861 0.500008
vt 0.859541 0.946342
vt 0.858731 0.939605
vt 0.863634 0.943103
vt 0.734748 0.851769
vt 0.735513 0.858028
vt 0.730666 0.855869
vt 0.734900 0.839855
vt 0.735513 0.844974
vt 0.730755 0.840798
vt 0.947053 0.391638
vt 0.946393 0.385464
vt 0.951217 0.389458
vt 0.885951 0.493444
vt 0.863634 0.950067
vt 0.730666 0.847801
vt 0.947053 0.378711
vt 0.951062 0.374897
vt 0.951217 0.381860
vt 0.889986 0.510966
vt 0.885951 0.514684
vt 0.885861 0.508121
vt 0.853114 0.499903
vt 0.853114 0.506805
vt 0.848697 0.501913
vt 0.841506 0.493444
vt 0.848173 0.495251
vt 0.841874 0.498117
vt 0.831132 0.502650
vt 0.835252 0.496865
vt 0.835776 0.503528
vt 0.836328 0.514799
vt 0.832208 0.509417
vt 0.838830 0.510669
vt 0.849913 0.513101
vt 0.843247 0.515560
vt 0.846816 0.509671
vt 0.842399 0.504780
vt 0.881144 0.510628
vt 0.881807 0.504064
vt 0.955260 0.385505
vt 0.955886 0.391185
vt 0.955886 0.378891
vt 0.954996 0.373660
vt 0.725908 0.851694
vt 0.726654 0.844666
vt 0.726654 0.858392
vt 0.868367 0.945969
vt 0.867594 0.951218
vt 0.867594 0.939370
vt 0.863465 0.935507
vt 0.868094 0.933678
vt 0.881144 0.497501
vt 0.730755 0.861921
vt 0.858731 0.950874
vt 0.859253 0.933419
vt 0.800973 0.509417
vt 0.799897 0.502650
vt 0.805093 0.514799
vt 0.812012 0.515560
vt 0.818679 0.513101
vt 0.821879 0.506805
vt 0.821879 0.499903
vt 0.816938 0.495251
vt 0.868727 0.238992
vt 0.868203 0.232329
vt 0.875026 0.236126
vt 0.867835 0.227657
vt 0.861581 0.231077
vt 0.873144 0.243883
vt 0.865159 0.244881
vt 0.862105 0.237740
vt 0.734750 0.874812
vt 0.735433 0.881713
vt 0.730625 0.877657
vt 0.840652 0.946342
vt 0.839842 0.939605
vt 0.844745 0.943103
vt 0.734748 0.820531
vt 0.735513 0.826790
vt 0.730666 0.824631
vt 0.734900 0.808617
vt 0.735513 0.813735
vt 0.730755 0.809560
vt 0.821756 0.951397
vt 0.821097 0.945224
vt 0.825920 0.949217
vt 0.730716 0.871093
vt 0.844745 0.950067
vt 0.730666 0.816563
vt 0.821756 0.938470
vt 0.825765 0.934656
vt 0.825920 0.941619
vt 0.734750 0.888615
vt 0.730716 0.892334
vt 0.730625 0.885770
vt 0.759409 0.499903
vt 0.759409 0.506805
vt 0.754992 0.501913
vt 0.747802 0.493444
vt 0.754468 0.495251
vt 0.748170 0.498117
vt 0.737427 0.502650
vt 0.741547 0.496865
vt 0.742072 0.503528
vt 0.742623 0.514799
vt 0.738503 0.509417
vt 0.745126 0.510669
vt 0.756209 0.513101
vt 0.749543 0.515560
vt 0.753111 0.509671
vt 0.748694 0.504780
vt 0.725908 0.888277
vt 0.726571 0.881713
vt 0.829963 0.945265
vt 0.830589 0.950944
vt 0.830589 0.938650
vt 0.829699 0.933419
vt 0.725908 0.820456
vt 0.726654 0.813428
vt 0.726654 0.827154
vt 0.849478 0.945969
vt 0.848705 0.951219
vt 0.848705 0.939370
vt 0.844576 0.935507
vt 0.849205 0.933678
vt 0.725908 0.875150
vt 0.730755 0.830683
vt 0.839842 0.950874
vt 0.840364 0.933419
vt 0.858537 0.243629
vt 0.857461 0.236862
vt 0.862656 0.249011
vt 0.869576 0.249772
vt 0.876242 0.247314
vt 0.879443 0.241017
vt 0.879443 0.234116
vt 0.874501 0.229463
vt 0.311604 0.535219
vt 0.744818 0.755020
vt 0.587922 0.269679
vt 0.706193 0.287057
vt 0.930191 0.755020
vt 0.891564 0.286313
vt 0.412747 0.942032
vt 0.658228 0.777424
vt 0.773082 0.218484
vt 0.853532 0.533750
vt 0.666486 0.238737
vt 0.235045 0.925679
vt 0.640907 0.953499
vt 0.658250 0.059034
vt 0.682232 0.119368
vt 0.679442 0.141452
vt 0.671262 0.162031
vt 0.621545 0.201787
vt 0.600353 0.204695
vt 0.559413 0.193263
vt 0.542455 0.179703
vt 0.529443 0.162031
vt 0.521263 0.141452
vt 0.518473 0.119368
vt 0.521263 0.097284
vt 0.529443 0.076705
vt 0.559413 0.045474
vt 0.579161 0.036950
vt 0.600353 0.034042
vt 0.621545 0.036950
vt 0.671262 0.076705
vt 0.467702 0.737175
vt 0.458081 0.535219
vt 0.476261 0.535256
vt 0.909518 0.003234
vt 0.891344 0.003234
vt 0.438628 0.764293
vt 0.680953 0.777379
vt 0.699132 0.777379
vt 0.439684 0.751729
vt 0.930051 0.157998
vt 0.903351 0.447397
vt 0.921525 0.447397
vt 0.944922 0.245076
vt 0.960740 0.245076
vt 0.975774 0.877276
vt 0.965167 0.089553
vt 0.950410 0.737850
vt 0.950639 0.079577
vt 0.935669 0.185471
vt 0.688862 0.930164
vt 0.025239 0.920629
vt 0.919851 0.174254
vt 0.957600 0.698858
vt 0.954596 0.364487
vt 0.972129 0.708135
vt 0.930777 0.511205
vt 0.946596 0.511205
vt 0.899040 0.253073
vt 0.965167 0.009976
vt 0.942684 0.533750
vt 0.950639 0.000000
vt 0.948347 0.652797
vt 0.989705 0.439330
vt 0.135660 0.920629
vt 0.932529 0.641580
vt 0.955849 0.497661
vt 0.948457 0.936638
vt 0.970377 0.506937
vt 0.423267 0.992412
vt 0.960139 0.601213
vt 0.986614 0.142256
vt 0.992759 0.805313
vt 0.791400 0.966046
vt 0.782931 0.955455
vt 0.782931 0.941940
vt 0.803376 0.934883
vt 0.811844 0.958989
vt 0.449017 0.992412
vt 0.773678 0.955455
vt 0.765210 0.966046
vt 0.753234 0.967510
vt 0.744766 0.945474
vt 0.765210 0.933419
vt 0.708818 0.988094
vt 0.974004 0.335161
vt 0.994772 0.234927
vt 0.732461 0.236743
vt 0.732461 0.250066
vt 0.723871 0.259821
vt 0.703132 0.251207
vt 0.711723 0.228129
vt 0.999124 0.063918
vt 0.741714 0.250066
vt 0.741714 0.236743
vt 0.750305 0.227657
vt 0.771044 0.237884
vt 0.762453 0.260294
vt 0.974004 0.408251
vt 0.967865 0.954821
vt 0.915365 0.521031
vt 0.492340 0.975594
vt 0.839617 0.228129
vt 0.848208 0.237884
vt 0.848208 0.251207
vt 0.827469 0.259821
vt 0.818879 0.236743
vt 0.780296 0.237884
vt 0.788887 0.228129
vt 0.801035 0.227657
vt 0.809626 0.250066
vt 0.788887 0.260293
vt 0.714064 0.914323
vt 0.491685 0.898744
vt 0.936024 0.427339
vt 0.491685 0.722491
vt 0.637830 0.767827
vt 0.608210 0.768207
vt 0.579599 0.760598
vt 0.553948 0.745519
vt 0.533003 0.723996
vt 0.518194 0.697498
vt 0.510527 0.667830
vt 0.518194 0.607148
vt 0.533003 0.580270
vt 0.553948 0.558211
vt 0.579599 0.542473
vt 0.608210 0.534130
vt 0.637830 0.533750
vt 0.666441 0.541359
vt 0.713037 0.577960
vt 0.727847 0.604458
vt 0.735513 0.634127
vt 0.735513 0.664944
vt 0.727847 0.694809
vt 0.713037 0.721687
vt 0.692092 0.743746
vt 0.097683 0.769675
vt 0.069072 0.762066
vt 0.043421 0.746987
vt 0.022476 0.725465
vt 0.007666 0.698967
vt 0.000000 0.669299
vt 0.000000 0.638482
vt 0.022476 0.581739
vt 0.043421 0.559679
vt 0.069072 0.543942
vt 0.097683 0.535599
vt 0.127303 0.535219
vt 0.155913 0.542828
vt 0.181565 0.557907
vt 0.217319 0.605927
vt 0.224986 0.635595
vt 0.224986 0.666412
vt 0.217319 0.696277
vt 0.202509 0.723155
vt 0.181565 0.745215
vt 0.155913 0.760952
s 0
usemtl MMO_iron
f 17/1/1 9/2/1 1/3/1
s 1
f 2/4/2 25/5/3 1/3/4
f 3/6/5 26/7/6 2/4/2
f 4/8/7 27/9/8 3/6/5
f 5/10/9 28/11/10 4/8/7
f 6/12/11 29/13/12 5/10/9
f 7/14/13 30/15/14 6/12/11
f 7/14/13 32/16/15 31/17/16
f 8/18/17 33/19/18 32/16/15
f 9/2/19 34/20/20 33/19/18
f 10/21/21 35/22/22 34/20/20
f 11/23/23 36/24/24 35/22/22
f 12/25/25 37/26/26 36/24/24
f 14/27/27 37/26/26 13/28/28
f 15/29/29 38/30/30 14/27/27
f 16/31/31 39/32/32 15/29/29
f 17/1/33 40/33/34 16/31/31
f 18/34/35 41/35/36 17/1/33
f 19/36/37 42/37/38 18/34/35
f 19/36/37 44/38/39 43/39/40
f 20/40/41 45/41/42 44/38/39
f 21/42/43 46/43/44 45/41/42
f 22/44/45 47/45/46 46/43/44
f 23/46/47 48/47/48 47/45/46
f 24/48/49 25/5/3 48/47/48
f 26/49/6 49/50/50 25/51/3
f 27/52/8 50/53/51 26/49/6
f 28/54/10 51/55/52 27/52/8
f 29/56/12 52/57/53 28/58/10
f 30/59/14 53/60/54 29/56/12
f 31/61/16 54/62/55 30/59/14
f 31/61/16 56/63/56 55/64/57
f 32/65/15 57/66/58 56/63/56
f 33/67/18 58/68/59 57/69/58
f 34/70/20 59/71/60 58/68/59
f 35/72/22 60/73/61 59/71/60
f 36/74/24 61/75/62 60/73/61
f 38/76/30 61/75/62 37/77/26
f 39/78/32 62/79/63 38/76/30
f 40/80/34 63/81/64 39/78/32
f 41/82/36 64/83/65 40/84/34
f 42/85/38 65/86/66 41/82/36
f 43/87/40 66/88/67 42/85/38
f 43/87/40 68/89/68 67/90/69
f 44/91/39 69/92/70 68/89/68
f 45/93/42 70/94/71 69/92/70
f 46/95/44 71/96/72 70/97/71
f 47/98/46 72/99/73 71/96/72
f 48/100/48 49/50/50 72/99/73
f 49/50/50 74/101/74 73/102/75
f 50/53/51 75/103/76 74/101/74
f 51/55/52 76/104/77 75/103/76
f 52/57/53 77/105/78 76/106/77
f 53/60/54 78/107/79 77/105/78
f 54/62/55 79/108/80 78/107/79
f 56/63/56 79/108/80 55/64/57
f 57/66/58 80/109/81 56/63/56
f 58/68/59 81/110/82 57/69/58
f 59/71/60 82/111/83 58/68/59
f 60/73/61 83/112/84 59/71/60
f 61/75/62 84/113/85 60/73/61
f 61/75/62 86/114/86 85/115/87
f 62/79/63 87/116/88 86/114/86
f 63/81/64 88/117/89 87/116/88
f 64/83/65 89/118/90 88/119/89
f 65/86/66 90/120/91 89/118/90
f 66/88/67 91/121/92 90/120/91
f 68/89/68 91/121/92 67/90/69
f 69/92/70 92/122/93 68/89/68
f 70/94/71 93/123/94 69/92/70
f 71/96/72 94/124/95 70/97/71
f 72/99/73 95/125/96 71/96/72
f 49/50/50 96/126/97 72/99/73
f 73/102/75 98/127/98 97/128/99
f 74/101/74 99/129/100 98/127/98
f 75/103/76 100/130/101 99/129/100
f 76/106/77 101/131/102 100/132/101
f 77/105/78 102/133/103 101/131/102
f 78/107/79 103/134/104 102/133/103
f 80/109/81 103/134/104 79/108/80
f 81/135/82 104/136/105 80/109/81
f 82/111/83 105/137/106 81/110/82
f 83/112/84 106/138/107 82/111/83
f 84/113/85 107/139/108 83/112/84
f 85/115/87 108/140/109 84/113/85
f 85/115/87 110/141/110 109/142/111
f 86/114/86 111/143/112 110/141/110
f 87/116/88 112/144/113 111/143/112
f 88/119/89 113/145/114 112/146/113
f 89/118/90 114/147/115 113/145/114
f 90/120/91 115/148/116 114/147/115
f 92/122/93 115/148/116 91/121/92
f 93/123/94 116/149/117 92/122/93
f 94/150/95 117/151/118 93/123/94
f 95/125/96 118/152/119 94/124/95
f 96/126/97 119/153/120 95/125/96
f 73/102/75 120/154/121 96/126/97
f 97/155/99 122/156/122 121/157/123
f 98/158/98 123/159/124 122/156/122
f 99/160/100 124/161/125 123/159/124
f 100/162/101 125/163/126 124/161/125
f 101/164/102 126/165/127 125/163/126
f 102/166/103 127/167/128 126/165/127
f 104/168/105 127/167/128 103/169/104
f 105/170/106 128/171/129 104/168/105
f 106/172/107 129/173/130 105/170/106
f 107/174/108 130/175/131 106/172/107
f 108/176/109 131/177/132 107/174/108
f 109/178/111 132/179/133 108/176/109
f 109/178/111 134/180/134 133/181/135
f 110/182/110 135/183/136 134/180/134
f 111/184/112 136/185/137 135/183/136
f 112/186/113 137/187/138 136/185/137
f 113/188/114 138/189/139 137/187/138
f 114/190/115 139/191/140 138/189/139
f 116/192/117 139/191/140 115/193/116
f 117/194/118 140/195/141 116/192/117
f 118/196/119 141/197/142 117/194/118
f 119/198/120 142/199/143 118/196/119
f 120/200/121 143/201/144 119/198/120
f 97/155/99 144/202/145 120/200/121
f 122/203/122 145/204/146 121/205/123
f 123/206/124 146/207/147 122/203/122
f 124/208/125 147/209/148 123/206/124
f 125/210/126 148/211/149 124/212/125
f 126/213/127 149/214/150 125/210/126
f 127/215/128 150/216/151 126/213/127
f 127/215/128 152/217/152 151/218/153
f 128/219/129 153/220/154 152/217/152
f 129/221/130 154/222/155 153/220/154
f 130/223/131 155/224/156 154/225/155
f 131/226/132 156/227/157 155/224/156
f 132/228/133 157/229/158 156/227/157
f 134/230/134 157/229/158 133/231/135
f 135/232/136 158/233/159 134/230/134
f 136/234/137 159/235/160 135/232/136
f 137/236/138 160/237/161 136/238/137
f 138/239/139 161/240/162 137/236/138
f 139/241/140 162/242/163 138/239/139
f 139/241/140 164/243/164 163/244/165
f 140/245/141 165/246/166 164/243/164
f 141/247/142 166/248/167 165/249/166
f 142/250/143 167/251/168 166/248/167
f 143/252/144 168/253/169 167/251/168
f 144/254/145 145/204/146 168/253/169
f 146/207/147 169/255/170 145/204/146
f 147/209/148 170/256/171 146/207/147
f 148/257/149 171/258/172 147/209/148
f 149/214/150 172/259/173 148/211/149
f 150/216/151 173/260/174 149/214/150
f 151/218/153 174/261/175 150/216/151
f 151/218/153 176/262/176 175/263/177
f 152/217/152 177/264/178 176/262/176
f 153/220/154 178/265/179 177/264/178
f 154/225/155 179/266/180 178/267/179
f 155/224/156 180/268/181 179/266/180
f 156/227/157 181/269/182 180/268/181
f 158/233/159 181/269/182 157/229/158
f 159/235/160 182/270/183 158/233/159
f 160/271/161 183/272/184 159/235/160
f 161/240/162 184/273/185 160/237/161
f 162/242/163 185/274/186 161/240/162
f 163/244/165 186/275/187 162/242/163
f 163/244/165 188/276/188 187/277/189
f 164/243/164 189/278/190 188/276/188
f 165/249/166 190/279/191 189/280/190
f 166/248/167 191/281/192 190/279/191
f 167/251/168 192/282/193 191/281/192
f 168/253/169 169/255/170 192/282/193
f 169/255/170 194/283/194 193/284/195
f 170/256/171 195/285/196 194/283/194
f 171/258/172 196/286/197 195/285/196
f 172/287/173 197/288/198 196/289/197
f 173/260/174 198/290/199 197/291/198
f 174/261/175 199/292/200 198/290/199
f 176/262/176 199/292/200 175/263/177
f 177/264/178 200/293/201 176/262/176
f 178/265/179 201/294/202 177/264/178
f 179/266/180 202/295/203 178/267/179
f 180/268/181 203/296/204 179/266/180
f 181/269/182 204/297/205 180/268/181
f 181/269/182 206/298/206 205/299/207
f 182/270/183 207/300/208 206/298/206
f 183/272/184 208/301/209 207/300/208
f 184/273/185 209/302/210 208/303/209
f 185/274/186 210/304/211 209/302/210
f 186/275/187 211/305/212 210/304/211
f 188/276/188 211/305/212 187/277/189
f 189/278/190 212/306/213 188/276/188
f 190/307/191 213/308/214 189/309/190
f 191/281/192 214/310/215 190/279/191
f 192/282/193 215/311/216 191/281/192
f 169/255/170 216/312/217 192/282/193
s 0
f 200/313/218 208/314/218 216/315/218
s 1
f 343/528/335 338/529/336 337/530/1
f 344/531/337 339/532/338 338/533/336
f 345/534/339 340/535/218 339/536/338
f 340/535/218 347/537/340 341/538/341
f 341/539/341 348/540/342 342/541/343
f 342/542/343 343/528/335 337/530/1
f 349/543/344 344/544/337 343/528/335
f 350/545/345 345/546/339 344/531/337
f 351/547/346 346/548/347 345/534/339
f 346/548/347 353/549/348 347/537/340
f 347/550/340 354/551/349 348/540/342
f 348/552/342 349/543/344 343/528/335
f 355/553/350 350/554/345 349/555/344
f 356/556/351 351/557/346 350/545/345
f 357/558/352 352/559/353 351/560/346
f 352/561/353 359/562/354 353/549/348
f 353/563/348 360/564/355 354/551/349
f 354/551/349 355/565/350 349/566/344
f 361/567/356 356/568/351 355/553/350
f 362/569/357 357/570/352 356/556/351
f 363/571/358 358/572/359 357/558/352
f 358/572/359 365/573/360 359/574/354
f 359/575/354 366/576/361 360/564/355
f 360/577/355 361/567/356 355/553/350
f 367/578/255 362/579/357 361/567/356
f 368/580/362 363/581/358 362/569/357
f 369/582/363 364/583/364 363/571/358
f 364/583/364 371/584/365 365/573/360
f 365/585/360 372/586/366 366/576/361
f 366/587/361 367/578/255 361/567/356
f 367/578/255 374/588/367 368/589/362
f 368/580/362 375/590/368 369/591/363
f 369/582/363 376/592/369 370/593/251
f 376/592/369 371/584/365 370/593/251
f 377/594/370 372/586/366 371/595/365
f 378/596/371 367/578/255 372/597/366
f 373/598/372 380/599/373 374/588/367
f 374/600/367 381/601/374 375/590/368
f 375/602/368 382/603/375 376/592/369
f 382/603/375 377/604/370 376/592/369
f 383/605/376 378/606/371 377/594/370
f 384/607/377 373/598/372 378/596/371
f 379/608/378 386/609/379 380/599/373
f 380/610/373 387/611/380 381/601/374
f 381/612/374 388/613/381 382/603/375
f 388/614/381 383/615/376 382/616/375
f 389/617/382 384/618/377 383/605/376
f 390/619/383 379/620/378 384/621/377
f 385/622/384 392/623/385 386/624/379
f 386/625/379 393/626/386 387/611/380
f 387/627/380 394/628/387 388/614/381
f 394/628/387 389/629/382 388/614/381
f 395/630/388 390/631/383 389/617/382
f 396/632/389 385/622/384 390/619/383
f 391/633/390 398/634/391 392/623/385
f 392/635/385 399/636/392 393/626/386
f 393/637/386 400/638/1 394/628/387
f 400/638/1 395/639/388 394/628/387
f 401/640/393 396/641/389 395/630/388
f 402/642/394 391/633/390 396/632/389
f 403/643/395 398/634/391 397/644/218
f 404/645/396 399/636/392 398/646/391
f 405/647/397 400/638/1 399/648/392
f 400/638/1 407/649/398 401/650/393
f 401/640/393 408/651/399 402/652/394
f 402/642/394 403/643/395 397/644/218
f 409/653/400 404/654/396 403/643/395
f 410/655/401 405/656/397 404/645/396
f 411/657/402 406/658/403 405/647/397
f 406/658/403 413/659/404 407/649/398
f 407/660/398 414/661/405 408/651/399
f 408/662/399 409/653/400 403/643/395
f 415/663/406 410/664/401 409/665/400
f 416/666/407 411/667/402 410/655/401
f 417/668/408 412/669/409 411/670/402
f 412/671/409 419/672/410 413/673/404
f 413/673/404 420/674/411 414/661/405
f 414/675/405 415/676/406 409/653/400
f 421/677/412 416/678/407 415/663/406
f 422/679/413 417/680/408 416/666/407
f 423/681/414 418/682/415 417/668/408
f 418/682/415 425/683/416 419/684/410
f 419/672/410 426/685/417 420/674/411
f 420/686/411 421/677/412 415/663/406
f 427/687/251 422/688/413 421/677/412
f 428/689/418 423/690/414 422/679/413
f 429/691/419 424/692/420 423/681/414
f 424/692/420 431/693/421 425/683/416
f 425/694/416 432/695/422 426/685/417
f 426/696/417 427/687/251 421/677/412
f 427/687/251 434/697/423 428/698/418
f 428/689/418 435/699/424 429/700/419
f 429/691/419 436/701/425 430/702/255
f 436/701/425 431/693/421 430/702/255
f 437/703/426 432/695/422 431/704/421
f 438/705/427 427/687/251 432/706/422
f 433/707/428 440/708/429 434/697/423
f 434/709/423 441/710/430 435/699/424
f 435/711/424 442/712/431 436/701/425
f 442/712/431 437/713/426 436/701/425
f 443/714/432 438/715/427 437/703/426
f 444/716/433 433/707/428 438/705/427
f 439/717/434 446/718/435 440/708/429
f 440/719/429 447/720/436 441/710/430
f 441/721/430 448/722/437 442/712/431
f 448/723/437 443/724/432 442/725/431
f 449/726/438 444/727/433 443/714/432
f 450/728/439 439/729/434 444/730/433
f 445/731/440 452/732/441 446/733/435
f 446/734/435 453/735/442 447/720/436
f 447/736/436 454/737/443 448/723/437
f 454/737/443 449/738/438 448/723/437
f 455/739/444 450/740/439 449/726/438
f 456/741/445 445/731/440 450/728/439
f 451/742/446 338/529/336 452/732/441
f 452/743/441 339/532/338 453/735/442
f 453/744/442 340/535/218 454/737/443
f 340/535/218 455/745/444 454/737/443
f 341/539/341 456/746/445 455/739/444
f 342/542/343 451/742/446 456/741/445
f 463/747/335 458/748/336 457/749/1
f 464/750/337 459/751/338 458/752/336
f 465/753/339 460/754/218 459/755/338
f 460/754/218 467/756/340 461/757/341
f 461/758/341 468/759/342 462/760/343
f 462/761/343 463/747/335 457/749/1
f 469/762/344 464/763/337 463/747/335
f 470/764/345 465/765/339 464/750/337
f 471/766/346 466/767/347 465/753/339
f 466/767/347 473/768/348 467/756/340
f 467/769/340 474/770/349 468/759/342
f 468/771/342 469/762/344 463/747/335
f 475/772/350 470/773/345 469/774/344
f 476/775/351 471/776/346 470/764/345
f 477/777/352 472/778/353 471/779/346
f 472/780/353 479/781/354 473/768/348
f 473/782/348 480/783/355 474/770/349
f 474/770/349 475/784/350 469/785/344
f 481/786/356 476/787/351 475/772/350
f 482/788/357 477/789/352 476/775/351
f 483/790/358 478/791/359 477/777/352
f 478/791/359 485/792/360 479/793/354
f 479/794/354 486/795/361 480/783/355
f 480/796/355 481/786/356 475/772/350
f 487/797/255 482/798/357 481/786/356
f 488/799/362 483/800/358 482/788/357
f 489/801/363 484/802/364 483/790/358
f 484/802/364 491/803/365 485/792/360
f 485/804/360 492/805/366 486/795/361
f 486/806/361 487/797/255 481/786/356
f 487/797/255 494/807/367 488/808/362
f 488/799/362 495/809/368 489/810/363
f 489/801/363 496/811/369 490/812/251
f 496/811/369 491/803/365 490/812/251
f 497/813/370 492/805/366 491/814/365
f 498/815/371 487/797/255 492/816/366
f 493/817/372 500/818/373 494/807/367
f 494/819/367 501/820/374 495/809/368
f 495/821/368 502/822/375 496/811/369
f 502/822/375 497/823/370 496/811/369
f 503/824/376 498/825/371 497/813/370
f 504/826/377 493/817/372 498/815/371
f 499/827/378 506/828/379 500/818/373
f 500/829/373 507/830/380 501/820/374
f 501/831/374 508/832/381 502/822/375
f 508/833/381 503/834/376 502/835/375
f 509/836/382 504/837/377 503/824/376
f 510/838/383 499/839/378 504/840/377
f 505/841/384 512/842/385 506/843/379
f 506/844/379 513/845/386 507/830/380
f 507/846/380 514/847/387 508/833/381
f 514/847/387 509/848/382 508/833/381
f 515/849/388 510/850/383 509/836/382
f 516/851/389 505/841/384 510/838/383
f 511/852/390 518/853/391 512/842/385
f 512/854/385 519/855/392 513/845/386
f 513/856/386 520/857/1 514/847/387
f 520/857/1 515/858/388 514/847/387
f 521/859/393 516/860/389 515/849/388
f 522/861/394 511/852/390 516/851/389
f 523/862/395 518/853/391 517/863/218
f 524/864/396 519/855/392 518/865/391
f 525/866/397 520/857/1 519/867/392
f 520/857/1 527/868/398 521/869/393
f 521/859/393 528/870/399 522/871/394
f 522/861/394 523/862/395 517/863/218
f 529/872/400 524/873/396 523/862/395
f 530/874/401 525/875/397 524/864/396
f 531/876/402 526/877/403 525/866/397
f 526/877/403 533/878/404 527/868/398
f 527/879/398 534/880/405 528/870/399
f 528/881/399 529/872/400 523/862/395
f 535/882/406 530/883/401 529/884/400
f 536/885/407 531/886/402 530/874/401
f 537/887/408 532/888/409 531/889/402
f 532/890/409 539/891/410 533/892/404
f 533/892/404 540/893/411 534/880/405
f 534/894/405 535/895/406 529/872/400
f 541/896/412 536/897/407 535/882/406
f 542/898/413 537/899/408 536/885/407
f 543/900/414 538/901/415 537/887/408
f 538/901/415 545/902/416 539/903/410
f 539/891/410 546/904/417 540/893/411
f 540/905/411 541/896/412 535/882/406
f 547/906/251 542/907/413 541/896/412
f 548/908/418 543/909/414 542/898/413
f 549/910/419 544/911/420 543/900/414
f 544/911/420 551/912/421 545/902/416
f 545/913/416 552/914/422 546/904/417
f 546/915/417 547/906/251 541/896/412
f 547/906/251 554/916/423 548/917/418
f 548/908/418 555/918/424 549/919/419
f 549/910/419 556/920/425 550/921/255
f 556/920/425 551/912/421 550/921/255
f 557/922/426 552/914/422 551/923/421
f 558/924/427 547/906/251 552/925/422
f 553/926/428 560/927/429 554/916/423
f 554/928/423 561/929/430 555/918/424
f 555/930/424 562/931/431 556/920/425
f 562/931/431 557/932/426 556/920/425
f 563/933/432 558/934/427 557/922/426
f 564/935/433 553/926/428 558/924/427
f 559/936/434 566/937/435 560/927/429
f 560/938/429 567/939/436 561/929/430
f 561/940/430 568/941/437 562/931/431
f 568/942/437 563/943/432 562/944/431
f 569/945/438 564/946/433 563/933/432
f 570/947/439 559/948/434 564/949/433
f 565/950/440 572/951/441 566/952/435
f 566/953/435 573/954/442 567/939/436
f 567/955/436 574/956/443 568/942/437
f 574/956/443 569/957/438 568/942/437
f 575/958/444 570/959/439 569/945/438
f 576/960/445 565/950/440 570/947/439
f 571/961/446 458/748/336 572/951/441
f 572/962/441 459/751/338 573/954/442
f 573/963/442 460/754/218 574/956/443
f 460/754/218 575/964/444 574/956/443
f 461/758/341 576/965/445 575/958/444
f 462/761/343 571/961/446 576/960/445
f 578/966/447 579/967/448 577/968/449
f 580/969/450 581/970/451 579/971/448
f 582/972/452 583/973/453 581/970/451
f 584/974/454 585/975/455 583/976/453
f 585/975/455 588/977/456 587/978/457
f 587/979/457 590/980/458 589/981/459
s 0
f 590/982/460 586/983/460 582/984/460
s 1
f 589/981/459 592/985/461 591/986/462
f 591/987/462 578/966/447 577/968/449
s 0
f 583/988/463 587/989/463 591/990/463
s 1
f 594/991/464 595/992/465 593/993/466
f 596/994/467 597/995/468 595/992/465
f 598/996/469 599/997/470 597/998/468
f 600/999/471 601/1000/472 599/997/470
f 601/1001/472 604/1002/473 603/1003/474
f 603/1003/474 606/1004/475 605/1005/476
s 0
f 606/1006/477 602/1007/477 598/1008/477
s 1
f 605/1009/476 608/1010/478 607/1011/479
f 607/1011/479 594/1012/464 593/1013/466
s 0
f 599/1014/480 603/1015/480 607/1016/480
s 1
f 610/1017/481 611/1018/482 609/1019/483
f 612/1020/484 613/1021/485 611/1018/482
f 614/1022/486 615/1023/487 613/1024/485
f 616/1025/488 617/1026/489 615/1023/487
f 617/1027/489 620/1028/490 619/1029/491
f 619/1030/491 622/1031/492 621/1032/493
s 0
f 622/1033/494 618/1034/494 614/1035/494
s 1
f 621/1032/493 624/1036/495 623/1037/496
f 623/1037/496 610/1038/481 609/1039/483
s 0
f 615/1040/497 619/1041/497 623/1042/497
f 1/3/1 24/48/1 23/46/1
f 23/46/1 22/44/1 21/42/1
f 21/42/1 20/40/1 19/36/1
f 19/36/1 18/34/1 17/1/1
f 17/1/1 16/31/1 15/29/1
f 15/29/1 14/27/1 13/28/1
f 13/28/1 12/25/1 11/23/1
f 11/23/1 10/21/1 9/2/1
f 9/2/1 8/18/1 7/14/1
f 7/14/1 6/12/1 5/10/1
f 5/10/1 4/8/1 3/6/1
f 3/6/1 2/4/1 1/3/1
f 1/3/1 23/46/1 21/42/1
f 21/42/1 19/36/1 17/1/1
f 17/1/1 15/29/1 13/28/1
f 13/28/1 11/23/1 9/2/1
f 9/2/1 7/14/1 5/10/1
f 5/10/1 3/6/1 1/3/1
f 1/3/1 21/42/1 17/1/1
f 17/1/1 13/28/1 9/2/1
f 9/2/1 5/10/1 1/3/1
s 1
f 2/4/2 26/7/6 25/5/3
f 3/6/5 27/9/8 26/7/6
f 4/8/7 28/11/10 27/9/8
f 5/10/9 29/13/12 28/11/10
f 6/12/11 30/15/14 29/13/12
f 7/14/13 31/17/16 30/15/14
f 7/14/13 8/18/17 32/16/15
f 8/18/17 9/2/19 33/19/18
f 9/2/19 10/21/21 34/20/20
f 10/21/21 11/23/23 35/22/22
f 11/23/23 12/25/25 36/24/24
f 12/25/25 13/28/28 37/26/26
f 14/27/27 38/30/30 37/26/26
f 15/29/29 39/32/32 38/30/30
f 16/31/31 40/33/34 39/32/32
f 17/1/33 41/35/36 40/33/34
f 18/34/35 42/37/38 41/35/36
f 19/36/37 43/39/40 42/37/38
f 19/36/37 20/40/41 44/38/39
f 20/40/41 21/42/43 45/41/42
f 21/42/43 22/44/45 46/43/44
f 22/44/45 23/46/47 47/45/46
f 23/46/47 24/48/49 48/47/48
f 24/48/49 1/3/4 25/5/3
f 26/49/6 50/53/51 49/50/50
f 27/52/8 51/55/52 50/53/51
f 28/54/10 52/1323/53 51/55/52
f 29/56/12 53/60/54 52/57/53
f 30/59/14 54/62/55 53/60/54
f 31/61/16 55/64/57 54/62/55
f 31/61/16 32/65/15 56/63/56
f 32/65/15 33/1324/18 57/66/58
f 33/67/18 34/70/20 58/68/59
f 34/70/20 35/72/22 59/71/60
f 35/72/22 36/74/24 60/73/61
f 36/74/24 37/77/26 61/75/62
f 38/76/30 62/79/63 61/75/62
f 39/78/32 63/81/64 62/79/63
f 40/80/34 64/1325/65 63/81/64
f 41/82/36 65/86/66 64/83/65
f 42/85/38 66/88/67 65/86/66
f 43/87/40 67/90/69 66/88/67
f 43/87/40 44/91/39 68/89/68
f 44/91/39 45/93/42 69/92/70
f 45/93/42 46/1326/44 70/94/71
f 46/95/44 47/98/46 71/96/72
f 47/98/46 48/100/48 72/99/73
f 48/100/48 25/51/3 49/50/50
f 49/50/50 50/53/51 74/101/74
f 50/53/51 51/55/52 75/103/76
f 51/55/52 52/1323/53 76/104/77
f 52/57/53 53/60/54 77/105/78
f 53/60/54 54/62/55 78/107/79
f 54/62/55 55/64/57 79/108/80
f 56/63/56 80/109/81 79/108/80
f 57/66/58 81/135/82 80/109/81
f 58/68/59 82/111/83 81/110/82
f 59/71/60 83/112/84 82/111/83
f 60/73/61 84/113/85 83/112/84
f 61/75/62 85/115/87 84/113/85
f 61/75/62 62/79/63 86/114/86
f 62/79/63 63/81/64 87/116/88
f 63/81/64 64/1325/65 88/117/89
f 64/83/65 65/86/66 89/118/90
f 65/86/66 66/88/67 90/120/91
f 66/88/67 67/90/69 91/121/92
f 68/89/68 92/122/93 91/121/92
f 69/92/70 93/123/94 92/122/93
f 70/94/71 94/150/95 93/123/94
f 71/96/72 95/125/96 94/124/95
f 72/99/73 96/126/97 95/125/96
f 49/50/50 73/102/75 96/126/97
f 73/102/75 74/101/74 98/127/98
f 74/101/74 75/103/76 99/129/100
f 75/103/76 76/104/77 100/130/101
f 76/106/77 77/105/78 101/131/102
f 77/105/78 78/107/79 102/133/103
f 78/107/79 79/108/80 103/134/104
f 80/109/81 104/136/105 103/134/104
f 81/135/82 105/1327/106 104/136/105
f 82/111/83 106/138/107 105/137/106
f 83/112/84 107/139/108 106/138/107
f 84/113/85 108/140/109 107/139/108
f 85/115/87 109/142/111 108/140/109
f 85/115/87 86/114/86 110/141/110
f 86/114/86 87/116/88 111/143/112
f 87/116/88 88/117/89 112/144/113
f 88/119/89 89/118/90 113/145/114
f 89/118/90 90/120/91 114/147/115
f 90/120/91 91/121/92 115/148/116
f 92/122/93 116/149/117 115/148/116
f 93/123/94 117/151/118 116/149/117
f 94/150/95 118/1328/119 117/151/118
f 95/125/96 119/153/120 118/152/119
f 96/126/97 120/154/121 119/153/120
f 73/102/75 97/128/99 120/154/121
f 97/155/99 98/158/98 122/156/122
f 98/158/98 99/160/100 123/159/124
f 99/160/100 100/162/101 124/161/125
f 100/162/101 101/164/102 125/163/126
f 101/164/102 102/166/103 126/165/127
f 102/166/103 103/169/104 127/167/128
f 104/168/105 128/171/129 127/167/128
f 105/170/106 129/173/130 128/171/129
f 106/172/107 130/175/131 129/173/130
f 107/174/108 131/177/132 130/175/131
f 108/176/109 132/179/133 131/177/132
f 109/178/111 133/181/135 132/179/133
f 109/178/111 110/182/110 134/180/134
f 110/182/110 111/184/112 135/183/136
f 111/184/112 112/186/113 136/185/137
f 112/186/113 113/188/114 137/187/138
f 113/188/114 114/190/115 138/189/139
f 114/190/115 115/193/116 139/191/140
f 116/192/117 140/195/141 139/191/140
f 117/194/118 141/197/142 140/195/141
f 118/196/119 142/199/143 141/197/142
f 119/198/120 143/201/144 142/199/143
f 120/200/121 144/202/145 143/201/144
f 97/155/99 121/157/123 144/202/145
f 122/203/122 146/207/147 145/204/146
f 123/206/124 147/209/148 146/207/147
f 124/208/125 148/257/149 147/209/148
f 125/210/126 149/214/150 148/211/149
f 126/213/127 150/216/151 149/214/150
f 127/215/128 151/218/153 150/216/151
f 127/215/128 128/219/129 152/217/152
f 128/219/129 129/221/130 153/220/154
f 129/221/130 130/1329/131 154/222/155
f 130/223/131 131/226/132 155/224/156
f 131/226/132 132/228/133 156/227/157
f 132/228/133 133/231/135 157/229/158
f 134/230/134 158/233/159 157/229/158
f 135/232/136 159/235/160 158/233/159
f 136/234/137 160/271/161 159/235/160
f 137/236/138 161/240/162 160/237/161
f 138/239/139 162/242/163 161/240/162
f 139/241/140 163/244/165 162/242/163
f 139/241/140 140/245/141 164/243/164
f 140/245/141 141/1330/142 165/246/166
f 141/247/142 142/250/143 166/248/167
f 142/250/143 143/252/144 167/251/168
f 143/252/144 144/254/145 168/253/169
f 144/254/145 121/205/123 145/204/146
f 146/207/147 170/256/171 169/255/170
f 147/209/148 171/258/172 170/256/171
f 148/257/149 172/1331/173 171/258/172
f 149/214/150 173/260/174 172/259/173
f 150/216/151 174/261/175 173/260/174
f 151/218/153 175/263/177 174/261/175
f 151/218/153 152/217/152 176/262/176
f 152/217/152 153/220/154 177/264/178
f 153/220/154 154/222/155 178/265/179
f 154/225/155 155/224/156 179/266/180
f 155/224/156 156/227/157 180/268/181
f 156/227/157 157/229/158 181/269/182
f 158/233/159 182/270/183 181/269/182
f 159/235/160 183/272/184 182/270/183
f 160/271/161 184/1332/185 183/272/184
f 161/240/162 185/274/186 184/273/185
f 162/242/163 186/275/187 185/274/186
f 163/244/165 187/277/189 186/275/187
f 163/244/165 164/243/164 188/276/188
f 164/243/164 165/246/166 189/278/190
f 165/249/166 166/248/167 190/279/191
f 166/248/167 167/251/168 191/281/192
f 167/251/168 168/253/169 192/282/193
f 168/253/169 145/204/146 169/255/170
f 169/255/170 170/256/171 194/283/194
f 170/256/171 171/258/172 195/285/196
f 171/258/172 172/1331/173 196/286/197
f 172/287/173 173/1333/174 197/288/198
f 173/260/174 174/261/175 198/290/199
f 174/261/175 175/263/177 199/292/200
f 176/262/176 200/293/201 199/292/200
f 177/264/178 201/294/202 200/293/201
f 178/265/179 202/1334/203 201/294/202
f 179/266/180 203/296/204 202/295/203
f 180/268/181 204/297/205 203/296/204
f 181/269/182 205/299/207 204/297/205
f 181/269/182 182/270/183 206/298/206
f 182/270/183 183/272/184 207/300/208
f 183/272/184 184/1332/185 208/301/209
f 184/273/185 185/274/186 209/302/210
f 185/274/186 186/275/187 210/304/211
f 186/275/187 187/277/189 211/305/212
f 188/276/188 212/306/213 211/305/212
f 189/278/190 213/1335/214 212/306/213
f 190/307/191 214/1336/215 213/308/214
f 191/281/192 215/311/216 214/310/215
f 192/282/193 216/312/217 215/311/216
f 169/255/170 193/284/195 216/312/217
s 0
f 216/315/218 193/1337/218 194/1338/218
f 194/1338/218 195/1339/218 196/289/218
f 196/289/218 197/288/218 198/1340/218
f 198/1340/218 199/1341/218 200/313/218
f 200/313/218 201/1342/218 202/1343/218
f 202/1343/218 203/1344/218 204/1345/218
f 204/1345/218 205/1346/218 206/1347/218
f 206/1347/218 207/1348/218 208/314/218
f 208/314/218 209/1349/218 210/1350/218
f 210/1350/218 211/1351/218 212/1352/218
f 212/1352/218 213/308/218 214/1336/218
f 214/1336/218 215/1353/218 216/315/218
f 216/315/218 194/1338/218 196/289/218
f 196/289/218 198/1340/218 200/313/218
f 200/313/218 202/1343/218 204/1345/218
f 204/1345/218 206/1347/218 208/314/218
f 208/314/218 210/1350/218 212/1352/218
f 212/1352/218 214/1336/218 216/315/218
f 216/315/218 196/289/218 200/313/218
f 200/313/218 204/1345/218 208/314/218
f 208/314/218 212/1352/218 216/315/218
s 1
f 343/528/335 344/544/337 338/529/336
f 344/531/337 345/546/339 339/532/338
f 345/534/339 346/548/347 340/535/218
f 340/535/218 346/548/347 347/537/340
f 341/539/341 347/550/340 348/540/342
f 342/542/343 348/552/342 343/528/335
f 349/543/344 350/1366/345 344/544/337
f 350/545/345 351/557/346 345/546/339
f 351/547/346 352/561/353 346/548/347
f 346/548/347 352/561/353 353/549/348
f 347/550/340 353/563/348 354/551/349
f 348/552/342 354/1367/349 349/543/344
f 355/553/350 356/568/351 350/554/345
f 356/556/351 357/570/352 351/557/346
f 357/558/352 358/572/359 352/559/353
f 352/561/353 358/1368/359 359/562/354
f 353/563/348 359/575/354 360/564/355
f 354/551/349 360/564/355 355/565/350
f 361/567/356 362/579/357 356/568/351
f 362/569/357 363/581/358 357/570/352
f 363/571/358 364/583/364 358/572/359
f 358/572/359 364/583/364 365/573/360
f 359/575/354 365/585/360 366/576/361
f 360/577/355 366/587/361 361/567/356
f 367/578/255 368/589/362 362/579/357
f 368/580/362 369/591/363 363/581/358
f 369/582/363 370/593/251 364/583/364
f 364/583/364 370/593/251 371/584/365
f 365/585/360 371/595/365 372/586/366
f 366/587/361 372/597/366 367/578/255
f 367/578/255 373/598/372 374/588/367
f 368/580/362 374/600/367 375/590/368
f 369/582/363 375/602/368 376/592/369
f 376/592/369 377/604/370 371/584/365
f 377/594/370 378/606/371 372/586/366
f 378/596/371 373/598/372 367/578/255
f 373/598/372 379/608/378 380/599/373
f 374/600/367 380/610/373 381/601/374
f 375/602/368 381/612/374 382/603/375
f 382/603/375 383/1369/376 377/604/370
f 383/605/376 384/618/377 378/606/371
f 384/607/377 379/608/378 373/598/372
f 379/608/378 385/1370/384 386/609/379
f 380/610/373 386/625/379 387/611/380
f 381/612/374 387/1371/380 388/613/381
f 388/614/381 389/629/382 383/615/376
f 389/617/382 390/631/383 384/618/377
f 390/619/383 385/622/384 379/620/378
f 385/622/384 391/633/390 392/623/385
f 386/625/379 392/635/385 393/626/386
f 387/627/380 393/637/386 394/628/387
f 394/628/387 395/639/388 389/629/382
f 395/630/388 396/641/389 390/631/383
f 396/632/389 391/633/390 385/622/384
f 391/633/390 397/644/218 398/634/391
f 392/635/385 398/646/391 399/636/392
f 393/637/386 399/648/392 400/638/1
f 400/638/1 401/650/393 395/639/388
f 401/640/393 402/652/394 396/641/389
f 402/642/394 397/644/218 391/633/390
f 403/643/395 404/654/396 398/634/391
f 404/645/396 405/656/397 399/636/392
f 405/647/397 406/658/403 400/638/1
f 400/638/1 406/658/403 407/649/398
f 401/640/393 407/660/398 408/651/399
f 402/642/394 408/662/399 403/643/395
f 409/653/400 410/1372/401 404/654/396
f 410/655/401 411/667/402 405/656/397
f 411/657/402 412/1373/409 406/658/403
f 406/658/403 412/1373/409 413/659/404
f 407/660/398 413/673/404 414/661/405
f 408/662/399 414/675/405 409/653/400
f 415/663/406 416/678/407 410/664/401
f 416/666/407 417/680/408 411/667/402
f 417/668/408 418/682/415 412/669/409
f 412/671/409 418/1374/415 419/672/410
f 413/673/404 419/672/410 420/674/411
f 414/675/405 420/1375/411 415/676/406
f 421/677/412 422/688/413 416/678/407
f 422/679/413 423/690/414 417/680/408
f 423/681/414 424/692/420 418/682/415
f 418/682/415 424/692/420 425/683/416
f 419/672/410 425/694/416 426/685/417
f 420/686/411 426/696/417 421/677/412
f 427/687/251 428/698/418 422/688/413
f 428/689/418 429/700/419 423/690/414
f 429/691/419 430/702/255 424/692/420
f 424/692/420 430/702/255 431/693/421
f 425/694/416 431/704/421 432/695/422
f 426/696/417 432/706/422 427/687/251
f 427/687/251 433/707/428 434/697/423
f 428/689/418 434/709/423 435/699/424
f 429/691/419 435/711/424 436/701/425
f 436/701/425 437/713/426 431/693/421
f 437/703/426 438/715/427 432/695/422
f 438/705/427 433/707/428 427/687/251
f 433/707/428 439/717/434 440/708/429
f 434/709/423 440/719/429 441/710/430
f 435/711/424 441/721/430 442/712/431
f 442/712/431 443/1376/432 437/713/426
f 443/714/432 444/727/433 438/715/427
f 444/716/433 439/717/434 433/707/428
f 439/717/434 445/1377/440 446/718/435
f 440/719/429 446/734/435 447/720/436
f 441/721/430 447/1378/436 448/722/437
f 448/723/437 449/738/438 443/724/432
f 449/726/438 450/740/439 444/727/433
f 450/728/439 445/731/440 439/729/434
f 445/731/440 451/742/446 452/732/441
f 446/734/435 452/743/441 453/735/442
f 447/736/436 453/744/442 454/737/443
f 454/737/443 455/745/444 449/738/438
f 455/739/444 456/746/445 450/740/439
f 456/741/445 451/742/446 445/731/440
f 451/742/446 337/530/1 338/529/336
f 452/743/441 338/533/336 339/532/338
f 453/744/442 339/536/338 340/535/218
f 340/535/218 341/538/341 455/745/444
f 341/539/341 342/541/343 456/746/445
f 342/542/343 337/530/1 451/742/446
f 463/747/335 464/763/337 458/748/336
f 464/750/337 465/765/339 459/751/338
f 465/753/339 466/767/347 460/754/218
f 460/754/218 466/767/347 467/756/340
f 461/758/341 467/769/340 468/759/342
f 462/761/343 468/771/342 463/747/335
f 469/762/344 470/1379/345 464/763/337
f 470/764/345 471/776/346 465/765/339
f 471/766/346 472/780/353 466/767/347
f 466/767/347 472/780/353 473/768/348
f 467/769/340 473/782/348 474/770/349
f 468/771/342 474/1380/349 469/762/344
f 475/772/350 476/787/351 470/773/345
f 476/775/351 477/789/352 471/776/346
f 477/777/352 478/791/359 472/778/353
f 472/780/353 478/1381/359 479/781/354
f 473/782/348 479/794/354 480/783/355
f 474/770/349 480/783/355 475/784/350
f 481/786/356 482/798/357 476/787/351
f 482/788/357 483/800/358 477/789/352
f 483/790/358 484/802/364 478/791/359
f 478/791/359 484/802/364 485/792/360
f 479/794/354 485/804/360 486/795/361
f 480/796/355 486/806/361 481/786/356
f 487/797/255 488/808/362 482/798/357
f 488/799/362 489/810/363 483/800/358
f 489/801/363 490/812/251 484/802/364
f 484/802/364 490/812/251 491/803/365
f 485/804/360 491/814/365 492/805/366
f 486/806/361 492/816/366 487/797/255
f 487/797/255 493/817/372 494/807/367
f 488/799/362 494/819/367 495/809/368
f 489/801/363 495/821/368 496/811/369
f 496/811/369 497/823/370 491/803/365
f 497/813/370 498/825/371 492/805/366
f 498/815/371 493/817/372 487/797/255
f 493/817/372 499/827/378 500/818/373
f 494/819/367 500/829/373 501/820/374
f 495/821/368 501/831/374 502/822/375
f 502/822/375 503/1382/376 497/823/370
f 503/824/376 504/837/377 498/825/371
f 504/826/377 499/827/378 493/817/372
f 499/827/378 505/1383/384 506/828/379
f 500/829/373 506/844/379 507/830/380
f 501/831/374 507/1384/380 508/832/381
f 508/833/381 509/848/382 503/834/376
f 509/836/382 510/850/383 504/837/377
f 510/838/383 505/841/384 499/839/378
f 505/841/384 511/852/390 512/842/385
f 506/844/379 512/854/385 513/845/386
f 507/846/380 513/856/386 514/847/387
f 514/847/387 515/858/388 509/848/382
f 515/849/388 516/860/389 510/850/383
f 516/851/389 511/852/390 505/841/384
f 511/852/390 517/863/218 518/853/391
f 512/854/385 518/865/391 519/855/392
f 513/856/386 519/867/392 520/857/1
f 520/857/1 521/869/393 515/858/388
f 521/859/393 522/871/394 516/860/389
f 522/861/394 517/863/218 511/852/390
f 523/862/395 524/873/396 518/853/391
f 524/864/396 525/875/397 519/855/392
f 525/866/397 526/877/403 520/857/1
f 520/857/1 526/877/403 527/868/398
f 521/859/393 527/879/398 528/870/399
f 522/861/394 528/881/399 523/862/395
f 529/872/400 530/1385/401 524/873/396
f 530/874/401 531/886/402 525/875/397
f 531/876/402 532/1386/409 526/877/403
f 526/877/403 532/1386/409 533/878/404
f 527/879/398 533/892/404 534/880/405
f 528/881/399 534/894/405 529/872/400
f 535/882/406 536/897/407 530/883/401
f 536/885/407 537/899/408 531/886/402
f 537/887/408 538/901/415 532/888/409
f 532/890/409 538/1387/415 539/891/410
f 533/892/404 539/891/410 540/893/411
f 534/894/405 540/1388/411 535/895/406
f 541/896/412 542/907/413 536/897/407
f 542/898/413 543/909/414 537/899/408
f 543/900/414 544/911/420 538/901/415
f 538/901/415 544/911/420 545/902/416
f 539/891/410 545/913/416 546/904/417
f 540/905/411 546/915/417 541/896/412
f 547/906/251 548/917/418 542/907/413
f 548/908/418 549/919/419 543/909/414
f 549/910/419 550/921/255 544/911/420
f 544/911/420 550/921/255 551/912/421
f 545/913/416 551/923/421 552/914/422
f 546/915/417 552/925/422 547/906/251
f 547/906/251 553/926/428 554/916/423
f 548/908/418 554/928/423 555/918/424
f 549/910/419 555/930/424 556/920/425
f 556/920/425 557/932/426 551/912/421
f 557/922/426 558/934/427 552/914/422
f 558/924/427 553/926/428 547/906/251
f 553/926/428 559/936/434 560/927/429
f 554/928/423 560/938/429 561/929/430
f 555/930/424 561/940/430 562/931/431
f 562/931/431 563/1389/432 557/932/426
f 563/933/432 564/946/433 558/934/427
f 564/935/433 559/936/434 553/926/428
f 559/936/434 565/1390/440 566/937/435
f 560/938/429 566/953/435 567/939/436
f 561/940/430 567/1391/436 568/941/437
f 568/942/437 569/957/438 563/943/432
f 569/945/438 570/959/439 564/946/433
f 570/947/439 565/950/440 559/948/434
f 565/950/440 571/961/446 572/951/441
f 566/953/435 572/962/441 573/954/442
f 567/955/436 573/963/442 574/956/443
f 574/956/443 575/964/444 569/957/438
f 575/958/444 576/965/445 570/959/439
f 576/960/445 571/961/446 565/950/440
f 571/961/446 457/749/1 458/748/336
f 572/962/441 458/752/336 459/751/338
f 573/963/442 459/755/338 460/754/218
f 460/754/218 461/757/341 575/964/444
f 461/758/341 462/760/343 576/965/445
f 462/761/343 457/749/1 571/961/446
f 578/966/447 580/1392/450 579/967/448
f 580/969/450 582/972/452 581/970/451
f 582/972/452 584/1393/454 583/973/453
f 584/974/454 586/1394/626 585/975/455
f 585/975/455 586/1394/626 588/977/456
f 587/979/457 588/1395/456 590/980/458
s 0
f 582/984/460 580/1396/460 578/1397/460
f 578/1397/460 592/1398/460 590/982/460
f 590/982/460 588/1399/460 586/983/460
f 586/983/460 584/1400/460 582/984/460
f 582/984/460 578/1397/460 590/982/460
s 1
f 589/981/459 590/980/458 592/985/461
f 591/987/462 592/1401/461 578/966/447
s 0
f 591/990/463 577/1402/463 579/1403/463
f 579/1403/463 581/1404/463 583/988/463
f 583/988/463 585/1405/463 587/989/463
f 587/989/463 589/1406/463 591/990/463
f 591/990/463 579/1403/463 583/988/463
s 1
f 594/991/464 596/994/467 595/992/465
f 596/994/467 598/1407/469 597/995/468
f 598/996/469 600/999/471 599/997/470
f 600/999/471 602/1408/627 601/1000/472
f 601/1001/472 602/1409/627 604/1002/473
f 603/1003/474 604/1002/473 606/1004/475
s 0
f 598/1008/477 596/1410/477 594/1411/477
f 594/1411/477 608/1412/477 606/1006/477
f 606/1006/477 604/1413/477 602/1007/477
f 602/1007/477 600/1414/477 598/1008/477
f 598/1008/477 594/1411/477 606/1006/477
s 1
f 605/1009/476 606/1415/475 608/1010/478
f 607/1011/479 608/1010/478 594/1012/464
s 0
f 607/1016/480 593/1416/480 595/1417/480
f 595/1417/480 597/1418/480 599/1014/480
f 599/1014/480 601/1419/480 603/1015/480
f 603/1015/480 605/1420/480 607/1016/480
f 607/1016/480 595/1417/480 599/1014/480
s 1
f 610/1017/481 612/1020/484 611/1018/482
f 612/1020/484 614/1421/486 613/1021/485
f 614/1022/486 616/1025/488 615/1023/487
f 616/1025/488 618/1422/628 617/1026/489
f 617/1027/489 618/1423/628 620/1028/490
f 619/1030/491 620/1424/490 622/1031/492
s 0
f 614/1035/494 612/1425/494 610/1426/494
f 610/1426/494 624/1427/494 622/1033/494
f 622/1033/494 620/1428/494 618/1034/494
f 618/1034/494 616/1429/494 614/1035/494
f 614/1035/494 610/1426/494 622/1033/494
s 1
f 621/1032/493 622/1031/492 624/1036/495
f 623/1037/496 624/1036/495 610/1038/481
s 0
f 623/1042/497 609/1430/497 611/1431/497
f 611/1431/497 613/1432/497 615/1040/497
f 615/1040/497 617/1433/497 619/1041/497
f 619/1041/497 621/1434/497 623/1042/497
f 623/1042/497 611/1431/497 615/1040/497
s 1
usemtl MMO_iron_edge
f 217/316/219 224/317/220 218/318/221
f 218/319/221 225/320/222 219/321/223
f 219/322/223 226/323/224 220/324/225
f 226/323/224 221/325/226 220/324/225
f 227/326/227 222/327/228 221/328/226
f 228/329/229 217/316/219 222/330/228
f 223/331/230 230/332/231 224/317/220
f 224/333/220 231/334/232 225/320/222
f 225/335/222 232/336/233 226/323/224
f 232/336/233 227/337/227 226/323/224
f 233/338/234 228/339/229 227/326/227
f 234/340/235 223/331/230 228/329/229
f 229/341/236 236/342/237 230/343/231
f 230/344/231 237/345/238 231/334/232
f 231/346/232 238/347/239 232/336/233
f 238/347/239 233/348/234 232/336/233
f 239/349/240 234/350/235 233/338/234
f 240/351/241 229/341/236 234/352/235
f 235/353/242 242/354/243 236/342/237
f 236/355/237 243/356/244 237/345/238
f 237/357/238 244/358/245 238/359/239
f 244/358/245 239/360/240 238/359/239
f 245/361/246 240/362/241 239/349/240
f 246/363/247 235/353/242 240/351/241
f 241/364/248 248/365/249 242/354/243
f 242/366/243 249/367/250 243/356/244
f 243/368/244 250/369/251 244/358/245
f 250/369/251 245/370/246 244/358/245
f 251/371/252 246/372/247 245/361/246
f 252/373/253 241/364/248 246/363/247
f 253/374/254 248/365/249 247/375/255
f 254/376/256 249/367/250 248/377/249
f 255/378/257 250/369/251 249/379/250
f 250/369/251 257/380/258 251/381/252
f 251/371/252 258/382/259 252/383/253
f 252/373/253 253/374/254 247/375/255
f 259/384/260 254/385/256 253/374/254
f 260/386/261 255/387/257 254/376/256
f 261/388/262 256/389/263 255/378/257
f 256/389/263 263/390/264 257/380/258
f 257/391/258 264/392/265 258/382/259
f 258/393/259 259/384/260 253/374/254
f 265/394/266 260/395/261 259/396/260
f 266/397/267 261/398/262 260/386/261
f 267/399/268 262/400/269 261/388/262
f 262/400/269 269/401/270 263/390/264
f 263/402/264 270/403/271 264/392/265
f 264/404/265 265/394/266 259/396/260
f 271/405/272 266/406/267 265/394/266
f 272/407/273 267/408/268 266/397/267
f 273/409/274 268/410/275 267/411/268
f 268/410/275 275/412/276 269/413/270
f 269/414/270 276/415/277 270/403/271
f 270/416/271 271/405/272 265/394/266
f 277/417/225 272/418/273 271/405/272
f 278/419/278 273/420/274 272/407/273
f 279/421/279 274/422/280 273/409/274
f 274/422/280 281/423/281 275/412/276
f 275/424/276 282/425/282 276/415/277
f 276/426/277 277/417/225 271/405/272
f 277/417/225 284/427/283 278/428/278
f 278/419/278 285/429/284 279/430/279
f 279/421/279 286/431/285 280/432/219
f 286/431/285 281/423/281 280/432/219
f 287/433/286 282/425/282 281/434/281
f 288/435/287 277/417/225 282/436/282
f 283/437/288 290/438/289 284/427/283
f 284/439/283 291/440/290 285/429/284
f 285/441/284 292/442/291 286/431/285
f 292/442/291 287/443/286 286/431/285
f 293/444/292 288/445/287 287/433/286
f 294/446/293 283/437/288 288/435/287
f 289/447/294 296/448/295 290/438/289
f 290/449/289 297/450/296 291/440/290
f 291/451/290 298/452/297 292/453/291
f 298/452/297 293/454/292 292/453/291
f 299/455/298 294/456/293 293/444/292
f 300/457/299 289/447/294 294/446/293
f 295/458/300 302/459/301 296/460/295
f 296/461/295 303/462/302 297/450/296
f 297/463/296 304/464/303 298/452/297
f 304/464/303 299/465/298 298/452/297
f 305/466/304 300/467/299 299/455/298
f 306/468/305 295/458/300 300/469/299
f 301/470/306 308/471/307 302/459/301
f 302/472/301 309/473/308 303/462/302
f 303/474/302 310/475/255 304/464/303
f 310/475/255 305/476/304 304/464/303
f 311/477/309 306/478/305 305/466/304
f 312/479/310 301/470/306 306/468/305
f 313/480/311 308/471/307 307/481/251
f 314/482/312 309/473/308 308/483/307
f 315/484/313 310/475/255 309/485/308
f 310/475/255 317/486/314 311/487/309
f 311/477/309 318/488/315 312/489/310
f 312/479/310 313/480/311 307/481/251
f 319/490/316 314/491/312 313/480/311
f 320/492/317 315/493/313 314/482/312
f 321/494/318 316/495/319 315/484/313
f 316/495/319 323/496/320 317/486/314
f 317/497/314 324/498/321 318/488/315
f 318/499/315 319/490/316 313/480/311
f 325/500/322 320/501/317 319/490/316
f 326/502/323 321/503/318 320/492/317
f 327/504/324 322/505/325 321/506/318
f 322/505/325 329/507/326 323/508/320
f 323/509/320 330/510/327 324/498/321
f 324/511/321 325/500/322 319/490/316
f 331/512/328 326/513/323 325/514/322
f 332/515/329 327/516/324 326/502/323
f 333/517/330 328/518/331 327/504/324
f 328/518/331 335/519/332 329/507/326
f 329/520/326 336/521/333 330/510/327
f 330/522/327 331/512/328 325/514/322
f 217/316/219 332/523/329 331/512/328
f 218/319/221 333/524/330 332/515/329
f 219/322/223 334/525/334 333/517/330
f 334/525/334 221/325/226 335/519/332
f 335/526/332 222/327/228 336/521/333
f 336/527/333 217/316/219 331/512/328
f 217/316/219 223/331/230 224/317/220
f 218/319/221 224/333/220 225/320/222
f 219/322/223 225/335/222 226/323/224
f 226/323/224 227/337/227 221/325/226
f 227/326/227 228/339/229 222/327/228
f 228/329/229 223/331/230 217/316/219
f 223/331/230 229/1354/236 230/332/231
f 224/333/220 230/344/231 231/334/232
f 225/335/222 231/346/232 232/336/233
f 232/336/233 233/348/234 227/337/227
f 233/338/234 234/350/235 228/339/229
f 234/340/235 229/1354/236 223/331/230
f 229/341/236 235/353/242 236/342/237
f 230/344/231 236/355/237 237/345/238
f 231/346/232 237/1355/238 238/347/239
f 238/347/239 239/1356/240 233/348/234
f 239/349/240 240/362/241 234/350/235
f 240/351/241 235/353/242 229/341/236
f 235/353/242 241/364/248 242/354/243
f 236/355/237 242/366/243 243/356/244
f 237/357/238 243/368/244 244/358/245
f 244/358/245 245/370/246 239/360/240
f 245/361/246 246/372/247 240/362/241
f 246/363/247 241/364/248 235/353/242
f 241/364/248 247/375/255 248/365/249
f 242/366/243 248/377/249 249/367/250
f 243/368/244 249/379/250 250/369/251
f 250/369/251 251/381/252 245/370/246
f 251/371/252 252/383/253 246/372/247
f 252/373/253 247/375/255 241/364/248
f 253/374/254 254/385/256 248/365/249
f 254/376/256 255/387/257 249/367/250
f 255/378/257 256/389/263 250/369/251
f 250/369/251 256/389/263 257/380/258
f 251/371/252 257/391/258 258/382/259
f 252/373/253 258/393/259 253/374/254
f 259/384/260 260/1357/261 254/385/256
f 260/386/261 261/398/262 255/387/257
f 261/388/262 262/400/269 256/389/263
f 256/389/263 262/400/269 263/390/264
f 257/391/258 263/402/264 264/392/265
f 258/393/259 264/1358/265 259/384/260
f 265/394/266 266/406/267 260/395/261
f 266/397/267 267/408/268 261/398/262
f 267/399/268 268/1359/275 262/400/269
f 262/400/269 268/1359/275 269/401/270
f 263/402/264 269/414/270 270/403/271
f 264/404/265 270/416/271 265/394/266
f 271/405/272 272/418/273 266/406/267
f 272/407/273 273/420/274 267/408/268
f 273/409/274 274/422/280 268/410/275
f 268/410/275 274/422/280 275/412/276
f 269/414/270 275/424/276 276/415/277
f 270/416/271 276/426/277 271/405/272
f 277/417/225 278/428/278 272/418/273
f 278/419/278 279/430/279 273/420/274
f 279/421/279 280/432/219 274/422/280
f 274/422/280 280/432/219 281/423/281
f 275/424/276 281/434/281 282/425/282
f 276/426/277 282/436/282 277/417/225
f 277/417/225 283/437/288 284/427/283
f 278/419/278 284/439/283 285/429/284
f 279/421/279 285/441/284 286/431/285
f 286/431/285 287/443/286 281/423/281
f 287/433/286 288/445/287 282/425/282
f 288/435/287 283/437/288 277/417/225
f 283/437/288 289/447/294 290/438/289
f 284/439/283 290/449/289 291/440/290
f 285/441/284 291/1360/290 292/442/291
f 292/442/291 293/1361/292 287/443/286
f 293/444/292 294/456/293 288/445/287
f 294/446/293 289/447/294 283/437/288
f 289/447/294 295/1362/300 296/448/295
f 290/449/289 296/461/295 297/450/296
f 291/451/290 297/463/296 298/452/297
f 298/452/297 299/465/298 293/454/292
f 299/455/298 300/467/299 294/456/293
f 300/457/299 295/1362/300 289/447/294
f 295/458/300 301/470/306 302/459/301
f 296/461/295 302/472/301 303/462/302
f 297/463/296 303/474/302 304/464/303
f 304/464/303 305/476/304 299/465/298
f 305/466/304 306/478/305 300/467/299
f 306/468/305 301/470/306 295/458/300
f 301/470/306 307/481/251 308/471/307
f 302/472/301 308/483/307 309/473/308
f 303/474/302 309/485/308 310/475/255
f 310/475/255 311/487/309 305/476/304
f 311/477/309 312/489/310 306/478/305
f 312/479/310 307/481/251 301/470/306
f 313/480/311 314/491/312 308/471/307
f 314/482/312 315/493/313 309/473/308
f 315/484/313 316/495/319 310/475/255
f 310/475/255 316/495/319 317/486/314
f 311/477/309 317/497/314 318/488/315
f 312/479/310 318/499/315 313/480/311
f 319/490/316 320/501/317 314/491/312
f 320/492/317 321/503/318 315/493/313
f 321/494/318 322/1363/325 316/495/319
f 316/495/319 322/1363/325 323/496/320
f 317/497/314 323/509/320 324/498/321
f 318/499/315 324/511/321 319/490/316
f 325/500/322 326/1364/323 320/501/317
f 326/502/323 327/516/324 321/503/318
f 327/504/324 328/518/331 322/505/325
f 322/505/325 328/518/331 329/507/326
f 323/509/320 329/520/326 330/510/327
f 324/511/321 330/1365/327 325/500/322
f 331/512/328 332/523/329 326/513/323
f 332/515/329 333/524/330 327/516/324
f 333/517/330 334/525/334 328/518/331
f 328/518/331 334/525/334 335/519/332
f 329/520/326 335/526/332 336/521/333
f 330/522/327 336/527/333 331/512/328
f 217/316/219 218/318/221 332/523/329
f 218/319/221 219/321/223 333/524/330
f 219/322/223 220/324/225 334/525/334
f 334/525/334 220/324/225 221/325/226
f 335/526/332 221/328/226 222/327/228
f 336/527/333 222/330/228 217/316/219
usemtl MMO_purple
f 626/1043/498 627/1044/499 625/1045/500
f 628/1046/501 629/1047/502 627/1044/499
f 630/1048/503 631/1049/504 629/1047/502
f 632/1050/505 633/1051/506 631/1052/504
f 634/1053/507 635/1054/508 633/1051/506
f 636/1055/509 637/1056/510 635/1054/508
f 638/1057/511 639/1058/512 637/1056/510
f 640/1059/513 641/1060/514 639/1058/512
f 642/1061/515 643/1062/516 641/1060/514
f 644/1063/517 645/1064/518 643/1065/516
f 646/1066/519 647/1067/520 645/1064/518
f 648/1068/521 649/1069/522 647/1067/520
f 650/1070/523 651/1071/524 649/1069/522
f 652/1072/525 653/1073/526 651/1071/524
f 654/1074/527 655/1075/528 653/1073/526
f 656/1076/529 657/1077/530 655/1078/528
f 658/1079/531 659/1080/532 657/1077/530
f 660/1081/533 661/1082/534 659/1080/532
f 662/1083/535 663/1084/536 661/1082/534
f 664/1085/537 665/1086/538 663/1084/536
f 666/1087/539 667/1088/540 665/1086/538
f 668/1089/541 669/1090/542 667/1088/540
s 0
f 662/1091/218 646/1092/218 630/1093/218
s 1
f 670/1094/543 671/1095/544 669/1096/542
f 672/1097/545 625/1045/500 671/1095/544
s 0
f 639/1098/1 655/1099/1 671/1100/1
f 673/1101/546 686/1102/546 685/1103/546
f 674/1104/547 686/1102/547 688/1105/547
f 673/1101/548 685/1103/548 690/1106/548
f 673/1101/549 690/1106/549 692/1107/549
f 673/1101/550 692/1107/550 689/1108/550
f 674/1109/551 688/1110/551 695/1111/551
f 675/1112/552 687/1113/552 697/1114/552
f 676/1115/553 691/1116/553 699/1117/553
f 677/1118/554 693/1119/554 701/1120/554
f 678/1121/555 694/1122/555 703/1123/555
f 674/1109/556 695/1111/556 698/1124/556
f 675/1112/557 697/1114/557 700/1125/557
f 676/1115/558 699/1117/558 702/1126/558
f 677/1127/559 701/1128/559 704/1129/559
f 678/1130/560 703/1131/560 696/1132/560
f 679/1133/561 705/1134/561 710/1135/561
f 680/1136/562 706/1137/562 712/1138/562
f 681/1139/563 707/1140/563 713/1141/563
f 682/1142/564 708/1143/564 714/1144/564
f 683/1145/565 709/1146/565 711/1147/565
f 711/1147/566 714/1144/566 684/1148/566
f 711/1147/567 709/1146/567 714/1144/567
f 709/1146/568 682/1142/568 714/1144/568
f 714/1144/569 713/1141/569 684/1148/569
f 714/1144/570 708/1143/570 713/1141/570
f 708/1143/571 681/1139/571 713/1141/571
f 713/1141/572 712/1138/572 684/1148/572
f 713/1141/573 707/1140/573 712/1138/573
f 707/1140/574 680/1136/574 712/1138/574
f 712/1138/575 710/1135/575 684/1148/575
f 712/1138/576 706/1137/576 710/1135/576
f 706/1137/577 679/1133/577 710/1135/577
f 710/1135/578 711/1147/578 684/1148/578
f 710/1135/579 705/1134/579 711/1147/579
f 705/1134/580 683/1145/580 711/1147/580
f 696/1132/581 709/1149/581 683/1150/581
f 696/1132/582 703/1131/582 709/1149/582
f 703/1123/583 682/1151/583 709/1152/583
f 704/1129/584 708/1153/584 682/1151/584
f 704/1129/585 701/1128/585 708/1153/585
f 701/1128/586 681/1154/586 708/1153/586
f 702/1126/587 707/1155/587 681/1156/587
f 702/1126/588 699/1117/588 707/1155/588
f 699/1117/589 680/1157/589 707/1155/589
f 700/1125/590 706/1158/590 680/1159/590
f 700/1125/591 697/1114/591 706/1158/591
f 697/1114/592 679/1160/592 706/1158/592
f 698/1161/593 705/1162/593 679/1160/593
f 698/1124/594 695/1111/594 705/1163/594
f 695/1111/595 683/1150/595 705/1163/595
f 703/1123/596 704/1129/596 682/1151/596
f 703/1123/597 694/1122/597 704/1129/597
f 694/1122/598 677/1127/598 704/1129/598
f 701/1120/599 702/1126/599 681/1156/599
f 701/1120/600 693/1119/600 702/1126/600
f 693/1119/601 676/1115/601 702/1126/601
f 699/1117/602 700/1164/602 680/1157/602
f 699/1117/603 691/1116/603 700/1164/603
f 691/1165/604 675/1112/604 700/1125/604
f 697/1114/605 698/1161/605 679/1160/605
f 697/1114/606 687/1113/606 698/1161/606
f 687/1113/607 674/1166/607 698/1161/607
f 695/1111/608 696/1132/608 683/1150/608
f 695/1111/609 688/1110/609 696/1132/609
f 688/1110/610 678/1130/610 696/1132/610
f 689/1108/611 694/1167/611 678/1168/611
f 689/1108/612 692/1107/612 694/1167/612
f 692/1107/613 677/1169/613 694/1167/613
f 692/1107/614 693/1170/614 677/1169/614
f 692/1107/615 690/1106/615 693/1170/615
f 690/1106/616 676/1171/616 693/1170/616
f 690/1106/617 691/1172/617 676/1171/617
f 690/1106/618 685/1103/618 691/1172/618
f 685/1103/619 675/1173/619 691/1172/619
f 688/1105/620 689/1108/620 678/1168/620
f 688/1105/621 686/1102/621 689/1108/621
f 686/1102/622 673/1101/622 689/1108/622
f 685/1103/623 687/1174/623 675/1173/623
f 685/1103/624 686/1102/624 687/1174/624
f 686/1102/625 674/1104/625 687/1174/625
f 715/1175/546 728/1176/546 727/1177/546
f 716/1178/547 728/1176/547 730/1179/547
f 715/1175/548 727/1177/548 732/1180/548
f 715/1175/549 732/1180/549 734/1181/549
f 715/1175/550 734/1181/550 731/1182/550
f 716/1183/551 730/1184/551 737/1185/551
f 717/1186/552 729/1187/552 739/1188/552
f 718/1189/553 733/1190/553 741/1191/553
f 719/1192/554 735/1193/554 743/1194/554
f 720/1195/555 736/1196/555 745/1197/555
f 716/1183/556 737/1185/556 740/1198/556
f 717/1186/557 739/1188/557 742/1199/557
f 718/1189/558 741/1191/558 744/1200/558
f 719/1201/559 743/1202/559 746/1203/559
f 720/1204/560 745/1205/560 738/1206/560
f 721/1207/561 747/1208/561 752/1209/561
f 722/1210/562 748/1211/562 754/1212/562
f 723/1213/563 749/1214/563 755/1215/563
f 724/1216/564 750/1217/564 756/1218/564
f 725/1219/565 751/1220/565 753/1221/565
f 753/1221/566 756/1218/566 726/1222/566
f 753/1221/567 751/1220/567 756/1218/567
f 751/1220/568 724/1216/568 756/1218/568
f 756/1218/569 755/1215/569 726/1222/569
f 756/1218/570 750/1217/570 755/1215/570
f 750/1217/571 723/1213/571 755/1215/571
f 755/1215/572 754/1212/572 726/1222/572
f 755/1215/573 749/1214/573 754/1212/573
f 749/1214/574 722/1210/574 754/1212/574
f 754/1212/575 752/1209/575 726/1222/575
f 754/1212/576 748/1211/576 752/1209/576
f 748/1211/577 721/1207/577 752/1209/577
f 752/1209/578 753/1221/578 726/1222/578
f 752/1209/579 747/1208/579 753/1221/579
f 747/1208/580 725/1219/580 753/1221/580
f 738/1206/581 751/1223/581 725/1224/581
f 738/1206/582 745/1205/582 751/1223/582
f 745/1197/583 724/1225/583 751/1226/583
f 746/1203/584 750/1227/584 724/1225/584
f 746/1203/585 743/1202/585 750/1227/585
f 743/1202/586 723/1228/586 750/1227/586
f 744/1200/587 749/1229/587 723/1230/587
f 744/1200/588 741/1191/588 749/1229/588
f 741/1191/589 722/1231/589 749/1229/589
f 742/1199/590 748/1232/590 722/1233/590
f 742/1199/591 739/1188/591 748/1232/591
f 739/1188/592 721/1234/592 748/1232/592
f 740/1235/593 747/1236/593 721/1234/593
f 740/1198/594 737/1185/594 747/1237/594
f 737/1185/595 725/1224/595 747/1237/595
f 745/1197/596 746/1203/596 724/1225/596
f 745/1197/597 736/1196/597 746/1203/597
f 736/1196/598 719/1201/598 746/1203/598
f 743/1194/599 744/1200/599 723/1230/599
f 743/1194/600 735/1193/600 744/1200/600
f 735/1193/601 718/1189/601 744/1200/601
f 741/1191/602 742/1238/602 722/1231/602
f 741/1191/603 733/1190/603 742/1238/603
f 733/1239/604 717/1186/604 742/1199/604
f 739/1188/605 740/1235/605 721/1234/605
f 739/1188/606 729/1187/606 740/1235/606
f 729/1187/607 716/1240/607 740/1235/607
f 737/1185/608 738/1206/608 725/1224/608
f 737/1185/609 730/1184/609 738/1206/609
f 730/1184/610 720/1204/610 738/1206/610
f 731/1182/611 736/1241/611 720/1242/611
f 731/1182/612 734/1181/612 736/1241/612
f 734/1181/613 719/1243/613 736/1241/613
f 734/1181/614 735/1244/614 719/1243/614
f 734/1181/615 732/1180/615 735/1244/615
f 732/1180/616 718/1245/616 735/1244/616
f 732/1180/617 733/1246/617 718/1245/617
f 732/1180/618 727/1177/618 733/1246/618
f 727/1177/619 717/1247/619 733/1246/619
f 730/1179/620 731/1182/620 720/1242/620
f 730/1179/621 728/1176/621 731/1182/621
f 728/1176/622 715/1175/622 731/1182/622
f 727/1177/623 729/1248/623 717/1247/623
f 727/1177/624 728/1176/624 729/1248/624
f 728/1176/625 716/1178/625 729/1248/625
f 757/1249/546 770/1250/546 769/1251/546
f 758/1252/547 770/1250/547 772/1253/547
f 757/1249/548 769/1251/548 774/1254/548
f 757/1249/549 774/1254/549 776/1255/549
f 757/1249/550 776/1255/550 773/1256/550
f 758/1257/551 772/1258/551 779/1259/551
f 759/1260/552 771/1261/552 781/1262/552
f 760/1263/553 775/1264/553 783/1265/553
f 761/1266/554 777/1267/554 785/1268/554
f 762/1269/555 778/1270/555 787/1271/555
f 758/1257/556 779/1259/556 782/1272/556
f 759/1260/557 781/1262/557 784/1273/557
f 760/1263/558 783/1265/558 786/1274/558
f 761/1275/559 785/1276/559 788/1277/559
f 762/1278/560 787/1279/560 780/1280/560
f 763/1281/561 789/1282/561 794/1283/561
f 764/1284/562 790/1285/562 796/1286/562
f 765/1287/563 791/1288/563 797/1289/563
f 766/1290/564 792/1291/564 798/1292/564
f 767/1293/565 793/1294/565 795/1295/565
f 795/1295/566 798/1292/566 768/1296/566
f 795/1295/567 793/1294/567 798/1292/567
f 793/1294/568 766/1290/568 798/1292/568
f 798/1292/569 797/1289/569 768/1296/569
f 798/1292/570 792/1291/570 797/1289/570
f 792/1291/571 765/1287/571 797/1289/571
f 797/1289/572 796/1286/572 768/1296/572
f 797/1289/573 791/1288/573 796/1286/573
f 791/1288/574 764/1284/574 796/1286/574
f 796/1286/575 794/1283/575 768/1296/575
f 796/1286/576 790/1285/576 794/1283/576
f 790/1285/577 763/1281/577 794/1283/577
f 794/1283/578 795/1295/578 768/1296/578
f 794/1283/579 789/1282/579 795/1295/579
f 789/1282/580 767/1293/580 795/1295/580
f 780/1280/581 793/1297/581 767/1298/581
f 780/1280/582 787/1279/582 793/1297/582
f 787/1271/583 766/1299/583 793/1300/583
f 788/1277/584 792/1301/584 766/1299/584
f 788/1277/585 785/1276/585 792/1301/585
f 785/1276/586 765/1302/586 792/1301/586
f 786/1274/587 791/1303/587 765/1304/587
f 786/1274/588 783/1265/588 791/1303/588
f 783/1265/589 764/1305/589 791/1303/589
f 784/1273/590 790/1306/590 764/1307/590
f 784/1273/591 781/1262/591 790/1306/591
f 781/1262/592 763/1308/592 790/1306/592
f 782/1309/593 789/1310/593 763/1308/593
f 782/1272/594 779/1259/594 789/1311/594
f 779/1259/595 767/1298/595 789/1311/595
f 787/1271/596 788/1277/596 766/1299/596
f 787/1271/597 778/1270/597 788/1277/597
f 778/1270/598 761/1275/598 788/1277/598
f 785/1268/599 786/1274/599 765/1304/599
f 785/1268/600 777/1267/600 786/1274/600
f 777/1267/601 760/1263/601 786/1274/601
f 783/1265/602 784/1312/602 764/1305/602
f 783/1265/603 775/1264/603 784/1312/603
f 775/1313/604 759/1260/604 784/1273/604
f 781/1262/605 782/1309/605 763/1308/605
f 781/1262/606 771/1261/606 782/1309/606
f 771/1261/607 758/1314/607 782/1309/607
f 779/1259/608 780/1280/608 767/1298/608
f 779/1259/609 772/1258/609 780/1280/609
f 772/1258/610 762/1278/610 780/1280/610
f 773/1256/611 778/1315/611 762/1316/611
f 773/1256/612 776/1255/612 778/1315/612
f 776/1255/613 761/1317/613 778/1315/613
f 776/1255/614 777/1318/614 761/1317/614
f 776/1255/615 774/1254/615 777/1318/615
f 774/1254/616 760/1319/616 777/1318/616
f 774/1254/617 775/1320/617 760/1319/617
f 774/1254/618 769/1251/618 775/1320/618
f 769/1251/619 759/1321/619 775/1320/619
f 772/1253/620 773/1256/620 762/1316/620
f 772/1253/621 770/1250/621 773/1256/621
f 770/1250/622 757/1249/622 773/1256/622
f 769/1251/623 771/1322/623 759/1321/623
f 769/1251/624 770/1250/624 771/1322/624
f 770/1250/625 758/1252/625 771/1322/625
s 1
f 626/1043/498 628/1046/501 627/1044/499
f 628/1046/501 630/1048/503 629/1047/502
f 630/1048/503 632/1435/505 631/1049/504
f 632/1050/505 634/1053/507 633/1051/506
f 634/1053/507 636/1055/509 635/1054/508
f 636/1055/509 638/1057/511 637/1056/510
f 638/1057/511 640/1059/513 639/1058/512
f 640/1059/513 642/1061/515 641/1060/514
f 642/1061/515 644/1436/517 643/1062/516
f 644/1063/517 646/1066/519 645/1064/518
f 646/1066/519 648/1068/521 647/1067/520
f 648/1068/521 650/1070/523 649/1069/522
f 650/1070/523 652/1072/525 651/1071/524
f 652/1072/525 654/1074/527 653/1073/526
f 654/1074/527 656/1437/529 655/1075/528
f 656/1076/529 658/1079/531 657/1077/530
f 658/1079/531 660/1081/533 659/1080/532
f 660/1081/533 662/1083/535 661/1082/534
f 662/1083/535 664/1085/537 663/1084/536
f 664/1085/537 666/1087/539 665/1086/538
f 666/1087/539 668/1089/541 667/1088/540
f 668/1089/541 670/1438/543 669/1090/542
s 0
f 630/1093/218 628/1439/218 626/1440/218
f 626/1440/218 672/1441/218 670/1442/218
f 670/1442/218 668/1443/218 666/1444/218
f 666/1444/218 664/1445/218 662/1091/218
f 662/1091/218 660/1446/218 658/1447/218
f 658/1447/218 656/1448/218 654/1449/218
f 654/1449/218 652/1450/218 650/1451/218
f 650/1451/218 648/1452/218 646/1092/218
f 646/1092/218 644/1453/218 642/1454/218
f 642/1454/218 640/1455/218 638/1456/218
f 638/1456/218 636/1457/218 634/1458/218
f 634/1458/218 632/1459/218 630/1093/218
f 630/1093/218 626/1440/218 670/1442/218
f 670/1442/218 666/1444/218 662/1091/218
f 662/1091/218 658/1447/218 654/1449/218
f 654/1449/218 650/1451/218 646/1092/218
f 646/1092/218 642/1454/218 638/1456/218
f 638/1456/218 634/1458/218 630/1093/218
f 630/1093/218 670/1442/218 662/1091/218
f 662/1091/218 654/1449/218 646/1092/218
f 646/1092/218 638/1456/218 630/1093/218
s 1
f 670/1094/543 672/1097/545 671/1095/544
f 672/1097/545 626/1043/498 625/1045/500
s 0
f 671/1100/1 625/1460/1 627/1461/1
f 627/1461/1 629/1462/1 631/1463/1
f 631/1463/1 633/1464/1 635/1465/1
f 635/1465/1 637/1466/1 639/1098/1
f 639/1098/1 641/1467/1 643/1468/1
f 643/1468/1 645/1469/1 647/1470/1
f 647/1470/1 649/1471/1 651/1472/1
f 651/1472/1 653/1473/1 655/1099/1
f 655/1099/1 657/1474/1 659/1475/1
f 659/1475/1 661/1476/1 663/1477/1
f 663/1477/1 665/1478/1 667/1479/1
f 667/1479/1 669/1480/1 671/1100/1
f 671/1100/1 627/1461/1 631/1463/1
f 631/1463/1 635/1465/1 639/1098/1
f 639/1098/1 643/1468/1 647/1470/1
f 647/1470/1 651/1472/1 655/1099/1
f 655/1099/1 659/1475/1 663/1477/1
f 663/1477/1 667/1479/1 671/1100/1
f 671/1100/1 631/1463/1 639/1098/1
f 639/1098/1 647/1470/1 655/1099/1
f 655/1099/1 663/1477/1 671/1100/1
