# Blender 4.0.2
# www.blender.org
mtllib chest.mtl
o chest
v -0.474320 -0.442430 0.380355
v -0.474320 -0.430916 0.391714
v -0.483384 -0.430916 0.380355
v -0.474320 0.121755 0.391714
v -0.474320 0.133269 0.380355
v -0.483384 0.121755 0.380355
v -0.474320 -0.442430 -0.429950
v -0.483384 -0.430916 -0.429950
v -0.474320 -0.430916 -0.441310
v -0.474320 0.133269 -0.429950
v -0.474320 0.121755 -0.441310
v -0.483384 0.121755 -0.429950
v 0.474320 -0.442430 0.380355
v 0.483384 -0.430916 0.380355
v 0.474320 -0.430916 0.391714
v 0.474320 0.133269 0.380355
v 0.474320 0.121755 0.391714
v 0.483384 0.121755 0.380355
v 0.474320 -0.442430 -0.429950
v 0.474320 -0.430916 -0.441310
v 0.483384 -0.430916 -0.429950
v 0.474320 0.133269 -0.429950
v 0.483384 0.121755 -0.429950
v 0.474320 0.121755 -0.441310
v -0.450151 -0.407888 0.416326
v -0.450151 -0.396374 0.427686
v -0.459214 -0.396374 0.416326
v -0.450151 0.117917 0.427686
v -0.450151 0.129431 0.416326
v -0.459214 0.117917 0.416326
v -0.450151 -0.407888 0.389821
v -0.459214 -0.396374 0.389821
v -0.450151 -0.396374 0.378462
v -0.450151 0.129431 0.389821
v -0.450151 0.117917 0.378462
v -0.459214 0.117917 0.389821
v -0.320242 -0.407888 0.416326
v -0.311178 -0.396374 0.416326
v -0.320242 -0.396374 0.427686
v -0.320242 0.129431 0.416326
v -0.320242 0.117917 0.427686
v -0.311178 0.117917 0.416326
v -0.320242 -0.407888 0.389821
v -0.320242 -0.396374 0.378462
v -0.311178 -0.396374 0.389821
v -0.320242 0.129431 0.389821
v -0.311178 0.117917 0.389821
v -0.320242 0.117917 0.378462
v -0.450151 -0.407888 -0.439416
v -0.450151 -0.396374 -0.428057
v -0.459214 -0.396374 -0.439416
v -0.450151 0.117917 -0.428057
v -0.450151 0.129431 -0.439416
v -0.459214 0.117917 -0.439416
v -0.450151 -0.407888 -0.465922
v -0.459214 -0.396374 -0.465922
v -0.450151 -0.396374 -0.477281
v -0.450151 0.129431 -0.465922
v -0.450151 0.117917 -0.477281
v -0.459214 0.117917 -0.465922
v -0.320242 -0.407888 -0.439416
v -0.311178 -0.396374 -0.439416
v -0.320242 -0.396374 -0.428057
v -0.320242 0.129431 -0.439416
v -0.320242 0.117917 -0.428057
v -0.311178 0.117917 -0.439416
v -0.320242 -0.407888 -0.465922
v -0.320242 -0.396374 -0.477281
v -0.311178 -0.396374 -0.465922
v -0.320242 0.129431 -0.465922
v -0.311178 0.117917 -0.465922
v -0.320242 0.117917 -0.477281
v -0.296072 -0.407888 0.416326
v -0.296072 -0.396374 0.427686
v -0.305136 -0.396374 0.416326
v -0.296072 0.117917 0.427686
v -0.296072 0.129431 0.416326
v -0.305136 0.117917 0.416326
v -0.296072 -0.407888 0.389821
v -0.305136 -0.396374 0.389821
v -0.296072 -0.396374 0.378462
v -0.296072 0.129431 0.389821
v -0.296072 0.117917 0.378462
v -0.305136 0.117917 0.389821
v -0.166163 -0.407888 0.416326
v -0.157100 -0.396374 0.416326
v -0.166163 -0.396374 0.427686
v -0.166163 0.129431 0.416326
v -0.166163 0.117917 0.427686
v -0.157100 0.117917 0.416326
v -0.166163 -0.407888 0.389821
v -0.166163 -0.396374 0.378462
v -0.157100 -0.396374 0.389821
v -0.166163 0.129431 0.389821
v -0.157100 0.117917 0.389821
v -0.166163 0.117917 0.378462
v -0.296072 -0.407888 -0.439416
v -0.296072 -0.396374 -0.428057
v -0.305136 -0.396374 -0.439416
v -0.296072 0.117917 -0.428057
v -0.296072 0.129431 -0.439416
v -0.305136 0.117917 -0.439416
v -0.296072 -0.407888 -0.465922
v -0.305136 -0.396374 -0.465922
v -0.296072 -0.396374 -0.477281
v -0.296072 0.129431 -0.465922
v -0.296072 0.117917 -0.477281
v -0.305136 0.117917 -0.465922
v -0.166163 -0.407888 -0.439416
v -0.157100 -0.396374 -0.439416
v -0.166163 -0.396374 -0.428057
v -0.166163 0.129431 -0.439416
v -0.166163 0.117917 -0.428057
v -0.157100 0.117917 -0.439416
v -0.166163 -0.407888 -0.465922
v -0.166163 -0.396374 -0.477281
v -0.157100 -0.396374 -0.465922
v -0.166163 0.129431 -0.465922
v -0.157100 0.117917 -0.465922
v -0.166163 0.117917 -0.477281
v -0.141994 -0.407888 0.416326
v -0.141994 -0.396374 0.427686
v -0.151057 -0.396374 0.416326
v -0.141994 0.117917 0.427686
v -0.141994 0.129431 0.416326
v -0.151057 0.117917 0.416326
v -0.141994 -0.407888 0.389821
v -0.151057 -0.396374 0.389821
v -0.141994 -0.396374 0.378462
v -0.141994 0.129431 0.389821
v -0.141994 0.117917 0.378462
v -0.151057 0.117917 0.389821
v -0.012085 -0.407888 0.416326
v -0.003021 -0.396374 0.416326
v -0.012085 -0.396374 0.427686
v -0.012085 0.129431 0.416326
v -0.012085 0.117917 0.427686
v -0.003021 0.117917 0.416326
v -0.012085 -0.407888 0.389821
v -0.012085 -0.396374 0.378462
v -0.003021 -0.396374 0.389821
v -0.012085 0.129431 0.389821
v -0.003021 0.117917 0.389821
v -0.012085 0.117917 0.378462
v -0.141994 -0.407888 -0.439416
v -0.141994 -0.396374 -0.428057
v -0.151057 -0.396374 -0.439416
v -0.141994 0.117917 -0.428057
v -0.141994 0.129431 -0.439416
v -0.151057 0.117917 -0.439416
v -0.141994 -0.407888 -0.465922
v -0.151057 -0.396374 -0.465922
v -0.141994 -0.396374 -0.477281
v -0.141994 0.129431 -0.465922
v -0.141994 0.117917 -0.477281
v -0.151057 0.117917 -0.465922
v -0.012085 -0.407888 -0.439416
v -0.003021 -0.396374 -0.439416
v -0.012085 -0.396374 -0.428057
v -0.012085 0.129431 -0.439416
v -0.012085 0.117917 -0.428057
v -0.003021 0.117917 -0.439416
v -0.012085 -0.407888 -0.465922
v -0.012085 -0.396374 -0.477281
v -0.003021 -0.396374 -0.465922
v -0.012085 0.129431 -0.465922
v -0.003021 0.117917 -0.465922
v -0.012085 0.117917 -0.477281
v 0.012085 -0.407888 0.416326
v 0.012085 -0.396374 0.427686
v 0.003021 -0.396374 0.416326
v 0.012085 0.117917 0.427686
v 0.012085 0.129431 0.416326
v 0.003021 0.117917 0.416326
v 0.012085 -0.407888 0.389821
v 0.003021 -0.396374 0.389821
v 0.012085 -0.396374 0.378462
v 0.012085 0.129431 0.389821
v 0.012085 0.117917 0.378462
v 0.003021 0.117917 0.389821
v 0.141994 -0.407888 0.416326
v 0.151057 -0.396374 0.416326
v 0.141994 -0.396374 0.427686
v 0.141994 0.129431 0.416326
v 0.141994 0.117917 0.427686
v 0.151057 0.117917 0.416326
v 0.141994 -0.407888 0.389821
v 0.141994 -0.396374 0.378462
v 0.151057 -0.396374 0.389821
v 0.141994 0.129431 0.389821
v 0.151057 0.117917 0.389821
v 0.141994 0.117917 0.378462
v 0.012085 -0.407888 -0.439416
v 0.012085 -0.396374 -0.428057
v 0.003021 -0.396374 -0.439416
v 0.012085 0.117917 -0.428057
v 0.012085 0.129431 -0.439416
v 0.003021 0.117917 -0.439416
v 0.012085 -0.407888 -0.465922
v 0.003021 -0.396374 -0.465922
v 0.012085 -0.396374 -0.477281
v 0.012085 0.129431 -0.465922
v 0.012085 0.117917 -0.477281
v 0.003021 0.117917 -0.465922
v 0.141994 -0.407888 -0.439416
v 0.151057 -0.396374 -0.439416
v 0.141994 -0.396374 -0.428057
v 0.141994 0.129431 -0.439416
v 0.141994 0.117917 -0.428057
v 0.151057 0.117917 -0.439416
v 0.141994 -0.407888 -0.465922
v 0.141994 -0.396374 -0.477281
v 0.151057 -0.396374 -0.465922
v 0.141994 0.129431 -0.465922
v 0.151057 0.117917 -0.465922
v 0.141994 0.117917 -0.477281
v 0.166163 -0.407888 0.416326
v 0.166163 -0.396374 0.427686
v 0.157100 -0.396374 0.416326
v 0.166163 0.117917 0.427686
v 0.166163 0.129431 0.416326
v 0.157100 0.117917 0.416326
v 0.166163 -0.407888 0.389821
v 0.157100 -0.396374 0.389821
v 0.166163 -0.396374 0.378462
v 0.166163 0.129431 0.389821
v 0.166163 0.117917 0.378462
v 0.157100 0.117917 0.389821
v 0.296072 -0.407888 0.416326
v 0.305136 -0.396374 0.416326
v 0.296072 -0.396374 0.427686
v 0.296072 0.129431 0.416326
v 0.296072 0.117917 0.427686
v 0.305136 0.117917 0.416326
v 0.296072 -0.407888 0.389821
v 0.296072 -0.396374 0.378462
v 0.305136 -0.396374 0.389821
v 0.296072 0.129431 0.389821
v 0.305136 0.117917 0.389821
v 0.296072 0.117917 0.378462
v 0.166163 -0.407888 -0.439416
v 0.166163 -0.396374 -0.428057
v 0.157100 -0.396374 -0.439416
v 0.166163 0.117917 -0.428057
v 0.166163 0.129431 -0.439416
v 0.157100 0.117917 -0.439416
v 0.166163 -0.407888 -0.465922
v 0.157100 -0.396374 -0.465922
v 0.166163 -0.396374 -0.477281
v 0.166163 0.129431 -0.465922
v 0.166163 0.117917 -0.477281
v 0.157100 0.117917 -0.465922
v 0.296072 -0.407888 -0.439416
v 0.305136 -0.396374 -0.439416
v 0.296072 -0.396374 -0.428057
v 0.296072 0.129431 -0.439416
v 0.296072 0.117917 -0.428057
v 0.305136 0.117917 -0.439416
v 0.296072 -0.407888 -0.465922
v 0.296072 -0.396374 -0.477281
v 0.305136 -0.396374 -0.465922
v 0.296072 0.129431 -0.465922
v 0.305136 0.117917 -0.465922
v 0.296072 0.117917 -0.477281
v 0.320242 -0.407888 0.416326
v 0.320242 -0.396374 0.427686
v 0.311178 -0.396374 0.416326
v 0.320242 0.117917 0.427686
v 0.320242 0.129431 0.416326
v 0.311178 0.117917 0.416326
v 0.320242 -0.407888 0.389821
v 0.311178 -0.396374 0.389821
v 0.320242 -0.396374 0.378462
v 0.320242 0.129431 0.389821
v 0.320242 0.117917 0.378462
v 0.311178 0.117917 0.389821
v 0.450151 -0.407888 0.416326
v 0.459214 -0.396374 0.416326
v 0.450151 -0.396374 0.427686
v 0.450151 0.129431 0.416326
v 0.450151 0.117917 0.427686
v 0.459214 0.117917 0.416326
v 0.450151 -0.407888 0.389821
v 0.450151 -0.396374 0.378462
v 0.459214 -0.396374 0.389821
v 0.450151 0.129431 0.389821
v 0.459214 0.117917 0.389821
v 0.450151 0.117917 0.378462
v 0.320242 -0.407888 -0.439416
v 0.320242 -0.396374 -0.428057
v 0.311178 -0.396374 -0.439416
v 0.320242 0.117917 -0.428057
v 0.320242 0.129431 -0.439416
v 0.311178 0.117917 -0.439416
v 0.320242 -0.407888 -0.465922
v 0.311178 -0.396374 -0.465922
v 0.320242 -0.396374 -0.477281
v 0.320242 0.129431 -0.465922
v 0.320242 0.117917 -0.477281
v 0.311178 0.117917 -0.465922
v 0.450151 -0.407888 -0.439416
v 0.459214 -0.396374 -0.439416
v 0.450151 -0.396374 -0.428057
v 0.450151 0.129431 -0.439416
v 0.450151 0.117917 -0.428057
v 0.459214 0.117917 -0.439416
v 0.450151 -0.407888 -0.465922
v 0.450151 -0.396374 -0.477281
v 0.459214 -0.396374 -0.465922
v 0.450151 0.129431 -0.465922
v 0.459214 0.117917 -0.465922
v 0.450151 0.117917 -0.477281
v -0.490937 -0.423240 0.365209
v -0.490937 -0.411726 0.376568
v -0.500000 -0.411726 0.365209
v -0.490937 0.102565 0.376568
v -0.490937 0.114079 0.365209
v -0.500000 0.102565 0.365209
v -0.490937 -0.423240 -0.414804
v -0.500000 -0.411726 -0.414804
v -0.490937 -0.411726 -0.426164
v -0.490937 0.114079 -0.414804
v -0.490937 0.102565 -0.426164
v -0.500000 0.102565 -0.414804
v -0.463746 -0.423240 0.365209
v -0.454683 -0.411726 0.365209
v -0.463746 -0.411726 0.376568
v -0.463746 0.114079 0.365209
v -0.463746 0.102565 0.376568
v -0.454683 0.102565 0.365209
v -0.463746 -0.423240 -0.414804
v -0.463746 -0.411726 -0.426164
v -0.454683 -0.411726 -0.414804
v -0.463746 0.114079 -0.414804
v -0.454683 0.102565 -0.414804
v -0.463746 0.102565 -0.426164
v 0.463746 -0.423240 0.365209
v 0.463746 -0.411726 0.376568
v 0.454683 -0.411726 0.365209
v 0.463746 0.102565 0.376568
v 0.463746 0.114079 0.365209
v 0.454683 0.102565 0.365209
v 0.463746 -0.423240 -0.414804
v 0.454683 -0.411726 -0.414804
v 0.463746 -0.411726 -0.426164
v 0.463746 0.114079 -0.414804
v 0.463746 0.102565 -0.426164
v 0.454683 0.102565 -0.414804
v 0.490937 -0.423240 0.365209
v 0.500000 -0.411726 0.365209
v 0.490937 -0.411726 0.376568
v 0.490937 0.114079 0.365209
v 0.490937 0.102565 0.376568
v 0.500000 0.102565 0.365209
v 0.490937 -0.423240 -0.414804
v 0.490937 -0.411726 -0.426164
v 0.500000 -0.411726 -0.414804
v 0.490937 0.114079 -0.414804
v 0.500000 0.102565 -0.414804
v 0.490937 0.102565 -0.426164
v 0.480967 0.132436 -0.455833
v 0.480967 0.129431 -0.453426
v 0.483384 0.132501 -0.452724
v 0.480967 0.228422 -0.435951
v 0.483384 0.227451 -0.433057
v 0.480967 0.230478 -0.432448
v 0.480967 0.218938 -0.407157
v 0.480967 0.222888 -0.409401
v 0.483384 0.219876 -0.410056
v 0.480967 0.132432 -0.425526
v 0.483384 0.132501 -0.428610
v 0.480967 0.129431 -0.429193
v -0.480967 0.129431 -0.453426
v -0.480967 0.132436 -0.455833
v -0.483384 0.132501 -0.452724
v -0.480967 0.228422 -0.435951
v -0.480967 0.230478 -0.432448
v -0.483384 0.227451 -0.433057
v -0.483384 0.219876 -0.410056
v -0.480967 0.222888 -0.409400
v -0.480967 0.218938 -0.407157
v -0.480967 0.129431 -0.429193
v -0.483384 0.132501 -0.428610
v -0.480967 0.132432 -0.425526
v 0.480967 0.233972 -0.433633
v 0.480967 0.230478 -0.432448
v 0.483384 0.233087 -0.430567
v 0.480967 0.320895 -0.375712
v 0.483384 0.319088 -0.373261
v 0.480967 0.321635 -0.371566
v 0.480967 0.302868 -0.351234
v 0.480967 0.307197 -0.351960
v 0.483384 0.304672 -0.353686
v 0.480967 0.224463 -0.404795
v 0.483384 0.225565 -0.407727
v 0.480967 0.222888 -0.409401
v -0.480967 0.230478 -0.432448
v -0.480967 0.233972 -0.433633
v -0.483384 0.233087 -0.430567
v -0.480967 0.320895 -0.375712
v -0.480967 0.321635 -0.371566
v -0.483384 0.319088 -0.373261
v -0.483384 0.304672 -0.353686
v -0.480967 0.307197 -0.351960
v -0.480967 0.302868 -0.351234
v -0.480967 0.222888 -0.409400
v -0.483384 0.225565 -0.407727
v -0.480967 0.224463 -0.404795
v 0.480967 0.325289 -0.371598
v 0.480967 0.321635 -0.371566
v 0.483384 0.323486 -0.368926
v 0.480967 0.394612 -0.280938
v 0.483384 0.392127 -0.279158
v 0.480967 0.393977 -0.276739
v 0.480967 0.369801 -0.263155
v 0.480967 0.374105 -0.262495
v 0.483384 0.372285 -0.264935
v 0.480967 0.307212 -0.347070
v 0.483384 0.309196 -0.349521
v 0.480967 0.307197 -0.351960
v -0.480967 0.321635 -0.371566
v -0.480967 0.325289 -0.371598
v -0.483384 0.323486 -0.368926
v -0.480967 0.394612 -0.280938
v -0.480967 0.393977 -0.276739
v -0.483384 0.392127 -0.279158
v -0.483384 0.372285 -0.264935
v -0.480967 0.374105 -0.262495
v -0.480967 0.369801 -0.263155
v -0.480967 0.307197 -0.351960
v -0.483384 0.309196 -0.349521
v -0.480967 0.307212 -0.347070
v 0.480967 0.397563 -0.275692
v 0.480967 0.393977 -0.276739
v 0.483384 0.395030 -0.273750
v 0.480967 0.442242 -0.161015
v 0.483384 0.439316 -0.160081
v 0.480967 0.440423 -0.157251
v 0.480967 0.413064 -0.151663
v 0.480967 0.417062 -0.149763
v 0.483384 0.415986 -0.152603
v 0.480967 0.372699 -0.257878
v 0.483384 0.375316 -0.259619
v 0.480967 0.374105 -0.262495
v -0.480967 0.393977 -0.276739
v -0.480967 0.397563 -0.275692
v -0.483384 0.395030 -0.273750
v -0.480967 0.442242 -0.161015
v -0.480967 0.440423 -0.157251
v -0.483384 0.439316 -0.160081
v -0.483384 0.415986 -0.152603
v -0.480967 0.417062 -0.149763
v -0.480967 0.413064 -0.151663
v -0.480967 0.374105 -0.262495
v -0.483384 0.375316 -0.259619
v -0.480967 0.372699 -0.257878
v 0.480967 0.443708 -0.155180
v 0.480967 0.440423 -0.157251
v 0.483384 0.440738 -0.154167
v 0.480967 0.459134 -0.027806
v 0.483384 0.456039 -0.027827
v 0.480967 0.456428 -0.024798
v 0.480967 0.428439 -0.027807
v 0.480967 0.431865 -0.024798
v 0.483384 0.431528 -0.027827
v 0.480967 0.414498 -0.145818
v 0.483384 0.417483 -0.146713
v 0.480967 0.417062 -0.149763
v -0.480967 0.440423 -0.157251
v -0.480967 0.443708 -0.155180
v -0.483384 0.440738 -0.154167
v -0.480967 0.459134 -0.027806
v -0.480967 0.456428 -0.024798
v -0.483384 0.456039 -0.027827
v -0.483384 0.431528 -0.027827
v -0.480967 0.431865 -0.024798
v -0.480967 0.428439 -0.027807
v -0.480967 0.417062 -0.149763
v -0.483384 0.417483 -0.146713
v -0.480967 0.414498 -0.145818
v 0.480967 0.459134 -0.021790
v 0.480967 0.456428 -0.024798
v 0.483384 0.456039 -0.021769
v 0.480967 0.443708 0.105584
v 0.483384 0.440738 0.104572
v 0.480967 0.440423 0.107656
v 0.480967 0.414498 0.096222
v 0.480967 0.417062 0.100167
v 0.483384 0.417483 0.097117
v 0.480967 0.428439 -0.021789
v 0.483384 0.431528 -0.021769
v 0.480967 0.431865 -0.024798
v -0.480967 0.456428 -0.024798
v -0.480967 0.459134 -0.021790
v -0.483384 0.456039 -0.021769
v -0.480967 0.443708 0.105584
v -0.480967 0.440423 0.107656
v -0.483384 0.440738 0.104572
v -0.483384 0.417483 0.097117
v -0.480967 0.417062 0.100167
v -0.480967 0.414498 0.096222
v -0.480967 0.431865 -0.024798
v -0.483384 0.431528 -0.021769
v -0.480967 0.428439 -0.021789
v 0.480967 0.442242 0.111419
v 0.480967 0.440423 0.107656
v 0.483384 0.439316 0.110486
v 0.480967 0.397563 0.226097
v 0.483384 0.395030 0.224154
v 0.480967 0.393977 0.227144
v 0.480967 0.372699 0.208283
v 0.480967 0.374105 0.212900
v 0.483384 0.375316 0.210024
v 0.480967 0.413064 0.102068
v 0.483384 0.415986 0.103007
v 0.480967 0.417062 0.100167
v -0.480967 0.440423 0.107656
v -0.480967 0.442242 0.111419
v -0.483384 0.439316 0.110486
v -0.480967 0.397563 0.226097
v -0.480967 0.393977 0.227144
v -0.483384 0.395030 0.224154
v -0.483384 0.375316 0.210024
v -0.480967 0.374105 0.212900
v -0.480967 0.372699 0.208283
v -0.480967 0.417062 0.100167
v -0.483384 0.415986 0.103007
v -0.480967 0.413064 0.102068
v 0.480967 0.394612 0.231343
v 0.480967 0.393977 0.227144
v 0.483384 0.392127 0.229562
v 0.480967 0.325289 0.322002
v 0.483384 0.323486 0.319330
v 0.480967 0.321635 0.321970
v 0.480967 0.307212 0.297474
v 0.480967 0.307197 0.302365
v 0.483384 0.309196 0.299926
v 0.480967 0.369801 0.213559
v 0.483384 0.372285 0.215340
v 0.480967 0.374105 0.212900
v -0.480967 0.393977 0.227144
v -0.480967 0.394612 0.231343
v -0.483384 0.392127 0.229562
v -0.480967 0.325289 0.322003
v -0.480967 0.321635 0.321970
v -0.483384 0.323486 0.319330
v -0.483384 0.309196 0.299926
v -0.480967 0.307197 0.302365
v -0.480967 0.307212 0.297474
v -0.480967 0.374105 0.212900
v -0.483384 0.372285 0.215340
v -0.480967 0.369801 0.213559
v 0.480967 0.320895 0.326116
v 0.480967 0.321635 0.321970
v 0.483384 0.319088 0.323665
v 0.480967 0.233972 0.384038
v 0.483384 0.233087 0.380972
v 0.480967 0.230478 0.382852
v 0.480967 0.224463 0.355200
v 0.480967 0.222888 0.359805
v 0.483384 0.225565 0.358131
v 0.480967 0.302868 0.301639
v 0.483384 0.304672 0.304090
v 0.480967 0.307197 0.302365
v -0.480967 0.321635 0.321970
v -0.480967 0.320895 0.326116
v -0.483384 0.319088 0.323665
v -0.480967 0.233972 0.384038
v -0.480967 0.230478 0.382852
v -0.483384 0.233087 0.380972
v -0.483384 0.225565 0.358131
v -0.480967 0.222888 0.359805
v -0.480967 0.224463 0.355200
v -0.480967 0.307197 0.302365
v -0.483384 0.304672 0.304090
v -0.480967 0.302868 0.301639
v 0.480967 0.228422 0.386356
v 0.480967 0.230478 0.382852
v 0.483384 0.227451 0.383462
v 0.480967 0.132436 0.406238
v 0.483384 0.132501 0.403129
v 0.480967 0.129431 0.403831
v 0.480967 0.132432 0.375931
v 0.480967 0.129431 0.379597
v 0.483384 0.132501 0.379015
v 0.480967 0.218938 0.357561
v 0.483384 0.219876 0.360461
v 0.480967 0.222888 0.359805
v -0.480967 0.230478 0.382852
v -0.480967 0.228422 0.386356
v -0.483384 0.227451 0.383462
v -0.480967 0.132436 0.406238
v -0.480967 0.129431 0.403831
v -0.483384 0.132501 0.403129
v -0.483384 0.132501 0.379015
v -0.480967 0.129431 0.379597
v -0.480967 0.132432 0.375931
v -0.480967 0.222888 0.359805
v -0.483384 0.219876 0.360461
v -0.480967 0.218938 0.357561
v 0.482779 0.129431 0.387170
v 0.482779 0.133966 0.390924
v 0.486405 0.134036 0.386298
v 0.482779 0.129431 -0.436766
v 0.486405 0.134036 -0.435893
v 0.482779 0.133966 -0.440520
v 0.486405 0.209323 -0.422775
v 0.482779 0.210885 -0.427117
v 0.486405 0.283958 -0.381861
v 0.482779 0.286789 -0.385508
v 0.486405 0.348259 -0.316562
v 0.482779 0.351968 -0.319316
v 0.486405 0.397732 -0.231233
v 0.482779 0.401982 -0.233054
v 0.486405 0.428884 -0.131698
v 0.482779 0.433423 -0.132599
v 0.486405 0.439518 -0.024798
v 0.482779 0.444146 -0.024798
v 0.486405 0.428884 0.082102
v 0.482779 0.433423 0.083003
v 0.486405 0.397732 0.181638
v 0.482779 0.401982 0.183458
v 0.486405 0.348259 0.266966
v 0.482779 0.351968 0.269721
v 0.486405 0.283958 0.332266
v 0.482779 0.286789 0.335912
v 0.482779 0.210885 0.377522
v 0.486405 0.209323 0.373180
v 0.459819 0.133966 0.390924
v 0.459819 0.129431 0.387170
v 0.456193 0.134036 0.386298
v 0.459819 0.129431 -0.436766
v 0.459819 0.133966 -0.440520
v 0.456193 0.134036 -0.435893
v 0.459819 0.210885 -0.427117
v 0.456193 0.209323 -0.422775
v 0.459819 0.286789 -0.385508
v 0.456193 0.283958 -0.381861
v 0.459819 0.351968 -0.319316
v 0.456193 0.348259 -0.316562
v 0.459819 0.401982 -0.233054
v 0.456193 0.397732 -0.231233
v 0.459819 0.433423 -0.132599
v 0.456193 0.428884 -0.131698
v 0.456193 0.439518 -0.024798
v 0.459819 0.444146 -0.024798
v 0.456193 0.428884 0.082102
v 0.459819 0.433423 0.083003
v 0.459819 0.401982 0.183458
v 0.456193 0.397732 0.181638
v 0.459819 0.351968 0.269721
v 0.456193 0.348259 0.266966
v 0.459819 0.286789 0.335912
v 0.456193 0.283958 0.332266
v 0.456193 0.209323 0.373180
v 0.459819 0.210885 0.377522
v -0.459819 0.129431 0.387170
v -0.459819 0.133966 0.390924
v -0.456193 0.134036 0.386298
v -0.459819 0.129431 -0.436766
v -0.456193 0.134036 -0.435893
v -0.459819 0.133966 -0.440519
v -0.456193 0.209323 -0.422775
v -0.459819 0.210885 -0.427117
v -0.456193 0.283958 -0.381861
v -0.459819 0.286789 -0.385508
v -0.456193 0.348259 -0.316562
v -0.459819 0.351968 -0.319316
v -0.456193 0.397732 -0.231233
v -0.459819 0.401982 -0.233054
v -0.456193 0.428884 -0.131698
v -0.459819 0.433423 -0.132599
v -0.456193 0.439518 -0.024798
v -0.459819 0.444146 -0.024798
v -0.456193 0.428884 0.082102
v -0.459819 0.433423 0.083003
v -0.456193 0.397732 0.181638
v -0.459819 0.401982 0.183458
v -0.456193 0.348259 0.266966
v -0.459819 0.351968 0.269721
v -0.456193 0.283958 0.332266
v -0.459819 0.286789 0.335912
v -0.459819 0.210885 0.377522
v -0.456193 0.209323 0.373180
v -0.482779 0.133966 0.390924
v -0.482779 0.129431 0.387170
v -0.486405 0.134036 0.386298
v -0.482779 0.129431 -0.436766
v -0.482779 0.133966 -0.440519
v -0.486405 0.134036 -0.435893
v -0.482779 0.210885 -0.427117
v -0.486405 0.209323 -0.422775
v -0.482779 0.286789 -0.385508
v -0.486405 0.283958 -0.381861
v -0.482779 0.351968 -0.319316
v -0.486405 0.348259 -0.316562
v -0.482779 0.401982 -0.233054
v -0.486405 0.397732 -0.231233
v -0.482779 0.433423 -0.132599
v -0.486405 0.428884 -0.131698
v -0.486405 0.439518 -0.024798
v -0.482779 0.444146 -0.024798
v -0.486405 0.428884 0.082102
v -0.482779 0.433423 0.083003
v -0.482779 0.401982 0.183458
v -0.486405 0.397732 0.181638
v -0.482779 0.351968 0.269721
v -0.486405 0.348259 0.266966
v -0.482779 0.286789 0.335912
v -0.486405 0.283958 0.332266
v -0.486405 0.209323 0.373180
v -0.482779 0.210885 0.377522
v -0.389728 -0.434754 0.446618
v -0.389728 -0.430916 0.450404
v -0.392749 -0.430916 0.446618
v -0.389728 0.152459 0.450404
v -0.389728 0.156297 0.446618
v -0.392749 0.152459 0.446618
v -0.389728 -0.434754 0.427686
v -0.392749 -0.430916 0.427686
v -0.389728 -0.430916 0.423899
v -0.389728 0.156297 0.427686
v -0.389728 0.152459 0.423899
v -0.392749 0.152459 0.427686
v -0.323263 -0.434754 0.446618
v -0.320242 -0.430916 0.446618
v -0.323263 -0.430916 0.450404
v -0.323263 0.156297 0.446618
v -0.323263 0.152459 0.450404
v -0.320242 0.152459 0.446618
v -0.323263 -0.434754 0.427686
v -0.323263 -0.430916 0.423899
v -0.320242 -0.430916 0.427686
v -0.323263 0.156297 0.427686
v -0.320242 0.152459 0.427686
v -0.323263 0.152459 0.423899
v -0.389728 -0.434754 -0.477281
v -0.389728 -0.430916 -0.473495
v -0.392749 -0.430916 -0.477281
v -0.389728 0.152459 -0.473495
v -0.389728 0.156297 -0.477281
v -0.392749 0.152459 -0.477281
v -0.389728 -0.434754 -0.496214
v -0.392749 -0.430916 -0.496214
v -0.389728 -0.430916 -0.500000
v -0.389728 0.156297 -0.496214
v -0.389728 0.152459 -0.500000
v -0.392749 0.152459 -0.496214
v -0.323263 -0.434754 -0.477281
v -0.320242 -0.430916 -0.477281
v -0.323263 -0.430916 -0.473495
v -0.323263 0.156297 -0.477281
v -0.323263 0.152459 -0.473495
v -0.320242 0.152459 -0.477281
v -0.323263 -0.434754 -0.496214
v -0.323263 -0.430916 -0.500000
v -0.320242 -0.430916 -0.496214
v -0.323263 0.156297 -0.496214
v -0.320242 0.152459 -0.496214
v -0.323263 0.152459 -0.500000
v -0.356495 0.142284 -0.488492
v -0.356495 0.246652 -0.466994
v -0.339227 0.139695 -0.476260
v -0.339227 0.244064 -0.454763
v -0.339227 0.134518 -0.451797
v -0.339227 0.238887 -0.430299
v -0.356495 0.131930 -0.439565
v -0.356495 0.236298 -0.418068
v -0.373764 0.134518 -0.451797
v -0.373764 0.238887 -0.430299
v -0.373764 0.139695 -0.476260
v -0.373764 0.244064 -0.454763
v -0.356495 0.255599 -0.463277
v -0.356495 0.349751 -0.400889
v -0.339227 0.248537 -0.452904
v -0.339227 0.342689 -0.390516
v -0.339227 0.234414 -0.432158
v -0.339227 0.328566 -0.369770
v -0.356495 0.227352 -0.421785
v -0.356495 0.321504 -0.359397
v -0.373764 0.234414 -0.432158
v -0.373764 0.328566 -0.369770
v -0.373764 0.248537 -0.452904
v -0.373764 0.342689 -0.390516
v -0.356495 0.355808 -0.395247
v -0.356495 0.430528 -0.298075
v -0.339227 0.345718 -0.387695
v -0.339227 0.420437 -0.290523
v -0.339227 0.325537 -0.372591
v -0.339227 0.400256 -0.275419
v -0.356495 0.315447 -0.365039
v -0.356495 0.390166 -0.267867
v -0.373764 0.325537 -0.372591
v -0.373764 0.400256 -0.275419
v -0.373764 0.345718 -0.387695
v -0.373764 0.420437 -0.290523
v -0.356495 0.433974 -0.291981
v -0.356495 0.481947 -0.169538
v -0.339227 0.422160 -0.287476
v -0.339227 0.470133 -0.165033
v -0.339227 0.398533 -0.278466
v -0.339227 0.446506 -0.156022
v -0.356495 0.386720 -0.273961
v -0.356495 0.434693 -0.151517
v -0.373764 0.398533 -0.278466
v -0.373764 0.446506 -0.156022
v -0.373764 0.422160 -0.287476
v -0.373764 0.470133 -0.165033
v -0.356495 0.483470 -0.163509
v -0.356495 0.500000 -0.027779
v -0.339227 0.470895 -0.162018
v -0.339227 0.487425 -0.026288
v -0.339227 0.445745 -0.159037
v -0.339227 0.462275 -0.023307
v -0.356495 0.433170 -0.157546
v -0.356495 0.449700 -0.021816
v -0.373764 0.445745 -0.159037
v -0.373764 0.462275 -0.023307
v -0.373764 0.470895 -0.162018
v -0.373764 0.487425 -0.026288
v -0.356495 0.500000 -0.021816
v -0.356495 0.483470 0.113913
v -0.339227 0.487425 -0.023307
v -0.339227 0.470895 0.112423
v -0.339227 0.462275 -0.026288
v -0.339227 0.445745 0.109441
v -0.356495 0.449700 -0.027779
v -0.356495 0.433170 0.107951
v -0.373764 0.462275 -0.026288
v -0.373764 0.445745 0.109441
v -0.373764 0.487425 -0.023307
v -0.373764 0.470895 0.112423
v -0.356495 0.481947 0.119942
v -0.356495 0.433974 0.242386
v -0.339227 0.470133 0.115437
v -0.339227 0.422160 0.237881
v -0.339227 0.446506 0.106427
v -0.339227 0.398533 0.228871
v -0.356495 0.434693 0.101922
v -0.356495 0.386720 0.224365
v -0.373764 0.446506 0.106427
v -0.373764 0.398533 0.228871
v -0.373764 0.470133 0.115437
v -0.373764 0.422160 0.237881
v -0.356495 0.430528 0.248480
v -0.356495 0.355808 0.345651
v -0.339227 0.420437 0.240928
v -0.339227 0.345718 0.338099
v -0.339227 0.400256 0.225824
v -0.339227 0.325537 0.322995
v -0.356495 0.390166 0.218272
v -0.356495 0.315447 0.315443
v -0.373764 0.400256 0.225824
v -0.373764 0.325537 0.322995
v -0.373764 0.420437 0.240928
v -0.373764 0.345718 0.338099
v -0.356495 0.349751 0.351293
v -0.356495 0.255599 0.413681
v -0.339227 0.342689 0.340920
v -0.339227 0.248537 0.403308
v -0.339227 0.328566 0.320175
v -0.339227 0.234414 0.382563
v -0.356495 0.321504 0.309802
v -0.356495 0.227352 0.372190
v -0.373764 0.328566 0.320175
v -0.373764 0.234414 0.382563
v -0.373764 0.342689 0.340920
v -0.373764 0.248537 0.403308
v -0.356495 0.246652 0.417399
v -0.356495 0.142284 0.438896
v -0.339227 0.244064 0.405167
v -0.339227 0.139695 0.426665
v -0.339227 0.238887 0.380704
v -0.339227 0.134518 0.402201
v -0.356495 0.236298 0.368472
v -0.356495 0.131930 0.389970
v -0.373764 0.238887 0.380704
v -0.373764 0.134518 0.402201
v -0.373764 0.244064 0.405167
v -0.373764 0.139695 0.426665
v 0.323263 -0.434754 0.446618
v 0.323263 -0.430916 0.450404
v 0.320242 -0.430916 0.446618
v 0.323263 0.152459 0.450404
v 0.323263 0.156297 0.446618
v 0.320242 0.152459 0.446618
v 0.323263 -0.434754 0.427686
v 0.320242 -0.430916 0.427686
v 0.323263 -0.430916 0.423899
v 0.323263 0.156297 0.427686
v 0.323263 0.152459 0.423899
v 0.320242 0.152459 0.427686
v 0.389728 -0.434754 0.446618
v 0.392749 -0.430916 0.446618
v 0.389728 -0.430916 0.450404
v 0.389728 0.156297 0.446618
v 0.389728 0.152459 0.450404
v 0.392749 0.152459 0.446618
v 0.389728 -0.434754 0.427686
v 0.389728 -0.430916 0.423899
v 0.392749 -0.430916 0.427686
v 0.389728 0.156297 0.427686
v 0.392749 0.152459 0.427686
v 0.389728 0.152459 0.423899
v 0.323263 -0.434754 -0.477281
v 0.323263 -0.430916 -0.473495
v 0.320242 -0.430916 -0.477281
v 0.323263 0.152459 -0.473495
v 0.323263 0.156297 -0.477281
v 0.320242 0.152459 -0.477281
v 0.323263 -0.434754 -0.496214
v 0.320242 -0.430916 -0.496214
v 0.323263 -0.430916 -0.500000
v 0.323263 0.156297 -0.496214
v 0.323263 0.152459 -0.500000
v 0.320242 0.152459 -0.496214
v 0.389728 -0.434754 -0.477281
v 0.392749 -0.430916 -0.477281
v 0.389728 -0.430916 -0.473495
v 0.389728 0.156297 -0.477281
v 0.389728 0.152459 -0.473495
v 0.392749 0.152459 -0.477281
v 0.389728 -0.434754 -0.496214
v 0.389728 -0.430916 -0.500000
v 0.392749 -0.430916 -0.496214
v 0.389728 0.156297 -0.496214
v 0.392749 0.152459 -0.496214
v 0.389728 0.152459 -0.500000
v 0.356495 0.142284 -0.488492
v 0.356495 0.246652 -0.466994
v 0.373764 0.139695 -0.476260
v 0.373764 0.244064 -0.454763
v 0.373764 0.134518 -0.451797
v 0.373764 0.238887 -0.430299
v 0.356495 0.131930 -0.439565
v 0.356495 0.236298 -0.418068
v 0.339227 0.134518 -0.451797
v 0.339227 0.238887 -0.430299
v 0.339227 0.139695 -0.476260
v 0.339227 0.244064 -0.454763
v 0.356495 0.255599 -0.463277
v 0.356495 0.349751 -0.400889
v 0.373764 0.248537 -0.452904
v 0.373764 0.342689 -0.390516
v 0.373764 0.234414 -0.432158
v 0.373764 0.328566 -0.369770
v 0.356495 0.227352 -0.421785
v 0.356495 0.321504 -0.359397
v 0.339227 0.234414 -0.432158
v 0.339227 0.328566 -0.369770
v 0.339227 0.248537 -0.452904
v 0.339227 0.342689 -0.390516
v 0.356495 0.355808 -0.395247
v 0.356495 0.430528 -0.298075
v 0.373764 0.345718 -0.387695
v 0.373764 0.420437 -0.290523
v 0.373764 0.325537 -0.372591
v 0.373764 0.400256 -0.275419
v 0.356495 0.315447 -0.365039
v 0.356495 0.390166 -0.267867
v 0.339227 0.325537 -0.372591
v 0.339227 0.400256 -0.275419
v 0.339227 0.345718 -0.387695
v 0.339227 0.420437 -0.290523
v 0.356495 0.433974 -0.291981
v 0.356495 0.481947 -0.169538
v 0.373764 0.422160 -0.287476
v 0.373764 0.470133 -0.165033
v 0.373764 0.398533 -0.278466
v 0.373764 0.446506 -0.156022
v 0.356495 0.386720 -0.273961
v 0.356495 0.434693 -0.151517
v 0.339227 0.398533 -0.278466
v 0.339227 0.446506 -0.156022
v 0.339227 0.422160 -0.287476
v 0.339227 0.470133 -0.165033
v 0.356495 0.483470 -0.163509
v 0.356495 0.500000 -0.027779
v 0.373764 0.470895 -0.162018
v 0.373764 0.487425 -0.026288
v 0.373764 0.445745 -0.159037
v 0.373764 0.462275 -0.023307
v 0.356495 0.433170 -0.157546
v 0.356495 0.449700 -0.021816
v 0.339227 0.445745 -0.159037
v 0.339227 0.462275 -0.023307
v 0.339227 0.470895 -0.162018
v 0.339227 0.487425 -0.026288
v 0.356495 0.500000 -0.021816
v 0.356495 0.483470 0.113913
v 0.373764 0.487425 -0.023307
v 0.373764 0.470895 0.112423
v 0.373764 0.462275 -0.026288
v 0.373764 0.445745 0.109441
v 0.356495 0.449700 -0.027779
v 0.356495 0.433170 0.107951
v 0.339227 0.462275 -0.026288
v 0.339227 0.445745 0.109441
v 0.339227 0.487425 -0.023307
v 0.339227 0.470895 0.112423
v 0.356495 0.481947 0.119942
v 0.356495 0.433974 0.242386
v 0.373764 0.470133 0.115437
v 0.373764 0.422160 0.237881
v 0.373764 0.446506 0.106427
v 0.373764 0.398533 0.228871
v 0.356495 0.434693 0.101922
v 0.356495 0.386720 0.224365
v 0.339227 0.446506 0.106427
v 0.339227 0.398533 0.228871
v 0.339227 0.470133 0.115437
v 0.339227 0.422160 0.237881
v 0.356495 0.430528 0.248480
v 0.356495 0.355808 0.345651
v 0.373764 0.420437 0.240928
v 0.373764 0.345718 0.338099
v 0.373764 0.400256 0.225824
v 0.373764 0.325537 0.322995
v 0.356495 0.390166 0.218272
v 0.356495 0.315447 0.315443
v 0.339227 0.400256 0.225824
v 0.339227 0.325537 0.322995
v 0.339227 0.420437 0.240928
v 0.339227 0.345718 0.338099
v 0.356495 0.349751 0.351293
v 0.356495 0.255599 0.413681
v 0.373764 0.342689 0.340920
v 0.373764 0.248537 0.403308
v 0.373764 0.328566 0.320175
v 0.373764 0.234414 0.382563
v 0.356495 0.321504 0.309802
v 0.356495 0.227352 0.372190
v 0.339227 0.328566 0.320175
v 0.339227 0.234414 0.382563
v 0.339227 0.342689 0.340920
v 0.339227 0.248537 0.403308
v 0.356495 0.246652 0.417399
v 0.356495 0.142284 0.438896
v 0.373764 0.244064 0.405167
v 0.373764 0.139695 0.426665
v 0.373764 0.238887 0.380704
v 0.373764 0.134518 0.402201
v 0.356495 0.236298 0.368472
v 0.356495 0.131930 0.389970
v 0.339227 0.238887 0.380704
v 0.339227 0.134518 0.402201
v 0.339227 0.244064 0.405167
v 0.339227 0.139695 0.426665
v -0.057402 -0.043279 0.463657
v -0.057402 -0.027927 0.478803
v -0.069486 -0.027927 0.463657
v -0.057402 0.148621 0.478803
v -0.057402 0.163973 0.463657
v -0.069486 0.148621 0.463657
v -0.057402 -0.043279 0.456084
v -0.069486 -0.027927 0.456084
v -0.057402 -0.027927 0.440938
v -0.057402 0.163973 0.456084
v -0.057402 0.148621 0.440938
v -0.069486 0.148621 0.456084
v 0.057402 -0.043279 0.463657
v 0.069486 -0.027927 0.463657
v 0.057402 -0.027927 0.478803
v 0.057402 0.163973 0.463657
v 0.057402 0.148621 0.478803
v 0.069486 0.148621 0.463657
v 0.057402 -0.043279 0.456084
v 0.057402 -0.027927 0.440938
v 0.069486 -0.027927 0.456084
v 0.057402 0.163973 0.456084
v 0.069486 0.148621 0.456084
v 0.057402 0.148621 0.440938
v 0.048338 -0.001061 0.490162
v 0.043807 -0.001061 0.500000
v 0.034743 -0.001061 0.500000
v 0.030211 -0.001061 0.490162
v 0.034743 -0.001061 0.480325
v 0.043807 -0.001061 0.480325
v 0.045973 0.017915 0.490162
v 0.041663 0.016136 0.500000
v 0.033043 0.012578 0.500000
v 0.028733 0.010799 0.490162
v 0.033043 0.012578 0.480325
v 0.041663 0.016136 0.480325
v 0.039107 0.035034 0.490162
v 0.035440 0.031650 0.500000
v 0.028108 0.024882 0.500000
v 0.024442 0.021498 0.490162
v 0.028108 0.024882 0.480325
v 0.035440 0.031650 0.480325
v 0.028413 0.048619 0.490162
v 0.025749 0.043962 0.500000
v 0.020422 0.034647 0.500000
v 0.017758 0.029989 0.490162
v 0.020422 0.034647 0.480325
v 0.025749 0.043962 0.480325
v 0.014937 0.057341 0.490162
v 0.013537 0.051866 0.500000
v 0.010736 0.040916 0.500000
v 0.009336 0.035441 0.490162
v 0.010736 0.040916 0.480325
v 0.013537 0.051866 0.480325
v 0.000000 0.060347 0.490162
v 0.000000 0.054590 0.500000
v 0.000000 0.043076 0.500000
v 0.000000 0.037319 0.490162
v 0.000000 0.043076 0.480325
v 0.000000 0.054590 0.480325
v -0.014937 0.057341 0.490162
v -0.013537 0.051866 0.500000
v -0.010736 0.040916 0.500000
v -0.009336 0.035441 0.490162
v -0.010736 0.040916 0.480325
v -0.013537 0.051866 0.480325
v -0.028413 0.048619 0.490162
v -0.025749 0.043962 0.500000
v -0.020422 0.034647 0.500000
v -0.017758 0.029989 0.490162
v -0.020422 0.034647 0.480325
v -0.025749 0.043962 0.480325
v -0.039107 0.035034 0.490162
v -0.035440 0.031650 0.500000
v -0.028108 0.024882 0.500000
v -0.024442 0.021498 0.490162
v -0.028108 0.024882 0.480325
v -0.035440 0.031650 0.480325
v -0.045973 0.017915 0.490162
v -0.041663 0.016136 0.500000
v -0.033043 0.012578 0.500000
v -0.028733 0.010799 0.490162
v -0.033043 0.012578 0.480325
v -0.041663 0.016136 0.480325
v -0.048338 -0.001061 0.490162
v -0.043807 -0.001061 0.500000
v -0.034743 -0.001061 0.500000
v -0.030211 -0.001061 0.490162
v -0.034743 -0.001061 0.480325
v -0.043807 -0.001061 0.480325
v -0.045973 -0.020037 0.490162
v -0.041663 -0.018258 0.500000
v -0.033043 -0.014700 0.500000
v -0.028733 -0.012921 0.490162
v -0.033043 -0.014700 0.480325
v -0.041663 -0.018258 0.480325
v -0.039107 -0.037156 0.490162
v -0.035440 -0.033772 0.500000
v -0.028108 -0.027004 0.500000
v -0.024442 -0.023620 0.490162
v -0.028108 -0.027004 0.480325
v -0.035440 -0.033772 0.480325
v -0.028413 -0.050741 0.490162
v -0.025749 -0.046083 0.500000
v -0.020422 -0.036768 0.500000
v -0.017758 -0.032111 0.490162
v -0.020422 -0.036768 0.480325
v -0.025749 -0.046083 0.480325
v -0.014937 -0.059463 0.490162
v -0.013537 -0.053988 0.500000
v -0.010736 -0.043038 0.500000
v -0.009336 -0.037562 0.490162
v -0.010736 -0.043038 0.480325
v -0.013537 -0.053988 0.480325
v 0.000000 -0.062469 0.490162
v 0.000000 -0.056712 0.500000
v 0.000000 -0.045198 0.500000
v 0.000000 -0.039441 0.490162
v 0.000000 -0.045198 0.480325
v 0.000000 -0.056712 0.480325
v 0.014937 -0.059463 0.490162
v 0.013537 -0.053988 0.500000
v 0.010736 -0.043038 0.500000
v 0.009336 -0.037562 0.490162
v 0.010736 -0.043038 0.480325
v 0.013537 -0.053988 0.480325
v 0.028413 -0.050741 0.490162
v 0.025749 -0.046083 0.500000
v 0.020422 -0.036768 0.500000
v 0.017758 -0.032111 0.490162
v 0.020422 -0.036768 0.480325
v 0.025749 -0.046083 0.480325
v 0.039107 -0.037156 0.490162
v 0.035440 -0.033772 0.500000
v 0.028108 -0.027004 0.500000
v 0.024442 -0.023620 0.490162
v 0.028108 -0.027004 0.480325
v 0.035440 -0.033772 0.480325
v 0.045973 -0.020037 0.490162
v 0.041663 -0.018258 0.500000
v 0.033043 -0.014700 0.500000
v 0.028733 -0.012921 0.490162
v 0.033043 -0.014700 0.480325
v 0.041663 -0.018258 0.480325
v -0.456193 -0.500000 0.372782
v -0.456193 -0.488486 0.384141
v -0.465257 -0.488486 0.372782
v -0.456193 -0.396374 0.384141
v -0.456193 -0.384860 0.372782
v -0.465257 -0.396374 0.372782
v -0.456193 -0.500000 0.228896
v -0.465257 -0.488486 0.228896
v -0.456193 -0.488486 0.217536
v -0.456193 -0.384860 0.228896
v -0.456193 -0.396374 0.217536
v -0.465257 -0.396374 0.228896
v -0.341390 -0.500000 0.372782
v -0.332326 -0.488486 0.372782
v -0.341390 -0.488486 0.384141
v -0.341390 -0.384860 0.372782
v -0.341390 -0.396374 0.384141
v -0.332326 -0.396374 0.372782
v -0.341390 -0.500000 0.228896
v -0.341390 -0.488486 0.217536
v -0.332326 -0.488486 0.228896
v -0.341390 -0.384860 0.228896
v -0.332326 -0.396374 0.228896
v -0.341390 -0.396374 0.217536
v -0.456193 -0.500000 -0.278491
v -0.456193 -0.488486 -0.267132
v -0.465257 -0.488486 -0.278491
v -0.456193 -0.396374 -0.267132
v -0.456193 -0.384860 -0.278491
v -0.465257 -0.396374 -0.278491
v -0.456193 -0.500000 -0.422377
v -0.465257 -0.488486 -0.422377
v -0.456193 -0.488486 -0.433737
v -0.456193 -0.384860 -0.422377
v -0.456193 -0.396374 -0.433737
v -0.465257 -0.396374 -0.422377
v -0.341390 -0.500000 -0.278491
v -0.332326 -0.488486 -0.278491
v -0.341390 -0.488486 -0.267132
v -0.341390 -0.384860 -0.278491
v -0.341390 -0.396374 -0.267132
v -0.332326 -0.396374 -0.278491
v -0.341390 -0.500000 -0.422377
v -0.341390 -0.488486 -0.433737
v -0.332326 -0.488486 -0.422377
v -0.341390 -0.384860 -0.422377
v -0.332326 -0.396374 -0.422377
v -0.341390 -0.396374 -0.433737
v 0.341390 -0.500000 0.372782
v 0.341390 -0.488486 0.384141
v 0.332326 -0.488486 0.372782
v 0.341390 -0.396374 0.384141
v 0.341390 -0.384860 0.372782
v 0.332326 -0.396374 0.372782
v 0.341390 -0.500000 0.228896
v 0.332326 -0.488486 0.228896
v 0.341390 -0.488486 0.217536
v 0.341390 -0.384860 0.228896
v 0.341390 -0.396374 0.217536
v 0.332326 -0.396374 0.228896
v 0.456193 -0.500000 0.372782
v 0.465257 -0.488486 0.372782
v 0.456193 -0.488486 0.384141
v 0.456193 -0.384860 0.372782
v 0.456193 -0.396374 0.384141
v 0.465257 -0.396374 0.372782
v 0.456193 -0.500000 0.228896
v 0.456193 -0.488486 0.217536
v 0.465257 -0.488486 0.228896
v 0.456193 -0.384860 0.228896
v 0.465257 -0.396374 0.228896
v 0.456193 -0.396374 0.217536
v 0.341390 -0.500000 -0.278491
v 0.341390 -0.488486 -0.267132
v 0.332326 -0.488486 -0.278491
v 0.341390 -0.396374 -0.267132
v 0.341390 -0.384860 -0.278491
v 0.332326 -0.396374 -0.278491
v 0.341390 -0.500000 -0.422377
v 0.332326 -0.488486 -0.422377
v 0.341390 -0.488486 -0.433737
v 0.341390 -0.384860 -0.422377
v 0.341390 -0.396374 -0.433737
v 0.332326 -0.396374 -0.422377
v 0.456193 -0.500000 -0.278491
v 0.465257 -0.488486 -0.278491
v 0.456193 -0.488486 -0.267132
v 0.456193 -0.384860 -0.278491
v 0.456193 -0.396374 -0.267132
v 0.465257 -0.396374 -0.278491
v 0.456193 -0.500000 -0.422377
v 0.456193 -0.488486 -0.433737
v 0.465257 -0.488486 -0.422377
v 0.456193 -0.384860 -0.422377
v 0.465257 -0.396374 -0.422377
v 0.456193 -0.396374 -0.433737
vn -0.0000 -0.0000 1.0000
vn 1.0000 -0.0000 -0.0000
vn -0.0000 1.0000 -0.0000
vn -1.0000 -0.0000 -0.0000
vn -0.0000 -0.0000 -1.0000
vn -0.6657 -0.5241 0.5312
vn -0.6657 0.5241 0.5312
vn -0.6657 -0.5241 -0.5312
vn -0.6657 0.5241 -0.5312
vn 0.6657 -0.5241 0.5312
vn 0.6657 0.5241 0.5312
vn 0.6657 -0.5241 -0.5312
vn 0.6657 0.5241 -0.5312
vn -0.7858 -0.6185 -0.0000
vn -0.7817 -0.0000 0.6237
vn -0.7858 0.6185 -0.0000
vn -0.7817 -0.0000 -0.6237
vn -0.0000 -0.7023 -0.7119
vn -0.0000 0.7023 -0.7119
vn 0.7817 -0.0000 -0.6237
vn 0.7858 -0.6185 -0.0000
vn 0.7858 0.6185 -0.0000
vn 0.7817 -0.0000 0.6237
vn -0.0000 -0.7023 0.7119
vn -0.0000 0.7023 0.7119
vn -0.0000 -1.0000 -0.0000
vn -0.6657 0.5240 -0.5312
vn 0.6657 0.5240 -0.5312
vn -0.0000 -0.2077 0.9782
vn -0.0000 0.9498 0.3128
vn 0.7144 -0.4375 -0.5462
vn 0.6898 0.6244 -0.3665
vn 0.6483 0.3760 0.6621
vn 0.6388 -0.5953 0.4874
vn -0.7144 -0.4374 -0.5462
vn -0.6898 0.6244 -0.3665
vn -0.6483 0.3760 0.6621
vn -0.6388 -0.5953 0.4874
vn 0.7819 -0.1295 0.6099
vn 0.7818 0.1265 -0.6105
vn 0.7854 0.5880 0.1936
vn -0.0000 -0.6251 -0.7805
vn -0.7819 0.1265 -0.6105
vn -0.7854 0.5880 0.1936
vn -0.0000 0.8624 -0.5062
vn -0.0000 0.4938 0.8696
vn -0.7819 -0.1295 0.6099
vn -0.0000 -0.7738 0.6334
vn -0.0000 0.2028 -0.9792
vn -0.0000 -0.9498 -0.3128
vn -0.0000 -0.5641 0.8257
vn -0.0000 0.8052 0.5930
vn 0.7349 -0.2179 -0.6422
vn 0.6748 0.7266 -0.1296
vn 0.6593 0.1244 0.7415
vn 0.6359 -0.7302 0.2498
vn -0.7349 -0.2179 -0.6422
vn -0.6748 0.7266 -0.1296
vn -0.6593 0.1244 0.7415
vn -0.6359 -0.7302 0.2498
vn 0.7830 -0.3509 0.5136
vn 0.7830 0.3450 -0.5177
vn 0.7843 0.4995 0.3678
vn 0.7854 -0.5880 -0.1936
vn -0.0000 -0.3214 -0.9470
vn -0.7829 0.3450 -0.5177
vn -0.7843 0.4995 0.3678
vn -0.7854 -0.5880 -0.1936
vn -0.0000 0.9845 -0.1756
vn -0.0000 0.1654 0.9862
vn -0.7830 -0.3509 0.5136
vn -0.0000 -0.9462 0.3237
vn -0.0000 0.5545 -0.8322
vn -0.0000 -0.8052 -0.5930
vn -0.0000 -0.8016 0.5979
vn -0.0000 0.5826 0.8128
vn 0.7396 -0.0060 -0.6730
vn 0.6716 0.7326 0.1108
vn 0.6623 -0.1135 0.7406
vn 0.6359 -0.7718 0.0024
vn -0.7396 -0.0060 -0.6730
vn -0.6716 0.7326 0.1108
vn -0.6623 -0.1135 0.7406
vn -0.6359 -0.7718 0.0024
vn 0.7843 -0.4973 0.3709
vn 0.7843 0.4928 -0.3769
vn 0.7831 0.3623 0.5055
vn 0.7843 -0.4995 -0.3679
vn -0.0000 -0.0089 -1.0000
vn -0.7843 0.4928 -0.3768
vn -0.7831 0.3623 0.5055
vn -0.7843 -0.4995 -0.3678
vn -0.0000 0.9888 0.1495
vn -0.0000 -0.1514 0.9885
vn -0.7843 -0.4973 0.3709
vn -0.0000 -1.0000 0.0031
vn -0.0000 0.7944 -0.6074
vn -0.0000 -0.5826 -0.8128
vn -0.0000 -0.9348 0.3552
vn -0.0000 0.3053 0.9523
vn 0.7291 0.1918 -0.6570
vn 0.6778 0.6620 0.3199
vn 0.6564 -0.3238 0.6813
vn 0.6369 -0.7375 -0.2246
vn -0.7291 0.1918 -0.6570
vn -0.6778 0.6620 0.3199
vn -0.6564 -0.3238 0.6813
vn -0.6369 -0.7375 -0.2246
vn 0.7853 -0.5788 0.2200
vn 0.7852 0.5770 -0.2248
vn 0.7821 0.1902 0.5935
vn 0.7831 -0.3623 -0.5055
vn -0.0000 0.2803 -0.9599
vn -0.7852 0.5770 -0.2248
vn -0.7821 0.1902 0.5934
vn -0.7831 -0.3623 -0.5055
vn -0.0000 0.9004 0.4351
vn -0.0000 -0.4293 0.9032
vn -0.7853 -0.5788 0.2200
vn -0.0000 -0.9566 -0.2913
vn -0.0000 0.9318 -0.3630
vn -0.0000 -0.3053 -0.9523
vn -0.0000 -0.9931 0.1173
vn 0.7105 0.3754 -0.5951
vn 0.6917 0.5369 0.4830
vn 0.6475 -0.5029 0.5726
vn 0.6404 -0.6439 -0.4186
vn -0.7106 0.3754 -0.5951
vn -0.6917 0.5369 0.4830
vn -0.6475 -0.5029 0.5726
vn -0.6404 -0.6439 -0.4186
vn 0.7857 -0.6143 0.0726
vn 0.7857 0.6141 -0.0744
vn 0.7821 -0.1902 -0.5934
vn -0.0000 0.5335 -0.8458
vn -0.7857 0.6141 -0.0744
vn -0.7821 -0.1902 -0.5934
vn -0.0000 0.7434 0.6688
vn -0.0000 -0.6599 0.7514
vn -0.7857 -0.6143 0.0726
vn -0.0000 -0.8384 -0.5451
vn -0.0000 0.9927 -0.1202
vn -0.0000 -0.9931 -0.1173
vn -0.0000 -0.3053 0.9523
vn 0.6917 0.5369 -0.4830
vn 0.7105 0.3754 0.5951
vn 0.6404 -0.6439 0.4186
vn 0.6475 -0.5029 -0.5726
vn -0.6917 0.5369 -0.4830
vn -0.7105 0.3754 0.5951
vn -0.6404 -0.6439 0.4186
vn -0.6475 -0.5029 -0.5726
vn 0.7857 -0.6143 -0.0726
vn 0.7857 0.6141 0.0744
vn 0.7821 -0.1902 0.5934
vn -0.0000 0.7434 -0.6688
vn -0.7857 0.6141 0.0744
vn -0.7821 -0.1902 0.5935
vn -0.0000 0.5335 0.8458
vn -0.0000 -0.8384 0.5451
vn -0.7857 -0.6143 -0.0726
vn -0.0000 -0.6599 -0.7514
vn -0.0000 0.9927 0.1202
vn -0.0000 0.3053 -0.9523
vn -0.0000 -0.9348 -0.3552
vn -0.0000 -0.5826 0.8128
vn 0.6778 0.6620 -0.3199
vn 0.7291 0.1918 0.6570
vn 0.6369 -0.7375 0.2246
vn 0.6564 -0.3238 -0.6813
vn -0.6778 0.6620 -0.3199
vn -0.7291 0.1918 0.6570
vn -0.6369 -0.7375 0.2246
vn -0.6564 -0.3238 -0.6813
vn 0.7853 -0.5788 -0.2199
vn 0.7852 0.5770 0.2248
vn 0.7831 -0.3623 0.5055
vn 0.7821 0.1902 -0.5934
vn -0.0000 0.9004 -0.4351
vn -0.7852 0.5770 0.2248
vn -0.7831 -0.3623 0.5055
vn -0.7821 0.1902 -0.5935
vn -0.0000 0.2803 0.9599
vn -0.0000 -0.9566 0.2913
vn -0.7853 -0.5788 -0.2200
vn -0.0000 -0.4293 -0.9032
vn -0.0000 0.9318 0.3630
vn -0.0000 0.5826 -0.8128
vn -0.0000 -0.8016 -0.5979
vn -0.0000 -0.8052 0.5930
vn 0.6716 0.7326 -0.1108
vn 0.7396 -0.0060 0.6730
vn 0.6359 -0.7718 -0.0024
vn 0.6623 -0.1135 -0.7406
vn -0.6716 0.7326 -0.1108
vn -0.7396 -0.0060 0.6730
vn -0.6359 -0.7718 -0.0024
vn -0.6623 -0.1135 -0.7406
vn 0.7843 -0.4973 -0.3709
vn 0.7843 0.4928 0.3769
vn 0.7843 -0.4995 0.3678
vn 0.7831 0.3623 -0.5055
vn -0.0000 0.9888 -0.1495
vn -0.7843 0.4928 0.3768
vn -0.7843 -0.4995 0.3679
vn -0.7831 0.3623 -0.5055
vn -0.0000 -0.0089 1.0000
vn -0.0000 -1.0000 -0.0031
vn -0.7843 -0.4973 -0.3709
vn -0.0000 -0.1514 -0.9885
vn -0.0000 0.7944 0.6074
vn -0.0000 0.8052 -0.5930
vn -0.0000 -0.5641 -0.8257
vn -0.0000 -0.9498 0.3128
vn 0.6748 0.7266 0.1296
vn 0.7349 -0.2179 0.6422
vn 0.6359 -0.7302 -0.2498
vn 0.6593 0.1244 -0.7415
vn -0.6748 0.7266 0.1296
vn -0.7349 -0.2179 0.6422
vn -0.6359 -0.7302 -0.2498
vn -0.6593 0.1244 -0.7415
vn 0.7830 -0.3509 -0.5136
vn 0.7830 0.3450 0.5177
vn 0.7854 -0.5880 0.1936
vn 0.7843 0.4995 -0.3678
vn -0.0000 0.9845 0.1756
vn -0.7829 0.3450 0.5177
vn -0.7854 -0.5880 0.1936
vn -0.7843 0.4995 -0.3678
vn -0.0000 -0.3214 0.9470
vn -0.0000 -0.9462 -0.3237
vn -0.7830 -0.3509 -0.5136
vn -0.0000 0.1654 -0.9862
vn -0.0000 0.5545 0.8322
vn -0.0000 0.9498 -0.3128
vn -0.0000 -0.2077 -0.9782
vn 0.6898 0.6244 0.3665
vn 0.7144 -0.4375 0.5462
vn 0.6388 -0.5953 -0.4874
vn 0.6483 0.3760 -0.6621
vn -0.6898 0.6244 0.3665
vn -0.7144 -0.4375 0.5462
vn -0.6388 -0.5953 -0.4874
vn -0.6483 0.3760 -0.6621
vn 0.7818 -0.1295 -0.6099
vn 0.7818 0.1265 0.6105
vn 0.7854 0.5880 -0.1936
vn -0.0000 0.8624 0.5062
vn -0.7818 0.1265 0.6105
vn -0.7854 0.5880 -0.1936
vn -0.0000 -0.6252 0.7805
vn -0.0000 -0.7738 -0.6334
vn -0.7819 -0.1295 -0.6099
vn -0.0000 0.4938 -0.8696
vn -0.0000 0.2028 0.9792
vn -0.0000 0.1716 0.9852
vn -0.0000 0.4807 -0.8769
vn -0.0000 0.7125 -0.7016
vn -0.0000 0.8651 -0.5016
vn -0.0000 0.9543 -0.2987
vn -0.0000 0.9951 -0.0990
vn -0.0000 0.9951 0.0990
vn -0.0000 0.9543 0.2987
vn -0.0000 0.8651 0.5016
vn -0.0000 0.7125 0.7016
vn -0.0000 0.4807 0.8769
vn -0.0000 0.1716 -0.9852
vn 0.7055 -0.4519 0.5460
vn 0.7055 -0.4519 -0.5460
vn -0.7055 -0.4519 0.5460
vn -0.7055 -0.4519 -0.5460
vn 0.7818 0.1070 -0.6143
vn 0.7826 0.2992 -0.5458
vn 0.7838 0.4425 -0.4357
vn 0.7848 0.5362 -0.3109
vn 0.7854 0.5907 -0.1849
vn 0.7857 0.6155 -0.0612
vn 0.7857 0.6155 0.0612
vn 0.7854 0.5907 0.1849
vn 0.7847 0.5362 0.3109
vn 0.7838 0.4425 0.4358
vn 0.7818 0.1070 0.6143
vn -0.0000 -0.6376 0.7704
vn -0.7818 0.1070 -0.6143
vn -0.7826 0.2992 -0.5458
vn -0.7838 0.4425 -0.4357
vn -0.7848 0.5362 -0.3109
vn -0.7854 0.5907 -0.1849
vn -0.7857 0.6155 -0.0612
vn 0.7826 0.2992 0.5458
vn -0.7854 0.5907 0.1849
vn -0.7847 0.5362 0.3109
vn -0.7838 0.4425 0.4357
vn -0.7818 0.1070 0.6143
vn -0.7857 0.6155 0.0612
vn -0.7826 0.2992 0.5458
vn -0.0000 -0.6376 -0.7704
vn -0.0000 0.1717 0.9852
vn -0.0000 0.9544 -0.2987
vn -0.0000 0.9544 0.2987
vn -0.0000 0.1717 -0.9852
vn 0.7838 0.4425 -0.4358
vn 0.7847 0.5362 -0.3109
vn -0.7826 0.2992 -0.5459
vn -0.7838 0.4425 -0.4358
vn -0.7848 0.5362 0.3109
vn -0.7838 0.4425 0.4358
vn -0.7826 0.2992 0.5459
vn -0.0000 -0.4190 -0.9080
vn 0.7006 0.6777 -0.2235
vn 0.7003 -0.5314 -0.4767
vn 0.7003 0.5314 0.4767
vn 0.7006 -0.6777 0.2235
vn -0.0000 0.4190 0.9080
vn -0.0000 -0.7476 0.6642
vn -0.7006 -0.6777 0.2235
vn -0.0000 0.9783 0.2070
vn -0.7003 0.5314 0.4767
vn -0.7003 -0.5314 -0.4767
vn -0.7006 0.6777 -0.2235
vn -0.0000 -0.9783 -0.2070
vn -0.0000 -0.0462 -0.9989
vn 0.7010 0.7115 0.0489
vn 0.7003 -0.3132 -0.6414
vn 0.7003 0.3132 0.6414
vn 0.7010 -0.7115 -0.0489
vn -0.0000 0.0462 0.9989
vn -0.0000 -0.9425 0.3342
vn -0.7010 -0.7115 -0.0489
vn -0.0000 0.8266 0.5628
vn -0.7003 0.3132 0.6414
vn -0.7003 -0.3132 -0.6414
vn -0.7010 0.7115 0.0489
vn -0.0000 -0.8266 -0.5628
vn -0.0000 0.2806 -0.9598
vn 0.7013 0.6566 0.2776
vn 0.7006 -0.0889 -0.7080
vn 0.7006 0.0889 0.7080
vn 0.7013 -0.6566 -0.2776
vn -0.0000 -0.2806 0.9598
vn -0.0000 -0.9999 0.0108
vn -0.7013 -0.6566 -0.2776
vn -0.0000 0.5992 0.8006
vn -0.7006 0.0889 0.7080
vn -0.7006 -0.0889 -0.7080
vn -0.7013 0.6566 0.2776
vn -0.0000 -0.5992 -0.8006
vn -0.0000 0.5352 -0.8448
vn 0.7014 0.5540 0.4486
vn 0.7009 0.1095 -0.7049
vn 0.7009 -0.1095 0.7049
vn 0.7014 -0.5540 -0.4486
vn -0.0000 -0.5352 0.8448
vn -0.0000 -0.9640 -0.2658
vn -0.7014 -0.5540 -0.4486
vn -0.0000 0.3563 0.9344
vn -0.7009 -0.1094 0.7049
vn -0.7009 0.1094 -0.7049
vn -0.7014 0.5540 0.4486
vn -0.0000 -0.3563 -0.9344
vn -0.0000 0.7270 -0.6867
vn 0.7013 0.4263 0.5714
vn 0.7011 0.2793 -0.6561
vn 0.7011 -0.2793 0.6561
vn 0.7013 -0.4263 -0.5714
vn -0.0000 -0.7270 0.6867
vn -0.0000 -0.8688 -0.4951
vn -0.7013 -0.4263 -0.5714
vn -0.0000 0.1177 0.9930
vn -0.7011 -0.2793 0.6561
vn -0.7011 0.2793 -0.6561
vn -0.7013 0.4263 0.5714
vn -0.0000 -0.1177 -0.9930
vn -0.0000 0.7270 0.6867
vn 0.7013 0.4263 -0.5714
vn -0.0000 0.8688 -0.4951
vn 0.7011 0.2793 0.6561
vn 0.7011 -0.2793 -0.6561
vn 0.7013 -0.4263 0.5714
vn -0.0000 -0.7270 -0.6867
vn -0.7013 -0.4263 0.5714
vn -0.7011 -0.2793 -0.6561
vn -0.0000 -0.1177 0.9930
vn -0.7011 0.2793 0.6561
vn -0.7013 0.4263 -0.5714
vn -0.0000 0.1177 -0.9930
vn -0.0000 0.5352 0.8448
vn 0.7014 0.5540 -0.4486
vn -0.0000 0.9640 -0.2658
vn 0.7009 0.1094 0.7049
vn 0.7009 -0.1094 -0.7049
vn 0.7014 -0.5540 0.4486
vn -0.0000 -0.5352 -0.8448
vn -0.7014 -0.5540 0.4486
vn -0.7009 -0.1094 -0.7049
vn -0.0000 -0.3563 0.9344
vn -0.7009 0.1094 0.7049
vn -0.7014 0.5540 -0.4486
vn -0.0000 0.3563 -0.9344
vn -0.0000 0.2806 0.9598
vn 0.7013 0.6566 -0.2776
vn -0.0000 0.9999 0.0108
vn 0.7006 -0.0889 0.7080
vn 0.7006 0.0889 -0.7080
vn 0.7013 -0.6566 0.2776
vn -0.0000 -0.2806 -0.9598
vn -0.7013 -0.6566 0.2776
vn -0.7006 0.0889 -0.7080
vn -0.0000 -0.5992 0.8006
vn -0.7006 -0.0889 0.7080
vn -0.7013 0.6566 -0.2776
vn -0.0000 0.5992 -0.8006
vn -0.0000 -0.0462 0.9989
vn 0.7010 0.7115 -0.0489
vn -0.0000 0.9425 0.3342
vn 0.7003 -0.3132 0.6414
vn 0.7003 0.3132 -0.6414
vn 0.7010 -0.7115 0.0489
vn -0.0000 0.0462 -0.9989
vn -0.7010 -0.7115 0.0489
vn -0.7003 0.3132 -0.6414
vn -0.0000 -0.8266 0.5628
vn -0.7003 -0.3132 0.6414
vn -0.7010 0.7115 -0.0489
vn -0.0000 0.8266 -0.5628
vn -0.0000 -0.4190 0.9080
vn 0.7006 0.6777 0.2235
vn -0.0000 0.7476 0.6642
vn 0.7003 -0.5314 0.4767
vn 0.7003 0.5314 -0.4767
vn 0.7006 -0.6777 -0.2235
vn -0.0000 0.4190 -0.9080
vn -0.7006 -0.6777 -0.2235
vn -0.7003 0.5314 -0.4767
vn -0.0000 -0.9783 0.2070
vn -0.7003 -0.5314 0.4767
vn -0.7006 0.6777 0.2235
vn -0.0000 0.9783 -0.2070
vn 0.7009 0.1094 -0.7049
vn 0.7009 -0.1094 0.7049
vn -0.7009 0.1095 -0.7049
vn -0.7009 0.1095 0.7049
vn 0.5489 0.1388 0.8243
vn 0.5681 -0.0000 0.8230
vn -0.4868 -0.1281 0.8641
vn -0.5077 -0.0000 0.8615
vn -0.9695 -0.2451 -0.0000
vn -0.5077 -0.0000 -0.8615
vn -0.4868 -0.1281 -0.8641
vn 0.5681 -0.0000 -0.8230
vn 0.5489 0.1388 -0.8243
vn 0.9671 0.2545 -0.0000
vn 0.4881 0.2760 0.8280
vn -0.4229 -0.2493 0.8712
vn -0.8705 -0.4922 -0.0000
vn -0.4229 -0.2493 -0.8712
vn 0.4881 0.2760 -0.8280
vn 0.8615 0.5078 -0.0000
vn 0.3772 0.4041 0.8333
vn -0.3148 -0.3525 0.8813
vn -0.6823 -0.7310 -0.0000
vn -0.3148 -0.3525 -0.8813
vn 0.3772 0.4041 -0.8333
vn 0.6661 0.7458 -0.0000
vn 0.2099 0.5031 0.8383
vn -0.1684 -0.4226 0.8905
vn -0.3851 -0.9229 -0.0000
vn -0.1684 -0.4226 -0.8905
vn 0.2099 0.5031 -0.8383
vn 0.3701 0.9290 -0.0000
vn -0.0000 0.5418 0.8405
vn -0.0000 -0.4473 0.8944
vn -0.0000 -0.4473 -0.8944
vn -0.0000 0.5418 -0.8405
vn -0.3701 0.9290 -0.0000
vn -0.2099 0.5031 0.8383
vn 0.1684 -0.4226 0.8905
vn 0.1684 -0.4226 -0.8905
vn -0.2099 0.5031 -0.8383
vn -0.6661 0.7458 -0.0000
vn -0.3772 0.4041 0.8333
vn 0.3148 -0.3525 0.8813
vn 0.3851 -0.9229 -0.0000
vn 0.3148 -0.3525 -0.8813
vn -0.3772 0.4041 -0.8333
vn -0.8615 0.5078 -0.0000
vn -0.4881 0.2760 0.8280
vn 0.4229 -0.2493 0.8712
vn 0.6823 -0.7310 -0.0000
vn 0.4229 -0.2493 -0.8712
vn -0.4881 0.2760 -0.8280
vn -0.9671 0.2545 -0.0000
vn -0.5489 0.1388 0.8243
vn 0.4868 -0.1281 0.8641
vn 0.8705 -0.4922 -0.0000
vn 0.4868 -0.1281 -0.8641
vn -0.5489 0.1388 -0.8243
vn -0.5681 -0.0000 0.8230
vn 0.5077 -0.0000 0.8615
vn 0.9695 -0.2451 -0.0000
vn 0.5077 -0.0000 -0.8615
vn -0.5681 -0.0000 -0.8230
vn -0.5489 -0.1388 0.8243
vn 0.4868 0.1281 0.8641
vn 0.9695 0.2451 -0.0000
vn 0.4868 0.1281 -0.8641
vn -0.5489 -0.1388 -0.8243
vn -0.9671 -0.2545 -0.0000
vn -0.4881 -0.2760 0.8280
vn 0.4229 0.2493 0.8712
vn 0.8705 0.4922 -0.0000
vn 0.4229 0.2493 -0.8712
vn -0.4881 -0.2760 -0.8280
vn -0.8615 -0.5078 -0.0000
vn -0.3772 -0.4041 0.8333
vn 0.3148 0.3525 0.8813
vn 0.6823 0.7310 -0.0000
vn 0.3148 0.3525 -0.8813
vn -0.3772 -0.4041 -0.8333
vn -0.6661 -0.7458 -0.0000
vn -0.2099 -0.5031 0.8383
vn 0.1684 0.4226 0.8905
vn 0.3851 0.9229 -0.0000
vn 0.1684 0.4226 -0.8905
vn -0.2099 -0.5031 -0.8383
vn -0.3701 -0.9290 -0.0000
vn -0.0000 -0.5418 0.8405
vn -0.0000 0.4473 0.8944
vn -0.0000 0.4473 -0.8944
vn -0.0000 -0.5418 -0.8405
vn 0.3701 -0.9290 -0.0000
vn 0.2099 -0.5031 0.8383
vn -0.1684 0.4226 0.8905
vn -0.1684 0.4226 -0.8905
vn 0.2099 -0.5031 -0.8383
vn 0.6661 -0.7458 -0.0000
vn 0.3772 -0.4041 0.8333
vn -0.3148 0.3525 0.8813
vn -0.3851 0.9229 -0.0000
vn -0.3148 0.3525 -0.8813
vn 0.3772 -0.4041 -0.8333
vn 0.8615 -0.5078 -0.0000
vn 0.4881 -0.2760 0.8280
vn -0.4229 0.2493 0.8712
vn -0.6823 0.7310 -0.0000
vn -0.4229 0.2493 -0.8712
vn 0.4881 -0.2760 -0.8280
vn 0.9671 -0.2545 -0.0000
vn 0.5489 -0.1388 0.8243
vn -0.4868 0.1281 0.8641
vn -0.8705 0.4922 -0.0000
vn -0.4868 0.1281 -0.8641
vn 0.5489 -0.1388 -0.8243
vn -0.9695 0.2451 -0.0000
vn 0.7819 0.1265 -0.6105
vn -0.0000 -0.6252 -0.7805
vn -0.7818 0.1265 -0.6105
vn -0.0000 -0.7738 0.6335
vn 0.7829 0.3450 -0.5177
vn 0.7844 0.4995 0.3678
vn -0.7830 0.3450 -0.5177
vn 0.7843 -0.4995 -0.3678
vn -0.7843 0.4928 -0.3769
vn -0.7843 -0.4995 -0.3679
vn 0.7821 0.1902 0.5934
vn -0.7821 0.1902 0.5935
vn 0.7821 -0.1902 0.5935
vn -0.7821 -0.1902 0.5934
vn 0.7853 -0.5788 -0.2200
vn 0.7821 0.1902 -0.5935
vn -0.7821 0.1902 -0.5934
vn -0.7853 -0.5788 -0.2199
vn 0.7843 0.4928 0.3768
vn 0.7843 -0.4995 0.3679
vn -0.7843 0.4928 0.3769
vn -0.7843 -0.4995 0.3678
vn 0.7829 0.3450 0.5177
vn -0.7830 0.3450 0.5177
vn -0.7844 0.4995 -0.3678
vn 0.7819 -0.1295 -0.6099
vn -0.0000 -0.6251 0.7805
vn -0.0000 -0.7738 -0.6335
vn -0.7818 -0.1295 -0.6099
vn 0.7826 0.2992 -0.5459
vn -0.7847 0.5362 -0.3109
vn 0.7826 0.2992 0.5459
vn 0.7848 0.5362 0.3109
vn 0.7838 0.4425 0.4357
vn -0.0000 0.7476 -0.6642
vn -0.0000 0.9425 -0.3342
vn -0.0000 0.9999 -0.0108
vn -0.0000 0.9640 0.2658
vn -0.0000 0.8688 0.4951
vn -0.0000 -0.8688 0.4951
vn -0.0000 -0.9640 0.2658
vn -0.0000 -0.9999 -0.0108
vn -0.0000 -0.9425 -0.3342
vn -0.0000 -0.7476 -0.6642
vt 0.002302 0.382004
vt 0.109865 0.198257
vt 0.109865 0.382004
vt 0.558763 0.562689
vt 0.666368 0.405737
vt 0.666368 0.562689
vt 0.334539 0.183746
vt 0.176775 0.000000
vt 0.334539 0.000000
vt 0.598675 0.360920
vt 0.706279 0.203969
vt 0.706279 0.360920
vt 0.126753 0.382004
vt 0.234316 0.198257
vt 0.234316 0.382004
vt 0.708520 0.360920
vt 0.706279 0.363120
vt 0.598675 0.363120
vt 0.596433 0.360920
vt 0.708520 0.203969
vt 0.706279 0.201768
vt 0.596433 0.203969
vt 0.598675 0.201768
vt 0.598675 0.203969
vt 0.668609 0.405737
vt 0.666368 0.403537
vt 0.556522 0.405737
vt 0.558763 0.403537
vt 0.558763 0.405737
vt 0.668609 0.562689
vt 0.666368 0.564889
vt 0.556522 0.562689
vt 0.558763 0.564889
vt 0.159977 0.000000
vt 0.162188 0.183746
vt 0.159977 0.183746
vt 0.124451 0.198257
vt 0.124451 0.382004
vt 0.002212 0.183746
vt 0.000000 0.000000
vt 0.002212 0.000000
vt 0.000000 0.198257
vt 0.000000 0.382004
vt 0.057785 0.769632
vt 0.083078 0.869210
vt 0.057785 0.869210
vt 0.750082 0.709858
vt 0.755242 0.809473
vt 0.750082 0.809473
vt 0.957084 0.064836
vt 0.951923 0.039674
vt 0.957084 0.039674
vt 0.774252 0.709858
vt 0.779412 0.809473
vt 0.774252 0.809473
vt 0.878791 0.581690
vt 0.904084 0.681267
vt 0.878791 0.681267
vt 0.774252 0.811703
vt 0.772040 0.809473
vt 0.772040 0.709858
vt 0.774252 0.707628
vt 0.779412 0.811703
vt 0.781624 0.809473
vt 0.779412 0.707628
vt 0.781624 0.709858
vt 0.779412 0.709858
vt 0.755242 0.811703
vt 0.757454 0.809473
vt 0.755242 0.707628
vt 0.757454 0.709858
vt 0.755242 0.709858
vt 0.750082 0.811703
vt 0.747870 0.809473
vt 0.750082 0.707628
vt 0.747870 0.709858
vt 0.636404 0.915924
vt 0.638616 0.941087
vt 0.636404 0.941087
vt 0.904084 0.579400
vt 0.878791 0.579400
vt 0.631244 0.941087
vt 0.629032 0.915924
vt 0.631244 0.915924
vt 0.083078 0.767342
vt 0.057785 0.767342
vt 0.900893 0.204058
vt 0.926186 0.303636
vt 0.900893 0.303636
vt 0.798422 0.709858
vt 0.803582 0.809473
vt 0.798422 0.809473
vt 0.957084 0.104510
vt 0.951923 0.079347
vt 0.957084 0.079347
vt 0.822592 0.709858
vt 0.827753 0.809473
vt 0.822592 0.809473
vt 0.097665 0.769632
vt 0.122958 0.869210
vt 0.097665 0.869210
vt 0.822592 0.811703
vt 0.820380 0.809473
vt 0.820380 0.709858
vt 0.822592 0.707628
vt 0.827753 0.811703
vt 0.829964 0.809473
vt 0.827753 0.707628
vt 0.829964 0.709858
vt 0.827753 0.709858
vt 0.803582 0.811703
vt 0.805794 0.809473
vt 0.803582 0.707628
vt 0.805794 0.709858
vt 0.803582 0.709858
vt 0.798422 0.811703
vt 0.796210 0.809473
vt 0.798422 0.707628
vt 0.796210 0.709858
vt 0.660574 0.915924
vt 0.662786 0.941087
vt 0.660574 0.941087
vt 0.122958 0.767343
vt 0.097665 0.767343
vt 0.655414 0.941087
vt 0.653202 0.915924
vt 0.655414 0.915924
vt 0.926186 0.201768
vt 0.900893 0.201768
vt 0.137544 0.769632
vt 0.162837 0.869210
vt 0.137544 0.869210
vt 0.826036 0.002230
vt 0.831197 0.101845
vt 0.826036 0.101845
vt 0.497791 0.938166
vt 0.492630 0.913003
vt 0.497791 0.913003
vt 0.002212 0.729507
vt 0.007372 0.829123
vt 0.002212 0.829123
vt 0.868720 0.826296
vt 0.894014 0.925874
vt 0.868720 0.925874
vt 0.002212 0.831353
vt 0.000000 0.829123
vt 0.000000 0.729507
vt 0.002212 0.727277
vt 0.007372 0.831353
vt 0.009584 0.829123
vt 0.007372 0.727277
vt 0.009584 0.729507
vt 0.007372 0.729507
vt 0.831197 0.104076
vt 0.833408 0.101845
vt 0.831197 0.000000
vt 0.833408 0.002230
vt 0.831197 0.002230
vt 0.826036 0.104076
vt 0.823825 0.101845
vt 0.826036 0.000000
vt 0.823825 0.002230
vt 0.948557 0.131797
vt 0.950769 0.156960
vt 0.948557 0.156960
vt 0.894014 0.824006
vt 0.868720 0.824006
vt 0.943397 0.156960
vt 0.941185 0.131797
vt 0.943397 0.131797
vt 0.162837 0.767342
vt 0.137544 0.767342
vt 0.747870 0.828504
vt 0.773163 0.928082
vt 0.747870 0.928082
vt 0.026382 0.729507
vt 0.031542 0.829123
vt 0.026382 0.829123
vt 0.194061 0.953485
vt 0.188900 0.928322
vt 0.194061 0.928322
vt 0.310313 0.732082
vt 0.315474 0.831697
vt 0.310313 0.831697
vt 0.188900 0.773143
vt 0.214193 0.872721
vt 0.188900 0.872721
vt 0.310313 0.833928
vt 0.308102 0.831697
vt 0.308102 0.732082
vt 0.310313 0.729852
vt 0.315474 0.833928
vt 0.317685 0.831697
vt 0.315474 0.729852
vt 0.317685 0.732082
vt 0.315474 0.732082
vt 0.031542 0.831353
vt 0.033754 0.829123
vt 0.031542 0.727277
vt 0.033754 0.729507
vt 0.031542 0.729507
vt 0.026382 0.831353
vt 0.024170 0.829123
vt 0.026382 0.727277
vt 0.024170 0.729507
vt 0.686111 0.914633
vt 0.688322 0.939796
vt 0.686111 0.939796
vt 0.214193 0.770854
vt 0.188900 0.770854
vt 0.680950 0.939796
vt 0.678738 0.914633
vt 0.680950 0.914633
vt 0.773163 0.826214
vt 0.747870 0.826214
vt 0.228780 0.773143
vt 0.254073 0.872721
vt 0.228780 0.872721
vt 0.832135 0.405767
vt 0.837296 0.505382
vt 0.832135 0.505382
vt 0.215371 0.953485
vt 0.210211 0.928322
vt 0.215371 0.928322
vt 0.832663 0.581630
vt 0.837823 0.681245
vt 0.832663 0.681245
vt 0.787749 0.828504
vt 0.813043 0.928082
vt 0.787749 0.928082
vt 0.832663 0.683475
vt 0.830451 0.681245
vt 0.830451 0.581630
vt 0.832663 0.579400
vt 0.837823 0.683475
vt 0.840035 0.681245
vt 0.837823 0.579400
vt 0.840035 0.581630
vt 0.837823 0.581630
vt 0.837296 0.507612
vt 0.839508 0.505382
vt 0.837296 0.403537
vt 0.839508 0.405767
vt 0.837296 0.405767
vt 0.832135 0.507612
vt 0.829924 0.505382
vt 0.832135 0.403537
vt 0.829924 0.405767
vt 0.141975 0.924811
vt 0.144187 0.949973
vt 0.141975 0.949973
vt 0.813043 0.826214
vt 0.787749 0.826214
vt 0.136815 0.949973
vt 0.134603 0.924811
vt 0.136815 0.924811
vt 0.254073 0.770854
vt 0.228780 0.770854
vt 0.827629 0.828504
vt 0.852922 0.928082
vt 0.827629 0.928082
vt 0.518762 0.734657
vt 0.523923 0.834272
vt 0.518762 0.834272
vt 0.236682 0.953485
vt 0.231521 0.928322
vt 0.236682 0.928322
vt 0.839056 0.203999
vt 0.844216 0.303614
vt 0.839056 0.303614
vt 0.349126 0.776654
vt 0.374419 0.876232
vt 0.349126 0.876232
vt 0.839056 0.305844
vt 0.836844 0.303614
vt 0.836844 0.203999
vt 0.839056 0.201768
vt 0.844216 0.305844
vt 0.846428 0.303614
vt 0.844216 0.201768
vt 0.846428 0.203999
vt 0.844216 0.203999
vt 0.523923 0.836502
vt 0.526134 0.834272
vt 0.523923 0.732427
vt 0.526134 0.734657
vt 0.523923 0.734657
vt 0.518762 0.836502
vt 0.516550 0.834272
vt 0.518762 0.732427
vt 0.516550 0.734657
vt 0.166145 0.924811
vt 0.168357 0.949973
vt 0.166145 0.949973
vt 0.374419 0.774365
vt 0.349126 0.774365
vt 0.160985 0.949973
vt 0.158773 0.924811
vt 0.160985 0.924811
vt 0.852922 0.826214
vt 0.827629 0.826214
vt 0.389005 0.776654
vt 0.414298 0.876232
vt 0.389005 0.876232
vt 0.710455 0.747225
vt 0.715615 0.846840
vt 0.710455 0.846840
vt 0.257992 0.953485
vt 0.252831 0.928322
vt 0.257992 0.928322
vt 0.846762 0.709858
vt 0.851923 0.809473
vt 0.846762 0.809473
vt 0.908600 0.709918
vt 0.933893 0.809495
vt 0.908600 0.809495
vt 0.846762 0.811703
vt 0.844550 0.809473
vt 0.844550 0.709858
vt 0.846762 0.707628
vt 0.851923 0.811703
vt 0.854134 0.809473
vt 0.851923 0.707628
vt 0.854134 0.709858
vt 0.851923 0.709858
vt 0.715615 0.849071
vt 0.717827 0.846840
vt 0.715615 0.744995
vt 0.717827 0.747225
vt 0.715615 0.747225
vt 0.710455 0.849071
vt 0.708243 0.846840
vt 0.710455 0.744995
vt 0.708243 0.747225
vt 0.065157 0.926102
vt 0.067369 0.951265
vt 0.065157 0.951265
vt 0.933893 0.707628
vt 0.908600 0.707628
vt 0.059997 0.951265
vt 0.057785 0.926102
vt 0.059997 0.926102
vt 0.414298 0.774365
vt 0.389005 0.774365
vt 0.908600 0.826296
vt 0.933893 0.925874
vt 0.908600 0.925874
vt 0.475332 0.749865
vt 0.480493 0.849481
vt 0.475332 0.849481
vt 0.279302 0.953485
vt 0.274142 0.928322
vt 0.279302 0.928322
vt 0.850206 0.002230
vt 0.855367 0.101845
vt 0.850206 0.101845
vt 0.428884 0.776654
vt 0.454178 0.876232
vt 0.428884 0.876232
vt 0.850206 0.104076
vt 0.847995 0.101845
vt 0.847995 0.002230
vt 0.850206 0.000000
vt 0.855367 0.104076
vt 0.857578 0.101845
vt 0.855367 0.000000
vt 0.857578 0.002230
vt 0.855367 0.002230
vt 0.480493 0.851711
vt 0.482705 0.849481
vt 0.480493 0.747635
vt 0.482705 0.749865
vt 0.480493 0.749865
vt 0.475332 0.851711
vt 0.473121 0.849481
vt 0.475332 0.747635
vt 0.473121 0.749865
vt 0.089328 0.926102
vt 0.091539 0.951265
vt 0.089328 0.951265
vt 0.454178 0.774365
vt 0.428884 0.774365
vt 0.084167 0.951265
vt 0.081955 0.926102
vt 0.084167 0.926102
vt 0.933893 0.824006
vt 0.908600 0.824006
vt 0.861014 0.204058
vt 0.886307 0.303636
vt 0.861014 0.303636
vt 0.558733 0.757187
vt 0.563894 0.856802
vt 0.558733 0.856802
vt 0.434045 0.956259
vt 0.428884 0.931096
vt 0.434045 0.931096
vt 0.582903 0.757187
vt 0.588064 0.856802
vt 0.582903 0.856802
vt 0.912044 0.002290
vt 0.937337 0.101867
vt 0.912044 0.101867
vt 0.582903 0.859032
vt 0.580692 0.856802
vt 0.580692 0.757187
vt 0.582903 0.754957
vt 0.588064 0.859032
vt 0.590276 0.856802
vt 0.588064 0.754957
vt 0.590276 0.757187
vt 0.588064 0.757187
vt 0.563894 0.859032
vt 0.566105 0.856802
vt 0.563894 0.754957
vt 0.566105 0.757187
vt 0.563894 0.757187
vt 0.558733 0.859032
vt 0.556522 0.856802
vt 0.558733 0.754957
vt 0.556522 0.757187
vt 0.612234 0.915924
vt 0.614446 0.941087
vt 0.612234 0.941087
vt 0.937337 0.000000
vt 0.912044 0.000000
vt 0.607073 0.941087
vt 0.604862 0.915924
vt 0.607073 0.915924
vt 0.886307 0.201768
vt 0.861014 0.201768
vt 0.918143 0.405827
vt 0.943436 0.505404
vt 0.918143 0.505404
vt 0.607073 0.757187
vt 0.612234 0.856802
vt 0.607073 0.856802
vt 0.957084 0.025163
vt 0.951923 0.000000
vt 0.957084 0.000000
vt 0.631244 0.757187
vt 0.636404 0.856802
vt 0.631244 0.856802
vt 0.868720 0.709918
vt 0.894014 0.809495
vt 0.868720 0.809495
vt 0.631244 0.859032
vt 0.629032 0.856802
vt 0.629032 0.757187
vt 0.631244 0.754957
vt 0.636404 0.859032
vt 0.638616 0.856802
vt 0.636404 0.754957
vt 0.638616 0.757187
vt 0.636404 0.757187
vt 0.612234 0.859032
vt 0.614446 0.856802
vt 0.612234 0.754957
vt 0.614446 0.757187
vt 0.612234 0.757187
vt 0.607073 0.859032
vt 0.604862 0.856802
vt 0.607073 0.754957
vt 0.604862 0.757187
vt 0.113498 0.926102
vt 0.115709 0.951265
vt 0.113498 0.951265
vt 0.894014 0.707628
vt 0.868720 0.707628
vt 0.108337 0.951265
vt 0.106125 0.926102
vt 0.108337 0.926102
vt 0.943436 0.403537
vt 0.918143 0.403537
vt 0.872165 0.002290
vt 0.897458 0.101867
vt 0.872165 0.101867
vt 0.655414 0.757187
vt 0.660574 0.856802
vt 0.655414 0.856802
vt 0.957595 0.556928
vt 0.952435 0.531765
vt 0.957595 0.531765
vt 0.679584 0.757187
vt 0.684744 0.856802
vt 0.679584 0.856802
vt 0.918670 0.581690
vt 0.943963 0.681267
vt 0.918670 0.681267
vt 0.679584 0.859032
vt 0.677372 0.856802
vt 0.677372 0.757187
vt 0.679584 0.754957
vt 0.684744 0.859032
vt 0.686956 0.856802
vt 0.684744 0.754957
vt 0.686956 0.757187
vt 0.684744 0.757187
vt 0.660574 0.859032
vt 0.662786 0.856802
vt 0.660574 0.754957
vt 0.662786 0.757187
vt 0.660574 0.757187
vt 0.655414 0.859032
vt 0.653202 0.856802
vt 0.655414 0.754957
vt 0.653202 0.757187
vt 0.563894 0.920325
vt 0.566105 0.945487
vt 0.563894 0.945487
vt 0.943963 0.579400
vt 0.918670 0.579400
vt 0.558733 0.945487
vt 0.556522 0.920325
vt 0.558733 0.920325
vt 0.897458 0.000000
vt 0.872165 0.000000
vt 0.000000 0.848154
vt 0.025293 0.947731
vt 0.000000 0.947731
vt 0.856305 0.405767
vt 0.861466 0.505382
vt 0.856305 0.505382
vt 0.958191 0.355925
vt 0.953031 0.330763
vt 0.958191 0.330763
vt 0.856833 0.581630
vt 0.861993 0.681245
vt 0.856833 0.681245
vt 0.878264 0.405826
vt 0.903557 0.505404
vt 0.878264 0.505404
vt 0.856833 0.683475
vt 0.854621 0.681245
vt 0.854621 0.581630
vt 0.856833 0.579400
vt 0.861993 0.683475
vt 0.864205 0.681245
vt 0.861993 0.579400
vt 0.864205 0.581630
vt 0.861993 0.581630
vt 0.861466 0.507612
vt 0.863678 0.505382
vt 0.861466 0.403537
vt 0.863678 0.405767
vt 0.861466 0.405767
vt 0.856305 0.507612
vt 0.854094 0.505382
vt 0.856305 0.403537
vt 0.854094 0.405767
vt 0.588064 0.920325
vt 0.590276 0.945487
vt 0.588064 0.945487
vt 0.903557 0.403537
vt 0.878264 0.403537
vt 0.582903 0.945487
vt 0.580692 0.920325
vt 0.582903 0.920325
vt 0.025293 0.845864
vt 0.000000 0.845864
vt 0.268659 0.773143
vt 0.273953 0.872721
vt 0.268659 0.872721
vt 0.060027 0.750631
vt 0.160159 0.599547
vt 0.160159 0.750631
vt 0.493001 0.728724
vt 0.498295 0.577640
vt 0.498295 0.728724
vt 0.191142 0.754142
vt 0.291274 0.603058
vt 0.291274 0.754142
vt 0.940773 0.204058
vt 0.946066 0.303636
vt 0.940773 0.303636
vt 0.293515 0.754142
vt 0.291274 0.756342
vt 0.191142 0.756342
vt 0.188900 0.754142
vt 0.293515 0.603058
vt 0.291274 0.600858
vt 0.188900 0.603058
vt 0.191142 0.600858
vt 0.191142 0.603058
vt 0.162400 0.599547
vt 0.160159 0.597347
vt 0.057785 0.599547
vt 0.060027 0.597347
vt 0.060027 0.599547
vt 0.162400 0.750631
vt 0.160159 0.752831
vt 0.057785 0.750631
vt 0.060027 0.752831
vt 0.728400 0.355053
vt 0.723107 0.357253
vt 0.723107 0.355053
vt 0.946066 0.201768
vt 0.940773 0.201768
vt 0.723107 0.203969
vt 0.728400 0.201768
vt 0.728400 0.203969
vt 0.273953 0.770854
vt 0.268659 0.770854
vt 0.948479 0.709918
vt 0.953773 0.809495
vt 0.948479 0.809495
vt 0.351368 0.757653
vt 0.451499 0.606569
vt 0.451499 0.757653
vt 0.708243 0.730484
vt 0.713537 0.579400
vt 0.713537 0.730484
vt 0.685437 0.556821
vt 0.785569 0.405737
vt 0.785569 0.556821
vt 0.948479 0.826296
vt 0.953773 0.925874
vt 0.948479 0.925874
vt 0.787811 0.556821
vt 0.785569 0.559021
vt 0.685437 0.559021
vt 0.683196 0.556821
vt 0.787811 0.405737
vt 0.785569 0.403537
vt 0.683196 0.405737
vt 0.685437 0.403537
vt 0.685437 0.405737
vt 0.453741 0.606569
vt 0.451499 0.604369
vt 0.349126 0.606569
vt 0.351368 0.604369
vt 0.351368 0.606569
vt 0.453741 0.757653
vt 0.451499 0.759853
vt 0.349126 0.757653
vt 0.351368 0.759853
vt 0.478415 0.730924
vt 0.473121 0.733124
vt 0.473121 0.730924
vt 0.953773 0.824006
vt 0.948479 0.824006
vt 0.473121 0.579840
vt 0.478415 0.577640
vt 0.478415 0.579840
vt 0.953773 0.707628
vt 0.948479 0.707628
vt 0.287948 0.586347
vt 0.292666 0.400026
vt 0.292666 0.586347
vt 0.993019 0.913683
vt 0.988422 0.895849
vt 0.993106 0.896382
vt 0.454820 0.202237
vt 0.471558 0.388558
vt 0.454820 0.388558
vt 0.989155 0.958817
vt 0.993752 0.940983
vt 0.993752 0.959765
vt 0.537250 0.402600
vt 0.541737 0.588922
vt 0.537250 0.588922
vt 0.987832 0.914765
vt 0.988422 0.914630
vt 0.988409 0.915240
vt 0.987832 0.895778
vt 0.988418 0.895251
vt 0.454622 0.389026
vt 0.454040 0.388558
vt 0.993610 0.913575
vt 0.993029 0.914288
vt 0.993765 0.960375
vt 0.994342 0.959899
vt 0.994342 0.940912
vt 0.993756 0.940385
vt 0.454622 0.201768
vt 0.454040 0.202237
vt 0.989145 0.959423
vt 0.988564 0.958709
vt 0.993112 0.895785
vt 0.186384 0.396515
vt 0.185812 0.582836
vt 0.185812 0.396515
vt 0.989062 0.940919
vt 0.536568 0.588922
vt 0.989068 0.941516
vt 0.988478 0.941580
vt 0.287234 0.586347
vt 0.287947 0.400026
vt 0.167024 0.396515
vt 0.324295 0.198725
vt 0.328783 0.385047
vt 0.324295 0.385047
vt 0.977286 0.551134
vt 0.972773 0.532357
vt 0.977501 0.532578
vt 0.489157 0.000468
vt 0.504130 0.186789
vt 0.489157 0.186789
vt 0.973585 0.350132
vt 0.978097 0.331355
vt 0.978097 0.351373
vt 0.042392 0.583304
vt 0.038575 0.396983
vt 0.042392 0.396983
vt 0.972181 0.552561
vt 0.972773 0.552375
vt 0.972750 0.552997
vt 0.043199 0.396983
vt 0.042722 0.396515
vt 0.488792 0.187257
vt 0.488310 0.186789
vt 0.323399 0.385047
vt 0.323970 0.385515
vt 0.978120 0.351995
vt 0.978690 0.351559
vt 0.043199 0.583304
vt 0.042722 0.583772
vt 0.488792 0.000000
vt 0.488310 0.000468
vt 0.323399 0.198725
vt 0.323970 0.198257
vt 0.977880 0.550997
vt 0.972181 0.532329
vt 0.977508 0.531986
vt 0.977304 0.551745
vt 0.266803 0.400026
vt 0.266130 0.586347
vt 0.266130 0.400026
vt 0.978690 0.331327
vt 0.973362 0.330984
vt 0.978098 0.330763
vt 0.973567 0.350743
vt 0.973369 0.331576
vt 0.972991 0.349995
vt 0.972777 0.331604
vt 0.248903 0.400026
vt 0.402581 0.202237
vt 0.406398 0.388558
vt 0.402581 0.388558
vt 0.953579 0.961558
vt 0.949074 0.940975
vt 0.953825 0.941121
vt 0.385291 0.202237
vt 0.401629 0.388558
vt 0.385291 0.388558
vt 0.769237 0.963766
vt 0.773742 0.943183
vt 0.773742 0.965071
vt 0.578628 0.000468
vt 0.582572 0.186789
vt 0.578628 0.186789
vt 0.948479 0.963062
vt 0.949074 0.962863
vt 0.949048 0.963487
vt 0.440802 0.186789
vt 0.441619 0.186789
vt 0.441148 0.187257
vt 0.583406 0.186789
vt 0.582913 0.187257
vt 0.402106 0.389026
vt 0.773768 0.965695
vt 0.774337 0.965270
vt 0.440802 0.000468
vt 0.441148 0.000000
vt 0.441619 0.000468
vt 0.582913 0.000000
vt 0.583406 0.000468
vt 0.582572 0.000468
vt 0.401629 0.202237
vt 0.402106 0.201768
vt 0.954176 0.961415
vt 0.948479 0.940956
vt 0.953832 0.940531
vt 0.953600 0.962169
vt 0.234168 0.396515
vt 0.233457 0.582836
vt 0.233457 0.396515
vt 0.774337 0.943164
vt 0.768984 0.942739
vt 0.773743 0.942593
vt 0.769217 0.964377
vt 0.768992 0.943329
vt 0.768641 0.963623
vt 0.768397 0.943347
vt 0.423150 0.000468
vt 0.423150 0.186789
vt 0.432880 0.589858
vt 0.429089 0.403537
vt 0.432880 0.403537
vt 0.454576 0.954150
vt 0.450000 0.931685
vt 0.454761 0.931975
vt 0.370705 0.388558
vt 0.350025 0.202237
vt 0.370705 0.202237
vt 0.349908 0.954808
vt 0.354483 0.932343
vt 0.354483 0.955972
vt 0.558688 0.000468
vt 0.563274 0.186789
vt 0.558688 0.186789
vt 0.449404 0.955486
vt 0.450000 0.955314
vt 0.449980 0.955927
vt 0.449404 0.931647
vt 0.450000 0.931096
vt 0.564042 0.186789
vt 0.563469 0.187257
vt 0.349126 0.202237
vt 0.349686 0.201768
vt 0.354503 0.956585
vt 0.355080 0.956144
vt 0.355080 0.932305
vt 0.354484 0.931754
vt 0.563468 0.000000
vt 0.564042 0.000468
vt 0.563274 0.000468
vt 0.349126 0.388558
vt 0.350025 0.388558
vt 0.349686 0.389026
vt 0.455173 0.954019
vt 0.454767 0.931387
vt 0.454592 0.954754
vt 0.428385 0.589858
vt 0.428385 0.403537
vt 0.349717 0.932045
vt 0.349892 0.955412
vt 0.080113 0.582836
vt 0.080846 0.396515
vt 0.080846 0.582836
vt 0.349722 0.932633
vt 0.349310 0.954677
vt 0.349126 0.932669
vt 0.057785 0.396515
vt 0.057785 0.582836
vt 0.394056 0.589858
vt 0.389549 0.403537
vt 0.394056 0.403537
vt 0.313369 0.919570
vt 0.308699 0.895812
vt 0.313437 0.896382
vt 0.349126 0.000468
vt 0.372102 0.186789
vt 0.349126 0.186789
vt 0.429550 0.915093
vt 0.434220 0.891335
vt 0.434220 0.915985
vt 0.516550 0.402601
vt 0.521331 0.588922
vt 0.516550 0.588922
vt 0.308102 0.920587
vt 0.308699 0.920462
vt 0.308688 0.921062
vt 0.308102 0.895735
vt 0.308695 0.895220
vt 0.314034 0.896450
vt 0.313443 0.895792
vt 0.372870 0.186789
vt 0.372277 0.187257
vt 0.434231 0.916585
vt 0.434817 0.916110
vt 0.434817 0.891258
vt 0.434224 0.890743
vt 0.429482 0.891905
vt 0.428884 0.891973
vt 0.429476 0.891315
vt 0.372870 0.000468
vt 0.372102 0.000468
vt 0.372277 0.000000
vt 0.313967 0.919467
vt 0.313378 0.920166
vt 0.388899 0.589858
vt 0.388899 0.403537
vt 0.429540 0.915689
vt 0.543516 0.186321
vt 0.544101 0.000000
vt 0.544101 0.186321
vt 0.521982 0.402601
vt 0.521982 0.588922
vt 0.428952 0.914990
vt 0.518716 0.000000
vt 0.518716 0.186321
vt 0.353906 0.589858
vt 0.349126 0.403537
vt 0.353906 0.403537
vt 0.926001 0.132389
vt 0.921332 0.156147
vt 0.921264 0.132960
vt 0.271879 0.385047
vt 0.248903 0.198725
vt 0.271879 0.198725
vt 0.450001 0.891335
vt 0.454671 0.915093
vt 0.450001 0.915985
vt 0.409292 0.403537
vt 0.413799 0.589858
vt 0.409292 0.589858
vt 0.926599 0.132313
vt 0.926005 0.131797
vt 0.926599 0.157164
vt 0.926013 0.157639
vt 0.926001 0.157039
vt 0.272054 0.198257
vt 0.272647 0.198725
vt 0.920666 0.133028
vt 0.921258 0.132369
vt 0.449997 0.890743
vt 0.449404 0.891258
vt 0.449404 0.916110
vt 0.449990 0.916585
vt 0.272054 0.385515
vt 0.272647 0.385047
vt 0.454745 0.891315
vt 0.455337 0.891973
vt 0.454739 0.891905
vt 0.920734 0.156045
vt 0.921322 0.156743
vt 0.516550 0.388089
vt 0.517136 0.201768
vt 0.517136 0.388089
vt 0.454681 0.915689
vt 0.408642 0.589858
vt 0.455269 0.914990
vt 0.354557 0.403537
vt 0.541935 0.388089
vt 0.581079 0.388558
vt 0.576492 0.202237
vt 0.581079 0.202237
vt 0.395564 0.932343
vt 0.390989 0.954808
vt 0.390803 0.932633
vt 0.288132 0.198725
vt 0.308812 0.385047
vt 0.288133 0.385047
vt 0.370263 0.932343
vt 0.374838 0.954808
vt 0.370263 0.955972
vt 0.454743 0.403537
vt 0.458535 0.589858
vt 0.454743 0.589858
vt 0.396161 0.932305
vt 0.395565 0.931754
vt 0.396161 0.956144
vt 0.395584 0.956585
vt 0.395564 0.955972
vt 0.287794 0.385515
vt 0.287234 0.385047
vt 0.581847 0.202237
vt 0.581273 0.201768
vt 0.370262 0.931754
vt 0.369666 0.932305
vt 0.369666 0.956144
vt 0.370243 0.956585
vt 0.287794 0.198257
vt 0.287234 0.198725
vt 0.581847 0.388558
vt 0.581273 0.389026
vt 0.390391 0.954677
vt 0.390973 0.955412
vt 0.390798 0.932045
vt 0.095432 0.582836
vt 0.096165 0.396515
vt 0.096165 0.582836
vt 0.374855 0.955412
vt 0.375029 0.932045
vt 0.375024 0.932633
vt 0.454040 0.589858
vt 0.375436 0.954677
vt 0.375620 0.932669
vt 0.118492 0.582836
vt 0.003944 0.583304
vt 0.000000 0.396983
vt 0.003944 0.396983
vt 0.753216 0.943183
vt 0.748711 0.963767
vt 0.748465 0.943329
vt 0.392226 0.000468
vt 0.408564 0.186789
vt 0.392226 0.186789
vt 0.927796 0.940975
vt 0.932301 0.961558
vt 0.927796 0.962863
vt 0.387457 0.000468
vt 0.391274 0.186789
vt 0.387457 0.186789
vt 0.421802 0.388558
vt 0.421455 0.389026
vt 0.420984 0.388558
vt 0.753811 0.965270
vt 0.753242 0.965695
vt 0.753216 0.965071
vt 0.391749 0.187257
vt 0.004778 0.396983
vt 0.004285 0.396515
vt 0.420984 0.202237
vt 0.421455 0.201768
vt 0.421802 0.202237
vt 0.927201 0.963062
vt 0.927770 0.963487
vt 0.391749 0.000000
vt 0.391274 0.000468
vt 0.004778 0.583304
vt 0.004285 0.583772
vt 0.748114 0.963623
vt 0.753811 0.943164
vt 0.748690 0.964377
vt 0.748458 0.942739
vt 0.753216 0.942593
vt 0.927201 0.940956
vt 0.932322 0.962169
vt 0.932554 0.940531
vt 0.932547 0.941121
vt 0.308102 0.586347
vt 0.308812 0.400026
vt 0.308812 0.586347
vt 0.932898 0.961415
vt 0.933142 0.941139
vt 0.439453 0.388558
vt 0.019364 0.396983
vt 0.023181 0.583304
vt 0.019364 0.583304
vt 0.978097 0.367099
vt 0.973585 0.385875
vt 0.973369 0.367320
vt 0.501964 0.202237
vt 0.486991 0.388558
vt 0.486991 0.202237
vt 0.972262 0.079940
vt 0.976775 0.098717
vt 0.972262 0.099957
vt 0.556522 0.202237
vt 0.561009 0.388558
vt 0.556522 0.388558
vt 0.023988 0.583304
vt 0.023511 0.583772
vt 0.978690 0.387303
vt 0.978120 0.387738
vt 0.978097 0.387116
vt 0.561906 0.388558
vt 0.561335 0.389026
vt 0.486145 0.202237
vt 0.486627 0.201768
vt 0.023181 0.396983
vt 0.023511 0.396515
vt 0.023988 0.396983
vt 0.971670 0.100144
vt 0.972239 0.100580
vt 0.561335 0.201768
vt 0.561906 0.202237
vt 0.561009 0.202237
vt 0.486145 0.388558
vt 0.486627 0.389026
vt 0.972991 0.385738
vt 0.978690 0.367071
vt 0.973567 0.386487
vt 0.973362 0.366728
vt 0.978098 0.366506
vt 0.971670 0.079912
vt 0.976793 0.099328
vt 0.976997 0.079569
vt 0.976990 0.080161
vt 0.218197 0.582836
vt 0.218871 0.396515
vt 0.218871 0.582836
vt 0.977369 0.098579
vt 0.977582 0.080189
vt 0.200970 0.396515
vt 0.200970 0.582836
vt 0.369143 0.403537
vt 0.373631 0.589858
vt 0.369143 0.589858
vt 0.454678 0.971037
vt 0.450080 0.988871
vt 0.449993 0.971570
vt 0.473724 0.186789
vt 0.456986 0.000468
vt 0.473724 0.000468
vt 0.429475 0.971368
vt 0.434072 0.989202
vt 0.429475 0.990150
vt 0.323399 0.586347
vt 0.328117 0.400026
vt 0.328117 0.586347
vt 0.455268 0.970966
vt 0.454681 0.970438
vt 0.455268 0.989953
vt 0.454690 0.990428
vt 0.454678 0.989818
vt 0.449490 0.988763
vt 0.450070 0.989476
vt 0.456205 0.000468
vt 0.456788 0.000000
vt 0.429471 0.970770
vt 0.428884 0.971297
vt 0.428884 0.990284
vt 0.429462 0.990759
vt 0.434663 0.989094
vt 0.434082 0.989807
vt 0.456205 0.186789
vt 0.456986 0.186789
vt 0.456788 0.187257
vt 0.449987 0.970973
vt 0.374313 0.403537
vt 0.374313 0.589858
vt 0.434165 0.971304
vt 0.434159 0.971901
vt 0.151866 0.582836
vt 0.152438 0.396515
vt 0.152438 0.582836
vt 0.328831 0.400026
vt 0.328831 0.586347
vt 0.434749 0.971965
vt 0.133078 0.396515
vt 0.133078 0.582836
vt 0.747457 0.358653
vt 0.742987 0.373617
vt 0.742987 0.358653
vt 0.598889 0.160150
vt 0.640598 0.024010
vt 0.656296 0.101229
vt 0.762043 0.358653
vt 0.766514 0.343735
vt 0.766514 0.358653
vt 0.762043 0.343735
vt 0.766514 0.330763
vt 0.804768 0.114093
vt 0.809238 0.097385
vt 0.809238 0.114093
vt 0.804768 0.097385
vt 0.809238 0.077927
vt 0.804768 0.077927
vt 0.809238 0.057047
vt 0.804768 0.057047
vt 0.809238 0.036166
vt 0.804768 0.036166
vt 0.809238 0.016709
vt 0.804768 0.016709
vt 0.809238 0.000000
vt 0.747457 0.330763
vt 0.742987 0.343735
vt 0.742987 0.330763
vt 0.747457 0.343735
vt 0.719573 0.157609
vt 0.676825 0.101229
vt 0.692522 0.024010
vt 0.762043 0.373617
vt 0.766514 0.373617
vt 0.597993 0.160319
vt 0.598876 0.161046
vt 0.597993 0.000727
vt 0.598876 0.000000
vt 0.598889 0.000896
vt 0.734245 0.161046
vt 0.734231 0.160150
vt 0.735128 0.160319
vt 0.735128 0.000727
vt 0.734231 0.000896
vt 0.734245 0.000000
vt 0.613852 0.002596
vt 0.613547 0.003437
vt 0.628079 0.011362
vt 0.628630 0.010655
vt 0.641320 0.023476
vt 0.650230 0.040538
vt 0.651058 0.040185
vt 0.656296 0.059817
vt 0.657179 0.059642
vt 0.658366 0.080523
vt 0.657179 0.101403
vt 0.651058 0.120861
vt 0.650230 0.120508
vt 0.641320 0.137570
vt 0.640598 0.137036
vt 0.628630 0.150390
vt 0.628079 0.149684
vt 0.613852 0.158450
vt 0.747457 0.374475
vt 0.742987 0.374475
vt 0.719269 0.002596
vt 0.705042 0.011362
vt 0.704491 0.010655
vt 0.691800 0.023476
vt 0.682890 0.040538
vt 0.682062 0.040185
vt 0.676825 0.059817
vt 0.675941 0.059642
vt 0.674754 0.080523
vt 0.673853 0.080523
vt 0.613547 0.157609
vt 0.682062 0.120861
vt 0.675941 0.101403
vt 0.682890 0.120508
vt 0.691800 0.137570
vt 0.692522 0.137036
vt 0.704491 0.150390
vt 0.719269 0.158450
vt 0.705042 0.149684
vt 0.766514 0.374475
vt 0.477591 0.403537
vt 0.473121 0.563129
vt 0.473121 0.403537
vt 0.754184 0.156118
vt 0.749714 0.171082
vt 0.749714 0.156118
vt 0.616900 0.580296
vt 0.575191 0.716436
vt 0.559493 0.639217
vt 0.768771 0.156118
vt 0.773241 0.141200
vt 0.773241 0.156118
vt 0.768771 0.141200
vt 0.773241 0.128228
vt 0.817787 0.315861
vt 0.822258 0.299153
vt 0.822258 0.315861
vt 0.817787 0.299153
vt 0.822258 0.279695
vt 0.817787 0.279695
vt 0.822258 0.258815
vt 0.817787 0.258815
vt 0.822258 0.237934
vt 0.817787 0.237934
vt 0.822258 0.218477
vt 0.817787 0.218477
vt 0.822258 0.201768
vt 0.754184 0.128228
vt 0.749714 0.141200
vt 0.749714 0.128228
vt 0.754184 0.141200
vt 0.678102 0.737009
vt 0.635354 0.680629
vt 0.651051 0.603410
vt 0.768771 0.171082
vt 0.773241 0.171082
vt 0.617796 0.580127
vt 0.616913 0.579400
vt 0.617796 0.739719
vt 0.616913 0.740446
vt 0.616900 0.739550
vt 0.692774 0.740446
vt 0.692760 0.739550
vt 0.693657 0.739719
vt 0.693657 0.580127
vt 0.692760 0.580296
vt 0.692774 0.579400
vt 0.601937 0.737850
vt 0.602241 0.737009
vt 0.587710 0.729084
vt 0.587159 0.729790
vt 0.574469 0.716969
vt 0.565558 0.699908
vt 0.564731 0.700261
vt 0.559493 0.680629
vt 0.558610 0.680803
vt 0.557423 0.659923
vt 0.558610 0.639042
vt 0.564731 0.619585
vt 0.565558 0.619937
vt 0.574469 0.602876
vt 0.575191 0.603410
vt 0.587159 0.590055
vt 0.587710 0.590762
vt 0.601937 0.581996
vt 0.754184 0.171941
vt 0.749714 0.171941
vt 0.677798 0.581996
vt 0.663571 0.590762
vt 0.663020 0.590055
vt 0.650329 0.602876
vt 0.641419 0.619937
vt 0.640592 0.619585
vt 0.635354 0.639217
vt 0.634470 0.639042
vt 0.633283 0.659923
vt 0.632382 0.659923
vt 0.602241 0.582837
vt 0.640592 0.700261
vt 0.634470 0.680803
vt 0.641419 0.699908
vt 0.650329 0.716969
vt 0.651051 0.716436
vt 0.663020 0.729790
vt 0.677798 0.737850
vt 0.663571 0.729084
vt 0.773241 0.171941
vt 0.496648 0.403537
vt 0.492177 0.563129
vt 0.492177 0.403537
vt 0.747870 0.580163
vt 0.760811 0.693117
vt 0.747870 0.693117
vt 0.328586 0.601601
vt 0.332272 0.714598
vt 0.328586 0.714598
vt 0.043180 0.647905
vt 0.039494 0.635031
vt 0.043180 0.635031
vt 0.743724 0.202512
vt 0.747410 0.315508
vt 0.743724 0.315508
vt 0.749714 0.000763
vt 0.762655 0.113717
vt 0.749714 0.113717
vt 0.743724 0.316252
vt 0.742987 0.315508
vt 0.742987 0.202512
vt 0.743724 0.201768
vt 0.747410 0.316252
vt 0.748147 0.315508
vt 0.747410 0.201768
vt 0.748147 0.202512
vt 0.747410 0.202512
vt 0.332272 0.715341
vt 0.333009 0.714598
vt 0.332272 0.600858
vt 0.333009 0.601601
vt 0.332272 0.601601
vt 0.328586 0.715341
vt 0.327848 0.714598
vt 0.328586 0.600858
vt 0.327848 0.601601
vt 0.925089 0.172150
vt 0.925827 0.185024
vt 0.925089 0.185024
vt 0.762655 0.000000
vt 0.749714 0.000000
vt 0.921403 0.185024
vt 0.920666 0.172150
vt 0.921403 0.172150
vt 0.760811 0.579400
vt 0.747870 0.579400
vt 0.762734 0.202532
vt 0.775674 0.315485
vt 0.762734 0.315485
vt 0.020484 0.599026
vt 0.024170 0.712023
vt 0.020484 0.712023
vt 0.043180 0.675290
vt 0.039494 0.662416
vt 0.043180 0.662416
vt 0.728861 0.580143
vt 0.732547 0.693140
vt 0.728861 0.693140
vt 0.775397 0.580163
vt 0.788338 0.693117
vt 0.775397 0.693117
vt 0.728861 0.693883
vt 0.728123 0.693140
vt 0.728123 0.580143
vt 0.728861 0.579400
vt 0.732547 0.693883
vt 0.733284 0.693140
vt 0.732547 0.579400
vt 0.733284 0.580143
vt 0.732547 0.580143
vt 0.024170 0.712766
vt 0.024907 0.712023
vt 0.024170 0.598283
vt 0.024907 0.599026
vt 0.024170 0.599026
vt 0.020484 0.712766
vt 0.019747 0.712023
vt 0.020484 0.598283
vt 0.019747 0.599026
vt 0.918428 0.371774
vt 0.919165 0.384648
vt 0.918428 0.384648
vt 0.788338 0.579400
vt 0.775397 0.579400
vt 0.914741 0.384648
vt 0.914004 0.371774
vt 0.914741 0.371774
vt 0.775674 0.201768
vt 0.762734 0.201768
vt 0.982695 0.423859
vt 0.986057 0.403973
vt 0.986057 0.424295
vt 0.981963 0.222408
vt 0.986832 0.201795
vt 0.986832 0.222435
vt 0.979860 0.634763
vt 0.983222 0.615235
vt 0.983222 0.635329
vt 0.986584 0.634763
vt 0.899217 0.185416
vt 0.891443 0.184037
vt 0.895330 0.178579
vt 0.000000 0.962269
vt 0.004868 0.982882
vt 0.000000 0.982908
vt 0.979333 0.403973
vt 0.979333 0.424295
vt 0.700091 0.384739
vt 0.703453 0.377631
vt 0.706815 0.384739
vt 0.352488 0.989658
vt 0.355850 0.972408
vt 0.355850 0.990970
vt 0.968359 0.845883
vt 0.973245 0.824067
vt 0.973245 0.845944
vt 0.991142 0.017898
vt 0.994504 0.001422
vt 0.994504 0.019321
vt 0.997866 0.017898
vt 0.996042 0.539801
vt 0.992680 0.533774
vt 0.999404 0.533774
vt 0.728123 0.708455
vt 0.733009 0.730271
vt 0.728123 0.730332
vt 0.349126 0.972408
vt 0.349126 0.990970
vt 0.979860 0.691038
vt 0.983222 0.685011
vt 0.986584 0.691038
vt 0.234883 0.988280
vt 0.238245 0.967996
vt 0.238245 0.986817
vt 0.329412 0.959316
vt 0.334319 0.935637
vt 0.334319 0.959379
vt 0.252831 0.988280
vt 0.256194 0.967996
vt 0.256194 0.986817
vt 0.259556 0.988280
vt 0.996638 0.330763
vt 1.000000 0.336744
vt 0.993276 0.336744
vt 0.960653 0.240932
vt 0.965560 0.264611
vt 0.960653 0.264675
vt 0.231521 0.967996
vt 0.231521 0.986817
vt 0.479845 0.991692
vt 0.476483 0.997433
vt 0.473121 0.991692
vt 0.961384 0.428126
vt 0.964747 0.403537
vt 0.964747 0.427253
vt 0.328621 0.920692
vt 0.333544 0.895265
vt 0.333544 0.920737
vt 0.958022 0.467226
vt 0.961385 0.442637
vt 0.961385 0.466354
vt 0.964747 0.467226
vt 0.864669 0.377544
vt 0.868031 0.384478
vt 0.861307 0.384478
vt 0.516550 0.897839
vt 0.521473 0.923267
vt 0.516550 0.923311
vt 0.958022 0.403537
vt 0.958022 0.427253
vt 0.933925 0.980261
vt 0.930563 0.987051
vt 0.927201 0.980261
vt 0.682101 0.900122
vt 0.685463 0.873543
vt 0.685463 0.899833
vt 0.288539 0.797338
vt 0.293470 0.770869
vt 0.293470 0.797354
vt 0.134603 0.910300
vt 0.137965 0.883721
vt 0.137965 0.910011
vt 0.141327 0.910300
vt 0.618212 0.377631
vt 0.621574 0.384960
vt 0.614850 0.384960
vt 0.913408 0.531781
vt 0.918339 0.558249
vt 0.913408 0.558265
vt 0.678738 0.873543
vt 0.678738 0.899833
vt 0.664195 0.380058
vt 0.660833 0.387339
vt 0.657471 0.380058
vt 0.159275 0.883721
vt 0.162637 0.910300
vt 0.159275 0.910011
vt 0.918935 0.357247
vt 0.914004 0.330778
vt 0.918935 0.330763
vt 0.188900 0.887232
vt 0.192262 0.913811
vt 0.188900 0.913522
vt 0.195624 0.887232
vt 0.195624 0.913522
vt 0.682143 0.377631
vt 0.685505 0.384912
vt 0.678781 0.384912
vt 0.354057 0.890759
vt 0.349126 0.917227
vt 0.349126 0.890743
vt 0.155913 0.910300
vt 0.623134 0.178000
vt 0.619772 0.185328
vt 0.616409 0.178000
vt 0.961384 0.481737
vt 0.964747 0.506327
vt 0.961384 0.505454
vt 0.478044 0.938475
vt 0.473121 0.913048
vt 0.478044 0.913003
vt 0.308102 0.935573
vt 0.311464 0.960162
vt 0.308102 0.959290
vt 0.314826 0.935573
vt 0.314826 0.959290
vt 0.519912 0.976140
vt 0.523274 0.982930
vt 0.516550 0.982930
vt 0.540983 0.897839
vt 0.536060 0.923267
vt 0.536060 0.897795
vt 0.958022 0.506327
vt 0.889342 0.379855
vt 0.885980 0.386789
vt 0.882618 0.379855
vt 0.277504 0.967996
vt 0.280866 0.988280
vt 0.277504 0.986817
vt 0.965560 0.302929
vt 0.960653 0.279249
vt 0.965560 0.279186
vt 0.188900 0.967996
vt 0.192262 0.988280
vt 0.188900 0.986817
vt 0.195624 0.967996
vt 0.195624 0.986817
vt 0.677854 0.991494
vt 0.681216 0.997234
vt 0.674492 0.997234
vt 0.912615 0.940448
vt 0.907708 0.964128
vt 0.907708 0.940385
vt 0.274142 0.988280
vt 1.000000 0.355243
vt 0.996638 0.361225
vt 0.993276 0.355243
vt 0.373798 0.989658
vt 0.370436 0.972408
vt 0.373798 0.971096
vt 0.973245 0.802148
vt 0.968359 0.780332
vt 0.973245 0.780271
vt 0.997866 0.054347
vt 0.994504 0.037871
vt 0.997866 0.036449
vt 0.991142 0.054347
vt 0.991142 0.036449
vt 0.792286 0.979341
vt 0.795648 0.985368
vt 0.788924 0.985368
vt 0.973245 0.860516
vt 0.968359 0.882332
vt 0.968359 0.860455
vt 0.377160 0.972408
vt 0.816958 0.981350
vt 0.813596 0.987377
vt 0.810234 0.981350
vt 0.982695 0.462959
vt 0.979333 0.443073
vt 0.982695 0.442637
vt 0.106278 0.986415
vt 0.101410 0.965802
vt 0.106278 0.965775
vt 0.986584 0.669934
vt 0.983222 0.650406
vt 0.986584 0.649840
vt 0.979860 0.669934
vt 0.979860 0.649840
vt 0.854497 0.179939
vt 0.850611 0.186776
vt 0.846724 0.181318
vt 0.024323 0.962268
vt 0.019455 0.982882
vt 0.019455 0.962242
vt 0.986057 0.443073
vt 0.708375 0.177926
vt 0.705013 0.185034
vt 0.701651 0.177926
vt 0.777241 0.000763
vt 0.790182 0.113717
vt 0.777241 0.113717
vt 0.517287 0.604176
vt 0.520974 0.717172
vt 0.517287 0.717172
vt 0.043180 0.702675
vt 0.039494 0.689801
vt 0.043180 0.689801
vt 0.537305 0.604176
vt 0.540991 0.717172
vt 0.537305 0.717172
vt 0.790260 0.202532
vt 0.803201 0.315485
vt 0.790260 0.315485
vt 0.537305 0.717916
vt 0.536568 0.717172
vt 0.536568 0.604176
vt 0.537305 0.603433
vt 0.540991 0.717916
vt 0.541728 0.717172
vt 0.540991 0.603433
vt 0.541728 0.604176
vt 0.540991 0.604176
vt 0.520974 0.717916
vt 0.521711 0.717172
vt 0.520974 0.603433
vt 0.521711 0.604176
vt 0.520974 0.604176
vt 0.517287 0.717916
vt 0.516550 0.717172
vt 0.517287 0.603433
vt 0.516550 0.604176
vt 0.938174 0.371774
vt 0.938911 0.384648
vt 0.938174 0.384648
vt 0.803201 0.201768
vt 0.790260 0.201768
vt 0.934488 0.384648
vt 0.933751 0.371774
vt 0.934488 0.371774
vt 0.790182 0.000000
vt 0.777241 0.000000
vt 0.802397 0.404300
vt 0.815337 0.517254
vt 0.802397 0.517254
vt 0.000737 0.599026
vt 0.004423 0.712023
vt 0.000737 0.712023
vt 0.292225 0.865749
vt 0.288539 0.852876
vt 0.292225 0.852876
vt 0.308839 0.601601
vt 0.312525 0.714598
vt 0.308839 0.714598
vt 0.802924 0.580163
vt 0.815865 0.693117
vt 0.802924 0.693117
vt 0.308839 0.715341
vt 0.308102 0.714598
vt 0.308102 0.601601
vt 0.308839 0.600858
vt 0.312525 0.715341
vt 0.313262 0.714598
vt 0.312525 0.600858
vt 0.313262 0.601601
vt 0.312525 0.601601
vt 0.004423 0.712766
vt 0.005161 0.712023
vt 0.004423 0.598283
vt 0.005161 0.599026
vt 0.004423 0.599026
vt 0.000737 0.712766
vt 0.000000 0.712023
vt 0.000737 0.598283
vt 0.000000 0.599026
vt 0.944836 0.172150
vt 0.945573 0.185024
vt 0.944836 0.185024
vt 0.815865 0.579400
vt 0.802924 0.579400
vt 0.941150 0.185024
vt 0.940413 0.172150
vt 0.941150 0.172150
vt 0.815337 0.403537
vt 0.802397 0.403537
vt 0.982695 0.502060
vt 0.986057 0.482173
vt 0.986057 0.502496
vt 0.134603 0.985124
vt 0.139471 0.964511
vt 0.139471 0.985151
vt 0.980146 0.260962
vt 0.983508 0.241435
vt 0.983508 0.261529
vt 0.986870 0.260962
vt 0.890031 0.985540
vt 0.893918 0.978702
vt 0.897804 0.984161
vt 0.154058 0.964511
vt 0.158926 0.985124
vt 0.154058 0.985151
vt 0.979333 0.482173
vt 0.979333 0.502496
vt 0.722961 0.182664
vt 0.726324 0.175557
vt 0.729686 0.182664
vt 0.395109 0.989658
vt 0.398471 0.972408
vt 0.398471 0.990970
vt 0.968359 0.918781
vt 0.973245 0.896965
vt 0.973245 0.918842
vt 0.992168 0.097246
vt 0.995531 0.080770
vt 0.995531 0.098668
vt 0.998893 0.097246
vt 0.996042 0.562349
vt 0.992680 0.556322
vt 0.999404 0.556322
vt 0.969006 0.940446
vt 0.973892 0.962262
vt 0.969006 0.962323
vt 0.391747 0.972408
vt 0.391747 0.990970
vt 0.831544 0.985368
vt 0.834906 0.979341
vt 0.838269 0.985368
vt 0.991194 0.800556
vt 0.994556 0.780271
vt 0.994556 0.799093
vt 0.516550 0.961565
vt 0.521458 0.937886
vt 0.521458 0.961629
vt 0.987831 0.844291
vt 0.991194 0.824006
vt 0.991194 0.842828
vt 0.994556 0.844291
vt 0.996638 0.375736
vt 1.000000 0.381717
vt 0.993276 0.381717
vt 0.536060 0.937886
vt 0.540967 0.961565
vt 0.536060 0.961629
vt 0.987832 0.780271
vt 0.987832 0.799093
vt 0.501155 0.991692
vt 0.497793 0.997433
vt 0.494431 0.991692
vt 0.961912 0.603989
vt 0.965274 0.579400
vt 0.965274 0.603116
vt 0.727753 0.935835
vt 0.732676 0.910408
vt 0.732676 0.935880
vt 0.958550 0.643089
vt 0.961912 0.618500
vt 0.961912 0.642217
vt 0.965274 0.643089
vt 0.963522 0.172150
vt 0.966884 0.179084
vt 0.960160 0.179084
vt 0.932925 0.531809
vt 0.937848 0.557237
vt 0.932925 0.557281
vt 0.958550 0.579400
vt 0.958550 0.603116
vt 0.875445 0.980965
vt 0.872083 0.987756
vt 0.868720 0.980965
vt 0.213573 0.913811
vt 0.216935 0.887232
vt 0.216935 0.913522
vt 0.368643 0.917227
vt 0.373574 0.890759
vt 0.373574 0.917243
vt 0.231521 0.913811
vt 0.234883 0.887232
vt 0.234883 0.913522
vt 0.238245 0.913811
vt 0.639522 0.377631
vt 0.642884 0.384960
vt 0.636160 0.384960
vt 0.408522 0.890759
vt 0.413453 0.917227
vt 0.408522 0.917243
vt 0.210211 0.887232
vt 0.210211 0.913522
vt 0.665754 0.177984
vt 0.662392 0.185264
vt 0.659030 0.177984
vt 0.256194 0.887232
vt 0.259556 0.913811
vt 0.256194 0.913522
vt 0.293470 0.838349
vt 0.288539 0.811880
vt 0.293470 0.811864
vt 0.274142 0.887232
vt 0.277504 0.913811
vt 0.274142 0.913522
vt 0.280866 0.887232
vt 0.280866 0.913522
vt 0.683703 0.175557
vt 0.687065 0.182837
vt 0.680341 0.182837
vt 0.393936 0.890759
vt 0.389005 0.917227
vt 0.389005 0.890743
vt 0.252831 0.913811
vt 0.644444 0.178000
vt 0.641082 0.185328
vt 0.637720 0.178000
vt 0.961912 0.657600
vt 0.965274 0.682190
vt 0.961912 0.681317
vt 0.938444 0.356235
vt 0.933521 0.330807
vt 0.938444 0.330763
vt 0.960653 0.201768
vt 0.964015 0.226358
vt 0.960653 0.225485
vt 0.967377 0.201768
vt 0.967377 0.225485
vt 0.972368 0.976834
vt 0.975730 0.983624
vt 0.969006 0.983624
vt 0.713166 0.910407
vt 0.708243 0.935835
vt 0.708243 0.910363
vt 0.958550 0.682190
vt 0.988194 0.174462
vt 0.984832 0.181396
vt 0.981470 0.174462
vt 0.991194 0.860455
vt 0.994556 0.880740
vt 0.991194 0.879277
vt 0.893121 0.964127
vt 0.888214 0.940448
vt 0.893121 0.940385
vt 0.210211 0.967996
vt 0.213573 0.988280
vt 0.210211 0.986817
vt 0.216935 0.967996
vt 0.216935 0.986817
vt 0.608224 0.992346
vt 0.611586 0.998086
vt 0.604862 0.998086
vt 0.873628 0.940448
vt 0.868720 0.964128
vt 0.868720 0.940385
vt 0.987832 0.880740
vt 0.714967 0.989132
vt 0.711605 0.995114
vt 0.708243 0.989132
vt 0.993680 0.726189
vt 0.990318 0.708940
vt 0.993680 0.707628
vt 0.976556 0.021877
vt 0.971670 0.000061
vt 0.976556 0.000000
vt 0.314826 0.992571
vt 0.311464 0.976096
vt 0.314826 0.974673
vt 0.308102 0.992571
vt 0.308102 0.974673
vt 0.751232 0.980206
vt 0.754594 0.986233
vt 0.747870 0.986233
vt 0.976556 0.039735
vt 0.971670 0.061551
vt 0.971670 0.039674
vt 0.997042 0.708940
vt 0.997040 0.978843
vt 0.993678 0.984870
vt 0.990316 0.978843
vt 0.983222 0.599722
vt 0.979860 0.579836
vt 0.983222 0.579400
vt 0.062654 0.986416
vt 0.057785 0.965802
vt 0.062654 0.965776
vt 0.986870 0.299280
vt 0.983508 0.279752
vt 0.986870 0.279186
vt 0.980146 0.299280
vt 0.980146 0.279186
vt 0.869084 0.179939
vt 0.876857 0.181318
vt 0.872970 0.186776
vt 0.086824 0.965802
vt 0.081955 0.986416
vt 0.081955 0.965776
vt 0.986584 0.579836
vt 0.846721 0.379913
vt 0.843359 0.387021
vt 0.839997 0.379913
vt 0.803059 0.333816
vt 0.825411 0.367999
vt 0.803059 0.367999
vt 0.784049 0.333736
vt 0.785523 0.367932
vt 0.784049 0.367932
vt 0.040968 0.620520
vt 0.039494 0.598283
vt 0.040968 0.598283
vt 0.790776 0.134771
vt 0.792251 0.168967
vt 0.790776 0.168967
vt 0.809786 0.134850
vt 0.832138 0.169034
vt 0.809786 0.169034
vt 0.790776 0.171941
vt 0.787827 0.168967
vt 0.787827 0.134771
vt 0.790776 0.131797
vt 0.792251 0.171941
vt 0.795200 0.168967
vt 0.792251 0.131797
vt 0.795200 0.134771
vt 0.792251 0.134771
vt 0.785523 0.370906
vt 0.788472 0.367932
vt 0.785523 0.330763
vt 0.788472 0.333736
vt 0.785523 0.333736
vt 0.784049 0.370906
vt 0.781100 0.367932
vt 0.784049 0.330763
vt 0.781100 0.333736
vt 0.972783 0.707628
vt 0.975731 0.729865
vt 0.972783 0.729865
vt 0.832138 0.131797
vt 0.809786 0.131797
vt 0.971308 0.729865
vt 0.968359 0.707628
vt 0.971308 0.707628
vt 0.825411 0.330763
vt 0.803059 0.330763
vt 0.499206 0.757258
vt 0.501121 0.753927
vt 0.501121 0.757258
vt 0.674492 0.965240
vt 0.676900 0.962878
vt 0.676243 0.965457
vt 0.723107 0.378680
vt 0.725022 0.376383
vt 0.725022 0.378680
vt 0.726937 0.378680
vt 0.982878 0.751656
vt 0.985286 0.754018
vt 0.983535 0.754235
vt 0.497291 0.753927
vt 0.497291 0.757258
vt 0.499206 0.753582
vt 0.501121 0.750922
vt 0.675321 0.961987
vt 0.678150 0.960632
vt 0.723107 0.376039
vt 0.725022 0.374311
vt 0.726937 0.376039
vt 0.981628 0.749410
vt 0.984458 0.750765
vt 0.497291 0.750922
vt 0.499206 0.750267
vt 0.501121 0.748537
vt 0.676896 0.959156
vt 0.679870 0.958940
vt 0.723107 0.373655
vt 0.725022 0.372666
vt 0.726937 0.373655
vt 0.979908 0.747718
vt 0.982882 0.747934
vt 0.497291 0.748537
vt 0.598348 0.377631
vt 0.596433 0.380513
vt 0.596433 0.378147
vt 0.679065 0.957023
vt 0.681892 0.957968
vt 0.497291 0.851403
vt 0.499206 0.849256
vt 0.499206 0.850887
vt 0.501121 0.851403
vt 0.977886 0.746746
vt 0.980713 0.745801
vt 0.600263 0.380513
vt 0.600263 0.378147
vt 0.598348 0.380241
vt 0.596433 0.383135
vt 0.681615 0.955797
vt 0.684019 0.957810
vt 0.497291 0.849527
vt 0.499206 0.847448
vt 0.501121 0.849527
vt 0.975760 0.746588
vt 0.978163 0.744575
vt 0.600263 0.383135
vt 0.598348 0.386028
vt 0.598348 0.383135
vt 0.686846 0.956446
vt 0.684296 0.955598
vt 0.497291 0.845368
vt 0.497291 0.847448
vt 0.501121 0.845368
vt 0.501121 0.847448
vt 0.972932 0.745224
vt 0.975482 0.744376
vt 0.598348 0.388638
vt 0.596433 0.385757
vt 0.689015 0.958257
vt 0.686041 0.958483
vt 0.497291 0.843492
vt 0.499206 0.845639
vt 0.501121 0.843492
vt 0.973737 0.747260
vt 0.970763 0.747035
vt 0.600263 0.385757
vt 0.499206 0.784023
vt 0.497291 0.782294
vt 0.499206 0.781392
vt 0.690591 0.960855
vt 0.687761 0.959919
vt 0.501121 0.817040
vt 0.499206 0.816050
vt 0.501121 0.815148
vt 0.497291 0.817040
vt 0.497291 0.815148
vt 0.972017 0.748697
vt 0.969188 0.749633
vt 0.501121 0.782294
vt 0.499206 0.787339
vt 0.497291 0.784679
vt 0.691419 0.963985
vt 0.689011 0.961980
vt 0.501121 0.819423
vt 0.499206 0.817695
vt 0.497291 0.819423
vt 0.970767 0.750757
vt 0.968359 0.752763
vt 0.501121 0.784679
vt 0.499206 0.791014
vt 0.497291 0.787684
vt 0.691419 0.967340
vt 0.689668 0.964462
vt 0.501121 0.822065
vt 0.499206 0.819767
vt 0.497291 0.822065
vt 0.970110 0.753240
vt 0.968359 0.756118
vt 0.501121 0.787684
vt 0.497291 0.794346
vt 0.497291 0.791014
vt 0.689011 0.969703
vt 0.689668 0.967123
vt 0.499206 0.824362
vt 0.499206 0.822065
vt 0.970767 0.758481
vt 0.970110 0.755901
vt 0.501121 0.794346
vt 0.501121 0.791014
vt 0.499206 0.794690
vt 0.497291 0.797350
vt 0.690591 0.970593
vt 0.687761 0.971949
vt 0.501121 0.824706
vt 0.499206 0.826434
vt 0.497291 0.824706
vt 0.972017 0.760726
vt 0.969188 0.759371
vt 0.501121 0.797350
vt 0.499206 0.798006
vt 0.497291 0.799735
vt 0.689015 0.973425
vt 0.686041 0.973640
vt 0.501121 0.827090
vt 0.499206 0.828079
vt 0.497291 0.827090
vt 0.973737 0.762418
vt 0.970763 0.762203
vt 0.501121 0.799735
vt 0.599908 0.175557
vt 0.597992 0.178438
vt 0.597992 0.176073
vt 0.686846 0.975558
vt 0.684019 0.974613
vt 0.953498 0.379685
vt 0.955413 0.377538
vt 0.955413 0.379169
vt 0.957328 0.379685
vt 0.975760 0.763391
vt 0.972932 0.764336
vt 0.601823 0.178438
vt 0.601823 0.176073
vt 0.599908 0.178167
vt 0.597992 0.181060
vt 0.684296 0.976784
vt 0.681892 0.974770
vt 0.953498 0.377809
vt 0.955413 0.375729
vt 0.957328 0.377809
vt 0.977886 0.763548
vt 0.975482 0.765562
vt 0.601823 0.181060
vt 0.599908 0.183954
vt 0.599908 0.181060
vt 0.679065 0.976135
vt 0.681615 0.976983
vt 0.953498 0.373650
vt 0.953498 0.375729
vt 0.957328 0.373650
vt 0.957328 0.375729
vt 0.980713 0.764913
vt 0.978163 0.765760
vt 0.599908 0.186564
vt 0.597992 0.183682
vt 0.676896 0.974323
vt 0.679870 0.974098
vt 0.953498 0.371774
vt 0.955413 0.373921
vt 0.957328 0.371774
vt 0.979908 0.762876
vt 0.982882 0.763101
vt 0.601823 0.183682
vt 0.499206 0.764249
vt 0.501121 0.765979
vt 0.499206 0.766881
vt 0.675321 0.971726
vt 0.678150 0.972661
vt 0.723107 0.383705
vt 0.725022 0.384695
vt 0.723107 0.385597
vt 0.726937 0.383705
vt 0.726937 0.385597
vt 0.981628 0.761439
vt 0.984458 0.760503
vt 0.497291 0.765979
vt 0.499206 0.760934
vt 0.501121 0.763594
vt 0.674492 0.968596
vt 0.676900 0.970601
vt 0.723107 0.381322
vt 0.725022 0.383050
vt 0.726937 0.381322
vt 0.982878 0.759379
vt 0.985286 0.757374
vt 0.497291 0.763594
vt 0.501121 0.760589
vt 0.676243 0.968119
vt 0.725022 0.380978
vt 0.983535 0.756897
vt 0.497291 0.760589
vt 0.607163 0.977835
vt 0.625091 0.955598
vt 0.625091 0.977835
vt 0.804639 0.561835
vt 0.822573 0.533965
vt 0.822573 0.561835
vt 0.604862 0.901413
vt 0.627214 0.873543
vt 0.627214 0.901413
vt 0.879242 0.360833
vt 0.897176 0.332963
vt 0.897176 0.360833
vt 0.791225 0.964830
vt 0.809152 0.942593
vt 0.809152 0.964830
vt 0.899418 0.360833
vt 0.897176 0.363033
vt 0.879242 0.363033
vt 0.877001 0.360833
vt 0.899418 0.332963
vt 0.897176 0.330763
vt 0.877001 0.332963
vt 0.879242 0.330763
vt 0.879242 0.332963
vt 0.824814 0.533965
vt 0.822573 0.531765
vt 0.802397 0.533965
vt 0.804639 0.531765
vt 0.804639 0.533965
vt 0.824814 0.561835
vt 0.822573 0.564035
vt 0.802397 0.561835
vt 0.804639 0.564035
vt 0.730595 0.893652
vt 0.708243 0.895852
vt 0.708243 0.893652
vt 0.788924 0.942593
vt 0.788924 0.964830
vt 0.708243 0.865782
vt 0.730595 0.863582
vt 0.730595 0.865782
vt 0.604862 0.955598
vt 0.604862 0.977835
vt 0.829930 0.964830
vt 0.847858 0.942593
vt 0.847858 0.964830
vt 0.848966 0.161867
vt 0.866900 0.133997
vt 0.866900 0.161867
vt 0.057785 0.911591
vt 0.080137 0.883721
vt 0.080137 0.911591
vt 0.310343 0.878509
vt 0.328277 0.850639
vt 0.328277 0.878509
vt 0.558823 0.982235
vt 0.576751 0.959999
vt 0.576751 0.982235
vt 0.330519 0.878509
vt 0.328277 0.880709
vt 0.310343 0.880709
vt 0.308102 0.878509
vt 0.330519 0.850639
vt 0.328277 0.848439
vt 0.308102 0.850639
vt 0.310343 0.848439
vt 0.310343 0.850639
vt 0.869142 0.133997
vt 0.866900 0.131797
vt 0.846724 0.133997
vt 0.848966 0.131797
vt 0.848966 0.133997
vt 0.869142 0.161867
vt 0.866900 0.164068
vt 0.846724 0.161867
vt 0.848966 0.164068
vt 0.495473 0.896292
vt 0.473121 0.898492
vt 0.473121 0.896292
vt 0.556522 0.959999
vt 0.556522 0.982235
vt 0.473121 0.868422
vt 0.495473 0.866222
vt 0.495473 0.868422
vt 0.827629 0.942593
vt 0.827629 0.964830
vt 0.641979 0.977835
vt 0.659906 0.955598
vt 0.659906 0.977835
vt 0.841642 0.561835
vt 0.859576 0.533965
vt 0.859576 0.561835
vt 0.641800 0.901413
vt 0.664152 0.873543
vt 0.664152 0.901413
vt 0.878646 0.561835
vt 0.896580 0.533965
vt 0.896580 0.561835
vt 0.710545 0.972627
vt 0.728472 0.950391
vt 0.728472 0.972627
vt 0.898822 0.561835
vt 0.896580 0.564035
vt 0.878646 0.564035
vt 0.876404 0.561835
vt 0.898822 0.533965
vt 0.896580 0.531765
vt 0.876404 0.533965
vt 0.878646 0.531765
vt 0.878646 0.533965
vt 0.861818 0.533965
vt 0.859576 0.531765
vt 0.839401 0.533965
vt 0.841642 0.531765
vt 0.841642 0.533965
vt 0.861818 0.561835
vt 0.859576 0.564035
vt 0.839401 0.561835
vt 0.841642 0.564035
vt 0.906080 0.161867
vt 0.883728 0.164068
vt 0.883728 0.161867
vt 0.708243 0.950391
vt 0.708243 0.972627
vt 0.883728 0.133997
vt 0.906080 0.131797
vt 0.906080 0.133997
vt 0.639677 0.955598
vt 0.639677 0.977835
vt 0.475422 0.975268
vt 0.493350 0.953031
vt 0.493350 0.975268
vt 0.518792 0.881084
vt 0.536726 0.853214
vt 0.536726 0.881084
vt 0.097665 0.911591
vt 0.120017 0.883721
vt 0.120017 0.911591
vt 0.842238 0.360833
vt 0.860173 0.332963
vt 0.860173 0.360833
vt 0.967657 0.154034
vt 0.985584 0.131797
vt 0.985584 0.154034
vt 0.862414 0.360833
vt 0.860173 0.363033
vt 0.842238 0.363033
vt 0.839997 0.360833
vt 0.862414 0.332963
vt 0.860173 0.330763
vt 0.839997 0.332963
vt 0.842238 0.330763
vt 0.842238 0.332963
vt 0.538968 0.853214
vt 0.536726 0.851013
vt 0.516550 0.853214
vt 0.518792 0.851013
vt 0.518792 0.853214
vt 0.538968 0.881084
vt 0.536726 0.883284
vt 0.516550 0.881084
vt 0.518792 0.883284
vt 0.578874 0.903614
vt 0.556522 0.905814
vt 0.556522 0.903614
vt 0.965355 0.131797
vt 0.965355 0.154034
vt 0.556522 0.875744
vt 0.578874 0.873543
vt 0.578874 0.875744
vt 0.473121 0.953031
vt 0.473121 0.975268
vt 0.002302 0.198257
vt 0.176775 0.183746
vt 0.126753 0.198257
vt 0.162188 0.000000
vt 0.000000 0.183746
vt 0.083078 0.769632
vt 0.951923 0.064836
vt 0.904084 0.581690
vt 0.638616 0.915924
vt 0.629032 0.941087
vt 0.926186 0.204058
vt 0.951923 0.104510
vt 0.122958 0.769632
vt 0.662786 0.915924
vt 0.653202 0.941087
vt 0.162837 0.769632
vt 0.492630 0.938166
vt 0.894014 0.826296
vt 0.950769 0.131797
vt 0.941185 0.156960
vt 0.773163 0.828504
vt 0.188900 0.953485
vt 0.214193 0.773143
vt 0.688322 0.914633
vt 0.678738 0.939796
vt 0.254073 0.773143
vt 0.210211 0.953485
vt 0.813043 0.828504
vt 0.144187 0.924811
vt 0.134603 0.949973
vt 0.852922 0.828504
vt 0.231521 0.953485
vt 0.374419 0.776654
vt 0.168357 0.924811
vt 0.158773 0.949973
vt 0.414298 0.776654
vt 0.252831 0.953485
vt 0.933893 0.709918
vt 0.067369 0.926102
vt 0.057785 0.951265
vt 0.933893 0.826296
vt 0.274142 0.953485
vt 0.454178 0.776654
vt 0.091539 0.926102
vt 0.081955 0.951265
vt 0.886307 0.204058
vt 0.428884 0.956259
vt 0.937337 0.002290
vt 0.614446 0.915924
vt 0.604862 0.941087
vt 0.943436 0.405827
vt 0.951923 0.025163
vt 0.894014 0.709918
vt 0.115709 0.926102
vt 0.106125 0.951265
vt 0.897458 0.002290
vt 0.952435 0.556928
vt 0.943963 0.581690
vt 0.566105 0.920325
vt 0.556522 0.945487
vt 0.025293 0.848154
vt 0.953031 0.355925
vt 0.903557 0.405826
vt 0.590276 0.920325
vt 0.580692 0.945487
vt 0.273953 0.773143
vt 0.493001 0.577640
vt 0.946066 0.204058
vt 0.728400 0.357253
vt 0.723107 0.201768
vt 0.953773 0.709918
vt 0.708243 0.579400
vt 0.953773 0.826296
vt 0.478415 0.733124
vt 0.473121 0.577640
vt 0.471558 0.202237
vt 0.541737 0.402600
vt 0.993696 0.896446
vt 0.186384 0.582836
vt 0.536568 0.402600
vt 0.287234 0.400026
vt 0.167024 0.582836
vt 0.328783 0.198725
vt 0.504130 0.000468
vt 0.038575 0.583304
vt 0.978093 0.532606
vt 0.972773 0.531765
vt 0.266803 0.586347
vt 0.248903 0.586347
vt 0.406398 0.202237
vt 0.954420 0.941139
vt 0.949074 0.940385
vt 0.234168 0.582836
vt 0.429089 0.589858
vt 0.455358 0.932011
vt 0.080113 0.396515
vt 0.389549 0.589858
vt 0.521331 0.402601
vt 0.543516 0.000000
vt 0.349126 0.589858
vt 0.248903 0.385047
vt 0.413799 0.403537
vt 0.516550 0.201768
vt 0.408642 0.403537
vt 0.354557 0.589858
vt 0.541935 0.201768
vt 0.576492 0.388558
vt 0.308812 0.198725
vt 0.458535 0.403537
vt 0.390207 0.932669
vt 0.095432 0.396515
vt 0.454040 0.403537
vt 0.118492 0.396515
vt 0.000000 0.583304
vt 0.408564 0.000468
vt 0.747870 0.943347
vt 0.927796 0.940385
vt 0.308102 0.400026
vt 0.439453 0.202237
vt 0.501964 0.388558
vt 0.972777 0.367347
vt 0.972262 0.079347
vt 0.218197 0.396515
vt 0.373631 0.403537
vt 0.323399 0.400026
vt 0.449404 0.971634
vt 0.151866 0.396515
vt 0.747457 0.373617
vt 0.762043 0.330763
vt 0.804768 0.000000
vt 0.719573 0.003437
vt 0.659267 0.080523
vt 0.762043 0.374475
vt 0.477591 0.563129
vt 0.754184 0.171082
vt 0.768771 0.128228
vt 0.817787 0.201768
vt 0.678102 0.582837
vt 0.556522 0.659923
vt 0.768771 0.171941
vt 0.496648 0.563129
vt 0.760811 0.580163
vt 0.039494 0.647905
vt 0.762655 0.000763
vt 0.925827 0.172150
vt 0.920666 0.185024
vt 0.775674 0.202532
vt 0.039494 0.675290
vt 0.788338 0.580163
vt 0.919165 0.371774
vt 0.914004 0.384648
vt 0.982695 0.403537
vt 0.981963 0.201768
vt 0.979860 0.614669
vt 0.986584 0.614669
vt 0.899217 0.181317
vt 0.895330 0.186776
vt 0.891443 0.179939
vt 0.004868 0.962242
vt 0.703453 0.387108
vt 0.700091 0.380001
vt 0.706815 0.380001
vt 0.352488 0.971096
vt 0.968359 0.824006
vt 0.991142 0.000000
vt 0.997866 0.000000
vt 0.999404 0.537792
vt 0.992680 0.537792
vt 0.996042 0.531765
vt 0.733009 0.708394
vt 0.983222 0.693048
vt 0.979860 0.687020
vt 0.986584 0.687020
vt 0.234883 0.969458
vt 0.329412 0.935573
vt 0.252831 0.969458
vt 0.259556 0.969458
vt 0.993276 0.332756
vt 1.000000 0.332756
vt 0.996638 0.338738
vt 0.965560 0.240869
vt 0.476483 0.989779
vt 0.479845 0.995519
vt 0.473121 0.995519
vt 0.961384 0.404409
vt 0.328621 0.895220
vt 0.958022 0.443510
vt 0.964747 0.443510
vt 0.861307 0.379855
vt 0.868031 0.379855
vt 0.864669 0.386789
vt 0.521473 0.897795
vt 0.930563 0.977998
vt 0.933925 0.984788
vt 0.927201 0.984788
vt 0.682101 0.873832
vt 0.288539 0.770853
vt 0.134603 0.884010
vt 0.141327 0.884010
vt 0.614850 0.380074
vt 0.621574 0.380074
vt 0.618212 0.387402
vt 0.918339 0.531765
vt 0.660833 0.377631
vt 0.664195 0.384912
vt 0.657471 0.384912
vt 0.162637 0.884010
vt 0.914004 0.357263
vt 0.192262 0.887521
vt 0.678781 0.380058
vt 0.685505 0.380058
vt 0.682143 0.387339
vt 0.354057 0.917243
vt 0.155913 0.884010
vt 0.619772 0.175557
vt 0.623134 0.182885
vt 0.616409 0.182885
vt 0.964747 0.482610
vt 0.473121 0.938520
vt 0.311464 0.936446
vt 0.516550 0.978403
vt 0.523274 0.978403
vt 0.519912 0.985193
vt 0.540983 0.923311
vt 0.958022 0.482610
vt 0.885980 0.377544
vt 0.889342 0.384478
vt 0.882618 0.384478
vt 0.280866 0.969458
vt 0.960653 0.302992
vt 0.192262 0.969458
vt 0.674492 0.993407
vt 0.681216 0.993407
vt 0.677854 0.999148
vt 0.912615 0.964191
vt 0.274142 0.969458
vt 0.996638 0.353249
vt 1.000000 0.359231
vt 0.993276 0.359231
vt 0.370436 0.990970
vt 0.968359 0.802209
vt 0.994504 0.055769
vt 0.788924 0.981350
vt 0.795648 0.981350
vt 0.792286 0.987377
vt 0.973245 0.882393
vt 0.377160 0.990970
vt 0.813596 0.979341
vt 0.816958 0.985368
vt 0.810234 0.985368
vt 0.979333 0.463395
vt 0.101410 0.986442
vt 0.983222 0.670500
vt 0.850611 0.178579
vt 0.854497 0.184037
vt 0.846724 0.185416
vt 0.024323 0.982908
vt 0.986057 0.463395
vt 0.705013 0.175557
vt 0.708375 0.182664
vt 0.701651 0.182664
vt 0.790182 0.000763
vt 0.039494 0.702675
vt 0.803201 0.202532
vt 0.938911 0.371774
vt 0.933751 0.384648
vt 0.815337 0.404300
vt 0.288539 0.865749
vt 0.815865 0.580163
vt 0.945573 0.172150
vt 0.940413 0.185024
vt 0.982695 0.481737
vt 0.134603 0.964484
vt 0.980146 0.240869
vt 0.986870 0.240869
vt 0.893918 0.986900
vt 0.890031 0.981441
vt 0.897804 0.980062
vt 0.158926 0.964485
vt 0.726324 0.185034
vt 0.722961 0.177926
vt 0.729686 0.177926
vt 0.395109 0.971096
vt 0.968359 0.896904
vt 0.992168 0.079347
vt 0.998893 0.079347
vt 0.999404 0.560340
vt 0.992680 0.560340
vt 0.996042 0.554313
vt 0.973892 0.940385
vt 0.834906 0.987377
vt 0.831544 0.981350
vt 0.838269 0.981350
vt 0.991194 0.781734
vt 0.516550 0.937822
vt 0.987831 0.825469
vt 0.994556 0.825469
vt 0.993276 0.377730
vt 1.000000 0.377730
vt 0.996638 0.383711
vt 0.540967 0.937822
vt 0.497793 0.989779
vt 0.501155 0.995519
vt 0.494431 0.995519
vt 0.961912 0.580272
vt 0.727753 0.910363
vt 0.958550 0.619373
vt 0.965274 0.619373
vt 0.960160 0.174462
vt 0.966884 0.174462
vt 0.963522 0.181396
vt 0.937848 0.531765
vt 0.872083 0.978702
vt 0.875445 0.985492
vt 0.868720 0.985492
vt 0.213573 0.887521
vt 0.368643 0.890743
vt 0.231521 0.887521
vt 0.238245 0.887521
vt 0.636160 0.380074
vt 0.642884 0.380074
vt 0.639522 0.387402
vt 0.413453 0.890743
vt 0.662392 0.175557
vt 0.665754 0.182837
vt 0.659030 0.182837
vt 0.259556 0.887521
vt 0.288539 0.838364
vt 0.277504 0.887521
vt 0.680341 0.177984
vt 0.687065 0.177984
vt 0.683703 0.185264
vt 0.393936 0.917243
vt 0.252831 0.887521
vt 0.641082 0.175557
vt 0.644444 0.182885
vt 0.637720 0.182885
vt 0.965274 0.658473
vt 0.933521 0.356279
vt 0.964015 0.202641
vt 0.969006 0.979097
vt 0.975730 0.979097
vt 0.972368 0.985887
vt 0.713166 0.935879
vt 0.958550 0.658473
vt 0.984832 0.172150
vt 0.988194 0.179084
vt 0.981470 0.179084
vt 0.994556 0.861918
vt 0.888214 0.964191
vt 0.213573 0.969458
vt 0.604862 0.994259
vt 0.611586 0.994259
vt 0.608224 1.000000
vt 0.873628 0.964191
vt 0.987832 0.861918
vt 0.711605 0.987138
vt 0.714967 0.993120
vt 0.708243 0.993120
vt 0.990318 0.727502
vt 0.971670 0.021938
vt 0.311464 0.993994
vt 0.747870 0.982215
vt 0.754594 0.982215
vt 0.751232 0.988243
vt 0.976556 0.061612
vt 0.997042 0.727502
vt 0.993678 0.976834
vt 0.997040 0.982861
vt 0.990316 0.982861
vt 0.979860 0.600158
vt 0.057785 0.986442
vt 0.983508 0.299846
vt 0.869084 0.184037
vt 0.872970 0.178579
vt 0.876857 0.185416
vt 0.086824 0.986442
vt 0.986584 0.600158
vt 0.843359 0.377544
vt 0.846721 0.384652
vt 0.839997 0.384652
vt 0.825411 0.333816
vt 0.039494 0.620520
vt 0.832138 0.134850
vt 0.975731 0.707628
vt 0.968359 0.729865
vt 0.499206 0.747635
vt 0.723107 0.371764
vt 0.726937 0.371764
vt 0.596433 0.388122
vt 0.499206 0.844008
vt 0.600263 0.388122
vt 0.499206 0.800637
vt 0.501121 0.828981
vt 0.497291 0.828981
vt 0.597992 0.186048
vt 0.955413 0.372290
vt 0.601823 0.186048
vt 0.607163 0.955598
vt 0.604862 0.873543
vt 0.791225 0.942593
vt 0.730595 0.895852
vt 0.708243 0.863582
vt 0.829930 0.942593
vt 0.057785 0.883721
vt 0.558823 0.959999
vt 0.495473 0.898492
vt 0.473121 0.866222
vt 0.641979 0.955598
vt 0.641800 0.873543
vt 0.710545 0.950391
vt 0.906080 0.164068
vt 0.883728 0.131797
vt 0.475422 0.953031
vt 0.097665 0.883721
vt 0.967657 0.131797
vt 0.578874 0.905814
vt 0.556522 0.873543
s 0
usemtl MMO_darkwood
f 17/1/1 2/2/1 15/3/1
f 23/4/2 14/5/2 21/6/2
f 10/7/3 16/8/3 22/9/3
f 6/10/4 8/11/4 3/12/4
f 11/13/5 20/14/5 9/15/5
f 1/16/6 2/17/6 3/12/6
f 4/18/7 5/19/7 6/10/7
f 7/20/8 8/11/8 9/21/8
f 10/22/9 11/23/9 12/24/9
f 13/25/10 14/5/10 15/26/10
f 16/27/11 17/28/11 18/29/11
f 19/30/12 20/31/12 21/6/12
f 22/32/13 23/4/13 24/33/13
f 1/16/14 8/11/14 7/20/14
f 4/18/15 3/12/15 2/17/15
f 10/22/16 6/10/16 5/19/16
f 9/21/17 12/24/17 11/23/17
f 7/34/18 20/35/18 19/36/18
f 22/37/19 11/13/19 10/38/19
f 21/6/20 24/33/20 23/4/20
f 19/30/21 14/5/21 13/25/21
f 16/27/22 23/4/22 22/32/22
f 15/26/23 18/29/23 17/28/23
f 13/39/24 2/40/24 1/41/24
f 5/42/25 17/1/25 16/43/25
f 19/36/26 1/41/26 7/34/26
f 1209/2135/1 1194/2136/1 1207/2137/1
f 1215/2138/2 1206/2139/2 1213/2140/2
f 1202/2141/3 1208/2142/3 1214/2143/3
f 1198/2144/4 1200/2145/4 1195/2146/4
f 1203/2147/5 1212/2148/5 1201/2149/5
f 1193/2150/6 1194/2151/6 1195/2146/6
f 1196/2152/7 1197/2153/7 1198/2144/7
f 1199/2154/8 1200/2145/8 1201/2155/8
f 1202/2156/9 1203/2157/9 1204/2158/9
f 1205/2159/10 1206/2139/10 1207/2160/10
f 1208/2161/11 1209/2162/11 1210/2163/11
f 1211/2164/12 1212/2165/12 1213/2140/12
f 1214/2166/13 1215/2138/13 1216/2167/13
f 1193/2150/14 1200/2145/14 1199/2154/14
f 1196/2152/15 1195/2146/15 1194/2151/15
f 1202/2156/16 1198/2144/16 1197/2153/16
f 1201/2155/17 1204/2158/17 1203/2157/17
f 1199/2168/18 1212/2169/18 1211/2170/18
f 1214/2171/19 1203/2147/19 1202/2172/19
f 1213/2140/20 1216/2167/20 1215/2138/20
f 1211/2164/21 1206/2139/21 1205/2159/21
f 1208/2161/22 1215/2138/22 1214/2166/22
f 1207/2160/23 1210/2163/23 1209/2162/23
f 1205/2173/24 1194/2174/24 1193/2175/24
f 1197/2176/25 1209/2135/25 1208/2177/25
f 1211/2170/26 1193/2175/26 1199/2168/26
f 1233/2178/1 1218/2179/1 1231/2180/1
f 1239/2181/2 1230/2182/2 1237/2183/2
f 1226/2184/3 1232/2185/3 1238/2186/3
f 1222/2187/4 1224/2188/4 1219/2189/4
f 1227/2190/5 1236/2191/5 1225/2192/5
f 1217/2193/6 1218/2194/6 1219/2189/6
f 1220/2195/7 1221/2196/7 1222/2187/7
f 1223/2197/8 1224/2188/8 1225/2198/8
f 1226/2199/9 1227/2200/9 1228/2201/9
f 1229/2202/10 1230/2182/10 1231/2203/10
f 1232/2204/11 1233/2205/11 1234/2206/11
f 1235/2207/12 1236/2208/12 1237/2183/12
f 1238/2209/13 1239/2181/13 1240/2210/13
f 1217/2193/14 1224/2188/14 1223/2197/14
f 1220/2195/15 1219/2189/15 1218/2194/15
f 1226/2199/16 1222/2187/16 1221/2196/16
f 1225/2198/17 1228/2201/17 1227/2200/17
f 1223/2211/18 1236/2212/18 1235/2213/18
f 1238/2214/19 1227/2190/19 1226/2215/19
f 1237/2183/20 1240/2210/20 1239/2181/20
f 1235/2207/21 1230/2182/21 1229/2202/21
f 1232/2204/22 1239/2181/22 1238/2209/22
f 1231/2203/23 1234/2206/23 1233/2205/23
f 1229/2216/24 1218/2217/24 1217/2218/24
f 1221/2219/25 1233/2178/25 1232/2220/25
f 1235/2213/26 1217/2218/26 1223/2211/26
f 1257/2221/1 1242/2222/1 1255/2223/1
f 1263/2224/2 1254/2225/2 1261/2226/2
f 1250/2227/3 1256/2228/3 1262/2229/3
f 1246/2230/4 1248/2231/4 1243/2232/4
f 1251/2233/5 1260/2234/5 1249/2235/5
f 1241/2236/6 1242/2237/6 1243/2232/6
f 1244/2238/7 1245/2239/7 1246/2230/7
f 1247/2240/8 1248/2231/8 1249/2241/8
f 1250/2242/9 1251/2243/9 1252/2244/9
f 1253/2245/10 1254/2225/10 1255/2246/10
f 1256/2247/11 1257/2248/11 1258/2249/11
f 1259/2250/12 1260/2251/12 1261/2226/12
f 1262/2252/13 1263/2224/13 1264/2253/13
f 1241/2236/14 1248/2231/14 1247/2240/14
f 1244/2238/15 1243/2232/15 1242/2237/15
f 1250/2242/16 1246/2230/16 1245/2239/16
f 1249/2241/17 1252/2244/17 1251/2243/17
f 1247/2254/18 1260/2255/18 1259/2256/18
f 1262/2257/19 1251/2233/19 1250/2258/19
f 1261/2226/20 1264/2253/20 1263/2224/20
f 1259/2250/21 1254/2225/21 1253/2245/21
f 1256/2247/22 1263/2224/22 1262/2252/22
f 1255/2246/23 1258/2249/23 1257/2248/23
f 1253/2259/24 1242/2260/24 1241/2261/24
f 1245/2262/25 1257/2221/25 1256/2263/25
f 1259/2256/26 1241/2261/26 1247/2254/26
f 1281/2264/1 1266/2265/1 1279/2266/1
f 1287/2267/2 1278/2268/2 1285/2269/2
f 1274/2270/3 1280/2271/3 1286/2272/3
f 1270/2273/4 1272/2274/4 1267/2275/4
f 1275/2276/5 1284/2277/5 1273/2278/5
f 1265/2279/6 1266/2280/6 1267/2275/6
f 1268/2281/7 1269/2282/7 1270/2273/7
f 1271/2283/8 1272/2274/8 1273/2284/8
f 1274/2285/9 1275/2286/9 1276/2287/9
f 1277/2288/10 1278/2268/10 1279/2289/10
f 1280/2290/11 1281/2291/11 1282/2292/11
f 1283/2293/12 1284/2294/12 1285/2269/12
f 1286/2295/13 1287/2267/13 1288/2296/13
f 1265/2279/14 1272/2274/14 1271/2283/14
f 1268/2281/15 1267/2275/15 1266/2280/15
f 1274/2285/16 1270/2273/16 1269/2282/16
f 1273/2284/17 1276/2287/17 1275/2286/17
f 1271/2297/18 1284/2298/18 1283/2299/18
f 1286/2300/19 1275/2276/19 1274/2301/19
f 1285/2269/20 1288/2296/20 1287/2267/20
f 1283/2293/21 1278/2268/21 1277/2288/21
f 1280/2290/22 1287/2267/22 1286/2295/22
f 1279/2289/23 1282/2292/23 1281/2291/23
f 1277/2302/24 1266/2303/24 1265/2304/24
f 1269/2305/25 1281/2264/25 1280/2306/25
f 1283/2299/26 1265/2304/26 1271/2297/26
f 17/1/1 4/2307/1 2/2/1
f 23/4/2 18/29/2 14/5/2
f 10/7/3 5/2308/3 16/8/3
f 6/10/4 12/24/4 8/11/4
f 11/13/5 24/2309/5 20/14/5
f 1/16/14 3/12/14 8/11/14
f 4/18/15 6/10/15 3/12/15
f 10/22/16 12/24/16 6/10/16
f 9/21/17 8/11/17 12/24/17
f 7/34/18 9/2310/18 20/35/18
f 22/37/19 24/2309/19 11/13/19
f 21/6/20 20/31/20 24/33/20
f 19/30/21 21/6/21 14/5/21
f 16/27/22 18/29/22 23/4/22
f 15/26/23 14/5/23 18/29/23
f 13/39/24 15/2311/24 2/40/24
f 5/42/25 4/2307/25 17/1/25
f 19/36/26 13/39/26 1/41/26
f 1209/2135/1 1196/2705/1 1194/2136/1
f 1215/2138/2 1210/2163/2 1206/2139/2
f 1202/2141/3 1197/2706/3 1208/2142/3
f 1198/2144/4 1204/2158/4 1200/2145/4
f 1203/2147/5 1216/2707/5 1212/2148/5
f 1193/2150/14 1195/2146/14 1200/2145/14
f 1196/2152/15 1198/2144/15 1195/2146/15
f 1202/2156/16 1204/2158/16 1198/2144/16
f 1201/2155/17 1200/2145/17 1204/2158/17
f 1199/2168/18 1201/2708/18 1212/2169/18
f 1214/2171/19 1216/2707/19 1203/2147/19
f 1213/2140/20 1212/2165/20 1216/2167/20
f 1211/2164/21 1213/2140/21 1206/2139/21
f 1208/2161/22 1210/2163/22 1215/2138/22
f 1207/2160/23 1206/2139/23 1210/2163/23
f 1205/2173/24 1207/2709/24 1194/2174/24
f 1197/2176/25 1196/2705/25 1209/2135/25
f 1211/2170/26 1205/2173/26 1193/2175/26
f 1233/2178/1 1220/2710/1 1218/2179/1
f 1239/2181/2 1234/2206/2 1230/2182/2
f 1226/2184/3 1221/2711/3 1232/2185/3
f 1222/2187/4 1228/2201/4 1224/2188/4
f 1227/2190/5 1240/2712/5 1236/2191/5
f 1217/2193/14 1219/2189/14 1224/2188/14
f 1220/2195/15 1222/2187/15 1219/2189/15
f 1226/2199/16 1228/2201/16 1222/2187/16
f 1225/2198/17 1224/2188/17 1228/2201/17
f 1223/2211/18 1225/2713/18 1236/2212/18
f 1238/2214/19 1240/2712/19 1227/2190/19
f 1237/2183/20 1236/2208/20 1240/2210/20
f 1235/2207/21 1237/2183/21 1230/2182/21
f 1232/2204/22 1234/2206/22 1239/2181/22
f 1231/2203/23 1230/2182/23 1234/2206/23
f 1229/2216/24 1231/2714/24 1218/2217/24
f 1221/2219/25 1220/2710/25 1233/2178/25
f 1235/2213/26 1229/2216/26 1217/2218/26
f 1257/2221/1 1244/2715/1 1242/2222/1
f 1263/2224/2 1258/2249/2 1254/2225/2
f 1250/2227/3 1245/2716/3 1256/2228/3
f 1246/2230/4 1252/2244/4 1248/2231/4
f 1251/2233/5 1264/2717/5 1260/2234/5
f 1241/2236/14 1243/2232/14 1248/2231/14
f 1244/2238/15 1246/2230/15 1243/2232/15
f 1250/2242/16 1252/2244/16 1246/2230/16
f 1249/2241/17 1248/2231/17 1252/2244/17
f 1247/2254/18 1249/2718/18 1260/2255/18
f 1262/2257/19 1264/2717/19 1251/2233/19
f 1261/2226/20 1260/2251/20 1264/2253/20
f 1259/2250/21 1261/2226/21 1254/2225/21
f 1256/2247/22 1258/2249/22 1263/2224/22
f 1255/2246/23 1254/2225/23 1258/2249/23
f 1253/2259/24 1255/2719/24 1242/2260/24
f 1245/2262/25 1244/2715/25 1257/2221/25
f 1259/2256/26 1253/2259/26 1241/2261/26
f 1281/2264/1 1268/2720/1 1266/2265/1
f 1287/2267/2 1282/2292/2 1278/2268/2
f 1274/2270/3 1269/2721/3 1280/2271/3
f 1270/2273/4 1276/2287/4 1272/2274/4
f 1275/2276/5 1288/2722/5 1284/2277/5
f 1265/2279/14 1267/2275/14 1272/2274/14
f 1268/2281/15 1270/2273/15 1267/2275/15
f 1274/2285/16 1276/2287/16 1270/2273/16
f 1273/2284/17 1272/2274/17 1276/2287/17
f 1271/2297/18 1273/2723/18 1284/2298/18
f 1286/2300/19 1288/2722/19 1275/2276/19
f 1285/2269/20 1284/2294/20 1288/2296/20
f 1283/2293/21 1285/2269/21 1278/2268/21
f 1280/2290/22 1282/2292/22 1287/2267/22
f 1279/2289/23 1278/2268/23 1282/2292/23
f 1277/2302/24 1279/2724/24 1266/2303/24
f 1269/2305/25 1268/2720/25 1281/2264/25
f 1283/2299/26 1277/2302/26 1265/2304/26
usemtl MMO_oak
f 41/44/1 26/45/1 39/46/1
f 47/47/2 38/48/2 45/49/2
f 34/50/3 40/51/3 46/52/3
f 30/53/4 32/54/4 27/55/4
f 35/56/5 44/57/5 33/58/5
f 25/59/6 26/60/6 27/55/6
f 28/61/7 29/62/7 30/53/7
f 31/63/8 32/54/8 33/64/8
f 34/65/9 35/66/9 36/67/9
f 37/68/10 38/48/10 39/69/10
f 40/70/11 41/71/11 42/72/11
f 43/73/12 44/74/12 45/49/12
f 46/75/13 47/47/13 48/76/13
f 25/59/14 32/54/14 31/63/14
f 28/61/15 27/55/15 26/60/15
f 34/65/16 30/53/16 29/62/16
f 33/64/17 36/67/17 35/66/17
f 31/77/18 44/78/18 43/79/18
f 46/80/19 35/56/19 34/81/19
f 45/49/20 48/76/20 47/47/20
f 43/73/21 38/48/21 37/68/21
f 40/70/22 47/47/22 46/75/22
f 39/69/23 42/72/23 41/71/23
f 37/82/24 26/83/24 25/84/24
f 29/85/25 41/44/25 40/86/25
f 43/79/26 25/84/26 31/77/26
f 65/87/1 50/88/1 63/89/1
f 71/90/2 62/91/2 69/92/2
f 58/93/3 64/94/3 70/95/3
f 54/96/4 56/97/4 51/98/4
f 59/99/5 68/100/5 57/101/5
f 49/102/6 50/103/6 51/98/6
f 52/104/7 53/105/7 54/96/7
f 55/106/8 56/97/8 57/107/8
f 58/108/9 59/109/9 60/110/9
f 61/111/10 62/91/10 63/112/10
f 64/113/11 65/114/11 66/115/11
f 67/116/12 68/117/12 69/92/12
f 70/118/13 71/90/13 72/119/13
f 49/102/14 56/97/14 55/106/14
f 52/104/15 51/98/15 50/103/15
f 58/108/16 54/96/16 53/105/16
f 57/107/17 60/110/17 59/109/17
f 55/120/18 68/121/18 67/122/18
f 70/123/19 59/99/19 58/124/19
f 69/92/20 72/119/20 71/90/20
f 67/116/21 62/91/21 61/111/21
f 64/113/22 71/90/22 70/118/22
f 63/112/23 66/115/23 65/114/23
f 61/125/24 50/126/24 49/127/24
f 53/128/25 65/87/25 64/129/25
f 67/122/26 49/127/26 55/120/26
f 137/216/1 122/217/1 135/218/1
f 143/219/2 134/220/2 141/221/2
f 130/222/3 136/223/3 142/224/3
f 126/225/4 128/226/4 123/227/4
f 131/228/5 140/229/5 129/230/5
f 121/231/6 122/232/6 123/227/6
f 124/233/7 125/234/7 126/225/7
f 127/235/8 128/226/8 129/236/8
f 130/237/9 131/238/9 132/239/9
f 133/240/10 134/220/10 135/241/10
f 136/242/11 137/243/11 138/244/11
f 139/245/12 140/246/12 141/221/12
f 142/247/13 143/219/13 144/248/13
f 121/231/14 128/226/14 127/235/14
f 124/233/15 123/227/15 122/232/15
f 130/237/16 126/225/16 125/234/16
f 129/236/17 132/239/17 131/238/17
f 127/249/18 140/250/18 139/251/18
f 142/252/19 131/228/19 130/253/19
f 141/221/20 144/248/20 143/219/20
f 139/245/21 134/220/21 133/240/21
f 136/242/22 143/219/22 142/247/22
f 135/241/23 138/244/23 137/243/23
f 133/254/24 122/255/24 121/256/24
f 125/257/25 137/216/25 136/258/25
f 139/251/26 121/256/26 127/249/26
f 161/259/1 146/260/1 159/261/1
f 167/262/2 158/263/2 165/264/2
f 154/265/3 160/266/3 166/267/3
f 150/268/4 152/269/4 147/270/4
f 155/271/5 164/272/5 153/273/5
f 145/274/6 146/275/6 147/270/6
f 148/276/7 149/277/7 150/268/7
f 151/278/8 152/269/8 153/279/8
f 154/280/9 155/281/9 156/282/9
f 157/283/10 158/263/10 159/284/10
f 160/285/11 161/286/11 162/287/11
f 163/288/12 164/289/12 165/264/12
f 166/290/13 167/262/13 168/291/13
f 145/274/14 152/269/14 151/278/14
f 148/276/15 147/270/15 146/275/15
f 154/280/16 150/268/16 149/277/16
f 153/279/17 156/282/17 155/281/17
f 151/292/18 164/293/18 163/294/18
f 166/295/19 155/271/19 154/296/19
f 165/264/20 168/291/20 167/262/20
f 163/288/21 158/263/21 157/283/21
f 160/285/22 167/262/22 166/290/22
f 159/284/23 162/287/23 161/286/23
f 157/297/24 146/298/24 145/299/24
f 149/300/25 161/259/25 160/301/25
f 163/294/26 145/299/26 151/292/26
f 233/388/1 218/389/1 231/390/1
f 239/391/2 230/392/2 237/393/2
f 226/394/3 232/395/3 238/396/3
f 222/397/4 224/398/4 219/399/4
f 227/400/5 236/401/5 225/402/5
f 217/403/6 218/404/6 219/399/6
f 220/405/7 221/406/7 222/397/7
f 223/407/8 224/398/8 225/408/8
f 226/409/9 227/410/9 228/411/9
f 229/412/10 230/392/10 231/413/10
f 232/414/11 233/415/11 234/416/11
f 235/417/12 236/418/12 237/393/12
f 238/419/13 239/391/13 240/420/13
f 217/403/14 224/398/14 223/407/14
f 220/405/15 219/399/15 218/404/15
f 226/409/16 222/397/16 221/406/16
f 225/408/17 228/411/17 227/410/17
f 223/421/18 236/422/18 235/423/18
f 238/424/19 227/400/19 226/425/19
f 237/393/20 240/420/20 239/391/20
f 235/417/21 230/392/21 229/412/21
f 232/414/22 239/391/22 238/419/22
f 231/413/23 234/416/23 233/415/23
f 229/426/24 218/427/24 217/428/24
f 221/429/25 233/388/25 232/430/25
f 235/423/26 217/428/26 223/421/26
f 257/431/1 242/432/1 255/433/1
f 263/434/2 254/435/2 261/436/2
f 250/437/3 256/438/3 262/439/3
f 246/440/4 248/441/4 243/442/4
f 251/443/5 260/444/5 249/445/5
f 241/446/6 242/447/6 243/442/6
f 244/448/7 245/449/7 246/440/7
f 247/450/8 248/441/8 249/451/8
f 250/452/9 251/453/9 252/454/9
f 253/455/10 254/435/10 255/456/10
f 256/457/11 257/458/11 258/459/11
f 259/460/12 260/461/12 261/436/12
f 262/462/28 263/434/28 264/463/28
f 241/446/14 248/441/14 247/450/14
f 244/448/15 243/442/15 242/447/15
f 250/452/16 246/440/16 245/449/16
f 249/451/17 252/454/17 251/453/17
f 247/464/18 260/465/18 259/466/18
f 262/467/19 251/443/19 250/468/19
f 261/436/20 264/463/20 263/434/20
f 259/460/21 254/435/21 253/455/21
f 256/457/22 263/434/22 262/462/22
f 255/456/23 258/459/23 257/458/23
f 253/469/24 242/470/24 241/471/24
f 245/472/25 257/431/25 256/473/25
f 259/466/26 241/471/26 247/464/26
f 329/560/1 314/561/1 327/562/1
f 335/563/2 326/564/2 333/565/2
f 322/566/3 328/567/3 334/568/3
f 318/569/4 320/570/4 315/571/4
f 323/572/5 332/573/5 321/574/5
f 313/575/6 314/576/6 315/571/6
f 316/577/7 317/578/7 318/569/7
f 319/579/8 320/570/8 321/580/8
f 322/581/9 323/582/9 324/583/9
f 325/584/10 326/564/10 327/585/10
f 328/586/11 329/587/11 330/588/11
f 331/589/12 332/590/12 333/565/12
f 334/591/13 335/563/13 336/592/13
f 313/575/14 320/570/14 319/579/14
f 316/577/15 315/571/15 314/576/15
f 322/581/16 318/569/16 317/578/16
f 321/580/17 324/583/17 323/582/17
f 319/593/18 332/594/18 331/595/18
f 334/596/19 323/572/19 322/597/19
f 333/565/20 336/592/20 335/563/20
f 331/589/21 326/564/21 325/584/21
f 328/586/22 335/563/22 334/591/22
f 327/585/23 330/588/23 329/587/23
f 325/598/24 314/599/24 313/600/24
f 317/601/25 329/560/25 328/602/25
f 331/595/26 313/600/26 319/593/26
f 353/603/1 338/604/1 351/605/1
f 359/606/2 350/607/2 357/608/2
f 346/609/3 352/610/3 358/611/3
f 342/612/4 344/613/4 339/614/4
f 347/615/5 356/616/5 345/617/5
f 337/618/6 338/619/6 339/614/6
f 340/620/7 341/621/7 342/612/7
f 343/622/8 344/613/8 345/623/8
f 346/624/9 347/625/9 348/626/9
f 349/627/10 350/607/10 351/628/10
f 352/629/11 353/630/11 354/631/11
f 355/632/12 356/633/12 357/608/12
f 358/634/13 359/606/13 360/635/13
f 337/618/14 344/613/14 343/622/14
f 340/620/15 339/614/15 338/619/15
f 346/624/16 342/612/16 341/621/16
f 345/623/17 348/626/17 347/625/17
f 343/636/18 356/637/18 355/638/18
f 358/639/19 347/615/19 346/640/19
f 357/608/20 360/635/20 359/606/20
f 355/632/21 350/607/21 349/627/21
f 352/629/22 359/606/22 358/634/22
f 351/628/23 354/631/23 353/630/23
f 349/641/24 338/642/24 337/643/24
f 341/644/25 353/603/25 352/645/25
f 355/638/26 337/643/26 343/636/26
f 372/646/26 373/647/26 362/648/26
f 371/649/2 365/650/2 369/651/2
f 381/652/29 370/653/29 367/654/29
f 383/655/4 378/656/4 375/657/4
f 377/658/30 368/659/30 366/660/30
f 361/661/31 363/662/31 362/663/31
f 364/664/32 366/665/32 365/650/32
f 367/654/33 369/666/33 368/667/33
f 370/668/34 372/669/34 371/649/34
f 373/670/35 375/657/35 374/671/35
f 376/672/36 378/656/36 377/673/36
f 379/674/37 381/652/37 380/675/37
f 382/676/38 384/677/38 383/655/38
f 369/651/39 370/668/39 371/649/39
f 363/662/40 364/664/40 365/650/40
f 365/650/41 368/678/41 369/651/41
f 363/662/21 372/669/21 362/663/21
f 362/679/42 374/680/42 361/681/42
f 375/657/43 376/672/43 374/671/43
f 378/656/44 380/682/44 377/673/44
f 375/657/14 382/676/14 383/655/14
f 364/683/45 377/658/45 366/660/45
f 368/667/46 381/652/46 367/654/46
f 379/684/47 384/677/47 381/685/47
f 370/686/48 382/687/48 372/646/48
f 374/680/49 364/688/49 361/681/49
f 430/736/74 410/737/74 420/738/74
f 419/739/2 413/740/2 417/741/2
f 429/742/75 418/743/75 415/744/75
f 431/745/4 426/746/4 423/747/4
f 425/748/76 416/749/76 414/750/76
f 409/751/77 411/752/77 410/753/77
f 412/754/78 414/755/78 413/756/78
f 415/757/79 417/758/79 416/749/79
f 418/743/80 420/738/80 419/759/80
f 421/760/81 423/747/81 422/761/81
f 424/762/82 426/763/82 425/764/82
f 427/765/83 429/766/83 428/767/83
f 430/736/84 432/768/84 431/769/84
f 417/741/85 418/770/85 419/739/85
f 411/752/86 412/771/86 413/740/86
f 413/740/87 416/772/87 417/741/87
f 411/752/88 420/773/88 410/753/88
f 410/774/89 422/775/89 409/776/89
f 423/747/90 424/777/90 422/761/90
f 426/746/91 428/778/91 425/779/91
f 423/747/92 430/780/92 431/745/92
f 412/754/93 425/764/93 414/755/93
f 416/749/94 429/766/94 415/757/94
f 427/781/95 432/782/95 429/783/95
f 418/743/96 430/736/96 420/738/96
f 422/784/97 412/754/97 409/785/97
f 478/835/122 458/836/122 468/837/122
f 467/838/2 461/839/2 465/840/2
f 477/841/123 466/842/123 463/843/123
f 479/844/4 474/845/4 471/846/4
f 473/847/1 464/848/1 462/849/1
f 457/850/124 459/851/124 458/852/124
f 460/853/125 462/854/125 461/839/125
f 463/855/126 465/840/126 464/856/126
f 466/842/127 468/857/127 467/858/127
f 469/859/128 471/846/128 470/860/128
f 472/861/129 474/845/129 473/862/129
f 475/863/130 477/864/130 476/865/130
f 478/866/131 480/867/131 479/868/131
f 465/840/132 466/869/132 467/838/132
f 459/851/133 460/853/133 461/839/133
f 461/839/23 464/856/23 465/840/23
f 459/851/134 468/870/134 458/852/134
f 458/836/135 470/871/135 457/872/135
f 471/846/136 472/861/136 470/860/136
f 474/845/15 476/865/15 473/862/15
f 471/846/137 478/873/137 479/844/137
f 460/874/138 473/875/138 462/876/138
f 464/848/139 477/877/139 463/878/139
f 475/863/140 480/879/140 477/864/140
f 466/842/141 478/866/141 468/857/141
f 470/880/142 460/874/142 457/881/142
f 526/925/164 506/926/164 516/927/164
f 507/928/2 513/929/2 515/930/2
f 525/931/165 514/932/165 511/933/165
f 519/934/4 523/935/4 522/936/4
f 521/937/166 512/938/166 510/939/166
f 505/940/167 507/928/167 506/941/167
f 508/942/168 510/943/168 509/944/168
f 511/933/169 513/945/169 512/946/169
f 514/947/170 516/927/170 515/948/170
f 517/949/171 519/934/171 518/950/171
f 520/951/172 522/936/172 521/952/172
f 523/953/173 525/931/173 524/954/173
f 526/925/174 528/955/174 527/956/174
f 511/957/175 515/930/175 513/929/175
f 505/940/176 509/944/176 507/928/176
f 509/944/177 512/958/177 513/929/177
f 507/928/178 516/959/178 506/941/178
f 506/960/179 518/961/179 505/962/179
f 518/950/180 522/936/180 520/951/180
f 522/936/181 524/963/181 521/952/181
f 519/934/182 526/964/182 527/965/182
f 508/966/183 521/937/183 510/939/183
f 512/946/184 525/931/184 511/933/184
f 525/967/185 527/965/185 528/968/185
f 514/947/186 526/925/186 516/927/186
f 518/961/187 508/969/187 505/962/187
f 574/1018/212 554/1019/212 564/1020/212
f 555/1021/2 561/1022/2 563/1023/2
f 559/1024/213 576/1025/213 562/1026/213
f 567/1027/4 571/1028/4 570/1029/4
f 569/1030/214 560/1031/214 558/1032/214
f 553/1033/215 555/1034/215 554/1019/215
f 556/1035/216 558/1036/216 557/1037/216
f 559/1038/217 561/1039/217 560/1031/217
f 562/1026/218 564/1040/218 563/1041/218
f 565/1042/219 567/1043/219 566/1044/219
f 568/1045/220 570/1029/220 569/1046/220
f 571/1047/221 573/1048/221 572/1049/221
f 574/1050/222 576/1025/222 575/1051/222
f 559/1052/223 563/1023/223 561/1022/223
f 553/1053/224 557/1037/224 555/1021/224
f 557/1037/225 560/1054/225 561/1022/225
f 555/1021/226 564/1055/226 554/1056/226
f 553/1033/227 565/1042/227 566/1044/227
f 566/1057/228 570/1029/228 568/1045/228
f 570/1029/229 572/1058/229 569/1046/229
f 567/1027/230 574/1059/230 575/1060/230
f 556/1061/231 569/1062/231 558/1063/231
f 560/1031/232 573/1048/232 559/1038/232
f 573/1064/233 575/1060/233 576/1065/233
f 562/1026/234 574/1050/234 564/1040/234
f 566/1066/235 556/1061/235 553/1067/235
f 656/1114/257 602/1115/257 627/1116/257
f 603/1117/2 611/1118/2 619/1119/2
f 635/1120/258 610/1121/258 608/1122/258
f 637/1123/259 612/1124/259 610/1121/259
f 639/1125/260 614/1126/260 612/1127/260
f 641/1128/261 616/1129/261 614/1126/261
f 643/1130/262 618/1131/262 616/1129/262
f 646/1132/263 620/1133/263 618/1131/263
f 648/1134/264 622/1135/264 620/1133/264
f 649/1136/265 624/1137/265 622/1135/265
f 651/1138/266 626/1139/266 624/1140/266
f 653/1141/267 627/1116/267 626/1139/267
f 655/1142/4 647/1143/4 640/1144/4
f 633/1145/268 608/1122/268 606/1146/268
f 601/1147/269 603/1117/269 602/1148/269
f 604/1149/270 606/1150/270 605/1151/270
f 629/1152/271 631/1153/271 630/1154/271
f 632/1155/272 634/1156/272 633/1157/272
f 603/1117/21 604/1149/21 605/1151/21
f 605/1151/273 608/1158/273 607/1159/273
f 608/1158/274 609/1160/274 607/1159/274
f 610/1161/275 611/1118/275 609/1160/275
f 612/1162/276 613/1163/276 611/1118/276
f 614/1164/277 615/1165/277 613/1163/277
f 616/1166/278 617/1167/278 615/1165/278
f 617/1167/279 620/1168/279 619/1119/279
f 619/1119/280 622/1169/280 621/1170/280
f 621/1170/281 624/1171/281 623/1172/281
f 623/1172/282 626/1173/282 625/1174/282
f 603/1117/283 627/1175/283 602/1148/283
f 602/1115/284 630/1176/284 601/1177/284
f 631/1153/14 632/1155/14 630/1154/14
f 634/1156/285 635/1178/285 633/1157/285
f 635/1178/286 638/1179/286 637/1180/286
f 637/1180/287 640/1144/287 639/1181/287
f 639/1181/288 642/1182/288 641/1183/288
f 641/1183/289 644/1184/289 643/1185/289
f 643/1185/290 645/1186/290 646/1187/290
f 625/1174/291 627/1175/291 628/1188/291
f 647/1143/292 649/1189/292 648/1190/292
f 650/1191/293 651/1192/293 649/1189/293
f 652/1193/294 653/1194/294 651/1192/294
f 631/1153/295 656/1195/295 655/1142/295
f 645/1186/296 648/1190/296 646/1187/296
f 654/1196/297 656/1195/297 653/1194/297
f 604/1197/298 633/1145/298 606/1146/298
f 630/1198/26 604/1199/26 601/1200/26
f 712/1201/299 658/1202/299 683/1203/299
f 659/1204/2 667/1205/2 675/1206/2
f 691/1207/258 666/1208/258 664/1209/258
f 693/1210/259 668/1211/259 666/1208/259
f 695/1212/260 670/1213/260 668/1214/260
f 697/1215/300 672/1216/300 670/1213/300
f 699/1217/262 674/1218/262 672/1216/262
f 702/1219/263 676/1220/263 674/1218/263
f 704/1221/301 678/1222/301 676/1220/301
f 705/1223/265 680/1224/265 678/1222/265
f 707/1225/266 682/1226/266 680/1227/266
f 709/1228/267 683/1203/267 682/1226/267
f 711/1229/4 703/1230/4 696/1231/4
f 689/1232/302 664/1209/302 662/1233/302
f 657/1234/269 659/1204/269 658/1235/269
f 660/1236/270 662/1237/270 661/1238/270
f 685/1239/271 687/1240/271 686/1241/271
f 688/1242/272 690/1243/272 689/1244/272
f 659/1204/21 660/1236/21 661/1238/21
f 661/1238/273 664/1245/273 663/1246/273
f 664/1245/274 665/1247/274 663/1246/274
f 666/1248/303 667/1205/303 665/1247/303
f 668/1249/304 669/1250/304 667/1205/304
f 670/1251/277 671/1252/277 669/1250/277
f 672/1253/278 673/1254/278 671/1252/278
f 673/1254/279 676/1255/279 675/1206/279
f 675/1206/280 678/1256/280 677/1257/280
f 677/1257/281 680/1258/281 679/1259/281
f 679/1259/282 682/1260/282 681/1261/282
f 659/1204/283 683/1262/283 658/1235/283
f 658/1202/284 686/1263/284 657/1264/284
f 687/1240/14 688/1242/14 686/1241/14
f 690/1243/285 691/1265/285 689/1244/285
f 691/1265/305 694/1266/305 693/1267/305
f 693/1267/306 696/1231/306 695/1268/306
f 695/1268/288 698/1269/288 697/1270/288
f 697/1270/289 700/1271/289 699/1272/289
f 699/1272/290 701/1273/290 702/1274/290
f 681/1261/291 683/1262/291 684/1275/291
f 703/1230/292 705/1276/292 704/1277/292
f 706/1278/307 707/1279/307 705/1276/307
f 708/1280/308 709/1281/308 707/1279/308
f 687/1240/295 712/1282/295 711/1229/295
f 701/1273/296 704/1277/296 702/1274/296
f 710/1283/309 712/1282/309 709/1281/309
f 660/1284/298 689/1232/298 662/1233/298
f 686/1285/26 660/1286/26 657/1287/26
f 41/44/1 28/2312/1 26/45/1
f 47/47/2 42/72/2 38/48/2
f 34/50/3 29/2313/3 40/51/3
f 30/53/4 36/67/4 32/54/4
f 35/56/5 48/2314/5 44/57/5
f 25/59/14 27/55/14 32/54/14
f 28/61/15 30/53/15 27/55/15
f 34/65/16 36/67/16 30/53/16
f 33/64/17 32/54/17 36/67/17
f 31/77/18 33/2315/18 44/78/18
f 46/80/19 48/2314/19 35/56/19
f 45/49/20 44/74/20 48/76/20
f 43/73/21 45/49/21 38/48/21
f 40/70/22 42/72/22 47/47/22
f 39/69/23 38/48/23 42/72/23
f 37/82/24 39/2316/24 26/83/24
f 29/85/25 28/2312/25 41/44/25
f 43/79/26 37/82/26 25/84/26
f 65/87/1 52/2317/1 50/88/1
f 71/90/2 66/115/2 62/91/2
f 58/93/3 53/2318/3 64/94/3
f 54/96/4 60/110/4 56/97/4
f 59/99/5 72/2319/5 68/100/5
f 49/102/14 51/98/14 56/97/14
f 52/104/15 54/96/15 51/98/15
f 58/108/16 60/110/16 54/96/16
f 57/107/17 56/97/17 60/110/17
f 55/120/18 57/2320/18 68/121/18
f 70/123/19 72/2319/19 59/99/19
f 69/92/20 68/117/20 72/119/20
f 67/116/21 69/92/21 62/91/21
f 64/113/22 66/115/22 71/90/22
f 63/112/23 62/91/23 66/115/23
f 61/125/24 63/2321/24 50/126/24
f 53/128/25 52/2317/25 65/87/25
f 67/122/26 61/125/26 49/127/26
f 137/216/1 124/2332/1 122/217/1
f 143/219/2 138/244/2 134/220/2
f 130/222/3 125/2333/3 136/223/3
f 126/225/4 132/239/4 128/226/4
f 131/228/5 144/2334/5 140/229/5
f 121/231/14 123/227/14 128/226/14
f 124/233/15 126/225/15 123/227/15
f 130/237/16 132/239/16 126/225/16
f 129/236/17 128/226/17 132/239/17
f 127/249/18 129/2335/18 140/250/18
f 142/252/19 144/2334/19 131/228/19
f 141/221/20 140/246/20 144/248/20
f 139/245/21 141/221/21 134/220/21
f 136/242/22 138/244/22 143/219/22
f 135/241/23 134/220/23 138/244/23
f 133/254/24 135/2336/24 122/255/24
f 125/257/25 124/2332/25 137/216/25
f 139/251/26 133/254/26 121/256/26
f 161/259/1 148/2337/1 146/260/1
f 167/262/2 162/287/2 158/263/2
f 154/265/3 149/2338/3 160/266/3
f 150/268/4 156/282/4 152/269/4
f 155/271/5 168/2339/5 164/272/5
f 145/274/14 147/270/14 152/269/14
f 148/276/15 150/268/15 147/270/15
f 154/280/16 156/282/16 150/268/16
f 153/279/17 152/269/17 156/282/17
f 151/292/18 153/2340/18 164/293/18
f 166/295/19 168/2339/19 155/271/19
f 165/264/20 164/289/20 168/291/20
f 163/288/21 165/264/21 158/263/21
f 160/285/22 162/287/22 167/262/22
f 159/284/23 158/263/23 162/287/23
f 157/297/24 159/2341/24 146/298/24
f 149/300/25 148/2337/25 161/259/25
f 163/294/26 157/297/26 145/299/26
f 233/388/1 220/2352/1 218/389/1
f 239/391/2 234/416/2 230/392/2
f 226/394/3 221/2353/3 232/395/3
f 222/397/4 228/411/4 224/398/4
f 227/400/5 240/2354/5 236/401/5
f 217/403/14 219/399/14 224/398/14
f 220/405/15 222/397/15 219/399/15
f 226/409/16 228/411/16 222/397/16
f 225/408/17 224/398/17 228/411/17
f 223/421/18 225/2355/18 236/422/18
f 238/424/19 240/2354/19 227/400/19
f 237/393/20 236/418/20 240/420/20
f 235/417/21 237/393/21 230/392/21
f 232/414/22 234/416/22 239/391/22
f 231/413/23 230/392/23 234/416/23
f 229/426/24 231/2356/24 218/427/24
f 221/429/25 220/2352/25 233/388/25
f 235/423/26 229/426/26 217/428/26
f 257/431/1 244/2357/1 242/432/1
f 263/434/2 258/459/2 254/435/2
f 250/437/3 245/2358/3 256/438/3
f 246/440/4 252/454/4 248/441/4
f 251/443/5 264/2359/5 260/444/5
f 241/446/14 243/442/14 248/441/14
f 244/448/15 246/440/15 243/442/15
f 250/452/16 252/454/16 246/440/16
f 249/451/17 248/441/17 252/454/17
f 247/464/18 249/2360/18 260/465/18
f 262/467/19 264/2359/19 251/443/19
f 261/436/20 260/461/20 264/463/20
f 259/460/21 261/436/21 254/435/21
f 256/457/22 258/459/22 263/434/22
f 255/456/23 254/435/23 258/459/23
f 253/469/24 255/2361/24 242/470/24
f 245/472/25 244/2357/25 257/431/25
f 259/466/26 253/469/26 241/471/26
f 329/560/1 316/2372/1 314/561/1
f 335/563/2 330/588/2 326/564/2
f 322/566/3 317/2373/3 328/567/3
f 318/569/4 324/583/4 320/570/4
f 323/572/5 336/2374/5 332/573/5
f 313/575/14 315/571/14 320/570/14
f 316/577/15 318/569/15 315/571/15
f 322/581/16 324/583/16 318/569/16
f 321/580/17 320/570/17 324/583/17
f 319/593/18 321/2375/18 332/594/18
f 334/596/19 336/2374/19 323/572/19
f 333/565/20 332/590/20 336/592/20
f 331/589/21 333/565/21 326/564/21
f 328/586/22 330/588/22 335/563/22
f 327/585/23 326/564/23 330/588/23
f 325/598/24 327/2376/24 314/599/24
f 317/601/25 316/2372/25 329/560/25
f 331/595/26 325/598/26 313/600/26
f 353/603/1 340/2377/1 338/604/1
f 359/606/2 354/631/2 350/607/2
f 346/609/3 341/2378/3 352/610/3
f 342/612/4 348/626/4 344/613/4
f 347/615/5 360/2379/5 356/616/5
f 337/618/14 339/614/14 344/613/14
f 340/620/15 342/612/15 339/614/15
f 346/624/16 348/626/16 342/612/16
f 345/623/17 344/613/17 348/626/17
f 343/636/18 345/2380/18 356/637/18
f 358/639/19 360/2379/19 347/615/19
f 357/608/20 356/633/20 360/635/20
f 355/632/21 357/608/21 350/607/21
f 352/629/22 354/631/22 359/606/22
f 351/628/23 350/607/23 354/631/23
f 349/641/24 351/2381/24 338/642/24
f 341/644/25 340/2377/25 353/603/25
f 355/638/26 349/641/26 337/643/26
f 372/646/26 382/687/26 373/647/26
f 371/649/2 363/662/2 365/650/2
f 381/652/29 384/2382/29 370/653/29
f 383/655/4 379/684/4 378/656/4
f 377/658/30 380/2383/30 368/659/30
f 369/651/39 367/2384/39 370/668/39
f 363/662/556 361/661/556 364/664/556
f 365/650/41 366/665/41 368/678/41
f 363/662/21 371/649/21 372/669/21
f 362/679/557 373/2385/557 374/680/557
f 375/657/558 378/656/558 376/672/558
f 378/656/44 379/684/44 380/682/44
f 375/657/14 373/670/14 382/676/14
f 364/683/45 376/2386/45 377/658/45
f 368/667/46 380/675/46 381/652/46
f 379/684/47 383/655/47 384/677/47
f 370/686/559 384/2387/559 382/687/559
f 374/680/49 376/2388/49 364/688/49
f 430/736/74 421/2396/74 410/737/74
f 419/739/2 411/752/2 413/740/2
f 429/742/75 432/768/75 418/743/75
f 431/745/4 427/781/4 426/746/4
f 425/748/76 428/767/76 416/749/76
f 417/741/85 415/2397/85 418/770/85
f 411/752/86 409/751/86 412/771/86
f 413/740/87 414/2398/87 416/772/87
f 411/752/563 419/739/563 420/773/563
f 410/774/89 421/2399/89 422/775/89
f 423/747/564 426/746/564 424/777/564
f 426/746/91 427/781/91 428/778/91
f 423/747/565 421/760/565 430/780/565
f 412/754/93 424/762/93 425/764/93
f 416/749/94 428/767/94 429/766/94
f 427/781/95 431/745/95 432/782/95
f 418/743/96 432/768/96 430/736/96
f 422/784/97 424/762/97 412/754/97
f 478/835/122 469/2403/122 458/836/122
f 467/838/2 459/851/2 461/839/2
f 477/841/123 480/867/123 466/842/123
f 479/844/4 475/863/4 474/845/4
f 473/847/1 476/2404/1 464/848/1
f 465/840/132 463/855/132 466/869/132
f 459/851/133 457/850/133 460/853/133
f 461/839/23 462/854/23 464/856/23
f 459/851/134 467/838/134 468/870/134
f 458/836/135 469/2403/135 470/871/135
f 471/846/136 474/845/136 472/861/136
f 474/845/15 475/863/15 476/865/15
f 471/846/137 469/859/137 478/873/137
f 460/874/138 472/2405/138 473/875/138
f 464/848/139 476/2404/139 477/877/139
f 475/863/140 479/844/140 480/879/140
f 466/842/141 480/867/141 478/866/141
f 470/880/142 472/2405/142 460/874/142
f 526/925/164 517/2413/164 506/926/164
f 507/928/2 509/944/2 513/929/2
f 525/931/165 528/2414/165 514/932/165
f 519/934/4 527/965/4 523/935/4
f 521/937/166 524/2415/166 512/938/166
f 511/957/570 514/2416/570 515/930/570
f 505/940/176 508/942/176 509/944/176
f 509/944/177 510/943/177 512/958/177
f 507/928/571 515/930/571 516/959/571
f 506/960/179 517/2417/179 518/961/179
f 518/950/180 519/934/180 522/936/180
f 522/936/181 523/935/181 524/963/181
f 519/934/572 517/949/572 526/964/572
f 508/966/183 520/2418/183 521/937/183
f 512/946/184 524/954/184 525/931/184
f 525/967/573 523/935/573 527/965/573
f 514/947/186 528/955/186 526/925/186
f 518/961/187 520/2419/187 508/969/187
f 574/1018/212 565/1042/212 554/1019/212
f 555/1021/2 557/1037/2 561/1022/2
f 559/1024/213 573/2426/213 576/1025/213
f 567/1027/4 575/1060/4 571/1028/4
f 569/1030/214 572/1049/214 560/1031/214
f 559/1052/223 562/2427/223 563/1023/223
f 553/1053/578 556/1035/578 557/1037/578
f 557/1037/225 558/1036/225 560/1054/225
f 555/1021/226 563/1023/226 564/1055/226
f 553/1033/227 554/1019/227 565/1042/227
f 566/1057/579 567/1027/579 570/1029/579
f 570/1029/229 571/1028/229 572/1058/229
f 567/1027/580 565/2428/580 574/1059/580
f 556/1061/231 568/2429/231 569/1062/231
f 560/1031/232 572/1049/232 573/1048/232
f 573/1064/233 571/1028/233 575/1060/233
f 562/1026/234 576/1025/234 574/1050/234
f 566/1066/235 568/2429/235 556/1061/235
f 656/1114/299 629/2434/299 602/1115/299
f 625/1174/2 628/1188/2 603/1117/2
f 603/1117/2 605/1151/2 607/1159/2
f 607/1159/2 609/1160/2 611/1118/2
f 611/1118/2 613/1163/2 615/1165/2
f 615/1165/2 617/1167/2 619/1119/2
f 619/1119/2 621/1170/2 623/1172/2
f 623/1172/2 625/1174/2 603/1117/2
f 603/1117/2 607/1159/2 611/1118/2
f 611/1118/2 615/1165/2 619/1119/2
f 619/1119/2 623/1172/2 603/1117/2
f 635/1120/258 637/1123/258 610/1121/258
f 637/1123/259 639/2435/259 612/1124/259
f 639/1125/260 641/1128/260 614/1126/260
f 641/1128/300 643/1130/300 616/1129/300
f 643/1130/262 646/1132/262 618/1131/262
f 646/1132/263 648/1134/263 620/1133/263
f 648/1134/301 649/1136/301 622/1135/301
f 649/1136/265 651/2436/265 624/1137/265
f 651/1138/266 653/1141/266 626/1139/266
f 653/1141/267 656/1114/267 627/1116/267
f 634/1156/4 631/1153/4 655/1142/4
f 655/1142/4 654/1196/4 652/1193/4
f 652/1193/4 650/1191/4 647/1143/4
f 647/1143/4 645/1186/4 644/1184/4
f 644/1184/4 642/1182/4 640/1144/4
f 640/1144/4 638/1179/4 636/2437/4
f 636/2437/4 634/1156/4 655/1142/4
f 655/1142/4 652/1193/4 647/1143/4
f 647/1143/4 644/1184/4 640/1144/4
f 640/1144/4 636/2437/4 655/1142/4
f 633/1145/302 635/1120/302 608/1122/302
f 603/1117/21 601/1147/21 604/1149/21
f 605/1151/273 606/1150/273 608/1158/273
f 608/1158/585 610/1161/585 609/1160/585
f 610/1161/303 612/1162/303 611/1118/303
f 612/1162/276 614/1164/276 613/1163/276
f 614/1164/277 616/1166/277 615/1165/277
f 616/1166/278 618/2438/278 617/1167/278
f 617/1167/279 618/2438/279 620/1168/279
f 619/1119/280 620/1168/280 622/1169/280
f 621/1170/281 622/1169/281 624/1171/281
f 623/1172/282 624/1171/282 626/1173/282
f 603/1117/283 628/1188/283 627/1175/283
f 602/1115/284 629/2434/284 630/1176/284
f 631/1153/14 634/1156/14 632/1155/14
f 634/1156/285 636/2437/285 635/1178/285
f 635/1178/305 636/2437/305 638/1179/305
f 637/1180/306 638/1179/306 640/1144/306
f 639/1181/586 640/1144/586 642/1182/586
f 641/1183/289 642/1182/289 644/1184/289
f 643/1185/290 644/1184/290 645/1186/290
f 625/1174/587 626/1173/587 627/1175/587
f 647/1143/292 650/1191/292 649/1189/292
f 650/1191/293 652/1193/293 651/1192/293
f 652/1193/308 654/1196/308 653/1194/308
f 631/1153/295 629/1152/295 656/1195/295
f 645/1186/296 647/1143/296 648/1190/296
f 654/1196/297 655/1142/297 656/1195/297
f 604/1197/298 632/2439/298 633/1145/298
f 630/1198/26 632/2440/26 604/1199/26
f 712/1201/257 685/2441/257 658/1202/257
f 681/1261/2 684/1275/2 659/1204/2
f 659/1204/2 661/1238/2 663/1246/2
f 663/1246/2 665/1247/2 667/1205/2
f 667/1205/2 669/1250/2 671/1252/2
f 671/1252/2 673/1254/2 675/1206/2
f 675/1206/2 677/1257/2 679/1259/2
f 679/1259/2 681/1261/2 659/1204/2
f 659/1204/2 663/1246/2 667/1205/2
f 667/1205/2 671/1252/2 675/1206/2
f 675/1206/2 679/1259/2 659/1204/2
f 691/1207/258 693/1210/258 666/1208/258
f 693/1210/259 695/2442/259 668/1211/259
f 695/1212/260 697/1215/260 670/1213/260
f 697/1215/261 699/1217/261 672/1216/261
f 699/1217/262 702/1219/262 674/1218/262
f 702/1219/263 704/1221/263 676/1220/263
f 704/1221/264 705/1223/264 678/1222/264
f 705/1223/265 707/2443/265 680/1224/265
f 707/1225/266 709/1228/266 682/1226/266
f 709/1228/267 712/1201/267 683/1203/267
f 690/1243/4 687/1240/4 711/1229/4
f 711/1229/4 710/1283/4 708/1280/4
f 708/1280/4 706/1278/4 703/1230/4
f 703/1230/4 701/1273/4 700/1271/4
f 700/1271/4 698/1269/4 696/1231/4
f 696/1231/4 694/1266/4 692/2444/4
f 692/2444/4 690/1243/4 711/1229/4
f 711/1229/4 708/1280/4 703/1230/4
f 703/1230/4 700/1271/4 696/1231/4
f 696/1231/4 692/2444/4 711/1229/4
f 689/1232/268 691/1207/268 664/1209/268
f 659/1204/21 657/1234/21 660/1236/21
f 661/1238/273 662/1237/273 664/1245/273
f 664/1245/274 666/1248/274 665/1247/274
f 666/1248/275 668/1249/275 667/1205/275
f 668/1249/276 670/1251/276 669/1250/276
f 670/1251/277 672/1253/277 671/1252/277
f 672/1253/278 674/2445/278 673/1254/278
f 673/1254/279 674/2445/279 676/1255/279
f 675/1206/280 676/1255/280 678/1256/280
f 677/1257/588 678/1256/588 680/1258/588
f 679/1259/589 680/1258/589 682/1260/589
f 659/1204/283 684/1275/283 683/1262/283
f 658/1202/284 685/2441/284 686/1263/284
f 687/1240/14 690/1243/14 688/1242/14
f 690/1243/285 692/2444/285 691/1265/285
f 691/1265/286 692/2444/286 694/1266/286
f 693/1267/287 694/1266/287 696/1231/287
f 695/1268/288 696/1231/288 698/1269/288
f 697/1270/289 698/1269/289 700/1271/289
f 699/1272/290 700/1271/290 701/1273/290
f 681/1261/291 682/1260/291 683/1262/291
f 703/1230/292 706/1278/292 705/1276/292
f 706/1278/307 708/1280/307 707/1279/307
f 708/1280/294 710/1283/294 709/1281/294
f 687/1240/295 685/1239/295 712/1282/295
f 701/1273/296 703/1230/296 704/1277/296
f 710/1283/297 711/1229/297 712/1282/297
f 660/1284/298 688/2446/298 689/1232/298
f 686/1285/26 688/2447/26 660/1286/26
usemtl MMO_honey
f 89/130/1 74/131/1 87/132/1
f 95/133/2 86/134/2 93/135/2
f 82/136/3 88/137/3 94/138/3
f 78/139/4 80/140/4 75/141/4
f 83/142/5 92/143/5 81/144/5
f 73/145/6 74/146/6 75/141/6
f 76/147/7 77/148/7 78/139/7
f 79/149/8 80/140/8 81/150/8
f 82/151/9 83/152/9 84/153/9
f 85/154/10 86/134/10 87/155/10
f 88/156/11 89/157/11 90/158/11
f 91/159/12 92/160/12 93/135/12
f 94/161/13 95/133/13 96/162/13
f 73/145/14 80/140/14 79/149/14
f 76/147/15 75/141/15 74/146/15
f 82/151/16 78/139/16 77/148/16
f 81/150/17 84/153/17 83/152/17
f 79/163/18 92/164/18 91/165/18
f 94/166/19 83/142/19 82/167/19
f 93/135/20 96/162/20 95/133/20
f 91/159/21 86/134/21 85/154/21
f 88/156/22 95/133/22 94/161/22
f 87/155/23 90/158/23 89/157/23
f 85/168/24 74/169/24 73/170/24
f 77/171/25 89/130/25 88/172/25
f 91/165/26 73/170/26 79/163/26
f 113/173/1 98/174/1 111/175/1
f 119/176/2 110/177/2 117/178/2
f 106/179/3 112/180/3 118/181/3
f 102/182/4 104/183/4 99/184/4
f 107/185/5 116/186/5 105/187/5
f 97/188/6 98/189/6 99/184/6
f 100/190/7 101/191/7 102/182/7
f 103/192/8 104/183/8 105/193/8
f 106/194/27 107/195/27 108/196/27
f 109/197/10 110/177/10 111/198/10
f 112/199/11 113/200/11 114/201/11
f 115/202/12 116/203/12 117/178/12
f 118/204/13 119/176/13 120/205/13
f 97/188/14 104/183/14 103/192/14
f 100/190/15 99/184/15 98/189/15
f 106/194/16 102/182/16 101/191/16
f 105/193/17 108/196/17 107/195/17
f 103/206/18 116/207/18 115/208/18
f 118/209/19 107/185/19 106/210/19
f 117/178/20 120/205/20 119/176/20
f 115/202/21 110/177/21 109/197/21
f 112/199/22 119/176/22 118/204/22
f 111/198/23 114/201/23 113/200/23
f 109/211/24 98/212/24 97/213/24
f 101/214/25 113/173/25 112/215/25
f 115/208/26 97/213/26 103/206/26
f 185/302/1 170/303/1 183/304/1
f 191/305/2 182/306/2 189/307/2
f 178/308/3 184/309/3 190/310/3
f 174/311/4 176/312/4 171/313/4
f 179/314/5 188/315/5 177/316/5
f 169/317/6 170/318/6 171/313/6
f 172/319/7 173/320/7 174/311/7
f 175/321/8 176/312/8 177/322/8
f 178/323/9 179/324/9 180/325/9
f 181/326/10 182/306/10 183/327/10
f 184/328/11 185/329/11 186/330/11
f 187/331/12 188/332/12 189/307/12
f 190/333/13 191/305/13 192/334/13
f 169/317/14 176/312/14 175/321/14
f 172/319/15 171/313/15 170/318/15
f 178/323/16 174/311/16 173/320/16
f 177/322/17 180/325/17 179/324/17
f 175/335/18 188/336/18 187/337/18
f 190/338/19 179/314/19 178/339/19
f 189/307/20 192/334/20 191/305/20
f 187/331/21 182/306/21 181/326/21
f 184/328/22 191/305/22 190/333/22
f 183/327/23 186/330/23 185/329/23
f 181/340/24 170/341/24 169/342/24
f 173/343/25 185/302/25 184/344/25
f 187/337/26 169/342/26 175/335/26
f 209/345/1 194/346/1 207/347/1
f 215/348/2 206/349/2 213/350/2
f 202/351/3 208/352/3 214/353/3
f 198/354/4 200/355/4 195/356/4
f 203/357/5 212/358/5 201/359/5
f 193/360/6 194/361/6 195/356/6
f 196/362/7 197/363/7 198/354/7
f 199/364/8 200/355/8 201/365/8
f 202/366/9 203/367/9 204/368/9
f 205/369/10 206/349/10 207/370/10
f 208/371/11 209/372/11 210/373/11
f 211/374/12 212/375/12 213/350/12
f 214/376/13 215/348/13 216/377/13
f 193/360/14 200/355/14 199/364/14
f 196/362/15 195/356/15 194/361/15
f 202/366/16 198/354/16 197/363/16
f 201/365/17 204/368/17 203/367/17
f 199/378/18 212/379/18 211/380/18
f 214/381/19 203/357/19 202/382/19
f 213/350/20 216/377/20 215/348/20
f 211/374/21 206/349/21 205/369/21
f 208/371/22 215/348/22 214/376/22
f 207/370/23 210/373/23 209/372/23
f 205/383/24 194/384/24 193/385/24
f 197/386/25 209/345/25 208/387/25
f 211/380/26 193/385/26 199/378/26
f 281/474/1 266/475/1 279/476/1
f 287/477/2 278/478/2 285/479/2
f 274/480/3 280/481/3 286/482/3
f 270/483/4 272/484/4 267/485/4
f 275/486/5 284/487/5 273/488/5
f 265/489/6 266/490/6 267/485/6
f 268/491/7 269/492/7 270/483/7
f 271/493/8 272/484/8 273/494/8
f 274/495/9 275/496/9 276/497/9
f 277/498/10 278/478/10 279/499/10
f 280/500/11 281/501/11 282/502/11
f 283/503/12 284/504/12 285/479/12
f 286/505/13 287/477/13 288/506/13
f 265/489/14 272/484/14 271/493/14
f 268/491/15 267/485/15 266/490/15
f 274/495/16 270/483/16 269/492/16
f 273/494/17 276/497/17 275/496/17
f 271/507/18 284/508/18 283/509/18
f 286/510/19 275/486/19 274/511/19
f 285/479/20 288/506/20 287/477/20
f 283/503/21 278/478/21 277/498/21
f 280/500/22 287/477/22 286/505/22
f 279/499/23 282/502/23 281/501/23
f 277/512/24 266/513/24 265/514/24
f 269/515/25 281/474/25 280/516/25
f 283/509/26 265/514/26 271/507/26
f 305/517/1 290/518/1 303/519/1
f 311/520/2 302/521/2 309/522/2
f 298/523/3 304/524/3 310/525/3
f 294/526/4 296/527/4 291/528/4
f 299/529/5 308/530/5 297/531/5
f 289/532/6 290/533/6 291/528/6
f 292/534/7 293/535/7 294/526/7
f 295/536/8 296/527/8 297/537/8
f 298/538/9 299/539/9 300/540/9
f 301/541/10 302/521/10 303/542/10
f 304/543/11 305/544/11 306/545/11
f 307/546/12 308/547/12 309/522/12
f 310/548/13 311/520/13 312/549/13
f 289/532/14 296/527/14 295/536/14
f 292/534/15 291/528/15 290/533/15
f 298/538/16 294/526/16 293/535/16
f 297/537/17 300/540/17 299/539/17
f 295/550/18 308/551/18 307/552/18
f 310/553/19 299/529/19 298/554/19
f 309/522/20 312/549/20 311/520/20
f 307/546/21 302/521/21 301/541/21
f 304/543/22 311/520/22 310/548/22
f 303/542/23 306/545/23 305/544/23
f 301/555/24 290/556/24 289/557/24
f 293/558/25 305/517/25 304/559/25
f 307/552/26 289/557/26 295/550/26
f 406/689/50 386/690/50 396/691/50
f 395/692/2 389/693/2 393/694/2
f 405/695/51 394/696/51 391/697/51
f 407/698/4 402/699/4 399/700/4
f 401/701/52 392/702/52 390/703/52
f 385/704/53 387/705/53 386/706/53
f 388/707/54 390/703/54 389/708/54
f 391/697/55 393/709/55 392/710/55
f 394/711/56 396/691/56 395/712/56
f 397/713/57 399/700/57 398/714/57
f 400/715/58 402/716/58 401/701/58
f 403/717/59 405/695/59 404/718/59
f 406/689/60 408/719/60 407/720/60
f 393/694/61 394/721/61 395/692/61
f 387/705/62 388/722/62 389/693/62
f 389/693/63 392/723/63 393/694/63
f 387/705/64 396/724/64 386/706/64
f 386/725/65 398/726/65 385/727/65
f 399/700/66 400/728/66 398/714/66
f 402/699/67 404/729/67 401/730/67
f 399/700/68 406/731/68 407/698/68
f 388/707/69 401/701/69 390/703/69
f 392/710/70 405/695/70 391/697/70
f 403/732/71 408/733/71 405/734/71
f 394/711/72 406/689/72 396/691/72
f 398/726/73 388/735/73 385/727/73
f 454/786/98 434/787/98 444/788/98
f 443/789/2 437/790/2 441/791/2
f 453/792/99 442/793/99 439/794/99
f 455/795/4 450/796/4 447/797/4
f 449/798/100 440/799/100 438/800/100
f 433/801/101 435/802/101 434/803/101
f 436/804/102 438/805/102 437/790/102
f 439/806/103 441/807/103 440/799/103
f 442/793/104 444/808/104 443/809/104
f 445/810/105 447/797/105 446/811/105
f 448/812/106 450/796/106 449/813/106
f 451/814/107 453/815/107 452/816/107
f 454/817/108 456/818/108 455/819/108
f 441/791/109 442/820/109 443/789/109
f 435/802/110 436/804/110 437/790/110
f 437/790/111 440/821/111 441/791/111
f 435/802/112 444/822/112 434/803/112
f 434/787/113 446/823/113 433/824/113
f 447/797/114 448/812/114 446/811/114
f 450/796/115 452/825/115 449/813/115
f 447/797/116 454/826/116 455/795/116
f 436/827/117 449/828/117 438/829/117
f 440/799/118 453/815/118 439/806/118
f 451/830/119 456/831/119 453/832/119
f 442/793/120 454/817/120 444/808/120
f 446/833/121 436/827/121 433/834/121
f 502/882/5 482/883/5 492/884/5
f 483/885/2 489/886/2 491/887/2
f 501/888/143 490/889/143 487/890/143
f 495/891/4 499/892/4 498/893/4
f 497/894/144 488/895/144 486/896/144
f 481/897/145 483/885/145 482/898/145
f 484/899/146 486/900/146 485/901/146
f 487/890/147 489/902/147 488/903/147
f 490/904/148 492/905/148 491/887/148
f 493/906/149 495/891/149 494/907/149
f 496/908/150 498/893/150 497/909/150
f 499/910/151 501/888/151 500/911/151
f 502/912/152 504/913/152 503/914/152
f 487/915/153 491/887/153 489/886/153
f 481/897/154 485/901/154 483/885/154
f 485/901/155 488/916/155 489/886/155
f 483/885/20 492/905/20 482/898/20
f 482/917/156 494/918/156 481/919/156
f 494/907/157 498/893/157 496/908/157
f 498/893/158 500/920/158 497/909/158
f 495/891/17 502/912/17 503/914/17
f 484/921/159 497/894/159 486/896/159
f 488/903/160 501/888/160 487/890/160
f 501/922/161 503/914/161 504/913/161
f 490/923/162 502/882/162 492/884/162
f 494/918/163 484/924/163 481/919/163
f 550/970/188 530/971/188 540/972/188
f 531/973/2 537/974/2 539/975/2
f 549/976/189 538/977/189 535/978/189
f 543/979/4 547/980/4 546/981/4
f 545/982/190 536/983/190 534/984/190
f 529/985/191 531/986/191 530/987/191
f 532/988/192 534/989/192 533/990/192
f 535/978/193 537/991/193 536/983/193
f 538/992/194 540/972/194 539/993/194
f 541/994/195 543/995/195 542/996/195
f 544/997/196 546/981/196 545/998/196
f 547/999/197 549/976/197 548/1000/197
f 550/970/198 552/1001/198 551/1002/198
f 535/1003/199 539/975/199 537/974/199
f 529/1004/200 533/990/200 531/973/200
f 533/990/201 536/1005/201 537/974/201
f 531/973/202 540/1006/202 530/1007/202
f 530/987/203 542/996/203 529/985/203
f 542/1008/204 546/981/204 544/997/204
f 546/981/205 548/1009/205 545/998/205
f 543/979/206 550/1010/206 551/1011/206
f 532/1012/207 545/1013/207 534/1014/207
f 536/983/208 549/976/208 535/978/208
f 549/1015/209 551/1011/209 552/1016/209
f 538/992/210 550/970/210 540/972/210
f 542/996/211 532/1017/211 529/985/211
f 598/1068/236 578/1069/236 588/1070/236
f 579/1071/2 585/1072/2 587/1073/2
f 597/1074/237 586/1075/237 583/1076/237
f 591/1077/4 595/1078/4 594/1079/4
f 582/1080/26 596/1081/26 584/1082/26
f 577/1083/238 579/1071/238 578/1084/238
f 580/1085/239 582/1086/239 581/1087/239
f 583/1088/240 585/1072/240 584/1089/240
f 586/1075/241 588/1090/241 587/1091/241
f 589/1092/242 591/1077/242 590/1093/242
f 592/1094/243 594/1079/243 593/1095/243
f 595/1078/244 597/1096/244 596/1097/244
f 598/1098/245 600/1099/245 599/1100/245
f 583/1088/246 587/1073/246 585/1072/246
f 577/1083/247 581/1087/247 579/1071/247
f 581/1087/21 584/1089/21 585/1072/21
f 579/1071/248 588/1101/248 578/1084/248
f 578/1069/249 590/1102/249 577/1103/249
f 590/1093/250 594/1079/250 592/1094/250
f 594/1079/14 596/1097/14 593/1095/14
f 591/1077/251 598/1104/251 599/1105/251
f 580/1106/252 593/1107/252 582/1108/252
f 584/1082/253 597/1109/253 583/1110/253
f 597/1096/254 599/1105/254 600/1111/254
f 586/1075/255 598/1098/255 588/1090/255
f 590/1112/256 580/1106/256 577/1113/256
f 89/130/1 76/2322/1 74/131/1
f 95/133/2 90/158/2 86/134/2
f 82/136/3 77/2323/3 88/137/3
f 78/139/4 84/153/4 80/140/4
f 83/142/5 96/2324/5 92/143/5
f 73/145/14 75/141/14 80/140/14
f 76/147/15 78/139/15 75/141/15
f 82/151/16 84/153/16 78/139/16
f 81/150/17 80/140/17 84/153/17
f 79/163/18 81/2325/18 92/164/18
f 94/166/19 96/2324/19 83/142/19
f 93/135/20 92/160/20 96/162/20
f 91/159/21 93/135/21 86/134/21
f 88/156/22 90/158/22 95/133/22
f 87/155/23 86/134/23 90/158/23
f 85/168/24 87/2326/24 74/169/24
f 77/171/25 76/2322/25 89/130/25
f 91/165/26 85/168/26 73/170/26
f 113/173/1 100/2327/1 98/174/1
f 119/176/2 114/201/2 110/177/2
f 106/179/3 101/2328/3 112/180/3
f 102/182/4 108/196/4 104/183/4
f 107/185/5 120/2329/5 116/186/5
f 97/188/14 99/184/14 104/183/14
f 100/190/15 102/182/15 99/184/15
f 106/194/16 108/196/16 102/182/16
f 105/193/17 104/183/17 108/196/17
f 103/206/18 105/2330/18 116/207/18
f 118/209/19 120/2329/19 107/185/19
f 117/178/20 116/203/20 120/205/20
f 115/202/21 117/178/21 110/177/21
f 112/199/22 114/201/22 119/176/22
f 111/198/23 110/177/23 114/201/23
f 109/211/24 111/2331/24 98/212/24
f 101/214/25 100/2327/25 113/173/25
f 115/208/26 109/211/26 97/213/26
f 185/302/1 172/2342/1 170/303/1
f 191/305/2 186/330/2 182/306/2
f 178/308/3 173/2343/3 184/309/3
f 174/311/4 180/325/4 176/312/4
f 179/314/5 192/2344/5 188/315/5
f 169/317/14 171/313/14 176/312/14
f 172/319/15 174/311/15 171/313/15
f 178/323/16 180/325/16 174/311/16
f 177/322/17 176/312/17 180/325/17
f 175/335/18 177/2345/18 188/336/18
f 190/338/19 192/2344/19 179/314/19
f 189/307/20 188/332/20 192/334/20
f 187/331/21 189/307/21 182/306/21
f 184/328/22 186/330/22 191/305/22
f 183/327/23 182/306/23 186/330/23
f 181/340/24 183/2346/24 170/341/24
f 173/343/25 172/2342/25 185/302/25
f 187/337/26 181/340/26 169/342/26
f 209/345/1 196/2347/1 194/346/1
f 215/348/2 210/373/2 206/349/2
f 202/351/3 197/2348/3 208/352/3
f 198/354/4 204/368/4 200/355/4
f 203/357/5 216/2349/5 212/358/5
f 193/360/14 195/356/14 200/355/14
f 196/362/15 198/354/15 195/356/15
f 202/366/16 204/368/16 198/354/16
f 201/365/17 200/355/17 204/368/17
f 199/378/18 201/2350/18 212/379/18
f 214/381/19 216/2349/19 203/357/19
f 213/350/20 212/375/20 216/377/20
f 211/374/21 213/350/21 206/349/21
f 208/371/22 210/373/22 215/348/22
f 207/370/23 206/349/23 210/373/23
f 205/383/24 207/2351/24 194/384/24
f 197/386/25 196/2347/25 209/345/25
f 211/380/26 205/383/26 193/385/26
f 281/474/1 268/2362/1 266/475/1
f 287/477/2 282/502/2 278/478/2
f 274/480/3 269/2363/3 280/481/3
f 270/483/4 276/497/4 272/484/4
f 275/486/5 288/2364/5 284/487/5
f 265/489/14 267/485/14 272/484/14
f 268/491/15 270/483/15 267/485/15
f 274/495/16 276/497/16 270/483/16
f 273/494/17 272/484/17 276/497/17
f 271/507/18 273/2365/18 284/508/18
f 286/510/19 288/2364/19 275/486/19
f 285/479/20 284/504/20 288/506/20
f 283/503/21 285/479/21 278/478/21
f 280/500/22 282/502/22 287/477/22
f 279/499/23 278/478/23 282/502/23
f 277/512/24 279/2366/24 266/513/24
f 269/515/25 268/2362/25 281/474/25
f 283/509/26 277/512/26 265/514/26
f 305/517/1 292/2367/1 290/518/1
f 311/520/2 306/545/2 302/521/2
f 298/523/3 293/2368/3 304/524/3
f 294/526/4 300/540/4 296/527/4
f 299/529/5 312/2369/5 308/530/5
f 289/532/14 291/528/14 296/527/14
f 292/534/15 294/526/15 291/528/15
f 298/538/16 300/540/16 294/526/16
f 297/537/17 296/527/17 300/540/17
f 295/550/18 297/2370/18 308/551/18
f 310/553/19 312/2369/19 299/529/19
f 309/522/20 308/547/20 312/549/20
f 307/546/21 309/522/21 302/521/21
f 304/543/22 306/545/22 311/520/22
f 303/542/23 302/521/23 306/545/23
f 301/555/24 303/2371/24 290/556/24
f 293/558/25 292/2367/25 305/517/25
f 307/552/26 301/555/26 289/557/26
f 406/689/50 397/2389/50 386/690/50
f 395/692/2 387/705/2 389/693/2
f 405/695/51 408/2390/51 394/696/51
f 407/698/4 403/732/4 402/699/4
f 401/701/52 404/2391/52 392/702/52
f 393/694/61 391/2392/61 394/721/61
f 387/705/560 385/704/560 388/722/560
f 389/693/561 390/2393/561 392/723/561
f 387/705/64 395/692/64 396/724/64
f 386/725/65 397/2394/65 398/726/65
f 399/700/562 402/699/562 400/728/562
f 402/699/67 403/732/67 404/729/67
f 399/700/68 397/713/68 406/731/68
f 388/707/69 400/715/69 401/701/69
f 392/710/70 404/718/70 405/695/70
f 403/732/71 407/698/71 408/733/71
f 394/711/72 408/719/72 406/689/72
f 398/726/73 400/2395/73 388/735/73
f 454/786/98 445/2400/98 434/787/98
f 443/789/2 435/802/2 437/790/2
f 453/792/99 456/818/99 442/793/99
f 455/795/4 451/830/4 450/796/4
f 449/798/100 452/816/100 440/799/100
f 441/791/109 439/2401/109 442/820/109
f 435/802/110 433/801/110 436/804/110
f 437/790/566 438/805/566 440/821/566
f 435/802/112 443/789/112 444/822/112
f 434/787/113 445/2400/113 446/823/113
f 447/797/114 450/796/114 448/812/114
f 450/796/567 451/830/567 452/825/567
f 447/797/116 445/810/116 454/826/116
f 436/827/117 448/2402/117 449/828/117
f 440/799/118 452/816/118 453/815/118
f 451/830/119 455/795/119 456/831/119
f 442/793/120 456/818/120 454/817/120
f 446/833/121 448/2402/121 436/827/121
f 502/882/5 493/2406/5 482/883/5
f 483/885/2 485/901/2 489/886/2
f 501/888/143 504/2407/143 490/889/143
f 495/891/4 503/914/4 499/892/4
f 497/894/144 500/2408/144 488/895/144
f 487/915/153 490/904/153 491/887/153
f 481/897/154 484/899/154 485/901/154
f 485/901/568 486/900/568 488/916/568
f 483/885/20 491/887/20 492/905/20
f 482/917/156 493/2409/156 494/918/156
f 494/907/157 495/891/157 498/893/157
f 498/893/569 499/892/569 500/920/569
f 495/891/17 493/906/17 502/912/17
f 484/921/159 496/2410/159 497/894/159
f 488/903/160 500/911/160 501/888/160
f 501/922/161 499/892/161 503/914/161
f 490/923/162 504/2411/162 502/882/162
f 494/918/163 496/2412/163 484/924/163
f 550/970/188 541/2420/188 530/971/188
f 531/973/2 533/990/2 537/974/2
f 549/976/189 552/2421/189 538/977/189
f 543/979/4 551/1011/4 547/980/4
f 545/982/190 548/1000/190 536/983/190
f 535/1003/199 538/2422/199 539/975/199
f 529/1004/574 532/988/574 533/990/574
f 533/990/575 534/989/575 536/1005/575
f 531/973/202 539/975/202 540/1006/202
f 530/987/203 541/994/203 542/996/203
f 542/1008/576 543/979/576 546/981/576
f 546/981/577 547/980/577 548/1009/577
f 543/979/206 541/2423/206 550/1010/206
f 532/1012/207 544/2424/207 545/1013/207
f 536/983/208 548/1000/208 549/976/208
f 549/1015/209 547/980/209 551/1011/209
f 538/992/210 552/1001/210 550/970/210
f 542/996/211 544/2425/211 532/1017/211
f 598/1068/236 589/2430/236 578/1069/236
f 579/1071/2 581/1087/2 585/1072/2
f 597/1074/237 600/1099/237 586/1075/237
f 591/1077/4 599/1105/4 595/1078/4
f 582/1080/26 593/2431/26 596/1081/26
f 583/1088/581 586/2432/581 587/1073/581
f 577/1083/247 580/1085/247 581/1087/247
f 581/1087/21 582/1086/21 584/1089/21
f 579/1071/248 587/1073/248 588/1101/248
f 578/1069/249 589/2430/249 590/1102/249
f 590/1093/250 591/1077/250 594/1079/250
f 594/1079/14 595/1078/14 596/1097/14
f 591/1077/251 589/1092/251 598/1104/251
f 580/1106/582 592/2433/582 593/1107/582
f 584/1082/583 596/1081/583 597/1109/583
f 597/1096/584 595/1078/584 599/1105/584
f 586/1075/255 600/1099/255 598/1098/255
f 590/1112/256 592/2433/256 580/1106/256
usemtl MMO_iron
f 729/1288/1 714/1289/1 727/1290/1
f 735/1291/2 726/1292/2 733/1293/2
f 722/1294/3 728/1295/3 734/1296/3
f 718/1297/4 720/1298/4 715/1299/4
f 723/1300/5 732/1301/5 721/1302/5
f 713/1303/6 714/1304/6 715/1299/6
f 716/1305/7 717/1306/7 718/1297/7
f 719/1307/8 720/1298/8 721/1308/8
f 722/1309/9 723/1310/9 724/1311/9
f 725/1312/10 726/1292/10 727/1313/10
f 728/1314/11 729/1315/11 730/1316/11
f 731/1317/12 732/1318/12 733/1293/12
f 734/1319/13 735/1291/13 736/1320/13
f 713/1303/14 720/1298/14 719/1307/14
f 716/1305/15 715/1299/15 714/1304/15
f 722/1309/16 718/1297/16 717/1306/16
f 721/1308/17 724/1311/17 723/1310/17
f 719/1321/18 732/1322/18 731/1323/18
f 734/1324/19 723/1300/19 722/1325/19
f 733/1293/20 736/1320/20 735/1291/20
f 731/1317/21 726/1292/21 725/1312/21
f 728/1314/22 735/1291/22 734/1319/22
f 727/1313/23 730/1316/23 729/1315/23
f 725/1326/24 714/1327/24 713/1328/24
f 717/1329/25 729/1288/25 728/1330/25
f 731/1323/26 713/1328/26 719/1321/26
f 753/1331/1 738/1332/1 751/1333/1
f 759/1334/2 750/1335/2 757/1336/2
f 746/1337/3 752/1338/3 758/1339/3
f 742/1340/4 744/1341/4 739/1342/4
f 747/1343/5 756/1344/5 745/1345/5
f 737/1346/6 738/1347/6 739/1342/6
f 740/1348/7 741/1349/7 742/1340/7
f 743/1350/8 744/1341/8 745/1351/8
f 746/1352/9 747/1353/9 748/1354/9
f 749/1355/10 750/1335/10 751/1356/10
f 752/1357/11 753/1358/11 754/1359/11
f 755/1360/12 756/1361/12 757/1336/12
f 758/1362/13 759/1334/13 760/1363/13
f 737/1346/14 744/1341/14 743/1350/14
f 740/1348/15 739/1342/15 738/1347/15
f 746/1352/16 742/1340/16 741/1349/16
f 745/1351/17 748/1354/17 747/1353/17
f 743/1364/18 756/1365/18 755/1366/18
f 758/1367/19 747/1343/19 746/1368/19
f 757/1336/20 760/1363/20 759/1334/20
f 755/1360/21 750/1335/21 749/1355/21
f 752/1357/22 759/1334/22 758/1362/22
f 751/1356/23 754/1359/23 753/1358/23
f 749/1369/24 738/1370/24 737/1371/24
f 741/1372/25 753/1331/25 752/1373/25
f 755/1366/26 737/1371/26 743/1364/26
s 1
f 761/1374/310 764/1375/311 763/1376/312
f 763/1377/312 766/1378/313 765/1379/314
f 765/1380/314 768/1381/315 767/1382/316
f 768/1381/315 769/1383/317 767/1382/316
s 0
f 762/1384/318 770/1385/318 766/1386/318
s 1
f 770/1387/319 771/1388/320 769/1389/317
f 772/1390/321 761/1374/310 771/1391/320
s 0
f 763/1392/322 767/1393/322 771/1394/322
s 1
f 773/1395/323 776/1396/324 775/1397/325
f 775/1398/325 778/1399/326 777/1400/327
f 777/1401/327 780/1402/328 779/1403/329
f 780/1402/328 781/1404/330 779/1403/329
s 0
f 774/1405/331 782/1406/331 778/1407/331
s 1
f 782/1408/332 783/1409/333 781/1410/330
f 784/1411/334 773/1395/323 783/1412/333
s 0
f 775/1413/335 779/1414/335 783/1415/335
s 1
f 785/1416/336 788/1417/337 787/1418/338
f 787/1419/338 790/1420/339 789/1421/340
f 789/1422/340 792/1423/341 791/1424/342
f 792/1423/341 793/1425/343 791/1424/342
s 0
f 786/1426/344 794/1427/344 790/1428/344
s 1
f 794/1429/345 795/1430/346 793/1431/343
f 796/1432/347 785/1416/336 795/1433/346
s 0
f 787/1434/348 791/1435/348 795/1436/348
s 1
f 797/1437/349 800/1438/350 799/1439/351
f 799/1440/351 802/1441/352 801/1442/353
f 801/1443/353 804/1444/354 803/1445/355
f 804/1444/354 805/1446/356 803/1445/355
s 0
f 798/1447/357 806/1448/357 802/1449/357
s 1
f 806/1450/358 807/1451/359 805/1452/356
f 808/1453/360 797/1437/349 807/1454/359
s 0
f 799/1455/361 803/1456/361 807/1457/361
s 1
f 809/1458/362 812/1459/363 811/1460/364
f 811/1461/364 814/1462/365 813/1463/366
f 813/1464/366 816/1465/367 815/1466/368
f 816/1465/367 817/1467/369 815/1466/368
s 0
f 810/1468/370 818/1469/370 814/1470/370
s 1
f 818/1471/371 819/1472/372 817/1473/369
f 820/1474/373 809/1458/362 819/1475/372
s 0
f 811/1476/374 815/1477/374 819/1478/374
s 1
f 822/1479/375 823/1480/376 821/1481/377
f 824/1482/378 825/1483/379 823/1484/376
f 826/1485/380 827/1486/381 825/1487/379
f 827/1486/381 830/1488/382 829/1489/383
s 0
f 822/1490/384 830/1491/384 826/1492/384
s 1
f 829/1493/383 832/1494/385 831/1495/386
f 831/1496/386 822/1479/375 821/1481/377
s 0
f 823/1497/387 827/1498/387 831/1499/387
s 1
f 834/1500/388 835/1501/389 833/1502/390
f 836/1503/391 837/1504/392 835/1505/389
f 838/1506/393 839/1507/394 837/1508/392
f 839/1507/394 842/1509/395 841/1510/396
s 0
f 834/1511/397 842/1512/397 838/1513/397
s 1
f 841/1514/396 844/1515/398 843/1516/399
f 843/1517/399 834/1500/388 833/1502/390
s 0
f 835/1518/400 839/1519/400 843/1520/400
s 1
f 846/1521/401 847/1522/402 845/1523/403
f 848/1524/404 849/1525/405 847/1526/402
f 850/1527/406 851/1528/407 849/1529/405
f 851/1528/407 854/1530/408 853/1531/409
s 0
f 846/1532/410 854/1533/410 850/1534/410
s 1
f 853/1535/409 856/1536/411 855/1537/412
f 855/1538/412 846/1521/401 845/1523/403
s 0
f 847/1539/413 851/1540/413 855/1541/413
s 1
f 858/1542/414 859/1543/415 857/1544/416
f 860/1545/417 861/1546/418 859/1547/415
f 862/1548/419 863/1549/420 861/1550/418
f 863/1549/420 866/1551/421 865/1552/422
s 0
f 858/1553/423 866/1554/423 862/1555/423
s 1
f 865/1556/422 868/1557/424 867/1558/425
f 867/1559/425 858/1542/414 857/1544/416
s 0
f 859/1560/426 863/1561/426 867/1562/426
s 1
f 870/1563/427 871/1564/428 869/1565/429
f 872/1566/430 873/1567/431 871/1568/428
f 874/1569/432 875/1570/433 873/1571/431
f 875/1570/433 878/1572/434 877/1573/435
s 0
f 870/1574/436 878/1575/436 874/1576/436
s 1
f 877/1577/435 880/1578/437 879/1579/438
f 879/1580/438 870/1563/427 869/1565/429
s 0
f 871/1581/439 875/1582/439 879/1583/439
f 897/1584/1 882/1585/1 895/1586/1
f 903/1587/2 894/1588/2 901/1589/2
f 890/1590/3 896/1591/3 902/1592/3
f 886/1593/4 888/1594/4 883/1595/4
f 891/1596/5 900/1597/5 889/1598/5
f 881/1599/6 882/1600/6 883/1595/6
f 884/1601/7 885/1602/7 886/1593/7
f 887/1603/8 888/1594/8 889/1604/8
f 890/1605/9 891/1606/9 892/1607/9
f 893/1608/10 894/1588/10 895/1609/10
f 896/1610/11 897/1611/11 898/1612/11
f 899/1613/12 900/1614/12 901/1589/12
f 902/1615/13 903/1587/13 904/1616/13
f 881/1599/14 888/1594/14 887/1603/14
f 884/1601/15 883/1595/15 882/1600/15
f 890/1605/16 886/1593/16 885/1602/16
f 889/1604/17 892/1607/17 891/1606/17
f 887/1617/18 900/1618/18 899/1619/18
f 902/1620/19 891/1596/19 890/1621/19
f 901/1589/20 904/1616/20 903/1587/20
f 899/1613/21 894/1588/21 893/1608/21
f 896/1610/22 903/1587/22 902/1615/22
f 895/1609/23 898/1612/23 897/1611/23
f 893/1622/24 882/1623/24 881/1624/24
f 885/1625/25 897/1584/25 896/1626/25
f 899/1619/26 881/1624/26 887/1617/26
f 921/1627/1 906/1628/1 919/1629/1
f 927/1630/2 918/1631/2 925/1632/2
f 914/1633/3 920/1634/3 926/1635/3
f 910/1636/4 912/1637/4 907/1638/4
f 915/1639/5 924/1640/5 913/1641/5
f 905/1642/6 906/1643/6 907/1638/6
f 908/1644/7 909/1645/7 910/1636/7
f 911/1646/8 912/1637/8 913/1647/8
f 914/1648/9 915/1649/9 916/1650/9
f 917/1651/10 918/1631/10 919/1652/10
f 920/1653/11 921/1654/11 922/1655/11
f 923/1656/12 924/1657/12 925/1632/12
f 926/1658/13 927/1630/13 928/1659/13
f 905/1642/14 912/1637/14 911/1646/14
f 908/1644/15 907/1638/15 906/1643/15
f 914/1648/16 910/1636/16 909/1645/16
f 913/1647/17 916/1650/17 915/1649/17
f 911/1660/18 924/1661/18 923/1662/18
f 926/1663/19 915/1639/19 914/1664/19
f 925/1632/20 928/1659/20 927/1630/20
f 923/1656/21 918/1631/21 917/1651/21
f 920/1653/22 927/1630/22 926/1658/22
f 919/1652/23 922/1655/23 921/1654/23
f 917/1665/24 906/1666/24 905/1667/24
f 909/1668/25 921/1627/25 920/1669/25
f 923/1662/26 905/1667/26 911/1660/26
s 1
f 929/1670/310 932/1671/311 931/1672/312
f 931/1673/312 934/1674/313 933/1675/314
f 933/1676/314 936/1677/315 935/1678/316
f 936/1677/315 937/1679/317 935/1678/316
s 0
f 930/1680/318 938/1681/318 934/1682/318
s 1
f 938/1683/319 939/1684/320 937/1685/317
f 940/1686/321 929/1670/310 939/1687/320
s 0
f 931/1688/322 935/1689/322 939/1690/322
s 1
f 941/1691/323 944/1692/324 943/1693/325
f 943/1694/325 946/1695/326 945/1696/327
f 945/1697/327 948/1698/328 947/1699/329
f 948/1698/328 949/1700/330 947/1699/329
s 0
f 942/1701/331 950/1702/331 946/1703/331
s 1
f 950/1704/332 951/1705/333 949/1706/330
f 952/1707/334 941/1691/323 951/1708/333
s 0
f 943/1709/335 947/1710/335 951/1711/335
s 1
f 953/1712/336 956/1713/337 955/1714/338
f 955/1715/338 958/1716/339 957/1717/340
f 957/1718/340 960/1719/341 959/1720/342
f 960/1719/341 961/1721/343 959/1720/342
s 0
f 954/1722/344 962/1723/344 958/1724/344
s 1
f 962/1725/345 963/1726/346 961/1727/343
f 964/1728/347 953/1712/336 963/1729/346
s 0
f 955/1730/348 959/1731/348 963/1732/348
s 1
f 965/1733/349 968/1734/350 967/1735/440
f 967/1736/440 970/1737/441 969/1738/353
f 969/1739/353 972/1740/354 971/1741/355
f 972/1740/354 973/1742/356 971/1741/355
s 0
f 966/1743/357 974/1744/357 970/1745/357
s 1
f 974/1746/358 975/1747/442 973/1748/356
f 976/1749/360 965/1733/349 975/1750/442
s 0
f 967/1751/361 971/1752/361 975/1753/361
s 1
f 977/1754/362 980/1755/363 979/1756/364
f 979/1757/364 982/1758/365 981/1759/366
f 981/1760/366 984/1761/367 983/1762/368
f 984/1761/367 985/1763/369 983/1762/368
s 0
f 978/1764/370 986/1765/370 982/1766/370
s 1
f 986/1767/371 987/1768/372 985/1769/369
f 988/1770/373 977/1754/362 987/1771/372
s 0
f 979/1772/374 983/1773/374 987/1774/374
s 1
f 990/1775/375 991/1776/376 989/1777/377
f 992/1778/378 993/1779/379 991/1780/376
f 994/1781/380 995/1782/381 993/1783/379
f 995/1782/381 998/1784/382 997/1785/383
s 0
f 990/1786/384 998/1787/384 994/1788/384
s 1
f 997/1789/383 1000/1790/385 999/1791/386
f 999/1792/386 990/1775/375 989/1777/377
s 0
f 991/1793/387 995/1794/387 999/1795/387
s 1
f 1002/1796/388 1003/1797/389 1001/1798/390
f 1004/1799/391 1005/1800/392 1003/1801/389
f 1006/1802/393 1007/1803/394 1005/1804/392
f 1007/1803/394 1010/1805/395 1009/1806/396
s 0
f 1002/1807/397 1010/1808/397 1006/1809/397
s 1
f 1009/1810/396 1012/1811/443 1011/1812/399
f 1011/1813/399 1002/1796/388 1001/1798/390
s 0
f 1003/1814/400 1007/1815/400 1011/1816/400
s 1
f 1014/1817/401 1015/1818/402 1013/1819/403
f 1016/1820/404 1017/1821/405 1015/1822/402
f 1018/1823/406 1019/1824/407 1017/1825/405
f 1019/1824/407 1022/1826/408 1021/1827/409
s 0
f 1014/1828/410 1022/1829/410 1018/1830/410
s 1
f 1021/1831/409 1024/1832/411 1023/1833/412
f 1023/1834/412 1014/1817/401 1013/1819/403
s 0
f 1015/1835/413 1019/1836/413 1023/1837/413
s 1
f 1026/1838/414 1027/1839/415 1025/1840/416
f 1028/1841/417 1029/1842/418 1027/1843/415
f 1030/1844/419 1031/1845/420 1029/1846/418
f 1031/1845/420 1034/1847/421 1033/1848/422
s 0
f 1026/1849/423 1034/1850/423 1030/1851/423
s 1
f 1033/1852/422 1036/1853/424 1035/1854/425
f 1035/1855/425 1026/1838/414 1025/1840/416
s 0
f 1027/1856/426 1031/1857/426 1035/1858/426
s 1
f 1038/1859/427 1039/1860/428 1037/1861/429
f 1040/1862/430 1041/1863/431 1039/1864/428
f 1042/1865/432 1043/1866/433 1041/1867/431
f 1043/1866/433 1046/1868/434 1045/1869/435
s 0
f 1038/1870/436 1046/1871/436 1042/1872/436
s 1
f 1045/1873/435 1048/1874/437 1047/1875/438
f 1047/1876/438 1038/1859/427 1037/1861/429
s 0
f 1039/1877/439 1043/1878/439 1047/1879/439
s 1
f 1073/1923/2 1080/1924/444 1074/1925/445
f 1074/1926/445 1081/1927/446 1075/1928/447
f 1075/1929/447 1082/1930/448 1076/1931/4
f 1082/1930/448 1077/1932/449 1076/1931/4
f 1083/1933/450 1078/1934/451 1077/1935/449
f 1084/1936/452 1073/1923/2 1078/1937/451
f 1079/1938/453 1086/1939/454 1080/1924/444
f 1080/1940/444 1087/1941/455 1081/1927/446
f 1081/1942/446 1088/1943/456 1082/1930/448
f 1088/1943/456 1083/1944/450 1082/1930/448
f 1089/1945/457 1084/1946/452 1083/1933/450
f 1090/1947/458 1079/1938/453 1084/1936/452
f 1085/1948/459 1092/1949/460 1086/1939/454
f 1086/1950/454 1093/1951/461 1087/1941/455
f 1087/1952/455 1094/1953/462 1088/1943/456
f 1094/1953/462 1089/1954/457 1088/1943/456
f 1095/1955/463 1090/1956/458 1089/1945/457
f 1096/1957/464 1085/1948/459 1090/1947/458
f 1091/1958/465 1098/1959/466 1092/1960/460
f 1092/1961/460 1099/1962/467 1093/1951/461
f 1093/1963/461 1100/1964/468 1094/1965/462
f 1100/1964/468 1095/1966/463 1094/1965/462
f 1101/1967/469 1096/1968/464 1095/1955/463
f 1102/1969/470 1091/1958/465 1096/1970/464
f 1097/1971/471 1104/1972/472 1098/1959/466
f 1098/1973/466 1105/1974/473 1099/1962/467
f 1099/1975/467 1106/1976/26 1100/1964/468
f 1106/1976/26 1101/1977/469 1100/1964/468
f 1107/1978/474 1102/1979/470 1101/1967/469
f 1108/1980/475 1097/1971/471 1102/1969/470
f 1109/1981/476 1104/1972/472 1103/1982/3
f 1110/1983/477 1105/1974/473 1104/1984/472
f 1111/1985/478 1106/1976/26 1105/1986/473
f 1106/1976/26 1113/1987/479 1107/1988/474
f 1107/1978/474 1114/1989/480 1108/1990/475
f 1108/1980/475 1109/1981/476 1103/1982/3
f 1115/1991/481 1110/1992/477 1109/1981/476
f 1116/1993/482 1111/1994/478 1110/1983/477
f 1117/1995/483 1112/1996/484 1111/1985/478
f 1112/1996/484 1119/1997/485 1113/1987/479
f 1113/1998/479 1120/1999/486 1114/1989/480
f 1114/2000/480 1115/1991/481 1109/1981/476
f 1121/2001/487 1116/2002/482 1115/2003/481
f 1122/2004/488 1117/2005/483 1116/1993/482
f 1123/2006/489 1118/2007/490 1117/2008/483
f 1118/2007/490 1125/2009/491 1119/2010/485
f 1119/2011/485 1126/2012/492 1120/1999/486
f 1120/2013/486 1121/2001/487 1115/2003/481
f 1127/2014/493 1122/2015/488 1121/2001/487
f 1128/2016/494 1123/2017/489 1122/2004/488
f 1129/2018/495 1124/2019/496 1123/2006/489
f 1124/2019/496 1131/2020/497 1125/2009/491
f 1125/2021/491 1132/2022/498 1126/2012/492
f 1126/2023/492 1127/2014/493 1121/2001/487
f 1133/2024/4 1128/2025/494 1127/2014/493
f 1134/2026/499 1129/2027/495 1128/2016/494
f 1135/2028/500 1130/2029/501 1129/2018/495
f 1130/2029/501 1137/2030/502 1131/2020/497
f 1131/2031/497 1138/2032/503 1132/2022/498
f 1132/2033/498 1133/2024/4 1127/2014/493
f 1133/2024/4 1140/2034/504 1134/2035/499
f 1134/2026/499 1141/2036/505 1135/2037/500
f 1135/2028/500 1142/2038/506 1136/2039/2
f 1142/2038/506 1137/2030/502 1136/2039/2
f 1143/2040/507 1138/2032/503 1137/2041/502
f 1144/2042/508 1133/2024/4 1138/2043/503
f 1139/2044/509 1146/2045/510 1140/2034/504
f 1140/2046/504 1147/2047/511 1141/2036/505
f 1141/2048/505 1148/2049/512 1142/2038/506
f 1148/2049/512 1143/2050/507 1142/2038/506
f 1149/2051/513 1144/2052/508 1143/2040/507
f 1150/2053/514 1139/2044/509 1144/2042/508
f 1145/2054/515 1152/2055/516 1146/2045/510
f 1146/2056/510 1153/2057/517 1147/2047/511
f 1147/2058/511 1154/2059/518 1148/2049/512
f 1154/2059/518 1149/2060/513 1148/2049/512
f 1155/2061/519 1150/2062/514 1149/2051/513
f 1156/2063/520 1145/2054/515 1150/2053/514
f 1151/2064/521 1158/2065/522 1152/2066/516
f 1152/2067/516 1159/2068/523 1153/2057/517
f 1153/2069/517 1160/2070/524 1154/2071/518
f 1160/2070/524 1155/2072/519 1154/2071/518
f 1161/2073/525 1156/2074/520 1155/2061/519
f 1162/2075/526 1151/2064/521 1156/2076/520
f 1157/2077/527 1164/2078/528 1158/2065/522
f 1158/2079/522 1165/2080/529 1159/2068/523
f 1159/2081/523 1166/2082/3 1160/2070/524
f 1166/2082/3 1161/2083/525 1160/2070/524
f 1167/2084/530 1162/2085/526 1161/2073/525
f 1168/2086/531 1157/2077/527 1162/2075/526
f 1169/2087/532 1164/2078/528 1163/2088/26
f 1170/2089/533 1165/2080/529 1164/2090/528
f 1171/2091/534 1166/2082/3 1165/2092/529
f 1166/2082/3 1173/2093/535 1167/2094/530
f 1167/2084/530 1174/2095/536 1168/2096/531
f 1168/2086/531 1169/2087/532 1163/2088/26
f 1175/2097/537 1170/2098/533 1169/2087/532
f 1176/2099/538 1171/2100/534 1170/2089/533
f 1177/2101/539 1172/2102/540 1171/2091/534
f 1172/2102/540 1179/2103/541 1173/2093/535
f 1173/2104/535 1180/2105/542 1174/2095/536
f 1174/2106/536 1175/2097/537 1169/2087/532
f 1181/2107/543 1176/2108/538 1175/2109/537
f 1182/2110/544 1177/2111/539 1176/2099/538
f 1183/2112/545 1178/2113/546 1177/2114/539
f 1178/2113/546 1185/2115/547 1179/2116/541
f 1179/2117/541 1186/2118/548 1180/2105/542
f 1180/2119/542 1181/2107/543 1175/2109/537
f 1187/2120/549 1182/2121/544 1181/2107/543
f 1188/2122/550 1183/2123/545 1182/2110/544
f 1189/2124/551 1184/2125/552 1183/2112/545
f 1184/2125/552 1191/2126/553 1185/2115/547
f 1185/2127/547 1192/2128/554 1186/2118/548
f 1186/2129/548 1187/2120/549 1181/2107/543
f 1073/1923/2 1188/2130/550 1187/2120/549
f 1074/1926/445 1189/2131/551 1188/2122/550
f 1075/1929/447 1190/2132/555 1189/2124/551
f 1190/2132/555 1077/1932/449 1191/2126/553
f 1191/2133/553 1078/1934/451 1192/2128/554
f 1192/2134/554 1073/1923/2 1187/2120/549
s 0
f 729/1288/1 716/2448/1 714/1289/1
f 735/1291/2 730/1316/2 726/1292/2
f 722/1294/3 717/2449/3 728/1295/3
f 718/1297/4 724/1311/4 720/1298/4
f 723/1300/5 736/2450/5 732/1301/5
f 713/1303/14 715/1299/14 720/1298/14
f 716/1305/15 718/1297/15 715/1299/15
f 722/1309/16 724/1311/16 718/1297/16
f 721/1308/17 720/1298/17 724/1311/17
f 719/1321/18 721/2451/18 732/1322/18
f 734/1324/19 736/2450/19 723/1300/19
f 733/1293/20 732/1318/20 736/1320/20
f 731/1317/21 733/1293/21 726/1292/21
f 728/1314/22 730/1316/22 735/1291/22
f 727/1313/23 726/1292/23 730/1316/23
f 725/1326/24 727/2452/24 714/1327/24
f 717/1329/25 716/2448/25 729/1288/25
f 731/1323/26 725/1326/26 713/1328/26
f 753/1331/1 740/2453/1 738/1332/1
f 759/1334/2 754/1359/2 750/1335/2
f 746/1337/3 741/2454/3 752/1338/3
f 742/1340/4 748/1354/4 744/1341/4
f 747/1343/5 760/2455/5 756/1344/5
f 737/1346/14 739/1342/14 744/1341/14
f 740/1348/15 742/1340/15 739/1342/15
f 746/1352/16 748/1354/16 742/1340/16
f 745/1351/17 744/1341/17 748/1354/17
f 743/1364/18 745/2456/18 756/1365/18
f 758/1367/19 760/2455/19 747/1343/19
f 757/1336/20 756/1361/20 760/1363/20
f 755/1360/21 757/1336/21 750/1335/21
f 752/1357/22 754/1359/22 759/1334/22
f 751/1356/23 750/1335/23 754/1359/23
f 749/1369/24 751/2457/24 738/1370/24
f 741/1372/25 740/2453/25 753/1331/25
f 755/1366/26 749/1369/26 737/1371/26
s 1
f 761/1374/310 762/2458/590 764/1375/311
f 763/1377/312 764/2459/311 766/1378/313
f 765/1380/314 766/2460/313 768/1381/315
f 768/1381/315 770/2461/319 769/1383/317
s 0
f 766/1386/318 764/2462/318 762/1384/318
f 762/1384/318 772/2463/318 770/1385/318
f 770/1385/318 768/2464/318 766/1386/318
s 1
f 770/1387/319 772/2465/321 771/1388/320
f 772/1390/321 762/2458/590 761/1374/310
s 0
f 771/1394/322 761/2466/322 763/1392/322
f 763/1392/322 765/2467/322 767/1393/322
f 767/1393/322 769/2468/322 771/1394/322
s 1
f 773/1395/323 774/2469/591 776/1396/324
f 775/1398/325 776/2470/324 778/1399/326
f 777/1401/327 778/2471/326 780/1402/328
f 780/1402/328 782/2472/332 781/1404/330
s 0
f 778/1407/331 776/2473/331 774/1405/331
f 774/1405/331 784/2474/331 782/1406/331
f 782/1406/331 780/2475/331 778/1407/331
s 1
f 782/1408/332 784/2476/334 783/1409/333
f 784/1411/334 774/2469/591 773/1395/323
s 0
f 783/1415/335 773/2477/335 775/1413/335
f 775/1413/335 777/2478/335 779/1414/335
f 779/1414/335 781/2479/335 783/1415/335
s 1
f 785/1416/336 786/2480/592 788/1417/337
f 787/1419/338 788/2481/337 790/1420/339
f 789/1422/340 790/2482/339 792/1423/341
f 792/1423/341 794/2483/345 793/1425/343
s 0
f 790/1428/344 788/2484/344 786/1426/344
f 786/1426/344 796/2485/344 794/1427/344
f 794/1427/344 792/2486/344 790/1428/344
s 1
f 794/1429/345 796/2487/347 795/1430/346
f 796/1432/347 786/2480/592 785/1416/336
s 0
f 795/1436/348 785/2488/348 787/1434/348
f 787/1434/348 789/2489/348 791/1435/348
f 791/1435/348 793/2490/348 795/1436/348
s 1
f 797/1437/349 798/2491/593 800/1438/350
f 799/1440/351 800/2492/350 802/1441/352
f 801/1443/353 802/2493/352 804/1444/354
f 804/1444/354 806/2494/358 805/1446/356
s 0
f 802/1449/357 800/2495/357 798/1447/357
f 798/1447/357 808/2496/357 806/1448/357
f 806/1448/357 804/2497/357 802/1449/357
s 1
f 806/1450/358 808/2498/360 807/1451/359
f 808/1453/360 798/2491/593 797/1437/349
s 0
f 807/1457/361 797/2499/361 799/1455/361
f 799/1455/361 801/2500/361 803/1456/361
f 803/1456/361 805/2501/361 807/1457/361
s 1
f 809/1458/362 810/2502/594 812/1459/363
f 811/1461/364 812/2503/363 814/1462/365
f 813/1464/366 814/2504/365 816/1465/367
f 816/1465/367 818/2505/371 817/1467/369
s 0
f 814/1470/370 812/2506/370 810/1468/370
f 810/1468/370 820/2507/370 818/1469/370
f 818/1469/370 816/2508/370 814/1470/370
s 1
f 818/1471/371 820/2509/373 819/1472/372
f 820/1474/373 810/2502/594 809/1458/362
s 0
f 819/1478/374 809/2510/374 811/1476/374
f 811/1476/374 813/2511/374 815/1477/374
f 815/1477/374 817/2512/374 819/1478/374
s 1
f 822/1479/375 824/2513/378 823/1480/376
f 824/1482/378 826/2514/380 825/1483/379
f 826/1485/380 828/2515/595 827/1486/381
f 827/1486/381 828/2515/595 830/1488/382
s 0
f 826/1492/384 824/2516/384 822/1490/384
f 822/1490/384 832/2517/384 830/1491/384
f 830/1491/384 828/2518/384 826/1492/384
s 1
f 829/1493/383 830/2519/382 832/1494/385
f 831/1496/386 832/2520/385 822/1479/375
s 0
f 831/1499/387 821/2521/387 823/1497/387
f 823/1497/387 825/2522/387 827/1498/387
f 827/1498/387 829/2523/387 831/1499/387
s 1
f 834/1500/388 836/2524/391 835/1501/389
f 836/1503/391 838/2525/393 837/1504/392
f 838/1506/393 840/2526/596 839/1507/394
f 839/1507/394 840/2526/596 842/1509/395
s 0
f 838/1513/397 836/2527/397 834/1511/397
f 834/1511/397 844/2528/397 842/1512/397
f 842/1512/397 840/2529/397 838/1513/397
s 1
f 841/1514/396 842/2530/395 844/1515/398
f 843/1517/399 844/2531/398 834/1500/388
s 0
f 843/1520/400 833/2532/400 835/1518/400
f 835/1518/400 837/2533/400 839/1519/400
f 839/1519/400 841/2534/400 843/1520/400
s 1
f 846/1521/401 848/2535/404 847/1522/402
f 848/1524/404 850/2536/406 849/1525/405
f 850/1527/406 852/2537/597 851/1528/407
f 851/1528/407 852/2537/597 854/1530/408
s 0
f 850/1534/410 848/2538/410 846/1532/410
f 846/1532/410 856/2539/410 854/1533/410
f 854/1533/410 852/2540/410 850/1534/410
s 1
f 853/1535/409 854/2541/408 856/1536/411
f 855/1538/412 856/2542/411 846/1521/401
s 0
f 855/1541/413 845/2543/413 847/1539/413
f 847/1539/413 849/2544/413 851/1540/413
f 851/1540/413 853/2545/413 855/1541/413
s 1
f 858/1542/414 860/2546/417 859/1543/415
f 860/1545/417 862/2547/419 861/1546/418
f 862/1548/419 864/2548/598 863/1549/420
f 863/1549/420 864/2548/598 866/1551/421
s 0
f 862/1555/423 860/2549/423 858/1553/423
f 858/1553/423 868/2550/423 866/1554/423
f 866/1554/423 864/2551/423 862/1555/423
s 1
f 865/1556/422 866/2552/421 868/1557/424
f 867/1559/425 868/2553/424 858/1542/414
s 0
f 867/1562/426 857/2554/426 859/1560/426
f 859/1560/426 861/2555/426 863/1561/426
f 863/1561/426 865/2556/426 867/1562/426
s 1
f 870/1563/427 872/2557/430 871/1564/428
f 872/1566/430 874/2558/432 873/1567/431
f 874/1569/432 876/2559/599 875/1570/433
f 875/1570/433 876/2559/599 878/1572/434
s 0
f 874/1576/436 872/2560/436 870/1574/436
f 870/1574/436 880/2561/436 878/1575/436
f 878/1575/436 876/2562/436 874/1576/436
s 1
f 877/1577/435 878/2563/434 880/1578/437
f 879/1580/438 880/2564/437 870/1563/427
s 0
f 879/1583/439 869/2565/439 871/1581/439
f 871/1581/439 873/2566/439 875/1582/439
f 875/1582/439 877/2567/439 879/1583/439
f 897/1584/1 884/2568/1 882/1585/1
f 903/1587/2 898/1612/2 894/1588/2
f 890/1590/3 885/2569/3 896/1591/3
f 886/1593/4 892/1607/4 888/1594/4
f 891/1596/5 904/2570/5 900/1597/5
f 881/1599/14 883/1595/14 888/1594/14
f 884/1601/15 886/1593/15 883/1595/15
f 890/1605/16 892/1607/16 886/1593/16
f 889/1604/17 888/1594/17 892/1607/17
f 887/1617/18 889/2571/18 900/1618/18
f 902/1620/19 904/2570/19 891/1596/19
f 901/1589/20 900/1614/20 904/1616/20
f 899/1613/21 901/1589/21 894/1588/21
f 896/1610/22 898/1612/22 903/1587/22
f 895/1609/23 894/1588/23 898/1612/23
f 893/1622/24 895/2572/24 882/1623/24
f 885/1625/25 884/2568/25 897/1584/25
f 899/1619/26 893/1622/26 881/1624/26
f 921/1627/1 908/2573/1 906/1628/1
f 927/1630/2 922/1655/2 918/1631/2
f 914/1633/3 909/2574/3 920/1634/3
f 910/1636/4 916/1650/4 912/1637/4
f 915/1639/5 928/2575/5 924/1640/5
f 905/1642/14 907/1638/14 912/1637/14
f 908/1644/15 910/1636/15 907/1638/15
f 914/1648/16 916/1650/16 910/1636/16
f 913/1647/17 912/1637/17 916/1650/17
f 911/1660/18 913/2576/18 924/1661/18
f 926/1663/19 928/2575/19 915/1639/19
f 925/1632/20 924/1657/20 928/1659/20
f 923/1656/21 925/1632/21 918/1631/21
f 920/1653/22 922/1655/22 927/1630/22
f 919/1652/23 918/1631/23 922/1655/23
f 917/1665/24 919/2577/24 906/1666/24
f 909/1668/25 908/2573/25 921/1627/25
f 923/1662/26 917/1665/26 905/1667/26
s 1
f 929/1670/310 930/2578/590 932/1671/311
f 931/1673/312 932/2579/311 934/1674/313
f 933/1676/314 934/2580/313 936/1677/315
f 936/1677/315 938/2581/319 937/1679/317
s 0
f 934/1682/318 932/2582/318 930/1680/318
f 930/1680/318 940/2583/318 938/1681/318
f 938/1681/318 936/2584/318 934/1682/318
s 1
f 938/1683/319 940/2585/321 939/1684/320
f 940/1686/321 930/2578/590 929/1670/310
s 0
f 939/1690/322 929/2586/322 931/1688/322
f 931/1688/322 933/2587/322 935/1689/322
f 935/1689/322 937/2588/322 939/1690/322
s 1
f 941/1691/323 942/2589/591 944/1692/324
f 943/1694/325 944/2590/324 946/1695/326
f 945/1697/327 946/2591/326 948/1698/328
f 948/1698/328 950/2592/332 949/1700/330
s 0
f 946/1703/331 944/2593/331 942/1701/331
f 942/1701/331 952/2594/331 950/1702/331
f 950/1702/331 948/2595/331 946/1703/331
s 1
f 950/1704/332 952/2596/334 951/1705/333
f 952/1707/334 942/2589/591 941/1691/323
s 0
f 951/1711/335 941/2597/335 943/1709/335
f 943/1709/335 945/2598/335 947/1710/335
f 947/1710/335 949/2599/335 951/1711/335
s 1
f 953/1712/336 954/2600/592 956/1713/337
f 955/1715/338 956/2601/337 958/1716/339
f 957/1718/340 958/2602/339 960/1719/341
f 960/1719/341 962/2603/345 961/1721/343
s 0
f 958/1724/344 956/2604/344 954/1722/344
f 954/1722/344 964/2605/344 962/1723/344
f 962/1723/344 960/2606/344 958/1724/344
s 1
f 962/1725/345 964/2607/347 963/1726/346
f 964/1728/347 954/2600/592 953/1712/336
s 0
f 963/1732/348 953/2608/348 955/1730/348
f 955/1730/348 957/2609/348 959/1731/348
f 959/1731/348 961/2610/348 963/1732/348
s 1
f 965/1733/349 966/2611/593 968/1734/350
f 967/1736/440 968/2612/350 970/1737/441
f 969/1739/353 970/2613/441 972/1740/354
f 972/1740/354 974/2614/358 973/1742/356
s 0
f 970/1745/357 968/2615/357 966/1743/357
f 966/1743/357 976/2616/357 974/1744/357
f 974/1744/357 972/2617/357 970/1745/357
s 1
f 974/1746/358 976/2618/360 975/1747/442
f 976/1749/360 966/2611/593 965/1733/349
s 0
f 975/1753/361 965/2619/361 967/1751/361
f 967/1751/361 969/2620/361 971/1752/361
f 971/1752/361 973/2621/361 975/1753/361
s 1
f 977/1754/362 978/2622/594 980/1755/363
f 979/1757/364 980/2623/363 982/1758/365
f 981/1760/366 982/2624/365 984/1761/367
f 984/1761/367 986/2625/371 985/1763/369
s 0
f 982/1766/370 980/2626/370 978/1764/370
f 978/1764/370 988/2627/370 986/1765/370
f 986/1765/370 984/2628/370 982/1766/370
s 1
f 986/1767/371 988/2629/373 987/1768/372
f 988/1770/373 978/2622/594 977/1754/362
s 0
f 987/1774/374 977/2630/374 979/1772/374
f 979/1772/374 981/2631/374 983/1773/374
f 983/1773/374 985/2632/374 987/1774/374
s 1
f 990/1775/375 992/2633/378 991/1776/376
f 992/1778/378 994/2634/380 993/1779/379
f 994/1781/380 996/2635/595 995/1782/381
f 995/1782/381 996/2635/595 998/1784/382
s 0
f 994/1788/384 992/2636/384 990/1786/384
f 990/1786/384 1000/2637/384 998/1787/384
f 998/1787/384 996/2638/384 994/1788/384
s 1
f 997/1789/383 998/2639/382 1000/1790/385
f 999/1792/386 1000/2640/385 990/1775/375
s 0
f 999/1795/387 989/2641/387 991/1793/387
f 991/1793/387 993/2642/387 995/1794/387
f 995/1794/387 997/2643/387 999/1795/387
s 1
f 1002/1796/388 1004/2644/391 1003/1797/389
f 1004/1799/391 1006/2645/393 1005/1800/392
f 1006/1802/393 1008/2646/596 1007/1803/394
f 1007/1803/394 1008/2646/596 1010/1805/395
s 0
f 1006/1809/397 1004/2647/397 1002/1807/397
f 1002/1807/397 1012/2648/397 1010/1808/397
f 1010/1808/397 1008/2649/397 1006/1809/397
s 1
f 1009/1810/396 1010/2650/395 1012/1811/443
f 1011/1813/399 1012/2651/443 1002/1796/388
s 0
f 1011/1816/400 1001/2652/400 1003/1814/400
f 1003/1814/400 1005/2653/400 1007/1815/400
f 1007/1815/400 1009/2654/400 1011/1816/400
s 1
f 1014/1817/401 1016/2655/404 1015/1818/402
f 1016/1820/404 1018/2656/406 1017/1821/405
f 1018/1823/406 1020/2657/597 1019/1824/407
f 1019/1824/407 1020/2657/597 1022/1826/408
s 0
f 1018/1830/410 1016/2658/410 1014/1828/410
f 1014/1828/410 1024/2659/410 1022/1829/410
f 1022/1829/410 1020/2660/410 1018/1830/410
s 1
f 1021/1831/409 1022/2661/408 1024/1832/411
f 1023/1834/412 1024/2662/411 1014/1817/401
s 0
f 1023/1837/413 1013/2663/413 1015/1835/413
f 1015/1835/413 1017/2664/413 1019/1836/413
f 1019/1836/413 1021/2665/413 1023/1837/413
s 1
f 1026/1838/414 1028/2666/417 1027/1839/415
f 1028/1841/417 1030/2667/419 1029/1842/418
f 1030/1844/419 1032/2668/598 1031/1845/420
f 1031/1845/420 1032/2668/598 1034/1847/421
s 0
f 1030/1851/423 1028/2669/423 1026/1849/423
f 1026/1849/423 1036/2670/423 1034/1850/423
f 1034/1850/423 1032/2671/423 1030/1851/423
s 1
f 1033/1852/422 1034/2672/421 1036/1853/424
f 1035/1855/425 1036/2673/424 1026/1838/414
s 0
f 1035/1858/426 1025/2674/426 1027/1856/426
f 1027/1856/426 1029/2675/426 1031/1857/426
f 1031/1857/426 1033/2676/426 1035/1858/426
s 1
f 1038/1859/427 1040/2677/430 1039/1860/428
f 1040/1862/430 1042/2678/432 1041/1863/431
f 1042/1865/432 1044/2679/599 1043/1866/433
f 1043/1866/433 1044/2679/599 1046/1868/434
s 0
f 1042/1872/436 1040/2680/436 1038/1870/436
f 1038/1870/436 1048/2681/436 1046/1871/436
f 1046/1871/436 1044/2682/436 1042/1872/436
s 1
f 1045/1873/435 1046/2683/434 1048/1874/437
f 1047/1876/438 1048/2684/437 1038/1859/427
s 0
f 1047/1879/439 1037/2685/439 1039/1877/439
f 1039/1877/439 1041/2686/439 1043/1878/439
f 1043/1878/439 1045/2687/439 1047/1879/439
s 1
f 1073/1923/2 1079/1938/453 1080/1924/444
f 1074/1926/445 1080/1940/444 1081/1927/446
f 1075/1929/447 1081/1942/446 1082/1930/448
f 1082/1930/448 1083/1944/450 1077/1932/449
f 1083/1933/450 1084/1946/452 1078/1934/451
f 1084/1936/452 1079/1938/453 1073/1923/2
f 1079/1938/453 1085/1948/459 1086/1939/454
f 1080/1940/444 1086/1950/454 1087/1941/455
f 1081/1942/446 1087/1952/455 1088/1943/456
f 1088/1943/456 1089/1954/457 1083/1944/450
f 1089/1945/457 1090/1956/458 1084/1946/452
f 1090/1947/458 1085/1948/459 1079/1938/453
f 1085/1948/459 1091/2693/465 1092/1949/460
f 1086/1950/454 1092/1961/460 1093/1951/461
f 1087/1952/455 1093/2694/461 1094/1953/462
f 1094/1953/462 1095/2695/463 1089/1954/457
f 1095/1955/463 1096/1968/464 1090/1956/458
f 1096/1957/464 1091/2693/465 1085/1948/459
f 1091/1958/465 1097/1971/471 1098/1959/466
f 1092/1961/460 1098/1973/466 1099/1962/467
f 1093/1963/461 1099/1975/467 1100/1964/468
f 1100/1964/468 1101/1977/469 1095/1966/463
f 1101/1967/469 1102/1979/470 1096/1968/464
f 1102/1969/470 1097/1971/471 1091/1958/465
f 1097/1971/471 1103/1982/3 1104/1972/472
f 1098/1973/466 1104/1984/472 1105/1974/473
f 1099/1975/467 1105/1986/473 1106/1976/26
f 1106/1976/26 1107/1988/474 1101/1977/469
f 1107/1978/474 1108/1990/475 1102/1979/470
f 1108/1980/475 1103/1982/3 1097/1971/471
f 1109/1981/476 1110/1992/477 1104/1972/472
f 1110/1983/477 1111/1994/478 1105/1974/473
f 1111/1985/478 1112/1996/484 1106/1976/26
f 1106/1976/26 1112/1996/484 1113/1987/479
f 1107/1978/474 1113/1998/479 1114/1989/480
f 1108/1980/475 1114/2000/480 1109/1981/476
f 1115/1991/481 1116/2696/482 1110/1992/477
f 1116/1993/482 1117/2005/483 1111/1994/478
f 1117/1995/483 1118/2697/490 1112/1996/484
f 1112/1996/484 1118/2697/490 1119/1997/485
f 1113/1998/479 1119/2011/485 1120/1999/486
f 1114/2000/480 1120/2698/486 1115/1991/481
f 1121/2001/487 1122/2015/488 1116/2002/482
f 1122/2004/488 1123/2017/489 1117/2005/483
f 1123/2006/489 1124/2019/496 1118/2007/490
f 1118/2007/490 1124/2019/496 1125/2009/491
f 1119/2011/485 1125/2021/491 1126/2012/492
f 1120/2013/486 1126/2023/492 1121/2001/487
f 1127/2014/493 1128/2025/494 1122/2015/488
f 1128/2016/494 1129/2027/495 1123/2017/489
f 1129/2018/495 1130/2029/501 1124/2019/496
f 1124/2019/496 1130/2029/501 1131/2020/497
f 1125/2021/491 1131/2031/497 1132/2022/498
f 1126/2023/492 1132/2033/498 1127/2014/493
f 1133/2024/4 1134/2035/499 1128/2025/494
f 1134/2026/499 1135/2037/500 1129/2027/495
f 1135/2028/500 1136/2039/2 1130/2029/501
f 1130/2029/501 1136/2039/2 1137/2030/502
f 1131/2031/497 1137/2041/502 1138/2032/503
f 1132/2033/498 1138/2043/503 1133/2024/4
f 1133/2024/4 1139/2044/509 1140/2034/504
f 1134/2026/499 1140/2046/504 1141/2036/505
f 1135/2028/500 1141/2048/505 1142/2038/506
f 1142/2038/506 1143/2050/507 1137/2030/502
f 1143/2040/507 1144/2052/508 1138/2032/503
f 1144/2042/508 1139/2044/509 1133/2024/4
f 1139/2044/509 1145/2054/515 1146/2045/510
f 1140/2046/504 1146/2056/510 1147/2047/511
f 1141/2048/505 1147/2058/511 1148/2049/512
f 1148/2049/512 1149/2060/513 1143/2050/507
f 1149/2051/513 1150/2062/514 1144/2052/508
f 1150/2053/514 1145/2054/515 1139/2044/509
f 1145/2054/515 1151/2699/521 1152/2055/516
f 1146/2056/510 1152/2067/516 1153/2057/517
f 1147/2058/511 1153/2700/517 1154/2059/518
f 1154/2059/518 1155/2701/519 1149/2060/513
f 1155/2061/519 1156/2074/520 1150/2062/514
f 1156/2063/520 1151/2699/521 1145/2054/515
f 1151/2064/521 1157/2077/527 1158/2065/522
f 1152/2067/516 1158/2079/522 1159/2068/523
f 1153/2069/517 1159/2081/523 1160/2070/524
f 1160/2070/524 1161/2083/525 1155/2072/519
f 1161/2073/525 1162/2085/526 1156/2074/520
f 1162/2075/526 1157/2077/527 1151/2064/521
f 1157/2077/527 1163/2088/26 1164/2078/528
f 1158/2079/522 1164/2090/528 1165/2080/529
f 1159/2081/523 1165/2092/529 1166/2082/3
f 1166/2082/3 1167/2094/530 1161/2083/525
f 1167/2084/530 1168/2096/531 1162/2085/526
f 1168/2086/531 1163/2088/26 1157/2077/527
f 1169/2087/532 1170/2098/533 1164/2078/528
f 1170/2089/533 1171/2100/534 1165/2080/529
f 1171/2091/534 1172/2102/540 1166/2082/3
f 1166/2082/3 1172/2102/540 1173/2093/535
f 1167/2084/530 1173/2104/535 1174/2095/536
f 1168/2086/531 1174/2106/536 1169/2087/532
f 1175/2097/537 1176/2702/538 1170/2098/533
f 1176/2099/538 1177/2111/539 1171/2100/534
f 1177/2101/539 1178/2703/546 1172/2102/540
f 1172/2102/540 1178/2703/546 1179/2103/541
f 1173/2104/535 1179/2117/541 1180/2105/542
f 1174/2106/536 1180/2704/542 1175/2097/537
f 1181/2107/543 1182/2121/544 1176/2108/538
f 1182/2110/544 1183/2123/545 1177/2111/539
f 1183/2112/545 1184/2125/552 1178/2113/546
f 1178/2113/546 1184/2125/552 1185/2115/547
f 1179/2117/541 1185/2127/547 1186/2118/548
f 1180/2119/542 1186/2129/548 1181/2107/543
f 1187/2120/549 1188/2130/550 1182/2121/544
f 1188/2122/550 1189/2131/551 1183/2123/545
f 1189/2124/551 1190/2132/555 1184/2125/552
f 1184/2125/552 1190/2132/555 1191/2126/553
f 1185/2127/547 1191/2133/553 1192/2128/554
f 1186/2129/548 1192/2134/554 1187/2120/549
f 1073/1923/2 1074/1925/445 1188/2130/550
f 1074/1926/445 1075/1928/447 1189/2131/551
f 1075/1929/447 1076/1931/4 1190/2132/555
f 1190/2132/555 1076/1931/4 1077/1932/449
f 1191/2133/553 1077/1935/449 1078/1934/451
f 1192/2134/554 1078/1937/451 1073/1923/2
s 0
usemtl MMO_brass
f 1065/1880/1 1050/1881/1 1063/1882/1
f 1071/1883/2 1062/1884/2 1069/1885/2
f 1058/1886/3 1064/1887/3 1070/1888/3
f 1054/1889/4 1056/1890/4 1051/1891/4
f 1059/1892/5 1068/1893/5 1057/1894/5
f 1049/1895/6 1050/1896/6 1051/1891/6
f 1052/1897/7 1053/1898/7 1054/1889/7
f 1055/1899/8 1056/1890/8 1057/1900/8
f 1058/1901/9 1059/1902/9 1060/1903/9
f 1061/1904/10 1062/1884/10 1063/1905/10
f 1064/1906/11 1065/1907/11 1066/1908/11
f 1067/1909/12 1068/1910/12 1069/1885/12
f 1070/1911/13 1071/1883/13 1072/1912/13
f 1049/1895/14 1056/1890/14 1055/1899/14
f 1052/1897/15 1051/1891/15 1050/1896/15
f 1058/1901/16 1054/1889/16 1053/1898/16
f 1057/1900/17 1060/1903/17 1059/1902/17
f 1055/1913/18 1068/1914/18 1067/1915/18
f 1070/1916/19 1059/1892/19 1058/1917/19
f 1069/1885/20 1072/1912/20 1071/1883/20
f 1067/1909/21 1062/1884/21 1061/1904/21
f 1064/1906/22 1071/1883/22 1070/1911/22
f 1063/1905/23 1066/1908/23 1065/1907/23
f 1061/1918/24 1050/1919/24 1049/1920/24
f 1053/1921/25 1065/1880/25 1064/1922/25
f 1067/1915/26 1049/1920/26 1055/1913/26
f 1065/1880/1 1052/2688/1 1050/1881/1
f 1071/1883/2 1066/1908/2 1062/1884/2
f 1058/1886/3 1053/2689/3 1064/1887/3
f 1054/1889/4 1060/1903/4 1056/1890/4
f 1059/1892/5 1072/2690/5 1068/1893/5
f 1049/1895/14 1051/1891/14 1056/1890/14
f 1052/1897/15 1054/1889/15 1051/1891/15
f 1058/1901/16 1060/1903/16 1054/1889/16
f 1057/1900/17 1056/1890/17 1060/1903/17
f 1055/1913/18 1057/2691/18 1068/1914/18
f 1070/1916/19 1072/2690/19 1059/1892/19
f 1069/1885/20 1068/1910/20 1072/1912/20
f 1067/1909/21 1069/1885/21 1062/1884/21
f 1064/1906/22 1066/1908/22 1071/1883/22
f 1063/1905/23 1062/1884/23 1066/1908/23
f 1061/1918/24 1063/2692/24 1050/1919/24
f 1053/1921/25 1052/2688/25 1065/1880/25
f 1067/1915/26 1061/1918/26 1049/1920/26
