# Blender 4.0.2
# www.blender.org
mtllib fountain.mtl
o fountain
v 1.261062 -1.000000 0.000000
v 1.218092 -1.000000 -0.326387
v 1.092112 -1.000000 -0.630531
v 0.891705 -1.000000 -0.891705
v 0.630531 -1.000000 -1.092112
v 0.326387 -1.000000 -1.218092
v 0.000000 -1.000000 -1.261062
v -0.326387 -1.000000 -1.218092
v -0.630531 -1.000000 -1.092112
v -0.891705 -1.000000 -0.891705
v -1.092112 -1.000000 -0.630531
v -1.218092 -1.000000 -0.326387
v -1.261062 -1.000000 -0.000000
v -1.218092 -1.000000 0.326387
v -1.092112 -1.000000 0.630531
v -0.891705 -1.000000 0.891705
v -0.630531 -1.000000 1.092112
v -0.326387 -1.000000 1.218092
v -0.000000 -1.000000 1.261062
v 0.326387 -1.000000 1.218092
v 0.630531 -1.000000 1.092112
v 0.891705 -1.000000 0.891705
v 1.092112 -1.000000 0.630531
v 1.218092 -1.000000 0.326387
v 1.407080 -0.858696 0.000000
v 1.359135 -0.858696 -0.364179
v 1.218567 -0.858696 -0.703540
v 0.994956 -0.858696 -0.994956
v 0.703540 -0.858696 -1.218567
v 0.364179 -0.858696 -1.359135
v 0.000000 -0.858696 -1.407080
v -0.364179 -0.858696 -1.359135
v -0.703540 -0.858696 -1.218567
v -0.994956 -0.858696 -0.994956
v -1.218567 -0.858696 -0.703540
v -1.359135 -0.858696 -0.364179
v -1.407080 -0.858696 -0.000000
v -1.359135 -0.858696 0.364179
v -1.218567 -0.858696 0.703540
v -0.994956 -0.858696 0.994956
v -0.703540 -0.858696 1.218567
v -0.364179 -0.858696 1.359135
v -0.000000 -0.858696 1.407080
v 0.364179 -0.858696 1.359135
v 0.703540 -0.858696 1.218567
v 0.994956 -0.858696 0.994956
v 1.218567 -0.858696 0.703540
v 1.359135 -0.858696 0.364179
v 1.300885 -0.728261 0.000000
v 1.256558 -0.728261 -0.336694
v 1.126599 -0.728261 -0.650442
v 0.919865 -0.728261 -0.919865
v 0.650442 -0.728261 -1.126599
v 0.336694 -0.728261 -1.256558
v 0.000000 -0.728261 -1.300885
v -0.336694 -0.728261 -1.256558
v -0.650442 -0.728261 -1.126599
v -0.919865 -0.728261 -0.919865
v -1.126599 -0.728261 -0.650442
v -1.256558 -0.728261 -0.336694
v -1.300885 -0.728261 -0.000000
v -1.256558 -0.728261 0.336694
v -1.126599 -0.728261 0.650442
v -0.919865 -0.728261 0.919865
v -0.650442 -0.728261 1.126599
v -0.336694 -0.728261 1.256558
v -0.000000 -0.728261 1.300885
v 0.336694 -0.728261 1.256558
v 0.650442 -0.728261 1.126599
v 0.919865 -0.728261 0.919865
v 1.126599 -0.728261 0.650442
v 1.256558 -0.728261 0.336694
v 1.115044 -0.652174 0.000000
v 1.077050 -0.652174 -0.288595
v 0.965657 -0.652174 -0.557522
v 0.788455 -0.652174 -0.788455
v 0.557522 -0.652174 -0.965657
v 0.288595 -0.652174 -1.077050
v 0.000000 -0.652174 -1.115044
v -0.288595 -0.652174 -1.077050
v -0.557522 -0.652174 -0.965657
v -0.788455 -0.652174 -0.788455
v -0.965657 -0.652174 -0.557522
v -1.077050 -0.652174 -0.288595
v -1.115044 -0.652174 0.000000
v -1.077050 -0.652174 0.288595
v -0.965657 -0.652174 0.557522
v -0.788455 -0.652174 0.788455
v -0.557522 -0.652174 0.965657
v -0.288595 -0.652174 1.077050
v -0.000000 -0.652174 1.115044
v 0.288595 -0.652174 1.077050
v 0.557522 -0.652174 0.965657
v 0.788455 -0.652174 0.788455
v 0.965657 -0.652174 0.557522
v 1.077050 -0.652174 0.288595
v 0.876106 -0.739130 0.000000
v 0.846254 -0.739130 -0.226753
v 0.758730 -0.739130 -0.438053
v 0.619501 -0.739130 -0.619501
v 0.438053 -0.739130 -0.758730
v 0.226753 -0.739130 -0.846254
v 0.000000 -0.739130 -0.876106
v -0.226753 -0.739130 -0.846254
v -0.438053 -0.739130 -0.758730
v -0.619501 -0.739130 -0.619501
v -0.758730 -0.739130 -0.438053
v -0.846254 -0.739130 -0.226753
v -0.876106 -0.739130 0.000000
v -0.846254 -0.739130 0.226753
v -0.758730 -0.739130 0.438053
v -0.619501 -0.739130 0.619501
v -0.438053 -0.739130 0.758730
v -0.226753 -0.739130 0.846254
v -0.000000 -0.739130 0.876106
v 0.226753 -0.739130 0.846254
v 0.438053 -0.739130 0.758730
v 0.619501 -0.739130 0.619501
v 0.758730 -0.739130 0.438053
v 0.846254 -0.739130 0.226753
v 1.407080 -0.597826 0.000000
v 1.359135 -0.597826 -0.364179
v 1.218567 -0.597826 -0.703540
v 0.994956 -0.597826 -0.994956
v 0.703540 -0.597826 -1.218567
v 0.364179 -0.597826 -1.359135
v 0.000000 -0.597826 -1.407080
v -0.364179 -0.597826 -1.359135
v -0.703540 -0.597826 -1.218567
v -0.994956 -0.597826 -0.994956
v -1.218567 -0.597826 -0.703540
v -1.359135 -0.597826 -0.364179
v -1.407080 -0.597826 -0.000000
v -1.359135 -0.597826 0.364179
v -1.218567 -0.597826 0.703540
v -0.994956 -0.597826 0.994956
v -0.703540 -0.597826 1.218567
v -0.364179 -0.597826 1.359135
v -0.000000 -0.597826 1.407080
v 0.364179 -0.597826 1.359135
v 0.703540 -0.597826 1.218567
v 0.994956 -0.597826 0.994956
v 1.218567 -0.597826 0.703540
v 1.359135 -0.597826 0.364179
v 1.500000 -0.358696 0.000000
v 1.448889 -0.358696 -0.388229
v 1.299038 -0.358696 -0.750000
v 1.060660 -0.358696 -1.060660
v 0.750000 -0.358696 -1.299038
v 0.388229 -0.358696 -1.448889
v 0.000000 -0.358696 -1.500000
v -0.388229 -0.358696 -1.448889
v -0.750000 -0.358696 -1.299038
v -1.060660 -0.358696 -1.060660
v -1.299038 -0.358696 -0.750000
v -1.448889 -0.358696 -0.388229
v -1.500000 -0.358696 -0.000000
v -1.448889 -0.358696 0.388229
v -1.299038 -0.358696 0.750000
v -1.060660 -0.358696 1.060660
v -0.750000 -0.358696 1.299038
v -0.388229 -0.358696 1.448889
v -0.000000 -0.358696 1.500000
v 0.388229 -0.358696 1.448889
v 0.750000 -0.358696 1.299038
v 1.060660 -0.358696 1.060660
v 1.299038 -0.358696 0.750000
v 1.448889 -0.358696 0.388229
v 1.433628 -0.250000 0.000000
v 1.384779 -0.250000 -0.371050
v 1.241559 -0.250000 -0.716814
v 1.013728 -0.250000 -1.013728
v 0.716814 -0.250000 -1.241559
v 0.371050 -0.250000 -1.384779
v 0.000000 -0.250000 -1.433628
v -0.371050 -0.250000 -1.384779
v -0.716814 -0.250000 -1.241559
v -1.013728 -0.250000 -1.013728
v -1.241559 -0.250000 -0.716814
v -1.384779 -0.250000 -0.371050
v -1.433628 -0.250000 -0.000000
v -1.384779 -0.250000 0.371050
v -1.241559 -0.250000 0.716814
v -1.013728 -0.250000 1.013728
v -0.716814 -0.250000 1.241559
v -0.371050 -0.250000 1.384779
v -0.000000 -0.250000 1.433628
v 0.371050 -0.250000 1.384779
v 0.716814 -0.250000 1.241559
v 1.013728 -0.250000 1.013728
v 1.241559 -0.250000 0.716814
v 1.384779 -0.250000 0.371050
v 1.274336 -0.250000 0.000000
v 1.230914 -0.250000 -0.329823
v 1.103608 -0.250000 -0.637168
v 0.901092 -0.250000 -0.901092
v 0.637168 -0.250000 -1.103608
v 0.329823 -0.250000 -1.230914
v 0.000000 -0.250000 -1.274336
v -0.329823 -0.250000 -1.230914
v -0.637168 -0.250000 -1.103608
v -0.901092 -0.250000 -0.901092
v -1.103608 -0.250000 -0.637168
v -1.230914 -0.250000 -0.329823
v -1.274336 -0.250000 -0.000000
v -1.230914 -0.250000 0.329823
v -1.103608 -0.250000 0.637168
v -0.901092 -0.250000 0.901092
v -0.637168 -0.250000 1.103608
v -0.329823 -0.250000 1.230914
v -0.000000 -0.250000 1.274336
v 0.329823 -0.250000 1.230914
v 0.637168 -0.250000 1.103608
v 0.901092 -0.250000 0.901092
v 1.103608 -0.250000 0.637168
v 1.230914 -0.250000 0.329823
v 1.207965 -0.402174 0.000000
v 1.166804 -0.402174 -0.312644
v 1.046128 -0.402174 -0.603982
v 0.854160 -0.402174 -0.854160
v 0.603982 -0.402174 -1.046128
v 0.312644 -0.402174 -1.166804
v 0.000000 -0.402174 -1.207965
v -0.312644 -0.402174 -1.166804
v -0.603982 -0.402174 -1.046128
v -0.854160 -0.402174 -0.854160
v -1.046128 -0.402174 -0.603982
v -1.166804 -0.402174 -0.312644
v -1.207965 -0.402174 -0.000000
v -1.166804 -0.402174 0.312644
v -1.046128 -0.402174 0.603982
v -0.854160 -0.402174 0.854160
v -0.603982 -0.402174 1.046128
v -0.312644 -0.402174 1.166804
v -0.000000 -0.402174 1.207965
v 0.312644 -0.402174 1.166804
v 0.603982 -0.402174 1.046128
v 0.854160 -0.402174 0.854160
v 1.046128 -0.402174 0.603982
v 1.166804 -0.402174 0.312644
v 0.796460 -0.597826 0.000000
v 0.769322 -0.597826 -0.206139
v 0.689755 -0.597826 -0.398230
v 0.563182 -0.597826 -0.563182
v 0.398230 -0.597826 -0.689755
v 0.206139 -0.597826 -0.769322
v 0.000000 -0.597826 -0.796460
v -0.206139 -0.597826 -0.769322
v -0.398230 -0.597826 -0.689755
v -0.563182 -0.597826 -0.563182
v -0.689755 -0.597826 -0.398230
v -0.769322 -0.597826 -0.206139
v -0.796460 -0.597826 0.000000
v -0.769322 -0.597826 0.206139
v -0.689755 -0.597826 0.398230
v -0.563182 -0.597826 0.563182
v -0.398230 -0.597826 0.689755
v -0.206139 -0.597826 0.769322
v 0.000000 -0.597826 0.796460
v 0.206139 -0.597826 0.769322
v 0.398230 -0.597826 0.689755
v 0.563182 -0.597826 0.563182
v 0.689755 -0.597826 0.398230
v 0.769322 -0.597826 0.206139
v 0.000000 -0.403261 -1.234513
v 0.000000 -0.379348 -1.234513
v 0.319516 -0.403261 -1.192448
v 0.319516 -0.379348 -1.192448
v 0.617257 -0.403261 -1.069120
v 0.617257 -0.379348 -1.069120
v 0.872933 -0.403261 -0.872933
v 0.872933 -0.379348 -0.872933
v 1.069120 -0.403261 -0.617257
v 1.069120 -0.379348 -0.617257
v 1.192448 -0.403261 -0.319516
v 1.192448 -0.379348 -0.319516
v 1.234513 -0.403261 0.000000
v 1.234513 -0.379348 0.000000
v 1.192448 -0.403261 0.319516
v 1.192448 -0.379348 0.319516
v 1.069120 -0.403261 0.617257
v 1.069120 -0.379348 0.617257
v 0.872933 -0.403261 0.872933
v 0.872933 -0.379348 0.872933
v 0.617257 -0.403261 1.069120
v 0.617257 -0.379348 1.069120
v 0.319516 -0.403261 1.192448
v 0.319516 -0.379348 1.192448
v 0.000000 -0.403261 1.234513
v 0.000000 -0.379348 1.234513
v -0.319516 -0.403261 1.192448
v -0.319516 -0.379348 1.192448
v -0.617257 -0.403261 1.069120
v -0.617257 -0.379348 1.069120
v -0.872933 -0.403261 0.872933
v -0.872933 -0.379348 0.872933
v -1.069120 -0.403261 0.617257
v -1.069120 -0.379348 0.617257
v -1.192448 -0.403261 0.319516
v -1.192448 -0.379348 0.319516
v -1.234513 -0.403261 0.000000
v -1.234513 -0.379348 0.000000
v -1.192448 -0.403261 -0.319516
v -1.192448 -0.379348 -0.319516
v -1.069120 -0.403261 -0.617257
v -1.069120 -0.379348 -0.617257
v -0.872933 -0.403261 -0.872933
v -0.872933 -0.379348 -0.872933
v -0.617257 -0.403261 -1.069120
v -0.617257 -0.379348 -1.069120
v -0.319516 -0.403261 -1.192448
v -0.319516 -0.379348 -1.192448
v 0.398230 -0.619565 0.000000
v 0.378739 -0.619565 -0.123060
v 0.322175 -0.619565 -0.234074
v 0.234074 -0.619565 -0.322175
v 0.123060 -0.619565 -0.378739
v 0.000000 -0.619565 -0.398230
v -0.123060 -0.619565 -0.378739
v -0.234074 -0.619565 -0.322175
v -0.322175 -0.619565 -0.234074
v -0.378739 -0.619565 -0.123060
v -0.398230 -0.619565 0.000000
v -0.378739 -0.619565 0.123060
v -0.322175 -0.619565 0.234074
v -0.234074 -0.619565 0.322175
v -0.123060 -0.619565 0.378739
v 0.000000 -0.619565 0.398230
v 0.123060 -0.619565 0.378739
v 0.234074 -0.619565 0.322175
v 0.322175 -0.619565 0.234074
v 0.378739 -0.619565 0.123060
v 0.424779 -0.478261 0.000000
v 0.403989 -0.478261 -0.131264
v 0.343653 -0.478261 -0.249679
v 0.249679 -0.478261 -0.343653
v 0.131264 -0.478261 -0.403989
v 0.000000 -0.478261 -0.424779
v -0.131264 -0.478261 -0.403989
v -0.249679 -0.478261 -0.343653
v -0.343653 -0.478261 -0.249679
v -0.403989 -0.478261 -0.131264
v -0.424779 -0.478261 0.000000
v -0.403989 -0.478261 0.131264
v -0.343653 -0.478261 0.249679
v -0.249679 -0.478261 0.343653
v -0.131264 -0.478261 0.403989
v 0.000000 -0.478261 0.424779
v 0.131264 -0.478261 0.403989
v 0.249679 -0.478261 0.343653
v 0.343653 -0.478261 0.249679
v 0.403989 -0.478261 0.131264
v 0.265487 -0.336957 0.000000
v 0.252493 -0.336957 -0.082040
v 0.214783 -0.336957 -0.156049
v 0.156049 -0.336957 -0.214783
v 0.082040 -0.336957 -0.252493
v 0.000000 -0.336957 -0.265487
v -0.082040 -0.336957 -0.252493
v -0.156049 -0.336957 -0.214783
v -0.214783 -0.336957 -0.156049
v -0.252493 -0.336957 -0.082040
v -0.265487 -0.336957 0.000000
v -0.252493 -0.336957 0.082040
v -0.214783 -0.336957 0.156049
v -0.156049 -0.336957 0.214783
v -0.082040 -0.336957 0.252493
v 0.000000 -0.336957 0.265487
v 0.082040 -0.336957 0.252493
v 0.156049 -0.336957 0.214783
v 0.214783 -0.336957 0.156049
v 0.252493 -0.336957 0.082040
v 0.212389 0.130435 0.000000
v 0.201994 0.130435 -0.065632
v 0.171827 0.130435 -0.124839
v 0.124839 0.130435 -0.171827
v 0.065632 0.130435 -0.201994
v 0.000000 0.130435 -0.212389
v -0.065632 0.130435 -0.201994
v -0.124839 0.130435 -0.171827
v -0.171827 0.130435 -0.124839
v -0.201994 0.130435 -0.065632
v -0.212389 0.130435 0.000000
v -0.201994 0.130435 0.065632
v -0.171827 0.130435 0.124839
v -0.124839 0.130435 0.171827
v -0.065632 0.130435 0.201994
v 0.000000 0.130435 0.212389
v 0.065632 0.130435 0.201994
v 0.124839 0.130435 0.171827
v 0.171827 0.130435 0.124839
v 0.201994 0.130435 0.065632
v 0.424779 0.217391 0.000000
v 0.403989 0.217391 -0.131264
v 0.343653 0.217391 -0.249679
v 0.249679 0.217391 -0.343653
v 0.131264 0.217391 -0.403989
v 0.000000 0.217391 -0.424779
v -0.131264 0.217391 -0.403989
v -0.249679 0.217391 -0.343653
v -0.343653 0.217391 -0.249679
v -0.403989 0.217391 -0.131264
v -0.424779 0.217391 0.000000
v -0.403989 0.217391 0.131264
v -0.343653 0.217391 0.249679
v -0.249679 0.217391 0.343653
v -0.131264 0.217391 0.403989
v 0.000000 0.217391 0.424779
v 0.131264 0.217391 0.403989
v 0.249679 0.217391 0.343653
v 0.343653 0.217391 0.249679
v 0.403989 0.217391 0.131264
v 0.265487 0.130435 0.000000
v 0.252493 0.130435 -0.082040
v 0.214783 0.130435 -0.156049
v 0.156049 0.130435 -0.214783
v 0.082040 0.130435 -0.252493
v 0.000000 0.130435 -0.265487
v -0.082040 0.130435 -0.252493
v -0.156049 0.130435 -0.214783
v -0.214783 0.130435 -0.156049
v -0.252493 0.130435 -0.082040
v -0.265487 0.130435 0.000000
v -0.252493 0.130435 0.082040
v -0.214783 0.130435 0.156049
v -0.156049 0.130435 0.214783
v -0.082040 0.130435 0.252493
v 0.000000 0.130435 0.265487
v 0.082040 0.130435 0.252493
v 0.156049 0.130435 0.214783
v 0.214783 0.130435 0.156049
v 0.252493 0.130435 0.082040
v 0.597345 0.217391 0.000000
v 0.568109 0.217391 -0.184590
v 0.483262 0.217391 -0.351111
v 0.351111 0.217391 -0.483262
v 0.184590 0.217391 -0.568109
v 0.000000 0.217391 -0.597345
v -0.184590 0.217391 -0.568109
v -0.351111 0.217391 -0.483262
v -0.483262 0.217391 -0.351111
v -0.568109 0.217391 -0.184590
v -0.597345 0.217391 0.000000
v -0.568109 0.217391 0.184590
v -0.483262 0.217391 0.351111
v -0.351111 0.217391 0.483262
v -0.184590 0.217391 0.568109
v 0.000000 0.217391 0.597345
v 0.184590 0.217391 0.568109
v 0.351111 0.217391 0.483262
v 0.483262 0.217391 0.351111
v 0.568109 0.217391 0.184590
v 0.690265 0.445652 0.000000
v 0.656482 0.445652 -0.213304
v 0.558437 0.445652 -0.405728
v 0.405728 0.445652 -0.558437
v 0.213304 0.445652 -0.656482
v 0.000000 0.445652 -0.690265
v -0.213304 0.445652 -0.656482
v -0.405728 0.445652 -0.558437
v -0.558437 0.445652 -0.405728
v -0.656482 0.445652 -0.213304
v -0.690265 0.445652 0.000000
v -0.656482 0.445652 0.213304
v -0.558437 0.445652 0.405728
v -0.405728 0.445652 0.558437
v -0.213304 0.445652 0.656482
v 0.000000 0.445652 0.690265
v 0.213304 0.445652 0.656482
v 0.405728 0.445652 0.558437
v 0.558437 0.445652 0.405728
v 0.656482 0.445652 0.213304
v 0.650442 0.521739 0.000000
v 0.618608 0.521739 -0.200998
v 0.526219 0.521739 -0.382320
v 0.382320 0.521739 -0.526219
v 0.200998 0.521739 -0.618608
v 0.000000 0.521739 -0.650442
v -0.200998 0.521739 -0.618608
v -0.382320 0.521739 -0.526219
v -0.526219 0.521739 -0.382320
v -0.618608 0.521739 -0.200998
v -0.650442 0.521739 0.000000
v -0.618608 0.521739 0.200998
v -0.526219 0.521739 0.382320
v -0.382320 0.521739 0.526219
v -0.200998 0.521739 0.618608
v 0.000000 0.521739 0.650442
v 0.200998 0.521739 0.618608
v 0.382320 0.521739 0.526219
v 0.526219 0.521739 0.382320
v 0.618608 0.521739 0.200998
v 0.557522 0.521739 0.000000
v 0.530235 0.521739 -0.172284
v 0.451045 0.521739 -0.327703
v 0.327703 0.521739 -0.451045
v 0.172284 0.521739 -0.530235
v 0.000000 0.521739 -0.557522
v -0.172284 0.521739 -0.530235
v -0.327703 0.521739 -0.451045
v -0.451045 0.521739 -0.327703
v -0.530235 0.521739 -0.172284
v -0.557522 0.521739 0.000000
v -0.530235 0.521739 0.172284
v -0.451045 0.521739 0.327703
v -0.327703 0.521739 0.451045
v -0.172284 0.521739 0.530235
v 0.000000 0.521739 0.557522
v 0.172284 0.521739 0.530235
v 0.327703 0.521739 0.451045
v 0.451045 0.521739 0.327703
v 0.530235 0.521739 0.172284
v 0.477876 0.369565 0.000000
v 0.454487 0.369565 -0.147672
v 0.386610 0.369565 -0.280889
v 0.280889 0.369565 -0.386610
v 0.147672 0.369565 -0.454487
v 0.000000 0.369565 -0.477876
v -0.147672 0.369565 -0.454487
v -0.280889 0.369565 -0.386610
v -0.386610 0.369565 -0.280889
v -0.454487 0.369565 -0.147672
v -0.477876 0.369565 0.000000
v -0.454487 0.369565 0.147672
v -0.386610 0.369565 0.280889
v -0.280889 0.369565 0.386610
v -0.147672 0.369565 0.454487
v 0.000000 0.369565 0.477876
v 0.147672 0.369565 0.454487
v 0.280889 0.369565 0.386610
v 0.386610 0.369565 0.280889
v 0.454487 0.369565 0.147672
v 0.252212 0.228261 0.000000
v 0.239868 0.228261 -0.077938
v 0.204044 0.228261 -0.148247
v 0.148247 0.228261 -0.204044
v 0.077938 0.228261 -0.239868
v 0.000000 0.228261 -0.252212
v -0.077938 0.228261 -0.239868
v -0.148247 0.228261 -0.204044
v -0.204044 0.228261 -0.148247
v -0.239868 0.228261 -0.077938
v -0.252212 0.228261 0.000000
v -0.239868 0.228261 0.077938
v -0.204044 0.228261 0.148247
v -0.148247 0.228261 0.204044
v -0.077938 0.228261 0.239868
v 0.000000 0.228261 0.252212
v 0.077938 0.228261 0.239868
v 0.148247 0.228261 0.204044
v 0.204044 0.228261 0.148247
v 0.239868 0.228261 0.077938
v 0.000000 0.402174 -0.517699
v 0.000000 0.423913 -0.517699
v 0.133990 0.402174 -0.500059
v 0.133990 0.423913 -0.500059
v 0.258850 0.402174 -0.448341
v 0.258850 0.423913 -0.448341
v 0.366069 0.402174 -0.366069
v 0.366069 0.423913 -0.366069
v 0.448341 0.402174 -0.258850
v 0.448341 0.423913 -0.258850
v 0.500059 0.402174 -0.133990
v 0.500059 0.423913 -0.133990
v 0.517699 0.402174 0.000000
v 0.517699 0.423913 0.000000
v 0.500059 0.402174 0.133990
v 0.500059 0.423913 0.133990
v 0.448341 0.402174 0.258850
v 0.448341 0.423913 0.258850
v 0.366069 0.402174 0.366069
v 0.366069 0.423913 0.366069
v 0.258850 0.402174 0.448341
v 0.258850 0.423913 0.448341
v 0.133990 0.402174 0.500059
v 0.133990 0.423913 0.500059
v 0.000000 0.402174 0.517699
v 0.000000 0.423913 0.517699
v -0.133990 0.402174 0.500059
v -0.133990 0.423913 0.500059
v -0.258850 0.402174 0.448341
v -0.258850 0.423913 0.448341
v -0.366069 0.402174 0.366069
v -0.366069 0.423913 0.366069
v -0.448341 0.402174 0.258850
v -0.448341 0.423913 0.258850
v -0.500059 0.402174 0.133990
v -0.500059 0.423913 0.133990
v -0.517699 0.402174 0.000000
v -0.517699 0.423913 0.000000
v -0.500059 0.402174 -0.133990
v -0.500059 0.423913 -0.133990
v -0.448341 0.402174 -0.258850
v -0.448341 0.423913 -0.258850
v -0.366069 0.402174 -0.366069
v -0.366069 0.423913 -0.366069
v -0.258850 0.402174 -0.448341
v -0.258850 0.423913 -0.448341
v -0.133990 0.402174 -0.500059
v -0.133990 0.423913 -0.500059
v 0.000000 0.407609 -0.099558
v 0.000000 0.809783 -0.053097
v 0.049779 0.407609 -0.086219
v 0.026549 0.809783 -0.045984
v 0.086219 0.407609 -0.049779
v 0.045984 0.809783 -0.026549
v 0.099558 0.407609 0.000000
v 0.053097 0.809783 0.000000
v 0.086219 0.407609 0.049779
v 0.045984 0.809783 0.026549
v 0.049779 0.407609 0.086219
v 0.026549 0.809783 0.045984
v 0.000000 0.407609 0.099558
v 0.000000 0.809783 0.053097
v -0.049779 0.407609 0.086219
v -0.026549 0.809783 0.045984
v -0.086219 0.407609 0.049779
v -0.045984 0.809783 0.026549
v -0.099558 0.407609 0.000000
v -0.053097 0.809783 0.000000
v -0.086219 0.407609 -0.049779
v -0.045984 0.809783 -0.026549
v -0.049779 0.407609 -0.086219
v -0.026549 0.809783 -0.045984
v 0.000000 0.739130 0.000000
v 0.096054 0.811232 0.069787
v -0.036689 0.811232 0.112918
v -0.118729 0.811233 0.000000
v -0.036689 0.811232 -0.112918
v 0.096054 0.811232 -0.069787
v 0.036689 0.927898 0.112918
v -0.096054 0.927898 0.069787
v -0.096054 0.927898 -0.069787
v 0.036689 0.927898 -0.112918
v 0.118729 0.927898 0.000000
v 0.000000 1.000000 0.000000
v -0.021565 0.758610 0.066371
v 0.056459 0.758610 0.041019
v 0.034894 0.800991 0.107391
v 0.112918 0.800991 0.000000
v 0.056459 0.758610 -0.041019
v -0.069787 0.758611 0.000000
v -0.091353 0.800991 0.066371
v -0.021565 0.758610 -0.066371
v -0.091353 0.800991 -0.066371
v 0.034894 0.800991 -0.107391
v 0.126247 0.869565 0.041019
v 0.126247 0.869565 -0.041019
v 0.000000 0.869565 0.132743
v 0.078025 0.869565 0.107392
v -0.126247 0.869565 0.041019
v -0.078025 0.869565 0.107392
v -0.078025 0.869565 -0.107392
v -0.126247 0.869565 -0.041019
v 0.078025 0.869565 -0.107392
v 0.000000 0.869565 -0.132743
v 0.091353 0.938139 0.066371
v -0.034894 0.938140 0.107391
v -0.112918 0.938139 0.000000
v -0.034894 0.938140 -0.107391
v 0.091353 0.938139 -0.066371
v 0.021565 0.980520 0.066371
v 0.069787 0.980520 0.000000
v -0.056459 0.980520 0.041019
v -0.056459 0.980520 -0.041019
v 0.021565 0.980520 -0.066371
v 0.608603 0.467764 -0.000000
v 0.807718 0.239504 0.000000
v 0.597530 0.461288 -0.032852
v 0.796645 0.233027 -0.032852
v 0.570796 0.445652 -0.046460
v 0.769911 0.217391 -0.046460
v 0.544063 0.430016 -0.032852
v 0.743178 0.201756 -0.032852
v 0.532990 0.423540 -0.000000
v 0.732105 0.195279 0.000000
v 0.544063 0.430016 0.032852
v 0.743178 0.201756 0.032852
v 0.570796 0.445652 0.046460
v 0.769911 0.217391 0.046460
v 0.597530 0.461288 0.032852
v 0.796645 0.233027 0.032852
v 0.815765 0.223521 0.000000
v 0.921959 -0.309087 0.000000
v 0.802334 0.221726 -0.032852
v 0.908529 -0.310883 -0.032852
v 0.769911 0.217391 -0.046460
v 0.876106 -0.315217 -0.046460
v 0.737489 0.213057 -0.032852
v 0.843683 -0.319552 -0.032852
v 0.724058 0.211261 -0.000000
v 0.830253 -0.321347 -0.000000
v 0.737489 0.213057 0.032852
v 0.843683 -0.319552 0.032852
v 0.769911 0.217391 0.046460
v 0.876106 -0.315217 0.046460
v 0.802334 0.221726 0.032852
v 0.908529 -0.310883 0.032852
v 0.000000 0.467764 -0.608603
v -0.000000 0.239504 -0.807718
v -0.032852 0.461288 -0.597530
v -0.032852 0.233027 -0.796645
v -0.046460 0.445652 -0.570796
v -0.046460 0.217391 -0.769911
v -0.032852 0.430016 -0.544063
v -0.032852 0.201756 -0.743178
v 0.000000 0.423540 -0.532990
v -0.000000 0.195279 -0.732105
v 0.032852 0.430016 -0.544063
v 0.032852 0.201756 -0.743178
v 0.046460 0.445652 -0.570796
v 0.046460 0.217391 -0.769911
v 0.032852 0.461288 -0.597530
v 0.032852 0.233027 -0.796645
v -0.000000 0.223521 -0.815765
v 0.000000 -0.309087 -0.921959
v -0.032852 0.221726 -0.802334
v -0.032852 -0.310883 -0.908529
v -0.046460 0.217391 -0.769911
v -0.046460 -0.315217 -0.876106
v -0.032852 0.213057 -0.737489
v -0.032852 -0.319552 -0.843683
v -0.000000 0.211261 -0.724058
v 0.000000 -0.321347 -0.830253
v 0.032852 0.213057 -0.737489
v 0.032852 -0.319552 -0.843683
v 0.046460 0.217391 -0.769911
v 0.046460 -0.315217 -0.876106
v 0.032852 0.221726 -0.802334
v 0.032852 -0.310883 -0.908529
v -0.608603 0.467764 -0.000000
v -0.807718 0.239504 0.000000
v -0.597530 0.461288 0.032852
v -0.796645 0.233027 0.032852
v -0.570796 0.445652 0.046460
v -0.769911 0.217391 0.046460
v -0.544063 0.430016 0.032852
v -0.743178 0.201756 0.032852
v -0.532990 0.423540 -0.000000
v -0.732105 0.195279 0.000000
v -0.544063 0.430016 -0.032852
v -0.743178 0.201756 -0.032852
v -0.570796 0.445652 -0.046460
v -0.769911 0.217391 -0.046460
v -0.597530 0.461288 -0.032852
v -0.796645 0.233027 -0.032852
v -0.815765 0.223521 0.000000
v -0.921959 -0.309087 -0.000000
v -0.802334 0.221726 0.032852
v -0.908529 -0.310883 0.032852
v -0.769911 0.217391 0.046460
v -0.876106 -0.315217 0.046460
v -0.737489 0.213057 0.032852
v -0.843683 -0.319552 0.032852
v -0.724058 0.211261 0.000000
v -0.830253 -0.321347 -0.000000
v -0.737489 0.213057 -0.032852
v -0.843683 -0.319552 -0.032852
v -0.769911 0.217391 -0.046460
v -0.876106 -0.315217 -0.046460
v -0.802334 0.221726 -0.032852
v -0.908529 -0.310883 -0.032852
v 0.000000 0.467764 0.608603
v -0.000000 0.239504 0.807718
v 0.032852 0.461288 0.597529
v 0.032852 0.233027 0.796645
v 0.046460 0.445652 0.570796
v 0.046460 0.217391 0.769911
v 0.032852 0.430016 0.544063
v 0.032852 0.201756 0.743178
v 0.000000 0.423540 0.532990
v 0.000000 0.195279 0.732105
v -0.032852 0.430016 0.544063
v -0.032852 0.201756 0.743178
v -0.046460 0.445652 0.570796
v -0.046460 0.217391 0.769911
v -0.032852 0.461288 0.597529
v -0.032852 0.233027 0.796645
v -0.000000 -0.318743 0.776549
v -0.000000 0.220917 0.776549
v 0.032852 -0.318743 0.790157
v 0.032852 0.220917 0.790157
v 0.046460 -0.318743 0.823009
v 0.046460 0.220917 0.823009
v 0.032852 -0.318743 0.855861
v 0.032852 0.220917 0.855861
v -0.000000 -0.318743 0.869469
v -0.000000 0.220917 0.869469
v -0.032852 -0.318743 0.855861
v -0.032852 0.220917 0.855861
v -0.046460 -0.318743 0.823009
v -0.046460 0.220917 0.823009
v -0.032852 -0.318743 0.790157
v -0.032852 0.220917 0.790157
vn -0.0000 -1.0000 -0.0000
vn 0.3876 -0.9159 -0.1039
vn 0.9984 -0.0561 -0.0000
vn 0.4013 -0.9159 -0.0000
vn 0.8647 -0.0561 -0.4992
vn 0.9644 -0.0561 -0.2584
vn 0.3475 -0.9159 -0.2007
vn 0.7060 -0.0561 -0.7060
vn 0.2007 -0.9159 -0.3475
vn 0.2838 -0.9159 -0.2838
vn 0.1039 -0.9159 -0.3876
vn 0.4992 -0.0561 -0.8647
vn -0.0000 -0.9159 -0.4013
vn 0.2584 -0.0561 -0.9644
vn -0.1039 -0.9159 -0.3876
vn -0.0000 -0.0561 -0.9984
vn -0.4992 -0.0561 -0.8647
vn -0.2584 -0.0561 -0.9644
vn -0.2007 -0.9159 -0.3475
vn -0.7060 -0.0561 -0.7060
vn -0.3475 -0.9159 -0.2007
vn -0.2838 -0.9159 -0.2838
vn -0.3876 -0.9159 -0.1039
vn -0.8647 -0.0561 -0.4992
vn -0.4013 -0.9159 -0.0000
vn -0.9644 -0.0561 -0.2584
vn -0.3876 -0.9159 0.1039
vn -0.9984 -0.0561 -0.0000
vn -0.8647 -0.0561 0.4992
vn -0.9644 -0.0561 0.2584
vn -0.3475 -0.9159 0.2007
vn -0.7060 -0.0561 0.7060
vn -0.2007 -0.9159 0.3475
vn -0.2838 -0.9159 0.2838
vn -0.1039 -0.9159 0.3876
vn -0.4992 -0.0561 0.8647
vn -0.0000 -0.9159 0.4013
vn -0.2584 -0.0561 0.9644
vn 0.1039 -0.9159 0.3876
vn -0.0000 -0.0561 0.9984
vn 0.4992 -0.0561 0.8647
vn 0.2584 -0.0561 0.9644
vn 0.2007 -0.9159 0.3475
vn 0.7060 -0.0561 0.7060
vn 0.3475 -0.9159 0.2007
vn 0.2838 -0.9159 0.2838
vn 0.3876 -0.9159 0.1039
vn 0.8647 -0.0561 0.4992
vn 0.9644 -0.0561 0.2584
vn 0.6086 0.7935 -0.0000
vn 0.5878 0.7935 -0.1575
vn 0.5270 0.7935 -0.3043
vn 0.3043 0.7935 -0.5270
vn 0.4303 0.7935 -0.4303
vn 0.1575 0.7935 -0.5878
vn -0.0000 0.7935 -0.6086
vn -0.1575 0.7935 -0.5878
vn -0.3043 0.7935 -0.5270
vn -0.5270 0.7935 -0.3043
vn -0.4303 0.7935 -0.4303
vn -0.5878 0.7935 -0.1575
vn -0.6086 0.7935 -0.0000
vn -0.5878 0.7935 0.1575
vn -0.5270 0.7935 0.3043
vn -0.3043 0.7935 0.5270
vn -0.4303 0.7935 0.4303
vn -0.1575 0.7935 0.5878
vn -0.0000 0.7935 0.6086
vn 0.1575 0.7935 0.5878
vn 0.3043 0.7935 0.5270
vn 0.5270 0.7935 0.3043
vn 0.4303 0.7935 0.4303
vn 0.5878 0.7935 0.1575
vn 0.2085 0.9780 -0.0000
vn 0.1805 0.9780 -0.1042
vn 0.2014 0.9780 -0.0540
vn 0.1474 0.9780 -0.1474
vn 0.1042 0.9780 -0.1805
vn 0.0540 0.9780 -0.2014
vn -0.0000 0.9780 -0.2085
vn -0.1042 0.9780 -0.1805
vn -0.0540 0.9780 -0.2014
vn -0.1474 0.9780 -0.1474
vn -0.1805 0.9780 -0.1042
vn -0.2014 0.9780 -0.0540
vn -0.2085 0.9780 -0.0000
vn -0.1805 0.9780 0.1042
vn -0.2014 0.9780 0.0540
vn -0.1474 0.9780 0.1474
vn -0.1042 0.9780 0.1805
vn -0.0540 0.9780 0.2014
vn -0.0000 0.9780 0.2085
vn 0.1042 0.9780 0.1805
vn 0.0540 0.9780 0.2014
vn 0.1474 0.9780 0.1474
vn 0.1805 0.9780 0.1042
vn 0.2014 0.9780 0.0540
vn -0.0000 1.0000 -0.0000
vn 0.1355 -0.9901 -0.0363
vn 0.6869 -0.7268 -0.0000
vn 0.1403 -0.9901 -0.0000
vn 0.5949 -0.7268 -0.3434
vn 0.6635 -0.7268 -0.1778
vn 0.1215 -0.9901 -0.0701
vn 0.4857 -0.7268 -0.4857
vn 0.0992 -0.9901 -0.0992
vn 0.3434 -0.7268 -0.5949
vn 0.0363 -0.9901 -0.1355
vn 0.0701 -0.9901 -0.1215
vn -0.0000 -0.7268 -0.6869
vn 0.1778 -0.7268 -0.6635
vn -0.0363 -0.9901 -0.1355
vn -0.0000 -0.9901 -0.1403
vn -0.3434 -0.7268 -0.5949
vn -0.1778 -0.7268 -0.6635
vn -0.0701 -0.9901 -0.1215
vn -0.4857 -0.7268 -0.4857
vn -0.0992 -0.9901 -0.0992
vn -0.5949 -0.7268 -0.3434
vn -0.1355 -0.9901 -0.0363
vn -0.1215 -0.9901 -0.0701
vn -0.6869 -0.7268 -0.0000
vn -0.6635 -0.7268 -0.1778
vn -0.1355 -0.9901 0.0363
vn -0.1403 -0.9901 -0.0000
vn -0.5949 -0.7268 0.3434
vn -0.6635 -0.7268 0.1778
vn -0.1215 -0.9901 0.0701
vn -0.4857 -0.7268 0.4857
vn -0.0992 -0.9901 0.0992
vn -0.3434 -0.7268 0.5949
vn -0.0363 -0.9901 0.1355
vn -0.0701 -0.9901 0.1215
vn -0.0000 -0.7268 0.6869
vn -0.1778 -0.7268 0.6635
vn 0.0363 -0.9901 0.1355
vn -0.0000 -0.9901 0.1403
vn 0.3434 -0.7268 0.5949
vn 0.1778 -0.7268 0.6635
vn 0.0701 -0.9901 0.1215
vn 0.4857 -0.7268 0.4857
vn 0.0992 -0.9901 0.0992
vn 0.5949 -0.7268 0.3434
vn 0.1355 -0.9901 0.0363
vn 0.1215 -0.9901 0.0701
vn 0.6635 -0.7268 0.1778
vn 0.9963 0.0856 -0.0000
vn 0.9624 0.0856 -0.2579
vn 0.8628 0.0856 -0.4982
vn 0.7045 0.0856 -0.7045
vn 0.4982 0.0856 -0.8628
vn 0.2579 0.0856 -0.9624
vn -0.0000 0.0856 -0.9963
vn -0.2579 0.0856 -0.9624
vn -0.4982 0.0856 -0.8628
vn -0.7045 0.0856 -0.7045
vn -0.8628 0.0856 -0.4982
vn -0.9624 0.0856 -0.2579
vn -0.9963 0.0856 -0.0000
vn -0.9624 0.0856 0.2579
vn -0.8628 0.0856 0.4982
vn -0.7045 0.0856 0.7045
vn -0.4982 0.0856 0.8628
vn -0.2579 0.0856 0.9624
vn -0.0000 0.0856 0.9963
vn 0.2579 0.0856 0.9624
vn 0.4982 0.0856 0.8628
vn 0.7045 0.0856 0.7045
vn 0.8628 0.0856 0.4982
vn 0.9624 0.0856 0.2579
vn 0.5191 0.8547 -0.0000
vn 0.5014 0.8547 -0.1344
vn 0.4496 0.8547 -0.2595
vn 0.2595 0.8547 -0.4496
vn 0.3671 0.8547 -0.3671
vn 0.1344 0.8547 -0.5014
vn -0.0000 0.8547 -0.5191
vn -0.1344 0.8547 -0.5014
vn -0.2595 0.8547 -0.4496
vn -0.4496 0.8547 -0.2595
vn -0.3671 0.8547 -0.3671
vn -0.5014 0.8547 -0.1344
vn -0.5191 0.8547 -0.0000
vn -0.5014 0.8547 0.1344
vn -0.4496 0.8547 0.2595
vn -0.2595 0.8547 0.4496
vn -0.3671 0.8547 0.3671
vn -0.1344 0.8547 0.5014
vn -0.0000 0.8547 0.5191
vn 0.1344 0.8547 0.5014
vn 0.2595 0.8547 0.4496
vn 0.4496 0.8547 0.2595
vn 0.3671 0.8547 0.3671
vn 0.5014 0.8547 0.1344
vn -0.5143 0.8576 -0.0000
vn -0.4968 0.8576 0.1331
vn -0.3637 0.8576 0.3637
vn -0.4454 0.8576 0.2571
vn -0.2571 0.8576 0.4454
vn -0.1331 0.8576 0.4968
vn -0.0000 0.8576 0.5143
vn 0.1331 0.8576 0.4968
vn 0.3637 0.8576 0.3637
vn 0.2571 0.8576 0.4454
vn 0.4454 0.8576 0.2571
vn 0.4968 0.8576 0.1331
vn 0.5143 0.8576 -0.0000
vn 0.4968 0.8576 -0.1331
vn 0.3637 0.8576 -0.3637
vn 0.4454 0.8576 -0.2571
vn 0.2571 0.8576 -0.4454
vn 0.1331 0.8576 -0.4968
vn -0.0000 0.8576 -0.5143
vn -0.1331 0.8576 -0.4968
vn -0.3637 0.8576 -0.3637
vn -0.2571 0.8576 -0.4454
vn -0.4454 0.8576 -0.2571
vn -0.4968 0.8576 -0.1331
vn -0.7321 0.6812 -0.0000
vn -0.7071 0.6813 0.1895
vn -0.5176 0.6812 0.5176
vn -0.6340 0.6812 0.3660
vn -0.3660 0.6812 0.6340
vn -0.1895 0.6813 0.7071
vn -0.0000 0.6812 0.7321
vn 0.1895 0.6813 0.7071
vn 0.5176 0.6812 0.5176
vn 0.3660 0.6812 0.6340
vn 0.6340 0.6813 0.3660
vn 0.7071 0.6813 0.1895
vn 0.7321 0.6812 -0.0000
vn 0.7071 0.6813 -0.1895
vn 0.5176 0.6812 -0.5176
vn 0.6340 0.6812 -0.3660
vn 0.3660 0.6812 -0.6340
vn 0.1895 0.6813 -0.7071
vn -0.0000 0.6812 -0.7321
vn -0.1895 0.6813 -0.7071
vn -0.5176 0.6812 -0.5176
vn -0.3660 0.6812 -0.6340
vn -0.6340 0.6813 -0.3660
vn -0.7071 0.6813 -0.1895
vn -0.2374 0.9714 -0.0000
vn -0.2293 0.9714 0.0614
vn -0.1679 0.9714 0.1679
vn -0.2056 0.9714 0.1187
vn -0.1187 0.9714 0.2056
vn -0.0000 0.9714 0.2374
vn -0.0614 0.9714 0.2293
vn 0.0614 0.9714 0.2293
vn 0.1679 0.9714 0.1679
vn 0.1187 0.9714 0.2056
vn 0.2056 0.9714 0.1187
vn 0.2374 0.9714 -0.0000
vn 0.2293 0.9714 0.0614
vn 0.2293 0.9714 -0.0614
vn 0.1679 0.9714 -0.1679
vn 0.2056 0.9714 -0.1187
vn 0.1187 0.9714 -0.2056
vn -0.0000 0.9714 -0.2374
vn 0.0614 0.9714 -0.2293
vn -0.0614 0.9714 -0.2293
vn -0.1679 0.9714 -0.1679
vn -0.1187 0.9714 -0.2056
vn -0.2056 0.9714 -0.1187
vn -0.2293 0.9714 -0.0614
vn -0.0000 0.6789 -0.7343
vn 0.1900 -0.6789 -0.7092
vn -0.0000 -0.6789 -0.7343
vn 0.1900 0.6789 -0.7092
vn 0.3671 -0.6789 -0.6359
vn 0.3671 0.6789 -0.6359
vn 0.5192 -0.6789 -0.5192
vn 0.5192 0.6789 -0.5192
vn 0.6359 -0.6789 -0.3671
vn 0.6359 0.6789 -0.3671
vn 0.7092 -0.6789 -0.1900
vn 0.7092 0.6789 -0.1900
vn 0.7343 -0.6789 -0.0000
vn 0.7343 0.6789 -0.0000
vn 0.7092 -0.6789 0.1900
vn 0.7092 0.6789 0.1900
vn 0.6359 -0.6789 0.3671
vn 0.6359 0.6789 0.3671
vn 0.5192 -0.6789 0.5192
vn 0.5192 0.6789 0.5192
vn 0.3671 -0.6789 0.6359
vn 0.3671 0.6789 0.6359
vn 0.1900 -0.6789 0.7092
vn 0.1900 0.6789 0.7092
vn -0.0000 -0.6789 0.7343
vn -0.0000 0.6789 0.7343
vn -0.1900 -0.6789 0.7092
vn -0.1900 0.6789 0.7092
vn -0.3671 -0.6789 0.6359
vn -0.3671 0.6789 0.6359
vn -0.5192 -0.6789 0.5192
vn -0.5192 0.6789 0.5192
vn -0.6359 -0.6789 0.3671
vn -0.6359 0.6789 0.3671
vn -0.7092 -0.6789 0.1900
vn -0.7092 0.6789 0.1900
vn -0.7343 -0.6789 -0.0000
vn -0.7343 0.6789 -0.0000
vn -0.7092 -0.6789 -0.1900
vn -0.7092 0.6789 -0.1900
vn -0.6359 -0.6789 -0.3671
vn -0.6359 0.6789 -0.3671
vn -0.5192 -0.6789 -0.5192
vn -0.5192 0.6789 -0.5192
vn -0.3671 -0.6789 -0.6359
vn -0.3671 0.6789 -0.6359
vn -0.1900 -0.6789 -0.7092
vn -0.1900 0.6789 -0.7092
vn 0.6404 -0.7393 -0.2081
vn 0.9508 0.3097 -0.0000
vn 0.6734 -0.7393 -0.0000
vn 0.5448 -0.7393 -0.3958
vn 0.9043 0.3097 -0.2938
vn 0.3958 -0.7393 -0.5448
vn 0.7693 0.3097 -0.5589
vn 0.2081 -0.7393 -0.6404
vn 0.5589 0.3097 -0.7693
vn -0.0000 -0.7393 -0.6734
vn 0.2938 0.3097 -0.9043
vn -0.2081 -0.7393 -0.6404
vn -0.0000 0.3097 -0.9508
vn -0.3958 -0.7393 -0.5448
vn -0.2938 0.3097 -0.9043
vn -0.5448 -0.7393 -0.3958
vn -0.5589 0.3097 -0.7693
vn -0.6404 -0.7393 -0.2081
vn -0.7693 0.3097 -0.5589
vn -0.6734 -0.7393 -0.0000
vn -0.9043 0.3097 -0.2938
vn -0.6404 -0.7393 0.2081
vn -0.9508 0.3097 -0.0000
vn -0.5448 -0.7393 0.3958
vn -0.9043 0.3097 0.2938
vn -0.3958 -0.7393 0.5448
vn -0.7693 0.3097 0.5589
vn -0.2081 -0.7393 0.6404
vn -0.5589 0.3097 0.7693
vn -0.0000 -0.7393 0.6734
vn -0.2938 0.3097 0.9043
vn 0.2081 -0.7393 0.6404
vn -0.0000 0.3097 0.9508
vn 0.3958 -0.7393 0.5448
vn 0.2938 0.3097 0.9043
vn 0.5448 -0.7393 0.3958
vn 0.5589 0.3097 0.7693
vn 0.6404 -0.7393 0.2081
vn 0.7693 0.3097 0.5589
vn 0.9043 0.3097 0.2938
vn 0.8793 0.4763 -0.0000
vn 0.8363 0.4763 -0.2717
vn 0.7114 0.4763 -0.5168
vn 0.2717 0.4763 -0.8363
vn 0.5168 0.4763 -0.7114
vn -0.0000 0.4763 -0.8793
vn -0.2717 0.4763 -0.8363
vn -0.5168 0.4763 -0.7114
vn -0.8363 0.4763 -0.2717
vn -0.7114 0.4763 -0.5168
vn -0.8793 0.4763 -0.0000
vn -0.8363 0.4763 0.2717
vn -0.7114 0.4763 0.5168
vn -0.2717 0.4763 0.8363
vn -0.5168 0.4763 0.7114
vn -0.0000 0.4763 0.8793
vn 0.2717 0.4763 0.8363
vn 0.5168 0.4763 0.7114
vn 0.8363 0.4763 0.2717
vn 0.7114 0.4763 0.5168
vn 0.8431 -0.5377 -0.0000
vn 0.8019 -0.5377 -0.2605
vn 0.6821 -0.5377 -0.4956
vn 0.4956 -0.5377 -0.6821
vn 0.2605 -0.5377 -0.8019
vn -0.0000 -0.5377 -0.8431
vn -0.2605 -0.5377 -0.8019
vn -0.4956 -0.5377 -0.6821
vn -0.6821 -0.5377 -0.4956
vn -0.8019 -0.5377 -0.2605
vn -0.8431 -0.5377 -0.0000
vn -0.8019 -0.5377 0.2605
vn -0.6821 -0.5377 0.4956
vn -0.4956 -0.5377 0.6821
vn -0.2605 -0.5377 0.8019
vn -0.0000 -0.5377 0.8431
vn 0.2605 -0.5377 0.8019
vn 0.4956 -0.5377 0.6821
vn 0.6821 -0.5377 0.4956
vn 0.8019 -0.5377 0.2605
vn 0.9842 0.1768 -0.0000
vn 0.7963 0.1768 -0.5785
vn 0.9361 0.1768 -0.3041
vn 0.5785 0.1768 -0.7963
vn 0.3041 0.1768 -0.9361
vn -0.0000 0.1768 -0.9842
vn -0.5785 0.1768 -0.7963
vn -0.3041 0.1768 -0.9361
vn -0.7963 0.1768 -0.5785
vn -0.9361 0.1768 -0.3041
vn -0.9842 0.1768 -0.0000
vn -0.7963 0.1768 0.5785
vn -0.9361 0.1768 0.3041
vn -0.5785 0.1768 0.7963
vn -0.3041 0.1768 0.9361
vn -0.0000 0.1768 0.9842
vn 0.5785 0.1768 0.7963
vn 0.3041 0.1768 0.9361
vn 0.7963 0.1768 0.5785
vn 0.9361 0.1768 0.3041
vn 0.1334 -0.9901 -0.0434
vn 0.6834 -0.7301 -0.0000
vn 0.1135 -0.9901 -0.0825
vn 0.6499 -0.7301 -0.2112
vn 0.0825 -0.9901 -0.1135
vn 0.5529 -0.7301 -0.4017
vn 0.2112 -0.7301 -0.6499
vn 0.4017 -0.7301 -0.5529
vn 0.0434 -0.9901 -0.1334
vn -0.0000 -0.7301 -0.6834
vn -0.0434 -0.9901 -0.1334
vn -0.0825 -0.9901 -0.1135
vn -0.2112 -0.7301 -0.6499
vn -0.1135 -0.9901 -0.0825
vn -0.4017 -0.7301 -0.5529
vn -0.6499 -0.7301 -0.2112
vn -0.5529 -0.7301 -0.4017
vn -0.1334 -0.9901 -0.0434
vn -0.6834 -0.7301 -0.0000
vn -0.1334 -0.9901 0.0434
vn -0.1135 -0.9901 0.0825
vn -0.6499 -0.7301 0.2112
vn -0.0825 -0.9901 0.1135
vn -0.5529 -0.7301 0.4017
vn -0.2112 -0.7301 0.6499
vn -0.4017 -0.7301 0.5529
vn -0.0434 -0.9901 0.1334
vn -0.0000 -0.7301 0.6834
vn 0.0434 -0.9901 0.1334
vn 0.0825 -0.9901 0.1135
vn 0.2112 -0.7301 0.6499
vn 0.1135 -0.9901 0.0825
vn 0.4017 -0.7301 0.5529
vn 0.6499 -0.7301 0.2112
vn 0.5529 -0.7301 0.4017
vn 0.1334 -0.9901 0.0434
vn 0.9989 0.0459 -0.0000
vn 0.9501 0.0459 -0.3087
vn 0.8082 0.0459 -0.5872
vn 0.5872 0.0459 -0.8082
vn 0.3087 0.0459 -0.9501
vn -0.0000 0.0459 -0.9989
vn -0.3087 0.0459 -0.9501
vn -0.5872 0.0459 -0.8082
vn -0.8082 0.0459 -0.5872
vn -0.9501 0.0459 -0.3087
vn -0.9989 0.0459 -0.0000
vn -0.9501 0.0459 0.3087
vn -0.8082 0.0459 0.5872
vn -0.5872 0.0459 0.8082
vn -0.3087 0.0459 0.9501
vn -0.0000 0.0459 0.9989
vn 0.3087 0.0459 0.9501
vn 0.5872 0.0459 0.8082
vn 0.8082 0.0459 0.5872
vn 0.9501 0.0459 0.3087
vn 0.5537 0.8327 -0.0000
vn 0.5266 0.8327 -0.1711
vn 0.4480 0.8327 -0.3255
vn 0.1711 0.8327 -0.5266
vn 0.3255 0.8327 -0.4480
vn -0.0000 0.8327 -0.5537
vn -0.1711 0.8327 -0.5266
vn -0.3255 0.8327 -0.4480
vn -0.5266 0.8327 -0.1711
vn -0.4480 0.8327 -0.3255
vn -0.5537 0.8327 -0.0000
vn -0.5266 0.8327 0.1711
vn -0.4480 0.8327 0.3255
vn -0.1711 0.8327 0.5266
vn -0.3255 0.8327 0.4480
vn -0.0000 0.8327 0.5537
vn 0.1711 0.8327 0.5266
vn 0.3255 0.8327 0.4480
vn 0.5266 0.8327 0.1711
vn 0.4480 0.8327 0.3255
vn -0.4779 0.8784 -0.0000
vn -0.4545 0.8784 0.1477
vn -0.3867 0.8784 0.2809
vn -0.1477 0.8784 0.4545
vn -0.2809 0.8784 0.3867
vn -0.0000 0.8784 0.4779
vn 0.1477 0.8784 0.4545
vn 0.2809 0.8784 0.3867
vn 0.4545 0.8784 0.1477
vn 0.3867 0.8784 0.2809
vn 0.4779 0.8784 -0.0000
vn 0.4545 0.8784 -0.1477
vn 0.3867 0.8784 -0.2809
vn 0.1477 0.8784 -0.4545
vn 0.2809 0.8784 -0.3867
vn -0.0000 0.8784 -0.4779
vn -0.1477 0.8784 -0.4545
vn -0.2809 0.8784 -0.3867
vn -0.4545 0.8784 -0.1477
vn -0.3867 0.8784 -0.2809
vn -0.7455 0.6665 -0.0000
vn -0.7090 0.6665 0.2304
vn -0.6031 0.6665 0.4382
vn -0.4382 0.6665 0.6031
vn -0.2304 0.6665 0.7090
vn -0.0000 0.6665 0.7455
vn 0.2304 0.6665 0.7090
vn 0.4382 0.6665 0.6031
vn 0.6031 0.6665 0.4382
vn 0.7090 0.6665 0.2304
vn 0.7455 0.6665 -0.0000
vn 0.7090 0.6665 -0.2304
vn 0.6031 0.6665 -0.4382
vn 0.4382 0.6665 -0.6031
vn 0.2304 0.6665 -0.7090
vn -0.0000 0.6665 -0.7455
vn -0.2304 0.6665 -0.7090
vn -0.4382 0.6665 -0.6031
vn -0.6031 0.6665 -0.4382
vn -0.7090 0.6665 -0.2304
vn -0.2864 0.9536 0.0931
vn -0.3012 0.9536 -0.0000
vn -0.2437 0.9536 0.1770
vn -0.1770 0.9536 0.2437
vn -0.0931 0.9536 0.2864
vn 0.0931 0.9536 0.2864
vn -0.0000 0.9536 0.3012
vn 0.1770 0.9536 0.2437
vn 0.2437 0.9536 0.1770
vn 0.2864 0.9536 0.0931
vn 0.2864 0.9536 -0.0931
vn 0.3012 0.9536 -0.0000
vn 0.2437 0.9536 -0.1770
vn 0.1770 0.9536 -0.2437
vn 0.0931 0.9536 -0.2864
vn -0.0931 0.9536 -0.2864
vn -0.0000 0.9536 -0.3012
vn -0.1770 0.9536 -0.2437
vn -0.2437 0.9536 -0.1770
vn -0.2864 0.9536 -0.0931
vn -0.0000 0.6953 -0.7187
vn 0.3963 -0.6097 -0.6864
vn -0.0000 -0.6097 -0.7926
vn 0.3593 0.6953 -0.6224
vn 0.6864 -0.6097 -0.3963
vn 0.6224 0.6953 -0.3593
vn 0.7926 -0.6097 -0.0000
vn 0.7187 0.6953 -0.0000
vn 0.6864 -0.6097 0.3963
vn 0.6224 0.6953 0.3593
vn 0.3963 -0.6097 0.6864
vn 0.3593 0.6953 0.6224
vn -0.0000 -0.6097 0.7926
vn -0.0000 0.6953 0.7187
vn -0.3963 -0.6097 0.6864
vn -0.3593 0.6953 0.6224
vn -0.6864 -0.6097 0.3963
vn -0.6224 0.6953 0.3593
vn -0.7926 -0.6097 -0.0000
vn -0.7187 0.6953 -0.0000
vn -0.6864 -0.6097 -0.3963
vn -0.6224 0.6953 -0.3593
vn -0.3963 -0.6097 -0.6864
vn -0.3593 0.6953 -0.6224
vn 0.1008 -0.9453 0.3102
vn 0.6948 -0.6682 0.2660
vn -0.2639 -0.9453 0.1917
vn -0.2639 -0.9453 -0.1917
vn 0.1008 -0.9453 -0.3102
vn 0.9032 -0.3356 0.2675
vn 0.0247 -0.3356 0.9417
vn -0.8880 -0.3356 0.3145
vn -0.5735 -0.3356 -0.7473
vn 0.5335 -0.3356 -0.7764
vn 0.8024 -0.1278 0.5830
vn -0.3065 -0.1278 0.9433
vn -0.9918 -0.1278 -0.0000
vn -0.3065 -0.1278 -0.9433
vn 0.8024 -0.1278 -0.5830
vn 0.4058 0.6682 0.6236
vn -0.4677 0.6682 0.5786
vn -0.6948 0.6682 -0.2660
vn 0.0382 0.6682 -0.7430
vn 0.7184 0.6682 -0.1932
vn 0.2639 0.9453 -0.1917
vn 0.4857 0.7998 -0.3529
vn 0.4058 0.6682 -0.6236
vn -0.1008 0.9453 -0.3102
vn -0.1855 0.7998 -0.5709
vn -0.4677 0.6682 -0.5786
vn -0.3262 0.9453 -0.0000
vn -0.6003 0.7998 -0.0000
vn -0.6948 0.6682 0.2660
vn -0.1008 0.9453 0.3102
vn -0.1855 0.7998 0.5709
vn 0.0382 0.6682 0.7430
vn 0.2639 0.9453 0.1917
vn 0.4857 0.7998 0.3529
vn 0.7184 0.6682 0.1932
vn 0.8880 0.3356 -0.3145
vn 0.7942 0.1908 -0.5770
vn 0.5735 0.3356 -0.7473
vn -0.0247 0.3356 -0.9417
vn -0.3033 0.1908 -0.9336
vn -0.5335 0.3356 -0.7764
vn -0.9032 0.3356 -0.2675
vn -0.9816 0.1908 -0.0000
vn -0.9032 0.3356 0.2675
vn -0.5335 0.3356 0.7764
vn -0.3033 0.1908 0.9336
vn -0.0247 0.3356 0.9417
vn 0.5735 0.3356 0.7473
vn 0.7942 0.1908 0.5770
vn 0.8880 0.3356 0.3145
vn 0.3065 0.1278 -0.9433
vn 0.3033 -0.1908 -0.9336
vn 0.0247 -0.3356 -0.9417
vn -0.8024 0.1278 -0.5830
vn -0.7942 -0.1908 -0.5770
vn -0.8880 -0.3356 -0.3145
vn -0.8024 0.1278 0.5830
vn -0.7942 -0.1908 0.5770
vn -0.5735 -0.3356 0.7473
vn 0.3065 0.1278 0.9433
vn 0.3033 -0.1908 0.9336
vn 0.5335 -0.3356 0.7764
vn 0.9918 0.1278 -0.0000
vn 0.9816 -0.1908 -0.0000
vn 0.9032 -0.3356 -0.2675
vn 0.4677 -0.6682 -0.5786
vn 0.1855 -0.7998 -0.5709
vn -0.0382 -0.6682 -0.7430
vn -0.4058 -0.6682 -0.6236
vn -0.4857 -0.7998 -0.3529
vn -0.7184 -0.6682 -0.1932
vn -0.7184 -0.6682 0.1932
vn -0.4857 -0.7998 0.3529
vn -0.4058 -0.6682 0.6236
vn 0.6948 -0.6682 -0.2660
vn 0.6003 -0.7998 -0.0000
vn 0.3262 -0.9453 -0.0000
vn -0.0382 -0.6682 0.7430
vn 0.1855 -0.7998 0.5709
vn 0.4677 -0.6682 0.5786
vn 0.2594 0.9658 -0.0000
vn 0.8146 -0.1919 -0.5474
vn 0.0996 0.8450 -0.5254
vn 0.3470 -0.5189 -0.7812
vn -0.3470 0.5189 -0.7812
vn -0.0996 -0.8450 -0.5254
vn -0.8146 0.1919 -0.5474
vn -0.2594 -0.9658 -0.0000
vn -0.9977 0.0674 -0.0000
vn -0.8146 0.1919 0.5474
vn -0.0996 -0.8450 0.5254
vn -0.3470 0.5189 0.7812
vn 0.5049 -0.8632 -0.0000
vn 0.3470 -0.5189 0.7812
vn 0.0996 0.8450 0.5254
vn 0.8146 -0.1919 0.5474
vn -0.5049 0.8632 -0.0000
vn 0.6628 0.7488 -0.0000
vn 0.6418 -0.5327 -0.5517
vn 0.4435 0.7120 -0.5443
vn 0.0955 -0.6225 -0.7768
vn -0.0955 0.6225 -0.7768
vn -0.4435 -0.7120 -0.5443
vn -0.6418 0.5326 -0.5517
vn -0.6628 -0.7488 -0.0000
vn -0.8685 0.4957 -0.0000
vn -0.6418 0.5326 0.5517
vn -0.4435 -0.7120 0.5443
vn -0.0955 0.6225 0.7768
vn 0.1325 -0.9912 -0.0000
vn 0.0955 -0.6225 0.7768
vn 0.4435 0.7120 0.5443
vn 0.6418 -0.5327 0.5517
vn -0.1325 0.9912 -0.0000
vn -0.0000 0.9658 -0.2594
vn -0.5474 -0.1919 -0.8146
vn -0.5254 0.8450 -0.0996
vn -0.7812 -0.5189 -0.3470
vn -0.7812 0.5189 0.3470
vn -0.5254 -0.8450 0.0996
vn -0.5474 0.1919 0.8146
vn -0.0000 -0.9658 0.2594
vn -0.0000 0.0674 0.9977
vn 0.5474 0.1919 0.8146
vn 0.5254 -0.8450 0.0996
vn 0.7812 0.5189 0.3470
vn -0.0000 -0.8632 -0.5049
vn 0.7812 -0.5189 -0.3470
vn 0.5254 0.8450 -0.0996
vn 0.5474 -0.1919 -0.8146
vn -0.0000 0.8632 0.5049
vn -0.0000 0.7488 -0.6628
vn -0.5517 -0.5327 -0.6418
vn -0.5443 0.7120 -0.4435
vn -0.7768 -0.6225 -0.0955
vn -0.7768 0.6225 0.0955
vn -0.5443 -0.7120 0.4435
vn -0.5517 0.5326 0.6418
vn -0.0000 -0.7488 0.6628
vn -0.0000 0.4957 0.8685
vn 0.5517 0.5326 0.6418
vn 0.5443 -0.7120 0.4435
vn 0.7768 0.6225 0.0955
vn -0.0000 -0.9912 -0.1325
vn 0.7768 -0.6225 -0.0955
vn 0.5443 0.7120 -0.4435
vn 0.5517 -0.5327 -0.6418
vn -0.0000 0.9912 0.1325
vn -0.2594 0.9658 -0.0000
vn -0.8146 -0.1919 0.5474
vn -0.0996 0.8450 0.5254
vn -0.3470 -0.5189 0.7812
vn 0.3470 0.5189 0.7812
vn 0.0996 -0.8450 0.5254
vn 0.8146 0.1919 0.5474
vn 0.2594 -0.9658 -0.0000
vn 0.9977 0.0674 -0.0000
vn 0.8146 0.1919 -0.5474
vn 0.0996 -0.8450 -0.5254
vn 0.3470 0.5189 -0.7812
vn -0.5049 -0.8632 -0.0000
vn -0.3470 -0.5189 -0.7812
vn -0.0996 0.8450 -0.5254
vn -0.8146 -0.1919 -0.5474
vn 0.5049 0.8632 -0.0000
vn -0.6628 0.7488 -0.0000
vn -0.6418 -0.5327 0.5517
vn -0.4435 0.7120 0.5443
vn -0.0955 -0.6225 0.7768
vn 0.0955 0.6225 0.7768
vn 0.4435 -0.7120 0.5443
vn 0.6418 0.5326 0.5517
vn 0.6628 -0.7488 -0.0000
vn 0.8685 0.4957 -0.0000
vn 0.6418 0.5327 -0.5517
vn 0.4435 -0.7120 -0.5443
vn 0.0955 0.6225 -0.7768
vn -0.1325 -0.9912 -0.0000
vn -0.0955 -0.6225 -0.7768
vn -0.4435 0.7120 -0.5443
vn -0.6418 -0.5327 -0.5517
vn 0.1325 0.9912 -0.0000
vn -0.0000 0.9658 0.2594
vn 0.5474 -0.1919 0.8146
vn 0.5254 0.8450 0.0996
vn 0.7812 -0.5189 0.3470
vn 0.7812 0.5189 -0.3470
vn 0.5254 -0.8450 -0.0996
vn 0.5474 0.1919 -0.8146
vn -0.0000 -0.9658 -0.2594
vn -0.0000 0.0674 -0.9977
vn -0.5474 0.1919 -0.8146
vn -0.5254 -0.8450 -0.0996
vn -0.7812 0.5189 -0.3470
vn -0.0000 -0.8632 0.5049
vn -0.7812 -0.5189 0.3470
vn -0.5254 0.8450 0.0996
vn -0.5474 -0.1919 0.8146
vn -0.0000 0.8632 -0.5049
vn -0.0000 0.6303 -0.7764
vn 0.5490 -0.6303 -0.5490
vn -0.0000 -0.6303 -0.7764
vn 0.5490 0.6303 -0.5490
vn 0.7764 -0.6303 -0.0000
vn 0.7764 0.6303 -0.0000
vn 0.5490 -0.6303 0.5490
vn 0.5490 0.6303 0.5490
vn -0.0000 -0.6303 0.7764
vn -0.0000 0.6303 0.7764
vn -0.5490 -0.6303 0.5490
vn -0.5490 0.6303 0.5490
vn -0.7764 -0.6303 -0.0000
vn -0.7764 0.6303 -0.0000
vn -0.5490 -0.6303 -0.5490
vn -0.5490 0.6303 -0.5490
vn 0.9977 -0.0674 -0.0000
vn 0.8685 -0.4957 -0.0000
vn -0.0000 -0.0674 -0.9977
vn -0.0000 -0.4957 -0.8685
vn -0.9977 -0.0674 -0.0000
vn -0.8685 -0.4957 -0.0000
vn -0.0000 -0.0674 0.9977
vt 0.591386 0.242774
vt 0.350700 0.210772
vt 0.498485 0.016254
vt 0.461896 0.016254
vt 0.500577 0.000000
vt 0.420317 0.010672
vt 0.459752 0.000000
vt 0.426554 0.025818
vt 0.384961 0.031288
vt 0.368994 0.070426
vt 0.394867 0.044295
vt 0.350700 0.102428
vt 0.356093 0.060444
vt 0.341230 0.138123
vt 0.335680 0.096153
vt 0.341230 0.175077
vt 0.325114 0.135980
vt 0.335680 0.217041
vt 0.325114 0.177213
vt 0.356093 0.252749
vt 0.394867 0.268905
vt 0.368994 0.242774
vt 0.426554 0.287382
vt 0.384961 0.281905
vt 0.461896 0.296946
vt 0.420317 0.302521
vt 0.498485 0.296946
vt 0.459752 0.313193
vt 0.540012 0.302521
vt 0.500577 0.313193
vt 0.533827 0.287382
vt 0.575368 0.281905
vt 0.565514 0.268905
vt 0.609681 0.210771
vt 0.604236 0.252749
vt 0.619151 0.175077
vt 0.624649 0.217040
vt 0.619151 0.138123
vt 0.635215 0.177213
vt 0.624649 0.096152
vt 0.635215 0.135980
vt 0.609681 0.102428
vt 0.604236 0.060444
vt 0.565514 0.044295
vt 0.591386 0.070425
vt 0.533827 0.025818
vt 0.575368 0.031288
vt 0.540012 0.010672
vt 0.177063 0.806559
vt 0.162498 0.765243
vt 0.177324 0.766375
vt 0.176518 0.842983
vt 0.162257 0.802395
vt 0.346047 0.565432
vt 0.382362 0.584603
vt 0.375328 0.594165
vt 0.226155 0.650801
vt 0.212001 0.690568
vt 0.211398 0.658501
vt 0.226807 0.685486
vt 0.212341 0.726877
vt 0.227232 0.765945
vt 0.227174 0.724759
vt 0.226976 0.806236
vt 0.212394 0.764955
vt 0.226423 0.842888
vt 0.212157 0.802205
vt 0.371755 0.343574
vt 0.352757 0.380265
vt 0.343306 0.373147
vt 0.411471 0.333390
vt 0.379059 0.352924
vt 0.187292 0.842983
vt 0.201553 0.802395
vt 0.202057 0.836070
vt 0.186486 0.766375
vt 0.186746 0.806559
vt 0.186527 0.725168
vt 0.201312 0.765243
vt 0.186869 0.685749
vt 0.201350 0.727147
vt 0.187486 0.650801
vt 0.201666 0.690702
vt 0.251141 0.650801
vt 0.236973 0.690568
vt 0.236393 0.658501
vt 0.251768 0.685486
vt 0.237300 0.726877
vt 0.252177 0.765945
vt 0.252121 0.724759
vt 0.251930 0.806236
vt 0.237351 0.764955
vt 0.251399 0.842888
vt 0.237123 0.802205
vt 0.565715 0.591396
vt 0.584683 0.554702
vt 0.594165 0.561823
vt 0.176323 0.650801
vt 0.162144 0.690702
vt 0.161573 0.658392
vt 0.176941 0.685749
vt 0.162459 0.727147
vt 0.177282 0.725168
vt 0.415318 0.603186
vt 0.454306 0.591800
vt 0.451914 0.612521
vt 0.394690 0.567870
vt 0.422938 0.583799
vt 0.355291 0.558038
vt 0.335950 0.525302
vt 0.371487 0.545101
vt 0.325658 0.488627
vt 0.354909 0.517042
vt 0.325114 0.450510
vt 0.346086 0.485605
vt 0.334357 0.413550
vt 0.345620 0.452933
vt 0.369314 0.392724
vt 0.353543 0.421253
vt 0.391859 0.369289
vt 0.447785 0.322995
vt 0.419641 0.352546
vt 0.485526 0.322446
vt 0.450767 0.343635
vt 0.522121 0.331781
vt 0.483116 0.343165
vt 0.542731 0.367094
vt 0.514483 0.351166
vt 0.582148 0.376929
vt 0.555077 0.350364
vt 0.601489 0.409664
vt 0.565935 0.389864
vt 0.611782 0.446340
vt 0.582513 0.417923
vt 0.612325 0.484457
vt 0.591335 0.449360
vt 0.603082 0.521417
vt 0.591801 0.482031
vt 0.568108 0.542241
vt 0.583879 0.513711
vt 0.558381 0.582042
vt 0.525968 0.601576
vt 0.545563 0.565676
vt 0.489654 0.611972
vt 0.517781 0.582419
vt 0.486655 0.591330
vt 0.232328 0.544824
vt 0.065115 0.522590
vt 0.167786 0.387452
vt 0.142366 0.387452
vt 0.175463 0.328355
vt 0.095203 0.339027
vt 0.134638 0.328355
vt 0.117813 0.394096
vt 0.059847 0.359643
vt 0.095799 0.406933
vt 0.030979 0.388799
vt 0.065114 0.447320
vt 0.077824 0.425087
vt 0.000000 0.464336
vt 0.010566 0.424508
vt 0.058535 0.497792
vt 0.058535 0.472119
vt 0.010566 0.545396
vt 0.000000 0.505568
vt 0.030979 0.581104
vt 0.077824 0.544824
vt 0.059847 0.610260
vt 0.117813 0.575814
vt 0.095799 0.562977
vt 0.134638 0.641548
vt 0.095203 0.630877
vt 0.167786 0.582459
vt 0.142366 0.582459
vt 0.214898 0.630877
vt 0.175463 0.641548
vt 0.192340 0.575814
vt 0.250254 0.610260
vt 0.214354 0.562977
vt 0.279122 0.581104
vt 0.245038 0.522590
vt 0.310101 0.505568
vt 0.299535 0.545396
vt 0.251617 0.472119
vt 0.251617 0.497792
vt 0.299535 0.424508
vt 0.310101 0.464335
vt 0.245038 0.447320
vt 0.279122 0.388799
vt 0.232328 0.425087
vt 0.250254 0.359643
vt 0.192340 0.394096
vt 0.214354 0.406933
vt 0.214898 0.339027
vt 0.791736 0.074724
vt 0.817855 0.113846
vt 0.791583 0.114908
vt 0.792183 0.038298
vt 0.818017 0.071008
vt 0.792895 0.008115
vt 0.818494 0.032177
vt 0.644998 0.195946
vt 0.672084 0.237300
vt 0.645734 0.230629
vt 0.644535 0.156673
vt 0.671299 0.200327
vt 0.644377 0.115488
vt 0.670805 0.158461
vt 0.644535 0.075196
vt 0.670637 0.114556
vt 0.644998 0.038544
vt 0.670805 0.071603
vt 0.645734 0.008028
vt 0.671299 0.032530
vt 0.781822 0.038298
vt 0.754752 0.000000
vt 0.781110 0.008115
vt 0.782269 0.074724
vt 0.755511 0.032177
vt 0.782422 0.114908
vt 0.755988 0.071008
vt 0.782269 0.156114
vt 0.756151 0.113846
vt 0.781822 0.195533
vt 0.755988 0.157773
vt 0.781110 0.230479
vt 0.755511 0.199795
vt 0.694073 0.195943
vt 0.721141 0.237300
vt 0.694782 0.230626
vt 0.693628 0.156671
vt 0.720385 0.200327
vt 0.693476 0.115485
vt 0.719910 0.158461
vt 0.693628 0.075193
vt 0.719748 0.114555
vt 0.694073 0.038541
vt 0.719910 0.071603
vt 0.694782 0.008026
vt 0.720385 0.032530
vt 0.792183 0.195533
vt 0.819253 0.237048
vt 0.792895 0.230479
vt 0.791736 0.156114
vt 0.818494 0.199795
vt 0.818017 0.157773
vt 0.830142 0.114520
vt 0.830297 0.073577
vt 0.819253 0.000000
vt 0.830753 0.036464
vt 0.683564 0.197120
vt 0.684314 0.232458
vt 0.683092 0.157107
vt 0.682931 0.115144
vt 0.683092 0.074092
vt 0.672084 0.000000
vt 0.683564 0.036748
vt 0.743252 0.036464
vt 0.742527 0.005711
vt 0.743708 0.073577
vt 0.743863 0.114520
vt 0.743708 0.156503
vt 0.754752 0.237048
vt 0.743252 0.196666
vt 0.732643 0.197121
vt 0.733365 0.232459
vt 0.732189 0.157108
vt 0.732035 0.115145
vt 0.732189 0.074093
vt 0.721141 0.000000
vt 0.732643 0.036749
vt 0.830753 0.196666
vt 0.831478 0.232270
vt 0.830297 0.156503
vt 0.060977 0.287224
vt 0.103775 0.291709
vt 0.097000 0.308229
vt 0.031564 0.257518
vt 0.071754 0.273038
vt 0.027123 0.214293
vt 0.045610 0.246633
vt 0.000000 0.180557
vt 0.010766 0.221136
vt 0.000000 0.138546
vt 0.017553 0.178223
vt 0.010766 0.097967
vt 0.017553 0.140880
vt 0.031564 0.061584
vt 0.027123 0.104809
vt 0.060977 0.031878
vt 0.045610 0.072470
vt 0.103775 0.027393
vt 0.071754 0.046064
vt 0.137178 0.000000
vt 0.097000 0.010873
vt 0.178774 0.000000
vt 0.139489 0.017728
vt 0.218953 0.010873
vt 0.176463 0.017728
vt 0.254976 0.031878
vt 0.212178 0.027393
vt 0.284389 0.061584
vt 0.244198 0.046064
vt 0.288830 0.104809
vt 0.270343 0.072470
vt 0.315952 0.138546
vt 0.305187 0.097967
vt 0.315952 0.180556
vt 0.298400 0.140880
vt 0.305187 0.221136
vt 0.298400 0.178223
vt 0.284389 0.257518
vt 0.288830 0.214293
vt 0.254976 0.287224
vt 0.270343 0.246633
vt 0.212178 0.291709
vt 0.244198 0.273038
vt 0.178774 0.319102
vt 0.218953 0.308229
vt 0.137178 0.319102
vt 0.176463 0.301374
vt 0.139489 0.301374
vt 0.054989 0.718150
vt 0.071968 0.754808
vt 0.054851 0.755469
vt 0.055394 0.682450
vt 0.072099 0.719433
vt 0.073094 0.655592
vt 0.072483 0.685593
vt 0.045148 0.682212
vt 0.027451 0.655654
vt 0.044506 0.650801
vt 0.045551 0.717780
vt 0.028059 0.685429
vt 0.045689 0.755080
vt 0.028442 0.719145
vt 0.045551 0.791571
vt 0.028572 0.754502
vt 0.045148 0.824765
vt 0.028442 0.789092
vt 0.027451 0.846754
vt 0.028059 0.820558
vt 0.099956 0.682450
vt 0.082256 0.655592
vt 0.099312 0.650801
vt 0.100361 0.718150
vt 0.082867 0.685593
vt 0.100500 0.755469
vt 0.083251 0.719433
vt 0.100361 0.791862
vt 0.083382 0.754808
vt 0.099956 0.824851
vt 0.083251 0.789307
vt 0.082256 0.846490
vt 0.082867 0.820577
vt 0.017727 0.682212
vt 0.000000 0.655656
vt 0.017060 0.650801
vt 0.018147 0.717780
vt 0.000632 0.685431
vt 0.018290 0.755080
vt 0.001030 0.719146
vt 0.018147 0.791570
vt 0.001165 0.754503
vt 0.017727 0.824765
vt 0.001030 0.789093
vt 0.000000 0.846756
vt 0.000632 0.820559
vt 0.055394 0.824851
vt 0.073094 0.846490
vt 0.056039 0.852187
vt 0.054989 0.791862
vt 0.072483 0.820577
vt 0.072099 0.789307
vt 0.672865 0.564459
vt 0.720742 0.539491
vt 0.703218 0.582158
vt 0.648082 0.539429
vt 0.700729 0.527821
vt 0.672834 0.491105
vt 0.684389 0.511318
vt 0.621487 0.474582
vt 0.630558 0.508773
vt 0.621487 0.439184
vt 0.666853 0.468561
vt 0.672834 0.422678
vt 0.666853 0.445222
vt 0.648082 0.374337
vt 0.630558 0.404992
vt 0.672865 0.349307
vt 0.684389 0.402466
vt 0.720742 0.374293
vt 0.700729 0.385962
vt 0.737072 0.322446
vt 0.703218 0.331608
vt 0.772121 0.322446
vt 0.743064 0.368252
vt 0.788494 0.374293
vt 0.766172 0.368252
vt 0.836328 0.349307
vt 0.805975 0.331608
vt 0.861111 0.374337
vt 0.808507 0.385962
vt 0.836402 0.422678
vt 0.824847 0.402466
vt 0.887706 0.439184
vt 0.878635 0.404992
vt 0.887706 0.474582
vt 0.842383 0.445222
vt 0.836402 0.491105
vt 0.842383 0.468561
vt 0.861111 0.539429
vt 0.878635 0.508773
vt 0.836328 0.564459
vt 0.824847 0.511318
vt 0.788494 0.539491
vt 0.808507 0.527821
vt 0.772121 0.591319
vt 0.805975 0.582158
vt 0.737072 0.591319
vt 0.766172 0.545531
vt 0.743064 0.545531
vt 0.112318 0.745082
vt 0.109800 0.781223
vt 0.109661 0.745088
vt 0.112456 0.781216
vt 0.110206 0.815679
vt 0.112862 0.815672
vt 0.110852 0.846108
vt 0.139442 0.650801
vt 0.136161 0.677290
vt 0.136785 0.650809
vt 0.138817 0.677283
vt 0.135768 0.709248
vt 0.138425 0.709241
vt 0.135634 0.744505
vt 0.138291 0.744498
vt 0.135768 0.780657
vt 0.138425 0.780650
vt 0.136161 0.815242
vt 0.138817 0.815234
vt 0.136785 0.845901
vt 0.126473 0.650801
vt 0.123194 0.677580
vt 0.123816 0.650808
vt 0.125851 0.677574
vt 0.122803 0.709737
vt 0.125460 0.709731
vt 0.122670 0.745088
vt 0.125327 0.745082
vt 0.122803 0.781222
vt 0.125460 0.781216
vt 0.123194 0.815678
vt 0.125851 0.815672
vt 0.123816 0.846108
vt 0.148603 0.845894
vt 0.151885 0.815242
vt 0.151260 0.845901
vt 0.149228 0.815234
vt 0.152277 0.780657
vt 0.149621 0.780650
vt 0.152411 0.744505
vt 0.149754 0.744498
vt 0.152277 0.709248
vt 0.149621 0.709241
vt 0.151885 0.677290
vt 0.149228 0.677283
vt 0.151260 0.650809
vt 0.113509 0.650801
vt 0.110206 0.677581
vt 0.110852 0.650808
vt 0.513657 0.887193
vt 0.325114 0.741077
vt 0.544677 0.649225
vt 0.112862 0.677574
vt 0.109800 0.709738
vt 0.112456 0.709731
vt 0.794888 0.631137
vt 0.825908 0.869105
vt 0.606346 0.777253
vt 0.542378 0.918352
vt 0.617391 0.956954
vt 0.580599 0.994113
vt 0.939718 0.594650
vt 0.924224 0.581361
vt 0.939840 0.581106
vt 0.939485 0.606452
vt 0.924094 0.595808
vt 0.940505 0.386436
vt 0.956442 0.399331
vt 0.940795 0.397113
vt 0.940319 0.373491
vt 0.956133 0.387943
vt 0.940255 0.359543
vt 0.955934 0.374134
vt 0.940319 0.345959
vt 0.955866 0.359257
vt 0.940505 0.334067
vt 0.955934 0.344767
vt 0.940795 0.325033
vt 0.956133 0.332083
vt 0.626675 0.959366
vt 0.642546 0.973113
vt 0.626907 0.971168
vt 0.626552 0.945823
vt 0.642298 0.960524
vt 0.626552 0.931863
vt 0.642168 0.946078
vt 0.626675 0.918855
vt 0.642168 0.931188
vt 0.626907 0.908071
vt 0.642298 0.917312
vt 0.261400 0.826399
vt 0.277210 0.840853
vt 0.261579 0.839345
vt 0.261338 0.812452
vt 0.277019 0.827044
vt 0.261400 0.798867
vt 0.276953 0.812167
vt 0.261579 0.786976
vt 0.277019 0.797677
vt 0.939718 0.554139
vt 0.923846 0.541093
vt 0.939485 0.543355
vt 0.939840 0.567147
vt 0.924094 0.552596
vt 0.924224 0.566472
vt 0.432101 0.974552
vt 0.453290 0.973966
vt 0.440783 0.986621
vt 0.427536 0.960364
vt 0.447864 0.966422
vt 0.427536 0.945446
vt 0.445011 0.957555
vt 0.447864 0.939363
vt 0.445011 0.948231
vt 0.440783 0.919188
vt 0.432101 0.931257
vt 0.452733 0.910419
vt 0.453290 0.931820
vt 0.466781 0.905809
vt 0.460759 0.926339
vt 0.481552 0.905809
vt 0.469539 0.923458
vt 0.487551 0.926339
vt 0.478771 0.923458
vt 0.507551 0.919188
vt 0.495601 0.910419
vt 0.516233 0.931257
vt 0.495020 0.931820
vt 0.520797 0.945445
vt 0.500446 0.939363
vt 0.520797 0.960364
vt 0.503299 0.948231
vt 0.500446 0.966422
vt 0.503299 0.957555
vt 0.507551 0.986621
vt 0.516233 0.974552
vt 0.495601 0.995390
vt 0.495020 0.973965
vt 0.481552 1.000000
vt 0.487551 0.979446
vt 0.466781 1.000000
vt 0.478771 0.982327
vt 0.460759 0.979446
vt 0.469539 0.982327
vt 0.452733 0.995390
vt 0.816347 0.958530
vt 0.825939 0.906000
vt 0.825287 0.958613
vt 0.808556 0.958374
vt 0.818787 0.905934
vt 0.741536 0.958551
vt 0.743986 0.905809
vt 0.748584 0.958356
vt 0.732991 0.958677
vt 0.738348 0.905966
vt 0.723784 0.958720
vt 0.731512 0.906066
vt 0.714818 0.958677
vt 0.724146 0.906100
vt 0.706968 0.958551
vt 0.716973 0.906066
vt 0.701005 0.958356
vt 0.710694 0.905966
vt 0.791604 0.958530
vt 0.795396 0.905809
vt 0.799395 0.958374
vt 0.782664 0.958613
vt 0.789164 0.905934
vt 0.773450 0.958613
vt 0.782012 0.906000
vt 0.764864 0.958530
vt 0.774641 0.906000
vt 0.757745 0.958374
vt 0.767771 0.905934
vt 0.991455 0.593796
vt 0.996817 0.541093
vt 1.000000 0.593675
vt 0.982248 0.593837
vt 0.989980 0.541190
vt 0.973281 0.593796
vt 0.982615 0.541223
vt 0.965432 0.593675
vt 0.975442 0.541190
vt 0.843087 0.958530
vt 0.845874 0.905809
vt 0.850206 0.958374
vt 0.834501 0.958613
vt 0.840180 0.905934
vt 0.833310 0.906000
vt 0.930531 0.879162
vt 0.941593 0.855612
vt 0.937916 0.879162
vt 0.912774 0.860222
vt 0.926822 0.855612
vt 0.917532 0.885852
vt 0.923507 0.881468
vt 0.913191 0.891886
vt 0.900824 0.868991
vt 0.910908 0.898981
vt 0.892142 0.881060
vt 0.910908 0.906440
vt 0.887577 0.895248
vt 0.892142 0.924355
vt 0.887577 0.910167
vt 0.917532 0.919568
vt 0.913191 0.913534
vt 0.923507 0.923953
vt 0.900824 0.936424
vt 0.930531 0.926258
vt 0.912774 0.945193
vt 0.937916 0.926258
vt 0.926822 0.949803
vt 0.955641 0.945193
vt 0.941593 0.949803
vt 0.950915 0.919568
vt 0.944940 0.923953
vt 0.955256 0.913534
vt 0.967591 0.936424
vt 0.957539 0.906440
vt 0.976274 0.924355
vt 0.957539 0.898981
vt 0.980838 0.910167
vt 0.976274 0.881060
vt 0.980838 0.895248
vt 0.950915 0.885852
vt 0.955256 0.891886
vt 0.944940 0.881468
vt 0.967591 0.868991
vt 0.955641 0.860222
vt 0.350311 0.910419
vt 0.413810 0.974552
vt 0.364359 1.000000
vt 0.885333 0.198640
vt 0.935342 0.224375
vt 0.910814 0.249147
vt 0.919594 0.246266
vt 0.916600 0.285938
vt 0.927063 0.240785
vt 0.936355 0.279455
vt 0.932489 0.233242
vt 0.953160 0.267124
vt 0.971788 0.230200
vt 0.965369 0.250152
vt 0.971788 0.209221
vt 0.932489 0.206183
vt 0.935342 0.215051
vt 0.927063 0.198640
vt 0.965369 0.189269
vt 0.919594 0.193159
vt 0.953160 0.172296
vt 0.916600 0.153482
vt 0.936355 0.159965
vt 0.910814 0.190278
vt 0.895828 0.153482
vt 0.892802 0.193159
vt 0.901582 0.190278
vt 0.876073 0.159965
vt 0.879907 0.206183
vt 0.859268 0.172296
vt 0.840640 0.209221
vt 0.847059 0.189268
vt 0.877054 0.215051
vt 0.840640 0.230199
vt 0.879907 0.233242
vt 0.877054 0.224375
vt 0.885333 0.240785
vt 0.847059 0.250152
vt 0.892802 0.246266
vt 0.859268 0.267124
vt 0.895828 0.285938
vt 0.876073 0.279455
vt 0.901582 0.249147
vt 0.930910 0.407252
vt 0.906025 0.387882
vt 0.931093 0.386937
vt 0.930561 0.424955
vt 0.905813 0.411357
vt 0.261714 0.751888
vt 0.287328 0.775740
vt 0.262149 0.767902
vt 0.261434 0.732469
vt 0.286825 0.757234
vt 0.261338 0.711548
vt 0.286502 0.734795
vt 0.261434 0.691171
vt 0.286391 0.710619
vt 0.261714 0.673334
vt 0.286502 0.687073
vt 0.262149 0.659783
vt 0.286825 0.666461
vt 0.887761 0.821797
vt 0.913260 0.846359
vt 0.888109 0.839500
vt 0.887577 0.801482
vt 0.912857 0.825902
vt 0.887577 0.780543
vt 0.912645 0.802427
vt 0.887761 0.761031
vt 0.912645 0.778231
vt 0.888109 0.744854
vt 0.912857 0.755684
vt 0.923939 0.507073
vt 0.949329 0.531840
vt 0.924208 0.526492
vt 0.923846 0.486152
vt 0.949018 0.509401
vt 0.923939 0.465775
vt 0.948911 0.485225
vt 0.924208 0.447938
vt 0.949018 0.461679
vt 0.930910 0.346486
vt 0.905410 0.322446
vt 0.930561 0.330309
vt 0.931093 0.365998
vt 0.905813 0.341139
vt 0.906025 0.363686
vt 0.897447 0.387442
vt 0.905410 0.431814
vt 0.897247 0.409563
vt 0.295858 0.772333
vt 0.295080 0.733750
vt 0.295384 0.754895
vt 0.294975 0.710969
vt 0.295080 0.688781
vt 0.287328 0.650801
vt 0.295384 0.669358
vt 0.921423 0.824108
vt 0.921803 0.843385
vt 0.921223 0.801987
vt 0.921223 0.779188
vt 0.913260 0.736991
vt 0.921423 0.757941
vt 0.957591 0.508357
vt 0.957884 0.529502
vt 0.957491 0.485576
vt 0.949329 0.441067
vt 0.957591 0.463388
vt 0.896868 0.325781
vt 0.897447 0.364642
vt 0.897247 0.343396
vt 0.879223 0.137170
vt 0.902349 0.133927
vt 0.900734 0.144229
vt 0.860924 0.123743
vt 0.883911 0.127877
vt 0.847629 0.105262
vt 0.868227 0.116368
vt 0.850840 0.081905
vt 0.856831 0.100527
vt 0.840640 0.060693
vt 0.840640 0.083537
vt 0.847629 0.038967
vt 0.850840 0.062325
vt 0.860924 0.020486
vt 0.856831 0.043703
vt 0.879223 0.007059
vt 0.868227 0.027862
vt 0.902349 0.010302
vt 0.883911 0.016353
vt 0.923352 0.000000
vt 0.900734 0.000000
vt 0.944863 0.007059
vt 0.921736 0.010302
vt 0.963162 0.020486
vt 0.940175 0.016353
vt 0.976456 0.038967
vt 0.955859 0.027862
vt 0.973245 0.062325
vt 0.967254 0.043703
vt 0.983446 0.083537
vt 0.983446 0.060693
vt 0.976456 0.105262
vt 0.973245 0.081905
vt 0.963162 0.123743
vt 0.967254 0.100527
vt 0.944863 0.137170
vt 0.955859 0.116368
vt 0.921736 0.133927
vt 0.940175 0.127877
vt 0.923352 0.144229
vt 0.302410 0.907263
vt 0.285254 0.888599
vt 0.302410 0.887720
vt 0.302239 0.925474
vt 0.285254 0.905350
vt 0.301913 0.940572
vt 0.285107 0.920960
vt 0.960386 0.755115
vt 0.943024 0.741668
vt 0.960135 0.736991
vt 0.960472 0.774642
vt 0.943239 0.757203
vt 0.960386 0.793660
vt 0.943313 0.773940
vt 0.960135 0.810308
vt 0.943239 0.790241
vt 0.123427 0.934892
vt 0.140837 0.943319
vt 0.123752 0.949990
vt 0.123255 0.916681
vt 0.140558 0.930378
vt 0.123255 0.897138
vt 0.140412 0.914769
vt 0.123427 0.878177
vt 0.140412 0.898018
vt 0.123752 0.861654
vt 0.140558 0.881765
vt 0.914334 0.456014
vt 0.896868 0.447881
vt 0.913928 0.441067
vt 0.914595 0.474138
vt 0.897216 0.460693
vt 0.914684 0.493665
vt 0.897439 0.476227
vt 0.914595 0.512683
vt 0.897516 0.492965
vt 0.914334 0.529331
vt 0.897439 0.509266
vt 0.913928 0.541979
vt 0.897216 0.523535
vt 0.302239 0.868759
vt 0.284828 0.858185
vt 0.301913 0.852236
vt 0.285107 0.872347
vt 0.931728 0.727738
vt 0.927327 0.699984
vt 0.935668 0.702721
vt 0.902480 0.712687
vt 0.915924 0.722552
vt 0.892712 0.699109
vt 0.920231 0.694778
vt 0.887577 0.683147
vt 0.915076 0.687612
vt 0.887577 0.666364
vt 0.912366 0.679187
vt 0.915076 0.661905
vt 0.912366 0.670330
vt 0.902480 0.636825
vt 0.892712 0.650403
vt 0.915924 0.626960
vt 0.920231 0.654739
vt 0.931728 0.621774
vt 0.927327 0.649533
vt 0.948345 0.621774
vt 0.935668 0.646796
vt 0.952779 0.649533
vt 0.944438 0.646796
vt 0.977593 0.636825
vt 0.964149 0.626960
vt 0.987361 0.650403
vt 0.959875 0.654739
vt 0.992496 0.666364
vt 0.965030 0.661905
vt 0.992496 0.683147
vt 0.967740 0.670330
vt 0.965030 0.687612
vt 0.967740 0.679187
vt 0.977593 0.712687
vt 0.987361 0.699109
vt 0.964149 0.722552
vt 0.959875 0.694778
vt 0.948345 0.727738
vt 0.952779 0.699984
vt 0.944438 0.702721
vt 0.307435 0.690338
vt 0.305077 0.705497
vt 0.305019 0.690344
vt 0.307493 0.705491
vt 0.305248 0.719947
vt 0.307663 0.719941
vt 0.305519 0.732707
vt 0.933862 0.736991
vt 0.931185 0.748103
vt 0.931447 0.736998
vt 0.933600 0.748096
vt 0.931021 0.761505
vt 0.933436 0.761498
vt 0.930964 0.776290
vt 0.933380 0.776283
vt 0.931021 0.791450
vt 0.933436 0.791444
vt 0.931185 0.805954
vt 0.933600 0.805947
vt 0.931447 0.818811
vt 0.307915 0.741960
vt 0.305239 0.753193
vt 0.305500 0.741966
vt 0.307654 0.753187
vt 0.305075 0.766679
vt 0.307491 0.766673
vt 0.305019 0.781503
vt 0.307435 0.781497
vt 0.305075 0.796656
vt 0.307491 0.796650
vt 0.305239 0.811105
vt 0.307654 0.811100
vt 0.305500 0.823866
vt 0.311571 0.934049
vt 0.314249 0.921198
vt 0.313987 0.934056
vt 0.311833 0.921192
vt 0.314413 0.906695
vt 0.311998 0.906689
vt 0.314469 0.891535
vt 0.312054 0.891528
vt 0.314413 0.876750
vt 0.311998 0.876743
vt 0.314249 0.863348
vt 0.311833 0.863341
vt 0.313987 0.852243
vt 0.307934 0.650801
vt 0.305248 0.662035
vt 0.305519 0.650807
vt 0.226130 0.852236
vt 0.264269 0.945229
vt 0.165460 0.932091
vt 0.307663 0.662029
vt 0.305077 0.675520
vt 0.307493 0.675514
vt 0.092075 0.873166
vt 0.079066 0.972959
vt 0.000000 0.911685
vt 0.975013 0.322534
vt 0.980331 0.367770
vt 0.974694 0.367814
vt 0.978019 0.322511
vt 0.984703 0.367648
vt 0.862577 0.905809
vt 0.864734 0.951125
vt 0.859367 0.951042
vt 0.865439 0.905854
vt 0.870382 0.951125
vt 0.868452 0.905854
vt 0.874799 0.951042
vt 0.969884 0.441067
vt 0.972436 0.486365
vt 0.967046 0.486323
vt 0.972759 0.441090
vt 0.978073 0.486323
vt 0.969596 0.377067
vt 0.970021 0.422383
vt 0.965604 0.422299
vt 0.971951 0.377111
vt 0.975669 0.422383
vt 0.974964 0.377111
vt 0.981036 0.422299
vt 0.625660 0.600572
vt 0.632888 0.607872
vt 0.623014 0.610544
vt 0.970165 0.322446
vt 0.969304 0.367770
vt 0.965604 0.367648
vt 0.972138 0.322511
vt 0.175125 0.998310
vt 0.161573 0.984622
vt 0.180085 0.979613
vt 0.767899 0.980554
vt 0.774174 0.985155
vt 0.765502 0.988001
vt 0.199836 0.997016
vt 0.193508 0.997502
vt 0.194855 0.990713
vt 0.760142 0.980551
vt 0.765502 0.973101
vt 0.774174 0.975946
vt 0.203604 0.990713
vt 0.795316 0.986445
vt 0.791083 0.979643
vt 0.799440 0.979872
vt 0.658777 0.993918
vt 0.651708 0.990819
vt 0.658337 0.986016
vt 0.833811 0.987192
vt 0.832406 0.992780
vt 0.826021 0.988690
vt 0.839867 0.973221
vt 0.838102 0.980301
vt 0.833101 0.972765
vt 0.207665 0.997502
vt 0.803131 0.988025
vt 0.666093 0.990779
vt 0.829541 0.980977
vt 0.192111 0.983512
vt 0.195776 0.976720
vt 0.199063 0.982775
vt 0.722938 0.987274
vt 0.716481 0.992011
vt 0.718298 0.984395
vt 0.721744 0.971653
vt 0.724208 0.979318
vt 0.717596 0.975213
vt 0.671972 0.986616
vt 0.666093 0.981724
vt 0.672013 0.979581
vt 0.825303 0.974371
vt 0.821020 0.981154
vt 0.819314 0.973050
vt 0.206997 0.983511
vt 0.204526 0.976720
vt 0.212444 0.980916
vt 0.709868 0.987907
vt 0.703957 0.980895
vt 0.711688 0.980291
vt 0.702140 0.988510
vt 0.826780 0.967866
vt 0.708733 0.973050
vt 0.701005 0.973654
vt 0.706665 0.967973
vt 0.714644 0.967973
vt 0.658778 0.978512
vt 0.664257 0.974818
vt 0.808133 0.980466
vt 0.803827 0.973585
vt 0.810152 0.973046
vt 0.211874 0.989564
vt 0.819314 0.987492
vt 0.810107 0.987456
vt 0.796086 0.972085
vt 0.802706 0.967866
vt 0.672013 0.994233
vt 0.664257 0.998526
vt 0.651708 0.981763
vt 0.797056 0.992835
vt 0.789610 0.973196
vt 0.771777 0.968488
vt 0.778574 0.972707
vt 0.839872 0.987595
vt 0.757745 0.973093
vt 0.763821 0.967866
vt 0.655366 0.998550
vt 0.757745 0.987993
vt 0.763821 0.993216
vt 0.780449 0.980543
vt 0.789610 0.987655
vt 0.771777 0.992598
vt 0.778574 0.988375
vt 0.922859 0.959056
vt 0.919407 0.986354
vt 0.919407 0.960021
vt 0.293112 0.786274
vt 0.289617 0.819568
vt 0.289617 0.785584
vt 0.286371 0.818976
vt 0.286371 0.784992
vt 0.130497 0.959243
vt 0.127057 0.985381
vt 0.127057 0.960313
vt 0.123255 0.959885
vt 0.976390 0.770894
vt 0.972945 0.737744
vt 0.976390 0.736991
vt 0.681918 0.610457
vt 0.676288 0.606873
vt 0.678620 0.600572
vt 0.972945 0.771647
vt 0.969633 0.738264
vt 0.926655 0.985782
vt 0.926655 0.959450
vt 0.718496 0.602980
vt 0.716164 0.609969
vt 0.710534 0.608049
vt 0.900357 0.551232
vt 0.896868 0.611558
vt 0.896868 0.551447
vt 0.667996 0.247030
vt 0.664250 0.307769
vt 0.664250 0.246811
vt 0.660767 0.307512
vt 0.660767 0.246553
vt 0.675405 0.905809
vt 0.671918 0.965565
vt 0.671918 0.906131
vt 0.668137 0.905969
vt 0.684393 0.307457
vt 0.680661 0.246842
vt 0.684393 0.246553
vt 0.785714 0.610227
vt 0.779043 0.607348
vt 0.781807 0.600572
vt 0.680661 0.307746
vt 0.677158 0.246997
vt 0.904136 0.611440
vt 0.904136 0.551329
vt 0.825669 0.603364
vt 0.822905 0.610191
vt 0.816234 0.607436
vt 0.955706 0.959056
vt 0.952226 0.986322
vt 0.952226 0.959987
vt 0.894331 0.960321
vt 0.891034 0.993698
vt 0.891034 0.959816
vt 0.887577 0.992937
vt 0.887577 0.959056
vt 0.146915 0.959806
vt 0.143129 0.985325
vt 0.143129 0.960277
vt 0.139659 0.959243
vt 0.910245 0.992938
vt 0.906789 0.959816
vt 0.910245 0.959056
vt 0.767547 0.600572
vt 0.769882 0.606872
vt 0.764246 0.610455
vt 0.906789 0.993698
vt 0.903492 0.960321
vt 0.959486 0.985822
vt 0.959486 0.959487
vt 0.747115 0.609968
vt 0.744782 0.602979
vt 0.750416 0.601060
vt 0.811985 0.246553
vt 0.808473 0.306879
vt 0.808473 0.246760
vt 0.733571 0.246992
vt 0.730089 0.307741
vt 0.730089 0.246843
vt 0.726342 0.307450
vt 0.726342 0.246553
vt 0.691843 0.905949
vt 0.688077 0.965554
vt 0.688077 0.906121
vt 0.684567 0.905809
vt 0.717181 0.307450
vt 0.713434 0.246843
vt 0.717181 0.246553
vt 0.311692 0.833119
vt 0.314456 0.839895
vt 0.307783 0.842774
vt 0.713434 0.307741
vt 0.709952 0.246992
vt 0.815750 0.306776
vt 0.815750 0.246657
vt 0.827675 0.306843
vt 0.824912 0.300016
vt 0.831584 0.297261
vt 0.939612 0.959056
vt 0.935816 0.985782
vt 0.935816 0.959450
vt 0.973786 0.496899
vt 0.970293 0.530191
vt 0.970293 0.496208
vt 0.967046 0.529601
vt 0.967046 0.495618
vt 0.950266 0.820202
vt 0.946464 0.845698
vt 0.946464 0.820630
vt 0.943024 0.819561
vt 0.976390 0.815321
vt 0.972946 0.782174
vt 0.976390 0.781420
vt 0.699041 0.600572
vt 0.701373 0.606873
vt 0.695743 0.610457
vt 0.972946 0.816075
vt 0.969634 0.782694
vt 0.943064 0.986354
vt 0.943064 0.960021
vt 0.729990 0.609969
vt 0.727658 0.602980
vt 0.733288 0.601060
vt 0.952781 0.541093
vt 0.949002 0.601301
vt 0.949002 0.541190
vt 0.651606 0.247029
vt 0.647860 0.307768
vt 0.647860 0.246809
vt 0.644377 0.307512
vt 0.644377 0.246553
vt 0.658976 0.905969
vt 0.655196 0.965565
vt 0.655196 0.906131
vt 0.651708 0.905809
vt 0.700791 0.307454
vt 0.697058 0.246844
vt 0.700791 0.246553
vt 0.804310 0.600572
vt 0.807073 0.607348
vt 0.800402 0.610227
vt 0.697058 0.307745
vt 0.693555 0.246997
vt 0.956270 0.601419
vt 0.956270 0.541308
vt 0.289135 0.839129
vt 0.286371 0.832302
vt 0.293042 0.829547
vt 0.972128 0.959056
vt 0.968648 0.986300
vt 0.968648 0.959989
vt 0.307460 0.951098
vt 0.303956 0.984372
vt 0.303956 0.950399
vt 0.300725 0.983798
vt 0.300725 0.949825
vt 0.866623 0.960942
vt 0.862837 0.986436
vt 0.862837 0.961414
vt 0.859367 0.960378
vt 0.291563 0.983798
vt 0.288332 0.950399
vt 0.291563 0.949825
vt 0.644380 0.610457
vt 0.642049 0.604162
vt 0.647675 0.600572
vt 0.288332 0.984372
vt 0.284828 0.951098
vt 0.975908 0.985798
vt 0.975908 0.959487
vt 0.664796 0.601062
vt 0.667127 0.608052
vt 0.661499 0.609967
vt 0.779108 0.246607
vt 0.782873 0.307123
vt 0.779108 0.307159
vt 0.742733 0.246553
vt 0.746224 0.307160
vt 0.742733 0.307107
vt 0.746224 0.246606
vt 0.750002 0.307127
vt 0.792034 0.246553
vt 0.795547 0.307159
vt 0.792034 0.307107
vt 0.795547 0.246605
vt 0.799312 0.307124
vt 0.759164 0.246573
vt 0.762942 0.307160
vt 0.759164 0.307127
vt 0.841577 0.610209
vt 0.834830 0.607386
vt 0.837625 0.600572
vt 0.762942 0.246606
vt 0.766434 0.307107
vt 0.775595 0.246553
vt 0.775595 0.307105
vt 0.846304 0.306861
vt 0.843509 0.300047
vt 0.850256 0.297224
vt 0.161752 0.836070
vt 0.211646 0.836090
vt 0.406813 0.322446
vt 0.202237 0.658392
vt 0.236632 0.836090
vt 0.831478 0.005711
vt 0.684314 0.005657
vt 0.742527 0.232270
vt 0.733365 0.005658
vt 0.056039 0.650801
vt 0.044506 0.852401
vt 0.099312 0.852187
vt 0.017060 0.852401
vt 0.113509 0.846101
vt 0.139442 0.845894
vt 0.126473 0.846101
vt 0.148603 0.650801
vt 0.570004 0.674805
vt 0.587914 0.706134
vt 0.597184 0.741077
vt 0.597184 0.777253
vt 0.587914 0.812196
vt 0.570004 0.843525
vt 0.544677 0.869105
vt 0.479058 0.896556
vt 0.443240 0.896556
vt 0.408642 0.887193
vt 0.377622 0.869105
vt 0.352294 0.843525
vt 0.334385 0.812196
vt 0.325114 0.777253
vt 0.334385 0.706134
vt 0.352294 0.674805
vt 0.377622 0.649225
vt 0.408641 0.631137
vt 0.443240 0.621774
vt 0.479058 0.621774
vt 0.513657 0.631137
vt 0.606346 0.741077
vt 0.615616 0.706134
vt 0.633526 0.674805
vt 0.658853 0.649225
vt 0.689873 0.631137
vt 0.724471 0.621774
vt 0.760290 0.621774
vt 0.825908 0.649225
vt 0.851236 0.674805
vt 0.869145 0.706134
vt 0.878416 0.741077
vt 0.878416 0.777253
vt 0.869145 0.812196
vt 0.851236 0.843525
vt 0.794888 0.887193
vt 0.760290 0.896556
vt 0.724471 0.896556
vt 0.689873 0.887193
vt 0.658853 0.869105
vt 0.633526 0.843525
vt 0.615616 0.812196
vt 0.566751 0.994113
vt 0.553581 0.989791
vt 0.542378 0.981570
vt 0.534238 0.970255
vt 0.529959 0.956954
vt 0.529959 0.942968
vt 0.534238 0.929667
vt 0.553581 0.910131
vt 0.566751 0.905809
vt 0.580599 0.905809
vt 0.593769 0.910131
vt 0.604972 0.918352
vt 0.613112 0.929667
vt 0.617391 0.942968
vt 0.613112 0.970255
vt 0.604972 0.981570
vt 0.593769 0.989791
vt 0.923846 0.608397
vt 0.956442 0.322446
vt 0.642546 0.905809
vt 0.277210 0.784993
vt 0.812555 0.905809
vt 0.705923 0.905809
vt 0.762077 0.905809
vt 0.969162 0.541093
vt 0.350311 0.995390
vt 0.338361 0.986621
vt 0.329679 0.974552
vt 0.325114 0.960364
vt 0.325114 0.945445
vt 0.329679 0.931257
vt 0.338361 0.919188
vt 0.364359 0.905809
vt 0.379130 0.905809
vt 0.393178 0.910419
vt 0.405128 0.919188
vt 0.413810 0.931257
vt 0.418375 0.945445
vt 0.418375 0.960364
vt 0.405128 0.986621
vt 0.393178 0.995390
vt 0.379130 1.000000
vt 0.896868 0.428840
vt 0.295858 0.654602
vt 0.921803 0.740327
vt 0.957884 0.443966
vt 0.284828 0.933901
vt 0.943024 0.804511
vt 0.140837 0.867603
vt 0.896868 0.534377
vt 0.307934 0.732701
vt 0.933862 0.818804
vt 0.307915 0.823860
vt 0.311571 0.852236
vt 0.161573 0.917437
vt 0.161573 0.902266
vt 0.165460 0.887613
vt 0.172971 0.874475
vt 0.183592 0.863748
vt 0.196600 0.856162
vt 0.211109 0.852236
vt 0.240639 0.856162
vt 0.253647 0.863748
vt 0.264269 0.874475
vt 0.271779 0.887613
vt 0.275667 0.902267
vt 0.275667 0.917437
vt 0.271779 0.932091
vt 0.253647 0.955956
vt 0.240639 0.963541
vt 0.226130 0.967467
vt 0.211109 0.967467
vt 0.196600 0.963541
vt 0.183592 0.955956
vt 0.172971 0.945229
vt 0.003888 0.897031
vt 0.011398 0.883893
vt 0.022019 0.873166
vt 0.035028 0.865581
vt 0.049537 0.861654
vt 0.064557 0.861654
vt 0.079066 0.865581
vt 0.102696 0.883893
vt 0.110206 0.897031
vt 0.114094 0.911685
vt 0.114094 0.926855
vt 0.110206 0.941509
vt 0.102696 0.954647
vt 0.092075 0.965374
vt 0.064557 0.976886
vt 0.049537 0.976886
vt 0.035028 0.972959
vt 0.022019 0.965374
vt 0.011398 0.954647
vt 0.003888 0.941509
vt 0.000000 0.926855
vt 0.980351 0.322446
vt 0.870807 0.905809
vt 0.975765 0.441067
vt 0.977826 0.377067
vt 0.621487 0.607872
vt 0.621487 0.604787
vt 0.623014 0.602115
vt 0.628715 0.600572
vt 0.631360 0.602115
vt 0.632888 0.604787
vt 0.631360 0.610544
vt 0.628715 0.612087
vt 0.625660 0.612087
vt 0.182949 0.984622
vt 0.182949 0.990407
vt 0.180085 0.995417
vt 0.169397 0.998310
vt 0.164437 0.995417
vt 0.161573 0.990407
vt 0.164437 0.979613
vt 0.169397 0.976720
vt 0.175125 0.976720
vt 0.922859 0.985388
vt 0.293112 0.820257
vt 0.130497 0.984311
vt 0.123255 0.984953
vt 0.681918 0.601059
vt 0.684250 0.604155
vt 0.684250 0.608048
vt 0.678620 0.609970
vt 0.676288 0.602981
vt 0.969634 0.772168
vt 0.710534 0.604157
vt 0.712866 0.601060
vt 0.716164 0.600572
vt 0.718496 0.606872
vt 0.712866 0.610457
vt 0.900357 0.611343
vt 0.667996 0.307989
vt 0.675405 0.965244
vt 0.668137 0.965404
vt 0.785714 0.600608
vt 0.788477 0.603451
vt 0.788477 0.607435
vt 0.781807 0.610191
vt 0.779043 0.603364
vt 0.677158 0.307901
vt 0.816234 0.603451
vt 0.818998 0.600608
vt 0.822905 0.600572
vt 0.825669 0.607348
vt 0.818998 0.610227
vt 0.955706 0.985391
vt 0.894331 0.994202
vt 0.146915 0.984854
vt 0.139659 0.984292
vt 0.761911 0.608048
vt 0.761911 0.604156
vt 0.764246 0.601059
vt 0.769882 0.602980
vt 0.767547 0.609968
vt 0.903492 0.994203
vt 0.752750 0.604157
vt 0.752750 0.608049
vt 0.750416 0.610456
vt 0.744782 0.606871
vt 0.747115 0.600572
vt 0.811985 0.306672
vt 0.733571 0.307889
vt 0.691843 0.965382
vt 0.684567 0.965243
vt 0.305019 0.839982
vt 0.305019 0.835998
vt 0.307783 0.833155
vt 0.314456 0.835911
vt 0.311692 0.842737
vt 0.709952 0.307889
vt 0.834347 0.300103
vt 0.834347 0.304087
vt 0.831584 0.306879
vt 0.824912 0.304000
vt 0.827675 0.297224
vt 0.939612 0.985388
vt 0.973786 0.530882
vt 0.950266 0.845270
vt 0.943024 0.844629
vt 0.693411 0.608048
vt 0.693411 0.604155
vt 0.695743 0.601059
vt 0.701373 0.602981
vt 0.699041 0.609970
vt 0.969634 0.816595
vt 0.735620 0.604157
vt 0.735620 0.608049
vt 0.733288 0.610457
vt 0.727658 0.606872
vt 0.729990 0.600572
vt 0.952781 0.601204
vt 0.651606 0.307989
vt 0.658976 0.965404
vt 0.651708 0.965244
vt 0.797639 0.607435
vt 0.797639 0.603451
vt 0.800402 0.600608
vt 0.807073 0.603364
vt 0.804310 0.610191
vt 0.693555 0.307898
vt 0.295806 0.832389
vt 0.295806 0.836374
vt 0.293042 0.839165
vt 0.286371 0.836286
vt 0.289135 0.829510
vt 0.972128 0.985367
vt 0.307460 0.985071
vt 0.866623 0.985965
vt 0.859367 0.985401
vt 0.650006 0.602977
vt 0.650006 0.606868
vt 0.647676 0.609966
vt 0.642049 0.608053
vt 0.644380 0.601063
vt 0.284828 0.985071
vt 0.659168 0.606868
vt 0.659168 0.602977
vt 0.661499 0.600572
vt 0.667127 0.604161
vt 0.664796 0.610457
vt 0.782873 0.246571
vt 0.750002 0.246573
vt 0.799312 0.246570
vt 0.841577 0.600572
vt 0.844372 0.603395
vt 0.844372 0.607386
vt 0.837625 0.610209
vt 0.834830 0.603395
vt 0.766434 0.246553
vt 0.853050 0.300047
vt 0.853050 0.304038
vt 0.850256 0.306861
vt 0.843509 0.304038
vt 0.846304 0.297224
s 0
usemtl MMO_stone
f 17/1/1 9/2/1 1/3/1
s 1
f 2/4/2 25/5/3 1/3/4
f 2/4/2 27/6/5 26/7/6
f 3/8/7 28/9/8 27/6/5
f 5/10/9 28/9/8 4/11/10
f 6/12/11 29/13/12 5/10/9
f 7/14/13 30/15/14 6/12/11
f 8/16/15 31/17/16 7/14/13
f 8/16/15 33/18/17 32/19/18
f 9/2/19 34/20/20 33/18/17
f 11/21/21 34/20/20 10/22/22
f 12/23/23 35/24/24 11/21/21
f 13/25/25 36/26/26 12/23/23
f 14/27/27 37/28/28 13/25/25
f 14/27/27 39/29/29 38/30/30
f 15/31/31 40/32/32 39/29/29
f 17/1/33 40/32/32 16/33/34
f 18/34/35 41/35/36 17/1/33
f 19/36/37 42/37/38 18/34/35
f 20/38/39 43/39/40 19/36/37
f 20/38/39 45/40/41 44/41/42
f 21/42/43 46/43/44 45/40/41
f 23/44/45 46/43/44 22/45/46
f 24/46/47 47/47/48 23/44/45
f 1/3/4 48/48/49 24/46/47
f 26/49/6 49/50/50 25/51/3
f 27/52/5 50/53/51 26/49/6
f 28/54/8 51/55/52 27/56/5
f 28/57/8 53/58/53 52/59/54
f 29/60/12 54/61/55 53/58/53
f 31/62/16 54/61/55 30/63/14
f 32/64/18 55/65/56 31/62/16
f 33/66/17 56/67/57 32/64/18
f 34/68/20 57/69/58 33/70/17
f 34/68/20 59/71/59 58/72/60
f 35/73/24 60/74/61 59/75/59
f 37/76/28 60/74/61 36/77/26
f 38/78/30 61/79/62 37/76/28
f 39/80/29 62/81/63 38/78/30
f 40/82/32 63/83/64 39/80/29
f 40/84/32 65/85/65 64/86/66
f 41/87/36 66/88/67 65/85/65
f 43/89/40 66/88/67 42/90/38
f 44/91/42 67/92/68 43/89/40
f 45/93/41 68/94/69 44/91/42
f 46/95/44 69/96/70 45/97/41
f 46/98/44 71/99/71 70/100/72
f 47/101/48 72/102/73 71/99/71
f 25/51/3 72/102/73 48/103/49
f 50/104/51 73/105/74 49/106/50
f 50/104/51 75/107/75 74/108/76
f 52/109/54 75/107/75 51/55/52
f 53/110/53 76/111/77 52/109/54
f 54/112/55 77/113/78 53/110/53
f 55/114/56 78/115/79 54/112/55
f 56/116/57 79/117/80 55/114/56
f 56/116/57 81/118/81 80/119/82
f 58/72/60 81/118/81 57/69/58
f 59/71/59 82/120/83 58/72/60
f 60/121/61 83/122/84 59/71/59
f 61/123/62 84/124/85 60/121/61
f 62/125/63 85/126/86 61/123/62
f 62/125/63 87/127/87 86/128/88
f 64/129/66 87/127/87 63/130/64
f 65/131/65 88/132/89 64/129/66
f 66/133/67 89/134/90 65/131/65
f 67/135/68 90/136/91 66/133/67
f 68/137/69 91/138/92 67/135/68
f 68/137/69 93/139/93 92/140/94
f 70/141/72 93/139/93 69/96/70
f 71/142/71 94/143/95 70/141/72
f 72/144/73 95/145/96 71/142/71
f 49/106/50 96/146/97 72/144/73
s 0
f 80/119/98 88/132/98 96/146/98
f 325/481/1 317/482/1 313/483/1
s 1
f 314/484/315 333/485/316 313/486/317
f 315/487/318 334/488/319 314/484/315
f 316/489/320 335/490/321 315/491/318
f 317/492/322 336/493/323 316/489/320
f 318/494/324 337/495/325 317/492/322
f 319/496/326 338/497/327 318/494/324
f 320/498/328 339/499/329 319/496/326
f 321/500/330 340/501/331 320/498/328
f 322/502/332 341/503/333 321/504/330
f 323/505/334 342/506/335 322/502/332
f 324/507/336 343/508/337 323/505/334
f 325/509/338 344/510/339 324/507/336
f 326/511/340 345/512/341 325/509/338
f 327/513/342 346/514/343 326/515/340
f 328/516/344 347/517/345 327/513/342
f 329/518/346 348/519/347 328/516/344
f 330/520/348 349/521/349 329/518/346
f 331/522/350 350/523/351 330/524/348
f 332/525/352 351/526/353 331/522/350
f 313/486/317 352/527/354 332/525/352
f 334/528/319 353/529/355 333/530/316
f 335/531/321 354/532/356 334/528/319
f 336/533/323 355/534/357 335/531/321
f 336/533/323 357/535/358 356/536/359
f 338/537/327 357/535/358 337/538/325
f 339/539/329 358/540/360 338/537/327
f 340/541/331 359/542/361 339/539/329
f 341/543/333 360/544/362 340/541/331
f 341/543/333 362/545/363 361/546/364
f 343/547/337 362/545/363 342/548/335
f 344/549/339 363/550/365 343/547/337
f 345/551/341 364/552/366 344/549/339
f 346/553/343 365/554/367 345/551/341
f 346/553/343 367/555/368 366/556/369
f 348/557/347 367/555/368 347/558/345
f 349/559/349 368/560/370 348/557/347
f 350/561/351 369/562/371 349/559/349
f 351/563/353 370/564/372 350/561/351
f 351/563/353 372/565/373 371/566/374
f 333/530/316 372/565/373 352/567/354
f 354/568/356 373/569/375 353/570/355
f 355/571/357 374/572/376 354/568/356
f 356/573/359 375/574/377 355/575/357
f 357/576/358 376/577/378 356/573/359
f 358/578/360 377/579/379 357/576/358
f 359/580/361 378/581/380 358/578/360
f 360/582/362 379/583/381 359/580/361
f 361/584/364 380/585/382 360/582/362
f 362/586/363 381/587/383 361/588/364
f 363/589/365 382/590/384 362/586/363
f 364/591/366 383/592/385 363/589/365
f 365/593/367 384/594/386 364/591/366
f 366/595/369 385/596/387 365/593/367
f 367/597/368 386/598/388 366/599/369
f 368/600/370 387/601/389 367/597/368
f 369/602/371 388/603/390 368/600/370
f 370/604/372 389/605/391 369/602/371
f 371/606/374 390/607/392 370/608/372
f 372/609/373 391/610/393 371/606/374
f 353/570/355 392/611/394 372/609/373
f 374/612/376 393/613/395 373/614/375
f 374/612/376 395/615/396 394/616/397
f 376/617/378 395/615/396 375/618/377
f 377/619/379 396/620/398 376/617/378
f 378/621/380 397/622/399 377/619/379
f 379/623/381 398/624/400 378/621/380
f 379/623/381 400/625/401 399/626/402
f 381/627/383 400/625/401 380/628/382
f 382/629/384 401/630/403 381/627/383
f 383/631/385 402/632/404 382/629/384
f 384/633/386 403/634/405 383/631/385
f 384/633/386 405/635/406 404/636/407
f 386/637/388 405/635/406 385/638/387
f 387/639/389 406/640/408 386/637/388
f 388/641/390 407/642/409 387/639/389
f 389/643/391 408/644/410 388/641/390
f 389/643/391 410/645/411 409/646/412
f 391/647/393 410/645/411 390/648/392
f 392/649/394 411/650/413 391/647/393
f 373/614/375 412/651/414 392/649/394
s 0
f 400/652/98 408/653/98 412/654/98
f 1/3/1 24/46/1 23/44/1
f 23/44/1 22/45/1 21/42/1
f 21/42/1 20/38/1 19/36/1
f 19/36/1 18/34/1 17/1/1
f 17/1/1 16/33/1 15/31/1
f 15/31/1 14/27/1 13/25/1
f 13/25/1 12/23/1 11/21/1
f 11/21/1 10/22/1 9/2/1
f 9/2/1 8/16/1 7/14/1
f 7/14/1 6/12/1 5/10/1
f 5/10/1 4/11/1 3/8/1
f 3/8/1 2/4/1 1/3/1
f 1/3/1 23/44/1 21/42/1
f 21/42/1 19/36/1 17/1/1
f 17/1/1 15/31/1 13/25/1
f 13/25/1 11/21/1 9/2/1
f 9/2/1 7/14/1 5/10/1
f 5/10/1 3/8/1 1/3/1
f 1/3/1 21/42/1 17/1/1
f 17/1/1 13/25/1 9/2/1
f 9/2/1 5/10/1 1/3/1
s 1
f 2/4/2 26/7/6 25/5/3
f 2/4/2 3/8/7 27/6/5
f 3/8/7 4/11/10 28/9/8
f 5/10/9 29/13/12 28/9/8
f 6/12/11 30/15/14 29/13/12
f 7/14/13 31/17/16 30/15/14
f 8/16/15 32/19/18 31/17/16
f 8/16/15 9/2/19 33/18/17
f 9/2/19 10/22/22 34/20/20
f 11/21/21 35/24/24 34/20/20
f 12/23/23 36/26/26 35/24/24
f 13/25/25 37/28/28 36/26/26
f 14/27/27 38/30/30 37/28/28
f 14/27/27 15/31/31 39/29/29
f 15/31/31 16/33/34 40/32/32
f 17/1/33 41/35/36 40/32/32
f 18/34/35 42/37/38 41/35/36
f 19/36/37 43/39/40 42/37/38
f 20/38/39 44/41/42 43/39/40
f 20/38/39 21/42/43 45/40/41
f 21/42/43 22/45/46 46/43/44
f 23/44/45 47/47/48 46/43/44
f 24/46/47 48/48/49 47/47/48
f 1/3/4 25/5/3 48/48/49
f 26/49/6 50/53/51 49/50/50
f 27/52/5 51/1260/52 50/53/51
f 28/54/8 52/109/54 51/55/52
f 28/57/8 29/60/12 53/58/53
f 29/60/12 30/63/14 54/61/55
f 31/62/16 55/65/56 54/61/55
f 32/64/18 56/67/57 55/65/56
f 33/66/17 57/1261/58 56/67/57
f 34/68/20 58/72/60 57/69/58
f 34/68/20 35/1262/24 59/71/59
f 35/73/24 36/77/26 60/74/61
f 37/76/28 61/79/62 60/74/61
f 38/78/30 62/81/63 61/79/62
f 39/80/29 63/83/64 62/81/63
f 40/82/32 64/1263/66 63/83/64
f 40/84/32 41/87/36 65/85/65
f 41/87/36 42/90/38 66/88/67
f 43/89/40 67/92/68 66/88/67
f 44/91/42 68/94/69 67/92/68
f 45/93/41 69/1264/70 68/94/69
f 46/95/44 70/141/72 69/96/70
f 46/98/44 47/101/48 71/99/71
f 47/101/48 48/103/49 72/102/73
f 25/51/3 49/50/50 72/102/73
f 50/104/51 74/108/76 73/105/74
f 50/104/51 51/55/52 75/107/75
f 52/109/54 76/111/77 75/107/75
f 53/110/53 77/113/78 76/111/77
f 54/112/55 78/115/79 77/113/78
f 55/114/56 79/117/80 78/115/79
f 56/116/57 80/119/82 79/117/80
f 56/116/57 57/69/58 81/118/81
f 58/72/60 82/120/83 81/118/81
f 59/71/59 83/122/84 82/120/83
f 60/121/61 84/124/85 83/122/84
f 61/123/62 85/126/86 84/124/85
f 62/125/63 86/128/88 85/126/86
f 62/125/63 63/130/64 87/127/87
f 64/129/66 88/132/89 87/127/87
f 65/131/65 89/134/90 88/132/89
f 66/133/67 90/136/91 89/134/90
f 67/135/68 91/138/92 90/136/91
f 68/137/69 92/140/94 91/138/92
f 68/137/69 69/96/70 93/139/93
f 70/141/72 94/143/95 93/139/93
f 71/142/71 95/145/96 94/143/95
f 72/144/73 96/146/97 95/145/96
f 49/106/50 73/105/74 96/146/97
s 0
f 96/146/98 73/105/98 74/108/98
f 74/108/98 75/107/98 76/111/98
f 76/111/98 77/113/98 78/115/98
f 78/115/98 79/117/98 80/119/98
f 80/119/98 81/118/98 82/120/98
f 82/120/98 83/122/98 84/124/98
f 84/124/98 85/126/98 86/128/98
f 86/128/98 87/127/98 88/132/98
f 88/132/98 89/134/98 90/136/98
f 90/136/98 91/138/98 92/140/98
f 92/140/98 93/139/98 94/143/98
f 94/143/98 95/145/98 96/146/98
f 96/146/98 74/108/98 76/111/98
f 76/111/98 78/115/98 80/119/98
f 80/119/98 82/120/98 84/124/98
f 84/124/98 86/128/98 88/132/98
f 88/132/98 90/136/98 92/140/98
f 92/140/98 94/143/98 96/146/98
f 96/146/98 76/111/98 80/119/98
f 80/119/98 84/124/98 88/132/98
f 88/132/98 92/140/98 96/146/98
f 313/483/1 332/1319/1 331/1320/1
f 331/1320/1 330/1321/1 329/1322/1
f 329/1322/1 328/1323/1 327/1324/1
f 327/1324/1 326/1325/1 325/481/1
f 325/481/1 324/1326/1 323/1327/1
f 323/1327/1 322/1328/1 321/1329/1
f 321/1329/1 320/1330/1 319/1331/1
f 319/1331/1 318/1332/1 317/482/1
f 317/482/1 316/1333/1 315/1334/1
f 315/1334/1 314/1335/1 313/483/1
f 313/483/1 331/1320/1 329/1322/1
f 329/1322/1 327/1324/1 325/481/1
f 325/481/1 323/1327/1 321/1329/1
f 321/1329/1 319/1331/1 317/482/1
f 317/482/1 315/1334/1 313/483/1
f 313/483/1 329/1322/1 325/481/1
f 325/481/1 321/1329/1 317/482/1
s 1
f 314/484/315 334/488/319 333/485/316
f 315/487/318 335/1336/321 334/488/319
f 316/489/320 336/493/323 335/490/321
f 317/492/322 337/495/325 336/493/323
f 318/494/324 338/497/327 337/495/325
f 319/496/326 339/499/329 338/497/327
f 320/498/328 340/501/331 339/499/329
f 321/500/330 341/1337/333 340/501/331
f 322/502/332 342/506/335 341/503/333
f 323/505/334 343/508/337 342/506/335
f 324/507/336 344/510/339 343/508/337
f 325/509/338 345/512/341 344/510/339
f 326/511/340 346/1338/343 345/512/341
f 327/513/342 347/517/345 346/514/343
f 328/516/344 348/519/347 347/517/345
f 329/518/346 349/521/349 348/519/347
f 330/520/348 350/1339/351 349/521/349
f 331/522/350 351/526/353 350/523/351
f 332/525/352 352/527/354 351/526/353
f 313/486/317 333/485/316 352/527/354
f 334/528/319 354/532/356 353/529/355
f 335/531/321 355/534/357 354/532/356
f 336/533/323 356/536/359 355/534/357
f 336/533/323 337/538/325 357/535/358
f 338/537/327 358/540/360 357/535/358
f 339/539/329 359/542/361 358/540/360
f 340/541/331 360/544/362 359/542/361
f 341/543/333 361/546/364 360/544/362
f 341/543/333 342/548/335 362/545/363
f 343/547/337 363/550/365 362/545/363
f 344/549/339 364/552/366 363/550/365
f 345/551/341 365/554/367 364/552/366
f 346/553/343 366/556/369 365/554/367
f 346/553/343 347/558/345 367/555/368
f 348/557/347 368/560/370 367/555/368
f 349/559/349 369/562/371 368/560/370
f 350/561/351 370/564/372 369/562/371
f 351/563/353 371/566/374 370/564/372
f 351/563/353 352/567/354 372/565/373
f 333/530/316 353/529/355 372/565/373
f 354/568/356 374/572/376 373/569/375
f 355/571/357 375/1340/377 374/572/376
f 356/573/359 376/577/378 375/574/377
f 357/576/358 377/579/379 376/577/378
f 358/578/360 378/581/380 377/579/379
f 359/580/361 379/583/381 378/581/380
f 360/582/362 380/585/382 379/583/381
f 361/584/364 381/1341/383 380/585/382
f 362/586/363 382/590/384 381/587/383
f 363/589/365 383/592/385 382/590/384
f 364/591/366 384/594/386 383/592/385
f 365/593/367 385/596/387 384/594/386
f 366/595/369 386/1342/388 385/596/387
f 367/597/368 387/601/389 386/598/388
f 368/600/370 388/603/390 387/601/389
f 369/602/371 389/605/391 388/603/390
f 370/604/372 390/1343/392 389/605/391
f 371/606/374 391/610/393 390/607/392
f 372/609/373 392/611/394 391/610/393
f 353/570/355 373/569/375 392/611/394
f 374/612/376 394/616/397 393/613/395
f 374/612/376 375/618/377 395/615/396
f 376/617/378 396/620/398 395/615/396
f 377/619/379 397/622/399 396/620/398
f 378/621/380 398/624/400 397/622/399
f 379/623/381 399/626/402 398/624/400
f 379/623/381 380/628/382 400/625/401
f 381/627/383 401/630/403 400/625/401
f 382/629/384 402/632/404 401/630/403
f 383/631/385 403/634/405 402/632/404
f 384/633/386 404/636/407 403/634/405
f 384/633/386 385/638/387 405/635/406
f 386/637/388 406/640/408 405/635/406
f 387/639/389 407/642/409 406/640/408
f 388/641/390 408/644/410 407/642/409
f 389/643/391 409/646/412 408/644/410
f 389/643/391 390/648/392 410/645/411
f 391/647/393 411/650/413 410/645/411
f 392/649/394 412/651/414 411/650/413
f 373/614/375 393/613/395 412/651/414
s 0
f 412/654/98 393/1344/98 394/1345/98
f 394/1345/98 395/1346/98 396/1347/98
f 396/1347/98 397/1348/98 398/1349/98
f 398/1349/98 399/1350/98 400/652/98
f 400/652/98 401/1351/98 402/1352/98
f 402/1352/98 403/1353/98 404/1354/98
f 404/1354/98 405/1355/98 406/1356/98
f 406/1356/98 407/1357/98 408/653/98
f 408/653/98 409/1358/98 410/1359/98
f 410/1359/98 411/1360/98 412/654/98
f 412/654/98 394/1345/98 396/1347/98
f 396/1347/98 398/1349/98 400/652/98
f 400/652/98 402/1352/98 404/1354/98
f 404/1354/98 406/1356/98 408/653/98
f 408/653/98 410/1359/98 412/654/98
f 412/654/98 396/1347/98 400/652/98
f 400/652/98 404/1354/98 408/653/98
usemtl MMO_limestone
f 113/147/1 105/148/1 97/149/1
s 1
f 98/150/99 121/151/100 97/149/101
f 98/150/99 123/152/102 122/153/103
f 99/154/104 124/155/105 123/152/102
f 100/156/106 125/157/107 124/155/105
f 102/158/108 125/157/107 101/159/109
f 102/158/108 127/160/110 126/161/111
f 104/162/112 127/160/110 103/163/113
f 104/162/112 129/164/114 128/165/115
f 105/148/116 130/166/117 129/164/114
f 106/167/118 131/168/119 130/166/117
f 108/169/120 131/168/119 107/170/121
f 108/169/120 133/171/122 132/172/123
f 110/173/124 133/171/122 109/174/125
f 110/173/124 135/175/126 134/176/127
f 111/177/128 136/178/129 135/175/126
f 112/179/130 137/180/131 136/178/129
f 114/181/132 137/180/131 113/147/133
f 114/181/132 139/182/134 138/183/135
f 116/184/136 139/182/134 115/185/137
f 116/184/136 141/186/138 140/187/139
f 117/188/140 142/189/141 141/186/138
f 118/190/142 143/191/143 142/189/141
f 120/192/144 143/191/143 119/193/145
f 120/192/144 121/151/100 144/194/146
f 122/195/103 145/196/147 121/197/100
f 123/198/102 146/199/148 122/195/103
f 124/200/105 147/201/149 123/198/102
f 125/202/107 148/203/150 124/204/105
f 126/205/111 149/206/151 125/202/107
f 127/207/110 150/208/152 126/205/111
f 128/209/115 151/210/153 127/207/110
f 129/211/114 152/212/154 128/209/115
f 130/213/117 153/214/155 129/211/114
f 131/215/119 154/216/156 130/217/117
f 132/218/123 155/219/157 131/215/119
f 133/220/122 156/221/158 132/218/123
f 134/222/127 157/223/159 133/220/122
f 135/224/126 158/225/160 134/222/127
f 136/226/129 159/227/161 135/224/126
f 137/228/131 160/229/162 136/230/129
f 138/231/135 161/232/163 137/228/131
f 139/233/134 162/234/164 138/231/135
f 140/235/139 163/236/165 139/233/134
f 141/237/138 164/238/166 140/235/139
f 142/239/141 165/240/167 141/237/138
f 143/241/143 166/242/168 142/243/141
f 144/244/146 167/245/169 143/241/143
f 121/197/100 168/246/170 144/244/146
f 146/199/148 169/247/171 145/196/147
f 147/201/149 170/248/172 146/199/148
f 148/249/150 171/250/173 147/201/149
f 148/203/150 173/251/174 172/252/175
f 149/206/151 174/253/176 173/251/174
f 151/210/153 174/253/176 150/208/152
f 152/212/154 175/254/177 151/210/153
f 153/214/155 176/255/178 152/212/154
f 154/256/156 177/257/179 153/214/155
f 154/216/156 179/258/180 178/259/181
f 155/219/157 180/260/182 179/258/180
f 157/223/159 180/260/182 156/221/158
f 158/225/160 181/261/183 157/223/159
f 159/227/161 182/262/184 158/225/160
f 160/263/162 183/264/185 159/227/161
f 160/229/162 185/265/186 184/266/187
f 161/232/163 186/267/188 185/265/186
f 163/236/165 186/267/188 162/234/164
f 164/238/166 187/268/189 163/236/165
f 165/240/167 188/269/190 164/238/166
f 166/270/168 189/271/191 165/240/167
f 166/242/168 191/272/192 190/273/193
f 167/245/169 192/274/194 191/272/192
f 145/196/147 192/274/194 168/246/170
f 170/275/172 193/276/195 169/277/171
f 171/278/173 194/279/196 170/275/172
f 171/278/173 196/280/197 195/281/198
f 173/282/174 196/280/197 172/283/175
f 174/284/176 197/285/199 173/282/174
f 175/286/177 198/287/200 174/284/176
f 176/288/178 199/289/201 175/286/177
f 177/290/179 200/291/202 176/288/178
f 177/290/179 202/292/203 201/293/204
f 179/294/180 202/292/203 178/295/181
f 180/296/182 203/297/205 179/294/180
f 181/298/183 204/299/206 180/296/182
f 182/300/184 205/301/207 181/298/183
f 183/302/185 206/303/208 182/300/184
f 183/302/185 208/304/209 207/305/210
f 185/306/186 208/304/209 184/307/187
f 186/308/188 209/309/211 185/306/186
f 187/310/189 210/311/212 186/308/188
f 188/312/190 211/313/213 187/310/189
f 189/314/191 212/315/214 188/312/190
f 189/314/191 214/316/215 213/317/216
f 191/318/192 214/316/215 190/319/193
f 192/320/194 215/321/217 191/318/192
f 169/277/171 216/322/218 192/320/194
f 194/323/196 217/324/219 193/325/195
f 195/326/198 218/327/220 194/323/196
f 195/326/198 220/328/221 219/329/222
f 197/330/199 220/331/221 196/332/197
f 198/333/200 221/334/223 197/330/199
f 199/335/201 222/336/224 198/333/200
f 200/337/202 223/338/225 199/335/201
f 201/339/204 224/340/226 200/337/202
f 201/339/204 226/341/227 225/342/228
f 203/343/205 226/344/227 202/345/203
f 204/346/206 227/347/229 203/343/205
f 205/348/207 228/349/230 204/346/206
f 206/350/208 229/351/231 205/348/207
f 207/352/210 230/353/232 206/350/208
f 207/352/210 232/354/233 231/355/234
f 209/356/211 232/357/233 208/358/209
f 210/359/212 233/360/235 209/356/211
f 211/361/213 234/362/236 210/359/212
f 212/363/214 235/364/237 211/361/213
f 213/365/216 236/366/238 212/363/214
f 213/365/216 238/367/239 237/368/240
f 215/369/217 238/370/239 214/371/215
f 216/372/218 239/373/241 215/369/217
f 193/325/195 240/374/242 216/372/218
f 218/375/220 241/376/243 217/377/219
f 219/378/222 242/379/244 218/375/220
f 219/378/222 244/380/245 243/381/246
f 221/382/223 244/380/245 220/383/221
f 222/384/224 245/385/247 221/382/223
f 222/384/224 247/386/248 246/387/249
f 224/388/226 247/386/248 223/389/225
f 225/390/228 248/391/250 224/388/226
f 225/390/228 250/392/251 249/393/252
f 227/394/229 250/392/251 226/395/227
f 228/396/230 251/397/253 227/394/229
f 228/396/230 253/398/254 252/399/255
f 230/400/232 253/398/254 229/401/231
f 231/402/234 254/403/256 230/400/232
f 231/402/234 256/404/257 255/405/258
f 233/406/235 256/404/257 232/407/233
f 234/408/236 257/409/259 233/406/235
f 234/408/236 259/410/260 258/411/261
f 236/412/238 259/410/260 235/413/237
f 237/414/240 260/415/262 236/412/238
f 237/414/240 262/416/263 261/417/264
f 239/418/241 262/416/263 238/419/239
f 240/420/242 263/421/265 239/418/241
f 240/420/242 241/376/243 264/422/266
s 0
f 248/391/98 256/404/98 264/422/98
f 425/655/1 417/656/1 413/657/1
s 1
f 414/658/415 433/659/416 413/657/101
f 415/660/417 434/661/418 414/658/415
f 416/662/419 435/663/420 415/660/417
f 416/662/419 437/664/421 436/665/422
f 417/656/423 438/666/424 437/664/421
f 419/667/425 438/666/424 418/668/113
f 420/669/426 439/670/427 419/667/425
f 421/671/428 440/672/429 420/669/426
f 421/671/428 442/673/430 441/674/431
f 422/675/432 443/676/433 442/673/430
f 424/677/434 443/676/433 423/678/125
f 425/655/435 444/679/436 424/677/434
f 426/680/437 445/681/438 425/655/435
f 426/680/437 447/682/439 446/683/440
f 427/684/441 448/685/442 447/682/439
f 429/686/443 448/685/442 428/687/137
f 430/688/444 449/689/445 429/686/443
f 431/690/446 450/691/447 430/688/444
f 431/690/446 452/692/448 451/693/449
f 432/694/450 433/659/416 452/692/448
f 434/695/418 453/696/451 433/697/416
f 435/698/420 454/699/452 434/695/418
f 436/700/422 455/701/453 435/702/420
f 437/703/421 456/704/454 436/700/422
f 438/705/424 457/706/455 437/703/421
f 439/707/427 458/708/456 438/705/424
f 440/709/429 459/710/457 439/707/427
f 441/711/431 460/712/458 440/709/429
f 442/713/430 461/714/459 441/715/431
f 443/716/433 462/717/460 442/713/430
f 444/718/436 463/719/461 443/716/433
f 445/720/438 464/721/462 444/718/436
f 446/722/440 465/723/463 445/720/438
f 447/724/439 466/725/464 446/726/440
f 448/727/442 467/728/465 447/724/439
f 449/729/445 468/730/466 448/727/442
f 450/731/447 469/732/467 449/729/445
f 451/733/449 470/734/468 450/735/447
f 452/736/448 471/737/469 451/733/449
f 433/697/416 472/738/470 452/736/448
f 454/699/452 473/739/471 453/696/451
f 455/740/453 474/741/472 454/699/452
f 456/704/454 475/742/473 455/701/453
f 456/704/454 477/743/474 476/744/475
f 458/708/456 477/743/474 457/706/455
f 459/710/457 478/745/476 458/708/456
f 460/712/458 479/746/477 459/710/457
f 461/747/459 480/748/478 460/712/458
f 461/714/459 482/749/479 481/750/480
f 463/719/461 482/749/479 462/717/460
f 464/721/462 483/751/481 463/719/461
f 465/723/463 484/752/482 464/721/462
f 466/753/464 485/754/483 465/723/463
f 466/725/464 487/755/484 486/756/485
f 468/730/466 487/755/484 467/728/465
f 469/732/467 488/757/486 468/730/466
f 470/758/468 489/759/487 469/732/467
f 471/737/469 490/760/488 470/734/468
f 471/737/469 492/761/489 491/762/490
f 453/696/451 492/761/489 472/738/470
f 474/763/472 493/764/491 473/765/471
f 475/766/473 494/767/492 474/763/472
f 476/768/475 495/769/493 475/766/473
f 476/768/475 497/770/494 496/771/495
f 478/772/476 497/770/494 477/773/474
f 479/774/477 498/775/496 478/772/476
f 480/776/478 499/777/497 479/774/477
f 481/778/480 500/779/498 480/776/478
f 481/778/480 502/780/499 501/781/500
f 483/782/481 502/780/499 482/783/479
f 484/784/482 503/785/501 483/782/481
f 485/786/483 504/787/502 484/784/482
f 486/788/485 505/789/503 485/786/483
f 486/788/485 507/790/504 506/791/505
f 488/792/486 507/790/504 487/793/484
f 489/794/487 508/795/506 488/792/486
f 490/796/488 509/797/507 489/794/487
f 491/798/490 510/799/508 490/796/488
f 491/798/490 512/800/509 511/801/510
f 473/765/471 512/800/509 492/802/489
f 494/803/492 513/804/511 493/805/491
f 495/806/493 514/807/512 494/803/492
f 496/808/495 515/809/513 495/806/493
f 497/810/494 516/811/514 496/812/495
f 498/813/496 517/814/515 497/810/494
f 499/815/497 518/816/516 498/813/496
f 500/817/498 519/818/517 499/815/497
f 501/819/500 520/820/518 500/821/498
f 502/822/499 521/823/519 501/819/500
f 503/824/501 522/825/520 502/822/499
f 504/826/502 523/827/521 503/824/501
f 505/828/503 524/829/522 504/826/502
f 506/830/505 525/831/523 505/832/503
f 507/833/504 526/834/524 506/830/505
f 508/835/506 527/836/525 507/833/504
f 509/837/507 528/838/526 508/835/506
f 510/839/508 529/840/527 509/837/507
f 511/841/510 530/842/528 510/839/508
f 512/843/509 531/844/529 511/845/510
f 493/805/491 532/846/530 512/843/509
f 513/847/511 534/848/531 533/849/532
f 515/850/513 534/848/531 514/851/512
f 516/852/514 535/853/533 515/850/513
f 517/854/515 536/855/534 516/852/514
f 518/856/516 537/857/535 517/854/515
f 518/856/516 539/858/536 538/859/537
f 520/860/518 539/858/536 519/861/517
f 521/862/519 540/863/538 520/860/518
f 522/864/520 541/865/539 521/862/519
f 523/866/521 542/867/540 522/864/520
f 523/866/521 544/868/541 543/869/542
f 525/870/523 544/868/541 524/871/522
f 526/872/524 545/873/543 525/870/523
f 527/874/525 546/875/544 526/872/524
f 528/876/526 547/877/545 527/874/525
f 528/876/526 549/878/546 548/879/547
f 530/880/528 549/878/546 529/881/527
f 531/882/529 550/883/548 530/880/528
f 532/884/530 551/885/549 531/882/529
f 513/847/511 552/886/550 532/884/530
s 0
f 540/863/98 548/879/98 552/886/98
f 97/149/1 120/192/1 119/193/1
f 119/193/1 118/190/1 117/188/1
f 117/188/1 116/184/1 115/185/1
f 115/185/1 114/181/1 113/147/1
f 113/147/1 112/179/1 111/177/1
f 111/177/1 110/173/1 109/174/1
f 109/174/1 108/169/1 107/170/1
f 107/170/1 106/167/1 105/148/1
f 105/148/1 104/162/1 103/163/1
f 103/163/1 102/158/1 101/159/1
f 101/159/1 100/156/1 99/154/1
f 99/154/1 98/150/1 97/149/1
f 97/149/1 119/193/1 117/188/1
f 117/188/1 115/185/1 113/147/1
f 113/147/1 111/177/1 109/174/1
f 109/174/1 107/170/1 105/148/1
f 105/148/1 103/163/1 101/159/1
f 101/159/1 99/154/1 97/149/1
f 97/149/1 117/188/1 113/147/1
f 113/147/1 109/174/1 105/148/1
f 105/148/1 101/159/1 97/149/1
s 1
f 98/150/99 122/153/103 121/151/100
f 98/150/99 99/154/104 123/152/102
f 99/154/104 100/156/106 124/155/105
f 100/156/106 101/159/109 125/157/107
f 102/158/108 126/161/111 125/157/107
f 102/158/108 103/163/113 127/160/110
f 104/162/112 128/165/115 127/160/110
f 104/162/112 105/148/116 129/164/114
f 105/148/116 106/167/118 130/166/117
f 106/167/118 107/170/121 131/168/119
f 108/169/120 132/172/123 131/168/119
f 108/169/120 109/174/125 133/171/122
f 110/173/124 134/176/127 133/171/122
f 110/173/124 111/177/128 135/175/126
f 111/177/128 112/179/130 136/178/129
f 112/179/130 113/147/133 137/180/131
f 114/181/132 138/183/135 137/180/131
f 114/181/132 115/185/137 139/182/134
f 116/184/136 140/187/139 139/182/134
f 116/184/136 117/188/140 141/186/138
f 117/188/140 118/190/142 142/189/141
f 118/190/142 119/193/145 143/191/143
f 120/192/144 144/194/146 143/191/143
f 120/192/144 97/149/101 121/151/100
f 122/195/103 146/199/148 145/196/147
f 123/198/102 147/201/149 146/199/148
f 124/200/105 148/249/150 147/201/149
f 125/202/107 149/206/151 148/203/150
f 126/205/111 150/208/152 149/206/151
f 127/207/110 151/210/153 150/208/152
f 128/209/115 152/212/154 151/210/153
f 129/211/114 153/214/155 152/212/154
f 130/213/117 154/256/156 153/214/155
f 131/215/119 155/219/157 154/216/156
f 132/218/123 156/221/158 155/219/157
f 133/220/122 157/223/159 156/221/158
f 134/222/127 158/225/160 157/223/159
f 135/224/126 159/227/161 158/225/160
f 136/226/129 160/263/162 159/227/161
f 137/228/131 161/232/163 160/229/162
f 138/231/135 162/234/164 161/232/163
f 139/233/134 163/236/165 162/234/164
f 140/235/139 164/238/166 163/236/165
f 141/237/138 165/240/167 164/238/166
f 142/239/141 166/270/168 165/240/167
f 143/241/143 167/245/169 166/242/168
f 144/244/146 168/246/170 167/245/169
f 121/197/100 145/196/147 168/246/170
f 146/199/148 170/248/172 169/247/171
f 147/201/149 171/250/173 170/248/172
f 148/249/150 172/1265/175 171/250/173
f 148/203/150 149/206/151 173/251/174
f 149/206/151 150/208/152 174/253/176
f 151/210/153 175/254/177 174/253/176
f 152/212/154 176/255/178 175/254/177
f 153/214/155 177/257/179 176/255/178
f 154/256/156 178/1266/181 177/257/179
f 154/216/156 155/219/157 179/258/180
f 155/219/157 156/221/158 180/260/182
f 157/223/159 181/261/183 180/260/182
f 158/225/160 182/262/184 181/261/183
f 159/227/161 183/264/185 182/262/184
f 160/263/162 184/1267/187 183/264/185
f 160/229/162 161/232/163 185/265/186
f 161/232/163 162/234/164 186/267/188
f 163/236/165 187/268/189 186/267/188
f 164/238/166 188/269/190 187/268/189
f 165/240/167 189/271/191 188/269/190
f 166/270/168 190/1268/193 189/271/191
f 166/242/168 167/245/169 191/272/192
f 167/245/169 168/246/170 192/274/194
f 145/196/147 169/247/171 192/274/194
f 170/275/172 194/279/196 193/276/195
f 171/278/173 195/281/198 194/279/196
f 171/278/173 172/283/175 196/280/197
f 173/282/174 197/285/199 196/280/197
f 174/284/176 198/287/200 197/285/199
f 175/286/177 199/289/201 198/287/200
f 176/288/178 200/291/202 199/289/201
f 177/290/179 201/293/204 200/291/202
f 177/290/179 178/295/181 202/292/203
f 179/294/180 203/297/205 202/292/203
f 180/296/182 204/299/206 203/297/205
f 181/298/183 205/301/207 204/299/206
f 182/300/184 206/303/208 205/301/207
f 183/302/185 207/305/210 206/303/208
f 183/302/185 184/307/187 208/304/209
f 185/306/186 209/309/211 208/304/209
f 186/308/188 210/311/212 209/309/211
f 187/310/189 211/313/213 210/311/212
f 188/312/190 212/315/214 211/313/213
f 189/314/191 213/317/216 212/315/214
f 189/314/191 190/319/193 214/316/215
f 191/318/192 215/321/217 214/316/215
f 192/320/194 216/322/218 215/321/217
f 169/277/171 193/276/195 216/322/218
f 194/323/196 218/327/220 217/324/219
f 195/326/198 219/329/222 218/327/220
f 195/326/198 196/1269/197 220/328/221
f 197/330/199 221/334/223 220/331/221
f 198/333/200 222/336/224 221/334/223
f 199/335/201 223/338/225 222/336/224
f 200/337/202 224/340/226 223/338/225
f 201/339/204 225/342/228 224/340/226
f 201/339/204 202/1270/203 226/341/227
f 203/343/205 227/347/229 226/344/227
f 204/346/206 228/349/230 227/347/229
f 205/348/207 229/351/231 228/349/230
f 206/350/208 230/353/232 229/351/231
f 207/352/210 231/355/234 230/353/232
f 207/352/210 208/1271/209 232/354/233
f 209/356/211 233/360/235 232/357/233
f 210/359/212 234/362/236 233/360/235
f 211/361/213 235/364/237 234/362/236
f 212/363/214 236/366/238 235/364/237
f 213/365/216 237/368/240 236/366/238
f 213/365/216 214/1272/215 238/367/239
f 215/369/217 239/373/241 238/370/239
f 216/372/218 240/374/242 239/373/241
f 193/325/195 217/324/219 240/374/242
f 218/375/220 242/379/244 241/376/243
f 219/378/222 243/381/246 242/379/244
f 219/378/222 220/383/221 244/380/245
f 221/382/223 245/385/247 244/380/245
f 222/384/224 246/387/249 245/385/247
f 222/384/224 223/389/225 247/386/248
f 224/388/226 248/391/250 247/386/248
f 225/390/228 249/393/252 248/391/250
f 225/390/228 226/395/227 250/392/251
f 227/394/229 251/397/253 250/392/251
f 228/396/230 252/399/255 251/397/253
f 228/396/230 229/401/231 253/398/254
f 230/400/232 254/403/256 253/398/254
f 231/402/234 255/405/258 254/403/256
f 231/402/234 232/407/233 256/404/257
f 233/406/235 257/409/259 256/404/257
f 234/408/236 258/411/261 257/409/259
f 234/408/236 235/413/237 259/410/260
f 236/412/238 260/415/262 259/410/260
f 237/414/240 261/417/264 260/415/262
f 237/414/240 238/419/239 262/416/263
f 239/418/241 263/421/265 262/416/263
f 240/420/242 264/422/266 263/421/265
f 240/420/242 217/377/219 241/376/243
s 0
f 264/422/98 241/376/98 242/379/98
f 242/379/98 243/381/98 244/380/98
f 244/380/98 245/385/98 246/387/98
f 246/387/98 247/386/98 248/391/98
f 248/391/98 249/393/98 250/392/98
f 250/392/98 251/397/98 252/399/98
f 252/399/98 253/398/98 254/403/98
f 254/403/98 255/405/98 256/404/98
f 256/404/98 257/409/98 258/411/98
f 258/411/98 259/410/98 260/415/98
f 260/415/98 261/417/98 262/416/98
f 262/416/98 263/421/98 264/422/98
f 264/422/98 242/379/98 244/380/98
f 244/380/98 246/387/98 248/391/98
f 248/391/98 250/392/98 252/399/98
f 252/399/98 254/403/98 256/404/98
f 256/404/98 258/411/98 260/415/98
f 260/415/98 262/416/98 264/422/98
f 264/422/98 244/380/98 248/391/98
f 248/391/98 252/399/98 256/404/98
f 256/404/98 260/415/98 264/422/98
f 413/657/1 432/694/1 431/690/1
f 431/690/1 430/688/1 429/686/1
f 429/686/1 428/687/1 427/684/1
f 427/684/1 426/680/1 425/655/1
f 425/655/1 424/677/1 423/678/1
f 423/678/1 422/675/1 421/671/1
f 421/671/1 420/669/1 419/667/1
f 419/667/1 418/668/1 417/656/1
f 417/656/1 416/662/1 415/660/1
f 415/660/1 414/658/1 413/657/1
f 413/657/1 431/690/1 429/686/1
f 429/686/1 427/684/1 425/655/1
f 425/655/1 423/678/1 421/671/1
f 421/671/1 419/667/1 417/656/1
f 417/656/1 415/660/1 413/657/1
f 413/657/1 429/686/1 425/655/1
f 425/655/1 421/671/1 417/656/1
s 1
f 414/658/415 434/661/418 433/659/416
f 415/660/417 435/663/420 434/661/418
f 416/662/419 436/665/422 435/663/420
f 416/662/419 417/656/423 437/664/421
f 417/656/423 418/668/113 438/666/424
f 419/667/425 439/670/427 438/666/424
f 420/669/426 440/672/429 439/670/427
f 421/671/428 441/674/431 440/672/429
f 421/671/428 422/675/432 442/673/430
f 422/675/432 423/678/125 443/676/433
f 424/677/434 444/679/436 443/676/433
f 425/655/435 445/681/438 444/679/436
f 426/680/437 446/683/440 445/681/438
f 426/680/437 427/684/441 447/682/439
f 427/684/441 428/687/137 448/685/442
f 429/686/443 449/689/445 448/685/442
f 430/688/444 450/691/447 449/689/445
f 431/690/446 451/693/449 450/691/447
f 431/690/446 432/694/450 452/692/448
f 432/694/450 413/657/101 433/659/416
f 434/695/418 454/699/452 453/696/451
f 435/698/420 455/740/453 454/699/452
f 436/700/422 456/704/454 455/701/453
f 437/703/421 457/706/455 456/704/454
f 438/705/424 458/708/456 457/706/455
f 439/707/427 459/710/457 458/708/456
f 440/709/429 460/712/458 459/710/457
f 441/711/431 461/747/459 460/712/458
f 442/713/430 462/717/460 461/714/459
f 443/716/433 463/719/461 462/717/460
f 444/718/436 464/721/462 463/719/461
f 445/720/438 465/723/463 464/721/462
f 446/722/440 466/753/464 465/723/463
f 447/724/439 467/728/465 466/725/464
f 448/727/442 468/730/466 467/728/465
f 449/729/445 469/732/467 468/730/466
f 450/731/447 470/758/468 469/732/467
f 451/733/449 471/737/469 470/734/468
f 452/736/448 472/738/470 471/737/469
f 433/697/416 453/696/451 472/738/470
f 454/699/452 474/741/472 473/739/471
f 455/740/453 475/1361/473 474/741/472
f 456/704/454 476/744/475 475/742/473
f 456/704/454 457/706/455 477/743/474
f 458/708/456 478/745/476 477/743/474
f 459/710/457 479/746/477 478/745/476
f 460/712/458 480/748/478 479/746/477
f 461/747/459 481/1362/480 480/748/478
f 461/714/459 462/717/460 482/749/479
f 463/719/461 483/751/481 482/749/479
f 464/721/462 484/752/482 483/751/481
f 465/723/463 485/754/483 484/752/482
f 466/753/464 486/1363/485 485/754/483
f 466/725/464 467/728/465 487/755/484
f 468/730/466 488/757/486 487/755/484
f 469/732/467 489/759/487 488/757/486
f 470/758/468 490/1364/488 489/759/487
f 471/737/469 491/762/490 490/760/488
f 471/737/469 472/738/470 492/761/489
f 453/696/451 473/739/471 492/761/489
f 474/763/472 494/767/492 493/764/491
f 475/766/473 495/769/493 494/767/492
f 476/768/475 496/771/495 495/769/493
f 476/768/475 477/773/474 497/770/494
f 478/772/476 498/775/496 497/770/494
f 479/774/477 499/777/497 498/775/496
f 480/776/478 500/779/498 499/777/497
f 481/778/480 501/781/500 500/779/498
f 481/778/480 482/783/479 502/780/499
f 483/782/481 503/785/501 502/780/499
f 484/784/482 504/787/502 503/785/501
f 485/786/483 505/789/503 504/787/502
f 486/788/485 506/791/505 505/789/503
f 486/788/485 487/793/484 507/790/504
f 488/792/486 508/795/506 507/790/504
f 489/794/487 509/797/507 508/795/506
f 490/796/488 510/799/508 509/797/507
f 491/798/490 511/801/510 510/799/508
f 491/798/490 492/802/489 512/800/509
f 473/765/471 493/764/491 512/800/509
f 494/803/492 514/807/512 513/804/511
f 495/806/493 515/809/513 514/807/512
f 496/808/495 516/1365/514 515/809/513
f 497/810/494 517/814/515 516/811/514
f 498/813/496 518/816/516 517/814/515
f 499/815/497 519/818/517 518/816/516
f 500/817/498 520/1366/518 519/818/517
f 501/819/500 521/823/519 520/820/518
f 502/822/499 522/825/520 521/823/519
f 503/824/501 523/827/521 522/825/520
f 504/826/502 524/829/522 523/827/521
f 505/828/503 525/1367/523 524/829/522
f 506/830/505 526/834/524 525/831/523
f 507/833/504 527/836/525 526/834/524
f 508/835/506 528/838/526 527/836/525
f 509/837/507 529/840/527 528/838/526
f 510/839/508 530/842/528 529/840/527
f 511/841/510 531/1368/529 530/842/528
f 512/843/509 532/846/530 531/844/529
f 493/805/491 513/804/511 532/846/530
f 513/847/511 514/851/512 534/848/531
f 515/850/513 535/853/533 534/848/531
f 516/852/514 536/855/534 535/853/533
f 517/854/515 537/857/535 536/855/534
f 518/856/516 538/859/537 537/857/535
f 518/856/516 519/861/517 539/858/536
f 520/860/518 540/863/538 539/858/536
f 521/862/519 541/865/539 540/863/538
f 522/864/520 542/867/540 541/865/539
f 523/866/521 543/869/542 542/867/540
f 523/866/521 524/871/522 544/868/541
f 525/870/523 545/873/543 544/868/541
f 526/872/524 546/875/544 545/873/543
f 527/874/525 547/877/545 546/875/544
f 528/876/526 548/879/547 547/877/545
f 528/876/526 529/881/527 549/878/546
f 530/880/528 550/883/548 549/878/546
f 531/882/529 551/885/549 550/883/548
f 532/884/530 552/886/550 551/885/549
f 513/847/511 533/849/532 552/886/550
s 0
f 552/886/98 533/849/98 534/848/98
f 534/848/98 535/853/98 536/855/98
f 536/855/98 537/857/98 538/859/98
f 538/859/98 539/858/98 540/863/98
f 540/863/98 541/865/98 542/867/98
f 542/867/98 543/869/98 544/868/98
f 544/868/98 545/873/98 546/875/98
f 546/875/98 547/877/98 548/879/98
f 548/879/98 549/878/98 550/883/98
f 550/883/98 551/885/98 552/886/98
f 552/886/98 534/848/98 536/855/98
f 536/855/98 538/859/98 540/863/98
f 540/863/98 542/867/98 544/868/98
f 544/868/98 546/875/98 548/879/98
f 548/879/98 550/883/98 552/886/98
f 552/886/98 536/855/98 540/863/98
f 540/863/98 544/868/98 548/879/98
s 1
usemtl MMO_water
f 266/423/267 267/424/268 265/425/269
f 268/426/270 269/427/271 267/424/268
f 270/428/272 271/429/273 269/427/271
f 272/430/274 273/431/275 271/432/273
f 274/433/276 275/434/277 273/431/275
f 276/435/278 277/436/279 275/434/277
f 278/437/280 279/438/281 277/436/279
f 280/439/282 281/440/283 279/438/281
f 282/441/284 283/442/285 281/440/283
f 284/443/286 285/444/287 283/445/285
f 286/446/288 287/447/289 285/444/287
f 288/448/290 289/449/291 287/447/289
f 290/450/292 291/451/293 289/449/291
f 292/452/294 293/453/295 291/451/293
f 294/454/296 295/455/297 293/453/295
f 296/456/298 297/457/299 295/458/297
f 298/459/300 299/460/301 297/457/299
f 300/461/302 301/462/303 299/460/301
f 302/463/304 303/464/305 301/462/303
f 304/465/306 305/466/307 303/464/305
f 306/467/308 307/468/309 305/466/307
f 308/469/310 309/470/311 307/471/309
s 0
f 302/472/98 286/473/98 270/474/98
s 1
f 310/475/312 311/476/313 309/470/311
f 312/477/314 265/425/269 311/476/313
s 0
f 279/478/1 295/479/1 311/480/1
s 1
f 554/887/267 555/888/268 553/889/269
f 556/890/270 557/891/271 555/888/268
f 558/892/272 559/893/273 557/891/271
f 560/894/274 561/895/275 559/896/273
f 562/897/276 563/898/277 561/895/275
f 564/899/278 565/900/279 563/898/277
f 566/901/280 567/902/281 565/900/279
f 568/903/282 569/904/283 567/902/281
f 570/905/284 571/906/285 569/904/283
f 572/907/286 573/908/287 571/909/285
f 574/910/288 575/911/289 573/908/287
f 576/912/290 577/913/291 575/911/289
f 578/914/292 579/915/293 577/913/291
f 580/916/294 581/917/295 579/915/293
f 582/918/296 583/919/297 581/917/295
f 584/920/298 585/921/299 583/922/297
f 586/923/300 587/924/301 585/921/299
f 588/925/302 589/926/303 587/924/301
f 590/927/304 591/928/305 589/926/303
f 592/929/306 593/930/307 591/928/305
f 594/931/308 595/932/309 593/930/307
f 596/933/310 597/934/311 595/935/309
s 0
f 590/936/98 574/937/98 558/938/98
s 1
f 598/939/312 599/940/313 597/934/311
f 600/941/314 553/889/269 599/940/313
s 0
f 567/942/1 583/943/1 599/944/1
f 625/979/575 638/980/575 637/981/575
f 626/982/576 638/983/576 640/984/576
f 625/979/577 637/981/577 642/985/577
f 625/979/578 642/985/578 644/986/578
f 625/979/579 644/986/579 641/987/579
f 626/982/580 640/984/580 647/988/580
f 627/989/581 639/990/581 649/991/581
f 628/992/582 643/993/582 651/994/582
f 629/995/583 645/996/583 653/997/583
f 630/998/584 646/999/584 655/1000/584
f 626/982/585 647/988/585 650/1001/585
f 627/989/586 649/991/586 652/1002/586
f 628/992/587 651/994/587 654/1003/587
f 629/995/588 653/997/588 656/1004/588
f 630/1005/589 655/1006/589 648/1007/589
f 631/1008/590 657/1009/590 662/1010/590
f 632/1011/591 658/1012/591 664/1013/591
f 633/1014/592 659/1015/592 665/1016/592
f 634/1017/593 660/1018/593 666/1019/593
f 635/1020/594 661/1021/594 663/1022/594
f 663/1023/595 666/1024/595 636/1025/595
f 663/1023/596 661/1026/596 666/1024/596
f 661/1027/597 634/1017/597 666/1019/597
f 666/1024/598 665/1028/598 636/1025/598
f 666/1024/599 660/1029/599 665/1028/599
f 660/1029/600 633/1030/600 665/1028/600
f 665/1028/601 664/1013/601 636/1025/601
f 665/1028/602 659/1031/602 664/1013/602
f 659/1015/603 632/1032/603 664/1033/603
f 664/1013/604 662/1010/604 636/1025/604
f 664/1013/605 658/1012/605 662/1010/605
f 658/1034/606 631/1035/606 662/1036/606
f 662/1010/607 663/1023/607 636/1025/607
f 662/1010/608 657/1009/608 663/1023/608
f 657/1037/609 635/1020/609 663/1022/609
f 648/1007/610 661/1021/610 635/1020/610
f 648/1007/611 655/1006/611 661/1021/611
f 655/1000/612 634/1017/612 661/1027/612
f 656/1004/613 660/1018/613 634/1017/613
f 656/1004/614 653/997/614 660/1018/614
f 653/997/615 633/1038/615 660/1018/615
f 654/1003/616 659/1015/616 633/1014/616
f 654/1003/617 651/994/617 659/1015/617
f 651/994/618 632/1032/618 659/1015/618
f 652/1002/619 658/1034/619 632/1039/619
f 652/1002/620 649/991/620 658/1034/620
f 649/991/621 631/1035/621 658/1034/621
f 650/1040/622 657/1041/622 631/1035/622
f 650/1001/623 647/988/623 657/1037/623
f 647/988/624 635/1020/624 657/1037/624
f 655/1000/625 656/1004/625 634/1017/625
f 655/1000/626 646/999/626 656/1004/626
f 646/999/627 629/995/627 656/1004/627
f 653/1042/628 654/1003/628 633/1014/628
f 653/1042/629 645/1043/629 654/1003/629
f 645/1043/630 628/992/630 654/1003/630
f 651/994/631 652/1044/631 632/1032/631
f 651/994/632 643/993/632 652/1044/632
f 643/1045/633 627/989/633 652/1002/633
f 649/991/634 650/1040/634 631/1035/634
f 649/991/635 639/990/635 650/1040/635
f 639/990/636 626/1046/636 650/1040/636
f 647/988/637 648/1007/637 635/1020/637
f 647/988/638 640/984/638 648/1007/638
f 640/984/639 630/1005/639 648/1007/639
f 641/987/640 646/1047/640 630/1048/640
f 641/987/641 644/986/641 646/1047/641
f 644/1049/642 629/995/642 646/999/642
f 644/986/643 645/1050/643 629/1051/643
f 644/986/644 642/985/644 645/1050/644
f 642/1052/645 628/992/645 645/1043/645
f 642/1052/646 643/993/646 628/992/646
f 642/985/647 637/981/647 643/1053/647
f 637/981/648 627/1054/648 643/1053/648
f 640/1055/649 641/987/649 630/1048/649
f 640/1055/650 638/980/650 641/987/650
f 638/980/651 625/979/651 641/987/651
f 637/1056/652 639/990/652 627/989/652
f 637/981/653 638/980/653 639/1057/653
f 638/980/654 626/1058/654 639/1057/654
s 1
f 667/1059/655 670/1060/656 669/1061/657
f 669/1062/657 672/1063/658 671/1064/659
f 671/1064/659 674/1065/660 673/1066/661
f 673/1067/661 676/1068/662 675/1069/663
f 676/1068/662 677/1070/664 675/1069/663
f 678/1071/665 679/1072/666 677/1073/664
s 0
f 680/1074/667 676/1075/667 672/1076/667
s 1
f 680/1077/668 681/1078/669 679/1072/666
f 682/1079/670 667/1059/655 681/1080/669
s 0
f 673/1081/671 677/1082/671 681/1083/671
s 1
f 683/1084/672 686/1085/673 685/1086/674
f 685/1087/674 688/1088/675 687/1089/676
f 687/1089/676 690/1090/677 689/1091/678
f 689/1092/678 692/1093/679 691/1094/680
f 692/1093/679 693/1095/681 691/1094/680
f 694/1096/682 695/1097/683 693/1098/681
s 0
f 696/1099/684 692/1100/684 688/1101/684
s 1
f 696/1102/685 697/1103/686 695/1097/683
f 698/1104/687 683/1084/672 697/1105/686
s 0
f 689/1106/688 693/1107/688 697/1108/688
s 1
f 699/1109/689 702/1110/690 701/1111/691
f 701/1112/691 704/1113/692 703/1114/693
f 703/1114/693 706/1115/694 705/1116/695
f 705/1117/695 708/1118/696 707/1119/697
f 708/1118/696 709/1120/698 707/1119/697
f 710/1121/699 711/1122/700 709/1123/698
s 0
f 712/1124/701 708/1125/701 704/1126/701
s 1
f 712/1127/702 713/1128/703 711/1122/700
f 714/1129/704 699/1109/689 713/1130/703
s 0
f 705/1131/705 709/1132/705 713/1133/705
s 1
f 715/1134/706 718/1135/707 717/1136/708
f 717/1137/708 720/1138/709 719/1139/710
f 719/1139/710 722/1140/711 721/1141/712
f 721/1142/712 724/1143/713 723/1144/714
f 724/1143/713 725/1145/715 723/1144/714
f 726/1146/716 727/1147/717 725/1148/715
s 0
f 728/1149/718 724/1150/718 720/1151/718
s 1
f 728/1152/719 729/1153/720 727/1147/717
f 730/1154/721 715/1134/706 729/1155/720
s 0
f 721/1156/722 725/1157/722 729/1158/722
s 1
f 731/1159/723 734/1160/724 733/1161/725
f 733/1162/725 736/1163/726 735/1164/727
f 735/1164/727 738/1165/728 737/1166/729
f 737/1167/729 740/1168/730 739/1169/731
f 740/1168/730 741/1170/732 739/1169/731
f 742/1171/733 743/1172/734 741/1173/732
s 0
f 744/1174/735 740/1175/735 736/1176/735
s 1
f 744/1177/736 745/1178/737 743/1172/734
f 746/1179/738 731/1159/723 745/1180/737
s 0
f 737/1181/739 741/1182/739 745/1183/739
s 1
f 747/1184/740 750/1185/741 749/1186/742
f 749/1187/742 752/1188/743 751/1189/744
f 751/1189/744 754/1190/745 753/1191/746
f 753/1192/746 756/1193/747 755/1194/748
f 756/1193/747 757/1195/749 755/1194/748
f 758/1196/750 759/1197/751 757/1198/749
s 0
f 760/1199/752 756/1200/752 752/1201/752
s 1
f 760/1202/753 761/1203/754 759/1197/751
f 762/1204/755 747/1184/740 761/1205/754
s 0
f 753/1206/756 757/1207/756 761/1208/756
s 1
f 763/1209/757 766/1210/758 765/1211/759
f 765/1212/759 768/1213/760 767/1214/761
f 767/1214/761 770/1215/762 769/1216/763
f 769/1217/763 772/1218/764 771/1219/765
f 772/1218/764 773/1220/766 771/1219/765
f 774/1221/767 775/1222/768 773/1223/766
s 0
f 776/1224/769 772/1225/769 768/1226/769
s 1
f 776/1227/770 777/1228/771 775/1222/768
f 778/1229/772 763/1209/757 777/1230/771
s 0
f 769/1231/773 773/1232/773 777/1233/773
s 1
f 780/1234/774 781/1235/775 779/1236/776
f 782/1237/777 783/1238/778 781/1239/775
f 784/1240/779 785/1241/780 783/1238/778
f 786/1242/781 787/1243/782 785/1244/780
f 788/1245/783 789/1246/784 787/1243/782
f 790/1247/785 791/1248/786 789/1249/784
s 0
f 792/1250/98 788/1251/98 784/1252/98
s 1
f 792/1253/787 793/1254/788 791/1248/786
f 794/1255/789 779/1236/776 793/1256/788
s 0
f 785/1257/1 789/1258/1 793/1259/1
s 1
f 266/423/267 268/426/270 267/424/268
f 268/426/270 270/428/272 269/427/271
f 270/428/272 272/1273/274 271/429/273
f 272/430/274 274/433/276 273/431/275
f 274/433/276 276/435/278 275/434/277
f 276/435/278 278/437/280 277/436/279
f 278/437/280 280/439/282 279/438/281
f 280/439/282 282/441/284 281/440/283
f 282/441/284 284/1274/286 283/442/285
f 284/443/286 286/446/288 285/444/287
f 286/446/288 288/448/290 287/447/289
f 288/448/290 290/450/292 289/449/291
f 290/450/292 292/452/294 291/451/293
f 292/452/294 294/454/296 293/453/295
f 294/454/296 296/1275/298 295/455/297
f 296/456/298 298/459/300 297/457/299
f 298/459/300 300/461/302 299/460/301
f 300/461/302 302/463/304 301/462/303
f 302/463/304 304/465/306 303/464/305
f 304/465/306 306/467/308 305/466/307
f 306/467/308 308/1276/310 307/468/309
f 308/469/310 310/475/312 309/470/311
s 0
f 270/474/98 268/1277/98 266/1278/98
f 266/1278/98 312/1279/98 310/1280/98
f 310/1280/98 308/1281/98 306/1282/98
f 306/1282/98 304/1283/98 302/472/98
f 302/472/98 300/1284/98 298/1285/98
f 298/1285/98 296/1286/98 294/1287/98
f 294/1287/98 292/1288/98 290/1289/98
f 290/1289/98 288/1290/98 286/473/98
f 286/473/98 284/1291/98 282/1292/98
f 282/1292/98 280/1293/98 278/1294/98
f 278/1294/98 276/1295/98 274/1296/98
f 274/1296/98 272/1297/98 270/474/98
f 270/474/98 266/1278/98 310/1280/98
f 310/1280/98 306/1282/98 302/472/98
f 302/472/98 298/1285/98 294/1287/98
f 294/1287/98 290/1289/98 286/473/98
f 286/473/98 282/1292/98 278/1294/98
f 278/1294/98 274/1296/98 270/474/98
f 270/474/98 310/1280/98 302/472/98
f 302/472/98 294/1287/98 286/473/98
f 286/473/98 278/1294/98 270/474/98
s 1
f 310/475/312 312/477/314 311/476/313
f 312/477/314 266/423/267 265/425/269
s 0
f 311/480/1 265/1298/1 267/1299/1
f 267/1299/1 269/1300/1 271/1301/1
f 271/1301/1 273/1302/1 275/1303/1
f 275/1303/1 277/1304/1 279/478/1
f 279/478/1 281/1305/1 283/1306/1
f 283/1306/1 285/1307/1 287/1308/1
f 287/1308/1 289/1309/1 291/1310/1
f 291/1310/1 293/1311/1 295/479/1
f 295/479/1 297/1312/1 299/1313/1
f 299/1313/1 301/1314/1 303/1315/1
f 303/1315/1 305/1316/1 307/1317/1
f 307/1317/1 309/1318/1 311/480/1
f 311/480/1 267/1299/1 271/1301/1
f 271/1301/1 275/1303/1 279/478/1
f 279/478/1 283/1306/1 287/1308/1
f 287/1308/1 291/1310/1 295/479/1
f 295/479/1 299/1313/1 303/1315/1
f 303/1315/1 307/1317/1 311/480/1
f 311/480/1 271/1301/1 279/478/1
f 279/478/1 287/1308/1 295/479/1
f 295/479/1 303/1315/1 311/480/1
s 1
f 554/887/267 556/890/270 555/888/268
f 556/890/270 558/892/272 557/891/271
f 558/892/272 560/1369/274 559/893/273
f 560/894/274 562/897/276 561/895/275
f 562/897/276 564/899/278 563/898/277
f 564/899/278 566/901/280 565/900/279
f 566/901/280 568/903/282 567/902/281
f 568/903/282 570/905/284 569/904/283
f 570/905/284 572/1370/286 571/906/285
f 572/907/286 574/910/288 573/908/287
f 574/910/288 576/912/290 575/911/289
f 576/912/290 578/914/292 577/913/291
f 578/914/292 580/916/294 579/915/293
f 580/916/294 582/918/296 581/917/295
f 582/918/296 584/1371/298 583/919/297
f 584/920/298 586/923/300 585/921/299
f 586/923/300 588/925/302 587/924/301
f 588/925/302 590/927/304 589/926/303
f 590/927/304 592/929/306 591/928/305
f 592/929/306 594/931/308 593/930/307
f 594/931/308 596/1372/310 595/932/309
f 596/933/310 598/939/312 597/934/311
s 0
f 558/938/98 556/1373/98 554/1374/98
f 554/1374/98 600/1375/98 598/1376/98
f 598/1376/98 596/1377/98 594/1378/98
f 594/1378/98 592/1379/98 590/936/98
f 590/936/98 588/1380/98 586/1381/98
f 586/1381/98 584/1382/98 582/1383/98
f 582/1383/98 580/1384/98 578/1385/98
f 578/1385/98 576/1386/98 574/937/98
f 574/937/98 572/1387/98 570/1388/98
f 570/1388/98 568/1389/98 566/1390/98
f 566/1390/98 564/1391/98 562/1392/98
f 562/1392/98 560/1393/98 558/938/98
f 558/938/98 554/1374/98 598/1376/98
f 598/1376/98 594/1378/98 590/936/98
f 590/936/98 586/1381/98 582/1383/98
f 582/1383/98 578/1385/98 574/937/98
f 574/937/98 570/1388/98 566/1390/98
f 566/1390/98 562/1392/98 558/938/98
f 558/938/98 598/1376/98 590/936/98
f 590/936/98 582/1383/98 574/937/98
f 574/937/98 566/1390/98 558/938/98
s 1
f 598/939/312 600/941/314 599/940/313
f 600/941/314 554/887/267 553/889/269
s 0
f 599/944/1 553/1394/1 555/1395/1
f 555/1395/1 557/1396/1 559/1397/1
f 559/1397/1 561/1398/1 563/1399/1
f 563/1399/1 565/1400/1 567/942/1
f 567/942/1 569/1401/1 571/1402/1
f 571/1402/1 573/1403/1 575/1404/1
f 575/1404/1 577/1405/1 579/1406/1
f 579/1406/1 581/1407/1 583/943/1
f 583/943/1 585/1408/1 587/1409/1
f 587/1409/1 589/1410/1 591/1411/1
f 591/1411/1 593/1412/1 595/1413/1
f 595/1413/1 597/1414/1 599/944/1
f 599/944/1 555/1395/1 559/1397/1
f 559/1397/1 563/1399/1 567/942/1
f 567/942/1 571/1402/1 575/1404/1
f 575/1404/1 579/1406/1 583/943/1
f 583/943/1 587/1409/1 591/1411/1
f 591/1411/1 595/1413/1 599/944/1
f 599/944/1 559/1397/1 567/942/1
f 567/942/1 575/1404/1 583/943/1
f 583/943/1 591/1411/1 599/944/1
s 1
f 667/1059/655 668/1437/790 670/1060/656
f 669/1062/657 670/1438/656 672/1063/658
f 671/1064/659 672/1063/658 674/1065/660
f 673/1067/661 674/1439/660 676/1068/662
f 676/1068/662 678/1440/665 677/1070/664
f 678/1071/665 680/1077/668 679/1072/666
s 0
f 672/1076/667 670/1441/667 668/1442/667
f 668/1442/667 682/1443/667 680/1074/667
f 680/1074/667 678/1444/667 676/1075/667
f 676/1075/667 674/1445/667 672/1076/667
f 672/1076/667 668/1442/667 680/1074/667
s 1
f 680/1077/668 682/1446/670 681/1078/669
f 682/1079/670 668/1437/790 667/1059/655
s 0
f 681/1083/671 667/1447/671 669/1448/671
f 669/1448/671 671/1449/671 673/1081/671
f 673/1081/671 675/1450/671 677/1082/671
f 677/1082/671 679/1451/671 681/1083/671
f 681/1083/671 669/1448/671 673/1081/671
s 1
f 683/1084/672 684/1452/791 686/1085/673
f 685/1087/674 686/1453/673 688/1088/675
f 687/1089/676 688/1088/675 690/1090/677
f 689/1092/678 690/1454/677 692/1093/679
f 692/1093/679 694/1455/682 693/1095/681
f 694/1096/682 696/1102/685 695/1097/683
s 0
f 688/1101/684 686/1456/684 684/1457/684
f 684/1457/684 698/1458/684 696/1099/684
f 696/1099/684 694/1459/684 692/1100/684
f 692/1100/684 690/1460/684 688/1101/684
f 688/1101/684 684/1457/684 696/1099/684
s 1
f 696/1102/685 698/1461/687 697/1103/686
f 698/1104/687 684/1452/791 683/1084/672
s 0
f 697/1108/688 683/1462/688 685/1463/688
f 685/1463/688 687/1464/688 689/1106/688
f 689/1106/688 691/1465/688 693/1107/688
f 693/1107/688 695/1466/688 697/1108/688
f 697/1108/688 685/1463/688 689/1106/688
s 1
f 699/1109/689 700/1467/792 702/1110/690
f 701/1112/691 702/1468/690 704/1113/692
f 703/1114/693 704/1113/692 706/1115/694
f 705/1117/695 706/1469/694 708/1118/696
f 708/1118/696 710/1470/699 709/1120/698
f 710/1121/699 712/1127/702 711/1122/700
s 0
f 704/1126/701 702/1471/701 700/1472/701
f 700/1472/701 714/1473/701 712/1124/701
f 712/1124/701 710/1474/701 708/1125/701
f 708/1125/701 706/1475/701 704/1126/701
f 704/1126/701 700/1472/701 712/1124/701
s 1
f 712/1127/702 714/1476/704 713/1128/703
f 714/1129/704 700/1467/792 699/1109/689
s 0
f 713/1133/705 699/1477/705 701/1478/705
f 701/1478/705 703/1479/705 705/1131/705
f 705/1131/705 707/1480/705 709/1132/705
f 709/1132/705 711/1481/705 713/1133/705
f 713/1133/705 701/1478/705 705/1131/705
s 1
f 715/1134/706 716/1482/793 718/1135/707
f 717/1137/708 718/1483/707 720/1138/709
f 719/1139/710 720/1138/709 722/1140/711
f 721/1142/712 722/1484/711 724/1143/713
f 724/1143/713 726/1485/716 725/1145/715
f 726/1146/716 728/1152/719 727/1147/717
s 0
f 720/1151/718 718/1486/718 716/1487/718
f 716/1487/718 730/1488/718 728/1149/718
f 728/1149/718 726/1489/718 724/1150/718
f 724/1150/718 722/1490/718 720/1151/718
f 720/1151/718 716/1487/718 728/1149/718
s 1
f 728/1152/719 730/1491/721 729/1153/720
f 730/1154/721 716/1482/793 715/1134/706
s 0
f 729/1158/722 715/1492/722 717/1493/722
f 717/1493/722 719/1494/722 721/1156/722
f 721/1156/722 723/1495/722 725/1157/722
f 725/1157/722 727/1496/722 729/1158/722
f 729/1158/722 717/1493/722 721/1156/722
s 1
f 731/1159/723 732/1497/794 734/1160/724
f 733/1162/725 734/1498/724 736/1163/726
f 735/1164/727 736/1163/726 738/1165/728
f 737/1167/729 738/1499/728 740/1168/730
f 740/1168/730 742/1500/733 741/1170/732
f 742/1171/733 744/1177/736 743/1172/734
s 0
f 736/1176/735 734/1501/735 732/1502/735
f 732/1502/735 746/1503/735 744/1174/735
f 744/1174/735 742/1504/735 740/1175/735
f 740/1175/735 738/1505/735 736/1176/735
f 736/1176/735 732/1502/735 744/1174/735
s 1
f 744/1177/736 746/1506/738 745/1178/737
f 746/1179/738 732/1497/794 731/1159/723
s 0
f 745/1183/739 731/1507/739 733/1508/739
f 733/1508/739 735/1509/739 737/1181/739
f 737/1181/739 739/1510/739 741/1182/739
f 741/1182/739 743/1511/739 745/1183/739
f 745/1183/739 733/1508/739 737/1181/739
s 1
f 747/1184/740 748/1512/795 750/1185/741
f 749/1187/742 750/1513/741 752/1188/743
f 751/1189/744 752/1188/743 754/1190/745
f 753/1192/746 754/1514/745 756/1193/747
f 756/1193/747 758/1515/750 757/1195/749
f 758/1196/750 760/1202/753 759/1197/751
s 0
f 752/1201/752 750/1516/752 748/1517/752
f 748/1517/752 762/1518/752 760/1199/752
f 760/1199/752 758/1519/752 756/1200/752
f 756/1200/752 754/1520/752 752/1201/752
f 752/1201/752 748/1517/752 760/1199/752
s 1
f 760/1202/753 762/1521/755 761/1203/754
f 762/1204/755 748/1512/795 747/1184/740
s 0
f 761/1208/756 747/1522/756 749/1523/756
f 749/1523/756 751/1524/756 753/1206/756
f 753/1206/756 755/1525/756 757/1207/756
f 757/1207/756 759/1526/756 761/1208/756
f 761/1208/756 749/1523/756 753/1206/756
s 1
f 763/1209/757 764/1527/796 766/1210/758
f 765/1212/759 766/1528/758 768/1213/760
f 767/1214/761 768/1213/760 770/1215/762
f 769/1217/763 770/1529/762 772/1218/764
f 772/1218/764 774/1530/767 773/1220/766
f 774/1221/767 776/1227/770 775/1222/768
s 0
f 768/1226/769 766/1531/769 764/1532/769
f 764/1532/769 778/1533/769 776/1224/769
f 776/1224/769 774/1534/769 772/1225/769
f 772/1225/769 770/1535/769 768/1226/769
f 768/1226/769 764/1532/769 776/1224/769
s 1
f 776/1227/770 778/1536/772 777/1228/771
f 778/1229/772 764/1527/796 763/1209/757
s 0
f 777/1233/773 763/1537/773 765/1538/773
f 765/1538/773 767/1539/773 769/1231/773
f 769/1231/773 771/1540/773 773/1232/773
f 773/1232/773 775/1541/773 777/1233/773
f 777/1233/773 765/1538/773 769/1231/773
s 1
f 780/1234/774 782/1542/777 781/1235/775
f 782/1237/777 784/1240/779 783/1238/778
f 784/1240/779 786/1543/781 785/1241/780
f 786/1242/781 788/1245/783 787/1243/782
f 788/1245/783 790/1544/785 789/1246/784
f 790/1247/785 792/1253/787 791/1248/786
s 0
f 784/1252/98 782/1545/98 780/1546/98
f 780/1546/98 794/1547/98 792/1250/98
f 792/1250/98 790/1548/98 788/1251/98
f 788/1251/98 786/1549/98 784/1252/98
f 784/1252/98 780/1546/98 792/1250/98
s 1
f 792/1253/787 794/1550/789 793/1254/788
f 794/1255/789 780/1234/774 779/1236/776
s 0
f 793/1259/1 779/1551/1 781/1552/1
f 781/1552/1 783/1553/1 785/1257/1
f 785/1257/1 787/1554/1 789/1258/1
f 789/1258/1 791/1555/1 793/1259/1
f 793/1259/1 781/1552/1 785/1257/1
s 1
usemtl MMO_brass
f 602/945/551 603/946/552 601/947/553
f 604/948/554 605/949/555 603/946/552
f 606/950/556 607/951/557 605/952/555
f 608/953/558 609/954/559 607/951/557
f 610/955/560 611/956/561 609/954/559
f 612/957/562 613/958/563 611/959/561
f 614/960/564 615/961/565 613/958/563
f 616/962/566 617/963/567 615/964/565
f 618/965/568 619/966/569 617/963/567
f 620/967/570 621/968/571 619/966/569
s 0
f 622/969/98 614/970/98 606/971/98
s 1
f 622/972/572 623/973/573 621/974/571
f 624/975/574 601/947/553 623/973/573
s 0
f 607/976/1 615/977/1 623/978/1
s 1
f 602/945/551 604/948/554 603/946/552
f 604/948/554 606/1415/556 605/949/555
f 606/950/556 608/953/558 607/951/557
f 608/953/558 610/955/560 609/954/559
f 610/955/560 612/1416/562 611/956/561
f 612/957/562 614/960/564 613/958/563
f 614/960/564 616/1417/566 615/961/565
f 616/962/566 618/965/568 617/963/567
f 618/965/568 620/967/570 619/966/569
f 620/967/570 622/1418/572 621/968/571
s 0
f 606/971/98 604/1419/98 602/1420/98
f 602/1420/98 624/1421/98 622/969/98
f 622/969/98 620/1422/98 618/1423/98
f 618/1423/98 616/1424/98 614/970/98
f 614/970/98 612/1425/98 610/1426/98
f 610/1426/98 608/1427/98 606/971/98
f 606/971/98 602/1420/98 622/969/98
f 622/969/98 618/1423/98 614/970/98
f 614/970/98 610/1426/98 606/971/98
s 1
f 622/972/572 624/975/574 623/973/573
f 624/975/574 602/945/551 601/947/553
s 0
f 623/978/1 601/1428/1 603/1429/1
f 603/1429/1 605/1430/1 607/976/1
f 607/976/1 609/1431/1 611/1432/1
f 611/1432/1 613/1433/1 615/977/1
f 615/977/1 617/1434/1 619/1435/1
f 619/1435/1 621/1436/1 623/978/1
f 623/978/1 603/1429/1 607/976/1
f 607/976/1 611/1432/1 615/977/1
f 615/977/1 619/1435/1 623/978/1
