# Blender 4.0.2
# www.blender.org
mtllib gate.mtl
o gate
v -0.453333 -0.494762 0.347222
v -0.453333 -0.484286 0.381944
v -0.464444 -0.484286 0.347222
v -0.453333 -0.390003 0.381944
v -0.453333 -0.379527 0.347222
v -0.464444 -0.390003 0.347222
v -0.453333 -0.494762 -0.347222
v -0.464444 -0.484286 -0.347222
v -0.453333 -0.484286 -0.381944
v -0.453333 -0.379527 -0.347222
v -0.453333 -0.390003 -0.381944
v -0.464444 -0.390003 -0.347222
v -0.284444 -0.494762 0.347222
v -0.273333 -0.484286 0.347222
v -0.284444 -0.484286 0.381944
v -0.284444 -0.379527 0.347222
v -0.284444 -0.390003 0.381944
v -0.273333 -0.390003 0.347222
v -0.284444 -0.494762 -0.347222
v -0.284444 -0.484286 -0.381944
v -0.273333 -0.484286 -0.347222
v -0.284444 -0.379527 -0.347222
v -0.273333 -0.390003 -0.347222
v -0.284444 -0.390003 -0.381944
v -0.453333 -0.373241 0.347222
v -0.453333 -0.362765 0.381944
v -0.464444 -0.362765 0.347222
v -0.453333 -0.268482 0.381944
v -0.453333 -0.258006 0.347222
v -0.464444 -0.268482 0.347222
v -0.453333 -0.373241 -0.347222
v -0.464444 -0.362765 -0.347222
v -0.453333 -0.362765 -0.381944
v -0.453333 -0.258006 -0.347222
v -0.453333 -0.268482 -0.381944
v -0.464444 -0.268482 -0.347222
v -0.284444 -0.373241 0.347222
v -0.273333 -0.362765 0.347222
v -0.284444 -0.362765 0.381944
v -0.284444 -0.258006 0.347222
v -0.284444 -0.268482 0.381944
v -0.273333 -0.268482 0.347222
v -0.284444 -0.373241 -0.347222
v -0.284444 -0.362765 -0.381944
v -0.273333 -0.362765 -0.347222
v -0.284444 -0.258006 -0.347222
v -0.273333 -0.268482 -0.347222
v -0.284444 -0.268482 -0.381944
v -0.453333 -0.251720 0.347222
v -0.453333 -0.241244 0.381944
v -0.464444 -0.241244 0.347222
v -0.453333 -0.146961 0.381944
v -0.453333 -0.136485 0.347222
v -0.464444 -0.146961 0.347222
v -0.453333 -0.251720 -0.347222
v -0.464444 -0.241244 -0.347222
v -0.453333 -0.241244 -0.381944
v -0.453333 -0.136485 -0.347222
v -0.453333 -0.146961 -0.381944
v -0.464444 -0.146961 -0.347222
v -0.284444 -0.251720 0.347222
v -0.273333 -0.241244 0.347222
v -0.284444 -0.241244 0.381944
v -0.284444 -0.136485 0.347222
v -0.284444 -0.146961 0.381944
v -0.273333 -0.146961 0.347222
v -0.284444 -0.251720 -0.347222
v -0.284444 -0.241244 -0.381944
v -0.273333 -0.241244 -0.347222
v -0.284444 -0.136485 -0.347222
v -0.273333 -0.146961 -0.347222
v -0.284444 -0.146961 -0.381944
v -0.453333 -0.130199 0.347222
v -0.453333 -0.119723 0.381944
v -0.464444 -0.119723 0.347222
v -0.453333 -0.025440 0.381944
v -0.453333 -0.014964 0.347222
v -0.464444 -0.025440 0.347222
v -0.453333 -0.130199 -0.347222
v -0.464444 -0.119723 -0.347222
v -0.453333 -0.119723 -0.381944
v -0.453333 -0.014964 -0.347222
v -0.453333 -0.025440 -0.381944
v -0.464444 -0.025440 -0.347222
v -0.284444 -0.130199 0.347222
v -0.273333 -0.119723 0.347222
v -0.284444 -0.119723 0.381944
v -0.284444 -0.014964 0.347222
v -0.284444 -0.025440 0.381944
v -0.273333 -0.025440 0.347222
v -0.284444 -0.130199 -0.347222
v -0.284444 -0.119723 -0.381944
v -0.273333 -0.119723 -0.347222
v -0.284444 -0.014964 -0.347222
v -0.273333 -0.025440 -0.347222
v -0.284444 -0.025440 -0.381944
v -0.453333 -0.008678 0.347222
v -0.453333 0.001798 0.381944
v -0.464444 0.001798 0.347222
v -0.453333 0.096081 0.381944
v -0.453333 0.106557 0.347222
v -0.464444 0.096081 0.347222
v -0.453333 -0.008678 -0.347222
v -0.464444 0.001798 -0.347222
v -0.453333 0.001798 -0.381944
v -0.453333 0.106557 -0.347222
v -0.453333 0.096081 -0.381944
v -0.464444 0.096081 -0.347222
v -0.284444 -0.008678 0.347222
v -0.273333 0.001798 0.347222
v -0.284444 0.001798 0.381944
v -0.284444 0.106557 0.347222
v -0.284444 0.096081 0.381944
v -0.273333 0.096081 0.347222
v -0.284444 -0.008678 -0.347222
v -0.284444 0.001798 -0.381944
v -0.273333 0.001798 -0.347222
v -0.284444 0.106557 -0.347222
v -0.273333 0.096081 -0.347222
v -0.284444 0.096081 -0.381944
v -0.488889 -0.500000 0.465278
v -0.488889 -0.489524 0.500000
v -0.500000 -0.489524 0.465278
v -0.488889 -0.460191 0.500000
v -0.488889 -0.449715 0.465278
v -0.500000 -0.460191 0.465278
v -0.488889 -0.500000 -0.465278
v -0.500000 -0.489524 -0.465278
v -0.488889 -0.489524 -0.500000
v -0.488889 -0.449715 -0.465278
v -0.488889 -0.460191 -0.500000
v -0.500000 -0.460191 -0.465278
v -0.248889 -0.500000 0.465278
v -0.237778 -0.489524 0.465278
v -0.248889 -0.489524 0.500000
v -0.248889 -0.449715 0.465278
v -0.248889 -0.460191 0.500000
v -0.237778 -0.460191 0.465278
v -0.248889 -0.500000 -0.465278
v -0.248889 -0.489524 -0.500000
v -0.237778 -0.489524 -0.465278
v -0.248889 -0.449715 -0.465278
v -0.237778 -0.460191 -0.465278
v -0.248889 -0.460191 -0.500000
v 0.284444 -0.494762 0.347222
v 0.284444 -0.484286 0.381944
v 0.273333 -0.484286 0.347222
v 0.284444 -0.390003 0.381944
v 0.284444 -0.379527 0.347222
v 0.273333 -0.390003 0.347222
v 0.284444 -0.494762 -0.347222
v 0.273333 -0.484286 -0.347222
v 0.284444 -0.484286 -0.381944
v 0.284444 -0.379527 -0.347222
v 0.284444 -0.390003 -0.381944
v 0.273333 -0.390003 -0.347222
v 0.453333 -0.494762 0.347222
v 0.464444 -0.484286 0.347222
v 0.453333 -0.484286 0.381944
v 0.453333 -0.379527 0.347222
v 0.453333 -0.390003 0.381944
v 0.464444 -0.390003 0.347222
v 0.453333 -0.494762 -0.347222
v 0.453333 -0.484286 -0.381944
v 0.464444 -0.484286 -0.347222
v 0.453333 -0.379527 -0.347222
v 0.464444 -0.390003 -0.347222
v 0.453333 -0.390003 -0.381944
v 0.284444 -0.373241 0.347222
v 0.284444 -0.362765 0.381944
v 0.273333 -0.362765 0.347222
v 0.284444 -0.268482 0.381944
v 0.284444 -0.258006 0.347222
v 0.273333 -0.268482 0.347222
v 0.284444 -0.373241 -0.347222
v 0.273333 -0.362765 -0.347222
v 0.284444 -0.362765 -0.381944
v 0.284444 -0.258006 -0.347222
v 0.284444 -0.268482 -0.381944
v 0.273333 -0.268482 -0.347222
v 0.453333 -0.373241 0.347222
v 0.464444 -0.362765 0.347222
v 0.453333 -0.362765 0.381944
v 0.453333 -0.258006 0.347222
v 0.453333 -0.268482 0.381944
v 0.464444 -0.268482 0.347222
v 0.453333 -0.373241 -0.347222
v 0.453333 -0.362765 -0.381944
v 0.464444 -0.362765 -0.347222
v 0.453333 -0.258006 -0.347222
v 0.464444 -0.268482 -0.347222
v 0.453333 -0.268482 -0.381944
v 0.284444 -0.251720 0.347222
v 0.284444 -0.241244 0.381944
v 0.273333 -0.241244 0.347222
v 0.284444 -0.146961 0.381944
v 0.284444 -0.136485 0.347222
v 0.273333 -0.146961 0.347222
v 0.284444 -0.251720 -0.347222
v 0.273333 -0.241244 -0.347222
v 0.284444 -0.241244 -0.381944
v 0.284444 -0.136485 -0.347222
v 0.284444 -0.146961 -0.381944
v 0.273333 -0.146961 -0.347222
v 0.453333 -0.251720 0.347222
v 0.464444 -0.241244 0.347222
v 0.453333 -0.241244 0.381944
v 0.453333 -0.136485 0.347222
v 0.453333 -0.146961 0.381944
v 0.464444 -0.146961 0.347222
v 0.453333 -0.251720 -0.347222
v 0.453333 -0.241244 -0.381944
v 0.464444 -0.241244 -0.347222
v 0.453333 -0.136485 -0.347222
v 0.464444 -0.146961 -0.347222
v 0.453333 -0.146961 -0.381944
v 0.284444 -0.130199 0.347222
v 0.284444 -0.119723 0.381944
v 0.273333 -0.119723 0.347222
v 0.284444 -0.025440 0.381944
v 0.284444 -0.014964 0.347222
v 0.273333 -0.025440 0.347222
v 0.284444 -0.130199 -0.347222
v 0.273333 -0.119723 -0.347222
v 0.284444 -0.119723 -0.381944
v 0.284444 -0.014964 -0.347222
v 0.284444 -0.025440 -0.381944
v 0.273333 -0.025440 -0.347222
v 0.453333 -0.130199 0.347222
v 0.464444 -0.119723 0.347222
v 0.453333 -0.119723 0.381944
v 0.453333 -0.014964 0.347222
v 0.453333 -0.025440 0.381944
v 0.464444 -0.025440 0.347222
v 0.453333 -0.130199 -0.347222
v 0.453333 -0.119723 -0.381944
v 0.464444 -0.119723 -0.347222
v 0.453333 -0.014964 -0.347222
v 0.464444 -0.025440 -0.347222
v 0.453333 -0.025440 -0.381944
v 0.284444 -0.008678 0.347222
v 0.284444 0.001798 0.381944
v 0.273333 0.001798 0.347222
v 0.284444 0.096081 0.381944
v 0.284444 0.106557 0.347222
v 0.273333 0.096081 0.347222
v 0.284444 -0.008678 -0.347222
v 0.273333 0.001798 -0.347222
v 0.284444 0.001798 -0.381944
v 0.284444 0.106557 -0.347222
v 0.284444 0.096081 -0.381944
v 0.273333 0.096081 -0.347222
v 0.453333 -0.008678 0.347222
v 0.464444 0.001798 0.347222
v 0.453333 0.001798 0.381944
v 0.453333 0.106557 0.347222
v 0.453333 0.096081 0.381944
v 0.464444 0.096081 0.347222
v 0.453333 -0.008678 -0.347222
v 0.453333 0.001798 -0.381944
v 0.464444 0.001798 -0.347222
v 0.453333 0.106557 -0.347222
v 0.464444 0.096081 -0.347222
v 0.453333 0.096081 -0.381944
v 0.248889 -0.500000 0.465278
v 0.248889 -0.489524 0.500000
v 0.237778 -0.489524 0.465278
v 0.248889 -0.460191 0.500000
v 0.248889 -0.449715 0.465278
v 0.237778 -0.460191 0.465278
v 0.248889 -0.500000 -0.465278
v 0.237778 -0.489524 -0.465278
v 0.248889 -0.489524 -0.500000
v 0.248889 -0.449715 -0.465278
v 0.248889 -0.460191 -0.500000
v 0.237778 -0.460191 -0.465278
v 0.488889 -0.500000 0.465278
v 0.500000 -0.489524 0.465278
v 0.488889 -0.489524 0.500000
v 0.488889 -0.449715 0.465278
v 0.488889 -0.460191 0.500000
v 0.500000 -0.460191 0.465278
v 0.488889 -0.500000 -0.465278
v 0.488889 -0.489524 -0.500000
v 0.500000 -0.489524 -0.465278
v 0.488889 -0.449715 -0.465278
v 0.500000 -0.460191 -0.465278
v 0.488889 -0.460191 -0.500000
v 0.289771 0.101137 0.372222
v 0.283511 0.106053 0.372222
v 0.288907 0.106159 0.388889
v 0.425767 0.102034 0.372222
v 0.424752 0.107056 0.388889
v 0.430174 0.107021 0.372222
v 0.401110 0.233880 0.372222
v 0.407060 0.230615 0.372222
v 0.401978 0.228834 0.388889
v 0.272989 0.190869 0.372222
v 0.274000 0.185871 0.388889
v 0.268891 0.184230 0.372222
v 0.283511 0.106053 -0.372222
v 0.289771 0.101137 -0.372222
v 0.288907 0.106159 -0.388889
v 0.425767 0.102034 -0.372222
v 0.430174 0.107021 -0.372222
v 0.424752 0.107056 -0.388889
v 0.401978 0.228834 -0.388889
v 0.407060 0.230615 -0.372222
v 0.401110 0.233880 -0.372222
v 0.268891 0.184230 -0.372222
v 0.274000 0.185871 -0.388889
v 0.272989 0.190869 -0.372222
v 0.271602 0.194463 0.372222
v 0.263936 0.197065 0.372222
v 0.268968 0.198905 0.388889
v 0.399071 0.239161 0.372222
v 0.396296 0.243553 0.388889
v 0.401403 0.245269 0.372222
v 0.328072 0.355105 0.372222
v 0.334849 0.353955 0.372222
v 0.330719 0.350643 0.388889
v 0.223281 0.273373 0.372222
v 0.226044 0.269001 0.388889
v 0.221838 0.265813 0.372222
v 0.263936 0.197065 -0.372222
v 0.271602 0.194463 -0.372222
v 0.268968 0.198905 -0.388889
v 0.399071 0.239161 -0.372222
v 0.401403 0.245269 -0.372222
v 0.396296 0.243553 -0.388889
v 0.330719 0.350643 -0.388889
v 0.334849 0.353955 -0.372222
v 0.328072 0.355105 -0.372222
v 0.221838 0.265813 -0.372222
v 0.226044 0.269001 -0.388889
v 0.223281 0.273373 -0.372222
v 0.220673 0.276303 0.372222
v 0.212526 0.276276 0.372222
v 0.216587 0.279627 0.388889
v 0.324241 0.359410 0.372222
v 0.320040 0.362642 0.388889
v 0.324217 0.365901 0.372222
v 0.215465 0.445466 0.372222
v 0.222249 0.446571 0.372222
v 0.219570 0.442127 0.388889
v 0.146642 0.334871 0.372222
v 0.150824 0.331655 0.388889
v 0.148029 0.327302 0.372222
v 0.212526 0.276276 -0.372222
v 0.220673 0.276303 -0.372222
v 0.216587 0.279627 -0.388889
v 0.324241 0.359410 -0.372222
v 0.324217 0.365901 -0.372222
v 0.320040 0.362642 -0.388889
v 0.219570 0.442127 -0.388889
v 0.222249 0.446571 -0.372222
v 0.215465 0.445466 -0.372222
v 0.148029 0.327302 -0.372222
v 0.150824 0.331655 -0.388889
v 0.146642 0.334871 -0.372222
v 0.143129 0.336784 0.372222
v 0.135483 0.334131 0.372222
v 0.138083 0.338590 0.388889
v 0.210303 0.448276 0.372222
v 0.205182 0.449959 0.388889
v 0.207925 0.454368 0.372222
v 0.076869 0.494066 0.372222
v 0.082843 0.497292 0.372222
v 0.081938 0.492252 0.388889
v 0.052316 0.367947 0.372222
v 0.057412 0.366273 0.388889
v 0.056365 0.361282 0.372222
v 0.135483 0.334131 -0.372222
v 0.143129 0.336784 -0.372222
v 0.138083 0.338590 -0.388889
v 0.210303 0.448276 -0.372222
v 0.207925 0.454368 -0.372222
v 0.205182 0.449959 -0.388889
v 0.081938 0.492252 -0.388889
v 0.082843 0.497292 -0.372222
v 0.076869 0.494066 -0.372222
v 0.056365 0.361282 -0.372222
v 0.057412 0.366273 -0.388889
v 0.052316 0.367947 -0.372222
v 0.048321 0.368612 0.372222
v 0.042098 0.363654 0.372222
v 0.042924 0.368682 0.388889
v 0.070999 0.495042 0.372222
v 0.065577 0.494972 0.388889
v 0.066555 0.500000 0.372222
v -0.070999 0.495042 0.372222
v -0.066555 0.500000 0.372222
v -0.065577 0.494972 0.388889
v -0.048321 0.368612 0.372222
v -0.042924 0.368682 0.388889
v -0.042098 0.363654 0.372222
v 0.042098 0.363654 -0.372222
v 0.048321 0.368612 -0.372222
v 0.042924 0.368682 -0.388889
v 0.070999 0.495042 -0.372222
v 0.066555 0.500000 -0.372222
v 0.065577 0.494972 -0.388889
v -0.065577 0.494972 -0.388889
v -0.066555 0.500000 -0.372222
v -0.070999 0.495042 -0.372222
v -0.042098 0.363654 -0.372222
v -0.042924 0.368682 -0.388889
v -0.048321 0.368612 -0.372222
v -0.052316 0.367947 0.372222
v -0.056365 0.361282 0.372222
v -0.057412 0.366273 0.388889
v -0.076869 0.494066 0.372222
v -0.081938 0.492252 0.388889
v -0.082843 0.497292 0.372222
v -0.210303 0.448276 0.372222
v -0.207925 0.454368 0.372222
v -0.205182 0.449959 0.388889
v -0.143129 0.336784 0.372222
v -0.138083 0.338590 0.388889
v -0.135483 0.334131 0.372222
v -0.056365 0.361282 -0.372222
v -0.052316 0.367947 -0.372222
v -0.057412 0.366273 -0.388889
v -0.076869 0.494066 -0.372222
v -0.082843 0.497292 -0.372222
v -0.081938 0.492252 -0.388889
v -0.205182 0.449959 -0.388889
v -0.207925 0.454368 -0.372222
v -0.210303 0.448276 -0.372222
v -0.135483 0.334131 -0.372222
v -0.138083 0.338590 -0.388889
v -0.143129 0.336784 -0.372222
v -0.146642 0.334871 0.372222
v -0.148029 0.327302 0.372222
v -0.150824 0.331655 0.388889
v -0.215465 0.445466 0.372222
v -0.219570 0.442127 0.388889
v -0.222249 0.446571 0.372222
v -0.324241 0.359410 0.372222
v -0.324217 0.365901 0.372222
v -0.320040 0.362642 0.388889
v -0.220673 0.276303 0.372222
v -0.216587 0.279627 0.388889
v -0.212526 0.276276 0.372222
v -0.148029 0.327302 -0.372222
v -0.146642 0.334871 -0.372222
v -0.150824 0.331655 -0.388889
v -0.215465 0.445466 -0.372222
v -0.222249 0.446571 -0.372222
v -0.219570 0.442127 -0.388889
v -0.320040 0.362642 -0.388889
v -0.324217 0.365901 -0.372222
v -0.324241 0.359410 -0.372222
v -0.212526 0.276276 -0.372222
v -0.216587 0.279627 -0.388889
v -0.220673 0.276303 -0.372222
v -0.223281 0.273373 0.372222
v -0.221838 0.265813 0.372222
v -0.226044 0.269001 0.388889
v -0.328072 0.355105 0.372222
v -0.330719 0.350643 0.388889
v -0.334849 0.353955 0.372222
v -0.399071 0.239161 0.372222
v -0.401403 0.245269 0.372222
v -0.396296 0.243553 0.388889
v -0.271602 0.194463 0.372222
v -0.268968 0.198905 0.388889
v -0.263936 0.197065 0.372222
v -0.221838 0.265813 -0.372222
v -0.223281 0.273373 -0.372222
v -0.226044 0.269001 -0.388889
v -0.328072 0.355105 -0.372222
v -0.334849 0.353955 -0.372222
v -0.330719 0.350643 -0.388889
v -0.396296 0.243553 -0.388889
v -0.401403 0.245269 -0.372222
v -0.399071 0.239161 -0.372222
v -0.263936 0.197065 -0.372222
v -0.268968 0.198905 -0.388889
v -0.271602 0.194463 -0.372222
v -0.272989 0.190869 0.372222
v -0.268891 0.184230 0.372222
v -0.274000 0.185871 0.388889
v -0.401110 0.233880 0.372222
v -0.401978 0.228834 0.388889
v -0.407060 0.230615 0.372222
v -0.425767 0.102034 0.372222
v -0.430174 0.107021 0.372222
v -0.424752 0.107056 0.388889
v -0.289771 0.101137 0.372222
v -0.288907 0.106159 0.388889
v -0.283511 0.106053 0.372222
v -0.268891 0.184230 -0.372222
v -0.272989 0.190869 -0.372222
v -0.274000 0.185871 -0.388889
v -0.401110 0.233880 -0.372222
v -0.407060 0.230615 -0.372222
v -0.401978 0.228834 -0.388889
v -0.424752 0.107056 -0.388889
v -0.430174 0.107021 -0.372222
v -0.425767 0.102034 -0.372222
v -0.283511 0.106053 -0.372222
v -0.288907 0.106159 -0.388889
v -0.289771 0.101137 -0.372222
v -0.240000 -0.441335 -0.200000
v -0.240000 0.214305 -0.200000
v -0.248171 -0.441335 -0.210577
v -0.248171 0.214305 -0.210577
v -0.251556 -0.441335 -0.236111
v -0.251556 0.214305 -0.236111
v -0.248171 -0.441335 -0.261645
v -0.248171 0.214305 -0.261645
v -0.240000 -0.441335 -0.272222
v -0.240000 0.214305 -0.272222
v -0.231829 -0.441335 -0.261646
v -0.231829 0.214305 -0.261646
v -0.228444 -0.441335 -0.236111
v -0.228444 0.214305 -0.236111
v -0.231829 -0.441335 -0.210577
v -0.231829 0.214305 -0.210577
v -0.160000 -0.441335 -0.200000
v -0.160000 0.298174 -0.200000
v -0.168171 -0.441335 -0.210577
v -0.168171 0.298174 -0.210577
v -0.171556 -0.441335 -0.236111
v -0.171556 0.298174 -0.236111
v -0.168171 -0.441335 -0.261645
v -0.168171 0.298174 -0.261645
v -0.160000 -0.441335 -0.272222
v -0.160000 0.298174 -0.272222
v -0.151829 -0.441335 -0.261646
v -0.151829 0.298174 -0.261646
v -0.148444 -0.441335 -0.236111
v -0.148444 0.298174 -0.236111
v -0.151829 -0.441335 -0.210577
v -0.151829 0.298174 -0.210577
v -0.080000 -0.441335 -0.200000
v -0.080000 0.335266 -0.200000
v -0.088171 -0.441335 -0.210577
v -0.088171 0.335266 -0.210577
v -0.091556 -0.441335 -0.236111
v -0.091556 0.335266 -0.236111
v -0.088171 -0.441335 -0.261645
v -0.088171 0.335266 -0.261645
v -0.080000 -0.441335 -0.272222
v -0.080000 0.335266 -0.272222
v -0.071829 -0.441335 -0.261646
v -0.071829 0.335266 -0.261646
v -0.068444 -0.441335 -0.236111
v -0.068444 0.335266 -0.236111
v -0.071829 -0.441335 -0.210577
v -0.071829 0.335266 -0.210577
v 0.000000 -0.441335 -0.200000
v 0.000000 0.346456 -0.200000
v -0.008171 -0.441335 -0.210577
v -0.008171 0.346456 -0.210577
v -0.011556 -0.441335 -0.236111
v -0.011556 0.346456 -0.236111
v -0.008171 -0.441335 -0.261645
v -0.008171 0.346456 -0.261645
v -0.000000 -0.441335 -0.272222
v -0.000000 0.346456 -0.272222
v 0.008171 -0.441335 -0.261646
v 0.008171 0.346456 -0.261646
v 0.011556 -0.441335 -0.236111
v 0.011556 0.346456 -0.236111
v 0.008171 -0.441335 -0.210577
v 0.008171 0.346456 -0.210577
v 0.080000 -0.441335 -0.200000
v 0.080000 0.335266 -0.200000
v 0.071829 -0.441335 -0.210577
v 0.071829 0.335266 -0.210577
v 0.068444 -0.441335 -0.236111
v 0.068444 0.335266 -0.236111
v 0.071829 -0.441335 -0.261645
v 0.071829 0.335266 -0.261645
v 0.080000 -0.441335 -0.272222
v 0.080000 0.335266 -0.272222
v 0.088171 -0.441335 -0.261646
v 0.088171 0.335266 -0.261646
v 0.091556 -0.441335 -0.236111
v 0.091556 0.335266 -0.236111
v 0.088171 -0.441335 -0.210577
v 0.088171 0.335266 -0.210577
v 0.160000 -0.441335 -0.200000
v 0.160000 0.298174 -0.200000
v 0.151829 -0.441335 -0.210577
v 0.151829 0.298174 -0.210577
v 0.148444 -0.441335 -0.236111
v 0.148444 0.298174 -0.236111
v 0.151829 -0.441335 -0.261645
v 0.151829 0.298174 -0.261645
v 0.160000 -0.441335 -0.272222
v 0.160000 0.298174 -0.272222
v 0.168171 -0.441335 -0.261646
v 0.168171 0.298174 -0.261646
v 0.171556 -0.441335 -0.236111
v 0.171556 0.298174 -0.236111
v 0.168171 -0.441335 -0.210577
v 0.168171 0.298174 -0.210577
v 0.240000 -0.441335 -0.200000
v 0.240000 0.214305 -0.200000
v 0.231829 -0.441335 -0.210577
v 0.231829 0.214305 -0.210577
v 0.228444 -0.441335 -0.236111
v 0.228444 0.214305 -0.236111
v 0.231829 -0.441335 -0.261645
v 0.231829 0.214305 -0.261645
v 0.240000 -0.441335 -0.272222
v 0.240000 0.214305 -0.272222
v 0.248171 -0.441335 -0.261646
v 0.248171 0.214305 -0.261646
v 0.251556 -0.441335 -0.236111
v 0.251556 0.214305 -0.236111
v 0.248171 -0.441335 -0.210577
v 0.248171 0.214305 -0.210577
v -0.285333 -0.311433 -0.205556
v -0.285333 -0.308081 -0.194444
v -0.288889 -0.308081 -0.205556
v -0.285333 -0.289643 -0.194444
v -0.285333 -0.286291 -0.205556
v -0.288889 -0.289643 -0.205556
v -0.285333 -0.311433 -0.266667
v -0.288889 -0.308081 -0.266667
v -0.285333 -0.308081 -0.277778
v -0.285333 -0.286291 -0.266667
v -0.285333 -0.289643 -0.277778
v -0.288889 -0.289643 -0.266667
v 0.285333 -0.311433 -0.205556
v 0.288889 -0.308081 -0.205556
v 0.285333 -0.308081 -0.194444
v 0.285333 -0.286291 -0.205556
v 0.285333 -0.289643 -0.194444
v 0.288889 -0.289643 -0.205556
v 0.285333 -0.311433 -0.266667
v 0.285333 -0.308081 -0.277778
v 0.288889 -0.308081 -0.266667
v 0.285333 -0.286291 -0.266667
v 0.288889 -0.289643 -0.266667
v 0.285333 -0.289643 -0.277778
v -0.285333 -0.106104 -0.205556
v -0.285333 -0.102752 -0.194444
v -0.288889 -0.102752 -0.205556
v -0.285333 -0.084314 -0.194444
v -0.285333 -0.080962 -0.205556
v -0.288889 -0.084314 -0.205556
v -0.285333 -0.106104 -0.266667
v -0.288889 -0.102752 -0.266667
v -0.285333 -0.102752 -0.277778
v -0.285333 -0.080962 -0.266667
v -0.285333 -0.084314 -0.277778
v -0.288889 -0.084314 -0.266667
v 0.285333 -0.106104 -0.205556
v 0.288889 -0.102752 -0.205556
v 0.285333 -0.102752 -0.194444
v 0.285333 -0.080962 -0.205556
v 0.285333 -0.084314 -0.194444
v 0.288889 -0.084314 -0.205556
v 0.285333 -0.106104 -0.266667
v 0.285333 -0.102752 -0.277778
v 0.288889 -0.102752 -0.266667
v 0.285333 -0.080962 -0.266667
v 0.288889 -0.084314 -0.266667
v 0.285333 -0.084314 -0.277778
v -0.285333 0.086653 -0.205556
v -0.285333 0.090005 -0.194444
v -0.288889 0.090005 -0.205556
v -0.285333 0.108443 -0.194444
v -0.285333 0.111795 -0.205556
v -0.288889 0.108443 -0.205556
v -0.285333 0.086653 -0.266667
v -0.288889 0.090005 -0.266667
v -0.285333 0.090005 -0.277778
v -0.285333 0.111795 -0.266667
v -0.285333 0.108443 -0.277778
v -0.288889 0.108443 -0.266667
v 0.285333 0.086653 -0.205556
v 0.288889 0.090005 -0.205556
v 0.285333 0.090005 -0.194444
v 0.285333 0.111795 -0.205556
v 0.285333 0.108443 -0.194444
v 0.288889 0.108443 -0.205556
v 0.285333 0.086653 -0.266667
v 0.285333 0.090005 -0.277778
v 0.288889 0.090005 -0.266667
v 0.285333 0.111795 -0.266667
v 0.288889 0.108443 -0.266667
v 0.285333 0.108443 -0.277778
vn -0.0000 -0.0000 1.0000
vn 1.0000 -0.0000 -0.0000
vn -0.0000 1.0000 -0.0000
vn -1.0000 -0.0000 -0.0000
vn -0.0000 -0.0000 -1.0000
vn -0.6701 -0.7107 0.2144
vn -0.6701 0.7107 0.2144
vn -0.6701 -0.7107 -0.2144
vn -0.6701 0.7107 -0.2144
vn 0.6701 -0.7107 0.2144
vn 0.6701 0.7107 0.2144
vn 0.6701 -0.7107 -0.2144
vn 0.6701 0.7107 -0.2144
vn -0.6860 -0.7276 -0.0000
vn -0.9524 -0.0000 0.3048
vn -0.6860 0.7276 -0.0000
vn -0.9524 -0.0000 -0.3048
vn -0.0000 -0.9574 -0.2888
vn -0.0000 0.9574 -0.2888
vn 0.9524 -0.0000 -0.3048
vn 0.6860 -0.7276 -0.0000
vn 0.6860 0.7276 -0.0000
vn 0.9524 -0.0000 0.3048
vn -0.0000 -0.9574 0.2888
vn -0.0000 0.9574 0.2888
vn -0.0000 -1.0000 -0.0000
vn -0.6700 -0.7107 0.2144
vn -0.6700 -0.7107 -0.2144
vn 0.6700 -0.7107 0.2144
vn 0.6700 -0.7107 -0.2144
vn -0.6700 0.7107 0.2144
vn -0.6700 0.7107 -0.2144
vn 0.6700 0.7107 0.2144
vn 0.6700 0.7107 -0.2144
vn -0.9830 -0.1838 -0.0000
vn -0.3183 0.9480 -0.0000
vn 0.9830 0.1838 -0.0000
vn -0.6051 -0.7704 0.2008
vn 0.7278 -0.6431 0.2381
vn 0.4678 0.8524 0.2337
vn -0.8329 0.5142 0.2047
vn -0.6051 -0.7704 -0.2008
vn 0.7278 -0.6431 -0.2381
vn 0.4678 0.8524 -0.2337
vn -0.8329 0.5142 -0.2047
vn -0.3045 0.9071 0.2905
vn 0.0063 -0.9574 0.2888
vn 0.9364 0.1751 0.3043
vn -0.9364 -0.1751 0.3043
vn -0.6177 -0.7864 -0.0000
vn 0.0063 -0.9574 -0.2888
vn 0.9364 0.1751 -0.3043
vn -0.9364 -0.1751 -0.3043
vn 0.7493 -0.6622 -0.0000
vn 0.4811 0.8767 -0.0000
vn -0.3045 0.9071 -0.2905
vn -0.8509 0.5253 -0.0000
vn 0.0066 -1.0000 -0.0000
vn -0.8528 -0.5222 -0.0000
vn -0.6150 0.7885 -0.0000
vn 0.8528 0.5222 -0.0000
vn -0.3151 -0.9283 0.1976
vn 0.9064 -0.3461 0.2421
vn 0.1627 0.9593 0.2310
vn -0.9609 0.1834 0.2074
vn -0.3151 -0.9283 -0.1976
vn 0.9064 -0.3461 -0.2421
vn 0.1627 0.9593 -0.2310
vn -0.9609 0.1834 -0.2074
vn -0.5876 0.7534 0.2950
vn 0.3166 -0.9029 0.2906
vn 0.8134 0.4981 0.3006
vn -0.8134 -0.4981 0.3005
vn -0.3214 -0.9469 -0.0000
vn 0.3166 -0.9029 -0.2906
vn 0.8134 0.4981 -0.3005
vn -0.8134 -0.4981 -0.3005
vn 0.9342 -0.3567 -0.0000
vn 0.1673 0.9859 -0.0000
vn -0.5876 0.7534 -0.2950
vn -0.9823 0.1875 -0.0000
vn 0.3309 -0.9437 -0.0000
vn -0.6204 -0.7842 -0.0000
vn -0.8490 0.5283 -0.0000
vn 0.6204 0.7843 -0.0000
vn 0.0032 -0.9805 0.1964
vn 0.9698 0.0036 0.2438
vn -0.1564 0.9603 0.2309
vn -0.9622 -0.1763 0.2074
vn 0.0032 -0.9805 -0.1964
vn 0.9698 0.0036 -0.2438
vn -0.1564 0.9603 -0.2309
vn -0.9622 -0.1763 -0.2074
vn -0.8098 0.5039 0.3004
vn 0.5980 -0.7452 0.2952
vn 0.5928 0.7493 0.2951
vn -0.5928 -0.7493 0.2951
vn 0.0033 -1.0000 -0.0000
vn 0.5980 -0.7452 -0.2952
vn 0.5928 0.7493 -0.2951
vn -0.5928 -0.7493 -0.2951
vn 1.0000 0.0037 -0.0000
vn -0.1607 0.9870 -0.0000
vn -0.8098 0.5039 -0.3004
vn -0.9836 -0.1802 -0.0000
vn 0.6259 -0.7799 -0.0000
vn -0.3246 -0.9459 -0.0000
vn -0.9816 0.1911 -0.0000
vn 0.3246 0.9459 -0.0000
vn 0.3213 -0.9261 0.1976
vn 0.9039 0.3527 0.2421
vn -0.4620 0.8556 0.2337
vn -0.8366 -0.5081 0.2048
vn 0.3213 -0.9261 -0.1976
vn 0.9039 0.3527 -0.2421
vn -0.4620 0.8556 -0.2337
vn -0.8366 -0.5081 -0.2048
vn -0.9350 0.1820 0.3042
vn 0.8169 -0.4922 0.3006
vn 0.3106 0.9050 0.2906
vn -0.3106 -0.9050 0.2906
vn 0.3277 -0.9448 -0.0000
vn 0.8169 -0.4922 -0.3006
vn 0.3106 0.9050 -0.2906
vn -0.3106 -0.9050 -0.2906
vn 0.9316 0.3635 -0.0000
vn -0.4751 0.8799 -0.0000
vn -0.9350 0.1820 -0.3042
vn -0.8547 -0.5191 -0.0000
vn 0.8565 -0.5161 -0.0000
vn -0.9843 -0.1766 -0.0000
vn 0.6104 -0.7662 0.2009
vn 0.7233 0.6483 0.2380
vn -0.7233 0.6483 0.2380
vn -0.6104 -0.7662 0.2009
vn 0.6104 -0.7662 -0.2009
vn 0.7233 0.6483 -0.2380
vn -0.7233 0.6483 -0.2380
vn -0.6104 -0.7662 -0.2009
vn -0.9376 -0.1682 0.3043
vn 0.9376 -0.1682 0.3043
vn 0.6232 -0.7821 -0.0000
vn 0.9376 -0.1682 -0.3043
vn 0.7447 0.6675 -0.0000
vn -0.7447 0.6674 -0.0000
vn -0.9376 -0.1682 -0.3043
vn -0.6232 -0.7821 -0.0000
vn 0.9843 -0.1766 -0.0000
vn 0.3246 -0.9459 -0.0000
vn -0.8565 -0.5161 -0.0000
vn -0.3246 0.9459 -0.0000
vn 0.8366 -0.5081 0.2048
vn 0.4620 0.8556 0.2337
vn -0.9039 0.3527 0.2421
vn -0.3213 -0.9261 0.1976
vn 0.8366 -0.5081 -0.2048
vn 0.4620 0.8556 -0.2337
vn -0.9039 0.3527 -0.2421
vn -0.3213 -0.9261 -0.1976
vn -0.8169 -0.4922 0.3006
vn 0.9350 0.1820 0.3042
vn -0.3106 0.9050 0.2906
vn 0.3106 -0.9050 0.2906
vn 0.8547 -0.5191 -0.0000
vn 0.9350 0.1820 -0.3042
vn -0.3106 0.9050 -0.2906
vn 0.3106 -0.9050 -0.2906
vn 0.4751 0.8799 -0.0000
vn -0.9316 0.3635 -0.0000
vn -0.8169 -0.4922 -0.3007
vn -0.3277 -0.9448 -0.0000
vn 0.9816 0.1911 -0.0000
vn 0.6204 -0.7842 -0.0000
vn -0.6259 -0.7799 -0.0000
vn -0.6204 0.7843 -0.0000
vn 0.9622 -0.1763 0.2074
vn 0.1564 0.9603 0.2309
vn -0.9698 0.0036 0.2438
vn -0.0032 -0.9805 0.1964
vn 0.9622 -0.1763 -0.2074
vn 0.1564 0.9603 -0.2309
vn -0.9698 0.0036 -0.2438
vn -0.0032 -0.9805 -0.1964
vn -0.5980 -0.7452 0.2952
vn 0.8098 0.5039 0.3004
vn -0.5928 0.7493 0.2951
vn 0.5928 -0.7493 0.2951
vn 0.9836 -0.1802 -0.0000
vn 0.8098 0.5039 -0.3004
vn -0.5928 0.7493 -0.2951
vn 0.5928 -0.7493 -0.2951
vn 0.1607 0.9870 -0.0000
vn -1.0000 0.0037 -0.0000
vn -0.5980 -0.7452 -0.2952
vn -0.0033 -1.0000 -0.0000
vn 0.8490 0.5283 -0.0000
vn 0.8528 -0.5222 -0.0000
vn -0.3309 -0.9437 -0.0000
vn -0.8528 0.5222 -0.0000
vn 0.9609 0.1834 0.2074
vn -0.1627 0.9593 0.2310
vn -0.9064 -0.3461 0.2421
vn 0.3151 -0.9283 0.1976
vn 0.9609 0.1834 -0.2074
vn -0.1627 0.9593 -0.2310
vn -0.9064 -0.3461 -0.2421
vn 0.3151 -0.9283 -0.1976
vn -0.3166 -0.9029 0.2906
vn 0.5876 0.7534 0.2950
vn -0.8134 0.4981 0.3005
vn 0.8134 -0.4981 0.3005
vn 0.9823 0.1875 -0.0000
vn 0.5876 0.7534 -0.2950
vn -0.8134 0.4981 -0.3005
vn 0.8134 -0.4981 -0.3005
vn -0.1673 0.9859 -0.0000
vn -0.9342 -0.3567 -0.0000
vn -0.3166 -0.9029 -0.2906
vn 0.3214 -0.9469 -0.0000
vn 0.6150 0.7885 -0.0000
vn 0.9830 -0.1838 -0.0000
vn -0.0066 -1.0000 -0.0000
vn -0.9830 0.1838 -0.0000
vn 0.8329 0.5142 0.2047
vn -0.4678 0.8524 0.2337
vn -0.7278 -0.6431 0.2381
vn 0.6051 -0.7704 0.2008
vn 0.8329 0.5142 -0.2047
vn -0.4678 0.8524 -0.2337
vn -0.7278 -0.6431 -0.2381
vn 0.6051 -0.7704 -0.2008
vn -0.0063 -0.9574 0.2888
vn 0.3045 0.9071 0.2905
vn -0.9364 0.1751 0.3043
vn 0.9364 -0.1751 0.3043
vn 0.8509 0.5253 -0.0000
vn 0.3045 0.9071 -0.2905
vn -0.9364 0.1751 -0.3043
vn 0.9364 -0.1751 -0.3043
vn -0.4811 0.8767 -0.0000
vn -0.7493 -0.6622 -0.0000
vn -0.0063 -0.9574 -0.2888
vn 0.6177 -0.7864 -0.0000
vn 0.3183 0.9480 -0.0000
vn -0.0000 0.5651 0.8250
vn -0.6991 -0.6530 0.2913
vn -0.0000 -0.5651 0.8250
vn -0.6991 0.6530 0.2913
vn -0.7344 -0.6787 -0.0000
vn -0.7344 0.6787 -0.0000
vn -0.6991 -0.6530 -0.2913
vn -0.6991 0.6530 -0.2913
vn -0.0000 -0.5651 -0.8250
vn -0.0000 0.5651 -0.8250
vn 0.6991 -0.6530 -0.2913
vn 0.6991 0.6530 -0.2913
vn 0.7344 -0.6787 -0.0000
vn 0.7344 0.6787 -0.0000
vn 0.6991 -0.6530 0.2913
vn 0.6991 0.6530 0.2913
vn 0.8134 0.4981 0.3005
vn 0.8134 0.4981 -0.3006
vn 0.8169 -0.4922 0.3007
vn 0.8169 -0.4922 -0.3007
vn 0.7447 0.6674 -0.0000
vn -0.7447 0.6675 -0.0000
vn -0.8169 -0.4922 -0.3006
vn -0.8134 0.4981 -0.3006
vt 0.326199 0.871629
vt 0.348134 0.832136
vt 0.348134 0.871629
vt 0.844457 0.754825
vt 0.866393 0.592436
vt 0.866393 0.754825
vt 0.693591 0.170508
vt 0.732884 0.008119
vt 0.732884 0.170508
vt 0.866124 0.170508
vt 0.888060 0.008119
vt 0.888060 0.170508
vt 0.182822 0.925101
vt 0.204757 0.885608
vt 0.204757 0.925101
vt 0.733741 0.399829
vt 0.733741 0.391710
vt 0.736326 0.399829
vt 0.693591 0.000000
vt 0.693591 0.008119
vt 0.691006 0.008119
vt 0.733741 0.562218
vt 0.736326 0.562218
vt 0.733741 0.570337
vt 0.693591 0.178628
vt 0.691006 0.170508
vt 0.694448 0.399829
vt 0.691863 0.399829
vt 0.694448 0.391710
vt 0.732884 0.000000
vt 0.735469 0.008119
vt 0.694448 0.562218
vt 0.694448 0.570337
vt 0.691863 0.562218
vt 0.735469 0.170508
vt 0.732884 0.178628
vt 0.866121 0.178628
vt 0.888056 0.178628
vt 0.888056 0.000000
vt 0.866124 0.008119
vt 0.866121 0.000000
vt 0.844454 0.762944
vt 0.866390 0.584317
vt 0.844457 0.592436
vt 0.844454 0.584317
vt 0.182822 0.871629
vt 0.204757 0.832136
vt 0.204757 0.871629
vt 0.646811 0.758073
vt 0.668747 0.595684
vt 0.668747 0.758073
vt 0.694480 0.366363
vt 0.733773 0.203974
vt 0.733773 0.366363
vt 0.808610 0.754825
vt 0.830545 0.592436
vt 0.830545 0.754825
vt 0.218666 0.871629
vt 0.240602 0.832136
vt 0.240602 0.871629
vt 0.733741 0.592436
vt 0.733741 0.584317
vt 0.736326 0.592436
vt 0.694480 0.195855
vt 0.694480 0.203974
vt 0.691894 0.203974
vt 0.733741 0.754825
vt 0.736326 0.754825
vt 0.733741 0.762944
vt 0.694480 0.374483
vt 0.691894 0.366363
vt 0.694448 0.592436
vt 0.691863 0.592436
vt 0.694448 0.584317
vt 0.733773 0.195855
vt 0.736358 0.203974
vt 0.694448 0.754825
vt 0.694448 0.762944
vt 0.691863 0.754825
vt 0.736358 0.366363
vt 0.733773 0.374483
vt 0.808607 0.762944
vt 0.830542 0.762944
vt 0.830542 0.584317
vt 0.808610 0.592436
vt 0.808607 0.584317
vt 0.646808 0.766192
vt 0.668744 0.587564
vt 0.646811 0.595684
vt 0.646808 0.587564
vt 0.290354 0.925101
vt 0.312290 0.885608
vt 0.312290 0.925101
vt 0.901972 0.170508
vt 0.923907 0.008119
vt 0.923907 0.170508
vt 0.415906 0.758073
vt 0.455199 0.595684
vt 0.455199 0.758073
vt 0.866982 0.562218
vt 0.888917 0.399829
vt 0.888917 0.562218
vt 0.326199 0.925101
vt 0.348134 0.885608
vt 0.348134 0.925101
vt 0.513571 0.595684
vt 0.513571 0.587565
vt 0.516156 0.595684
vt 0.415906 0.587565
vt 0.415906 0.595684
vt 0.413321 0.595684
vt 0.513571 0.758073
vt 0.516156 0.758073
vt 0.513571 0.766192
vt 0.415906 0.766192
vt 0.413321 0.758073
vt 0.474278 0.595684
vt 0.471693 0.595684
vt 0.474278 0.587565
vt 0.455199 0.587565
vt 0.457784 0.595684
vt 0.474278 0.758073
vt 0.474278 0.766192
vt 0.471693 0.758073
vt 0.457784 0.758073
vt 0.455199 0.766192
vt 0.866978 0.570337
vt 0.888914 0.570337
vt 0.888914 0.391710
vt 0.866982 0.399829
vt 0.866978 0.391710
vt 0.901968 0.178628
vt 0.923904 0.000000
vt 0.901972 0.008119
vt 0.901968 0.000000
vt 0.369492 0.973441
vt 0.391428 0.933948
vt 0.391428 0.973441
vt 0.916152 0.754825
vt 0.938088 0.592436
vt 0.938088 0.754825
vt 0.532650 0.758073
vt 0.571943 0.595684
vt 0.571943 0.758073
vt 0.691866 0.947432
vt 0.713802 0.785043
vt 0.713802 0.947432
vt 0.182822 0.978574
vt 0.204757 0.939081
vt 0.204757 0.978574
vt 0.630314 0.595684
vt 0.630314 0.587565
vt 0.632900 0.595684
vt 0.532650 0.587565
vt 0.532650 0.595684
vt 0.530065 0.595684
vt 0.630314 0.758073
vt 0.632900 0.758073
vt 0.630314 0.766192
vt 0.532650 0.766192
vt 0.530065 0.758073
vt 0.591021 0.595684
vt 0.588436 0.595684
vt 0.591021 0.587565
vt 0.571943 0.587565
vt 0.574528 0.595684
vt 0.591021 0.758073
vt 0.591021 0.766192
vt 0.588436 0.758073
vt 0.574528 0.758073
vt 0.571943 0.766192
vt 0.691863 0.955552
vt 0.713799 0.955552
vt 0.713799 0.776924
vt 0.691866 0.785043
vt 0.691863 0.776924
vt 0.916149 0.762944
vt 0.938085 0.584317
vt 0.916152 0.592436
vt 0.916149 0.584317
vt 0.290354 0.978574
vt 0.312290 0.939081
vt 0.312290 0.978574
vt 0.880305 0.947432
vt 0.902240 0.785043
vt 0.902240 0.947432
vt 0.751962 0.170508
vt 0.791255 0.008119
vt 0.791255 0.170508
vt 0.808610 0.947432
vt 0.830545 0.785043
vt 0.830545 0.947432
vt 0.951997 0.918658
vt 0.973932 0.879165
vt 0.973932 0.918658
vt 0.792113 0.399829
vt 0.792113 0.391710
vt 0.794698 0.399829
vt 0.751962 0.000000
vt 0.751962 0.008119
vt 0.749377 0.008119
vt 0.792113 0.562218
vt 0.794698 0.562218
vt 0.792113 0.570337
vt 0.751962 0.178628
vt 0.749377 0.170508
vt 0.752820 0.399829
vt 0.750235 0.399829
vt 0.752820 0.391710
vt 0.791255 0.000000
vt 0.793840 0.008119
vt 0.752820 0.562218
vt 0.752820 0.570337
vt 0.750235 0.562218
vt 0.793840 0.170508
vt 0.791255 0.178628
vt 0.808607 0.955552
vt 0.830542 0.955552
vt 0.830542 0.776924
vt 0.808610 0.785043
vt 0.808607 0.776924
vt 0.880302 0.955552
vt 0.902237 0.776924
vt 0.880305 0.785043
vt 0.880302 0.776924
vt 0.099890 0.888257
vt 0.106714 0.832136
vt 0.106714 0.888257
vt 0.299668 0.225720
vt 0.306492 0.008119
vt 0.306492 0.225720
vt 0.002585 0.225720
vt 0.058422 0.008119
vt 0.058422 0.225720
vt 0.320404 0.225720
vt 0.327229 0.008119
vt 0.327229 0.225720
vt 0.141356 0.888258
vt 0.148180 0.832136
vt 0.148180 0.888258
vt 0.133339 0.008119
vt 0.133339 0.000000
vt 0.135924 0.008119
vt 0.002585 0.000000
vt 0.002585 0.008119
vt 0.000000 0.008119
vt 0.133339 0.225720
vt 0.135924 0.225720
vt 0.133339 0.233840
vt 0.002585 0.233840
vt 0.000000 0.225720
vt 0.077501 0.008119
vt 0.074916 0.008119
vt 0.077501 0.000000
vt 0.058422 0.000000
vt 0.061008 0.008119
vt 0.077501 0.225720
vt 0.077501 0.233840
vt 0.074916 0.225720
vt 0.061008 0.225720
vt 0.058422 0.233840
vt 0.320401 0.233840
vt 0.327225 0.233840
vt 0.327225 0.000000
vt 0.320404 0.008119
vt 0.320401 0.000000
vt 0.299665 0.233840
vt 0.306489 0.000000
vt 0.299668 0.008119
vt 0.299664 0.000000
vt 0.218666 0.925101
vt 0.240602 0.885608
vt 0.240602 0.925101
vt 0.880305 0.754825
vt 0.902240 0.592436
vt 0.902240 0.754825
vt 0.752820 0.754825
vt 0.792113 0.592436
vt 0.792113 0.754825
vt 0.844489 0.366363
vt 0.866424 0.203974
vt 0.866424 0.366363
vt 0.254510 0.925101
vt 0.276446 0.885608
vt 0.276446 0.925101
vt 0.792144 0.203974
vt 0.792144 0.195855
vt 0.794729 0.203974
vt 0.752820 0.584317
vt 0.752820 0.592436
vt 0.750235 0.592436
vt 0.792144 0.366363
vt 0.794729 0.366363
vt 0.792144 0.374483
vt 0.752820 0.762944
vt 0.750235 0.754825
vt 0.752851 0.203974
vt 0.750266 0.203974
vt 0.752851 0.195855
vt 0.792113 0.584317
vt 0.794698 0.592436
vt 0.752851 0.366363
vt 0.752851 0.374483
vt 0.750266 0.366363
vt 0.794698 0.754825
vt 0.792113 0.762944
vt 0.844485 0.374483
vt 0.866421 0.374483
vt 0.866421 0.195855
vt 0.844489 0.203974
vt 0.844485 0.195855
vt 0.880302 0.762944
vt 0.902237 0.584317
vt 0.880305 0.592436
vt 0.880302 0.584317
vt 0.254510 0.871629
vt 0.276446 0.832136
vt 0.276446 0.871629
vt 0.808641 0.366363
vt 0.830577 0.203974
vt 0.830577 0.366363
vt 0.002585 0.810037
vt 0.041878 0.647648
vt 0.041878 0.810037
vt 0.369495 0.762762
vt 0.391431 0.600374
vt 0.391431 0.762762
vt 0.290354 0.871629
vt 0.312290 0.832136
vt 0.312290 0.871629
vt 0.100250 0.647648
vt 0.100250 0.639529
vt 0.102835 0.647648
vt 0.002585 0.639529
vt 0.002585 0.647648
vt 0.000000 0.647648
vt 0.100250 0.810037
vt 0.102835 0.810037
vt 0.100250 0.818157
vt 0.002585 0.818157
vt 0.000000 0.810037
vt 0.060957 0.647648
vt 0.058372 0.647648
vt 0.060957 0.639529
vt 0.041878 0.639529
vt 0.044463 0.647648
vt 0.060957 0.810037
vt 0.060957 0.818157
vt 0.058372 0.810037
vt 0.044463 0.810037
vt 0.041878 0.818157
vt 0.369492 0.770882
vt 0.391428 0.770882
vt 0.391428 0.592254
vt 0.369495 0.600374
vt 0.369492 0.592254
vt 0.808638 0.374483
vt 0.830574 0.195855
vt 0.808641 0.203974
vt 0.808638 0.195855
vt 0.099890 0.941730
vt 0.121825 0.902237
vt 0.121825 0.941730
vt 0.880336 0.366363
vt 0.902272 0.203974
vt 0.902272 0.366363
vt 0.121526 0.810037
vt 0.160819 0.647648
vt 0.160819 0.810037
vt 0.902829 0.562218
vt 0.924765 0.399829
vt 0.924765 0.562218
vt 0.141356 0.941730
vt 0.163291 0.902237
vt 0.163291 0.941730
vt 0.219191 0.647648
vt 0.219191 0.639529
vt 0.221776 0.647648
vt 0.121526 0.639529
vt 0.121526 0.647648
vt 0.118941 0.647648
vt 0.219191 0.810037
vt 0.221776 0.810037
vt 0.219191 0.818157
vt 0.121526 0.818157
vt 0.118941 0.810037
vt 0.179898 0.647648
vt 0.177313 0.647648
vt 0.179898 0.639529
vt 0.160819 0.639529
vt 0.163404 0.647648
vt 0.179898 0.810037
vt 0.179898 0.818157
vt 0.177313 0.810037
vt 0.163404 0.810037
vt 0.160819 0.818157
vt 0.902826 0.570337
vt 0.924761 0.570337
vt 0.924761 0.391710
vt 0.902829 0.399829
vt 0.902826 0.391710
vt 0.880333 0.374483
vt 0.902269 0.195855
vt 0.880336 0.203974
vt 0.880333 0.195855
vt 0.218666 0.978574
vt 0.240602 0.939081
vt 0.240602 0.978574
vt 0.750238 0.947432
vt 0.772174 0.785043
vt 0.772174 0.947432
vt 0.240501 0.810037
vt 0.279794 0.647648
vt 0.279794 0.810037
vt 0.916184 0.366363
vt 0.938119 0.203974
vt 0.938119 0.366363
vt 0.254510 0.978574
vt 0.276446 0.939081
vt 0.276446 0.978574
vt 0.347527 0.647648
vt 0.347527 0.639529
vt 0.350112 0.647648
vt 0.240501 0.639529
vt 0.240501 0.647648
vt 0.237916 0.647648
vt 0.347527 0.810037
vt 0.350112 0.810037
vt 0.347527 0.818157
vt 0.240501 0.818157
vt 0.237916 0.810037
vt 0.308234 0.647648
vt 0.305649 0.647648
vt 0.308234 0.639529
vt 0.279794 0.639529
vt 0.282379 0.647648
vt 0.308234 0.810037
vt 0.308234 0.818157
vt 0.305649 0.810037
vt 0.282379 0.810037
vt 0.279794 0.818157
vt 0.916180 0.374483
vt 0.938116 0.374483
vt 0.938116 0.195855
vt 0.916184 0.203974
vt 0.916180 0.195855
vt 0.750235 0.955552
vt 0.772170 0.776924
vt 0.750238 0.785043
vt 0.750235 0.776924
vt 0.951997 0.972130
vt 0.973932 0.932637
vt 0.973932 0.972130
vt 0.844457 0.947432
vt 0.866393 0.785043
vt 0.866393 0.947432
vt 0.810334 0.170508
vt 0.849627 0.008119
vt 0.849627 0.170508
vt 0.916152 0.947432
vt 0.938088 0.785043
vt 0.938088 0.947432
vt 0.326199 0.978574
vt 0.348134 0.939081
vt 0.348134 0.978574
vt 0.850485 0.399829
vt 0.850485 0.391710
vt 0.853070 0.399829
vt 0.810334 0.000000
vt 0.810334 0.008119
vt 0.807749 0.008119
vt 0.850485 0.562218
vt 0.853070 0.562218
vt 0.850485 0.570337
vt 0.810334 0.178628
vt 0.807749 0.170508
vt 0.811192 0.399829
vt 0.808607 0.399829
vt 0.811192 0.391710
vt 0.849627 0.000000
vt 0.852212 0.008119
vt 0.811192 0.562218
vt 0.811192 0.570337
vt 0.808607 0.562218
vt 0.852212 0.170508
vt 0.849627 0.178628
vt 0.916149 0.955552
vt 0.938085 0.955552
vt 0.938085 0.776924
vt 0.916152 0.785043
vt 0.916149 0.776924
vt 0.844454 0.955552
vt 0.866390 0.776924
vt 0.844457 0.785043
vt 0.844454 0.776924
vt 0.162089 0.888258
vt 0.168913 0.832136
vt 0.168913 0.888258
vt 0.341140 0.225720
vt 0.347965 0.008119
vt 0.347965 0.225720
vt 0.152417 0.225720
vt 0.208255 0.008119
vt 0.208255 0.225720
vt 0.361877 0.225720
vt 0.368701 0.008119
vt 0.368701 0.225720
vt 0.120623 0.888257
vt 0.127447 0.832136
vt 0.127447 0.888257
vt 0.283171 0.008119
vt 0.283171 0.000000
vt 0.285756 0.008119
vt 0.152417 0.000000
vt 0.152417 0.008119
vt 0.149832 0.008119
vt 0.283171 0.225720
vt 0.285756 0.225720
vt 0.283171 0.233840
vt 0.152417 0.233840
vt 0.149832 0.225720
vt 0.227333 0.008119
vt 0.224748 0.008119
vt 0.227333 0.000000
vt 0.208255 0.000000
vt 0.210840 0.008119
vt 0.227333 0.225720
vt 0.227333 0.233840
vt 0.224748 0.225720
vt 0.210840 0.225720
vt 0.208255 0.233840
vt 0.361873 0.233840
vt 0.368698 0.233840
vt 0.368698 0.000000
vt 0.361877 0.008119
vt 0.361873 0.000000
vt 0.341137 0.233840
vt 0.347962 0.000000
vt 0.341140 0.008119
vt 0.341137 0.000000
vt 0.290195 0.621652
vt 0.272011 0.447571
vt 0.290195 0.447571
vt 0.943421 0.180350
vt 0.966639 0.149087
vt 0.962287 0.180350
vt 0.324326 0.425797
vt 0.294518 0.251717
vt 0.324326 0.251717
vt 0.559386 0.978732
vt 0.536167 0.947469
vt 0.564991 0.947469
vt 0.531768 0.569688
vt 0.503006 0.395607
vt 0.531768 0.395607
vt 0.141451 0.251717
vt 0.141652 0.247819
vt 0.142908 0.251717
vt 0.532927 0.395607
vt 0.531758 0.391710
vt 0.324528 0.247819
vt 0.325711 0.251717
vt 0.291741 0.447571
vt 0.290578 0.443674
vt 0.142908 0.425797
vt 0.141652 0.429695
vt 0.141451 0.425797
vt 0.532927 0.569688
vt 0.531758 0.573585
vt 0.324528 0.429695
vt 0.325711 0.425797
vt 0.291741 0.621652
vt 0.290578 0.625550
vt 0.294754 0.247819
vt 0.110047 0.247819
vt 0.503419 0.391710
vt 0.110047 0.429695
vt 0.109811 0.425797
vt 0.503006 0.569688
vt 0.272011 0.621652
vt 0.272037 0.625550
vt 0.294518 0.425797
vt 0.109811 0.251717
vt 0.631261 0.395607
vt 0.647243 0.569688
vt 0.631261 0.569688
vt 0.958639 0.226699
vt 0.981243 0.195855
vt 0.977762 0.226699
vt 0.024380 0.621652
vt 0.000000 0.447571
vt 0.024380 0.447571
vt 0.974632 0.316346
vt 0.952028 0.285502
vt 0.981243 0.285502
vt 0.590318 0.199752
vt 0.615625 0.373833
vt 0.590318 0.373833
vt 0.233478 0.251717
vt 0.234091 0.247819
vt 0.235261 0.251717
vt 0.588898 0.373833
vt 0.589921 0.377730
vt 0.024996 0.443674
vt 0.025957 0.447571
vt 0.629502 0.569688
vt 0.630518 0.573585
vt 0.235261 0.425797
vt 0.234091 0.429695
vt 0.233478 0.425797
vt 0.588898 0.199752
vt 0.589921 0.195855
vt 0.024996 0.625550
vt 0.025957 0.621652
vt 0.629502 0.395607
vt 0.630518 0.391710
vt 0.000643 0.443674
vt 0.204467 0.247819
vt 0.614855 0.377730
vt 0.204467 0.429695
vt 0.203821 0.425797
vt 0.615625 0.199752
vt 0.647243 0.395607
vt 0.646814 0.391710
vt 0.000000 0.621652
vt 0.203821 0.251717
vt 0.040997 0.425797
vt 0.025991 0.251717
vt 0.040997 0.251717
vt 0.887194 0.999764
vt 0.910107 0.969531
vt 0.906704 0.999764
vt 0.574347 0.569688
vt 0.548596 0.395607
vt 0.574347 0.395607
vt 0.993107 0.658763
vt 0.970195 0.628529
vt 1.000000 0.628529
vt 0.105033 0.621652
vt 0.081309 0.447571
vt 0.105033 0.447571
vt 0.024096 0.251717
vt 0.025046 0.247819
vt 0.341130 0.251717
vt 0.339619 0.251717
vt 0.340376 0.247819
vt 0.079731 0.447571
vt 0.080686 0.443674
vt 0.546835 0.395607
vt 0.547849 0.391710
vt 0.025991 0.425797
vt 0.025046 0.429695
vt 0.024096 0.425797
vt 0.341130 0.425797
vt 0.340377 0.429695
vt 0.339619 0.425797
vt 0.080686 0.625550
vt 0.079731 0.621652
vt 0.081309 0.621652
vt 0.546835 0.569688
vt 0.548596 0.569688
vt 0.547849 0.573585
vt 0.573571 0.391710
vt 0.000977 0.247819
vt 0.104061 0.443674
vt 0.040346 0.247819
vt 0.000977 0.429695
vt 0.000000 0.425797
vt 0.104061 0.625550
vt 0.040346 0.429695
vt 0.573571 0.573585
vt 0.000000 0.251717
vt 0.224008 0.621652
vt 0.205600 0.447571
vt 0.224008 0.447571
vt 0.764921 0.993612
vt 0.735347 0.969531
vt 0.764921 0.973668
vt 0.458199 0.199752
vt 0.487548 0.373833
vt 0.458199 0.373833
vt 0.456612 0.991162
vt 0.486187 0.967081
vt 0.486187 0.997550
vt 0.443812 0.569688
vt 0.414711 0.395607
vt 0.443812 0.395607
vt 0.203821 0.447571
vt 0.204995 0.443674
vt 0.549119 0.003897
vt 0.547701 0.003897
vt 0.548727 0.000000
vt 0.413321 0.395607
vt 0.414501 0.391710
vt 0.489098 0.373833
vt 0.487936 0.377730
vt 0.205600 0.621652
vt 0.204995 0.625550
vt 0.203821 0.621652
vt 0.549119 0.177978
vt 0.548727 0.181875
vt 0.547701 0.177978
vt 0.414501 0.573585
vt 0.413321 0.569688
vt 0.414711 0.569688
vt 0.489098 0.199752
vt 0.487548 0.199752
vt 0.487936 0.195855
vt 0.458619 0.377730
vt 0.575039 0.003897
vt 0.574617 0.000000
vt 0.443174 0.391710
vt 0.223764 0.443674
vt 0.575039 0.177978
vt 0.443174 0.573585
vt 0.223764 0.625550
vt 0.458619 0.195855
vt 0.179188 0.621652
vt 0.159599 0.447571
vt 0.179188 0.447571
vt 0.129272 0.981081
vt 0.099890 0.955709
vt 0.129272 0.961006
vt 0.504161 0.199752
vt 0.533569 0.373833
vt 0.504161 0.373833
vt 0.442703 0.992453
vt 0.413321 0.967081
vt 0.442703 0.972378
vt 0.444290 0.373833
vt 0.413321 0.199752
vt 0.444290 0.199752
vt 0.158152 0.447571
vt 0.159407 0.443674
vt 0.504385 0.003897
vt 0.503230 0.003897
vt 0.504400 0.000000
vt 0.504176 0.377730
vt 0.503006 0.373833
vt 0.180636 0.447571
vt 0.179380 0.443674
vt 0.159599 0.621652
vt 0.159407 0.625550
vt 0.158152 0.621652
vt 0.504385 0.177978
vt 0.504400 0.181875
vt 0.503230 0.177978
vt 0.504176 0.195855
vt 0.503006 0.199752
vt 0.180636 0.621652
vt 0.179380 0.625550
vt 0.533551 0.377730
vt 0.533793 0.003897
vt 0.533775 0.000000
vt 0.413549 0.195855
vt 0.444062 0.195855
vt 0.533793 0.177978
vt 0.444062 0.377730
vt 0.413321 0.373833
vt 0.533569 0.199752
vt 0.256323 0.621652
vt 0.237916 0.447571
vt 0.256323 0.447571
vt 0.691863 0.993612
vt 0.721438 0.969531
vt 0.721438 1.000000
vt 0.589674 0.395607
vt 0.615593 0.569688
vt 0.589674 0.569688
vt 0.838181 0.993612
vt 0.808607 0.969531
vt 0.838181 0.973668
vt 0.486822 0.569688
vt 0.457721 0.395607
vt 0.486822 0.395607
vt 0.487772 0.003897
vt 0.488160 0.000000
vt 0.489321 0.003897
vt 0.488212 0.395607
vt 0.487032 0.391710
vt 0.589281 0.573585
vt 0.588256 0.569688
vt 0.258102 0.447571
vt 0.256928 0.443674
vt 0.489321 0.177978
vt 0.488160 0.181875
vt 0.487772 0.177978
vt 0.488212 0.569688
vt 0.487032 0.573585
vt 0.589281 0.391710
vt 0.588256 0.395607
vt 0.258102 0.621652
vt 0.256928 0.625550
vt 0.615171 0.573585
vt 0.458843 0.000000
vt 0.458359 0.391710
vt 0.238160 0.443674
vt 0.458843 0.181875
vt 0.458422 0.177978
vt 0.458359 0.573585
vt 0.457721 0.569688
vt 0.238160 0.625550
vt 0.615593 0.395607
vt 0.458422 0.003897
vt 0.069911 0.425797
vt 0.054905 0.251717
vt 0.069911 0.251717
vt 0.993107 0.702976
vt 0.970195 0.672742
vt 1.000000 0.672742
vt 0.095902 0.425797
vt 0.071807 0.251717
vt 0.095902 0.251717
vt 0.977087 0.614550
vt 1.000000 0.584317
vt 0.996597 0.614550
vt 0.142665 0.621652
vt 0.118941 0.447571
vt 0.142665 0.447571
vt 0.549238 0.373833
vt 0.548491 0.377730
vt 0.547478 0.373833
vt 0.144243 0.447571
vt 0.143288 0.443674
vt 0.341130 0.621652
vt 0.340377 0.625550
vt 0.339619 0.621652
vt 0.070856 0.247819
vt 0.547478 0.199752
vt 0.548491 0.195855
vt 0.549238 0.199752
vt 0.144243 0.621652
vt 0.143288 0.625550
vt 0.340377 0.443674
vt 0.341130 0.447571
vt 0.339619 0.447571
vt 0.071807 0.425797
vt 0.070856 0.429695
vt 0.094925 0.247819
vt 0.574214 0.377730
vt 0.119913 0.443674
vt 0.055556 0.247819
vt 0.574214 0.195855
vt 0.574989 0.199752
vt 0.119913 0.625550
vt 0.118941 0.621652
vt 0.055556 0.429695
vt 0.094925 0.429695
vt 0.574989 0.373833
vt 0.647274 0.373833
vt 0.631293 0.199752
vt 0.647274 0.199752
vt 0.974632 0.361169
vt 0.952028 0.330325
vt 0.981243 0.330325
vt 0.280610 0.425797
vt 0.250953 0.251717
vt 0.280610 0.251717
vt 0.958639 0.271522
vt 0.981243 0.240678
vt 0.977762 0.271522
vt 0.615674 0.177978
vt 0.590368 0.003897
vt 0.615674 0.003897
vt 0.629533 0.199752
vt 0.630549 0.195855
vt 0.041442 0.447571
vt 0.039865 0.447571
vt 0.040826 0.443674
vt 0.588947 0.003897
vt 0.589970 0.000000
vt 0.249170 0.251717
vt 0.250341 0.247819
vt 0.631293 0.373833
vt 0.630549 0.377730
vt 0.629533 0.373833
vt 0.041442 0.621652
vt 0.040826 0.625550
vt 0.039865 0.621652
vt 0.589970 0.181875
vt 0.588947 0.177978
vt 0.590368 0.177978
vt 0.249170 0.425797
vt 0.250953 0.425797
vt 0.250341 0.429695
vt 0.279964 0.247819
vt 0.065822 0.447571
vt 0.065179 0.443674
vt 0.614905 0.000000
vt 0.065822 0.621652
vt 0.646845 0.377730
vt 0.279964 0.429695
vt 0.305649 0.447571
vt 0.323833 0.621652
vt 0.305649 0.621652
vt 0.602118 0.978732
vt 0.578900 0.947469
vt 0.607723 0.947469
vt 0.189913 0.425797
vt 0.158272 0.251717
vt 0.189913 0.251717
vt 0.633907 0.978732
vt 0.657125 0.947469
vt 0.652774 0.978732
vt 0.399413 0.574377
vt 0.370651 0.400297
vt 0.399413 0.400297
vt 0.325379 0.621652
vt 0.324216 0.625550
vt 0.414706 0.003897
vt 0.413321 0.003897
vt 0.414504 0.000000
vt 0.369492 0.400297
vt 0.370661 0.396399
vt 0.156816 0.251717
vt 0.158071 0.247819
vt 0.323833 0.447571
vt 0.324216 0.443674
vt 0.325379 0.447571
vt 0.414706 0.177978
vt 0.414504 0.181875
vt 0.413321 0.177978
vt 0.370661 0.578275
vt 0.369492 0.574377
vt 0.370651 0.574377
vt 0.156816 0.425797
vt 0.158272 0.425797
vt 0.158071 0.429695
vt 0.189677 0.247819
vt 0.444514 0.003897
vt 0.444279 0.000000
vt 0.399000 0.396399
vt 0.444514 0.177978
vt 0.305675 0.443674
vt 0.189677 0.429695
vt 0.536167 0.780172
vt 0.538628 0.933489
vt 0.536167 0.933486
vt 0.538628 0.780174
vt 0.544569 0.933490
vt 0.544569 0.780175
vt 0.550509 0.933489
vt 0.550509 0.780174
vt 0.552970 0.933486
vt 0.566879 0.780172
vt 0.569340 0.933488
vt 0.566879 0.933486
vt 0.569340 0.780174
vt 0.575280 0.933490
vt 0.975525 0.848567
vt 0.971756 0.856583
vt 0.970195 0.847857
vt 0.575280 0.780175
vt 0.581221 0.933488
vt 0.581221 0.780174
vt 0.583682 0.933486
vt 0.791413 0.971853
vt 0.787644 0.972355
vt 0.786082 0.960517
vt 0.413321 0.780172
vt 0.415782 0.953100
vt 0.413321 0.953098
vt 0.415782 0.780174
vt 0.421723 0.953101
vt 0.421723 0.780175
vt 0.427664 0.953100
vt 0.427664 0.780174
vt 0.430124 0.953098
vt 0.444033 0.780172
vt 0.446494 0.953100
vt 0.444033 0.953098
vt 0.446494 0.780174
vt 0.452434 0.953101
vt 0.977300 0.399726
vt 0.975739 0.408452
vt 0.971970 0.400436
vt 0.452434 0.780175
vt 0.458375 0.953100
vt 0.458375 0.780174
vt 0.460836 0.953098
vt 0.975739 0.436972
vt 0.971970 0.436470
vt 0.973531 0.424632
vt 0.629583 0.000000
vt 0.632043 0.181603
vt 0.629583 0.181600
vt 0.632043 0.000002
vt 0.637984 0.181604
vt 0.637984 0.000003
vt 0.643925 0.181603
vt 0.643925 0.000002
vt 0.646386 0.181600
vt 0.660294 0.000000
vt 0.662755 0.181603
vt 0.660294 0.181600
vt 0.662755 0.000002
vt 0.668696 0.181604
vt 0.976443 0.038737
vt 0.974881 0.047463
vt 0.971112 0.039447
vt 0.668696 0.000003
vt 0.674636 0.181603
vt 0.674636 0.000002
vt 0.677097 0.181600
vt 0.166710 0.969748
vt 0.162941 0.970250
vt 0.161380 0.958412
vt 0.382610 0.000000
vt 0.385071 0.184219
vt 0.382610 0.184217
vt 0.385071 0.000002
vt 0.391011 0.184220
vt 0.391011 0.000003
vt 0.396952 0.184219
vt 0.396952 0.000002
vt 0.399413 0.184217
vt 0.382610 0.198200
vt 0.385071 0.382419
vt 0.382610 0.382416
vt 0.385071 0.198202
vt 0.391011 0.382420
vt 0.975525 0.756402
vt 0.971756 0.764418
vt 0.970195 0.755692
vt 0.391011 0.198203
vt 0.396952 0.382419
vt 0.396952 0.198202
vt 0.399413 0.382416
vt 0.975525 0.792437
vt 0.971756 0.792939
vt 0.970195 0.781101
vt 0.661152 0.391710
vt 0.663612 0.573312
vt 0.661152 0.573310
vt 0.663612 0.391712
vt 0.669553 0.573313
vt 0.669553 0.391713
vt 0.675494 0.573312
vt 0.675494 0.391712
vt 0.677955 0.573310
vt 0.661183 0.195855
vt 0.663644 0.377457
vt 0.661183 0.377455
vt 0.663644 0.195857
vt 0.669585 0.377458
vt 0.976443 0.070169
vt 0.972673 0.078185
vt 0.971112 0.069459
vt 0.669585 0.195858
vt 0.675525 0.377457
vt 0.675525 0.195857
vt 0.677986 0.377455
vt 0.976443 0.106203
vt 0.972673 0.106705
vt 0.971112 0.094867
vt 0.474744 0.780172
vt 0.477205 0.953100
vt 0.474744 0.953098
vt 0.477205 0.780174
vt 0.483146 0.953101
vt 0.483146 0.780175
vt 0.489086 0.953100
vt 0.489086 0.780174
vt 0.491547 0.953098
vt 0.505456 0.780172
vt 0.507917 0.953100
vt 0.505456 0.953098
vt 0.507917 0.780174
vt 0.513857 0.953101
vt 0.975525 0.817845
vt 0.971756 0.825861
vt 0.970195 0.817135
vt 0.513857 0.780175
vt 0.519798 0.953100
vt 0.519798 0.780174
vt 0.522259 0.953098
vt 0.977300 0.467192
vt 0.973531 0.467694
vt 0.971970 0.455855
vt 0.597590 0.780172
vt 0.600051 0.933488
vt 0.597590 0.933486
vt 0.600051 0.780174
vt 0.605992 0.933490
vt 0.605992 0.780175
vt 0.611932 0.933488
vt 0.611932 0.780174
vt 0.614393 0.933486
vt 0.651944 0.780172
vt 0.654405 0.933489
vt 0.651944 0.933486
vt 0.654405 0.780174
vt 0.660346 0.933490
vt 0.975525 0.725681
vt 0.971756 0.733697
vt 0.970195 0.724971
vt 0.660346 0.780175
vt 0.666286 0.933489
vt 0.666286 0.780174
vt 0.668747 0.933486
vt 0.974881 0.014541
vt 0.971112 0.014039
vt 0.972673 0.002201
vt 0.786082 0.910368
vt 0.790372 0.776924
vt 0.790372 0.910368
vt 0.727712 0.941236
vt 0.732001 0.926946
vt 0.732001 0.941236
vt 0.386295 0.919137
vt 0.372077 0.785693
vt 0.386295 0.785693
vt 0.143181 0.972598
vt 0.147471 0.958307
vt 0.147471 0.972598
vt 0.628302 0.913616
vt 0.632591 0.780172
vt 0.632591 0.913616
vt 0.940401 0.000831
vt 0.937816 0.000831
vt 0.940401 0.000000
vt 0.369492 0.919137
vt 0.372077 0.919137
vt 0.372077 0.919969
vt 0.954619 0.000831
vt 0.954619 0.000000
vt 0.957204 0.000831
vt 0.388880 0.919137
vt 0.386295 0.919969
vt 0.940401 0.134276
vt 0.940401 0.135107
vt 0.937816 0.134276
vt 0.369492 0.785693
vt 0.372077 0.784861
vt 0.954619 0.134276
vt 0.957204 0.134276
vt 0.954619 0.135107
vt 0.386295 0.784861
vt 0.388880 0.785693
vt 0.143180 0.975196
vt 0.147470 0.975196
vt 0.147470 0.955709
vt 0.143181 0.958307
vt 0.143180 0.955709
vt 0.727711 0.943834
vt 0.732000 0.924348
vt 0.727712 0.926946
vt 0.727711 0.924348
vt 0.355038 0.381264
vt 0.359328 0.247819
vt 0.359328 0.381264
vt 0.786083 0.941236
vt 0.790373 0.926946
vt 0.790373 0.941236
vt 0.955476 0.525986
vt 0.941258 0.392541
vt 0.955476 0.392541
vt 0.938674 0.557685
vt 0.942964 0.543395
vt 0.942964 0.557685
vt 0.727711 0.910368
vt 0.732000 0.776924
vt 0.732000 0.910368
vt 0.002585 0.832967
vt 0.000000 0.832967
vt 0.002585 0.832136
vt 0.938673 0.525986
vt 0.941258 0.525986
vt 0.941258 0.526817
vt 0.016803 0.832967
vt 0.016803 0.832136
vt 0.019388 0.832967
vt 0.958061 0.525986
vt 0.955476 0.526817
vt 0.002585 0.966412
vt 0.002585 0.967243
vt 0.000000 0.966412
vt 0.938673 0.392541
vt 0.941258 0.391710
vt 0.016803 0.966412
vt 0.019388 0.966412
vt 0.016803 0.967243
vt 0.955476 0.391710
vt 0.958061 0.392541
vt 0.938673 0.560283
vt 0.942963 0.560283
vt 0.942963 0.540797
vt 0.938674 0.543395
vt 0.938673 0.540797
vt 0.786082 0.943834
vt 0.790372 0.924348
vt 0.786083 0.926946
vt 0.786082 0.924348
vt 0.951997 0.717761
vt 0.956286 0.584317
vt 0.956286 0.717761
vt 0.956874 0.557685
vt 0.961163 0.543395
vt 0.961163 0.557685
vt 0.050100 0.966412
vt 0.035882 0.832967
vt 0.050099 0.832967
vt 0.671035 0.964357
vt 0.675325 0.950067
vt 0.675325 0.964357
vt 0.951997 0.865185
vt 0.956286 0.731741
vt 0.956286 0.865185
vt 0.069178 0.832967
vt 0.066593 0.832967
vt 0.069178 0.832136
vt 0.033297 0.966412
vt 0.035882 0.966412
vt 0.035882 0.967243
vt 0.083396 0.832967
vt 0.083396 0.832136
vt 0.085981 0.832967
vt 0.052685 0.966412
vt 0.050100 0.967243
vt 0.069178 0.966412
vt 0.069178 0.967243
vt 0.066593 0.966412
vt 0.033297 0.832967
vt 0.035882 0.832136
vt 0.083396 0.966412
vt 0.085981 0.966412
vt 0.083396 0.967243
vt 0.050099 0.832136
vt 0.052685 0.832967
vt 0.671034 0.966956
vt 0.675324 0.966956
vt 0.675324 0.947469
vt 0.671035 0.950067
vt 0.671034 0.947469
vt 0.956873 0.560283
vt 0.961162 0.540796
vt 0.956874 0.543395
vt 0.956873 0.540796
vt 0.326199 0.832136
vt 0.182822 0.885608
vt 0.866390 0.762944
vt 0.182822 0.832136
vt 0.218666 0.832136
vt 0.668744 0.766192
vt 0.290354 0.885608
vt 0.326199 0.885608
vt 0.923904 0.178628
vt 0.369492 0.933948
vt 0.182822 0.939081
vt 0.938085 0.762944
vt 0.290354 0.939081
vt 0.951997 0.879165
vt 0.902237 0.955552
vt 0.099890 0.832136
vt 0.141356 0.832136
vt 0.306489 0.233840
vt 0.218666 0.885608
vt 0.254510 0.885608
vt 0.902237 0.762944
vt 0.254510 0.832136
vt 0.290354 0.832136
vt 0.830574 0.374483
vt 0.099890 0.902237
vt 0.141356 0.902237
vt 0.902269 0.374483
vt 0.218666 0.939081
vt 0.254510 0.939081
vt 0.772170 0.955552
vt 0.951997 0.932637
vt 0.326199 0.939081
vt 0.866390 0.955552
vt 0.162089 0.832136
vt 0.120623 0.832136
vt 0.347962 0.233840
vt 0.937816 0.149087
vt 0.540519 0.978732
vt 0.272037 0.443674
vt 0.503419 0.573585
vt 0.294754 0.429695
vt 0.952028 0.195855
vt 0.955508 0.316346
vt 0.646814 0.573585
vt 0.614855 0.195855
vt 0.000643 0.625550
vt 0.880302 0.969531
vt 0.973598 0.658763
vt 0.735346 1.000000
vt 0.456612 0.971218
vt 0.574617 0.181875
vt 0.099890 0.986378
vt 0.413321 0.997750
vt 0.533775 0.181875
vt 0.413549 0.377730
vt 0.533551 0.195855
vt 0.237916 0.621652
vt 0.691863 0.973668
vt 0.808607 1.000000
vt 0.615171 0.391710
vt 0.054905 0.425797
vt 0.973598 0.702976
vt 0.970195 0.584317
vt 0.955508 0.361169
vt 0.952028 0.240678
vt 0.646845 0.195855
vt 0.065179 0.625550
vt 0.614905 0.181875
vt 0.583251 0.978732
vt 0.628302 0.947469
vt 0.305675 0.625550
vt 0.444279 0.181875
vt 0.399000 0.578275
vt 0.552970 0.780172
vt 0.971756 0.842041
vt 0.973964 0.839841
vt 0.975525 0.842543
vt 0.973964 0.854382
vt 0.970195 0.853880
vt 0.583682 0.780172
vt 0.787644 0.957814
vt 0.789851 0.960015
vt 0.791413 0.965830
vt 0.789851 0.974556
vt 0.786082 0.966540
vt 0.430124 0.780172
vt 0.971970 0.394413
vt 0.973531 0.391710
vt 0.975739 0.393910
vt 0.977300 0.405749
vt 0.973531 0.406251
vt 0.460836 0.780172
vt 0.975739 0.422431
vt 0.977300 0.425134
vt 0.977300 0.431157
vt 0.973531 0.439173
vt 0.971970 0.430447
vt 0.646386 0.000000
vt 0.971112 0.033424
vt 0.972673 0.030721
vt 0.974881 0.032922
vt 0.976443 0.044761
vt 0.972673 0.045263
vt 0.677097 0.000000
vt 0.162941 0.955709
vt 0.165149 0.957910
vt 0.166710 0.963725
vt 0.165149 0.972451
vt 0.161380 0.964435
vt 0.399413 0.000000
vt 0.971756 0.749877
vt 0.973964 0.747676
vt 0.975525 0.750379
vt 0.973964 0.762217
vt 0.970195 0.761715
vt 0.399413 0.198200
vt 0.971756 0.778398
vt 0.973964 0.780598
vt 0.975525 0.786414
vt 0.973964 0.795140
vt 0.970195 0.787124
vt 0.677955 0.391710
vt 0.972673 0.063643
vt 0.974881 0.061443
vt 0.976443 0.064146
vt 0.974881 0.075984
vt 0.971112 0.075482
vt 0.677986 0.195855
vt 0.972673 0.092164
vt 0.974881 0.094365
vt 0.976443 0.100180
vt 0.974881 0.108906
vt 0.971112 0.100890
vt 0.491547 0.780172
vt 0.971756 0.811320
vt 0.973964 0.809119
vt 0.975525 0.811822
vt 0.973964 0.823660
vt 0.970195 0.823158
vt 0.522259 0.780172
vt 0.973531 0.453152
vt 0.975739 0.455353
vt 0.977300 0.461168
vt 0.975739 0.469894
vt 0.971970 0.461878
vt 0.614393 0.780172
vt 0.971756 0.719156
vt 0.973964 0.716955
vt 0.975525 0.719658
vt 0.973964 0.731496
vt 0.970195 0.730994
vt 0.668747 0.780172
vt 0.974881 0.000000
vt 0.976443 0.002703
vt 0.976443 0.008726
vt 0.972673 0.016742
vt 0.971112 0.008016
vt 0.786082 0.776924
vt 0.628302 0.780172
vt 0.732000 0.943834
vt 0.355038 0.247819
vt 0.727711 0.776924
vt 0.790372 0.943834
vt 0.951997 0.584317
vt 0.951997 0.731741
vt 0.961162 0.560283
s 0
usemtl MMO_limestone
f 17/1/1 2/2/1 15/3/1
f 23/4/2 14/5/2 21/6/2
f 10/7/3 16/8/3 22/9/3
f 6/10/4 8/11/4 3/12/4
f 11/13/5 20/14/5 9/15/5
f 1/16/6 2/17/6 3/18/6
f 4/19/7 5/20/7 6/21/7
f 7/22/8 8/23/8 9/24/8
f 10/7/9 11/25/9 12/26/9
f 13/27/10 14/28/10 15/29/10
f 16/8/11 17/30/11 18/31/11
f 19/32/12 20/33/12 21/34/12
f 22/9/13 23/35/13 24/36/13
f 1/16/14 8/23/14 7/22/14
f 4/37/15 3/12/15 2/38/15
f 10/7/16 6/21/16 5/20/16
f 9/39/17 12/40/17 11/41/17
f 7/22/18 20/33/18 19/32/18
f 22/9/19 11/25/19 10/7/19
f 21/6/20 24/42/20 23/4/20
f 19/32/21 14/28/21 13/27/21
f 16/8/22 23/35/22 22/9/22
f 15/43/23 18/44/23 17/45/23
f 13/27/24 2/17/24 1/16/24
f 5/20/25 17/30/25 16/8/25
f 19/32/26 1/16/26 7/22/26
f 65/91/1 50/92/1 63/93/1
f 71/94/2 62/95/2 69/96/2
f 58/97/3 64/98/3 70/99/3
f 54/100/4 56/101/4 51/102/4
f 59/103/5 68/104/5 57/105/5
f 49/106/6 50/107/6 51/108/6
f 52/109/31 53/110/31 54/111/31
f 55/112/8 56/113/8 57/114/8
f 58/97/32 59/115/32 60/116/32
f 61/117/10 62/118/10 63/119/10
f 64/98/33 65/120/33 66/121/33
f 67/122/12 68/123/12 69/124/12
f 70/99/34 71/125/34 72/126/34
f 49/106/14 56/113/14 55/112/14
f 52/127/15 51/102/15 50/128/15
f 58/97/16 54/111/16 53/110/16
f 57/129/17 60/130/17 59/131/17
f 55/112/18 68/123/18 67/122/18
f 70/99/19 59/115/19 58/97/19
f 69/96/20 72/132/20 71/94/20
f 67/122/21 62/118/21 61/117/21
f 64/98/22 71/125/22 70/99/22
f 63/133/23 66/134/23 65/135/23
f 61/117/24 50/107/24 49/106/24
f 53/110/25 65/120/25 64/98/25
f 67/122/26 49/106/26 55/112/26
f 113/181/1 98/182/1 111/183/1
f 119/184/2 110/185/2 117/186/2
f 106/187/3 112/188/3 118/189/3
f 102/190/4 104/191/4 99/192/4
f 107/193/5 116/194/5 105/195/5
f 97/196/6 98/197/6 99/198/6
f 100/199/7 101/200/7 102/201/7
f 103/202/8 104/203/8 105/204/8
f 106/187/9 107/205/9 108/206/9
f 109/207/10 110/208/10 111/209/10
f 112/188/11 113/210/11 114/211/11
f 115/212/12 116/213/12 117/214/12
f 118/189/13 119/215/13 120/216/13
f 97/196/14 104/203/14 103/202/14
f 100/217/15 99/192/15 98/218/15
f 106/187/16 102/201/16 101/200/16
f 105/219/17 108/220/17 107/221/17
f 103/202/18 116/213/18 115/212/18
f 118/189/19 107/205/19 106/187/19
f 117/186/20 120/222/20 119/184/20
f 115/212/21 110/208/21 109/207/21
f 112/188/22 119/215/22 118/189/22
f 111/223/23 114/224/23 113/225/23
f 109/207/24 98/197/24 97/196/24
f 101/200/25 113/210/25 112/188/25
f 115/212/26 97/196/26 103/202/26
f 161/271/1 146/272/1 159/273/1
f 167/274/2 158/275/2 165/276/2
f 154/277/3 160/278/3 166/279/3
f 150/280/4 152/281/4 147/282/4
f 155/283/5 164/284/5 153/285/5
f 145/286/6 146/287/6 147/288/6
f 148/289/7 149/290/7 150/291/7
f 151/292/8 152/293/8 153/294/8
f 154/277/9 155/295/9 156/296/9
f 157/297/10 158/298/10 159/299/10
f 160/278/11 161/300/11 162/301/11
f 163/302/12 164/303/12 165/304/12
f 166/279/13 167/305/13 168/306/13
f 145/286/14 152/293/14 151/292/14
f 148/307/15 147/282/15 146/308/15
f 154/277/16 150/291/16 149/290/16
f 153/309/17 156/310/17 155/311/17
f 151/292/18 164/303/18 163/302/18
f 166/279/19 155/295/19 154/277/19
f 165/276/20 168/312/20 167/274/20
f 163/302/21 158/298/21 157/297/21
f 160/278/22 167/305/22 166/279/22
f 159/313/23 162/314/23 161/315/23
f 157/297/24 146/287/24 145/286/24
f 149/290/25 161/300/25 160/278/25
f 163/302/26 145/286/26 151/292/26
f 209/361/1 194/362/1 207/363/1
f 215/364/2 206/365/2 213/366/2
f 202/367/3 208/368/3 214/369/3
f 198/370/4 200/371/4 195/372/4
f 203/373/5 212/374/5 201/375/5
f 193/376/6 194/377/6 195/378/6
f 196/379/31 197/380/31 198/381/31
f 199/382/8 200/383/8 201/384/8
f 202/367/32 203/385/32 204/386/32
f 205/387/10 206/388/10 207/389/10
f 208/368/33 209/390/33 210/391/33
f 211/392/12 212/393/12 213/394/12
f 214/369/34 215/395/34 216/396/34
f 193/376/14 200/383/14 199/382/14
f 196/397/15 195/372/15 194/398/15
f 202/367/16 198/381/16 197/380/16
f 201/399/17 204/400/17 203/401/17
f 199/382/18 212/393/18 211/392/18
f 214/369/19 203/385/19 202/367/19
f 213/366/20 216/402/20 215/364/20
f 211/392/21 206/388/21 205/387/21
f 208/368/22 215/395/22 214/369/22
f 207/403/23 210/404/23 209/405/23
f 205/387/24 194/377/24 193/376/24
f 197/380/25 209/390/25 208/368/25
f 211/392/26 193/376/26 199/382/26
f 257/451/1 242/452/1 255/453/1
f 263/454/2 254/455/2 261/456/2
f 250/457/3 256/458/3 262/459/3
f 246/460/4 248/461/4 243/462/4
f 251/463/5 260/464/5 249/465/5
f 241/466/6 242/467/6 243/468/6
f 244/469/7 245/470/7 246/471/7
f 247/472/8 248/473/8 249/474/8
f 250/457/9 251/475/9 252/476/9
f 253/477/10 254/478/10 255/479/10
f 256/458/11 257/480/11 258/481/11
f 259/482/12 260/483/12 261/484/12
f 262/459/13 263/485/13 264/486/13
f 241/466/14 248/473/14 247/472/14
f 244/487/15 243/462/15 242/488/15
f 250/457/16 246/471/16 245/470/16
f 249/489/17 252/490/17 251/491/17
f 247/472/18 260/483/18 259/482/18
f 262/459/19 251/475/19 250/457/19
f 261/456/20 264/492/20 263/454/20
f 259/482/21 254/478/21 253/477/21
f 256/458/22 263/485/22 262/459/22
f 255/493/23 258/494/23 257/495/23
f 253/477/24 242/467/24 241/466/24
f 245/470/25 257/480/25 256/458/25
f 259/482/26 241/466/26 247/472/26
f 334/584/59 314/585/59 324/586/59
f 315/587/1 321/588/1 323/589/1
f 333/590/60 322/591/60 319/592/60
f 327/593/5 331/594/5 330/595/5
f 329/596/61 320/597/61 318/598/61
f 313/599/62 315/600/62 314/601/62
f 316/602/63 318/598/63 317/603/63
f 319/592/64 321/604/64 320/605/64
f 322/606/65 324/586/65 323/607/65
f 325/608/66 327/609/66 326/610/66
f 328/611/67 330/612/67 329/596/67
f 331/613/68 333/590/68 332/614/68
f 334/584/69 336/615/69 335/616/69
f 321/604/70 322/591/70 323/617/70
f 313/599/71 317/618/71 315/600/71
f 317/603/72 320/597/72 321/619/72
f 314/585/73 323/607/73 324/586/73
f 314/601/74 326/610/74 313/599/74
f 326/610/75 330/620/75 328/621/75
f 330/612/76 332/622/76 329/596/76
f 325/623/77 335/616/77 327/624/77
f 316/602/78 329/596/78 318/598/78
f 320/605/79 333/590/79 319/592/79
f 331/613/80 336/625/80 333/590/80
f 322/606/81 334/584/81 324/586/81
f 326/610/82 316/626/82 313/599/82
f 382/673/107 362/674/107 372/675/107
f 363/676/1 369/677/1 371/678/1
f 381/679/108 370/680/108 367/681/108
f 375/682/5 379/683/5 378/684/5
f 377/685/109 368/686/109 366/687/109
f 361/688/110 363/689/110 362/674/110
f 364/690/111 366/691/111 365/692/111
f 367/693/112 369/694/112 368/686/112
f 370/680/113 372/695/113 371/696/113
f 373/697/114 375/698/114 374/699/114
f 376/700/115 378/701/115 377/702/115
f 379/703/116 381/704/116 380/705/116
f 382/706/117 384/707/117 383/708/117
f 369/709/118 370/680/118 371/696/118
f 361/710/119 365/692/119 363/711/119
f 365/712/120 368/686/120 369/694/120
f 362/674/121 371/713/121 372/675/121
f 362/674/122 374/699/122 361/688/122
f 374/714/123 378/701/123 376/700/123
f 378/715/124 380/705/124 377/685/124
f 373/697/125 383/716/125 375/698/125
f 364/690/126 377/702/126 366/691/126
f 368/686/127 381/704/127 367/693/127
f 379/717/128 384/707/128 381/679/128
f 370/680/129 382/706/129 372/695/129
f 374/714/130 364/690/130 361/710/130
f 430/761/149 410/762/149 420/763/149
f 419/764/1 413/765/1 417/766/1
f 429/767/150 418/768/150 415/769/150
f 431/770/5 426/771/5 423/772/5
f 425/773/151 416/774/151 414/775/151
f 409/776/152 411/777/152 410/778/152
f 412/779/153 414/775/153 413/780/153
f 415/769/154 417/781/154 416/782/154
f 418/783/155 420/763/155 419/784/155
f 421/785/156 423/786/156 422/787/156
f 424/788/157 426/789/157 425/773/157
f 427/790/158 429/767/158 428/791/158
f 430/761/159 432/792/159 431/793/159
f 417/781/160 418/768/160 419/794/160
f 409/776/161 413/795/161 411/777/161
f 414/775/162 417/796/162 413/780/162
f 411/797/163 420/763/163 410/762/163
f 410/778/164 422/787/164 409/776/164
f 422/787/165 426/798/165 424/799/165
f 425/773/166 427/800/166 428/801/166
f 423/802/167 430/761/167 431/793/167
f 412/779/168 425/773/168 414/775/168
f 416/782/169 429/767/169 415/769/169
f 427/790/170 432/803/170 429/767/170
f 418/783/171 430/761/171 420/763/171
f 422/787/172 412/804/172 409/776/172
f 478/850/197 458/851/197 468/852/197
f 467/853/1 461/854/1 465/855/1
f 477/856/198 466/857/198 463/858/198
f 479/859/5 474/860/5 471/861/5
f 473/862/199 464/863/199 462/864/199
f 457/865/200 459/866/200 458/851/200
f 460/867/201 462/868/201 461/869/201
f 463/870/202 465/871/202 464/863/202
f 466/857/203 468/872/203 467/873/203
f 469/874/204 471/875/204 470/876/204
f 472/877/205 474/878/205 473/879/205
f 475/880/206 477/881/206 476/882/206
f 478/883/207 480/884/207 479/885/207
f 465/886/208 466/857/208 467/873/208
f 457/887/209 461/869/209 459/888/209
f 462/864/210 465/871/210 461/889/210
f 459/866/211 468/852/211 458/851/211
f 458/851/212 470/876/212 457/865/212
f 470/890/213 474/878/213 472/877/213
f 473/862/214 475/880/214 476/882/214
f 471/875/215 478/850/215 479/891/215
f 460/867/216 473/879/216 462/868/216
f 464/863/217 477/881/217 463/870/217
f 475/892/218 480/884/218 477/856/218
f 466/857/219 478/883/219 468/872/219
f 470/890/220 460/867/220 457/887/220
f 17/1/1 4/1239/1 2/2/1
f 23/4/2 18/44/2 14/5/2
f 10/7/3 5/20/3 16/8/3
f 6/10/4 12/40/4 8/11/4
f 11/13/5 24/1240/5 20/14/5
f 1/16/14 3/18/14 8/23/14
f 4/37/15 6/10/15 3/12/15
f 10/7/16 12/26/16 6/21/16
f 9/39/17 8/11/17 12/40/17
f 7/22/18 9/24/18 20/33/18
f 22/9/19 24/36/19 11/25/19
f 21/6/20 20/1241/20 24/42/20
f 19/32/21 21/34/21 14/28/21
f 16/8/22 18/31/22 23/35/22
f 15/43/23 14/5/23 18/44/23
f 13/27/24 15/29/24 2/17/24
f 5/20/25 4/19/25 17/30/25
f 19/32/26 13/27/26 1/16/26
f 65/91/1 52/1245/1 50/92/1
f 71/94/2 66/134/2 62/95/2
f 58/97/3 53/110/3 64/98/3
f 54/100/4 60/130/4 56/101/4
f 59/103/5 72/1246/5 68/104/5
f 49/106/14 51/108/14 56/113/14
f 52/127/15 54/100/15 51/102/15
f 58/97/16 60/116/16 54/111/16
f 57/129/17 56/101/17 60/130/17
f 55/112/18 57/114/18 68/123/18
f 70/99/19 72/126/19 59/115/19
f 69/96/20 68/1247/20 72/132/20
f 67/122/21 69/124/21 62/118/21
f 64/98/22 66/121/22 71/125/22
f 63/133/23 62/95/23 66/134/23
f 61/117/24 63/119/24 50/107/24
f 53/110/25 52/109/25 65/120/25
f 67/122/26 61/117/26 49/106/26
f 113/181/1 100/1251/1 98/182/1
f 119/184/2 114/224/2 110/185/2
f 106/187/3 101/200/3 112/188/3
f 102/190/4 108/220/4 104/191/4
f 107/193/5 120/1252/5 116/194/5
f 97/196/14 99/198/14 104/203/14
f 100/217/15 102/190/15 99/192/15
f 106/187/16 108/206/16 102/201/16
f 105/219/17 104/191/17 108/220/17
f 103/202/18 105/204/18 116/213/18
f 118/189/19 120/216/19 107/205/19
f 117/186/20 116/1253/20 120/222/20
f 115/212/21 117/214/21 110/208/21
f 112/188/22 114/211/22 119/215/22
f 111/223/23 110/185/23 114/224/23
f 109/207/24 111/209/24 98/197/24
f 101/200/25 100/199/25 113/210/25
f 115/212/26 109/207/26 97/196/26
f 161/271/1 148/1257/1 146/272/1
f 167/274/2 162/314/2 158/275/2
f 154/277/3 149/290/3 160/278/3
f 150/280/4 156/310/4 152/281/4
f 155/283/5 168/1258/5 164/284/5
f 145/286/14 147/288/14 152/293/14
f 148/307/15 150/280/15 147/282/15
f 154/277/16 156/296/16 150/291/16
f 153/309/17 152/281/17 156/310/17
f 151/292/18 153/294/18 164/303/18
f 166/279/19 168/306/19 155/295/19
f 165/276/20 164/1259/20 168/312/20
f 163/302/21 165/304/21 158/298/21
f 160/278/22 162/301/22 167/305/22
f 159/313/23 158/275/23 162/314/23
f 157/297/24 159/299/24 146/287/24
f 149/290/25 148/289/25 161/300/25
f 163/302/26 157/297/26 145/286/26
f 209/361/1 196/1263/1 194/362/1
f 215/364/2 210/404/2 206/365/2
f 202/367/3 197/380/3 208/368/3
f 198/370/4 204/400/4 200/371/4
f 203/373/5 216/1264/5 212/374/5
f 193/376/14 195/378/14 200/383/14
f 196/397/15 198/370/15 195/372/15
f 202/367/16 204/386/16 198/381/16
f 201/399/17 200/371/17 204/400/17
f 199/382/18 201/384/18 212/393/18
f 214/369/19 216/396/19 203/385/19
f 213/366/20 212/1265/20 216/402/20
f 211/392/21 213/394/21 206/388/21
f 208/368/22 210/391/22 215/395/22
f 207/403/23 206/365/23 210/404/23
f 205/387/24 207/389/24 194/377/24
f 197/380/25 196/379/25 209/390/25
f 211/392/26 205/387/26 193/376/26
f 257/451/1 244/1269/1 242/452/1
f 263/454/2 258/494/2 254/455/2
f 250/457/3 245/470/3 256/458/3
f 246/460/4 252/490/4 248/461/4
f 251/463/5 264/1270/5 260/464/5
f 241/466/14 243/468/14 248/473/14
f 244/487/15 246/460/15 243/462/15
f 250/457/16 252/476/16 246/471/16
f 249/489/17 248/461/17 252/490/17
f 247/472/18 249/474/18 260/483/18
f 262/459/19 264/486/19 251/475/19
f 261/456/20 260/1271/20 264/492/20
f 259/482/21 261/484/21 254/478/21
f 256/458/22 258/481/22 263/485/22
f 255/493/23 254/455/23 258/494/23
f 253/477/24 255/479/24 242/467/24
f 245/470/25 244/469/25 257/480/25
f 259/482/26 253/477/26 241/466/26
f 334/584/59 325/623/59 314/585/59
f 315/587/1 317/1280/1 321/588/1
f 333/590/60 336/625/60 322/591/60
f 327/593/5 335/1281/5 331/594/5
f 329/596/61 332/622/61 320/597/61
f 321/604/70 319/592/70 322/591/70
f 313/599/71 316/626/71 317/618/71
f 317/603/261 318/598/261 320/597/261
f 314/585/73 315/1282/73 323/607/73
f 314/601/74 325/608/74 326/610/74
f 326/610/75 327/609/75 330/620/75
f 330/612/262 331/1283/262 332/622/262
f 325/623/77 334/584/77 335/616/77
f 316/602/78 328/611/78 329/596/78
f 320/605/79 332/614/79 333/590/79
f 331/613/80 335/1284/80 336/625/80
f 322/606/81 336/615/81 334/584/81
f 326/610/82 328/621/82 316/626/82
f 382/673/107 373/697/107 362/674/107
f 363/676/1 365/1287/1 369/677/1
f 381/679/108 384/707/108 370/680/108
f 375/682/5 383/1288/5 379/683/5
f 377/685/109 380/705/109 368/686/109
f 369/709/118 367/681/118 370/680/118
f 361/710/263 364/690/263 365/692/263
f 365/712/120 366/687/120 368/686/120
f 362/674/121 363/689/121 371/713/121
f 362/674/122 373/697/122 374/699/122
f 374/714/264 375/1289/264 378/701/264
f 378/715/124 379/703/124 380/705/124
f 373/697/125 382/673/125 383/716/125
f 364/690/126 376/700/126 377/702/126
f 368/686/127 380/705/127 381/704/127
f 379/717/128 383/708/128 384/707/128
f 370/680/129 384/707/129 382/706/129
f 374/714/130 376/700/130 364/690/130
f 430/761/149 421/1295/149 410/762/149
f 419/764/1 411/1296/1 413/765/1
f 429/767/150 432/803/150 418/768/150
f 431/770/5 427/1297/5 426/771/5
f 425/773/151 428/801/151 416/774/151
f 417/781/160 415/769/160 418/768/160
f 409/776/161 412/804/161 413/795/161
f 414/775/162 416/774/162 417/796/162
f 411/797/163 419/784/163 420/763/163
f 410/778/164 421/785/164 422/787/164
f 422/787/165 423/786/165 426/798/165
f 425/773/166 426/789/166 427/800/166
f 423/802/167 421/1295/167 430/761/167
f 412/779/168 424/788/168 425/773/168
f 416/782/169 428/791/169 429/767/169
f 427/790/267 431/1298/267 432/803/267
f 418/783/171 432/792/171 430/761/171
f 422/787/172 424/799/172 412/804/172
f 478/850/197 469/874/197 458/851/197
f 467/853/1 459/1302/1 461/854/1
f 477/856/198 480/884/198 466/857/198
f 479/859/5 475/1303/5 474/860/5
f 473/862/199 476/882/199 464/863/199
f 465/886/208 463/858/208 466/857/208
f 457/887/209 460/867/209 461/869/209
f 462/864/210 464/863/210 465/871/210
f 459/866/211 467/1304/211 468/852/211
f 458/851/212 469/874/212 470/876/212
f 470/890/213 471/1305/213 474/878/213
f 473/862/268 474/1306/268 475/880/268
f 471/875/215 469/874/215 478/850/215
f 460/867/216 472/877/216 473/879/216
f 464/863/217 476/882/217 477/881/217
f 475/892/218 479/885/218 480/884/218
f 466/857/219 480/884/219 478/883/219
f 470/890/220 472/877/220 460/867/220
usemtl MMO_stone
f 41/46/1 26/47/1 39/48/1
f 47/49/2 38/50/2 45/51/2
f 34/52/3 40/53/3 46/54/3
f 30/55/4 32/56/4 27/57/4
f 35/58/5 44/59/5 33/60/5
f 25/61/27 26/62/27 27/63/27
f 28/64/7 29/65/7 30/66/7
f 31/67/28 32/68/28 33/69/28
f 34/52/9 35/70/9 36/71/9
f 37/72/29 38/73/29 39/74/29
f 40/53/11 41/75/11 42/76/11
f 43/77/30 44/78/30 45/79/30
f 46/54/13 47/80/13 48/81/13
f 25/61/14 32/68/14 31/67/14
f 28/82/15 27/57/15 26/83/15
f 34/52/16 30/66/16 29/65/16
f 33/84/17 36/85/17 35/86/17
f 31/67/18 44/78/18 43/77/18
f 46/54/19 35/70/19 34/52/19
f 45/51/20 48/87/20 47/49/20
f 43/77/21 38/73/21 37/72/21
f 40/53/22 47/80/22 46/54/22
f 39/88/23 42/89/23 41/90/23
f 37/72/24 26/62/24 25/61/24
f 29/65/25 41/75/25 40/53/25
f 43/77/26 25/61/26 31/67/26
f 89/136/1 74/137/1 87/138/1
f 95/139/2 86/140/2 93/141/2
f 82/142/3 88/143/3 94/144/3
f 78/145/4 80/146/4 75/147/4
f 83/148/5 92/149/5 81/150/5
f 73/151/27 74/152/27 75/153/27
f 76/154/7 77/155/7 78/156/7
f 79/157/28 80/158/28 81/159/28
f 82/142/9 83/160/9 84/161/9
f 85/162/29 86/163/29 87/164/29
f 88/143/11 89/165/11 90/166/11
f 91/167/30 92/168/30 93/169/30
f 94/144/13 95/170/13 96/171/13
f 73/151/14 80/158/14 79/157/14
f 76/172/15 75/147/15 74/173/15
f 82/142/16 78/156/16 77/155/16
f 81/174/17 84/175/17 83/176/17
f 79/157/18 92/168/18 91/167/18
f 94/144/19 83/160/19 82/142/19
f 93/141/20 96/177/20 95/139/20
f 91/167/21 86/163/21 85/162/21
f 88/143/22 95/170/22 94/144/22
f 87/178/23 90/179/23 89/180/23
f 85/162/24 74/152/24 73/151/24
f 77/155/25 89/165/25 88/143/25
f 91/167/26 73/151/26 79/157/26
f 137/226/1 122/227/1 135/228/1
f 143/229/2 134/230/2 141/231/2
f 130/232/3 136/233/3 142/234/3
f 126/235/4 128/236/4 123/237/4
f 131/238/5 140/239/5 129/240/5
f 121/241/27 122/242/27 123/243/27
f 124/244/31 125/245/31 126/246/31
f 127/247/28 128/248/28 129/249/28
f 130/232/32 131/250/32 132/251/32
f 133/252/29 134/253/29 135/254/29
f 136/233/33 137/255/33 138/256/33
f 139/257/30 140/258/30 141/259/30
f 142/234/34 143/260/34 144/261/34
f 121/241/14 128/248/14 127/247/14
f 124/262/15 123/237/15 122/263/15
f 130/232/16 126/246/16 125/245/16
f 129/264/17 132/265/17 131/266/17
f 127/247/18 140/258/18 139/257/18
f 142/234/19 131/250/19 130/232/19
f 141/231/20 144/267/20 143/229/20
f 139/257/21 134/253/21 133/252/21
f 136/233/22 143/260/22 142/234/22
f 135/268/23 138/269/23 137/270/23
f 133/252/24 122/242/24 121/241/24
f 125/245/25 137/255/25 136/233/25
f 139/257/26 121/241/26 127/247/26
f 185/316/1 170/317/1 183/318/1
f 191/319/2 182/320/2 189/321/2
f 178/322/3 184/323/3 190/324/3
f 174/325/4 176/326/4 171/327/4
f 179/328/5 188/329/5 177/330/5
f 169/331/27 170/332/27 171/333/27
f 172/334/7 173/335/7 174/336/7
f 175/337/28 176/338/28 177/339/28
f 178/322/9 179/340/9 180/341/9
f 181/342/29 182/343/29 183/344/29
f 184/323/11 185/345/11 186/346/11
f 187/347/30 188/348/30 189/349/30
f 190/324/13 191/350/13 192/351/13
f 169/331/14 176/338/14 175/337/14
f 172/352/15 171/327/15 170/353/15
f 178/322/16 174/336/16 173/335/16
f 177/354/17 180/355/17 179/356/17
f 175/337/18 188/348/18 187/347/18
f 190/324/19 179/340/19 178/322/19
f 189/321/20 192/357/20 191/319/20
f 187/347/21 182/343/21 181/342/21
f 184/323/22 191/350/22 190/324/22
f 183/358/23 186/359/23 185/360/23
f 181/342/24 170/332/24 169/331/24
f 173/335/25 185/345/25 184/323/25
f 187/347/26 169/331/26 175/337/26
f 233/406/1 218/407/1 231/408/1
f 239/409/2 230/410/2 237/411/2
f 226/412/3 232/413/3 238/414/3
f 222/415/4 224/416/4 219/417/4
f 227/418/5 236/419/5 225/420/5
f 217/421/27 218/422/27 219/423/27
f 220/424/7 221/425/7 222/426/7
f 223/427/28 224/428/28 225/429/28
f 226/412/9 227/430/9 228/431/9
f 229/432/29 230/433/29 231/434/29
f 232/413/11 233/435/11 234/436/11
f 235/437/30 236/438/30 237/439/30
f 238/414/13 239/440/13 240/441/13
f 217/421/14 224/428/14 223/427/14
f 220/442/15 219/417/15 218/443/15
f 226/412/16 222/426/16 221/425/16
f 225/444/17 228/445/17 227/446/17
f 223/427/18 236/438/18 235/437/18
f 238/414/19 227/430/19 226/412/19
f 237/411/20 240/447/20 239/409/20
f 235/437/21 230/433/21 229/432/21
f 232/413/22 239/440/22 238/414/22
f 231/448/23 234/449/23 233/450/23
f 229/432/24 218/422/24 217/421/24
f 221/425/25 233/435/25 232/413/25
f 235/437/26 217/421/26 223/427/26
f 281/496/1 266/497/1 279/498/1
f 287/499/2 278/500/2 285/501/2
f 274/502/3 280/503/3 286/504/3
f 270/505/4 272/506/4 267/507/4
f 275/508/5 284/509/5 273/510/5
f 265/511/27 266/512/27 267/513/27
f 268/514/31 269/515/31 270/516/31
f 271/517/28 272/518/28 273/519/28
f 274/502/32 275/520/32 276/521/32
f 277/522/29 278/523/29 279/524/29
f 280/503/33 281/525/33 282/526/33
f 283/527/30 284/528/30 285/529/30
f 286/504/34 287/530/34 288/531/34
f 265/511/14 272/518/14 271/517/14
f 268/532/15 267/507/15 266/533/15
f 274/502/16 270/516/16 269/515/16
f 273/534/17 276/535/17 275/536/17
f 271/517/18 284/528/18 283/527/18
f 286/504/19 275/520/19 274/502/19
f 285/501/20 288/537/20 287/499/20
f 283/527/21 278/523/21 277/522/21
f 280/503/22 287/530/22 286/504/22
f 279/538/23 282/539/23 281/540/23
f 277/522/24 266/512/24 265/511/24
f 269/515/25 281/525/25 280/503/25
f 283/527/26 265/511/26 271/517/26
f 310/541/35 290/542/35 300/543/35
f 291/544/1 297/545/1 299/546/1
f 309/547/36 298/548/36 295/549/36
f 303/550/5 307/551/5 306/552/5
f 305/553/37 296/554/37 294/555/37
f 289/556/38 291/557/38 290/558/38
f 292/559/39 294/555/39 293/560/39
f 295/549/40 297/561/40 296/562/40
f 298/563/41 300/543/41 299/564/41
f 301/565/42 303/566/42 302/567/42
f 304/568/43 306/569/43 305/553/43
f 307/570/44 309/547/44 308/571/44
f 310/541/45 312/572/45 311/573/45
f 297/561/46 298/548/46 299/574/46
f 289/556/47 293/575/47 291/557/47
f 293/560/48 296/554/48 297/576/48
f 290/542/49 299/564/49 300/543/49
f 290/558/50 302/567/50 289/556/50
f 302/567/51 306/577/51 304/578/51
f 306/569/52 308/579/52 305/553/52
f 301/580/53 311/573/53 303/581/53
f 292/559/54 305/553/54 294/555/54
f 296/562/55 309/547/55 295/549/55
f 307/570/56 312/582/56 309/547/56
f 298/563/57 310/541/57 300/543/57
f 302/567/58 292/583/58 289/556/58
f 358/627/83 338/628/83 348/629/83
f 339/630/1 345/631/1 347/632/1
f 357/633/84 346/634/84 343/635/84
f 351/636/5 355/637/5 354/638/5
f 353/639/85 344/640/85 342/641/85
f 337/642/86 339/643/86 338/628/86
f 340/644/87 342/645/87 341/646/87
f 343/647/88 345/648/88 344/640/88
f 346/634/89 348/649/89 347/650/89
f 349/651/90 351/652/90 350/653/90
f 352/654/91 354/655/91 353/656/91
f 355/657/92 357/658/92 356/659/92
f 358/660/93 360/661/93 359/662/93
f 345/663/94 346/634/94 347/650/94
f 337/642/95 341/664/95 339/643/95
f 341/665/96 344/640/96 345/648/96
f 338/628/97 347/666/97 348/629/97
f 338/628/98 350/653/98 337/642/98
f 350/653/99 354/667/99 352/668/99
f 354/669/100 356/659/100 353/639/100
f 349/651/101 359/670/101 351/652/101
f 340/644/102 353/656/102 342/645/102
f 344/640/103 357/658/103 343/647/103
f 355/671/104 360/661/104 357/633/104
f 346/634/105 358/660/105 348/649/105
f 350/653/106 340/672/106 337/642/106
f 406/718/26 386/719/26 396/720/26
f 387/721/1 393/722/1 395/723/1
f 405/724/131 394/725/131 391/726/131
f 407/727/5 402/728/5 399/729/5
f 401/730/3 392/731/3 390/732/3
f 385/733/132 387/734/132 386/719/132
f 388/735/133 390/736/133 389/737/133
f 391/726/134 393/738/134 392/739/134
f 394/740/135 396/720/135 395/741/135
f 397/742/136 399/743/136 398/744/136
f 400/745/137 402/746/137 401/747/137
f 403/748/138 405/724/138 404/749/138
f 406/718/139 408/750/139 407/751/139
f 393/738/140 394/725/140 395/752/140
f 385/753/141 389/737/141 387/754/141
f 390/732/25 393/755/25 389/756/25
f 387/734/24 396/720/24 386/719/24
f 386/719/142 398/744/142 385/733/142
f 398/757/143 402/746/143 400/745/143
f 402/758/19 404/759/19 401/730/19
f 397/742/18 407/751/18 399/743/18
f 388/735/144 401/747/144 390/736/144
f 392/739/145 405/724/145 391/726/145
f 403/748/146 408/760/146 405/724/146
f 394/740/147 406/718/147 396/720/147
f 398/757/148 388/735/148 385/753/148
f 454/805/173 434/806/173 444/807/173
f 443/808/1 437/809/1 441/810/1
f 453/811/174 442/812/174 439/813/174
f 455/814/5 450/815/5 447/816/5
f 449/817/175 440/818/175 438/819/175
f 433/820/176 435/821/176 434/822/176
f 436/823/177 438/819/177 437/824/177
f 439/825/178 441/826/178 440/827/178
f 442/812/179 444/807/179 443/828/179
f 445/829/180 447/830/180 446/831/180
f 448/832/181 450/833/181 449/817/181
f 451/834/182 453/835/182 452/836/182
f 454/805/183 456/837/183 455/838/183
f 441/839/184 442/812/184 443/828/184
f 433/820/185 437/840/185 435/821/185
f 438/819/186 441/841/186 437/824/186
f 435/842/187 444/807/187 434/806/187
f 434/822/188 446/831/188 433/820/188
f 446/831/189 450/843/189 448/844/189
f 449/817/190 451/845/190 452/846/190
f 447/847/191 454/805/191 455/838/191
f 436/823/192 449/817/192 438/819/192
f 440/827/193 453/835/193 439/825/193
f 451/848/194 456/837/194 453/811/194
f 442/812/195 454/805/195 444/807/195
f 446/831/196 436/849/196 433/820/196
f 502/893/221 482/894/221 492/895/221
f 491/896/1 485/897/1 489/898/1
f 501/899/222 490/900/222 487/901/222
f 503/902/5 498/903/5 495/904/5
f 497/905/223 488/906/223 486/907/223
f 481/908/224 483/909/224 482/894/224
f 484/910/225 486/911/225 485/912/225
f 487/913/226 489/914/226 488/906/226
f 490/900/227 492/915/227 491/916/227
f 493/917/228 495/918/228 494/919/228
f 496/920/229 498/921/229 497/922/229
f 499/923/230 501/924/230 500/925/230
f 502/926/231 504/927/231 503/928/231
f 489/929/232 490/900/232 491/916/232
f 481/930/233 485/912/233 483/931/233
f 486/907/234 489/914/234 485/932/234
f 483/909/235 492/895/235 482/894/235
f 482/894/236 494/919/236 481/908/236
f 494/933/237 498/921/237 496/920/237
f 497/905/238 499/923/238 500/925/238
f 495/918/239 502/893/239 503/934/239
f 484/910/240 497/922/240 486/911/240
f 488/906/241 501/924/241 487/913/241
f 499/935/242 504/927/242 501/899/242
f 490/900/243 502/926/243 492/915/243
f 494/933/244 484/910/244 481/930/244
f 41/46/1 28/1242/1 26/47/1
f 47/49/2 42/89/2 38/50/2
f 34/52/3 29/65/3 40/53/3
f 30/55/4 36/85/4 32/56/4
f 35/58/5 48/1243/5 44/59/5
f 25/61/14 27/63/14 32/68/14
f 28/82/15 30/55/15 27/57/15
f 34/52/16 36/71/16 30/66/16
f 33/84/17 32/56/17 36/85/17
f 31/67/18 33/69/18 44/78/18
f 46/54/19 48/81/19 35/70/19
f 45/51/20 44/1244/20 48/87/20
f 43/77/21 45/79/21 38/73/21
f 40/53/22 42/76/22 47/80/22
f 39/88/23 38/50/23 42/89/23
f 37/72/24 39/74/24 26/62/24
f 29/65/25 28/64/25 41/75/25
f 43/77/26 37/72/26 25/61/26
f 89/136/1 76/1248/1 74/137/1
f 95/139/2 90/179/2 86/140/2
f 82/142/3 77/155/3 88/143/3
f 78/145/4 84/175/4 80/146/4
f 83/148/5 96/1249/5 92/149/5
f 73/151/14 75/153/14 80/158/14
f 76/172/15 78/145/15 75/147/15
f 82/142/16 84/161/16 78/156/16
f 81/174/17 80/146/17 84/175/17
f 79/157/18 81/159/18 92/168/18
f 94/144/19 96/171/19 83/160/19
f 93/141/20 92/1250/20 96/177/20
f 91/167/21 93/169/21 86/163/21
f 88/143/22 90/166/22 95/170/22
f 87/178/23 86/140/23 90/179/23
f 85/162/24 87/164/24 74/152/24
f 77/155/25 76/154/25 89/165/25
f 91/167/26 85/162/26 73/151/26
f 137/226/1 124/1254/1 122/227/1
f 143/229/2 138/269/2 134/230/2
f 130/232/3 125/245/3 136/233/3
f 126/235/4 132/265/4 128/236/4
f 131/238/5 144/1255/5 140/239/5
f 121/241/14 123/243/14 128/248/14
f 124/262/15 126/235/15 123/237/15
f 130/232/16 132/251/16 126/246/16
f 129/264/17 128/236/17 132/265/17
f 127/247/18 129/249/18 140/258/18
f 142/234/19 144/261/19 131/250/19
f 141/231/20 140/1256/20 144/267/20
f 139/257/21 141/259/21 134/253/21
f 136/233/22 138/256/22 143/260/22
f 135/268/23 134/230/23 138/269/23
f 133/252/24 135/254/24 122/242/24
f 125/245/25 124/244/25 137/255/25
f 139/257/26 133/252/26 121/241/26
f 185/316/1 172/1260/1 170/317/1
f 191/319/2 186/359/2 182/320/2
f 178/322/3 173/335/3 184/323/3
f 174/325/4 180/355/4 176/326/4
f 179/328/5 192/1261/5 188/329/5
f 169/331/14 171/333/14 176/338/14
f 172/352/15 174/325/15 171/327/15
f 178/322/16 180/341/16 174/336/16
f 177/354/17 176/326/17 180/355/17
f 175/337/18 177/339/18 188/348/18
f 190/324/19 192/351/19 179/340/19
f 189/321/20 188/1262/20 192/357/20
f 187/347/21 189/349/21 182/343/21
f 184/323/22 186/346/22 191/350/22
f 183/358/23 182/320/23 186/359/23
f 181/342/24 183/344/24 170/332/24
f 173/335/25 172/334/25 185/345/25
f 187/347/26 181/342/26 169/331/26
f 233/406/1 220/1266/1 218/407/1
f 239/409/2 234/449/2 230/410/2
f 226/412/3 221/425/3 232/413/3
f 222/415/4 228/445/4 224/416/4
f 227/418/5 240/1267/5 236/419/5
f 217/421/14 219/423/14 224/428/14
f 220/442/15 222/415/15 219/417/15
f 226/412/16 228/431/16 222/426/16
f 225/444/17 224/416/17 228/445/17
f 223/427/18 225/429/18 236/438/18
f 238/414/19 240/441/19 227/430/19
f 237/411/20 236/1268/20 240/447/20
f 235/437/21 237/439/21 230/433/21
f 232/413/22 234/436/22 239/440/22
f 231/448/23 230/410/23 234/449/23
f 229/432/24 231/434/24 218/422/24
f 221/425/25 220/424/25 233/435/25
f 235/437/26 229/432/26 217/421/26
f 281/496/1 268/1272/1 266/497/1
f 287/499/2 282/539/2 278/500/2
f 274/502/3 269/515/3 280/503/3
f 270/505/4 276/535/4 272/506/4
f 275/508/5 288/1273/5 284/509/5
f 265/511/14 267/513/14 272/518/14
f 268/532/15 270/505/15 267/507/15
f 274/502/16 276/521/16 270/516/16
f 273/534/17 272/506/17 276/535/17
f 271/517/18 273/519/18 284/528/18
f 286/504/19 288/531/19 275/520/19
f 285/501/20 284/1274/20 288/537/20
f 283/527/21 285/529/21 278/523/21
f 280/503/22 282/526/22 287/530/22
f 279/538/23 278/500/23 282/539/23
f 277/522/24 279/524/24 266/512/24
f 269/515/25 268/514/25 281/525/25
f 283/527/26 277/522/26 265/511/26
f 310/541/35 301/580/35 290/542/35
f 291/544/1 293/1275/1 297/545/1
f 309/547/36 312/582/36 298/548/36
f 303/550/5 311/1276/5 307/551/5
f 305/553/37 308/579/37 296/554/37
f 297/561/46 295/549/46 298/548/46
f 289/556/47 292/583/47 293/575/47
f 293/560/48 294/555/48 296/554/48
f 290/542/49 291/1277/49 299/564/49
f 290/558/50 301/565/50 302/567/50
f 302/567/51 303/566/51 306/577/51
f 306/569/52 307/1278/52 308/579/52
f 301/580/53 310/541/53 311/573/53
f 292/559/54 304/568/54 305/553/54
f 296/562/55 308/571/55 309/547/55
f 307/570/56 311/1279/56 312/582/56
f 298/563/57 312/572/57 310/541/57
f 302/567/58 304/578/58 292/583/58
f 358/627/83 349/651/83 338/628/83
f 339/630/1 341/1285/1 345/631/1
f 357/633/84 360/661/84 346/634/84
f 351/636/5 359/1286/5 355/637/5
f 353/639/85 356/659/85 344/640/85
f 345/663/94 343/635/94 346/634/94
f 337/642/95 340/672/95 341/664/95
f 341/665/96 342/641/96 344/640/96
f 338/628/97 339/643/97 347/666/97
f 338/628/98 349/651/98 350/653/98
f 350/653/99 351/652/99 354/667/99
f 354/669/100 355/657/100 356/659/100
f 349/651/101 358/627/101 359/670/101
f 340/644/102 352/654/102 353/656/102
f 344/640/103 356/659/103 357/658/103
f 355/671/104 359/662/104 360/661/104
f 346/634/105 360/661/105 358/660/105
f 350/653/106 352/668/106 340/672/106
f 406/718/26 397/742/26 386/719/26
f 387/721/1 389/1290/1 393/722/1
f 405/724/131 408/760/131 394/725/131
f 407/727/5 403/1291/5 402/728/5
f 401/730/3 404/759/3 392/731/3
f 393/738/140 391/726/140 394/725/140
f 385/753/141 388/735/141 389/737/141
f 390/732/25 392/731/25 393/755/25
f 387/734/24 395/741/24 396/720/24
f 386/719/142 397/742/142 398/744/142
f 398/757/143 399/1292/143 402/746/143
f 402/758/19 403/1293/19 404/759/19
f 397/742/18 406/718/18 407/751/18
f 388/735/265 400/745/265 401/747/265
f 392/739/266 404/749/266 405/724/266
f 403/748/146 407/1294/146 408/760/146
f 394/740/147 408/750/147 406/718/147
f 398/757/148 400/745/148 388/735/148
f 454/805/173 445/1299/173 434/806/173
f 443/808/1 435/1300/1 437/809/1
f 453/811/174 456/837/174 442/812/174
f 455/814/5 451/1301/5 450/815/5
f 449/817/175 452/846/175 440/818/175
f 441/839/184 439/813/184 442/812/184
f 433/820/185 436/849/185 437/840/185
f 438/819/186 440/818/186 441/841/186
f 435/842/187 443/828/187 444/807/187
f 434/822/188 445/829/188 446/831/188
f 446/831/189 447/830/189 450/843/189
f 449/817/190 450/833/190 451/845/190
f 447/847/191 445/1299/191 454/805/191
f 436/823/192 448/832/192 449/817/192
f 440/827/193 452/836/193 453/835/193
f 451/848/194 455/838/194 456/837/194
f 442/812/195 456/837/195 454/805/195
f 446/831/196 448/844/196 436/849/196
f 502/893/221 493/917/221 482/894/221
f 491/896/1 483/1307/1 485/897/1
f 501/899/222 504/927/222 490/900/222
f 503/902/5 499/1308/5 498/903/5
f 497/905/223 500/925/223 488/906/223
f 489/929/232 487/901/232 490/900/232
f 481/930/233 484/910/233 485/912/233
f 486/907/234 488/906/234 489/914/234
f 483/909/235 491/1309/235 492/895/235
f 482/894/236 493/917/236 494/919/236
f 494/933/237 495/1310/237 498/921/237
f 497/905/238 498/1311/238 499/923/238
f 495/918/239 493/917/239 502/893/239
f 484/910/240 496/920/240 497/922/240
f 488/906/241 500/925/241 501/924/241
f 499/935/242 503/928/242 504/927/242
f 490/900/243 504/927/243 502/926/243
f 494/933/244 496/920/244 484/910/244
s 1
usemtl MMO_iron
f 506/936/245 507/937/246 505/938/247
f 508/939/248 509/940/249 507/937/246
f 510/941/250 511/942/251 509/940/249
f 512/943/252 513/944/253 511/942/251
f 514/945/254 515/946/255 513/947/253
f 516/948/256 517/949/257 515/946/255
s 0
f 518/950/3 514/951/3 510/952/3
s 1
f 518/953/258 519/954/259 517/949/257
f 520/955/260 505/956/247 519/954/259
s 0
f 511/957/26 515/958/26 519/959/26
s 1
f 522/960/245 523/961/246 521/962/247
f 524/963/248 525/964/249 523/961/246
f 526/965/250 527/966/251 525/964/249
f 528/967/252 529/968/253 527/966/251
f 530/969/254 531/970/255 529/971/253
f 532/972/256 533/973/257 531/970/255
s 0
f 534/974/3 530/975/3 526/976/3
s 1
f 534/977/258 535/978/259 533/973/257
f 536/979/260 521/980/247 535/978/259
s 0
f 527/981/26 531/982/26 535/983/26
s 1
f 538/984/245 539/985/246 537/986/247
f 540/987/248 541/988/249 539/985/246
f 542/989/250 543/990/251 541/988/249
f 544/991/252 545/992/253 543/990/251
f 546/993/254 547/994/255 545/995/253
f 548/996/256 549/997/257 547/994/255
s 0
f 550/998/3 546/999/3 542/1000/3
s 1
f 550/1001/258 551/1002/259 549/997/257
f 552/1003/260 537/1004/247 551/1002/259
s 0
f 543/1005/26 547/1006/26 551/1007/26
s 1
f 554/1008/245 555/1009/246 553/1010/247
f 556/1011/248 557/1012/249 555/1009/246
f 558/1013/250 559/1014/251 557/1012/249
f 560/1015/252 561/1016/253 559/1014/251
f 562/1017/254 563/1018/255 561/1019/253
f 564/1020/256 565/1021/257 563/1018/255
s 0
f 566/1022/3 562/1023/3 558/1024/3
s 1
f 566/1025/258 567/1026/259 565/1021/257
f 568/1027/260 553/1028/247 567/1026/259
s 0
f 559/1029/26 563/1030/26 567/1031/26
s 1
f 570/1032/245 571/1033/246 569/1034/247
f 572/1035/248 573/1036/249 571/1033/246
f 574/1037/250 575/1038/251 573/1036/249
f 576/1039/252 577/1040/253 575/1038/251
f 578/1041/254 579/1042/255 577/1043/253
f 580/1044/256 581/1045/257 579/1042/255
s 0
f 582/1046/3 578/1047/3 574/1048/3
s 1
f 582/1049/258 583/1050/259 581/1045/257
f 584/1051/260 569/1052/247 583/1050/259
s 0
f 575/1053/26 579/1054/26 583/1055/26
s 1
f 586/1056/245 587/1057/246 585/1058/247
f 588/1059/248 589/1060/249 587/1057/246
f 590/1061/250 591/1062/251 589/1060/249
f 592/1063/252 593/1064/253 591/1062/251
f 594/1065/254 595/1066/255 593/1067/253
f 596/1068/256 597/1069/257 595/1066/255
s 0
f 598/1070/3 594/1071/3 590/1072/3
s 1
f 598/1073/258 599/1074/259 597/1069/257
f 600/1075/260 585/1076/247 599/1074/259
s 0
f 591/1077/26 595/1078/26 599/1079/26
s 1
f 602/1080/245 603/1081/246 601/1082/247
f 604/1083/248 605/1084/249 603/1081/246
f 606/1085/250 607/1086/251 605/1084/249
f 608/1087/252 609/1088/253 607/1086/251
f 610/1089/254 611/1090/255 609/1091/253
f 612/1092/256 613/1093/257 611/1090/255
s 0
f 614/1094/3 610/1095/3 606/1096/3
s 1
f 614/1097/258 615/1098/259 613/1093/257
f 616/1099/260 601/1100/247 615/1098/259
s 0
f 607/1101/26 611/1102/26 615/1103/26
f 633/1104/1 618/1105/1 631/1106/1
f 639/1107/2 630/1108/2 637/1109/2
f 626/1110/3 632/1111/3 638/1112/3
f 622/1113/4 624/1114/4 619/1115/4
f 627/1116/5 636/1117/5 625/1118/5
f 617/1119/27 618/1120/27 619/1121/27
f 620/1122/7 621/1123/7 622/1124/7
f 623/1125/28 624/1126/28 625/1127/28
f 626/1110/9 627/1128/9 628/1129/9
f 629/1130/29 630/1131/29 631/1132/29
f 632/1111/11 633/1133/11 634/1134/11
f 635/1135/30 636/1136/30 637/1137/30
f 638/1112/13 639/1138/13 640/1139/13
f 617/1119/14 624/1126/14 623/1125/14
f 620/1140/15 619/1115/15 618/1141/15
f 626/1110/16 622/1124/16 621/1123/16
f 625/1142/17 628/1143/17 627/1144/17
f 623/1125/18 636/1136/18 635/1135/18
f 638/1112/19 627/1128/19 626/1110/19
f 637/1109/20 640/1145/20 639/1107/20
f 635/1135/21 630/1131/21 629/1130/21
f 632/1111/22 639/1138/22 638/1112/22
f 631/1146/23 634/1147/23 633/1148/23
f 629/1130/24 618/1120/24 617/1119/24
f 621/1123/25 633/1133/25 632/1111/25
f 635/1135/26 617/1119/26 623/1125/26
f 657/1149/1 642/1150/1 655/1151/1
f 663/1152/2 654/1153/2 661/1154/2
f 650/1155/3 656/1156/3 662/1157/3
f 646/1158/4 648/1159/4 643/1160/4
f 651/1161/5 660/1162/5 649/1163/5
f 641/1164/27 642/1165/27 643/1166/27
f 644/1167/31 645/1168/31 646/1169/31
f 647/1170/28 648/1171/28 649/1172/28
f 650/1155/32 651/1173/32 652/1174/32
f 653/1175/29 654/1176/29 655/1177/29
f 656/1156/33 657/1178/33 658/1179/33
f 659/1180/30 660/1181/30 661/1182/30
f 662/1157/34 663/1183/34 664/1184/34
f 641/1164/14 648/1171/14 647/1170/14
f 644/1185/15 643/1160/15 642/1186/15
f 650/1155/16 646/1169/16 645/1168/16
f 649/1187/17 652/1188/17 651/1189/17
f 647/1170/18 660/1181/18 659/1180/18
f 662/1157/19 651/1173/19 650/1155/19
f 661/1154/20 664/1190/20 663/1152/20
f 659/1180/21 654/1176/21 653/1175/21
f 656/1156/22 663/1183/22 662/1157/22
f 655/1191/23 658/1192/23 657/1193/23
f 653/1175/24 642/1165/24 641/1164/24
f 645/1168/25 657/1178/25 656/1156/25
f 659/1180/26 641/1164/26 647/1170/26
f 681/1194/1 666/1195/1 679/1196/1
f 687/1197/2 678/1198/2 685/1199/2
f 674/1200/3 680/1201/3 686/1202/3
f 670/1203/4 672/1204/4 667/1205/4
f 675/1206/5 684/1207/5 673/1208/5
f 665/1209/27 666/1210/27 667/1211/27
f 668/1212/31 669/1213/31 670/1214/31
f 671/1215/28 672/1216/28 673/1217/28
f 674/1200/32 675/1218/32 676/1219/32
f 677/1220/29 678/1221/29 679/1222/29
f 680/1201/33 681/1223/33 682/1224/33
f 683/1225/30 684/1226/30 685/1227/30
f 686/1202/34 687/1228/34 688/1229/34
f 665/1209/14 672/1216/14 671/1215/14
f 668/1230/15 667/1205/15 666/1231/15
f 674/1200/16 670/1214/16 669/1213/16
f 673/1232/17 676/1233/17 675/1234/17
f 671/1215/18 684/1226/18 683/1225/18
f 686/1202/19 675/1218/19 674/1200/19
f 685/1199/20 688/1235/20 687/1197/20
f 683/1225/21 678/1221/21 677/1220/21
f 680/1201/22 687/1228/22 686/1202/22
f 679/1236/23 682/1237/23 681/1238/23
f 677/1220/24 666/1210/24 665/1209/24
f 669/1213/25 681/1223/25 680/1201/25
f 683/1225/26 665/1209/26 671/1215/26
s 1
f 506/936/245 508/939/248 507/937/246
f 508/939/248 510/941/250 509/940/249
f 510/941/250 512/943/252 511/942/251
f 512/943/252 514/1312/254 513/944/253
f 514/945/254 516/948/256 515/946/255
f 516/948/256 518/953/258 517/949/257
s 0
f 510/952/3 508/1313/3 506/1314/3
f 506/1314/3 520/1315/3 518/950/3
f 518/950/3 516/1316/3 514/951/3
f 514/951/3 512/1317/3 510/952/3
f 510/952/3 506/1314/3 518/950/3
s 1
f 518/953/258 520/955/260 519/954/259
f 520/955/260 506/1318/245 505/956/247
s 0
f 519/959/26 505/1319/26 507/1320/26
f 507/1320/26 509/1321/26 511/957/26
f 511/957/26 513/1322/26 515/958/26
f 515/958/26 517/1323/26 519/959/26
f 519/959/26 507/1320/26 511/957/26
s 1
f 522/960/245 524/963/248 523/961/246
f 524/963/248 526/965/250 525/964/249
f 526/965/250 528/967/252 527/966/251
f 528/967/252 530/1324/254 529/968/253
f 530/969/254 532/972/256 531/970/255
f 532/972/256 534/977/258 533/973/257
s 0
f 526/976/3 524/1325/3 522/1326/3
f 522/1326/3 536/1327/3 534/974/3
f 534/974/3 532/1328/3 530/975/3
f 530/975/3 528/1329/3 526/976/3
f 526/976/3 522/1326/3 534/974/3
s 1
f 534/977/258 536/979/260 535/978/259
f 536/979/260 522/1330/245 521/980/247
s 0
f 535/983/26 521/1331/26 523/1332/26
f 523/1332/26 525/1333/26 527/981/26
f 527/981/26 529/1334/26 531/982/26
f 531/982/26 533/1335/26 535/983/26
f 535/983/26 523/1332/26 527/981/26
s 1
f 538/984/245 540/987/248 539/985/246
f 540/987/248 542/989/250 541/988/249
f 542/989/250 544/991/252 543/990/251
f 544/991/252 546/1336/254 545/992/253
f 546/993/254 548/996/256 547/994/255
f 548/996/256 550/1001/258 549/997/257
s 0
f 542/1000/3 540/1337/3 538/1338/3
f 538/1338/3 552/1339/3 550/998/3
f 550/998/3 548/1340/3 546/999/3
f 546/999/3 544/1341/3 542/1000/3
f 542/1000/3 538/1338/3 550/998/3
s 1
f 550/1001/258 552/1003/260 551/1002/259
f 552/1003/260 538/1342/245 537/1004/247
s 0
f 551/1007/26 537/1343/26 539/1344/26
f 539/1344/26 541/1345/26 543/1005/26
f 543/1005/26 545/1346/26 547/1006/26
f 547/1006/26 549/1347/26 551/1007/26
f 551/1007/26 539/1344/26 543/1005/26
s 1
f 554/1008/245 556/1011/248 555/1009/246
f 556/1011/248 558/1013/250 557/1012/249
f 558/1013/250 560/1015/252 559/1014/251
f 560/1015/252 562/1348/254 561/1016/253
f 562/1017/254 564/1020/256 563/1018/255
f 564/1020/256 566/1025/258 565/1021/257
s 0
f 558/1024/3 556/1349/3 554/1350/3
f 554/1350/3 568/1351/3 566/1022/3
f 566/1022/3 564/1352/3 562/1023/3
f 562/1023/3 560/1353/3 558/1024/3
f 558/1024/3 554/1350/3 566/1022/3
s 1
f 566/1025/258 568/1027/260 567/1026/259
f 568/1027/260 554/1354/245 553/1028/247
s 0
f 567/1031/26 553/1355/26 555/1356/26
f 555/1356/26 557/1357/26 559/1029/26
f 559/1029/26 561/1358/26 563/1030/26
f 563/1030/26 565/1359/26 567/1031/26
f 567/1031/26 555/1356/26 559/1029/26
s 1
f 570/1032/245 572/1035/248 571/1033/246
f 572/1035/248 574/1037/250 573/1036/249
f 574/1037/250 576/1039/252 575/1038/251
f 576/1039/252 578/1360/254 577/1040/253
f 578/1041/254 580/1044/256 579/1042/255
f 580/1044/256 582/1049/258 581/1045/257
s 0
f 574/1048/3 572/1361/3 570/1362/3
f 570/1362/3 584/1363/3 582/1046/3
f 582/1046/3 580/1364/3 578/1047/3
f 578/1047/3 576/1365/3 574/1048/3
f 574/1048/3 570/1362/3 582/1046/3
s 1
f 582/1049/258 584/1051/260 583/1050/259
f 584/1051/260 570/1366/245 569/1052/247
s 0
f 583/1055/26 569/1367/26 571/1368/26
f 571/1368/26 573/1369/26 575/1053/26
f 575/1053/26 577/1370/26 579/1054/26
f 579/1054/26 581/1371/26 583/1055/26
f 583/1055/26 571/1368/26 575/1053/26
s 1
f 586/1056/245 588/1059/248 587/1057/246
f 588/1059/248 590/1061/250 589/1060/249
f 590/1061/250 592/1063/252 591/1062/251
f 592/1063/252 594/1372/254 593/1064/253
f 594/1065/254 596/1068/256 595/1066/255
f 596/1068/256 598/1073/258 597/1069/257
s 0
f 590/1072/3 588/1373/3 586/1374/3
f 586/1374/3 600/1375/3 598/1070/3
f 598/1070/3 596/1376/3 594/1071/3
f 594/1071/3 592/1377/3 590/1072/3
f 590/1072/3 586/1374/3 598/1070/3
s 1
f 598/1073/258 600/1075/260 599/1074/259
f 600/1075/260 586/1378/245 585/1076/247
s 0
f 599/1079/26 585/1379/26 587/1380/26
f 587/1380/26 589/1381/26 591/1077/26
f 591/1077/26 593/1382/26 595/1078/26
f 595/1078/26 597/1383/26 599/1079/26
f 599/1079/26 587/1380/26 591/1077/26
s 1
f 602/1080/245 604/1083/248 603/1081/246
f 604/1083/248 606/1085/250 605/1084/249
f 606/1085/250 608/1087/252 607/1086/251
f 608/1087/252 610/1384/254 609/1088/253
f 610/1089/254 612/1092/256 611/1090/255
f 612/1092/256 614/1097/258 613/1093/257
s 0
f 606/1096/3 604/1385/3 602/1386/3
f 602/1386/3 616/1387/3 614/1094/3
f 614/1094/3 612/1388/3 610/1095/3
f 610/1095/3 608/1389/3 606/1096/3
f 606/1096/3 602/1386/3 614/1094/3
s 1
f 614/1097/258 616/1099/260 615/1098/259
f 616/1099/260 602/1390/245 601/1100/247
s 0
f 615/1103/26 601/1391/26 603/1392/26
f 603/1392/26 605/1393/26 607/1101/26
f 607/1101/26 609/1394/26 611/1102/26
f 611/1102/26 613/1395/26 615/1103/26
f 615/1103/26 603/1392/26 607/1101/26
f 633/1104/1 620/1396/1 618/1105/1
f 639/1107/2 634/1147/2 630/1108/2
f 626/1110/3 621/1123/3 632/1111/3
f 622/1113/4 628/1143/4 624/1114/4
f 627/1116/5 640/1397/5 636/1117/5
f 617/1119/14 619/1121/14 624/1126/14
f 620/1140/15 622/1113/15 619/1115/15
f 626/1110/16 628/1129/16 622/1124/16
f 625/1142/17 624/1114/17 628/1143/17
f 623/1125/18 625/1127/18 636/1136/18
f 638/1112/19 640/1139/19 627/1128/19
f 637/1109/20 636/1398/20 640/1145/20
f 635/1135/21 637/1137/21 630/1131/21
f 632/1111/22 634/1134/22 639/1138/22
f 631/1146/23 630/1108/23 634/1147/23
f 629/1130/24 631/1132/24 618/1120/24
f 621/1123/25 620/1122/25 633/1133/25
f 635/1135/26 629/1130/26 617/1119/26
f 657/1149/1 644/1399/1 642/1150/1
f 663/1152/2 658/1192/2 654/1153/2
f 650/1155/3 645/1168/3 656/1156/3
f 646/1158/4 652/1188/4 648/1159/4
f 651/1161/5 664/1400/5 660/1162/5
f 641/1164/14 643/1166/14 648/1171/14
f 644/1185/15 646/1158/15 643/1160/15
f 650/1155/16 652/1174/16 646/1169/16
f 649/1187/17 648/1159/17 652/1188/17
f 647/1170/18 649/1172/18 660/1181/18
f 662/1157/19 664/1184/19 651/1173/19
f 661/1154/20 660/1401/20 664/1190/20
f 659/1180/21 661/1182/21 654/1176/21
f 656/1156/22 658/1179/22 663/1183/22
f 655/1191/23 654/1153/23 658/1192/23
f 653/1175/24 655/1177/24 642/1165/24
f 645/1168/25 644/1167/25 657/1178/25
f 659/1180/26 653/1175/26 641/1164/26
f 681/1194/1 668/1402/1 666/1195/1
f 687/1197/2 682/1237/2 678/1198/2
f 674/1200/3 669/1213/3 680/1201/3
f 670/1203/4 676/1233/4 672/1204/4
f 675/1206/5 688/1403/5 684/1207/5
f 665/1209/14 667/1211/14 672/1216/14
f 668/1230/15 670/1203/15 667/1205/15
f 674/1200/16 676/1219/16 670/1214/16
f 673/1232/17 672/1204/17 676/1233/17
f 671/1215/18 673/1217/18 684/1226/18
f 686/1202/19 688/1229/19 675/1218/19
f 685/1199/20 684/1404/20 688/1235/20
f 683/1225/21 685/1227/21 678/1221/21
f 680/1201/22 682/1224/22 687/1228/22
f 679/1236/23 678/1198/23 682/1237/23
f 677/1220/24 679/1222/24 666/1210/24
f 669/1213/25 668/1212/25 681/1223/25
f 683/1225/26 677/1220/26 665/1209/26
