# Blender 4.0.2
# www.blender.org
mtllib market_stall.mtl
o market_stall
v -0.476190 -0.500000 0.355140
v -0.476190 -0.494662 0.364486
v -0.483709 -0.494662 0.355140
v -0.476190 0.078292 0.364486
v -0.476190 0.083630 0.355140
v -0.483709 0.078292 0.355140
v -0.476190 -0.500000 0.314642
v -0.483709 -0.494662 0.314642
v -0.476190 -0.494662 0.305296
v -0.476190 0.083630 0.314642
v -0.476190 0.078292 0.305296
v -0.483709 0.078292 0.314642
v -0.443609 -0.500000 0.355140
v -0.436090 -0.494662 0.355140
v -0.443609 -0.494662 0.364486
v -0.443609 0.083630 0.355140
v -0.443609 0.078292 0.364486
v -0.436090 0.078292 0.355140
v -0.443609 -0.500000 0.314642
v -0.443609 -0.494662 0.305296
v -0.436090 -0.494662 0.314642
v -0.443609 0.083630 0.314642
v -0.436090 0.078292 0.314642
v -0.443609 0.078292 0.305296
v -0.476190 -0.500000 -0.367601
v -0.476190 -0.494662 -0.358255
v -0.483709 -0.494662 -0.367601
v -0.476190 0.078292 -0.358255
v -0.476190 0.083630 -0.367601
v -0.483709 0.078292 -0.367601
v -0.476190 -0.500000 -0.408100
v -0.483709 -0.494662 -0.408100
v -0.476190 -0.494662 -0.417445
v -0.476190 0.083630 -0.408100
v -0.476190 0.078292 -0.417445
v -0.483709 0.078292 -0.408100
v -0.443609 -0.500000 -0.367601
v -0.436090 -0.494662 -0.367601
v -0.443609 -0.494662 -0.358255
v -0.443609 0.083630 -0.367601
v -0.443609 0.078292 -0.358255
v -0.436090 0.078292 -0.367601
v -0.443609 -0.500000 -0.408100
v -0.443609 -0.494662 -0.417445
v -0.436090 -0.494662 -0.408100
v -0.443609 0.083630 -0.408100
v -0.436090 0.078292 -0.408100
v -0.443609 0.078292 -0.417445
v 0.446115 -0.500000 0.355140
v 0.446115 -0.494662 0.364486
v 0.438596 -0.494662 0.355140
v 0.446115 0.078292 0.364486
v 0.446115 0.083630 0.355140
v 0.438596 0.078292 0.355140
v 0.446115 -0.500000 0.314642
v 0.438596 -0.494662 0.314642
v 0.446115 -0.494662 0.305296
v 0.446115 0.083630 0.314642
v 0.446115 0.078292 0.305296
v 0.438596 0.078292 0.314642
v 0.478697 -0.500000 0.355140
v 0.486216 -0.494662 0.355140
v 0.478697 -0.494662 0.364486
v 0.478697 0.083630 0.355140
v 0.478697 0.078292 0.364486
v 0.486216 0.078292 0.355140
v 0.478697 -0.500000 0.314642
v 0.478697 -0.494662 0.305296
v 0.486216 -0.494662 0.314642
v 0.478697 0.083630 0.314642
v 0.486216 0.078292 0.314642
v 0.478697 0.078292 0.305296
v 0.446115 -0.500000 -0.367601
v 0.446115 -0.494662 -0.358255
v 0.438596 -0.494662 -0.367601
v 0.446115 0.078292 -0.358255
v 0.446115 0.083630 -0.367601
v 0.438596 0.078292 -0.367601
v 0.446115 -0.500000 -0.408100
v 0.438596 -0.494662 -0.408100
v 0.446115 -0.494662 -0.417445
v 0.446115 0.083630 -0.408100
v 0.446115 0.078292 -0.417445
v 0.438596 0.078292 -0.408100
v 0.478697 -0.500000 -0.367601
v 0.486216 -0.494662 -0.367601
v 0.478697 -0.494662 -0.358255
v 0.478697 0.083630 -0.367601
v 0.478697 0.078292 -0.358255
v 0.486216 0.078292 -0.367601
v 0.478697 -0.500000 -0.408100
v 0.478697 -0.494662 -0.417445
v 0.486216 -0.494662 -0.408100
v 0.478697 0.083630 -0.408100
v 0.486216 0.078292 -0.408100
v 0.478697 0.078292 -0.417445
v -0.454887 -0.485765 0.390966
v -0.454887 -0.480427 0.400311
v -0.462406 -0.480427 0.390966
v -0.454887 -0.206406 0.400311
v -0.454887 -0.201068 0.390966
v -0.462406 -0.206406 0.390966
v -0.454887 -0.485765 -0.107477
v -0.462406 -0.480427 -0.107477
v -0.454887 -0.480427 -0.116822
v -0.454887 -0.201068 -0.107477
v -0.454887 -0.206406 -0.116822
v -0.462406 -0.206406 -0.107477
v 0.457393 -0.485765 0.390966
v 0.464912 -0.480427 0.390966
v 0.457393 -0.480427 0.400311
v 0.457393 -0.201068 0.390966
v 0.457393 -0.206406 0.400311
v 0.464912 -0.206406 0.390966
v 0.457393 -0.485765 -0.107477
v 0.457393 -0.480427 -0.116822
v 0.464912 -0.480427 -0.107477
v 0.457393 -0.201068 -0.107477
v 0.464912 -0.206406 -0.107477
v 0.457393 -0.206406 -0.116822
v -0.442857 -0.467972 0.428037
v -0.442857 -0.465125 0.433022
v -0.446867 -0.465125 0.428037
v -0.442857 -0.214591 0.433022
v -0.442857 -0.211744 0.428037
v -0.446867 -0.214591 0.428037
v -0.442857 -0.467972 0.409969
v -0.446867 -0.465125 0.409969
v -0.442857 -0.465125 0.404984
v -0.442857 -0.211744 0.409969
v -0.442857 -0.214591 0.404984
v -0.446867 -0.214591 0.409969
v -0.344110 -0.467972 0.428037
v -0.340100 -0.465125 0.428037
v -0.344110 -0.465125 0.433022
v -0.344110 -0.211744 0.428037
v -0.344110 -0.214591 0.433022
v -0.340100 -0.214591 0.428037
v -0.344110 -0.467972 0.409969
v -0.344110 -0.465125 0.404984
v -0.340100 -0.465125 0.409969
v -0.344110 -0.211744 0.409969
v -0.340100 -0.214591 0.409969
v -0.344110 -0.214591 0.404984
v -0.330075 -0.467972 0.428037
v -0.330075 -0.465125 0.433022
v -0.334085 -0.465125 0.428037
v -0.330075 -0.214591 0.433022
v -0.330075 -0.211744 0.428037
v -0.334085 -0.214591 0.428037
v -0.330075 -0.467972 0.409969
v -0.334085 -0.465125 0.409969
v -0.330075 -0.465125 0.404984
v -0.330075 -0.211744 0.409969
v -0.330075 -0.214591 0.404984
v -0.334085 -0.214591 0.409969
v -0.231328 -0.467972 0.428037
v -0.227318 -0.465125 0.428037
v -0.231328 -0.465125 0.433022
v -0.231328 -0.211744 0.428037
v -0.231328 -0.214591 0.433022
v -0.227318 -0.214591 0.428037
v -0.231328 -0.467972 0.409969
v -0.231328 -0.465125 0.404984
v -0.227318 -0.465125 0.409969
v -0.231328 -0.211744 0.409969
v -0.227318 -0.214591 0.409969
v -0.231328 -0.214591 0.404984
v -0.217293 -0.467972 0.428037
v -0.217293 -0.465125 0.433022
v -0.221303 -0.465125 0.428037
v -0.217293 -0.214591 0.433022
v -0.217293 -0.211744 0.428037
v -0.221303 -0.214591 0.428037
v -0.217293 -0.467972 0.409969
v -0.221303 -0.465125 0.409969
v -0.217293 -0.465125 0.404984
v -0.217293 -0.211744 0.409969
v -0.217293 -0.214591 0.404984
v -0.221303 -0.214591 0.409969
v -0.118546 -0.467972 0.428037
v -0.114536 -0.465125 0.428037
v -0.118546 -0.465125 0.433022
v -0.118546 -0.211744 0.428037
v -0.118546 -0.214591 0.433022
v -0.114536 -0.214591 0.428037
v -0.118546 -0.467972 0.409969
v -0.118546 -0.465125 0.404984
v -0.114536 -0.465125 0.409969
v -0.118546 -0.211744 0.409969
v -0.114536 -0.214591 0.409969
v -0.118546 -0.214591 0.404984
v -0.104511 -0.467972 0.428037
v -0.104511 -0.465125 0.433022
v -0.108521 -0.465125 0.428037
v -0.104511 -0.214591 0.433022
v -0.104511 -0.211744 0.428037
v -0.108521 -0.214591 0.428037
v -0.104511 -0.467972 0.409969
v -0.108521 -0.465125 0.409969
v -0.104511 -0.465125 0.404984
v -0.104511 -0.211744 0.409969
v -0.104511 -0.214591 0.404984
v -0.108521 -0.214591 0.409969
v -0.005764 -0.467972 0.428037
v -0.001754 -0.465125 0.428037
v -0.005764 -0.465125 0.433022
v -0.005764 -0.211744 0.428037
v -0.005764 -0.214591 0.433022
v -0.001754 -0.214591 0.428037
v -0.005764 -0.467972 0.409969
v -0.005764 -0.465125 0.404984
v -0.001754 -0.465125 0.409969
v -0.005764 -0.211744 0.409969
v -0.001754 -0.214591 0.409969
v -0.005764 -0.214591 0.404984
v 0.008271 -0.467972 0.428037
v 0.008271 -0.465125 0.433022
v 0.004261 -0.465125 0.428037
v 0.008271 -0.214591 0.433022
v 0.008271 -0.211744 0.428037
v 0.004261 -0.214591 0.428037
v 0.008271 -0.467972 0.409969
v 0.004261 -0.465125 0.409969
v 0.008271 -0.465125 0.404984
v 0.008271 -0.211744 0.409969
v 0.008271 -0.214591 0.404984
v 0.004261 -0.214591 0.409969
v 0.107018 -0.467972 0.428037
v 0.111028 -0.465125 0.428037
v 0.107018 -0.465125 0.433022
v 0.107018 -0.211744 0.428037
v 0.107018 -0.214591 0.433022
v 0.111028 -0.214591 0.428037
v 0.107018 -0.467972 0.409969
v 0.107018 -0.465125 0.404984
v 0.111028 -0.465125 0.409969
v 0.107018 -0.211744 0.409969
v 0.111028 -0.214591 0.409969
v 0.107018 -0.214591 0.404984
v 0.121053 -0.467972 0.428037
v 0.121053 -0.465125 0.433022
v 0.117043 -0.465125 0.428037
v 0.121053 -0.214591 0.433022
v 0.121053 -0.211744 0.428037
v 0.117043 -0.214591 0.428037
v 0.121053 -0.467972 0.409969
v 0.117043 -0.465125 0.409969
v 0.121053 -0.465125 0.404984
v 0.121053 -0.211744 0.409969
v 0.121053 -0.214591 0.404984
v 0.117043 -0.214591 0.409969
v 0.219799 -0.467972 0.428037
v 0.223810 -0.465125 0.428037
v 0.219799 -0.465125 0.433022
v 0.219799 -0.211744 0.428037
v 0.219799 -0.214591 0.433022
v 0.223810 -0.214591 0.428037
v 0.219799 -0.467972 0.409969
v 0.219799 -0.465125 0.404984
v 0.223810 -0.465125 0.409969
v 0.219799 -0.211744 0.409969
v 0.223810 -0.214591 0.409969
v 0.219799 -0.214591 0.404984
v 0.233835 -0.467972 0.428037
v 0.233835 -0.465125 0.433022
v 0.229825 -0.465125 0.428037
v 0.233835 -0.214591 0.433022
v 0.233835 -0.211744 0.428037
v 0.229825 -0.214591 0.428037
v 0.233835 -0.467972 0.409969
v 0.229825 -0.465125 0.409969
v 0.233835 -0.465125 0.404984
v 0.233835 -0.211744 0.409969
v 0.233835 -0.214591 0.404984
v 0.229825 -0.214591 0.409969
v 0.332581 -0.467972 0.428037
v 0.336591 -0.465125 0.428037
v 0.332581 -0.465125 0.433022
v 0.332581 -0.211744 0.428037
v 0.332581 -0.214591 0.433022
v 0.336591 -0.214591 0.428037
v 0.332581 -0.467972 0.409969
v 0.332581 -0.465125 0.404984
v 0.336591 -0.465125 0.409969
v 0.332581 -0.211744 0.409969
v 0.336591 -0.214591 0.409969
v 0.332581 -0.214591 0.404984
v 0.346617 -0.467972 0.428037
v 0.346617 -0.465125 0.433022
v 0.342607 -0.465125 0.428037
v 0.346617 -0.214591 0.433022
v 0.346617 -0.211744 0.428037
v 0.342607 -0.214591 0.428037
v 0.346617 -0.467972 0.409969
v 0.342607 -0.465125 0.409969
v 0.346617 -0.465125 0.404984
v 0.346617 -0.211744 0.409969
v 0.346617 -0.214591 0.404984
v 0.342607 -0.214591 0.409969
v 0.445363 -0.467972 0.428037
v 0.449373 -0.465125 0.428037
v 0.445363 -0.465125 0.433022
v 0.445363 -0.211744 0.428037
v 0.445363 -0.214591 0.433022
v 0.449373 -0.214591 0.428037
v 0.445363 -0.467972 0.409969
v 0.445363 -0.465125 0.404984
v 0.449373 -0.465125 0.409969
v 0.445363 -0.211744 0.409969
v 0.449373 -0.214591 0.409969
v 0.445363 -0.214591 0.404984
v -0.482957 -0.205516 0.422741
v -0.482957 -0.202313 0.428349
v -0.487469 -0.202313 0.422741
v -0.482957 -0.185587 0.428349
v -0.482957 -0.182384 0.422741
v -0.487469 -0.185587 0.422741
v -0.482957 -0.205516 0.284424
v -0.487469 -0.202313 0.284424
v -0.482957 -0.202313 0.278816
v -0.482957 -0.182384 0.284424
v -0.482957 -0.185587 0.278816
v -0.487469 -0.185587 0.284424
v 0.485464 -0.205516 0.422741
v 0.489975 -0.202313 0.422741
v 0.485464 -0.202313 0.428349
v 0.485464 -0.182384 0.422741
v 0.485464 -0.185587 0.428349
v 0.489975 -0.185587 0.422741
v 0.485464 -0.205516 0.284424
v 0.485464 -0.202313 0.278816
v 0.489975 -0.202313 0.284424
v 0.485464 -0.182384 0.284424
v 0.489975 -0.185587 0.284424
v 0.485464 -0.185587 0.278816
v -0.482957 -0.205516 0.266978
v -0.482957 -0.202313 0.272586
v -0.487469 -0.202313 0.266978
v -0.482957 -0.185587 0.272586
v -0.482957 -0.182384 0.266978
v -0.487469 -0.185587 0.266978
v -0.482957 -0.205516 0.128660
v -0.487469 -0.202313 0.128660
v -0.482957 -0.202313 0.123053
v -0.482957 -0.182384 0.128660
v -0.482957 -0.185587 0.123053
v -0.487469 -0.185587 0.128660
v 0.485464 -0.205516 0.266978
v 0.489975 -0.202313 0.266978
v 0.485464 -0.202313 0.272586
v 0.485464 -0.182384 0.266978
v 0.485464 -0.185587 0.272586
v 0.489975 -0.185587 0.266978
v 0.485464 -0.205516 0.128660
v 0.485464 -0.202313 0.123053
v 0.489975 -0.202313 0.128660
v 0.485464 -0.182384 0.128660
v 0.489975 -0.185587 0.128660
v 0.485464 -0.185587 0.123053
v -0.482957 -0.205516 0.111215
v -0.482957 -0.202313 0.116822
v -0.487469 -0.202313 0.111215
v -0.482957 -0.185587 0.116822
v -0.482957 -0.182384 0.111215
v -0.487469 -0.185587 0.111215
v -0.482957 -0.205516 -0.027103
v -0.487469 -0.202313 -0.027103
v -0.482957 -0.202313 -0.032710
v -0.482957 -0.182384 -0.027103
v -0.482957 -0.185587 -0.032710
v -0.487469 -0.185587 -0.027103
v 0.485464 -0.205516 0.111215
v 0.489975 -0.202313 0.111215
v 0.485464 -0.202313 0.116822
v 0.485464 -0.182384 0.111215
v 0.485464 -0.185587 0.116822
v 0.489975 -0.185587 0.111215
v 0.485464 -0.205516 -0.027103
v 0.485464 -0.202313 -0.032710
v 0.489975 -0.202313 -0.027103
v 0.485464 -0.182384 -0.027103
v 0.489975 -0.185587 -0.027103
v 0.485464 -0.185587 -0.032710
v -0.482957 -0.205516 -0.044548
v -0.482957 -0.202313 -0.038941
v -0.487469 -0.202313 -0.044548
v -0.482957 -0.185587 -0.038941
v -0.482957 -0.182384 -0.044548
v -0.487469 -0.185587 -0.044548
v -0.482957 -0.205516 -0.182866
v -0.487469 -0.202313 -0.182866
v -0.482957 -0.202313 -0.188474
v -0.482957 -0.182384 -0.182866
v -0.482957 -0.185587 -0.188474
v -0.487469 -0.185587 -0.182866
v 0.485464 -0.205516 -0.044548
v 0.489975 -0.202313 -0.044548
v 0.485464 -0.202313 -0.038941
v 0.485464 -0.182384 -0.044548
v 0.485464 -0.185587 -0.038941
v 0.489975 -0.185587 -0.044548
v 0.485464 -0.205516 -0.182866
v 0.485464 -0.202313 -0.188474
v 0.489975 -0.202313 -0.182866
v 0.485464 -0.182384 -0.182866
v 0.489975 -0.185587 -0.182866
v 0.485464 -0.185587 -0.188474
v -0.500000 0.044484 0.484424
v -0.377193 0.044484 0.484424
v -0.500000 0.112100 0.235202
v -0.377193 0.112100 0.235202
v -0.500000 0.129893 -0.151090
v -0.377193 0.129893 -0.151090
v -0.500000 0.051601 -0.500000
v -0.377193 0.051601 -0.500000
v -0.500000 0.040627 0.481216
v -0.377193 0.040627 0.481216
v -0.500000 0.107975 0.233266
v -0.377193 0.107975 0.233266
v -0.500000 0.125669 -0.149996
v -0.377193 0.125669 -0.149996
v -0.500000 0.047627 -0.497266
v -0.377193 0.047627 -0.497266
v -0.500000 0.044484 0.500000
v -0.377193 0.044484 0.500000
v -0.384712 -0.001779 0.500000
v -0.437343 -0.019573 0.500000
v -0.489975 -0.001779 0.500000
v -0.500000 0.044484 0.481308
v -0.377193 0.044484 0.481308
v -0.384712 -0.001779 0.481308
v -0.437343 -0.019573 0.481308
v -0.489975 -0.001779 0.481308
v -0.374687 0.044484 0.484424
v -0.251880 0.044484 0.484424
v -0.374687 0.112100 0.235202
v -0.251880 0.112100 0.235202
v -0.374687 0.129893 -0.151090
v -0.251880 0.129893 -0.151090
v -0.374687 0.051601 -0.500000
v -0.251880 0.051601 -0.500000
v -0.374687 0.040627 0.481216
v -0.251880 0.040627 0.481216
v -0.374687 0.107975 0.233266
v -0.251880 0.107975 0.233266
v -0.374687 0.125669 -0.149996
v -0.251880 0.125669 -0.149996
v -0.374687 0.047627 -0.497266
v -0.251880 0.047627 -0.497266
v -0.374687 0.044484 0.500000
v -0.251880 0.044484 0.500000
v -0.259398 -0.001779 0.500000
v -0.312030 -0.019573 0.500000
v -0.364662 -0.001779 0.500000
v -0.374687 0.044484 0.481308
v -0.251880 0.044484 0.481308
v -0.259398 -0.001779 0.481308
v -0.312030 -0.019573 0.481308
v -0.364662 -0.001779 0.481308
v -0.249373 0.044484 0.484424
v -0.126566 0.044484 0.484424
v -0.249373 0.112100 0.235202
v -0.126566 0.112100 0.235202
v -0.249373 0.129893 -0.151090
v -0.126566 0.129893 -0.151090
v -0.249373 0.051601 -0.500000
v -0.126566 0.051601 -0.500000
v -0.249373 0.040627 0.481216
v -0.126566 0.040627 0.481216
v -0.249373 0.107975 0.233266
v -0.126566 0.107975 0.233266
v -0.249373 0.125669 -0.149996
v -0.126566 0.125669 -0.149996
v -0.249373 0.047627 -0.497266
v -0.126566 0.047627 -0.497266
v -0.249373 0.044484 0.500000
v -0.126566 0.044484 0.500000
v -0.134085 -0.001779 0.500000
v -0.186717 -0.019573 0.500000
v -0.239348 -0.001779 0.500000
v -0.249373 0.044484 0.481308
v -0.126566 0.044484 0.481308
v -0.134085 -0.001779 0.481308
v -0.186717 -0.019573 0.481308
v -0.239348 -0.001779 0.481308
v -0.124060 0.044484 0.484424
v -0.001253 0.044484 0.484424
v -0.124060 0.112100 0.235202
v -0.001253 0.112100 0.235202
v -0.124060 0.129893 -0.151090
v -0.001253 0.129893 -0.151090
v -0.124060 0.051601 -0.500000
v -0.001253 0.051601 -0.500000
v -0.124060 0.040627 0.481216
v -0.001253 0.040627 0.481216
v -0.124060 0.107975 0.233266
v -0.001253 0.107975 0.233266
v -0.124060 0.125669 -0.149996
v -0.001253 0.125669 -0.149996
v -0.124060 0.047627 -0.497266
v -0.001253 0.047627 -0.497266
v -0.124060 0.044484 0.500000
v -0.001253 0.044484 0.500000
v -0.008772 -0.001779 0.500000
v -0.061404 -0.019573 0.500000
v -0.114035 -0.001779 0.500000
v -0.124060 0.044484 0.481308
v -0.001253 0.044484 0.481308
v -0.008772 -0.001779 0.481308
v -0.061404 -0.019573 0.481308
v -0.114035 -0.001779 0.481308
v 0.001253 0.044484 0.484424
v 0.124060 0.044484 0.484424
v 0.001253 0.112100 0.235202
v 0.124060 0.112100 0.235202
v 0.001253 0.129893 -0.151090
v 0.124060 0.129893 -0.151090
v 0.001253 0.051601 -0.500000
v 0.124060 0.051601 -0.500000
v 0.001253 0.040627 0.481216
v 0.124060 0.040627 0.481216
v 0.001253 0.107975 0.233266
v 0.124060 0.107975 0.233266
v 0.001253 0.125669 -0.149996
v 0.124060 0.125669 -0.149996
v 0.001253 0.047627 -0.497266
v 0.124060 0.047627 -0.497266
v 0.001253 0.044484 0.500000
v 0.124060 0.044484 0.500000
v 0.116541 -0.001779 0.500000
v 0.063910 -0.019573 0.500000
v 0.011278 -0.001779 0.500000
v 0.001253 0.044484 0.481308
v 0.124060 0.044484 0.481308
v 0.116541 -0.001779 0.481308
v 0.063910 -0.019573 0.481308
v 0.011278 -0.001779 0.481308
v 0.126566 0.044484 0.484424
v 0.249373 0.044484 0.484424
v 0.126566 0.112100 0.235202
v 0.249373 0.112100 0.235202
v 0.126566 0.129893 -0.151090
v 0.249373 0.129893 -0.151090
v 0.126566 0.051601 -0.500000
v 0.249373 0.051601 -0.500000
v 0.126566 0.040627 0.481216
v 0.249373 0.040627 0.481216
v 0.126566 0.107975 0.233266
v 0.249373 0.107975 0.233266
v 0.126566 0.125669 -0.149996
v 0.249373 0.125669 -0.149996
v 0.126566 0.047627 -0.497266
v 0.249373 0.047627 -0.497266
v 0.126566 0.044484 0.500000
v 0.249373 0.044484 0.500000
v 0.241855 -0.001779 0.500000
v 0.189223 -0.019573 0.500000
v 0.136591 -0.001779 0.500000
v 0.126566 0.044484 0.481308
v 0.249373 0.044484 0.481308
v 0.241855 -0.001779 0.481308
v 0.189223 -0.019573 0.481308
v 0.136591 -0.001779 0.481308
v 0.251880 0.044484 0.484424
v 0.374687 0.044484 0.484424
v 0.251880 0.112100 0.235202
v 0.374687 0.112100 0.235202
v 0.251880 0.129893 -0.151090
v 0.374687 0.129893 -0.151090
v 0.251880 0.051601 -0.500000
v 0.374687 0.051601 -0.500000
v 0.251880 0.040627 0.481216
v 0.374687 0.040627 0.481216
v 0.251880 0.107975 0.233266
v 0.374687 0.107975 0.233266
v 0.251880 0.125669 -0.149996
v 0.374687 0.125669 -0.149996
v 0.251880 0.047627 -0.497266
v 0.374687 0.047627 -0.497266
v 0.251880 0.044484 0.500000
v 0.374687 0.044484 0.500000
v 0.367168 -0.001779 0.500000
v 0.314536 -0.019573 0.500000
v 0.261905 -0.001779 0.500000
v 0.251880 0.044484 0.481308
v 0.374687 0.044484 0.481308
v 0.367168 -0.001779 0.481308
v 0.314536 -0.019573 0.481308
v 0.261905 -0.001779 0.481308
v 0.377193 0.044484 0.484424
v 0.500000 0.044484 0.484424
v 0.377193 0.112100 0.235202
v 0.500000 0.112100 0.235202
v 0.377193 0.129893 -0.151090
v 0.500000 0.129893 -0.151090
v 0.377193 0.051601 -0.500000
v 0.500000 0.051601 -0.500000
v 0.377193 0.040627 0.481216
v 0.500000 0.040627 0.481216
v 0.377193 0.107975 0.233266
v 0.500000 0.107975 0.233266
v 0.377193 0.125669 -0.149996
v 0.500000 0.125669 -0.149996
v 0.377193 0.047627 -0.497266
v 0.500000 0.047627 -0.497266
v 0.377193 0.044484 0.500000
v 0.500000 0.044484 0.500000
v 0.492481 -0.001779 0.500000
v 0.439850 -0.019573 0.500000
v 0.387218 -0.001779 0.500000
v 0.377193 0.044484 0.481308
v 0.500000 0.044484 0.481308
v 0.492481 -0.001779 0.481308
v 0.439850 -0.019573 0.481308
v 0.387218 -0.001779 0.481308
v -0.419800 -0.186833 0.253894
v -0.419800 -0.183274 0.260125
v -0.424812 -0.183274 0.253894
v -0.419800 -0.161922 0.260125
v -0.419800 -0.158363 0.253894
v -0.424812 -0.161922 0.253894
v -0.419800 -0.186833 -0.057632
v -0.424812 -0.183274 -0.057632
v -0.419800 -0.183274 -0.063863
v -0.419800 -0.158363 -0.057632
v -0.419800 -0.161922 -0.063863
v -0.424812 -0.161922 -0.057632
v -0.179198 -0.186833 0.253894
v -0.174185 -0.183274 0.253894
v -0.179198 -0.183274 0.260125
v -0.179198 -0.158363 0.253894
v -0.179198 -0.161922 0.260125
v -0.174185 -0.161922 0.253894
v -0.179198 -0.186833 -0.057632
v -0.179198 -0.183274 -0.063863
v -0.174185 -0.183274 -0.057632
v -0.179198 -0.158363 -0.057632
v -0.174185 -0.161922 -0.057632
v -0.179198 -0.161922 -0.063863
v -0.364662 -0.167972 0.160436
v -0.334557 -0.150857 0.185658
v -0.376160 -0.150857 0.201246
v -0.401873 -0.150857 0.160436
v -0.376160 -0.150857 0.119627
v -0.334557 -0.150857 0.135215
v -0.353163 -0.123165 0.201246
v -0.394766 -0.123165 0.185658
v -0.394766 -0.123165 0.135215
v -0.353163 -0.123165 0.119627
v -0.327450 -0.123165 0.160436
v -0.364662 -0.106050 0.160436
v -0.299499 -0.167972 0.160436
v -0.269394 -0.150857 0.185658
v -0.310997 -0.150857 0.201246
v -0.336710 -0.150857 0.160436
v -0.310997 -0.150857 0.119627
v -0.269394 -0.150857 0.135215
v -0.288000 -0.123165 0.201246
v -0.329603 -0.123165 0.185658
v -0.329603 -0.123165 0.135215
v -0.288000 -0.123165 0.119627
v -0.262287 -0.123165 0.160436
v -0.299499 -0.106050 0.160436
v -0.234336 -0.167972 0.160436
v -0.204231 -0.150857 0.185658
v -0.245835 -0.150857 0.201246
v -0.271547 -0.150857 0.160436
v -0.245835 -0.150857 0.119627
v -0.204231 -0.150857 0.135215
v -0.222837 -0.123165 0.201246
v -0.264441 -0.123165 0.185658
v -0.264441 -0.123165 0.135215
v -0.222837 -0.123165 0.119627
v -0.197124 -0.123165 0.160436
v -0.234336 -0.106050 0.160436
v -0.364662 -0.167972 0.054517
v -0.334557 -0.150857 0.079739
v -0.376160 -0.150857 0.095327
v -0.401873 -0.150857 0.054517
v -0.376160 -0.150857 0.013708
v -0.334557 -0.150857 0.029296
v -0.353163 -0.123165 0.095327
v -0.394766 -0.123165 0.079739
v -0.394766 -0.123165 0.029296
v -0.353163 -0.123165 0.013708
v -0.327450 -0.123165 0.054517
v -0.364662 -0.106050 0.054517
v -0.299499 -0.167972 0.054517
v -0.269394 -0.150857 0.079739
v -0.310997 -0.150857 0.095327
v -0.336710 -0.150857 0.054517
v -0.310997 -0.150857 0.013708
v -0.269394 -0.150857 0.029296
v -0.288000 -0.123165 0.095327
v -0.329603 -0.123165 0.079739
v -0.329603 -0.123165 0.029296
v -0.288000 -0.123165 0.013708
v -0.262287 -0.123165 0.054517
v -0.299499 -0.106050 0.054517
v -0.234336 -0.167972 0.054517
v -0.204231 -0.150857 0.079739
v -0.245835 -0.150857 0.095327
v -0.271547 -0.150857 0.054517
v -0.245835 -0.150857 0.013708
v -0.204231 -0.150857 0.029296
v -0.222837 -0.123165 0.095327
v -0.264441 -0.123165 0.079739
v -0.264441 -0.123165 0.029296
v -0.222837 -0.123165 0.013708
v -0.197124 -0.123165 0.054517
v -0.234336 -0.106050 0.054517
v -0.119048 -0.186833 0.253894
v -0.119048 -0.183274 0.260125
v -0.124060 -0.183274 0.253894
v -0.119048 -0.161922 0.260125
v -0.119048 -0.158363 0.253894
v -0.124060 -0.161922 0.253894
v -0.119048 -0.186833 -0.057632
v -0.124060 -0.183274 -0.057632
v -0.119048 -0.183274 -0.063863
v -0.119048 -0.158363 -0.057632
v -0.119048 -0.161922 -0.063863
v -0.124060 -0.161922 -0.057632
v 0.121554 -0.186833 0.253894
v 0.126566 -0.183274 0.253894
v 0.121554 -0.183274 0.260125
v 0.121554 -0.158363 0.253894
v 0.121554 -0.161922 0.260125
v 0.126566 -0.161922 0.253894
v 0.121554 -0.186833 -0.057632
v 0.121554 -0.183274 -0.063863
v 0.126566 -0.183274 -0.057632
v 0.121554 -0.158363 -0.057632
v 0.126566 -0.161922 -0.057632
v 0.121554 -0.161922 -0.063863
v -0.063910 -0.167972 0.160436
v -0.033805 -0.150857 0.185658
v -0.075408 -0.150857 0.201246
v -0.101121 -0.150857 0.160436
v -0.075408 -0.150857 0.119627
v -0.033805 -0.150857 0.135215
v -0.052411 -0.123165 0.201246
v -0.094014 -0.123165 0.185658
v -0.094014 -0.123165 0.135215
v -0.052411 -0.123165 0.119627
v -0.026698 -0.123165 0.160436
v -0.063910 -0.106050 0.160436
v 0.001253 -0.167972 0.160436
v 0.031358 -0.150857 0.185658
v -0.010246 -0.150857 0.201246
v -0.035959 -0.150857 0.160436
v -0.010246 -0.150857 0.119627
v 0.031358 -0.150857 0.135215
v 0.012752 -0.123165 0.201246
v -0.028852 -0.123165 0.185658
v -0.028852 -0.123165 0.135215
v 0.012752 -0.123165 0.119627
v 0.038465 -0.123165 0.160436
v 0.001253 -0.106050 0.160436
v 0.066416 -0.167972 0.160436
v 0.096521 -0.150857 0.185658
v 0.054917 -0.150857 0.201246
v 0.029204 -0.150857 0.160436
v 0.054917 -0.150857 0.119627
v 0.096521 -0.150857 0.135215
v 0.077915 -0.123165 0.201246
v 0.036311 -0.123165 0.185658
v 0.036311 -0.123165 0.135215
v 0.077915 -0.123165 0.119627
v 0.103628 -0.123165 0.160436
v 0.066416 -0.106050 0.160436
v -0.063910 -0.167972 0.054517
v -0.033805 -0.150857 0.079739
v -0.075408 -0.150857 0.095327
v -0.101121 -0.150857 0.054517
v -0.075408 -0.150857 0.013708
v -0.033805 -0.150857 0.029296
v -0.052411 -0.123165 0.095327
v -0.094014 -0.123165 0.079739
v -0.094014 -0.123165 0.029296
v -0.052411 -0.123165 0.013708
v -0.026698 -0.123165 0.054517
v -0.063910 -0.106050 0.054517
v 0.001253 -0.167972 0.054517
v 0.031358 -0.150857 0.079739
v -0.010246 -0.150857 0.095327
v -0.035959 -0.150857 0.054517
v -0.010246 -0.150857 0.013708
v 0.031358 -0.150857 0.029296
v 0.012752 -0.123165 0.095327
v -0.028852 -0.123165 0.079739
v -0.028852 -0.123165 0.029296
v 0.012752 -0.123165 0.013708
v 0.038465 -0.123165 0.054517
v 0.001253 -0.106050 0.054517
v 0.066416 -0.167972 0.054517
v 0.096521 -0.150857 0.079739
v 0.054917 -0.150857 0.095327
v 0.029204 -0.150857 0.054517
v 0.054917 -0.150857 0.013708
v 0.096521 -0.150857 0.029296
v 0.077915 -0.123165 0.095327
v 0.036311 -0.123165 0.079739
v 0.036311 -0.123165 0.029296
v 0.077915 -0.123165 0.013708
v 0.103628 -0.123165 0.054517
v 0.066416 -0.106050 0.054517
v 0.181704 -0.186833 0.253894
v 0.181704 -0.183274 0.260125
v 0.176692 -0.183274 0.253894
v 0.181704 -0.161922 0.260125
v 0.181704 -0.158363 0.253894
v 0.176692 -0.161922 0.253894
v 0.181704 -0.186833 -0.057632
v 0.176692 -0.183274 -0.057632
v 0.181704 -0.183274 -0.063863
v 0.181704 -0.158363 -0.057632
v 0.181704 -0.161922 -0.063863
v 0.176692 -0.161922 -0.057632
v 0.422306 -0.186833 0.253894
v 0.427318 -0.183274 0.253894
v 0.422306 -0.183274 0.260125
v 0.422306 -0.158363 0.253894
v 0.422306 -0.161922 0.260125
v 0.427318 -0.161922 0.253894
v 0.422306 -0.186833 -0.057632
v 0.422306 -0.183274 -0.063863
v 0.427318 -0.183274 -0.057632
v 0.422306 -0.158363 -0.057632
v 0.427318 -0.161922 -0.057632
v 0.422306 -0.161922 -0.063863
v 0.236842 -0.167972 0.160436
v 0.266947 -0.150857 0.185658
v 0.225343 -0.150857 0.201246
v 0.199630 -0.150857 0.160436
v 0.225343 -0.150857 0.119627
v 0.266947 -0.150857 0.135215
v 0.248341 -0.123165 0.201246
v 0.206737 -0.123165 0.185658
v 0.206737 -0.123165 0.135215
v 0.248341 -0.123165 0.119627
v 0.274054 -0.123165 0.160436
v 0.236842 -0.106050 0.160436
v 0.302005 -0.167972 0.160436
v 0.332110 -0.150857 0.185658
v 0.290506 -0.150857 0.201246
v 0.264793 -0.150857 0.160436
v 0.290506 -0.150857 0.119627
v 0.332110 -0.150857 0.135215
v 0.313504 -0.123165 0.201246
v 0.271900 -0.123165 0.185658
v 0.271900 -0.123165 0.135215
v 0.313504 -0.123165 0.119627
v 0.339217 -0.123165 0.160436
v 0.302005 -0.106050 0.160436
v 0.367168 -0.167972 0.160436
v 0.397273 -0.150857 0.185658
v 0.355669 -0.150857 0.201246
v 0.329956 -0.150857 0.160436
v 0.355669 -0.150857 0.119627
v 0.397273 -0.150857 0.135215
v 0.378667 -0.123165 0.201246
v 0.337063 -0.123165 0.185658
v 0.337063 -0.123165 0.135215
v 0.378667 -0.123165 0.119627
v 0.404380 -0.123165 0.160436
v 0.367168 -0.106050 0.160436
v 0.236842 -0.167972 0.054517
v 0.266947 -0.150857 0.079739
v 0.225343 -0.150857 0.095327
v 0.199630 -0.150857 0.054517
v 0.225343 -0.150857 0.013708
v 0.266947 -0.150857 0.029296
v 0.248341 -0.123165 0.095327
v 0.206737 -0.123165 0.079739
v 0.206737 -0.123165 0.029296
v 0.248341 -0.123165 0.013708
v 0.274054 -0.123165 0.054517
v 0.236842 -0.106050 0.054517
v 0.302005 -0.167972 0.054517
v 0.332110 -0.150857 0.079739
v 0.290506 -0.150857 0.095327
v 0.264793 -0.150857 0.054517
v 0.290506 -0.150857 0.013708
v 0.332110 -0.150857 0.029296
v 0.313504 -0.123165 0.095327
v 0.271900 -0.123165 0.079739
v 0.271900 -0.123165 0.029296
v 0.313504 -0.123165 0.013708
v 0.339217 -0.123165 0.054517
v 0.302005 -0.106050 0.054517
v 0.367168 -0.167972 0.054517
v 0.397273 -0.150857 0.079739
v 0.355669 -0.150857 0.095327
v 0.329956 -0.150857 0.054517
v 0.355669 -0.150857 0.013708
v 0.397273 -0.150857 0.029296
v 0.378667 -0.123165 0.095327
v 0.337063 -0.123165 0.079739
v 0.337063 -0.123165 0.029296
v 0.378667 -0.123165 0.013708
v 0.404380 -0.123165 0.054517
v 0.367168 -0.106050 0.054517
v 0.001253 -0.211744 -0.176012
v 0.001253 0.500000 -0.176012
v 0.015431 -0.211744 -0.168713
v 0.015431 0.500000 -0.168713
v 0.021303 -0.211744 -0.151090
v 0.021303 0.500000 -0.151090
v 0.015431 -0.211744 -0.133468
v 0.015431 0.500000 -0.133468
v 0.001253 -0.211744 -0.126168
v 0.001253 0.500000 -0.126168
v -0.012924 -0.211744 -0.133468
v -0.012924 0.500000 -0.133468
v -0.018797 -0.211744 -0.151090
v -0.018797 0.500000 -0.151090
v -0.012924 -0.211744 -0.168713
v -0.012924 0.500000 -0.168713
vn -0.0000 -0.0000 1.0000
vn 1.0000 -0.0000 -0.0000
vn -0.0000 1.0000 -0.0000
vn -1.0000 -0.0000 -0.0000
vn -0.0000 -0.0000 -1.0000
vn -0.5248 -0.7392 0.4222
vn -0.5248 0.7392 0.4222
vn -0.5248 -0.7392 -0.4222
vn -0.5248 0.7392 -0.4222
vn 0.5248 -0.7392 0.4222
vn 0.5248 0.7392 0.4222
vn 0.5248 -0.7392 -0.4222
vn 0.5248 0.7392 -0.4222
vn -0.5789 -0.8154 -0.0000
vn -0.7792 -0.0000 0.6268
vn -0.5789 0.8154 -0.0000
vn -0.7792 -0.0000 -0.6268
vn -0.0000 -0.8683 -0.4960
vn -0.0000 0.8683 -0.4960
vn 0.7792 -0.0000 -0.6268
vn 0.5789 -0.8154 -0.0000
vn 0.5789 0.8154 -0.0000
vn 0.7792 -0.0000 0.6268
vn -0.0000 -0.8683 0.4960
vn -0.0000 0.8683 0.4960
vn -0.0000 -1.0000 -0.0000
vn 0.7791 -0.0000 0.6268
vn 0.7791 -0.0000 -0.6268
vn -0.7791 -0.0000 0.6268
vn -0.7791 -0.0000 -0.6268
vn -0.0000 0.9651 0.2618
vn -0.0000 0.9989 0.0460
vn -0.0000 0.9757 -0.2189
vn -0.0000 -0.9650 -0.2621
vn -0.0000 -0.9989 -0.0461
vn -0.0000 -0.9757 0.2193
vn -0.0000 -0.6394 0.7689
vn -0.0000 -0.5667 -0.8239
vn 0.9870 -0.1604 -0.0000
vn 0.3203 -0.9473 -0.0000
vn -0.3203 -0.9473 -0.0000
vn -0.9773 -0.2118 -0.0000
vn 0.1571 -0.8942 0.4193
vn 0.4942 -0.8693 -0.0000
vn -0.4041 -0.8786 0.2546
vn -0.4041 -0.8786 -0.2546
vn 0.1571 -0.8942 -0.4193
vn 0.9686 -0.2486 -0.0000
vn 0.3369 -0.2797 0.8990
vn -0.8171 -0.2592 0.5149
vn -0.8171 -0.2592 -0.5149
vn 0.3369 -0.2797 -0.8990
vn 0.8171 0.2592 0.5149
vn -0.3369 0.2797 0.8990
vn -0.9686 0.2486 -0.0000
vn -0.3369 0.2797 -0.8990
vn 0.8171 0.2592 -0.5149
vn 0.4041 0.8786 0.2546
vn -0.1571 0.8942 0.4193
vn -0.4942 0.8693 -0.0000
vn -0.1571 0.8942 -0.4193
vn 0.4041 0.8786 -0.2546
vn -0.0000 0.6171 -0.7869
vn 0.5889 -0.6312 -0.5047
vn -0.0000 -0.6171 -0.7869
vn 0.5889 0.6312 -0.5047
vn 0.7664 -0.6424 -0.0000
vn 0.7664 0.6424 -0.0000
vn 0.5889 -0.6312 0.5047
vn 0.5889 0.6312 0.5047
vn -0.0000 -0.6171 0.7869
vn -0.0000 0.6171 0.7869
vn -0.5889 -0.6312 0.5047
vn -0.5889 0.6312 0.5047
vn -0.7664 -0.6424 -0.0000
vn -0.7664 0.6424 -0.0000
vn -0.5889 -0.6312 -0.5047
vn -0.5889 0.6312 -0.5047
vt 0.315868 0.690728
vt 0.323731 0.829047
vt 0.315868 0.829047
vt 0.804775 0.000000
vt 0.814549 0.137869
vt 0.804775 0.137869
vt 0.998185 0.205896
vt 0.990322 0.215673
vt 0.990322 0.205896
vt 0.775942 0.000071
vt 0.785715 0.138284
vt 0.775942 0.138284
vt 0.831353 0.000000
vt 0.839216 0.138319
vt 0.831353 0.138319
vt 0.177175 0.996413
vt 0.177175 0.998664
vt 0.175360 0.996408
vt 0.998185 0.217935
vt 0.998185 0.215673
vt 1.000000 0.215679
vt 0.177175 0.986636
vt 0.175360 0.986631
vt 0.177175 0.984375
vt 0.998185 0.203646
vt 1.000000 0.205902
vt 0.185038 0.996413
vt 0.186852 0.996408
vt 0.185038 0.998664
vt 0.990323 0.217935
vt 0.988508 0.215679
vt 0.185038 0.986636
vt 0.185038 0.984375
vt 0.186852 0.986631
vt 0.988508 0.205902
vt 0.990323 0.203646
vt 0.773687 0.000000
vt 0.773687 0.138213
vt 0.787971 0.138213
vt 0.785715 0.000071
vt 0.787971 0.000000
vt 0.802520 0.000146
vt 0.816804 0.138015
vt 0.814549 0.000000
vt 0.816804 0.000146
vt 0.841525 0.487004
vt 0.849388 0.625323
vt 0.841525 0.625323
vt 0.814947 0.487004
vt 0.824720 0.624873
vt 0.814947 0.624873
vt 0.908207 0.987962
vt 0.900344 0.997738
vt 0.900344 0.987962
vt 0.786113 0.487075
vt 0.795887 0.625288
vt 0.786113 0.625288
vt 0.841525 0.639877
vt 0.849387 0.778196
vt 0.841525 0.778196
vt 0.119596 0.996413
vt 0.119596 0.998664
vt 0.117781 0.996408
vt 0.908207 1.000000
vt 0.908207 0.997738
vt 0.910021 0.997744
vt 0.119596 0.986637
vt 0.117781 0.986631
vt 0.119596 0.984375
vt 0.908207 0.985711
vt 0.910021 0.987967
vt 0.127458 0.996413
vt 0.129273 0.996408
vt 0.127458 0.998664
vt 0.900344 1.000000
vt 0.898529 0.997744
vt 0.127458 0.986637
vt 0.127458 0.984375
vt 0.129273 0.986631
vt 0.898529 0.987967
vt 0.900344 0.985711
vt 0.783858 0.487004
vt 0.783858 0.625217
vt 0.798142 0.625217
vt 0.795887 0.487075
vt 0.798142 0.487004
vt 0.812691 0.487150
vt 0.826976 0.625019
vt 0.824720 0.487004
vt 0.826976 0.487150
vt 0.848923 0.252213
vt 0.856786 0.390532
vt 0.848923 0.390532
vt 0.814947 0.639842
vt 0.824720 0.777711
vt 0.814947 0.777711
vt 0.997965 0.717737
vt 0.990102 0.727514
vt 0.990102 0.717737
vt 0.786113 0.639913
vt 0.795887 0.778126
vt 0.786113 0.778126
vt 0.853765 0.000000
vt 0.861628 0.138319
vt 0.853765 0.138319
vt 0.713556 0.994305
vt 0.713556 0.996556
vt 0.711741 0.994300
vt 0.997965 0.729776
vt 0.997965 0.727514
vt 0.999779 0.727520
vt 0.713556 0.984528
vt 0.711741 0.984523
vt 0.713556 0.982267
vt 0.997965 0.715487
vt 0.999779 0.717743
vt 0.721419 0.994305
vt 0.723233 0.994300
vt 0.721419 0.996556
vt 0.990102 0.729776
vt 0.988287 0.727520
vt 0.721419 0.984528
vt 0.721419 0.982267
vt 0.723233 0.984523
vt 0.988287 0.717743
vt 0.990102 0.715487
vt 0.783858 0.639842
vt 0.783858 0.778056
vt 0.798142 0.778056
vt 0.795887 0.639913
vt 0.798142 0.639842
vt 0.812691 0.639988
vt 0.826976 0.777857
vt 0.824720 0.639842
vt 0.826976 0.639988
vt 0.863936 0.487004
vt 0.871799 0.625323
vt 0.863936 0.625323
vt 0.822345 0.252213
vt 0.832119 0.390082
vt 0.822345 0.390082
vt 0.158997 0.986626
vt 0.151134 0.996402
vt 0.151134 0.986626
vt 0.741666 0.673454
vt 0.751440 0.811667
vt 0.741666 0.811667
vt 0.863936 0.639877
vt 0.871799 0.778196
vt 0.863936 0.778196
vt 0.279221 0.996406
vt 0.279221 0.998657
vt 0.277406 0.996400
vt 0.158997 0.998664
vt 0.158997 0.996402
vt 0.160811 0.996408
vt 0.279221 0.986629
vt 0.277406 0.986624
vt 0.279221 0.984368
vt 0.158997 0.984375
vt 0.160811 0.986631
vt 0.287084 0.996406
vt 0.288898 0.996400
vt 0.287084 0.998657
vt 0.151134 0.998664
vt 0.149319 0.996408
vt 0.287084 0.986629
vt 0.287084 0.984368
vt 0.288898 0.986624
vt 0.149319 0.986631
vt 0.151134 0.984375
vt 0.739411 0.673383
vt 0.739411 0.811596
vt 0.753695 0.811596
vt 0.751440 0.673454
vt 0.753695 0.673383
vt 0.820090 0.252360
vt 0.834374 0.390229
vt 0.832119 0.252213
vt 0.834374 0.252360
vt 0.342731 0.724663
vt 0.408861 0.504427
vt 0.408861 0.724663
vt 0.037171 0.865434
vt 0.103086 0.745103
vt 0.103086 0.865434
vt 0.299069 0.726478
vt 0.178780 0.506241
vt 0.299069 0.506241
vt 0.342802 0.861804
vt 0.408882 0.741473
vt 0.408882 0.861804
vt 0.739411 0.472450
vt 0.805541 0.252213
vt 0.805541 0.472450
vt 0.159720 0.726478
vt 0.161970 0.726478
vt 0.159715 0.728293
vt 0.176519 0.726478
vt 0.178780 0.726478
vt 0.178775 0.728293
vt 0.039432 0.726478
vt 0.039426 0.728293
vt 0.037171 0.726478
vt 0.301319 0.726478
vt 0.299063 0.728293
vt 0.159720 0.506241
vt 0.159715 0.504426
vt 0.161970 0.506241
vt 0.176519 0.506241
vt 0.178775 0.504426
vt 0.039432 0.506241
vt 0.037171 0.506241
vt 0.039426 0.504426
vt 0.299063 0.504426
vt 0.301319 0.506241
vt 0.342731 0.864060
vt 0.408811 0.864060
vt 0.408811 0.739217
vt 0.342802 0.741473
vt 0.342731 0.739217
vt 0.037317 0.867690
vt 0.103232 0.742847
vt 0.037171 0.745103
vt 0.037317 0.742847
vt 0.820090 0.411968
vt 0.843921 0.472450
vt 0.820090 0.472450
vt 0.424664 0.846281
vt 0.429025 0.906567
vt 0.424664 0.906567
vt 0.123347 0.935458
vt 0.118987 0.911619
vt 0.123347 0.911619
vt 0.887551 0.487042
vt 0.891912 0.547478
vt 0.887551 0.547478
vt 0.783858 0.792680
vt 0.807688 0.853163
vt 0.783858 0.853163
vt 0.913230 0.777018
vt 0.914430 0.777018
vt 0.913227 0.777987
vt 0.117781 0.935458
vt 0.118987 0.935458
vt 0.118984 0.936426
vt 0.908869 0.777018
vt 0.908867 0.777987
vt 0.907664 0.777018
vt 0.124547 0.935458
vt 0.123344 0.936426
vt 0.913230 0.753180
vt 0.913227 0.752212
vt 0.914430 0.753180
vt 0.117781 0.911619
vt 0.118984 0.910651
vt 0.908869 0.753180
vt 0.907664 0.753180
vt 0.908867 0.752212
vt 0.123344 0.910651
vt 0.124547 0.911619
vt 0.886348 0.487004
vt 0.886348 0.547440
vt 0.893115 0.547440
vt 0.891912 0.487042
vt 0.893115 0.487004
vt 0.423461 0.846359
vt 0.430227 0.906645
vt 0.429025 0.846281
vt 0.430227 0.846359
vt 0.839835 0.159444
vt 0.863666 0.219927
vt 0.839835 0.219927
vt 0.574730 0.846281
vt 0.579090 0.906567
vt 0.574730 0.906567
vt 0.942791 0.436775
vt 0.938430 0.412936
vt 0.942791 0.412936
vt 0.887551 0.562070
vt 0.891912 0.622506
vt 0.887551 0.622506
vt 0.841525 0.792750
vt 0.865355 0.853232
vt 0.841525 0.853232
vt 0.941221 0.228453
vt 0.942421 0.228453
vt 0.941218 0.229421
vt 0.937225 0.436775
vt 0.938430 0.436775
vt 0.938427 0.437743
vt 0.936860 0.228453
vt 0.936857 0.229421
vt 0.935654 0.228453
vt 0.943991 0.436775
vt 0.942788 0.437743
vt 0.941221 0.204614
vt 0.941218 0.203646
vt 0.942421 0.204614
vt 0.937225 0.412936
vt 0.938427 0.411968
vt 0.936860 0.204614
vt 0.935654 0.204614
vt 0.936857 0.203646
vt 0.942788 0.411968
vt 0.943991 0.412936
vt 0.886348 0.562032
vt 0.886348 0.622468
vt 0.893115 0.622468
vt 0.891912 0.562070
vt 0.893115 0.562032
vt 0.573527 0.846359
vt 0.580293 0.906645
vt 0.579090 0.846281
vt 0.580293 0.846359
vt 0.117781 0.835615
vt 0.141612 0.896097
vt 0.117781 0.896097
vt 0.445979 0.846281
vt 0.450340 0.906567
vt 0.445979 0.906567
vt 0.868406 0.943246
vt 0.864046 0.919407
vt 0.868406 0.919407
vt 0.887551 0.639915
vt 0.891912 0.700351
vt 0.887551 0.700351
vt 0.156161 0.835615
vt 0.179991 0.896097
vt 0.156161 0.896097
vt 0.786769 0.943177
vt 0.787969 0.943177
vt 0.786766 0.944145
vt 0.862840 0.943246
vt 0.864046 0.943246
vt 0.864043 0.944214
vt 0.782408 0.943177
vt 0.782406 0.944145
vt 0.781203 0.943177
vt 0.869606 0.943246
vt 0.868403 0.944214
vt 0.786769 0.919338
vt 0.786766 0.918370
vt 0.787969 0.919338
vt 0.862840 0.919407
vt 0.864043 0.918439
vt 0.782408 0.919338
vt 0.781203 0.919338
vt 0.782406 0.918370
vt 0.868403 0.918439
vt 0.869606 0.919407
vt 0.886348 0.639877
vt 0.886348 0.700313
vt 0.893115 0.700313
vt 0.891912 0.639915
vt 0.893115 0.639877
vt 0.444776 0.846359
vt 0.451543 0.906645
vt 0.450340 0.846281
vt 0.451543 0.846359
vt 0.194540 0.835615
vt 0.218371 0.896097
vt 0.194540 0.896097
vt 0.467295 0.846281
vt 0.471655 0.906567
vt 0.467295 0.906567
vt 0.847091 0.943246
vt 0.842730 0.919407
vt 0.847091 0.919407
vt 0.887551 0.714942
vt 0.891912 0.775379
vt 0.887551 0.775379
vt 0.249250 0.835616
vt 0.273081 0.896098
vt 0.249250 0.896098
vt 0.904095 0.936794
vt 0.905295 0.936794
vt 0.904093 0.937762
vt 0.841525 0.943246
vt 0.842730 0.943246
vt 0.842728 0.944214
vt 0.899735 0.936794
vt 0.899732 0.937762
vt 0.898529 0.936794
vt 0.848291 0.943246
vt 0.847088 0.944214
vt 0.904095 0.912955
vt 0.904093 0.911987
vt 0.905295 0.912955
vt 0.841525 0.919407
vt 0.842728 0.918439
vt 0.899735 0.912955
vt 0.898529 0.912955
vt 0.899732 0.911987
vt 0.847088 0.918439
vt 0.848291 0.919407
vt 0.886348 0.714905
vt 0.886348 0.775341
vt 0.893115 0.775341
vt 0.891912 0.714942
vt 0.893115 0.714905
vt 0.466092 0.846359
vt 0.472858 0.906645
vt 0.471655 0.846281
vt 0.472858 0.846359
vt 0.876177 0.000000
vt 0.900008 0.060482
vt 0.876177 0.060482
vt 0.499697 0.846281
vt 0.504058 0.906567
vt 0.499697 0.906567
vt 0.208608 0.935458
vt 0.204248 0.911619
vt 0.208608 0.911619
vt 0.288833 0.835653
vt 0.293193 0.896090
vt 0.288833 0.896090
vt 0.876177 0.075036
vt 0.900008 0.135518
vt 0.876177 0.135518
vt 0.925411 0.936794
vt 0.926611 0.936794
vt 0.925408 0.937762
vt 0.203042 0.935458
vt 0.204248 0.935458
vt 0.204245 0.936426
vt 0.921050 0.936794
vt 0.921047 0.937762
vt 0.919844 0.936794
vt 0.209808 0.935458
vt 0.208605 0.936426
vt 0.925411 0.912955
vt 0.925408 0.911987
vt 0.926611 0.912955
vt 0.203042 0.911619
vt 0.204245 0.910651
vt 0.921050 0.912955
vt 0.919844 0.912955
vt 0.921047 0.911987
vt 0.208605 0.910651
vt 0.209808 0.911619
vt 0.287630 0.835616
vt 0.287630 0.896052
vt 0.294396 0.896052
vt 0.293193 0.835653
vt 0.294396 0.835616
vt 0.498494 0.846359
vt 0.505260 0.906645
vt 0.504058 0.846281
vt 0.505260 0.846359
vt 0.878215 0.159444
vt 0.902046 0.219927
vt 0.878215 0.219927
vt 0.521012 0.846281
vt 0.525373 0.906567
vt 0.521012 0.906567
vt 0.144663 0.935458
vt 0.140302 0.911619
vt 0.144663 0.911619
vt 0.898052 0.412006
vt 0.902413 0.472442
vt 0.898052 0.472442
vt 0.879904 0.792750
vt 0.903735 0.853232
vt 0.879904 0.853232
vt 0.293196 0.935450
vt 0.294396 0.935450
vt 0.293193 0.936419
vt 0.139096 0.935458
vt 0.140302 0.935458
vt 0.140299 0.936426
vt 0.288835 0.935450
vt 0.288833 0.936419
vt 0.287630 0.935450
vt 0.145863 0.935458
vt 0.144660 0.936426
vt 0.293196 0.911612
vt 0.293193 0.910644
vt 0.294396 0.911612
vt 0.139096 0.911619
vt 0.140299 0.910651
vt 0.288835 0.911612
vt 0.287630 0.911612
vt 0.288833 0.910644
vt 0.144660 0.910651
vt 0.145863 0.911619
vt 0.896849 0.411968
vt 0.896849 0.472404
vt 0.903616 0.472404
vt 0.902413 0.412006
vt 0.903616 0.411968
vt 0.519809 0.846359
vt 0.526576 0.906645
vt 0.525373 0.846281
vt 0.526576 0.846359
vt 0.871335 0.252213
vt 0.895166 0.312696
vt 0.871335 0.312696
vt 0.542328 0.846281
vt 0.546688 0.906567
vt 0.542328 0.906567
vt 0.254816 0.935459
vt 0.250456 0.911620
vt 0.254816 0.911620
vt 0.317071 0.843639
vt 0.321431 0.904075
vt 0.317071 0.904075
vt 0.871335 0.327249
vt 0.895166 0.387732
vt 0.871335 0.387732
vt 0.934545 0.777018
vt 0.935745 0.777018
vt 0.934542 0.777987
vt 0.249250 0.935459
vt 0.250456 0.935459
vt 0.250453 0.936427
vt 0.930185 0.777018
vt 0.930182 0.777987
vt 0.928979 0.777018
vt 0.256016 0.935459
vt 0.254813 0.936427
vt 0.934545 0.753180
vt 0.934542 0.752212
vt 0.935745 0.753180
vt 0.249250 0.911620
vt 0.250453 0.910652
vt 0.930185 0.753180
vt 0.928979 0.753180
vt 0.930182 0.752212
vt 0.254813 0.910652
vt 0.256016 0.911620
vt 0.315868 0.843601
vt 0.315868 0.904037
vt 0.322634 0.904037
vt 0.321431 0.843639
vt 0.322634 0.843601
vt 0.541125 0.846359
vt 0.547891 0.906645
vt 0.546688 0.846281
vt 0.547891 0.846359
vt 0.858470 0.411968
vt 0.882300 0.472450
vt 0.858470 0.472450
vt 0.596045 0.846281
vt 0.600406 0.906567
vt 0.596045 0.906567
vt 0.165978 0.935458
vt 0.161617 0.911619
vt 0.165978 0.911619
vt 0.001203 0.845576
vt 0.005563 0.906012
vt 0.001203 0.906012
vt 0.739411 0.826221
vt 0.763242 0.886703
vt 0.739411 0.886703
vt 0.187293 0.935458
vt 0.188493 0.935458
vt 0.187290 0.936426
vt 0.160411 0.935458
vt 0.161617 0.935458
vt 0.161614 0.936426
vt 0.182932 0.935458
vt 0.182930 0.936426
vt 0.181727 0.935458
vt 0.167178 0.935458
vt 0.165975 0.936426
vt 0.187293 0.911619
vt 0.187290 0.910651
vt 0.188493 0.911619
vt 0.160411 0.911619
vt 0.161614 0.910651
vt 0.182932 0.911619
vt 0.181727 0.911619
vt 0.182930 0.910651
vt 0.165975 0.910651
vt 0.167178 0.911619
vt 0.000000 0.845538
vt 0.000000 0.905975
vt 0.006766 0.905975
vt 0.005563 0.845576
vt 0.006766 0.845538
vt 0.594842 0.846359
vt 0.601609 0.906645
vt 0.600406 0.846281
vt 0.601609 0.846359
vt 0.720826 0.486003
vt 0.724862 0.252213
vt 0.724862 0.486003
vt 0.752295 0.221124
vt 0.756318 0.187732
vt 0.756318 0.221124
vt 0.610105 0.487092
vt 0.576724 0.253302
vt 0.610104 0.253302
vt 0.802560 0.902462
vt 0.806594 0.869070
vt 0.806594 0.902462
vt 0.720826 0.734347
vt 0.724862 0.500557
vt 0.724862 0.734347
vt 0.458198 0.487092
vt 0.459548 0.487092
vt 0.458195 0.488181
vt 0.575368 0.487092
vt 0.576724 0.487092
vt 0.576721 0.488181
vt 0.424818 0.487092
vt 0.424814 0.488181
vt 0.423461 0.487092
vt 0.611454 0.487092
vt 0.610101 0.488181
vt 0.458198 0.253302
vt 0.458195 0.252213
vt 0.459548 0.253302
vt 0.575368 0.253302
vt 0.576721 0.252213
vt 0.424818 0.253302
vt 0.423461 0.253302
vt 0.424814 0.252213
vt 0.610101 0.252213
vt 0.611454 0.253302
vt 0.802518 0.903816
vt 0.806551 0.903816
vt 0.806551 0.867717
vt 0.802560 0.869070
vt 0.802518 0.867717
vt 0.752382 0.222478
vt 0.756406 0.186379
vt 0.752295 0.187732
vt 0.752382 0.186379
vt 0.658054 0.736525
vt 0.662090 0.502735
vt 0.662090 0.736525
vt 0.783858 0.902462
vt 0.787881 0.869070
vt 0.787881 0.902462
vt 0.578801 0.234879
vt 0.545421 0.001089
vt 0.578801 0.001089
vt 0.841567 0.902531
vt 0.845601 0.869140
vt 0.845601 0.902531
vt 0.676639 0.736781
vt 0.680675 0.502991
vt 0.680675 0.736781
vt 0.508833 0.487092
vt 0.510183 0.487092
vt 0.508830 0.488181
vt 0.544065 0.234879
vt 0.545421 0.234879
vt 0.545418 0.235968
vt 0.475453 0.487092
vt 0.475450 0.488181
vt 0.474097 0.487092
vt 0.580151 0.234879
vt 0.578798 0.235968
vt 0.508833 0.253302
vt 0.508830 0.252213
vt 0.510183 0.253302
vt 0.544065 0.001089
vt 0.545418 0.000000
vt 0.475453 0.253302
vt 0.474097 0.253302
vt 0.475450 0.252213
vt 0.578798 0.000000
vt 0.580151 0.001089
vt 0.841525 0.903885
vt 0.845558 0.903885
vt 0.845558 0.867786
vt 0.841567 0.869140
vt 0.841525 0.867786
vt 0.783946 0.903816
vt 0.787969 0.867717
vt 0.783858 0.869070
vt 0.783946 0.867717
vt 0.695225 0.736781
vt 0.699261 0.502991
vt 0.699261 0.736781
vt 0.822237 0.878079
vt 0.826261 0.844687
vt 0.826261 0.878079
vt 0.629437 0.234879
vt 0.596057 0.001089
vt 0.629437 0.001089
vt 0.879947 0.902531
vt 0.883980 0.869139
vt 0.883980 0.902531
vt 0.733709 0.233790
vt 0.737746 0.000000
vt 0.737746 0.233790
vt 0.528166 0.234879
vt 0.529516 0.234879
vt 0.528163 0.235968
vt 0.594700 0.234879
vt 0.596057 0.234879
vt 0.596053 0.235968
vt 0.494786 0.234879
vt 0.494783 0.235968
vt 0.493429 0.234879
vt 0.630787 0.234879
vt 0.629434 0.235968
vt 0.528166 0.001089
vt 0.528163 0.000000
vt 0.529516 0.001089
vt 0.594700 0.001089
vt 0.596053 0.000000
vt 0.494786 0.001089
vt 0.493429 0.001089
vt 0.494782 0.000000
vt 0.629434 0.000000
vt 0.630787 0.001089
vt 0.879904 0.903885
vt 0.883938 0.903885
vt 0.883938 0.867786
vt 0.879947 0.869139
vt 0.879904 0.867786
vt 0.822325 0.879433
vt 0.826349 0.843334
vt 0.822237 0.844687
vt 0.822325 0.843334
vt 0.000000 0.738216
vt 0.004037 0.504426
vt 0.004037 0.738216
vt 0.822237 0.827426
vt 0.826261 0.794034
vt 0.826261 0.827426
vt 0.660740 0.487092
vt 0.627360 0.253302
vt 0.660740 0.253302
vt 0.860192 0.902531
vt 0.864225 0.869139
vt 0.864225 0.902531
vt 0.018586 0.738216
vt 0.022622 0.504426
vt 0.022622 0.738216
vt 0.559469 0.487092
vt 0.560819 0.487092
vt 0.559466 0.488181
vt 0.626003 0.487092
vt 0.627360 0.487092
vt 0.627357 0.488181
vt 0.526089 0.487092
vt 0.526086 0.488181
vt 0.524732 0.487092
vt 0.662090 0.487092
vt 0.660737 0.488181
vt 0.559469 0.253302
vt 0.559466 0.252213
vt 0.560819 0.253302
vt 0.626003 0.253302
vt 0.627357 0.252213
vt 0.526089 0.253302
vt 0.524732 0.253302
vt 0.526086 0.252213
vt 0.660737 0.252213
vt 0.662090 0.253302
vt 0.860150 0.903885
vt 0.864183 0.903885
vt 0.864183 0.867786
vt 0.860192 0.869139
vt 0.860150 0.867786
vt 0.822325 0.828780
vt 0.826349 0.792680
vt 0.822237 0.794034
vt 0.822325 0.792680
vt 0.000001 0.237658
vt 0.029637 0.177424
vt 0.029638 0.237658
vt 0.000000 0.177424
vt 0.029637 0.084150
vt 0.000000 0.084150
vt 0.029638 0.000000
vt 0.676639 0.428513
vt 0.706276 0.488437
vt 0.676639 0.488437
vt 0.676639 0.335971
vt 0.706276 0.428513
vt 0.676639 0.252213
vt 0.706277 0.335971
vt 0.021315 0.845538
vt 0.022246 0.875186
vt 0.021315 0.875186
vt 0.392101 0.177379
vt 0.408912 0.236892
vt 0.407976 0.237659
vt 0.388477 0.084094
vt 0.393099 0.176919
vt 0.160320 0.336307
vt 0.155709 0.429131
vt 0.159306 0.336579
vt 0.408912 0.000667
vt 0.389494 0.084366
vt 0.139936 0.252879
vt 0.140887 0.252212
vt 0.768245 0.673383
vt 0.769204 0.703030
vt 0.768245 0.703030
vt 0.156705 0.429592
vt 0.139936 0.489104
vt 0.358190 0.893741
vt 0.342731 0.908262
vt 0.342731 0.878614
vt 0.372739 0.878614
vt 0.388198 0.893136
vt 0.383904 0.905841
vt 0.822238 0.893987
vt 0.826748 0.923634
vt 0.822238 0.923634
vt 0.922675 0.467448
vt 0.918165 0.456169
vt 0.922675 0.456169
vt 0.942200 0.543911
vt 0.937672 0.531205
vt 0.942182 0.531205
vt 0.942182 0.556617
vt 0.937689 0.543911
vt 0.992555 0.252213
vt 0.997066 0.263279
vt 0.992555 0.263279
vt 0.044187 0.237658
vt 0.073824 0.177424
vt 0.073824 0.237658
vt 0.044187 0.177424
vt 0.073824 0.084150
vt 0.044187 0.084150
vt 0.073824 0.000000
vt 0.689523 0.176299
vt 0.719160 0.236224
vt 0.689522 0.236224
vt 0.689523 0.083758
vt 0.719160 0.176299
vt 0.689523 0.000000
vt 0.719160 0.083758
vt 0.232920 0.879816
vt 0.233851 0.909463
vt 0.232920 0.909463
vt 0.427086 0.177379
vt 0.443896 0.236892
vt 0.442961 0.237659
vt 0.423461 0.084094
vt 0.428084 0.176919
vt 0.195253 0.336307
vt 0.190643 0.429131
vt 0.194239 0.336579
vt 0.443896 0.000667
vt 0.424478 0.084366
vt 0.174869 0.252879
vt 0.175821 0.252212
vt 0.768244 0.717584
vt 0.769204 0.747231
vt 0.768244 0.747231
vt 0.191638 0.429592
vt 0.174869 0.489104
vt 0.052630 0.897370
vt 0.037171 0.911891
vt 0.037171 0.882244
vt 0.067179 0.882244
vt 0.082638 0.896765
vt 0.078344 0.909471
vt 0.097187 0.882244
vt 0.101698 0.911891
vt 0.097187 0.911891
vt 0.922795 0.848229
vt 0.918284 0.836951
vt 0.922795 0.836951
vt 0.942200 0.499710
vt 0.937672 0.487004
vt 0.942182 0.487004
vt 0.942182 0.512416
vt 0.937689 0.499710
vt 0.992555 0.285608
vt 0.997066 0.296674
vt 0.992555 0.296674
vt 0.309307 0.237658
vt 0.338944 0.177424
vt 0.338944 0.237658
vt 0.309307 0.177424
vt 0.338944 0.084150
vt 0.309307 0.084150
vt 0.338944 0.000000
vt 0.568919 0.679035
vt 0.598556 0.738959
vt 0.568919 0.738959
vt 0.568919 0.586493
vt 0.598556 0.679035
vt 0.568919 0.502735
vt 0.598557 0.586493
vt 0.021315 0.889740
vt 0.022246 0.919387
vt 0.021315 0.919387
vt 0.462070 0.177379
vt 0.478880 0.236892
vt 0.477945 0.237659
vt 0.458445 0.084094
vt 0.463068 0.176919
vt 0.230187 0.336307
vt 0.225576 0.429131
vt 0.229172 0.336579
vt 0.478880 0.000667
vt 0.459462 0.084366
vt 0.209802 0.252879
vt 0.210754 0.252212
vt 0.723903 0.748901
vt 0.724862 0.778548
vt 0.723903 0.778548
vt 0.226571 0.429592
vt 0.209802 0.489104
vt 0.913988 0.882912
vt 0.898529 0.897433
vt 0.898529 0.867786
vt 0.907664 0.487004
vt 0.923123 0.501525
vt 0.918828 0.514231
vt 0.916595 0.203646
vt 0.921105 0.233293
vt 0.916595 0.233293
vt 0.994742 0.843994
vt 0.990231 0.832715
vt 0.994742 0.832715
vt 0.942200 0.720716
vt 0.937671 0.708010
vt 0.942182 0.708010
vt 0.942182 0.733422
vt 0.937689 0.720716
vt 0.992555 0.319866
vt 0.997066 0.330932
vt 0.992555 0.330932
vt 0.220934 0.237658
vt 0.250570 0.177424
vt 0.250571 0.237658
vt 0.220933 0.177424
vt 0.250570 0.084150
vt 0.220933 0.084150
vt 0.250571 0.000000
vt 0.613106 0.679035
vt 0.642743 0.738959
vt 0.613106 0.738959
vt 0.613106 0.586493
vt 0.642743 0.679035
vt 0.613106 0.502735
vt 0.642743 0.586493
vt 0.928537 0.867786
vt 0.929468 0.897433
vt 0.928537 0.897433
vt 0.003624 0.429591
vt 0.020435 0.489104
vt 0.019499 0.489872
vt 0.000000 0.336307
vt 0.004622 0.429131
vt 0.265120 0.336307
vt 0.260509 0.429131
vt 0.264105 0.336579
vt 0.020435 0.252879
vt 0.001017 0.336578
vt 0.244736 0.252879
vt 0.245687 0.252212
vt 0.019745 0.752769
vt 0.020705 0.782417
vt 0.019745 0.782417
vt 0.261504 0.429592
vt 0.244736 0.489104
vt 0.923123 0.546332
vt 0.907664 0.560853
vt 0.907664 0.531205
vt 0.907664 0.575407
vt 0.923123 0.589928
vt 0.918828 0.602634
vt 0.918164 0.411968
vt 0.922675 0.441615
vt 0.918164 0.441615
vt 0.205912 0.995653
vt 0.201401 0.984375
vt 0.205912 0.984375
vt 0.942200 0.588113
vt 0.937672 0.575407
vt 0.942182 0.575407
vt 0.942182 0.600819
vt 0.937689 0.588113
vt 0.992555 0.354987
vt 0.997066 0.366053
vt 0.992555 0.366053
vt 0.088374 0.237658
vt 0.118011 0.177424
vt 0.118011 0.237658
vt 0.088373 0.177424
vt 0.118010 0.084150
vt 0.088373 0.084150
vt 0.118011 0.000000
vt 0.423462 0.679035
vt 0.453098 0.738959
vt 0.423461 0.738959
vt 0.423462 0.586493
vt 0.453099 0.679035
vt 0.423461 0.502735
vt 0.453099 0.586493
vt 0.739411 0.901257
vt 0.740342 0.930904
vt 0.739411 0.930904
vt 0.038608 0.429591
vt 0.055419 0.489104
vt 0.054483 0.489872
vt 0.034984 0.336307
vt 0.039606 0.429131
vt 0.300053 0.336307
vt 0.295442 0.429131
vt 0.299039 0.336579
vt 0.055419 0.252879
vt 0.036001 0.336578
vt 0.279669 0.252879
vt 0.280620 0.252212
vt 0.768244 0.761785
vt 0.769204 0.791432
vt 0.768244 0.791432
vt 0.296438 0.429592
vt 0.279669 0.489104
vt 0.923123 0.634734
vt 0.907664 0.649255
vt 0.907664 0.619608
vt 0.907664 0.663809
vt 0.923123 0.678330
vt 0.918828 0.691036
vt 0.916595 0.159444
vt 0.921105 0.189092
vt 0.916595 0.189092
vt 0.765154 0.990131
vt 0.760643 0.978853
vt 0.765154 0.978853
vt 0.942200 0.676515
vt 0.937672 0.663809
vt 0.942182 0.663809
vt 0.942182 0.689221
vt 0.937689 0.676515
vt 0.991622 0.088403
vt 0.996133 0.099468
vt 0.991622 0.099468
vt 0.132560 0.237658
vt 0.162197 0.177424
vt 0.162198 0.237658
vt 0.132560 0.177424
vt 0.162197 0.084150
vt 0.132560 0.084150
vt 0.162198 0.000000
vt 0.474097 0.679035
vt 0.503734 0.738959
vt 0.474097 0.738959
vt 0.474097 0.586493
vt 0.503734 0.679035
vt 0.474097 0.502735
vt 0.503734 0.586493
vt 0.754891 0.901257
vt 0.755822 0.930904
vt 0.754891 0.930904
vt 0.357118 0.177379
vt 0.373928 0.236892
vt 0.372992 0.237659
vt 0.353493 0.084094
vt 0.358115 0.176919
vt 0.338944 0.336307
vt 0.334333 0.429131
vt 0.337930 0.336579
vt 0.373928 0.000667
vt 0.354510 0.084366
vt 0.318560 0.252879
vt 0.319511 0.252212
vt 0.723903 0.793102
vt 0.724862 0.822750
vt 0.723903 0.822750
vt 0.335329 0.429592
vt 0.318560 0.489104
vt 0.923123 0.723137
vt 0.907664 0.737658
vt 0.907664 0.708010
vt 0.909715 0.252213
vt 0.925174 0.266734
vt 0.920880 0.279440
vt 0.914557 0.088403
vt 0.919068 0.118050
vt 0.914557 0.118050
vt 0.545669 0.995825
vt 0.541158 0.984546
vt 0.545669 0.984546
vt 0.320396 0.931335
vt 0.315868 0.918629
vt 0.320379 0.918629
vt 0.320379 0.944041
vt 0.315885 0.931335
vt 0.992555 0.380607
vt 0.997066 0.391672
vt 0.992555 0.391672
vt 0.176747 0.237658
vt 0.206384 0.177424
vt 0.206384 0.237658
vt 0.176747 0.177424
vt 0.206384 0.084150
vt 0.176747 0.084150
vt 0.206384 0.000000
vt 0.524733 0.679035
vt 0.554369 0.738959
vt 0.524732 0.738959
vt 0.524733 0.586493
vt 0.554370 0.679035
vt 0.524732 0.502735
vt 0.554370 0.586493
vt 0.933617 0.088403
vt 0.934548 0.118050
vt 0.933617 0.118050
vt 0.073592 0.429591
vt 0.090403 0.489104
vt 0.089467 0.489872
vt 0.069968 0.336307
vt 0.074590 0.429131
vt 0.373928 0.336308
vt 0.369317 0.429132
vt 0.372914 0.336580
vt 0.090403 0.252879
vt 0.070985 0.336578
vt 0.353544 0.252880
vt 0.354495 0.252213
vt 0.019745 0.796971
vt 0.020705 0.826618
vt 0.019745 0.826618
vt 0.370313 0.429593
vt 0.353544 0.489105
vt 0.925174 0.311541
vt 0.909715 0.326062
vt 0.909715 0.296414
vt 0.909715 0.340616
vt 0.925174 0.355137
vt 0.920880 0.367843
vt 0.918284 0.792750
vt 0.922795 0.822397
vt 0.918284 0.822397
vt 0.994589 0.423246
vt 0.990078 0.411968
vt 0.994589 0.411968
vt 0.941872 0.805456
vt 0.937344 0.792750
vt 0.941855 0.792750
vt 0.941855 0.818161
vt 0.937361 0.805456
vt 0.616158 0.986572
vt 0.620668 0.997638
vt 0.616158 0.997638
vt 0.265120 0.237658
vt 0.294757 0.177424
vt 0.294757 0.237658
vt 0.265120 0.177424
vt 0.294757 0.084150
vt 0.265120 0.084150
vt 0.294757 0.000000
vt 0.645336 0.176299
vt 0.674973 0.236224
vt 0.645336 0.236224
vt 0.645336 0.083758
vt 0.674973 0.176299
vt 0.645336 0.000000
vt 0.674973 0.083758
vt 0.935654 0.159444
vt 0.936585 0.189092
vt 0.935654 0.189092
vt 0.108576 0.429591
vt 0.125387 0.489104
vt 0.124451 0.489872
vt 0.104952 0.336307
vt 0.109574 0.429131
vt 0.408861 0.336308
vt 0.404250 0.429132
vt 0.407847 0.336580
vt 0.125387 0.252879
vt 0.105969 0.336578
vt 0.388477 0.252880
vt 0.389429 0.252213
vt 0.232920 0.835615
vt 0.233879 0.865262
vt 0.232920 0.865262
vt 0.405246 0.429593
vt 0.388477 0.489105
vt 0.930016 0.015126
vt 0.914557 0.029647
vt 0.914557 0.000000
vt 0.914557 0.044201
vt 0.930016 0.058722
vt 0.925722 0.071428
vt 0.402747 0.878614
vt 0.407258 0.908262
vt 0.402747 0.908262
vt 0.994622 0.463575
vt 0.990111 0.452297
vt 0.994622 0.452297
vt 0.942200 0.632314
vt 0.937672 0.619608
vt 0.942182 0.619608
vt 0.942182 0.645020
vt 0.937689 0.632314
vt 0.991622 0.117492
vt 0.996133 0.128557
vt 0.991622 0.128557
vt 0.675263 0.904366
vt 0.680416 0.846281
vt 0.680416 0.904366
vt 0.773687 0.229549
vt 0.778823 0.154342
vt 0.778823 0.229549
vt 0.557768 0.755013
vt 0.499704 0.830219
vt 0.499704 0.755013
vt 0.000047 0.829480
vt 0.005196 0.754274
vt 0.005196 0.829480
vt 0.616158 0.904366
vt 0.621311 0.846281
vt 0.621311 0.904366
vt 0.424671 0.830227
vt 0.424671 0.831727
vt 0.423461 0.830223
vt 0.557768 0.831727
vt 0.557768 0.830219
vt 0.558978 0.830223
vt 0.424671 0.755021
vt 0.423461 0.755017
vt 0.424671 0.753513
vt 0.557768 0.753513
vt 0.558978 0.755017
vt 0.482735 0.830227
vt 0.483945 0.830223
vt 0.482735 0.831727
vt 0.499704 0.831727
vt 0.498494 0.830223
vt 0.482735 0.755021
vt 0.482735 0.753513
vt 0.483945 0.755017
vt 0.498494 0.755017
vt 0.499704 0.753513
vt 0.000000 0.830984
vt 0.005149 0.830984
vt 0.005149 0.752769
vt 0.000047 0.754274
vt 0.000000 0.752769
vt 0.773784 0.231053
vt 0.778920 0.152838
vt 0.773687 0.154342
vt 0.773784 0.152838
vt 0.747018 0.954498
vt 0.756401 0.955761
vt 0.749911 0.964299
vt 0.749911 0.945458
vt 0.739411 0.959273
vt 0.739411 0.947628
vt 0.616158 0.934860
vt 0.616158 0.922683
vt 0.622957 0.928772
vt 0.994970 0.520585
vt 0.994970 0.530629
vt 0.988287 0.526137
vt 0.006745 0.930418
vt 0.006503 0.940270
vt 0.000000 0.936507
vt 0.006503 0.920566
vt 0.000000 0.924329
vt 0.947843 0.979640
vt 0.947843 0.989683
vt 0.941160 0.984132
vt 0.622457 0.938624
vt 0.988287 0.516093
vt 0.941160 0.994175
vt 0.622457 0.918920
vt 0.455310 0.974298
vt 0.444810 0.969271
vt 0.452398 0.964468
vt 0.461799 0.965760
vt 0.455310 0.955457
vt 0.444810 0.957627
vt 0.948766 0.955285
vt 0.958149 0.956548
vt 0.951660 0.965086
vt 0.951660 0.946245
vt 0.941160 0.960060
vt 0.941160 0.948415
vt 0.658855 0.934860
vt 0.658855 0.922683
vt 0.665654 0.928772
vt 0.746094 0.983345
vt 0.746094 0.993388
vt 0.739411 0.988897
vt 0.043916 0.936297
vt 0.043674 0.946149
vt 0.037171 0.942386
vt 0.043674 0.926445
vt 0.037171 0.930208
vt 0.979381 0.975334
vt 0.979381 0.985378
vt 0.972698 0.979826
vt 0.665154 0.938624
vt 0.739411 0.978853
vt 0.972698 0.989870
vt 0.665154 0.918920
vt 0.507886 0.972127
vt 0.507886 0.960483
vt 0.515494 0.965257
vt 0.518386 0.974298
vt 0.524876 0.963995
vt 0.518387 0.955457
vt 0.655285 0.963007
vt 0.658196 0.972018
vt 0.647696 0.969848
vt 0.664685 0.961715
vt 0.647696 0.958204
vt 0.658196 0.953177
vt 0.637506 0.934860
vt 0.637506 0.922683
vt 0.644306 0.928772
vt 0.718424 0.957669
vt 0.718424 0.967713
vt 0.711741 0.963221
vt 0.073924 0.936297
vt 0.073682 0.946149
vt 0.067179 0.942386
vt 0.073682 0.926445
vt 0.067179 0.930208
vt 0.601559 0.921199
vt 0.601559 0.931242
vt 0.594876 0.925690
vt 0.643806 0.938624
vt 0.711741 0.953178
vt 0.594876 0.935734
vt 0.643806 0.918920
vt 0.852025 0.977609
vt 0.841525 0.972583
vt 0.849113 0.967779
vt 0.858514 0.969071
vt 0.852025 0.958768
vt 0.841525 0.960938
vt 0.168018 0.960020
vt 0.177401 0.961283
vt 0.170912 0.969821
vt 0.170912 0.950980
vt 0.160412 0.964795
vt 0.160412 0.953150
vt 0.519809 0.937140
vt 0.519809 0.924962
vt 0.526609 0.931051
vt 0.994970 0.549674
vt 0.994970 0.559718
vt 0.988287 0.555226
vt 0.951310 0.009852
vt 0.951067 0.019704
vt 0.944565 0.015941
vt 0.951067 0.000000
vt 0.944565 0.003763
vt 0.994970 0.574272
vt 0.994970 0.584316
vt 0.988287 0.578764
vt 0.526109 0.940903
vt 0.988287 0.545183
vt 0.988287 0.588807
vt 0.526109 0.921199
vt 0.562506 0.972127
vt 0.562506 0.960483
vt 0.570114 0.965257
vt 0.573006 0.974298
vt 0.579496 0.963995
vt 0.573007 0.955457
vt 0.964356 0.717050
vt 0.973738 0.718313
vt 0.967249 0.726851
vt 0.967249 0.708010
vt 0.956749 0.721825
vt 0.956749 0.710181
vt 0.227052 0.939958
vt 0.227052 0.927781
vt 0.233851 0.933870
vt 0.993226 0.872277
vt 0.993226 0.882321
vt 0.986543 0.877829
vt 0.951310 0.044110
vt 0.951067 0.053962
vt 0.944565 0.050199
vt 0.951067 0.034258
vt 0.944565 0.038021
vt 0.601559 0.979377
vt 0.601559 0.989421
vt 0.594876 0.983869
vt 0.233351 0.943721
vt 0.986543 0.867786
vt 0.594876 0.993913
vt 0.233351 0.924018
vt 0.690703 0.972018
vt 0.680203 0.966992
vt 0.687791 0.962188
vt 0.697192 0.963480
vt 0.690703 0.953178
vt 0.680203 0.955348
vt 0.964576 0.212686
vt 0.973959 0.213949
vt 0.967470 0.222486
vt 0.967470 0.203646
vt 0.956970 0.217460
vt 0.956970 0.205816
vt 0.541158 0.937140
vt 0.541158 0.924962
vt 0.547957 0.931051
vt 0.969136 0.916479
vt 0.969136 0.926522
vt 0.962453 0.922031
vt 0.955841 0.098254
vt 0.955599 0.108106
vt 0.949097 0.104343
vt 0.955599 0.088403
vt 0.949097 0.092166
vt 0.601559 0.950288
vt 0.601559 0.960332
vt 0.594876 0.954780
vt 0.547457 0.940903
vt 0.962453 0.911987
vt 0.594876 0.964823
vt 0.547457 0.921199
vt 0.971517 0.373828
vt 0.961017 0.368802
vt 0.968605 0.363998
vt 0.978006 0.365290
vt 0.971517 0.354987
vt 0.961017 0.357157
vt 0.694965 0.904366
vt 0.700118 0.846281
vt 0.700118 0.904366
vt 0.793469 0.229549
vt 0.798605 0.154342
vt 0.798605 0.229549
vt 0.632801 0.755013
vt 0.574737 0.830219
vt 0.574737 0.755013
vt 0.287677 0.819558
vt 0.292826 0.744351
vt 0.292826 0.819558
vt 0.714667 0.904366
vt 0.719820 0.846281
vt 0.719820 0.904366
vt 0.194024 0.819560
vt 0.194024 0.821061
vt 0.192814 0.819557
vt 0.632801 0.831727
vt 0.632801 0.830219
vt 0.634011 0.830223
vt 0.194024 0.744354
vt 0.192814 0.744351
vt 0.194024 0.742847
vt 0.632801 0.753513
vt 0.634011 0.755017
vt 0.252088 0.819560
vt 0.253298 0.819557
vt 0.252088 0.821061
vt 0.574737 0.831727
vt 0.573527 0.830223
vt 0.252088 0.744354
vt 0.252088 0.742847
vt 0.253298 0.744351
vt 0.573527 0.755017
vt 0.574737 0.753513
vt 0.287630 0.821062
vt 0.292779 0.821062
vt 0.292779 0.742847
vt 0.287677 0.744351
vt 0.287630 0.742847
vt 0.793567 0.231053
vt 0.798703 0.152838
vt 0.793469 0.154342
vt 0.793567 0.152838
vt 0.284995 0.960802
vt 0.287906 0.969813
vt 0.277406 0.967643
vt 0.294396 0.959511
vt 0.277406 0.955999
vt 0.287907 0.950972
vt 0.444810 0.937140
vt 0.444810 0.924962
vt 0.451609 0.931051
vt 0.972542 0.004492
vt 0.972542 0.014535
vt 0.965859 0.010044
vt 0.095218 0.936297
vt 0.094975 0.946149
vt 0.088473 0.942386
vt 0.094975 0.926445
vt 0.088473 0.930208
vt 0.972542 0.029089
vt 0.972542 0.039133
vt 0.965859 0.033581
vt 0.451109 0.940903
vt 0.965859 0.000000
vt 0.965859 0.043625
vt 0.451109 0.921199
vt 0.413271 0.972127
vt 0.413271 0.960483
vt 0.420878 0.965257
vt 0.423771 0.974298
vt 0.430261 0.963995
vt 0.423771 0.955457
vt 0.125370 0.960809
vt 0.128281 0.969821
vt 0.117781 0.967651
vt 0.134770 0.959518
vt 0.117781 0.956006
vt 0.128281 0.950980
vt 0.680203 0.934860
vt 0.680203 0.922683
vt 0.687003 0.928772
vt 0.096624 0.965195
vt 0.096624 0.975238
vt 0.089941 0.970747
vt 0.947905 0.921839
vt 0.947662 0.931691
vt 0.941160 0.927928
vt 0.947662 0.911987
vt 0.941160 0.915750
vt 0.972542 0.058179
vt 0.972542 0.068222
vt 0.965859 0.062670
vt 0.686503 0.938624
vt 0.089941 0.960703
vt 0.965859 0.072714
vt 0.686503 0.918920
vt 0.353232 0.975914
vt 0.342732 0.970888
vt 0.350320 0.966084
vt 0.359721 0.967376
vt 0.353232 0.957074
vt 0.342732 0.959244
vt 0.007589 0.964653
vt 0.010500 0.973665
vt 0.000000 0.971495
vt 0.016989 0.963362
vt 0.000000 0.959850
vt 0.010500 0.954824
vt 0.466158 0.937140
vt 0.466158 0.924962
vt 0.472958 0.931051
vt 0.977073 0.092894
vt 0.977073 0.102938
vt 0.970390 0.098446
vt 0.946468 0.296323
vt 0.946225 0.306175
vt 0.939723 0.302412
vt 0.946225 0.286471
vt 0.939723 0.290234
vt 0.547841 0.955457
vt 0.547841 0.965500
vt 0.541158 0.959949
vt 0.472458 0.940903
vt 0.970390 0.088403
vt 0.541158 0.969992
vt 0.472458 0.921199
vt 0.958540 0.428638
vt 0.958540 0.416994
vt 0.966147 0.421768
vt 0.969040 0.430809
vt 0.975529 0.420506
vt 0.969040 0.411968
vt 0.964356 0.496044
vt 0.973738 0.497307
vt 0.967249 0.505845
vt 0.967249 0.487004
vt 0.956749 0.500819
vt 0.956749 0.489174
vt 0.937224 0.468238
vt 0.937224 0.456060
vt 0.944024 0.462149
vt 0.322551 0.963087
vt 0.322551 0.973130
vt 0.315868 0.968639
vt 0.955841 0.132512
vt 0.955599 0.142364
vt 0.949097 0.138601
vt 0.955599 0.122660
vt 0.949097 0.126424
vt 0.977073 0.117492
vt 0.977073 0.127535
vt 0.970390 0.121984
vt 0.943524 0.472001
vt 0.315868 0.958595
vt 0.970390 0.132027
vt 0.943524 0.452297
vt 0.384770 0.975914
vt 0.374270 0.970888
vt 0.381858 0.966084
vt 0.391259 0.967376
vt 0.384770 0.957073
vt 0.374270 0.959244
vt 0.964356 0.540245
vt 0.973738 0.541508
vt 0.967249 0.550046
vt 0.967249 0.531205
vt 0.956749 0.545020
vt 0.956749 0.533376
vt 0.342731 0.938756
vt 0.342731 0.926579
vt 0.349531 0.932668
vt 0.978271 0.756703
vt 0.978271 0.766747
vt 0.971588 0.762255
vt 0.963166 0.802602
vt 0.962924 0.812454
vt 0.956421 0.808690
vt 0.962924 0.792750
vt 0.956421 0.796513
vt 0.979111 0.159444
vt 0.979111 0.169488
vt 0.972428 0.163936
vt 0.349031 0.942520
vt 0.971588 0.752212
vt 0.972428 0.173980
vt 0.349031 0.922816
vt 0.969193 0.851556
vt 0.958692 0.846530
vt 0.966281 0.841726
vt 0.975682 0.843018
vt 0.969192 0.832715
vt 0.958692 0.834886
vt 0.199557 0.960020
vt 0.208939 0.961283
vt 0.202450 0.969821
vt 0.202450 0.950980
vt 0.191950 0.964795
vt 0.191950 0.953150
vt 0.937344 0.848656
vt 0.937344 0.836479
vt 0.944143 0.842568
vt 0.979381 0.950737
vt 0.979381 0.960780
vt 0.972698 0.956289
vt 0.957039 0.762064
vt 0.956797 0.771916
vt 0.950294 0.768152
vt 0.956797 0.752212
vt 0.950294 0.755975
vt 0.971994 0.867786
vt 0.971994 0.877829
vt 0.965311 0.872277
vt 0.943643 0.852419
vt 0.972698 0.946245
vt 0.965311 0.882321
vt 0.943643 0.832716
vt 0.237552 0.977116
vt 0.227052 0.972090
vt 0.234640 0.967286
vt 0.244041 0.968578
vt 0.237552 0.958275
vt 0.227052 0.960446
vt 0.635860 0.904366
vt 0.641013 0.846281
vt 0.641013 0.904366
vt 0.267847 0.819557
vt 0.272983 0.744351
vt 0.272983 0.819557
vt 0.707834 0.755013
vt 0.649770 0.830220
vt 0.649770 0.755013
vt 0.820137 0.236155
vt 0.825286 0.160949
vt 0.825286 0.236155
vt 0.655562 0.904366
vt 0.660715 0.846281
vt 0.660715 0.904366
vt 0.118991 0.819560
vt 0.118991 0.821061
vt 0.117781 0.819557
vt 0.707834 0.831727
vt 0.707834 0.830219
vt 0.709044 0.830223
vt 0.118991 0.744354
vt 0.117781 0.744351
vt 0.118991 0.742847
vt 0.707834 0.753513
vt 0.709044 0.755017
vt 0.177055 0.819560
vt 0.178265 0.819557
vt 0.177055 0.821061
vt 0.649770 0.831727
vt 0.648560 0.830223
vt 0.177055 0.744354
vt 0.177055 0.742847
vt 0.178265 0.744351
vt 0.648560 0.755017
vt 0.649770 0.753513
vt 0.820090 0.237659
vt 0.825239 0.237659
vt 0.825239 0.159444
vt 0.820137 0.160949
vt 0.820090 0.159444
vt 0.267944 0.821062
vt 0.273081 0.742847
vt 0.267847 0.744351
vt 0.267944 0.742847
vt 0.964356 0.573640
vt 0.973738 0.574903
vt 0.967249 0.583441
vt 0.967249 0.564600
vt 0.956749 0.578415
vt 0.956749 0.566771
vt 0.701551 0.934860
vt 0.701551 0.922683
vt 0.708351 0.928772
vt 0.879746 0.963260
vt 0.879746 0.973303
vt 0.873063 0.968812
vt 0.946468 0.330581
vt 0.946225 0.340433
vt 0.939723 0.336670
vt 0.946225 0.320729
vt 0.939723 0.324492
vt 0.984398 0.792750
vt 0.984398 0.802793
vt 0.977715 0.797241
vt 0.707851 0.938624
vt 0.873063 0.958768
vt 0.977715 0.807285
vt 0.707851 0.918920
vt 0.961017 0.268884
vt 0.961017 0.257239
vt 0.968624 0.262013
vt 0.971517 0.271054
vt 0.978006 0.260751
vt 0.971517 0.252213
vt 0.906118 0.962145
vt 0.909029 0.971157
vt 0.898529 0.968987
vt 0.915518 0.960854
vt 0.898529 0.957342
vt 0.909029 0.952316
vt 0.487507 0.937140
vt 0.487507 0.924962
vt 0.494306 0.931051
vt 0.994970 0.607853
vt 0.994970 0.617897
vt 0.988287 0.613405
vt 0.946468 0.262065
vt 0.946225 0.271917
vt 0.939723 0.268154
vt 0.946225 0.252213
vt 0.939723 0.255976
vt 0.994970 0.487004
vt 0.994970 0.497048
vt 0.988287 0.491496
vt 0.493806 0.940903
vt 0.988287 0.603361
vt 0.988287 0.501539
vt 0.493806 0.921199
vt 0.037171 0.977373
vt 0.037171 0.965729
vt 0.044778 0.970503
vt 0.047671 0.979544
vt 0.054160 0.969241
vt 0.047671 0.960703
vt 0.964356 0.628648
vt 0.973738 0.629911
vt 0.967249 0.638449
vt 0.967249 0.619608
vt 0.956749 0.633422
vt 0.956749 0.621778
vt 0.423461 0.937140
vt 0.423461 0.924962
vt 0.430261 0.931051
vt 0.993774 0.004492
vt 0.993774 0.014535
vt 0.987091 0.010044
vt 0.946468 0.364839
vt 0.946225 0.374691
vt 0.939723 0.370928
vt 0.946225 0.354987
vt 0.939723 0.358750
vt 0.990368 0.911987
vt 0.990368 0.922031
vt 0.983685 0.916479
vt 0.429761 0.940903
vt 0.987091 0.000000
vt 0.983685 0.926522
vt 0.429761 0.921199
vt 0.791703 0.977539
vt 0.781203 0.972513
vt 0.788791 0.967709
vt 0.798192 0.969001
vt 0.791703 0.958699
vt 0.781203 0.960869
vt 0.964338 0.662832
vt 0.967249 0.671844
vt 0.956749 0.669673
vt 0.973738 0.661541
vt 0.956749 0.658029
vt 0.967249 0.653003
vt 0.364080 0.938756
vt 0.364080 0.926579
vt 0.370879 0.932668
vt 0.075392 0.965195
vt 0.075392 0.975238
vt 0.068709 0.970747
vt 0.826748 0.948040
vt 0.826506 0.957892
vt 0.820004 0.954129
vt 0.826506 0.938188
vt 0.820004 0.941951
vt 0.826687 0.972446
vt 0.826687 0.982489
vt 0.820004 0.976938
vt 0.370379 0.942520
vt 0.068709 0.960703
vt 0.820004 0.986981
vt 0.370379 0.922816
vt 0.961017 0.303142
vt 0.961017 0.291497
vt 0.968624 0.296271
vt 0.971517 0.305312
vt 0.978006 0.295009
vt 0.971517 0.286471
vt 0.623746 0.963007
vt 0.626658 0.972018
vt 0.616158 0.969848
vt 0.633147 0.961715
vt 0.616158 0.958204
vt 0.626658 0.953177
vt 0.385428 0.938756
vt 0.385428 0.926579
vt 0.392228 0.932668
vt 0.994970 0.636942
vt 0.994970 0.646986
vt 0.988287 0.642494
vt 0.950762 0.877638
vt 0.950520 0.887490
vt 0.944017 0.883727
vt 0.950520 0.867786
vt 0.944017 0.871549
vt 0.994970 0.686398
vt 0.994970 0.696441
vt 0.988287 0.690889
vt 0.391728 0.942520
vt 0.988287 0.632451
vt 0.988287 0.700933
vt 0.391728 0.922816
vt 0.971517 0.339570
vt 0.961017 0.334544
vt 0.968605 0.329740
vt 0.978006 0.331032
vt 0.971517 0.320729
vt 0.961017 0.322899
vt 0.483955 0.964497
vt 0.493338 0.965760
vt 0.486848 0.974298
vt 0.486848 0.955457
vt 0.476348 0.969271
vt 0.476348 0.957627
vt 0.573527 0.937140
vt 0.573527 0.924962
vt 0.580327 0.931051
vt 0.993774 0.033581
vt 0.993774 0.043625
vt 0.987091 0.039133
vt 0.957879 0.169296
vt 0.957637 0.179148
vt 0.951134 0.175385
vt 0.957637 0.159444
vt 0.951134 0.163208
vt 0.993774 0.058179
vt 0.993774 0.068222
vt 0.987091 0.062670
vt 0.579827 0.940903
vt 0.987091 0.029089
vt 0.987091 0.072714
vt 0.579827 0.921199
vt 0.958573 0.468967
vt 0.958573 0.457323
vt 0.966180 0.462097
vt 0.969073 0.471138
vt 0.975562 0.460835
vt 0.969073 0.452297
vt 0.742833 0.487004
vt 0.746254 0.658829
vt 0.742833 0.658829
vt 0.760803 0.487118
vt 0.765056 0.658270
vt 0.760803 0.658384
vt 0.765056 0.487004
vt 0.769309 0.658384
vt 0.752295 0.000000
vt 0.755716 0.171825
vt 0.752295 0.171825
vt 0.755716 0.000000
vt 0.759138 0.171825
vt 0.315868 0.504426
vt 0.320121 0.676175
vt 0.315868 0.676119
vt 0.923738 0.136781
vt 0.921049 0.144020
vt 0.914557 0.139842
vt 0.320121 0.504481
vt 0.324373 0.676119
vt 0.739411 0.487004
vt 0.739411 0.658829
vt 0.916207 0.395643
vt 0.909715 0.393479
vt 0.912404 0.385407
vt 0.323731 0.690728
vt 0.839216 0.000000
vt 0.802520 0.138015
vt 0.849388 0.487004
vt 0.849387 0.639877
vt 0.812691 0.625019
vt 0.856786 0.252213
vt 0.861628 0.000000
vt 0.812691 0.777857
vt 0.871799 0.487004
vt 0.871799 0.639877
vt 0.820090 0.390229
vt 0.342731 0.504427
vt 0.739411 0.252213
vt 0.103232 0.867690
vt 0.843921 0.411968
vt 0.807688 0.792680
vt 0.423461 0.906645
vt 0.863666 0.159444
vt 0.865355 0.792750
vt 0.573527 0.906645
vt 0.141612 0.835615
vt 0.179991 0.835615
vt 0.444776 0.906645
vt 0.218371 0.835615
vt 0.273081 0.835616
vt 0.466092 0.906645
vt 0.900008 0.000000
vt 0.900008 0.075036
vt 0.498494 0.906645
vt 0.902046 0.159444
vt 0.903735 0.792750
vt 0.519809 0.906645
vt 0.895166 0.252213
vt 0.895166 0.327249
vt 0.541125 0.906645
vt 0.882300 0.411968
vt 0.763242 0.826221
vt 0.594842 0.906645
vt 0.720826 0.252213
vt 0.720826 0.500557
vt 0.756406 0.222478
vt 0.658054 0.502735
vt 0.676639 0.502991
vt 0.787969 0.903816
vt 0.695225 0.502991
vt 0.733709 0.000000
vt 0.826349 0.879433
vt 0.000000 0.504426
vt 0.018586 0.504426
vt 0.826349 0.828780
vt 0.000000 0.000000
vt 0.706276 0.252213
vt 0.022246 0.845538
vt 0.407958 0.000000
vt 0.769204 0.673383
vt 0.140870 0.489872
vt 0.353896 0.881035
vt 0.353896 0.906447
vt 0.372739 0.908262
vt 0.383904 0.880430
vt 0.826748 0.893987
vt 0.918165 0.467448
vt 0.937672 0.556617
vt 0.997066 0.252213
vt 0.044187 0.000000
vt 0.719160 0.000000
vt 0.233851 0.879816
vt 0.442942 0.000000
vt 0.769204 0.717584
vt 0.175803 0.489872
vt 0.048336 0.884664
vt 0.048336 0.910076
vt 0.067179 0.911891
vt 0.078344 0.884059
vt 0.101698 0.882244
vt 0.918284 0.848229
vt 0.937672 0.512416
vt 0.997066 0.285608
vt 0.309307 0.000000
vt 0.598556 0.502735
vt 0.022246 0.889740
vt 0.477926 0.000000
vt 0.724862 0.748901
vt 0.210736 0.489872
vt 0.909694 0.870206
vt 0.909694 0.895618
vt 0.907664 0.516651
vt 0.918828 0.488819
vt 0.921105 0.203646
vt 0.990231 0.843994
vt 0.937671 0.733422
vt 0.997066 0.319866
vt 0.220934 0.000000
vt 0.642743 0.502735
vt 0.929468 0.867786
vt 0.019481 0.252212
vt 0.020705 0.752769
vt 0.245669 0.489872
vt 0.918828 0.533626
vt 0.918828 0.559038
vt 0.907664 0.605054
vt 0.918828 0.577222
vt 0.922675 0.411968
vt 0.201401 0.995653
vt 0.937672 0.600819
vt 0.997066 0.354987
vt 0.088374 0.000000
vt 0.453098 0.502735
vt 0.740342 0.901257
vt 0.054465 0.252212
vt 0.769204 0.761785
vt 0.280602 0.489872
vt 0.918828 0.622028
vt 0.918828 0.647440
vt 0.907664 0.693456
vt 0.918828 0.665624
vt 0.921105 0.159444
vt 0.760643 0.990131
vt 0.937672 0.689221
vt 0.996133 0.088403
vt 0.132560 0.000000
vt 0.503734 0.502735
vt 0.755822 0.901257
vt 0.372974 0.000000
vt 0.724862 0.793102
vt 0.319493 0.489872
vt 0.918828 0.710431
vt 0.918828 0.735842
vt 0.909715 0.281861
vt 0.920880 0.254028
vt 0.919068 0.088403
vt 0.541158 0.995825
vt 0.315868 0.944041
vt 0.997066 0.380607
vt 0.176747 0.000000
vt 0.554369 0.502735
vt 0.934548 0.088403
vt 0.089449 0.252212
vt 0.020705 0.796971
vt 0.354477 0.489873
vt 0.920880 0.298835
vt 0.920880 0.324247
vt 0.909715 0.370263
vt 0.920880 0.342431
vt 0.922795 0.792750
vt 0.990078 0.423246
vt 0.937344 0.818161
vt 0.620668 0.986572
vt 0.265120 0.000000
vt 0.674973 0.000000
vt 0.936585 0.159444
vt 0.124433 0.252212
vt 0.233879 0.835615
vt 0.389411 0.489873
vt 0.925722 0.002420
vt 0.925722 0.027832
vt 0.914557 0.073849
vt 0.925722 0.046016
vt 0.407258 0.878614
vt 0.990111 0.463575
vt 0.937672 0.645020
vt 0.996133 0.117492
vt 0.675263 0.846281
vt 0.616158 0.846281
vt 0.778920 0.231053
vt 0.694965 0.846281
vt 0.714667 0.846281
vt 0.798703 0.231053
vt 0.635860 0.846281
vt 0.655562 0.846281
vt 0.273081 0.821062
vt 0.746254 0.487004
vt 0.769309 0.487118
vt 0.759138 0.000000
vt 0.914557 0.135358
vt 0.917246 0.132604
vt 0.921049 0.133193
vt 0.923738 0.141266
vt 0.917246 0.143430
vt 0.324373 0.504426
vt 0.916207 0.384817
vt 0.918896 0.387571
vt 0.918896 0.392055
vt 0.912404 0.396233
vt 0.909715 0.388995
s 0
usemtl MMO_oak
f 17/1/1 2/2/1 15/3/1
f 23/4/2 14/5/2 21/6/2
f 10/7/3 16/8/3 22/9/3
f 6/10/4 8/11/4 3/12/4
f 11/13/5 20/14/5 9/15/5
f 1/16/6 2/17/6 3/18/6
f 4/19/7 5/20/7 6/21/7
f 7/22/8 8/23/8 9/24/8
f 10/7/9 11/25/9 12/26/9
f 13/27/10 14/28/10 15/29/10
f 16/8/11 17/30/11 18/31/11
f 19/32/12 20/33/12 21/34/12
f 22/9/13 23/35/13 24/36/13
f 1/16/14 8/23/14 7/22/14
f 4/37/15 3/12/15 2/38/15
f 10/7/16 6/21/16 5/20/16
f 9/39/17 12/40/17 11/41/17
f 7/22/18 20/33/18 19/32/18
f 22/9/19 11/25/19 10/7/19
f 21/6/20 24/42/20 23/4/20
f 19/32/21 14/28/21 13/27/21
f 16/8/22 23/35/22 22/9/22
f 15/43/23 18/44/23 17/45/23
f 13/27/24 2/17/24 1/16/24
f 5/20/25 17/30/25 16/8/25
f 19/32/26 1/16/26 7/22/26
f 41/46/1 26/47/1 39/48/1
f 47/49/2 38/50/2 45/51/2
f 34/52/3 40/53/3 46/54/3
f 30/55/4 32/56/4 27/57/4
f 35/58/5 44/59/5 33/60/5
f 25/61/6 26/62/6 27/63/6
f 28/64/7 29/65/7 30/66/7
f 31/67/8 32/68/8 33/69/8
f 34/52/9 35/70/9 36/71/9
f 37/72/10 38/73/10 39/74/10
f 40/53/11 41/75/11 42/76/11
f 43/77/12 44/78/12 45/79/12
f 46/54/13 47/80/13 48/81/13
f 25/61/14 32/68/14 31/67/14
f 28/82/15 27/57/15 26/83/15
f 34/52/16 30/66/16 29/65/16
f 33/84/17 36/85/17 35/86/17
f 31/67/18 44/78/18 43/77/18
f 46/54/19 35/70/19 34/52/19
f 45/51/20 48/87/20 47/49/20
f 43/77/21 38/73/21 37/72/21
f 40/53/22 47/80/22 46/54/22
f 39/88/23 42/89/23 41/90/23
f 37/72/24 26/62/24 25/61/24
f 29/65/25 41/75/25 40/53/25
f 43/77/26 25/61/26 31/67/26
f 65/91/1 50/92/1 63/93/1
f 71/94/2 62/95/2 69/96/2
f 58/97/3 64/98/3 70/99/3
f 54/100/4 56/101/4 51/102/4
f 59/103/5 68/104/5 57/105/5
f 49/106/6 50/107/6 51/108/6
f 52/109/7 53/110/7 54/111/7
f 55/112/8 56/113/8 57/114/8
f 58/97/9 59/115/9 60/116/9
f 61/117/10 62/118/10 63/119/10
f 64/98/11 65/120/11 66/121/11
f 67/122/12 68/123/12 69/124/12
f 70/99/13 71/125/13 72/126/13
f 49/106/14 56/113/14 55/112/14
f 52/127/15 51/102/15 50/128/15
f 58/97/16 54/111/16 53/110/16
f 57/129/17 60/130/17 59/131/17
f 55/112/18 68/123/18 67/122/18
f 70/99/19 59/115/19 58/97/19
f 69/96/20 72/132/20 71/94/20
f 67/122/21 62/118/21 61/117/21
f 64/98/22 71/125/22 70/99/22
f 63/133/23 66/134/23 65/135/23
f 61/117/24 50/107/24 49/106/24
f 53/110/25 65/120/25 64/98/25
f 67/122/26 49/106/26 55/112/26
f 89/136/1 74/137/1 87/138/1
f 95/139/2 86/140/2 93/141/2
f 82/142/3 88/143/3 94/144/3
f 78/145/4 80/146/4 75/147/4
f 83/148/5 92/149/5 81/150/5
f 73/151/6 74/152/6 75/153/6
f 76/154/7 77/155/7 78/156/7
f 79/157/8 80/158/8 81/159/8
f 82/142/9 83/160/9 84/161/9
f 85/162/10 86/163/10 87/164/10
f 88/143/11 89/165/11 90/166/11
f 91/167/12 92/168/12 93/169/12
f 94/144/13 95/170/13 96/171/13
f 73/151/14 80/158/14 79/157/14
f 76/172/15 75/147/15 74/173/15
f 82/142/16 78/156/16 77/155/16
f 81/174/17 84/175/17 83/176/17
f 79/157/18 92/168/18 91/167/18
f 94/144/19 83/160/19 82/142/19
f 93/141/20 96/177/20 95/139/20
f 91/167/21 86/163/21 85/162/21
f 88/143/22 95/170/22 94/144/22
f 87/178/23 90/179/23 89/180/23
f 85/162/24 74/152/24 73/151/24
f 77/155/25 89/165/25 88/143/25
f 91/167/26 73/151/26 79/157/26
f 137/226/1 122/227/1 135/228/1
f 143/229/2 134/230/2 141/231/2
f 130/232/3 136/233/3 142/234/3
f 126/235/4 128/236/4 123/237/4
f 131/238/5 140/239/5 129/240/5
f 121/241/6 122/242/6 123/243/6
f 124/244/7 125/245/7 126/246/7
f 127/247/8 128/248/8 129/249/8
f 130/232/9 131/250/9 132/251/9
f 133/252/10 134/253/10 135/254/10
f 136/233/11 137/255/11 138/256/11
f 139/257/12 140/258/12 141/259/12
f 142/234/13 143/260/13 144/261/13
f 121/241/14 128/248/14 127/247/14
f 124/262/15 123/237/15 122/263/15
f 130/232/16 126/246/16 125/245/16
f 129/264/17 132/265/17 131/266/17
f 127/247/18 140/258/18 139/257/18
f 142/234/19 131/250/19 130/232/19
f 141/231/28 144/267/28 143/229/28
f 139/257/21 134/253/21 133/252/21
f 136/233/22 143/260/22 142/234/22
f 135/268/23 138/269/23 137/270/23
f 133/252/24 122/242/24 121/241/24
f 125/245/25 137/255/25 136/233/25
f 139/257/26 121/241/26 127/247/26
f 185/316/1 170/317/1 183/318/1
f 191/319/2 182/320/2 189/321/2
f 178/322/3 184/323/3 190/324/3
f 174/325/4 176/326/4 171/327/4
f 179/328/5 188/329/5 177/330/5
f 169/331/6 170/332/6 171/333/6
f 172/334/7 173/335/7 174/336/7
f 175/337/8 176/338/8 177/339/8
f 178/322/9 179/340/9 180/341/9
f 181/342/10 182/343/10 183/344/10
f 184/323/11 185/345/11 186/346/11
f 187/347/12 188/348/12 189/349/12
f 190/324/13 191/350/13 192/351/13
f 169/331/14 176/338/14 175/337/14
f 172/352/29 171/327/29 170/353/29
f 178/322/16 174/336/16 173/335/16
f 177/354/30 180/355/30 179/356/30
f 175/337/18 188/348/18 187/347/18
f 190/324/19 179/340/19 178/322/19
f 189/321/28 192/357/28 191/319/28
f 187/347/21 182/343/21 181/342/21
f 184/323/22 191/350/22 190/324/22
f 183/358/27 186/359/27 185/360/27
f 181/342/24 170/332/24 169/331/24
f 173/335/25 185/345/25 184/323/25
f 187/347/26 169/331/26 175/337/26
f 233/406/1 218/407/1 231/408/1
f 239/409/2 230/410/2 237/411/2
f 226/412/3 232/413/3 238/414/3
f 222/415/4 224/416/4 219/417/4
f 227/418/5 236/419/5 225/420/5
f 217/421/6 218/422/6 219/423/6
f 220/424/7 221/425/7 222/426/7
f 223/427/8 224/428/8 225/429/8
f 226/412/9 227/430/9 228/431/9
f 229/432/10 230/433/10 231/434/10
f 232/413/11 233/435/11 234/436/11
f 235/437/12 236/438/12 237/439/12
f 238/414/13 239/440/13 240/441/13
f 217/421/14 224/428/14 223/427/14
f 220/442/29 219/417/29 218/443/29
f 226/412/16 222/426/16 221/425/16
f 225/444/30 228/445/30 227/446/30
f 223/427/18 236/438/18 235/437/18
f 238/414/19 227/430/19 226/412/19
f 237/411/28 240/447/28 239/409/28
f 235/437/21 230/433/21 229/432/21
f 232/413/22 239/440/22 238/414/22
f 231/448/27 234/449/27 233/450/27
f 229/432/24 218/422/24 217/421/24
f 221/425/25 233/435/25 232/413/25
f 235/437/26 217/421/26 223/427/26
f 281/496/1 266/497/1 279/498/1
f 287/499/2 278/500/2 285/501/2
f 274/502/3 280/503/3 286/504/3
f 270/505/4 272/506/4 267/507/4
f 275/508/5 284/509/5 273/510/5
f 265/511/6 266/512/6 267/513/6
f 268/514/7 269/515/7 270/516/7
f 271/517/8 272/518/8 273/519/8
f 274/502/9 275/520/9 276/521/9
f 277/522/10 278/523/10 279/524/10
f 280/503/11 281/525/11 282/526/11
f 283/527/12 284/528/12 285/529/12
f 286/504/13 287/530/13 288/531/13
f 265/511/14 272/518/14 271/517/14
f 268/532/29 267/507/29 266/533/29
f 274/502/16 270/516/16 269/515/16
f 273/534/30 276/535/30 275/536/30
f 271/517/18 284/528/18 283/527/18
f 286/504/19 275/520/19 274/502/19
f 285/501/20 288/537/20 287/499/20
f 283/527/21 278/523/21 277/522/21
f 280/503/22 287/530/22 286/504/22
f 279/538/27 282/539/27 281/540/27
f 277/522/24 266/512/24 265/511/24
f 269/515/25 281/525/25 280/503/25
f 283/527/26 265/511/26 271/517/26
f 633/1198/1 618/1199/1 631/1200/1
f 639/1201/2 630/1202/2 637/1203/2
f 626/1204/3 632/1205/3 638/1206/3
f 622/1207/4 624/1208/4 619/1209/4
f 627/1210/5 636/1211/5 625/1212/5
f 617/1213/6 618/1214/6 619/1215/6
f 620/1216/7 621/1217/7 622/1218/7
f 623/1219/8 624/1220/8 625/1221/8
f 626/1204/9 627/1222/9 628/1223/9
f 629/1224/10 630/1225/10 631/1226/10
f 632/1205/11 633/1227/11 634/1228/11
f 635/1229/12 636/1230/12 637/1231/12
f 638/1206/13 639/1232/13 640/1233/13
f 617/1213/14 624/1220/14 623/1219/14
f 620/1234/15 619/1209/15 618/1235/15
f 626/1204/16 622/1218/16 621/1217/16
f 625/1236/17 628/1237/17 627/1238/17
f 623/1219/18 636/1230/18 635/1229/18
f 638/1206/19 627/1222/19 626/1204/19
f 637/1203/20 640/1239/20 639/1201/20
f 635/1229/21 630/1225/21 629/1224/21
f 632/1205/22 639/1232/22 638/1206/22
f 631/1240/23 634/1241/23 633/1242/23
f 629/1224/24 618/1214/24 617/1213/24
f 621/1217/25 633/1227/25 632/1205/25
f 635/1229/26 617/1213/26 623/1219/26
f 729/1423/1 714/1424/1 727/1425/1
f 735/1426/2 726/1427/2 733/1428/2
f 722/1429/3 728/1430/3 734/1431/3
f 718/1432/4 720/1433/4 715/1434/4
f 723/1435/5 732/1436/5 721/1437/5
f 713/1438/6 714/1439/6 715/1440/6
f 716/1441/7 717/1442/7 718/1443/7
f 719/1444/8 720/1445/8 721/1446/8
f 722/1429/9 723/1447/9 724/1448/9
f 725/1449/10 726/1450/10 727/1451/10
f 728/1430/11 729/1452/11 730/1453/11
f 731/1454/12 732/1455/12 733/1456/12
f 734/1431/13 735/1457/13 736/1458/13
f 713/1438/14 720/1445/14 719/1444/14
f 716/1459/15 715/1434/15 714/1460/15
f 722/1429/16 718/1443/16 717/1442/16
f 721/1461/17 724/1462/17 723/1463/17
f 719/1444/18 732/1455/18 731/1454/18
f 734/1431/19 723/1447/19 722/1429/19
f 733/1428/20 736/1464/20 735/1426/20
f 731/1454/21 726/1450/21 725/1449/21
f 728/1430/22 735/1457/22 734/1431/22
f 727/1465/23 730/1466/23 729/1467/23
f 725/1449/24 714/1439/24 713/1438/24
f 717/1442/25 729/1452/25 728/1430/25
f 731/1454/26 713/1438/26 719/1444/26
f 825/1648/1 810/1649/1 823/1650/1
f 831/1651/2 822/1652/2 829/1653/2
f 818/1654/3 824/1655/3 830/1656/3
f 814/1657/4 816/1658/4 811/1659/4
f 819/1660/5 828/1661/5 817/1662/5
f 809/1663/6 810/1664/6 811/1665/6
f 812/1666/7 813/1667/7 814/1668/7
f 815/1669/8 816/1670/8 817/1671/8
f 818/1654/9 819/1672/9 820/1673/9
f 821/1674/10 822/1675/10 823/1676/10
f 824/1655/11 825/1677/11 826/1678/11
f 827/1679/12 828/1680/12 829/1681/12
f 830/1656/13 831/1682/13 832/1683/13
f 809/1663/14 816/1670/14 815/1669/14
f 812/1684/15 811/1659/15 810/1685/15
f 818/1654/16 814/1668/16 813/1667/16
f 817/1686/17 820/1687/17 819/1688/17
f 815/1669/18 828/1680/18 827/1679/18
f 830/1656/19 819/1672/19 818/1654/19
f 829/1653/20 832/1689/20 831/1651/20
f 827/1679/21 822/1675/21 821/1674/21
f 824/1655/22 831/1682/22 830/1656/22
f 823/1690/23 826/1691/23 825/1692/23
f 821/1674/24 810/1664/24 809/1663/24
f 813/1667/25 825/1677/25 824/1655/25
f 827/1679/26 809/1663/26 815/1669/26
f 17/1/1 4/1899/1 2/2/1
f 23/4/2 18/44/2 14/5/2
f 10/7/3 5/20/3 16/8/3
f 6/10/4 12/40/4 8/11/4
f 11/13/5 24/1900/5 20/14/5
f 1/16/14 3/18/14 8/23/14
f 4/37/15 6/10/15 3/12/15
f 10/7/16 12/26/16 6/21/16
f 9/39/17 8/11/17 12/40/17
f 7/22/18 9/24/18 20/33/18
f 22/9/19 24/36/19 11/25/19
f 21/6/20 20/1901/20 24/42/20
f 19/32/21 21/34/21 14/28/21
f 16/8/22 18/31/22 23/35/22
f 15/43/23 14/5/23 18/44/23
f 13/27/24 15/29/24 2/17/24
f 5/20/25 4/19/25 17/30/25
f 19/32/26 13/27/26 1/16/26
f 41/46/1 28/1902/1 26/47/1
f 47/49/2 42/89/2 38/50/2
f 34/52/3 29/65/3 40/53/3
f 30/55/4 36/85/4 32/56/4
f 35/58/5 48/1903/5 44/59/5
f 25/61/14 27/63/14 32/68/14
f 28/82/15 30/55/15 27/57/15
f 34/52/16 36/71/16 30/66/16
f 33/84/17 32/56/17 36/85/17
f 31/67/18 33/69/18 44/78/18
f 46/54/19 48/81/19 35/70/19
f 45/51/20 44/1904/20 48/87/20
f 43/77/21 45/79/21 38/73/21
f 40/53/22 42/76/22 47/80/22
f 39/88/23 38/50/23 42/89/23
f 37/72/24 39/74/24 26/62/24
f 29/65/25 28/64/25 41/75/25
f 43/77/26 37/72/26 25/61/26
f 65/91/1 52/1905/1 50/92/1
f 71/94/2 66/134/2 62/95/2
f 58/97/3 53/110/3 64/98/3
f 54/100/4 60/130/4 56/101/4
f 59/103/5 72/1906/5 68/104/5
f 49/106/14 51/108/14 56/113/14
f 52/127/15 54/100/15 51/102/15
f 58/97/16 60/116/16 54/111/16
f 57/129/17 56/101/17 60/130/17
f 55/112/18 57/114/18 68/123/18
f 70/99/19 72/126/19 59/115/19
f 69/96/20 68/1907/20 72/132/20
f 67/122/21 69/124/21 62/118/21
f 64/98/22 66/121/22 71/125/22
f 63/133/23 62/95/23 66/134/23
f 61/117/24 63/119/24 50/107/24
f 53/110/25 52/109/25 65/120/25
f 67/122/26 61/117/26 49/106/26
f 89/136/1 76/1908/1 74/137/1
f 95/139/2 90/179/2 86/140/2
f 82/142/3 77/155/3 88/143/3
f 78/145/4 84/175/4 80/146/4
f 83/148/5 96/1909/5 92/149/5
f 73/151/14 75/153/14 80/158/14
f 76/172/15 78/145/15 75/147/15
f 82/142/16 84/161/16 78/156/16
f 81/174/17 80/146/17 84/175/17
f 79/157/18 81/159/18 92/168/18
f 94/144/19 96/171/19 83/160/19
f 93/141/20 92/1910/20 96/177/20
f 91/167/21 93/169/21 86/163/21
f 88/143/22 90/166/22 95/170/22
f 87/178/23 86/140/23 90/179/23
f 85/162/24 87/164/24 74/152/24
f 77/155/25 76/154/25 89/165/25
f 91/167/26 85/162/26 73/151/26
f 137/226/1 124/1914/1 122/227/1
f 143/229/2 138/269/2 134/230/2
f 130/232/3 125/245/3 136/233/3
f 126/235/4 132/265/4 128/236/4
f 131/238/5 144/1915/5 140/239/5
f 121/241/14 123/243/14 128/248/14
f 124/262/29 126/235/29 123/237/29
f 130/232/16 132/251/16 126/246/16
f 129/264/30 128/236/30 132/265/30
f 127/247/18 129/249/18 140/258/18
f 142/234/19 144/261/19 131/250/19
f 141/231/20 140/1916/20 144/267/20
f 139/257/21 141/259/21 134/253/21
f 136/233/22 138/256/22 143/260/22
f 135/268/27 134/230/27 138/269/27
f 133/252/24 135/254/24 122/242/24
f 125/245/25 124/244/25 137/255/25
f 139/257/26 133/252/26 121/241/26
f 185/316/1 172/1920/1 170/317/1
f 191/319/2 186/359/2 182/320/2
f 178/322/3 173/335/3 184/323/3
f 174/325/4 180/355/4 176/326/4
f 179/328/5 192/1921/5 188/329/5
f 169/331/14 171/333/14 176/338/14
f 172/352/29 174/325/29 171/327/29
f 178/322/16 180/341/16 174/336/16
f 177/354/30 176/326/30 180/355/30
f 175/337/18 177/339/18 188/348/18
f 190/324/19 192/351/19 179/340/19
f 189/321/28 188/1922/28 192/357/28
f 187/347/21 189/349/21 182/343/21
f 184/323/22 186/346/22 191/350/22
f 183/358/27 182/320/27 186/359/27
f 181/342/24 183/344/24 170/332/24
f 173/335/25 172/334/25 185/345/25
f 187/347/26 181/342/26 169/331/26
f 233/406/1 220/1926/1 218/407/1
f 239/409/2 234/449/2 230/410/2
f 226/412/3 221/425/3 232/413/3
f 222/415/4 228/445/4 224/416/4
f 227/418/5 240/1927/5 236/419/5
f 217/421/14 219/423/14 224/428/14
f 220/442/29 222/415/29 219/417/29
f 226/412/16 228/431/16 222/426/16
f 225/444/30 224/416/30 228/445/30
f 223/427/18 225/429/18 236/438/18
f 238/414/19 240/441/19 227/430/19
f 237/411/28 236/1928/28 240/447/28
f 235/437/21 237/439/21 230/433/21
f 232/413/22 234/436/22 239/440/22
f 231/448/27 230/410/27 234/449/27
f 229/432/24 231/434/24 218/422/24
f 221/425/25 220/424/25 233/435/25
f 235/437/26 229/432/26 217/421/26
f 281/496/1 268/1932/1 266/497/1
f 287/499/2 282/539/2 278/500/2
f 274/502/3 269/515/3 280/503/3
f 270/505/4 276/535/4 272/506/4
f 275/508/5 288/1933/5 284/509/5
f 265/511/14 267/513/14 272/518/14
f 268/532/29 270/505/29 267/507/29
f 274/502/16 276/521/16 270/516/16
f 273/534/30 272/506/30 276/535/30
f 271/517/18 273/519/18 284/528/18
f 286/504/19 288/531/19 275/520/19
f 285/501/28 284/1934/28 288/537/28
f 283/527/21 285/529/21 278/523/21
f 280/503/22 282/526/22 287/530/22
f 279/538/23 278/500/23 282/539/23
f 277/522/24 279/524/24 266/512/24
f 269/515/25 268/514/25 281/525/25
f 283/527/26 277/522/26 265/511/26
f 633/1198/1 620/2062/1 618/1199/1
f 639/1201/2 634/1241/2 630/1202/2
f 626/1204/3 621/1217/3 632/1205/3
f 622/1207/4 628/1237/4 624/1208/4
f 627/1210/5 640/2063/5 636/1211/5
f 617/1213/14 619/1215/14 624/1220/14
f 620/1234/15 622/1207/15 619/1209/15
f 626/1204/16 628/1223/16 622/1218/16
f 625/1236/17 624/1208/17 628/1237/17
f 623/1219/18 625/1221/18 636/1230/18
f 638/1206/19 640/1233/19 627/1222/19
f 637/1203/20 636/2064/20 640/1239/20
f 635/1229/21 637/1231/21 630/1225/21
f 632/1205/22 634/1228/22 639/1232/22
f 631/1240/23 630/1202/23 634/1241/23
f 629/1224/24 631/1226/24 618/1214/24
f 621/1217/25 620/1216/25 633/1227/25
f 635/1229/26 629/1224/26 617/1213/26
f 729/1423/1 716/2065/1 714/1424/1
f 735/1426/2 730/1466/2 726/1427/2
f 722/1429/3 717/1442/3 728/1430/3
f 718/1432/4 724/1462/4 720/1433/4
f 723/1435/5 736/2066/5 732/1436/5
f 713/1438/14 715/1440/14 720/1445/14
f 716/1459/15 718/1432/15 715/1434/15
f 722/1429/16 724/1448/16 718/1443/16
f 721/1461/17 720/1433/17 724/1462/17
f 719/1444/18 721/1446/18 732/1455/18
f 734/1431/19 736/1458/19 723/1447/19
f 733/1428/20 732/2067/20 736/1464/20
f 731/1454/21 733/1456/21 726/1450/21
f 728/1430/22 730/1453/22 735/1457/22
f 727/1465/23 726/1427/23 730/1466/23
f 725/1449/24 727/1451/24 714/1439/24
f 717/1442/25 716/1441/25 729/1452/25
f 731/1454/26 725/1449/26 713/1438/26
f 825/1648/1 812/2068/1 810/1649/1
f 831/1651/2 826/1691/2 822/1652/2
f 818/1654/3 813/1667/3 824/1655/3
f 814/1657/4 820/1687/4 816/1658/4
f 819/1660/5 832/2069/5 828/1661/5
f 809/1663/14 811/1665/14 816/1670/14
f 812/1684/15 814/1657/15 811/1659/15
f 818/1654/16 820/1673/16 814/1668/16
f 817/1686/17 816/1658/17 820/1687/17
f 815/1669/18 817/1671/18 828/1680/18
f 830/1656/19 832/1683/19 819/1672/19
f 829/1653/20 828/2070/20 832/1689/20
f 827/1679/21 829/1681/21 822/1675/21
f 824/1655/22 826/1678/22 831/1682/22
f 823/1690/23 822/1652/23 826/1691/23
f 821/1674/24 823/1676/24 810/1664/24
f 813/1667/25 812/1666/25 825/1677/25
f 827/1679/26 821/1674/26 809/1663/26
usemtl MMO_darkwood
f 113/181/1 98/182/1 111/183/1
f 119/184/2 110/185/2 117/186/2
f 106/187/3 112/188/3 118/189/3
f 102/190/4 104/191/4 99/192/4
f 107/193/5 116/194/5 105/195/5
f 97/196/6 98/197/6 99/198/6
f 100/199/7 101/200/7 102/201/7
f 103/202/8 104/203/8 105/204/8
f 106/187/9 107/205/9 108/206/9
f 109/207/10 110/208/10 111/209/10
f 112/188/11 113/210/11 114/211/11
f 115/212/12 116/213/12 117/214/12
f 118/189/13 119/215/13 120/216/13
f 97/196/14 104/203/14 103/202/14
f 100/217/15 99/192/15 98/218/15
f 106/187/16 102/201/16 101/200/16
f 105/219/17 108/220/17 107/221/17
f 103/202/18 116/213/18 115/212/18
f 118/189/19 107/205/19 106/187/19
f 117/186/20 120/222/20 119/184/20
f 115/212/21 110/208/21 109/207/21
f 112/188/22 119/215/22 118/189/22
f 111/223/27 114/224/27 113/225/27
f 109/207/24 98/197/24 97/196/24
f 101/200/25 113/210/25 112/188/25
f 115/212/26 97/196/26 103/202/26
s 1
f 906/1873/63 907/1874/64 905/1875/65
f 908/1876/66 909/1877/67 907/1878/64
f 910/1879/68 911/1880/69 909/1877/67
f 912/1881/70 913/1882/71 911/1883/69
f 914/1884/72 915/1885/73 913/1882/71
f 916/1886/74 917/1887/75 915/1888/73
s 0
f 918/1889/3 914/1890/3 910/1891/3
s 1
f 918/1892/76 919/1893/77 917/1887/75
f 920/1894/78 905/1875/65 919/1895/77
s 0
f 911/1896/26 915/1897/26 919/1898/26
f 113/181/1 100/1911/1 98/182/1
f 119/184/2 114/224/2 110/185/2
f 106/187/3 101/200/3 112/188/3
f 102/190/4 108/220/4 104/191/4
f 107/193/5 120/1912/5 116/194/5
f 97/196/14 99/198/14 104/203/14
f 100/217/15 102/190/15 99/192/15
f 106/187/16 108/206/16 102/201/16
f 105/219/17 104/191/17 108/220/17
f 103/202/18 105/204/18 116/213/18
f 118/189/19 120/216/19 107/205/19
f 117/186/28 116/1913/28 120/222/28
f 115/212/21 117/214/21 110/208/21
f 112/188/22 114/211/22 119/215/22
f 111/223/23 110/185/23 114/224/23
f 109/207/24 111/209/24 98/197/24
f 101/200/25 100/199/25 113/210/25
f 115/212/26 109/207/26 97/196/26
s 1
f 906/1873/63 908/2071/66 907/1874/64
f 908/1876/66 910/1879/68 909/1877/67
f 910/1879/68 912/2072/70 911/1880/69
f 912/1881/70 914/1884/72 913/1882/71
f 914/1884/72 916/2073/74 915/1885/73
f 916/1886/74 918/1892/76 917/1887/75
s 0
f 910/1891/3 908/2074/3 906/2075/3
f 906/2075/3 920/2076/3 918/1889/3
f 918/1889/3 916/2077/3 914/1890/3
f 914/1890/3 912/2078/3 910/1891/3
f 910/1891/3 906/2075/3 918/1889/3
s 1
f 918/1892/76 920/2079/78 919/1893/77
f 920/1894/78 906/1873/63 905/1875/65
s 0
f 919/1898/26 905/2080/26 907/2081/26
f 907/2081/26 909/2082/26 911/1896/26
f 911/1896/26 913/2083/26 915/1897/26
f 915/1897/26 917/2084/26 919/1898/26
f 919/1898/26 907/2081/26 911/1896/26
usemtl MMO_honey
f 161/271/1 146/272/1 159/273/1
f 167/274/2 158/275/2 165/276/2
f 154/277/3 160/278/3 166/279/3
f 150/280/4 152/281/4 147/282/4
f 155/283/5 164/284/5 153/285/5
f 145/286/6 146/287/6 147/288/6
f 148/289/7 149/290/7 150/291/7
f 151/292/8 152/293/8 153/294/8
f 154/277/9 155/295/9 156/296/9
f 157/297/10 158/298/10 159/299/10
f 160/278/11 161/300/11 162/301/11
f 163/302/12 164/303/12 165/304/12
f 166/279/13 167/305/13 168/306/13
f 145/286/14 152/293/14 151/292/14
f 148/307/15 147/282/15 146/308/15
f 154/277/16 150/291/16 149/290/16
f 153/309/17 156/310/17 155/311/17
f 151/292/18 164/303/18 163/302/18
f 166/279/19 155/295/19 154/277/19
f 165/276/20 168/312/20 167/274/20
f 163/302/21 158/298/21 157/297/21
f 160/278/22 167/305/22 166/279/22
f 159/313/27 162/314/27 161/315/27
f 157/297/24 146/287/24 145/286/24
f 149/290/25 161/300/25 160/278/25
f 163/302/26 145/286/26 151/292/26
f 209/361/1 194/362/1 207/363/1
f 215/364/2 206/365/2 213/366/2
f 202/367/3 208/368/3 214/369/3
f 198/370/4 200/371/4 195/372/4
f 203/373/5 212/374/5 201/375/5
f 193/376/6 194/377/6 195/378/6
f 196/379/7 197/380/7 198/381/7
f 199/382/8 200/383/8 201/384/8
f 202/367/9 203/385/9 204/386/9
f 205/387/10 206/388/10 207/389/10
f 208/368/11 209/390/11 210/391/11
f 211/392/12 212/393/12 213/394/12
f 214/369/13 215/395/13 216/396/13
f 193/376/14 200/383/14 199/382/14
f 196/397/29 195/372/29 194/398/29
f 202/367/16 198/381/16 197/380/16
f 201/399/30 204/400/30 203/401/30
f 199/382/18 212/393/18 211/392/18
f 214/369/19 203/385/19 202/367/19
f 213/366/28 216/402/28 215/364/28
f 211/392/21 206/388/21 205/387/21
f 208/368/22 215/395/22 214/369/22
f 207/403/27 210/404/27 209/405/27
f 205/387/24 194/377/24 193/376/24
f 197/380/25 209/390/25 208/368/25
f 211/392/26 193/376/26 199/382/26
f 257/451/1 242/452/1 255/453/1
f 263/454/2 254/455/2 261/456/2
f 250/457/3 256/458/3 262/459/3
f 246/460/4 248/461/4 243/462/4
f 251/463/5 260/464/5 249/465/5
f 241/466/6 242/467/6 243/468/6
f 244/469/7 245/470/7 246/471/7
f 247/472/8 248/473/8 249/474/8
f 250/457/9 251/475/9 252/476/9
f 253/477/10 254/478/10 255/479/10
f 256/458/11 257/480/11 258/481/11
f 259/482/12 260/483/12 261/484/12
f 262/459/13 263/485/13 264/486/13
f 241/466/14 248/473/14 247/472/14
f 244/487/29 243/462/29 242/488/29
f 250/457/16 246/471/16 245/470/16
f 249/489/30 252/490/30 251/491/30
f 247/472/18 260/483/18 259/482/18
f 262/459/19 251/475/19 250/457/19
f 261/456/28 264/492/28 263/454/28
f 259/482/21 254/478/21 253/477/21
f 256/458/22 263/485/22 262/459/22
f 255/493/27 258/494/27 257/495/27
f 253/477/24 242/467/24 241/466/24
f 245/470/25 257/480/25 256/458/25
f 259/482/26 241/466/26 247/472/26
f 305/541/1 290/542/1 303/543/1
f 311/544/2 302/545/2 309/546/2
f 298/547/3 304/548/3 310/549/3
f 294/550/4 296/551/4 291/552/4
f 299/553/5 308/554/5 297/555/5
f 289/556/6 290/557/6 291/558/6
f 292/559/7 293/560/7 294/561/7
f 295/562/8 296/563/8 297/564/8
f 298/547/9 299/565/9 300/566/9
f 301/567/10 302/568/10 303/569/10
f 304/548/11 305/570/11 306/571/11
f 307/572/12 308/573/12 309/574/12
f 310/549/13 311/575/13 312/576/13
f 289/556/14 296/563/14 295/562/14
f 292/577/29 291/552/29 290/578/29
f 298/547/16 294/561/16 293/560/16
f 297/579/30 300/580/30 299/581/30
f 295/562/18 308/573/18 307/572/18
f 310/549/19 299/565/19 298/547/19
f 309/546/28 312/582/28 311/544/28
f 307/572/21 302/568/21 301/567/21
f 304/548/22 311/575/22 310/549/22
f 303/583/27 306/584/27 305/585/27
f 301/567/24 290/557/24 289/556/24
f 293/560/25 305/570/25 304/548/25
f 307/572/26 289/556/26 295/562/26
f 329/586/1 314/587/1 327/588/1
f 335/589/2 326/590/2 333/591/2
f 322/592/3 328/593/3 334/594/3
f 318/595/4 320/596/4 315/597/4
f 323/598/5 332/599/5 321/600/5
f 313/601/6 314/602/6 315/603/6
f 316/604/7 317/605/7 318/606/7
f 319/607/8 320/608/8 321/609/8
f 322/592/9 323/610/9 324/611/9
f 325/612/10 326/613/10 327/614/10
f 328/593/11 329/615/11 330/616/11
f 331/617/12 332/618/12 333/619/12
f 334/594/13 335/620/13 336/621/13
f 313/601/14 320/608/14 319/607/14
f 316/622/15 315/597/15 314/623/15
f 322/592/16 318/606/16 317/605/16
f 321/624/17 324/625/17 323/626/17
f 319/607/18 332/618/18 331/617/18
f 334/594/19 323/610/19 322/592/19
f 333/591/20 336/627/20 335/589/20
f 331/617/21 326/613/21 325/612/21
f 328/593/22 335/620/22 334/594/22
f 327/628/23 330/629/23 329/630/23
f 325/612/24 314/602/24 313/601/24
f 317/605/25 329/615/25 328/593/25
f 331/617/26 313/601/26 319/607/26
f 353/631/1 338/632/1 351/633/1
f 359/634/2 350/635/2 357/636/2
f 346/637/3 352/638/3 358/639/3
f 342/640/4 344/641/4 339/642/4
f 347/643/5 356/644/5 345/645/5
f 337/646/6 338/647/6 339/648/6
f 340/649/7 341/650/7 342/651/7
f 343/652/8 344/653/8 345/654/8
f 346/637/9 347/655/9 348/656/9
f 349/657/10 350/658/10 351/659/10
f 352/638/11 353/660/11 354/661/11
f 355/662/12 356/663/12 357/664/12
f 358/639/13 359/665/13 360/666/13
f 337/646/14 344/653/14 343/652/14
f 340/667/15 339/642/15 338/668/15
f 346/637/16 342/651/16 341/650/16
f 345/669/17 348/670/17 347/671/17
f 343/652/18 356/663/18 355/662/18
f 358/639/19 347/655/19 346/637/19
f 357/636/20 360/672/20 359/634/20
f 355/662/21 350/658/21 349/657/21
f 352/638/22 359/665/22 358/639/22
f 351/673/23 354/674/23 353/675/23
f 349/657/24 338/647/24 337/646/24
f 341/650/25 353/660/25 352/638/25
f 355/662/26 337/646/26 343/652/26
f 377/676/1 362/677/1 375/678/1
f 383/679/2 374/680/2 381/681/2
f 370/682/3 376/683/3 382/684/3
f 366/685/4 368/686/4 363/687/4
f 371/688/5 380/689/5 369/690/5
f 361/691/6 362/692/6 363/693/6
f 364/694/7 365/695/7 366/696/7
f 367/697/8 368/698/8 369/699/8
f 370/682/9 371/700/9 372/701/9
f 373/702/10 374/703/10 375/704/10
f 376/683/11 377/705/11 378/706/11
f 379/707/12 380/708/12 381/709/12
f 382/684/13 383/710/13 384/711/13
f 361/691/14 368/698/14 367/697/14
f 364/712/15 363/687/15 362/713/15
f 370/682/16 366/696/16 365/695/16
f 369/714/17 372/715/17 371/716/17
f 367/697/18 380/708/18 379/707/18
f 382/684/19 371/700/19 370/682/19
f 381/681/20 384/717/20 383/679/20
f 379/707/21 374/703/21 373/702/21
f 376/683/22 383/710/22 382/684/22
f 375/718/23 378/719/23 377/720/23
f 373/702/24 362/692/24 361/691/24
f 365/695/25 377/705/25 376/683/25
f 379/707/26 361/691/26 367/697/26
f 401/721/1 386/722/1 399/723/1
f 407/724/2 398/725/2 405/726/2
f 394/727/3 400/728/3 406/729/3
f 390/730/4 392/731/4 387/732/4
f 395/733/5 404/734/5 393/735/5
f 385/736/6 386/737/6 387/738/6
f 388/739/7 389/740/7 390/741/7
f 391/742/8 392/743/8 393/744/8
f 394/727/9 395/745/9 396/746/9
f 397/747/10 398/748/10 399/749/10
f 400/728/11 401/750/11 402/751/11
f 403/752/12 404/753/12 405/754/12
f 406/729/13 407/755/13 408/756/13
f 385/736/14 392/743/14 391/742/14
f 388/757/15 387/732/15 386/758/15
f 394/727/16 390/741/16 389/740/16
f 393/759/17 396/760/17 395/761/17
f 391/742/18 404/753/18 403/752/18
f 406/729/19 395/745/19 394/727/19
f 405/726/20 408/762/20 407/724/20
f 403/752/21 398/748/21 397/747/21
f 400/728/22 407/755/22 406/729/22
f 399/763/23 402/764/23 401/765/23
f 397/747/24 386/737/24 385/736/24
f 389/740/25 401/750/25 400/728/25
f 403/752/26 385/736/26 391/742/26
f 161/271/1 148/1917/1 146/272/1
f 167/274/2 162/314/2 158/275/2
f 154/277/3 149/290/3 160/278/3
f 150/280/4 156/310/4 152/281/4
f 155/283/5 168/1918/5 164/284/5
f 145/286/14 147/288/14 152/293/14
f 148/307/29 150/280/29 147/282/29
f 154/277/16 156/296/16 150/291/16
f 153/309/30 152/281/30 156/310/30
f 151/292/18 153/294/18 164/303/18
f 166/279/19 168/306/19 155/295/19
f 165/276/28 164/1919/28 168/312/28
f 163/302/21 165/304/21 158/298/21
f 160/278/22 162/301/22 167/305/22
f 159/313/23 158/275/23 162/314/23
f 157/297/24 159/299/24 146/287/24
f 149/290/25 148/289/25 161/300/25
f 163/302/26 157/297/26 145/286/26
f 209/361/1 196/1923/1 194/362/1
f 215/364/2 210/404/2 206/365/2
f 202/367/3 197/380/3 208/368/3
f 198/370/4 204/400/4 200/371/4
f 203/373/5 216/1924/5 212/374/5
f 193/376/14 195/378/14 200/383/14
f 196/397/29 198/370/29 195/372/29
f 202/367/16 204/386/16 198/381/16
f 201/399/30 200/371/30 204/400/30
f 199/382/18 201/384/18 212/393/18
f 214/369/19 216/396/19 203/385/19
f 213/366/28 212/1925/28 216/402/28
f 211/392/21 213/394/21 206/388/21
f 208/368/22 210/391/22 215/395/22
f 207/403/27 206/365/27 210/404/27
f 205/387/24 207/389/24 194/377/24
f 197/380/25 196/379/25 209/390/25
f 211/392/26 205/387/26 193/376/26
f 257/451/1 244/1929/1 242/452/1
f 263/454/2 258/494/2 254/455/2
f 250/457/3 245/470/3 256/458/3
f 246/460/4 252/490/4 248/461/4
f 251/463/5 264/1930/5 260/464/5
f 241/466/14 243/468/14 248/473/14
f 244/487/29 246/460/29 243/462/29
f 250/457/16 252/476/16 246/471/16
f 249/489/30 248/461/30 252/490/30
f 247/472/18 249/474/18 260/483/18
f 262/459/19 264/486/19 251/475/19
f 261/456/28 260/1931/28 264/492/28
f 259/482/21 261/484/21 254/478/21
f 256/458/22 258/481/22 263/485/22
f 255/493/27 254/455/27 258/494/27
f 253/477/24 255/479/24 242/467/24
f 245/470/25 244/469/25 257/480/25
f 259/482/26 253/477/26 241/466/26
f 305/541/1 292/1935/1 290/542/1
f 311/544/2 306/584/2 302/545/2
f 298/547/3 293/560/3 304/548/3
f 294/550/4 300/580/4 296/551/4
f 299/553/5 312/1936/5 308/554/5
f 289/556/14 291/558/14 296/563/14
f 292/577/29 294/550/29 291/552/29
f 298/547/16 300/566/16 294/561/16
f 297/579/30 296/551/30 300/580/30
f 295/562/18 297/564/18 308/573/18
f 310/549/19 312/576/19 299/565/19
f 309/546/28 308/1937/28 312/582/28
f 307/572/21 309/574/21 302/568/21
f 304/548/22 306/571/22 311/575/22
f 303/583/27 302/545/27 306/584/27
f 301/567/24 303/569/24 290/557/24
f 293/560/25 292/559/25 305/570/25
f 307/572/26 301/567/26 289/556/26
f 329/586/1 316/1938/1 314/587/1
f 335/589/2 330/629/2 326/590/2
f 322/592/3 317/605/3 328/593/3
f 318/595/4 324/625/4 320/596/4
f 323/598/5 336/1939/5 332/599/5
f 313/601/14 315/603/14 320/608/14
f 316/622/15 318/595/15 315/597/15
f 322/592/16 324/611/16 318/606/16
f 321/624/17 320/596/17 324/625/17
f 319/607/18 321/609/18 332/618/18
f 334/594/19 336/621/19 323/610/19
f 333/591/20 332/1940/20 336/627/20
f 331/617/21 333/619/21 326/613/21
f 328/593/22 330/616/22 335/620/22
f 327/628/23 326/590/23 330/629/23
f 325/612/24 327/614/24 314/602/24
f 317/605/25 316/604/25 329/615/25
f 331/617/26 325/612/26 313/601/26
f 353/631/1 340/1941/1 338/632/1
f 359/634/2 354/674/2 350/635/2
f 346/637/3 341/650/3 352/638/3
f 342/640/4 348/670/4 344/641/4
f 347/643/5 360/1942/5 356/644/5
f 337/646/14 339/648/14 344/653/14
f 340/667/15 342/640/15 339/642/15
f 346/637/16 348/656/16 342/651/16
f 345/669/17 344/641/17 348/670/17
f 343/652/18 345/654/18 356/663/18
f 358/639/19 360/666/19 347/655/19
f 357/636/20 356/1943/20 360/672/20
f 355/662/21 357/664/21 350/658/21
f 352/638/22 354/661/22 359/665/22
f 351/673/23 350/635/23 354/674/23
f 349/657/24 351/659/24 338/647/24
f 341/650/25 340/649/25 353/660/25
f 355/662/26 349/657/26 337/646/26
f 377/676/1 364/1944/1 362/677/1
f 383/679/2 378/719/2 374/680/2
f 370/682/3 365/695/3 376/683/3
f 366/685/4 372/715/4 368/686/4
f 371/688/5 384/1945/5 380/689/5
f 361/691/14 363/693/14 368/698/14
f 364/712/15 366/685/15 363/687/15
f 370/682/16 372/701/16 366/696/16
f 369/714/17 368/686/17 372/715/17
f 367/697/18 369/699/18 380/708/18
f 382/684/19 384/711/19 371/700/19
f 381/681/20 380/1946/20 384/717/20
f 379/707/21 381/709/21 374/703/21
f 376/683/22 378/706/22 383/710/22
f 375/718/23 374/680/23 378/719/23
f 373/702/24 375/704/24 362/692/24
f 365/695/25 364/694/25 377/705/25
f 379/707/26 373/702/26 361/691/26
f 401/721/1 388/1947/1 386/722/1
f 407/724/2 402/764/2 398/725/2
f 394/727/3 389/740/3 400/728/3
f 390/730/4 396/760/4 392/731/4
f 395/733/5 408/1948/5 404/734/5
f 385/736/14 387/738/14 392/743/14
f 388/757/15 390/730/15 387/732/15
f 394/727/16 396/746/16 390/741/16
f 393/759/17 392/731/17 396/760/17
f 391/742/18 393/744/18 404/753/18
f 406/729/19 408/756/19 395/745/19
f 405/726/20 404/1949/20 408/762/20
f 403/752/21 405/754/21 398/748/21
f 400/728/22 402/751/22 407/755/22
f 399/763/23 398/725/23 402/764/23
f 397/747/24 399/749/24 386/737/24
f 389/740/25 388/739/25 401/750/25
f 403/752/26 397/747/26 385/736/26
usemtl MMO_teal
f 410/766/31 411/767/31 409/768/31
f 412/769/32 413/770/32 411/767/32
f 414/771/33 415/772/33 413/770/33
f 419/773/34 418/774/34 417/775/34
f 421/776/35 420/777/35 419/773/35
f 423/778/36 422/779/36 421/776/36
f 409/780/37 418/781/37 410/782/37
f 411/783/4 417/784/4 409/785/4
f 413/786/4 419/787/4 411/783/4
f 414/788/2 420/789/2 422/790/2
f 413/786/4 423/791/4 421/792/4
f 414/788/2 424/793/2 416/794/2
f 416/795/38 423/796/38 415/797/38
f 412/798/2 418/799/2 420/789/2
f 428/800/1 426/801/1 425/802/1
f 431/803/5 433/804/5 434/805/5
f 426/806/3 430/807/3 425/808/3
f 427/809/39 431/810/39 426/811/39
f 428/812/40 432/813/40 427/814/40
f 429/815/41 433/816/41 428/812/41
f 425/817/42 434/818/42 429/819/42
f 462/874/31 463/875/31 461/876/31
f 464/877/32 465/878/32 463/875/32
f 466/879/33 467/880/33 465/878/33
f 471/881/34 470/882/34 469/883/34
f 473/884/35 472/885/35 471/881/35
f 475/886/36 474/887/36 473/884/36
f 461/888/37 470/889/37 462/890/37
f 463/891/4 469/892/4 461/893/4
f 465/894/4 471/895/4 463/891/4
f 466/896/2 472/897/2 474/898/2
f 465/894/4 475/899/4 473/900/4
f 466/896/2 476/901/2 468/902/2
f 468/903/38 475/904/38 467/905/38
f 464/906/2 470/907/2 472/897/2
f 480/908/1 478/909/1 477/910/1
f 483/911/5 485/912/5 486/913/5
f 478/914/3 482/915/3 477/916/3
f 479/917/39 483/918/39 478/919/39
f 480/920/40 484/921/40 479/922/40
f 481/923/41 485/924/41 480/920/41
f 477/925/42 486/926/42 481/927/42
f 514/982/31 515/983/31 513/984/31
f 516/985/32 517/986/32 515/983/32
f 518/987/33 519/988/33 517/986/33
f 523/989/34 522/990/34 521/991/34
f 525/992/35 524/993/35 523/989/35
f 527/994/36 526/995/36 525/992/36
f 513/996/37 522/997/37 514/998/37
f 515/999/4 521/1000/4 513/1001/4
f 517/1002/4 523/1003/4 515/999/4
f 518/1004/2 524/1005/2 526/1006/2
f 517/1002/4 527/1007/4 525/1008/4
f 518/1004/2 528/1009/2 520/1010/2
f 520/1011/38 527/1012/38 519/1013/38
f 516/1014/2 522/1015/2 524/1005/2
f 532/1016/1 530/1017/1 529/1018/1
f 535/1019/5 537/1020/5 538/1021/5
f 530/1022/3 534/1023/3 529/1024/3
f 531/1025/39 535/1026/39 530/1027/39
f 532/1028/40 536/1029/40 531/1030/40
f 533/1031/41 537/1032/41 532/1028/41
f 529/1033/42 538/1034/42 533/1035/42
f 566/1090/31 567/1091/31 565/1092/31
f 568/1093/32 569/1094/32 567/1091/32
f 570/1095/33 571/1096/33 569/1094/33
f 575/1097/34 574/1098/34 573/1099/34
f 577/1100/35 576/1101/35 575/1097/35
f 579/1102/36 578/1103/36 577/1100/36
f 565/1104/37 574/1105/37 566/1106/37
f 567/1107/4 573/1108/4 565/1109/4
f 569/1110/4 575/1111/4 567/1107/4
f 570/1112/2 576/1113/2 578/1114/2
f 569/1110/4 579/1115/4 577/1116/4
f 570/1112/2 580/1117/2 572/1118/2
f 572/1119/38 579/1120/38 571/1121/38
f 568/1122/2 574/1123/2 576/1113/2
f 584/1124/1 582/1125/1 581/1126/1
f 587/1127/5 589/1128/5 590/1129/5
f 582/1130/3 586/1131/3 581/1132/3
f 583/1133/39 587/1134/39 582/1135/39
f 584/1136/40 588/1137/40 583/1138/40
f 585/1139/41 589/1140/41 584/1136/41
f 581/1141/42 590/1142/42 585/1143/42
f 410/766/31 412/769/31 411/767/31
f 412/769/32 414/771/32 413/770/32
f 414/771/33 416/1950/33 415/772/33
f 419/773/34 420/777/34 418/774/34
f 421/776/35 422/779/35 420/777/35
f 423/778/36 424/1951/36 422/779/36
f 409/780/37 417/1952/37 418/781/37
f 411/783/4 419/787/4 417/784/4
f 413/786/4 421/792/4 419/787/4
f 414/788/2 412/798/2 420/789/2
f 413/786/4 415/1953/4 423/791/4
f 414/788/2 422/790/2 424/793/2
f 416/795/38 424/1954/38 423/796/38
f 412/798/2 410/1955/2 418/799/2
f 425/802/1 429/1956/1 428/800/1
f 428/800/1 427/1957/1 426/801/1
f 434/805/5 430/1958/5 431/803/5
f 431/803/5 432/1959/5 433/804/5
f 426/806/3 431/1960/3 430/807/3
f 427/809/39 432/1961/39 431/810/39
f 428/812/40 433/816/40 432/813/40
f 429/815/41 434/1962/41 433/816/41
f 425/817/42 430/1963/42 434/818/42
f 462/874/31 464/877/31 463/875/31
f 464/877/32 466/879/32 465/878/32
f 466/879/33 468/1978/33 467/880/33
f 471/881/34 472/885/34 470/882/34
f 473/884/35 474/887/35 472/885/35
f 475/886/36 476/1979/36 474/887/36
f 461/888/37 469/1980/37 470/889/37
f 463/891/4 471/895/4 469/892/4
f 465/894/4 473/900/4 471/895/4
f 466/896/2 464/906/2 472/897/2
f 465/894/4 467/1981/4 475/899/4
f 466/896/2 474/898/2 476/901/2
f 468/903/38 476/1982/38 475/904/38
f 464/906/2 462/1983/2 470/907/2
f 477/910/1 481/1984/1 480/908/1
f 480/908/1 479/1985/1 478/909/1
f 486/913/5 482/1986/5 483/911/5
f 483/911/5 484/1987/5 485/912/5
f 478/914/3 483/1988/3 482/915/3
f 479/917/39 484/1989/39 483/918/39
f 480/920/40 485/924/40 484/921/40
f 481/923/41 486/1990/41 485/924/41
f 477/925/42 482/1991/42 486/926/42
f 514/982/31 516/985/31 515/983/31
f 516/985/32 518/987/32 517/986/32
f 518/987/33 520/2006/33 519/988/33
f 523/989/34 524/993/34 522/990/34
f 525/992/35 526/995/35 524/993/35
f 527/994/36 528/2007/36 526/995/36
f 513/996/37 521/2008/37 522/997/37
f 515/999/4 523/1003/4 521/1000/4
f 517/1002/4 525/1008/4 523/1003/4
f 518/1004/2 516/1014/2 524/1005/2
f 517/1002/4 519/2009/4 527/1007/4
f 518/1004/2 526/1006/2 528/1009/2
f 520/1011/38 528/2010/38 527/1012/38
f 516/1014/2 514/2011/2 522/1015/2
f 529/1018/1 533/2012/1 532/1016/1
f 532/1016/1 531/2013/1 530/1017/1
f 538/1021/5 534/2014/5 535/1019/5
f 535/1019/5 536/2015/5 537/1020/5
f 530/1022/3 535/2016/3 534/1023/3
f 531/1025/39 536/2017/39 535/1026/39
f 532/1028/40 537/1032/40 536/1029/40
f 533/1031/41 538/2018/41 537/1032/41
f 529/1033/42 534/2019/42 538/1034/42
f 566/1090/31 568/1093/31 567/1091/31
f 568/1093/32 570/1095/32 569/1094/32
f 570/1095/33 572/2034/33 571/1096/33
f 575/1097/34 576/1101/34 574/1098/34
f 577/1100/35 578/1103/35 576/1101/35
f 579/1102/36 580/2035/36 578/1103/36
f 565/1104/37 573/2036/37 574/1105/37
f 567/1107/4 575/1111/4 573/1108/4
f 569/1110/4 577/1116/4 575/1111/4
f 570/1112/2 568/1122/2 576/1113/2
f 569/1110/4 571/2037/4 579/1115/4
f 570/1112/2 578/1114/2 580/1117/2
f 572/1119/38 580/2038/38 579/1120/38
f 568/1122/2 566/2039/2 574/1123/2
f 581/1126/1 585/2040/1 584/1124/1
f 584/1124/1 583/2041/1 582/1125/1
f 590/1129/5 586/2042/5 587/1127/5
f 587/1127/5 588/2043/5 589/1128/5
f 582/1130/3 587/2044/3 586/1131/3
f 583/1133/39 588/2045/39 587/1134/39
f 584/1136/40 589/1140/40 588/1137/40
f 585/1139/41 590/2046/41 589/1140/41
f 581/1141/42 586/2047/42 590/1142/42
usemtl MMO_cream
f 436/820/31 437/821/31 435/822/31
f 438/823/32 439/824/32 437/821/32
f 440/825/33 441/826/33 439/824/33
f 445/827/34 444/828/34 443/829/34
f 447/830/35 446/831/35 445/827/35
f 449/832/36 448/833/36 447/830/36
f 435/834/37 444/835/37 436/836/37
f 437/837/4 443/838/4 435/839/4
f 439/840/4 445/841/4 437/837/4
f 440/842/2 446/843/2 448/844/2
f 439/840/4 449/845/4 447/846/4
f 440/842/2 450/847/2 442/848/2
f 442/849/38 449/850/38 441/851/38
f 438/852/2 444/853/2 446/843/2
f 454/854/1 452/855/1 451/856/1
f 457/857/5 459/858/5 460/859/5
f 452/860/3 456/861/3 451/862/3
f 453/863/39 457/864/39 452/865/39
f 454/866/40 458/867/40 453/868/40
f 455/869/41 459/870/41 454/866/41
f 451/871/42 460/872/42 455/873/42
f 488/928/31 489/929/31 487/930/31
f 490/931/32 491/932/32 489/929/32
f 492/933/33 493/934/33 491/932/33
f 497/935/34 496/936/34 495/937/34
f 499/938/35 498/939/35 497/935/35
f 501/940/36 500/941/36 499/938/36
f 487/942/37 496/943/37 488/944/37
f 489/945/4 495/946/4 487/947/4
f 491/948/4 497/949/4 489/945/4
f 492/950/2 498/951/2 500/952/2
f 491/948/4 501/953/4 499/954/4
f 492/950/2 502/955/2 494/956/2
f 494/957/38 501/958/38 493/959/38
f 490/960/2 496/961/2 498/951/2
f 506/962/1 504/963/1 503/964/1
f 509/965/5 511/966/5 512/967/5
f 504/968/3 508/969/3 503/970/3
f 505/971/39 509/972/39 504/973/39
f 506/974/40 510/975/40 505/976/40
f 507/977/41 511/978/41 506/974/41
f 503/979/42 512/980/42 507/981/42
f 540/1036/31 541/1037/31 539/1038/31
f 542/1039/32 543/1040/32 541/1037/32
f 544/1041/33 545/1042/33 543/1040/33
f 549/1043/34 548/1044/34 547/1045/34
f 551/1046/35 550/1047/35 549/1043/35
f 553/1048/36 552/1049/36 551/1046/36
f 539/1050/37 548/1051/37 540/1052/37
f 541/1053/4 547/1054/4 539/1055/4
f 543/1056/4 549/1057/4 541/1053/4
f 544/1058/2 550/1059/2 552/1060/2
f 543/1056/4 553/1061/4 551/1062/4
f 544/1058/2 554/1063/2 546/1064/2
f 546/1065/38 553/1066/38 545/1067/38
f 542/1068/2 548/1069/2 550/1059/2
f 558/1070/1 556/1071/1 555/1072/1
f 561/1073/5 563/1074/5 564/1075/5
f 556/1076/3 560/1077/3 555/1078/3
f 557/1079/39 561/1080/39 556/1081/39
f 558/1082/40 562/1083/40 557/1084/40
f 559/1085/41 563/1086/41 558/1082/41
f 555/1087/42 564/1088/42 559/1089/42
f 592/1144/31 593/1145/31 591/1146/31
f 594/1147/32 595/1148/32 593/1145/32
f 596/1149/33 597/1150/33 595/1148/33
f 601/1151/34 600/1152/34 599/1153/34
f 603/1154/35 602/1155/35 601/1151/35
f 605/1156/36 604/1157/36 603/1154/36
f 591/1158/37 600/1159/37 592/1160/37
f 593/1161/4 599/1162/4 591/1163/4
f 595/1164/4 601/1165/4 593/1161/4
f 596/1166/2 602/1167/2 604/1168/2
f 595/1164/4 605/1169/4 603/1170/4
f 596/1166/2 606/1171/2 598/1172/2
f 598/1173/38 605/1174/38 597/1175/38
f 594/1176/2 600/1177/2 602/1167/2
f 610/1178/1 608/1179/1 607/1180/1
f 613/1181/5 615/1182/5 616/1183/5
f 608/1184/3 612/1185/3 607/1186/3
f 609/1187/39 613/1188/39 608/1189/39
f 610/1190/40 614/1191/40 609/1192/40
f 611/1193/41 615/1194/41 610/1190/41
f 607/1195/42 616/1196/42 611/1197/42
f 436/820/31 438/823/31 437/821/31
f 438/823/32 440/825/32 439/824/32
f 440/825/33 442/1964/33 441/826/33
f 445/827/34 446/831/34 444/828/34
f 447/830/35 448/833/35 446/831/35
f 449/832/36 450/1965/36 448/833/36
f 435/834/37 443/1966/37 444/835/37
f 437/837/4 445/841/4 443/838/4
f 439/840/4 447/846/4 445/841/4
f 440/842/2 438/852/2 446/843/2
f 439/840/4 441/1967/4 449/845/4
f 440/842/2 448/844/2 450/847/2
f 442/849/38 450/1968/38 449/850/38
f 438/852/2 436/1969/2 444/853/2
f 451/856/1 455/1970/1 454/854/1
f 454/854/1 453/1971/1 452/855/1
f 460/859/5 456/1972/5 457/857/5
f 457/857/5 458/1973/5 459/858/5
f 452/860/3 457/1974/3 456/861/3
f 453/863/39 458/1975/39 457/864/39
f 454/866/40 459/870/40 458/867/40
f 455/869/41 460/1976/41 459/870/41
f 451/871/42 456/1977/42 460/872/42
f 488/928/31 490/931/31 489/929/31
f 490/931/32 492/933/32 491/932/32
f 492/933/33 494/1992/33 493/934/33
f 497/935/34 498/939/34 496/936/34
f 499/938/35 500/941/35 498/939/35
f 501/940/36 502/1993/36 500/941/36
f 487/942/37 495/1994/37 496/943/37
f 489/945/4 497/949/4 495/946/4
f 491/948/4 499/954/4 497/949/4
f 492/950/2 490/960/2 498/951/2
f 491/948/4 493/1995/4 501/953/4
f 492/950/2 500/952/2 502/955/2
f 494/957/38 502/1996/38 501/958/38
f 490/960/2 488/1997/2 496/961/2
f 503/964/1 507/1998/1 506/962/1
f 506/962/1 505/1999/1 504/963/1
f 512/967/5 508/2000/5 509/965/5
f 509/965/5 510/2001/5 511/966/5
f 504/968/3 509/2002/3 508/969/3
f 505/971/39 510/2003/39 509/972/39
f 506/974/40 511/978/40 510/975/40
f 507/977/41 512/2004/41 511/978/41
f 503/979/42 508/2005/42 512/980/42
f 540/1036/31 542/1039/31 541/1037/31
f 542/1039/32 544/1041/32 543/1040/32
f 544/1041/33 546/2020/33 545/1042/33
f 549/1043/34 550/1047/34 548/1044/34
f 551/1046/35 552/1049/35 550/1047/35
f 553/1048/36 554/2021/36 552/1049/36
f 539/1050/37 547/2022/37 548/1051/37
f 541/1053/4 549/1057/4 547/1054/4
f 543/1056/4 551/1062/4 549/1057/4
f 544/1058/2 542/1068/2 550/1059/2
f 543/1056/4 545/2023/4 553/1061/4
f 544/1058/2 552/1060/2 554/1063/2
f 546/1065/38 554/2024/38 553/1066/38
f 542/1068/2 540/2025/2 548/1069/2
f 555/1072/1 559/2026/1 558/1070/1
f 558/1070/1 557/2027/1 556/1071/1
f 564/1075/5 560/2028/5 561/1073/5
f 561/1073/5 562/2029/5 563/1074/5
f 556/1076/3 561/2030/3 560/1077/3
f 557/1079/39 562/2031/39 561/1080/39
f 558/1082/40 563/1086/40 562/1083/40
f 559/1085/41 564/2032/41 563/1086/41
f 555/1087/42 560/2033/42 564/1088/42
f 592/1144/31 594/1147/31 593/1145/31
f 594/1147/32 596/1149/32 595/1148/32
f 596/1149/33 598/2048/33 597/1150/33
f 601/1151/34 602/1155/34 600/1152/34
f 603/1154/35 604/1157/35 602/1155/35
f 605/1156/36 606/2049/36 604/1157/36
f 591/1158/37 599/2050/37 600/1159/37
f 593/1161/4 601/1165/4 599/1162/4
f 595/1164/4 603/1170/4 601/1165/4
f 596/1166/2 594/1176/2 602/1167/2
f 595/1164/4 597/2051/4 605/1169/4
f 596/1166/2 604/1168/2 606/1171/2
f 598/1173/38 606/2052/38 605/1174/38
f 594/1176/2 592/2053/2 600/1177/2
f 607/1180/1 611/2054/1 610/1178/1
f 610/1178/1 609/2055/1 608/1179/1
f 616/1183/5 612/2056/5 613/1181/5
f 613/1181/5 614/2057/5 615/1182/5
f 608/1184/3 613/2058/3 612/1185/3
f 609/1187/39 614/2059/39 613/1188/39
f 610/1190/40 615/1194/40 614/1191/40
f 611/1193/41 616/2060/41 615/1194/41
f 607/1195/42 612/2061/42 616/1196/42
usemtl MMO_red
f 641/1243/43 642/1244/43 643/1245/43
f 642/1244/44 641/1243/44 646/1246/44
f 641/1243/45 643/1245/45 644/1247/45
f 641/1243/46 644/1247/46 645/1248/46
f 641/1243/47 645/1248/47 646/1246/47
f 642/1249/48 646/1250/48 651/1251/48
f 643/1252/49 642/1253/49 647/1254/49
f 644/1255/50 643/1256/50 648/1257/50
f 645/1258/51 644/1255/51 649/1259/51
f 646/1260/52 645/1261/52 650/1262/52
f 642/1249/53 651/1251/53 647/1263/53
f 643/1252/54 647/1254/54 648/1264/54
f 644/1255/55 648/1257/55 649/1259/55
f 645/1261/56 649/1265/56 650/1262/56
f 646/1250/57 650/1266/57 651/1251/57
f 647/1267/58 651/1268/58 652/1269/58
f 648/1270/59 647/1267/59 652/1269/59
f 649/1271/60 648/1270/60 652/1269/60
f 650/1272/61 649/1271/61 652/1269/61
f 651/1268/62 650/1272/62 652/1269/62
f 653/1273/43 654/1274/43 655/1275/43
f 654/1274/44 653/1273/44 658/1276/44
f 653/1273/45 655/1275/45 656/1277/45
f 653/1273/46 656/1277/46 657/1278/46
f 653/1273/47 657/1278/47 658/1276/47
f 654/1279/48 658/1280/48 663/1281/48
f 655/1282/49 654/1283/49 659/1284/49
f 656/1285/50 655/1286/50 660/1287/50
f 657/1288/51 656/1285/51 661/1289/51
f 658/1290/52 657/1291/52 662/1292/52
f 654/1279/53 663/1281/53 659/1293/53
f 655/1282/54 659/1284/54 660/1294/54
f 656/1285/55 660/1287/55 661/1289/55
f 657/1291/56 661/1295/56 662/1292/56
f 658/1280/57 662/1296/57 663/1281/57
f 659/1297/58 663/1298/58 664/1299/58
f 660/1300/59 659/1297/59 664/1299/59
f 661/1301/60 660/1300/60 664/1299/60
f 662/1302/61 661/1301/61 664/1299/61
f 663/1298/62 662/1302/62 664/1299/62
f 665/1303/43 666/1304/43 667/1305/43
f 666/1304/44 665/1303/44 670/1306/44
f 665/1303/45 667/1305/45 668/1307/45
f 665/1303/46 668/1307/46 669/1308/46
f 665/1303/47 669/1308/47 670/1306/47
f 666/1309/48 670/1310/48 675/1311/48
f 667/1312/49 666/1313/49 671/1314/49
f 668/1315/50 667/1316/50 672/1317/50
f 669/1318/51 668/1315/51 673/1319/51
f 670/1320/52 669/1321/52 674/1322/52
f 666/1309/53 675/1311/53 671/1323/53
f 667/1312/54 671/1314/54 672/1324/54
f 668/1315/55 672/1317/55 673/1319/55
f 669/1321/56 673/1325/56 674/1322/56
f 670/1310/57 674/1326/57 675/1311/57
f 671/1327/58 675/1328/58 676/1329/58
f 672/1330/59 671/1327/59 676/1329/59
f 673/1331/60 672/1330/60 676/1329/60
f 674/1332/61 673/1331/61 676/1329/61
f 675/1328/62 674/1332/62 676/1329/62
f 677/1333/43 678/1334/43 679/1335/43
f 678/1334/44 677/1333/44 682/1336/44
f 677/1333/45 679/1335/45 680/1337/45
f 677/1333/46 680/1337/46 681/1338/46
f 677/1333/47 681/1338/47 682/1336/47
f 678/1339/48 682/1340/48 687/1341/48
f 679/1342/49 678/1343/49 683/1344/49
f 680/1345/50 679/1346/50 684/1347/50
f 681/1348/51 680/1345/51 685/1349/51
f 682/1350/52 681/1351/52 686/1352/52
f 678/1339/53 687/1341/53 683/1353/53
f 679/1342/54 683/1344/54 684/1354/54
f 680/1345/55 684/1347/55 685/1349/55
f 681/1351/56 685/1355/56 686/1352/56
f 682/1340/57 686/1356/57 687/1341/57
f 683/1357/58 687/1358/58 688/1359/58
f 684/1360/59 683/1357/59 688/1359/59
f 685/1361/60 684/1360/60 688/1359/60
f 686/1362/61 685/1361/61 688/1359/61
f 687/1358/62 686/1362/62 688/1359/62
f 689/1363/43 690/1364/43 691/1365/43
f 690/1364/44 689/1363/44 694/1366/44
f 689/1363/45 691/1365/45 692/1367/45
f 689/1363/46 692/1367/46 693/1368/46
f 689/1363/47 693/1368/47 694/1366/47
f 690/1369/48 694/1370/48 699/1371/48
f 691/1372/49 690/1373/49 695/1374/49
f 692/1375/50 691/1376/50 696/1377/50
f 693/1378/51 692/1375/51 697/1379/51
f 694/1380/52 693/1381/52 698/1382/52
f 690/1369/53 699/1371/53 695/1383/53
f 691/1372/54 695/1374/54 696/1384/54
f 692/1375/55 696/1377/55 697/1379/55
f 693/1381/56 697/1385/56 698/1382/56
f 694/1370/57 698/1386/57 699/1371/57
f 695/1387/58 699/1388/58 700/1389/58
f 696/1390/59 695/1387/59 700/1389/59
f 697/1391/60 696/1390/60 700/1389/60
f 698/1392/61 697/1391/61 700/1389/61
f 699/1388/62 698/1392/62 700/1389/62
f 701/1393/43 702/1394/43 703/1395/43
f 702/1394/44 701/1393/44 706/1396/44
f 701/1393/45 703/1395/45 704/1397/45
f 701/1393/46 704/1397/46 705/1398/46
f 701/1393/47 705/1398/47 706/1396/47
f 702/1399/48 706/1400/48 711/1401/48
f 703/1402/49 702/1403/49 707/1404/49
f 704/1405/50 703/1406/50 708/1407/50
f 705/1408/51 704/1405/51 709/1409/51
f 706/1410/52 705/1411/52 710/1412/52
f 702/1399/53 711/1401/53 707/1413/53
f 703/1402/54 707/1404/54 708/1414/54
f 704/1405/55 708/1407/55 709/1409/55
f 705/1411/56 709/1415/56 710/1412/56
f 706/1400/57 710/1416/57 711/1401/57
f 707/1417/58 711/1418/58 712/1419/58
f 708/1420/59 707/1417/59 712/1419/59
f 709/1421/60 708/1420/60 712/1419/60
f 710/1422/61 709/1421/61 712/1419/61
f 711/1418/62 710/1422/62 712/1419/62
usemtl MMO_flame
f 737/1468/43 738/1469/43 739/1470/43
f 738/1469/44 737/1468/44 742/1471/44
f 737/1468/45 739/1470/45 740/1472/45
f 737/1468/46 740/1472/46 741/1473/46
f 737/1468/47 741/1473/47 742/1471/47
f 738/1474/48 742/1475/48 747/1476/48
f 739/1477/49 738/1478/49 743/1479/49
f 740/1480/50 739/1481/50 744/1482/50
f 741/1483/51 740/1480/51 745/1484/51
f 742/1485/52 741/1486/52 746/1487/52
f 738/1474/53 747/1476/53 743/1488/53
f 739/1477/54 743/1479/54 744/1489/54
f 740/1480/55 744/1482/55 745/1484/55
f 741/1486/56 745/1490/56 746/1487/56
f 742/1475/57 746/1491/57 747/1476/57
f 743/1492/58 747/1493/58 748/1494/58
f 744/1495/59 743/1492/59 748/1494/59
f 745/1496/60 744/1495/60 748/1494/60
f 746/1497/61 745/1496/61 748/1494/61
f 747/1493/62 746/1497/62 748/1494/62
f 749/1498/43 750/1499/43 751/1500/43
f 750/1499/44 749/1498/44 754/1501/44
f 749/1498/45 751/1500/45 752/1502/45
f 749/1498/46 752/1502/46 753/1503/46
f 749/1498/47 753/1503/47 754/1501/47
f 750/1504/48 754/1505/48 759/1506/48
f 751/1507/49 750/1508/49 755/1509/49
f 752/1510/50 751/1511/50 756/1512/50
f 753/1513/51 752/1510/51 757/1514/51
f 754/1515/52 753/1516/52 758/1517/52
f 750/1504/53 759/1506/53 755/1518/53
f 751/1507/54 755/1509/54 756/1519/54
f 752/1510/55 756/1512/55 757/1514/55
f 753/1516/56 757/1520/56 758/1517/56
f 754/1505/57 758/1521/57 759/1506/57
f 755/1522/58 759/1523/58 760/1524/58
f 756/1525/59 755/1522/59 760/1524/59
f 757/1526/60 756/1525/60 760/1524/60
f 758/1527/61 757/1526/61 760/1524/61
f 759/1523/62 758/1527/62 760/1524/62
f 761/1528/43 762/1529/43 763/1530/43
f 762/1529/44 761/1528/44 766/1531/44
f 761/1528/45 763/1530/45 764/1532/45
f 761/1528/46 764/1532/46 765/1533/46
f 761/1528/47 765/1533/47 766/1531/47
f 762/1534/48 766/1535/48 771/1536/48
f 763/1537/49 762/1538/49 767/1539/49
f 764/1540/50 763/1541/50 768/1542/50
f 765/1543/51 764/1540/51 769/1544/51
f 766/1545/52 765/1546/52 770/1547/52
f 762/1534/53 771/1536/53 767/1548/53
f 763/1537/54 767/1539/54 768/1549/54
f 764/1540/55 768/1542/55 769/1544/55
f 765/1546/56 769/1550/56 770/1547/56
f 766/1535/57 770/1551/57 771/1536/57
f 767/1552/58 771/1553/58 772/1554/58
f 768/1555/59 767/1552/59 772/1554/59
f 769/1556/60 768/1555/60 772/1554/60
f 770/1557/61 769/1556/61 772/1554/61
f 771/1553/62 770/1557/62 772/1554/62
f 773/1558/43 774/1559/43 775/1560/43
f 774/1559/44 773/1558/44 778/1561/44
f 773/1558/45 775/1560/45 776/1562/45
f 773/1558/46 776/1562/46 777/1563/46
f 773/1558/47 777/1563/47 778/1561/47
f 774/1564/48 778/1565/48 783/1566/48
f 775/1567/49 774/1568/49 779/1569/49
f 776/1570/50 775/1571/50 780/1572/50
f 777/1573/51 776/1570/51 781/1574/51
f 778/1575/52 777/1576/52 782/1577/52
f 774/1564/53 783/1566/53 779/1578/53
f 775/1567/54 779/1569/54 780/1579/54
f 776/1570/55 780/1572/55 781/1574/55
f 777/1576/56 781/1580/56 782/1577/56
f 778/1565/57 782/1581/57 783/1566/57
f 779/1582/58 783/1583/58 784/1584/58
f 780/1585/59 779/1582/59 784/1584/59
f 781/1586/60 780/1585/60 784/1584/60
f 782/1587/61 781/1586/61 784/1584/61
f 783/1583/62 782/1587/62 784/1584/62
f 785/1588/43 786/1589/43 787/1590/43
f 786/1589/44 785/1588/44 790/1591/44
f 785/1588/45 787/1590/45 788/1592/45
f 785/1588/46 788/1592/46 789/1593/46
f 785/1588/47 789/1593/47 790/1591/47
f 786/1594/48 790/1595/48 795/1596/48
f 787/1597/49 786/1598/49 791/1599/49
f 788/1600/50 787/1601/50 792/1602/50
f 789/1603/51 788/1600/51 793/1604/51
f 790/1605/52 789/1606/52 794/1607/52
f 786/1594/53 795/1596/53 791/1608/53
f 787/1597/54 791/1599/54 792/1609/54
f 788/1600/55 792/1602/55 793/1604/55
f 789/1606/56 793/1610/56 794/1607/56
f 790/1595/57 794/1611/57 795/1596/57
f 791/1612/58 795/1613/58 796/1614/58
f 792/1615/59 791/1612/59 796/1614/59
f 793/1616/60 792/1615/60 796/1614/60
f 794/1617/61 793/1616/61 796/1614/61
f 795/1613/62 794/1617/62 796/1614/62
f 797/1618/43 798/1619/43 799/1620/43
f 798/1619/44 797/1618/44 802/1621/44
f 797/1618/45 799/1620/45 800/1622/45
f 797/1618/46 800/1622/46 801/1623/46
f 797/1618/47 801/1623/47 802/1621/47
f 798/1624/48 802/1625/48 807/1626/48
f 799/1627/49 798/1628/49 803/1629/49
f 800/1630/50 799/1631/50 804/1632/50
f 801/1633/51 800/1630/51 805/1634/51
f 802/1635/52 801/1636/52 806/1637/52
f 798/1624/53 807/1626/53 803/1638/53
f 799/1627/54 803/1629/54 804/1639/54
f 800/1630/55 804/1632/55 805/1634/55
f 801/1636/56 805/1640/56 806/1637/56
f 802/1625/57 806/1641/57 807/1626/57
f 803/1642/58 807/1643/58 808/1644/58
f 804/1645/59 803/1642/59 808/1644/59
f 805/1646/60 804/1645/60 808/1644/60
f 806/1647/61 805/1646/61 808/1644/61
f 807/1643/62 806/1647/62 808/1644/62
usemtl MMO_pine_light
f 833/1693/43 834/1694/43 835/1695/43
f 834/1694/44 833/1693/44 838/1696/44
f 833/1693/45 835/1695/45 836/1697/45
f 833/1693/46 836/1697/46 837/1698/46
f 833/1693/47 837/1698/47 838/1696/47
f 834/1699/48 838/1700/48 843/1701/48
f 835/1702/49 834/1703/49 839/1704/49
f 836/1705/50 835/1706/50 840/1707/50
f 837/1708/51 836/1705/51 841/1709/51
f 838/1710/52 837/1711/52 842/1712/52
f 834/1699/53 843/1701/53 839/1713/53
f 835/1702/54 839/1704/54 840/1714/54
f 836/1705/55 840/1707/55 841/1709/55
f 837/1711/56 841/1715/56 842/1712/56
f 838/1700/57 842/1716/57 843/1701/57
f 839/1717/58 843/1718/58 844/1719/58
f 840/1720/59 839/1717/59 844/1719/59
f 841/1721/60 840/1720/60 844/1719/60
f 842/1722/61 841/1721/61 844/1719/61
f 843/1718/62 842/1722/62 844/1719/62
f 845/1723/43 846/1724/43 847/1725/43
f 846/1724/44 845/1723/44 850/1726/44
f 845/1723/45 847/1725/45 848/1727/45
f 845/1723/46 848/1727/46 849/1728/46
f 845/1723/47 849/1728/47 850/1726/47
f 846/1729/48 850/1730/48 855/1731/48
f 847/1732/49 846/1733/49 851/1734/49
f 848/1735/50 847/1736/50 852/1737/50
f 849/1738/51 848/1735/51 853/1739/51
f 850/1740/52 849/1741/52 854/1742/52
f 846/1729/53 855/1731/53 851/1743/53
f 847/1732/54 851/1734/54 852/1744/54
f 848/1735/55 852/1737/55 853/1739/55
f 849/1741/56 853/1745/56 854/1742/56
f 850/1730/57 854/1746/57 855/1731/57
f 851/1747/58 855/1748/58 856/1749/58
f 852/1750/59 851/1747/59 856/1749/59
f 853/1751/60 852/1750/60 856/1749/60
f 854/1752/61 853/1751/61 856/1749/61
f 855/1748/62 854/1752/62 856/1749/62
f 857/1753/43 858/1754/43 859/1755/43
f 858/1754/44 857/1753/44 862/1756/44
f 857/1753/45 859/1755/45 860/1757/45
f 857/1753/46 860/1757/46 861/1758/46
f 857/1753/47 861/1758/47 862/1756/47
f 858/1759/48 862/1760/48 867/1761/48
f 859/1762/49 858/1763/49 863/1764/49
f 860/1765/50 859/1766/50 864/1767/50
f 861/1768/51 860/1765/51 865/1769/51
f 862/1770/52 861/1771/52 866/1772/52
f 858/1759/53 867/1761/53 863/1773/53
f 859/1762/54 863/1764/54 864/1774/54
f 860/1765/55 864/1767/55 865/1769/55
f 861/1771/56 865/1775/56 866/1772/56
f 862/1760/57 866/1776/57 867/1761/57
f 863/1777/58 867/1778/58 868/1779/58
f 864/1780/59 863/1777/59 868/1779/59
f 865/1781/60 864/1780/60 868/1779/60
f 866/1782/61 865/1781/61 868/1779/61
f 867/1778/62 866/1782/62 868/1779/62
f 869/1783/43 870/1784/43 871/1785/43
f 870/1784/44 869/1783/44 874/1786/44
f 869/1783/45 871/1785/45 872/1787/45
f 869/1783/46 872/1787/46 873/1788/46
f 869/1783/47 873/1788/47 874/1786/47
f 870/1789/48 874/1790/48 879/1791/48
f 871/1792/49 870/1793/49 875/1794/49
f 872/1795/50 871/1796/50 876/1797/50
f 873/1798/51 872/1795/51 877/1799/51
f 874/1800/52 873/1801/52 878/1802/52
f 870/1789/53 879/1791/53 875/1803/53
f 871/1792/54 875/1794/54 876/1804/54
f 872/1795/55 876/1797/55 877/1799/55
f 873/1801/56 877/1805/56 878/1802/56
f 874/1790/57 878/1806/57 879/1791/57
f 875/1807/58 879/1808/58 880/1809/58
f 876/1810/59 875/1807/59 880/1809/59
f 877/1811/60 876/1810/60 880/1809/60
f 878/1812/61 877/1811/61 880/1809/61
f 879/1808/62 878/1812/62 880/1809/62
f 881/1813/43 882/1814/43 883/1815/43
f 882/1814/44 881/1813/44 886/1816/44
f 881/1813/45 883/1815/45 884/1817/45
f 881/1813/46 884/1817/46 885/1818/46
f 881/1813/47 885/1818/47 886/1816/47
f 882/1819/48 886/1820/48 891/1821/48
f 883/1822/49 882/1823/49 887/1824/49
f 884/1825/50 883/1826/50 888/1827/50
f 885/1828/51 884/1825/51 889/1829/51
f 886/1830/52 885/1831/52 890/1832/52
f 882/1819/53 891/1821/53 887/1833/53
f 883/1822/54 887/1824/54 888/1834/54
f 884/1825/55 888/1827/55 889/1829/55
f 885/1831/56 889/1835/56 890/1832/56
f 886/1820/57 890/1836/57 891/1821/57
f 887/1837/58 891/1838/58 892/1839/58
f 888/1840/59 887/1837/59 892/1839/59
f 889/1841/60 888/1840/60 892/1839/60
f 890/1842/61 889/1841/61 892/1839/61
f 891/1838/62 890/1842/62 892/1839/62
f 893/1843/43 894/1844/43 895/1845/43
f 894/1844/44 893/1843/44 898/1846/44
f 893/1843/45 895/1845/45 896/1847/45
f 893/1843/46 896/1847/46 897/1848/46
f 893/1843/47 897/1848/47 898/1846/47
f 894/1849/48 898/1850/48 903/1851/48
f 895/1852/49 894/1853/49 899/1854/49
f 896/1855/50 895/1856/50 900/1857/50
f 897/1858/51 896/1855/51 901/1859/51
f 898/1860/52 897/1861/52 902/1862/52
f 894/1849/53 903/1851/53 899/1863/53
f 895/1852/54 899/1854/54 900/1864/54
f 896/1855/55 900/1857/55 901/1859/55
f 897/1861/56 901/1865/56 902/1862/56
f 898/1850/57 902/1866/57 903/1851/57
f 899/1867/58 903/1868/58 904/1869/58
f 900/1870/59 899/1867/59 904/1869/59
f 901/1871/60 900/1870/60 904/1869/60
f 902/1872/61 901/1871/61 904/1869/61
f 903/1868/62 902/1872/62 904/1869/62
