# Blender 5.2.0 LTS
# www.blender.org
mtllib hero.mtl
g hero_torso_Cube.059
v 0.198600 0.380000 -0.073600
v 0.198600 0.421400 -0.115000
v 0.240000 0.421400 -0.073600
v 0.198600 0.392126 -0.102874
v 0.222502 0.397498 -0.097502
v 0.227874 0.421400 -0.102874
v 0.227874 0.392126 -0.073600
v 0.198600 0.698600 -0.115000
v 0.198600 0.740000 -0.073600
v 0.240000 0.698600 -0.073600
v 0.198600 0.727874 -0.102874
v 0.222502 0.722502 -0.097502
v 0.227874 0.727874 -0.073600
v 0.227874 0.698600 -0.102874
v 0.198600 0.380000 0.073600
v 0.240000 0.421400 0.073600
v 0.198600 0.421400 0.115000
v 0.227874 0.392126 0.073600
v 0.222502 0.397498 0.097502
v 0.227874 0.421400 0.102874
v 0.198600 0.392126 0.102874
v 0.198600 0.740000 0.073600
v 0.198600 0.698600 0.115000
v 0.240000 0.698600 0.073600
v 0.198600 0.727874 0.102874
v 0.222502 0.722502 0.097502
v 0.227874 0.698600 0.102874
v 0.227874 0.727874 0.073600
v -0.198600 0.380000 -0.073600
v -0.240000 0.421400 -0.073600
v -0.198600 0.421400 -0.115000
v -0.227874 0.392126 -0.073600
v -0.222502 0.397498 -0.097502
v -0.227874 0.421400 -0.102874
v -0.198600 0.392126 -0.102874
v -0.198600 0.740000 -0.073600
v -0.198600 0.698600 -0.115000
v -0.240000 0.698600 -0.073600
v -0.198600 0.727874 -0.102874
v -0.222502 0.722502 -0.097502
v -0.227874 0.698600 -0.102874
v -0.227874 0.727874 -0.073600
v -0.198600 0.380000 0.073600
v -0.198600 0.421400 0.115000
v -0.240000 0.421400 0.073600
v -0.198600 0.392126 0.102874
v -0.222502 0.397498 0.097502
v -0.227874 0.421400 0.102874
v -0.227874 0.392126 0.073600
v -0.198600 0.740000 0.073600
v -0.240000 0.698600 0.073600
v -0.198600 0.698600 0.115000
v -0.227874 0.727874 0.073600
v -0.222502 0.722502 0.097502
v -0.227874 0.698600 0.102874
v -0.198600 0.727874 0.102874
vn 0.3672 -0.8865 -0.2817
vn 0.2817 -0.3672 -0.8865
vn 0.8865 -0.2817 -0.3672
vn 0.3672 0.2817 -0.8865
vn 0.2817 0.8865 -0.3672
vn 0.8865 0.3672 -0.2817
vn 0.2817 -0.8865 0.3672
vn 0.8865 -0.3672 0.2817
vn 0.3672 -0.2817 0.8865
vn 0.3672 0.8865 0.2817
vn 0.2817 0.3672 0.8865
vn 0.8865 0.2817 0.3672
vn -0.2817 -0.8865 -0.3672
vn -0.8865 -0.3672 -0.2817
vn -0.3672 -0.2817 -0.8865
vn -0.3672 0.8865 -0.2817
vn -0.2817 0.3672 -0.8865
vn -0.8865 0.2817 -0.3672
vn -0.3672 -0.8865 0.2817
vn -0.2817 -0.3672 0.8865
vn -0.8865 -0.2817 0.3672
vn -0.2817 0.8865 0.3672
vn -0.8865 0.3672 0.2817
vn -0.3672 0.2817 0.8865
vn 0.3827 -0.9239 -0.0000
vn 0.9239 -0.3827 -0.0000
vn 0.3827 -0.0000 -0.9239
vn 0.9239 -0.0000 -0.3827
vn 0.3827 0.9239 -0.0000
vn 0.9239 0.3827 -0.0000
vn 0.3827 -0.0000 0.9239
vn 0.9239 -0.0000 0.3827
vn -0.0000 -0.9239 0.3827
vn -0.0000 -0.3827 0.9239
vn -0.0000 0.9239 0.3827
vn -0.0000 0.3827 0.9239
vn -0.9239 -0.0000 0.3827
vn -0.3827 -0.0000 0.9239
vn -0.3827 -0.9239 -0.0000
vn -0.9239 -0.3827 -0.0000
vn -0.3827 0.9239 -0.0000
vn -0.9239 0.3827 -0.0000
vn -0.3827 -0.0000 -0.9239
vn -0.9239 -0.0000 -0.3827
vn -0.0000 -0.9239 -0.3827
vn -0.0000 -0.3827 -0.9239
vn -0.0000 0.9239 -0.3827
vn -0.0000 0.3827 -0.9239
vn -0.0000 -1.0000 -0.0000
vn 1.0000 -0.0000 -0.0000
vn -0.0000 -0.0000 -1.0000
vn -0.0000 1.0000 -0.0000
vn -0.0000 -0.0000 1.0000
vn -1.0000 -0.0000 -0.0000
vn 0.2817 -0.8865 -0.3672
vn 0.3672 -0.2817 -0.8865
vn 0.8865 -0.3672 -0.2817
vn 0.2817 0.3672 -0.8865
vn 0.3672 0.8865 -0.2817
vn 0.8865 0.2817 -0.3672
vn 0.3672 -0.8865 0.2817
vn 0.8865 -0.2817 0.3672
vn 0.2817 -0.3672 0.8865
vn 0.2817 0.8865 0.3672
vn 0.3672 0.2817 0.8865
vn 0.8865 0.3672 0.2817
vn -0.3672 -0.8865 -0.2817
vn -0.8865 -0.2817 -0.3672
vn -0.2817 -0.3672 -0.8865
vn -0.2817 0.8865 -0.3672
vn -0.3672 0.2817 -0.8865
vn -0.8865 0.3672 -0.2817
vn -0.2817 -0.8865 0.3672
vn -0.3672 -0.2817 0.8865
vn -0.8865 -0.3672 0.2817
vn -0.3672 0.8865 0.2817
vn -0.8865 0.2817 0.3672
vn -0.2817 0.3672 0.8865
vt 0.146562 0.705000
vt 0.134113 0.750000
vt 0.125000 0.705000
vt 0.403750 0.978438
vt 0.387151 1.000000
vt 0.375000 0.978437
vt 0.403750 0.045000
vt 0.375000 0.019019
vt 0.403750 0.000000
vt 0.596250 0.978437
vt 0.625000 0.990887
vt 0.596250 1.000000
vt 0.853437 0.705000
vt 0.875000 0.730981
vt 0.853437 0.750000
vt 0.596250 0.045000
vt 0.612849 0.000000
vt 0.625000 0.045000
vt 0.146563 0.545000
vt 0.125000 0.519019
vt 0.146563 0.500000
vt 0.403750 0.205000
vt 0.381076 0.254557
vt 0.375000 0.205000
vt 0.403750 0.271563
vt 0.403750 0.250000
vt 0.853437 0.545000
vt 0.865887 0.500000
vt 0.875000 0.545000
vt 0.596250 0.271563
vt 0.618924 0.240490
vt 0.625000 0.271562
vt 0.596250 0.205000
vt 0.596250 0.250000
vt 0.353438 0.705000
vt 0.379050 0.746698
vt 0.364219 0.760781
vt 0.403750 0.705000
vt 0.375000 0.705000
vt 0.403750 0.771563
vt 0.403750 0.750000
vt 0.646562 0.705000
vt 0.623987 0.743660
vt 0.625000 0.705000
vt 0.596250 0.771563
vt 0.635781 0.760781
vt 0.596250 0.705000
vt 0.596250 0.750000
vt 0.353437 0.545000
vt 0.376013 0.506340
vt 0.375000 0.545000
vt 0.403750 0.478438
vt 0.364219 0.489219
vt 0.403750 0.545000
vt 0.403750 0.500000
vt 0.646562 0.545000
vt 0.620950 0.503302
vt 0.635781 0.489219
vt 0.596250 0.545000
vt 0.625000 0.545000
vt 0.596250 0.478437
vt 0.596250 0.500000
vt 0.125000 0.545000
vt 0.375000 0.045000
vt 0.403750 1.000000
vt 0.596250 0.000000
vt 0.875000 0.705000
vt 0.625000 0.205000
vt 0.375000 0.271563
vt 0.853437 0.500000
vt 0.146563 0.750000
vt 0.625000 0.978437
s 0
g hero_torso_M_azure
usemtl M_azure
f 1/1/1 5/2/1 7/3/1
f 2/4/2 5/5/2 4/6/2
f 3/7/3 5/8/3 6/9/3
f 8/10/4 12/11/4 14/12/4
f 9/13/5 12/14/5 11/15/5
f 10/16/6 12/17/6 13/18/6
f 15/19/7 19/20/7 21/21/7
f 16/22/8 19/23/8 18/24/8
f 17/25/9 19/23/9 20/26/9
f 22/27/10 26/28/10 28/29/10
f 23/30/11 26/31/11 25/32/11
f 24/33/12 26/31/12 27/34/12
f 29/35/13 33/36/13 35/37/13
f 30/38/14 33/36/14 32/39/14
f 31/40/15 33/36/15 34/41/15
f 36/42/16 40/43/16 42/44/16
f 37/45/17 40/43/17 39/46/17
f 38/47/18 40/43/18 41/48/18
f 43/49/19 47/50/19 49/51/19
f 44/52/20 47/50/20 46/53/20
f 45/54/21 47/50/21 48/55/21
f 50/56/22 54/57/22 56/58/22
f 51/59/23 54/57/23 53/60/23
f 52/61/24 54/57/24 55/62/24
f 1/1/25 18/63/25 15/19/25
f 7/64/26 16/22/26 18/24/26
f 8/10/27 6/65/27 2/4/27
f 14/66/28 3/7/28 6/9/28
f 22/27/29 13/67/29 9/13/29
f 28/68/30 10/16/30 13/18/30
f 17/25/31 27/34/31 23/30/31
f 20/26/32 24/33/32 27/34/32
f 43/49/33 21/21/33 46/53/33
f 21/69/34 44/52/34 46/53/34
f 22/27/35 56/58/35 25/70/35
f 56/58/36 23/30/36 25/32/36
f 45/54/37 55/62/37 51/59/37
f 55/62/38 44/52/38 52/61/38
f 43/49/39 32/39/39 29/35/39
f 49/51/40 30/38/40 32/39/40
f 36/42/41 53/60/41 50/56/41
f 42/44/42 51/59/42 53/60/42
f 31/40/43 41/48/43 37/45/43
f 34/41/44 38/47/44 41/48/44
f 1/1/45 35/37/45 4/71/45
f 35/37/46 2/4/46 4/6/46
f 36/42/47 11/15/47 39/46/47
f 11/72/48 37/45/48 39/46/48
f 43/49/49 1/1/49 15/19/49
f 10/16/50 16/22/50 3/7/50
f 37/45/51 2/4/51 31/40/51
f 22/27/52 36/42/52 50/56/52
f 23/30/53 44/52/53 17/25/53
f 51/59/54 30/38/54 45/54/54
f 1/1/55 4/71/55 5/2/55
f 2/4/56 6/65/56 5/5/56
f 3/7/57 7/64/57 5/8/57
f 8/10/58 11/72/58 12/11/58
f 9/13/59 13/67/59 12/14/59
f 10/16/60 14/66/60 12/17/60
f 15/19/61 18/63/61 19/20/61
f 16/22/62 20/26/62 19/23/62
f 17/25/63 21/69/63 19/23/63
f 22/27/64 25/70/64 26/28/64
f 23/30/65 27/34/65 26/31/65
f 24/33/66 28/68/66 26/31/66
f 29/35/67 32/39/67 33/36/67
f 30/38/68 34/41/68 33/36/68
f 31/40/69 35/37/69 33/36/69
f 36/42/70 39/46/70 40/43/70
f 37/45/71 41/48/71 40/43/71
f 38/47/72 42/44/72 40/43/72
f 43/49/73 46/53/73 47/50/73
f 44/52/74 48/55/74 47/50/74
f 45/54/75 49/51/75 47/50/75
f 50/56/76 53/60/76 54/57/76
f 51/59/77 55/62/77 54/57/77
f 52/61/78 56/58/78 54/57/78
f 1/1/25 7/3/25 18/63/25
f 7/64/26 3/7/26 16/22/26
f 8/10/27 14/12/27 6/65/27
f 14/66/28 10/16/28 3/7/28
f 22/27/29 28/29/29 13/67/29
f 28/68/30 24/33/30 10/16/30
f 17/25/31 20/26/31 27/34/31
f 20/26/32 16/22/32 24/33/32
f 43/49/33 15/19/33 21/21/33
f 21/69/34 17/25/34 44/52/34
f 22/27/35 50/56/35 56/58/35
f 56/58/36 52/61/36 23/30/36
f 45/54/37 48/55/37 55/62/37
f 55/62/38 48/55/38 44/52/38
f 43/49/39 49/51/39 32/39/39
f 49/51/40 45/54/40 30/38/40
f 36/42/41 42/44/41 53/60/41
f 42/44/42 38/47/42 51/59/42
f 31/40/43 34/41/43 41/48/43
f 34/41/44 30/38/44 38/47/44
f 1/1/45 29/35/45 35/37/45
f 35/37/46 31/40/46 2/4/46
f 36/42/47 9/13/47 11/15/47
f 11/72/48 8/10/48 37/45/48
f 43/49/49 29/35/49 1/1/49
f 10/16/50 24/33/50 16/22/50
f 37/45/51 8/10/51 2/4/51
f 22/27/52 9/13/52 36/42/52
f 23/30/53 52/61/53 44/52/53
f 51/59/54 38/47/54 30/38/54
g hero_leg_l_Cylinder.023
v 0.120000 0.030000 0.063171
v 0.130699 0.041250 0.071524
v 0.109301 0.041250 0.071524
v 0.126070 0.033295 0.069563
v 0.120000 0.034755 0.071443
v 0.120000 0.041250 0.072964
v 0.113930 0.033295 0.069563
v 0.120000 0.350000 0.063171
v 0.109301 0.338750 0.071524
v 0.130699 0.338750 0.071524
v 0.113930 0.346705 0.069563
v 0.120000 0.345245 0.071443
v 0.120000 0.338750 0.072964
v 0.126070 0.346705 0.069563
v 0.082869 0.030000 0.051106
v 0.086615 0.041250 0.064153
v 0.069304 0.041250 0.051575
v 0.084022 0.033295 0.059846
v 0.078007 0.034755 0.057798
v 0.077113 0.041250 0.059029
v 0.074201 0.033295 0.052710
v 0.082869 0.350000 0.051106
v 0.069304 0.338750 0.051575
v 0.086615 0.338750 0.064153
v 0.074201 0.346705 0.052710
v 0.078007 0.345245 0.057798
v 0.077113 0.338750 0.059029
v 0.084022 0.346705 0.059846
v 0.059921 0.030000 0.019521
v 0.055283 0.041250 0.032278
v 0.048671 0.041250 0.011926
v 0.055717 0.033295 0.027269
v 0.052054 0.034755 0.022077
v 0.050608 0.041250 0.022547
v 0.051966 0.033295 0.015724
v 0.059921 0.350000 0.019521
v 0.048671 0.338750 0.011926
v 0.055283 0.338750 0.032278
v 0.051966 0.346705 0.015724
v 0.052054 0.345245 0.022077
v 0.050608 0.338750 0.022547
v 0.055717 0.346705 0.027269
v 0.059921 0.030000 -0.019521
v 0.048671 0.041250 -0.011926
v 0.055283 0.041250 -0.032278
v 0.051966 0.033295 -0.015724
v 0.052054 0.034755 -0.022077
v 0.050608 0.041250 -0.022547
v 0.055717 0.033295 -0.027269
v 0.059921 0.350000 -0.019521
v 0.055283 0.338750 -0.032278
v 0.048671 0.338750 -0.011926
v 0.055717 0.346705 -0.027269
v 0.052054 0.345245 -0.022077
v 0.050608 0.338750 -0.022547
v 0.051966 0.346705 -0.015724
v 0.082869 0.030000 -0.051106
v 0.069304 0.041250 -0.051575
v 0.086615 0.041250 -0.064153
v 0.074201 0.033295 -0.052710
v 0.078007 0.034755 -0.057798
v 0.077113 0.041250 -0.059029
v 0.084022 0.033295 -0.059846
v 0.082869 0.350000 -0.051106
v 0.086615 0.338750 -0.064153
v 0.069304 0.338750 -0.051575
v 0.084022 0.346705 -0.059846
v 0.078007 0.345245 -0.057798
v 0.077113 0.338750 -0.059029
v 0.074201 0.346705 -0.052710
v 0.120000 0.030000 -0.063171
v 0.109301 0.041250 -0.071524
v 0.130699 0.041250 -0.071524
v 0.113930 0.033295 -0.069563
v 0.120000 0.034755 -0.071443
v 0.120000 0.041250 -0.072964
v 0.126070 0.033295 -0.069563
v 0.120000 0.350000 -0.063171
v 0.130699 0.338750 -0.071524
v 0.109301 0.338750 -0.071524
v 0.126070 0.346705 -0.069563
v 0.120000 0.345245 -0.071443
v 0.120000 0.338750 -0.072964
v 0.113930 0.346705 -0.069563
v 0.157131 0.030000 -0.051106
v 0.153385 0.041250 -0.064153
v 0.170696 0.041250 -0.051575
v 0.155978 0.033295 -0.059846
v 0.161993 0.034755 -0.057798
v 0.162887 0.041250 -0.059029
v 0.165799 0.033295 -0.052710
v 0.157131 0.350000 -0.051106
v 0.170696 0.338750 -0.051575
v 0.153385 0.338750 -0.064153
v 0.165799 0.346705 -0.052710
v 0.161993 0.345245 -0.057798
v 0.162887 0.338750 -0.059029
v 0.155978 0.346705 -0.059846
v 0.180079 0.030000 -0.019521
v 0.184717 0.041250 -0.032278
v 0.191329 0.041250 -0.011926
v 0.184283 0.033295 -0.027269
v 0.187946 0.034755 -0.022077
v 0.189392 0.041250 -0.022547
v 0.188034 0.033295 -0.015724
v 0.180079 0.350000 -0.019521
v 0.191329 0.338750 -0.011926
v 0.184717 0.338750 -0.032278
v 0.188034 0.346705 -0.015724
v 0.187946 0.345245 -0.022077
v 0.189392 0.338750 -0.022547
v 0.184283 0.346705 -0.027269
v 0.180079 0.030000 0.019521
v 0.191329 0.041250 0.011926
v 0.184717 0.041250 0.032278
v 0.188034 0.033295 0.015724
v 0.187946 0.034755 0.022077
v 0.189392 0.041250 0.022547
v 0.184283 0.033295 0.027269
v 0.180079 0.350000 0.019521
v 0.184717 0.338750 0.032278
v 0.191329 0.338750 0.011926
v 0.184283 0.346705 0.027269
v 0.187946 0.345245 0.022077
v 0.189392 0.338750 0.022547
v 0.188034 0.346705 0.015724
v 0.157131 0.030000 0.051106
v 0.170696 0.041250 0.051575
v 0.153385 0.041250 0.064153
v 0.165799 0.033295 0.052710
v 0.161993 0.034755 0.057798
v 0.162887 0.041250 0.059029
v 0.155978 0.033295 0.059846
v 0.157131 0.350000 0.051106
v 0.153385 0.338750 0.064153
v 0.170696 0.338750 0.051575
v 0.155978 0.346705 0.059846
v 0.161993 0.345245 0.057798
v 0.162887 0.338750 0.059029
v 0.165799 0.346705 0.052710
vn 0.0541 -0.8657 0.4976
vn 0.1270 -0.3064 0.9434
vn -0.1270 -0.3064 0.9434
vn -0.0541 0.8657 0.4976
vn -0.1270 0.3064 0.9434
vn 0.1270 0.3064 0.9434
vn -0.2487 -0.8657 0.4344
vn -0.4518 -0.3064 0.8379
vn -0.6572 -0.3064 0.6886
vn -0.3363 0.8657 0.3708
vn -0.6572 0.3064 0.6886
vn -0.4518 0.3064 0.8379
vn -0.4565 -0.8657 0.2052
vn -0.8580 -0.3064 0.4123
vn -0.9365 -0.3064 0.1708
vn -0.4900 0.8657 0.1023
vn -0.9365 0.3064 0.1708
vn -0.8580 0.3064 0.4123
vn -0.4900 -0.8657 -0.1023
vn -0.9365 -0.3064 -0.1708
vn -0.8580 -0.3064 -0.4123
vn -0.4565 0.8657 -0.2052
vn -0.8580 0.3064 -0.4123
vn -0.9365 0.3064 -0.1708
vn -0.3363 -0.8657 -0.3708
vn -0.6572 -0.3064 -0.6886
vn -0.4518 -0.3064 -0.8379
vn -0.2487 0.8657 -0.4344
vn -0.4518 0.3064 -0.8379
vn -0.6572 0.3064 -0.6886
vn -0.0541 -0.8657 -0.4976
vn -0.1270 -0.3064 -0.9434
vn 0.1270 -0.3064 -0.9434
vn 0.0541 0.8657 -0.4976
vn 0.1270 0.3064 -0.9434
vn -0.1270 0.3064 -0.9434
vn 0.2487 -0.8657 -0.4344
vn 0.4518 -0.3064 -0.8379
vn 0.6572 -0.3064 -0.6886
vn 0.3363 0.8657 -0.3708
vn 0.6572 0.3064 -0.6886
vn 0.4518 0.3064 -0.8379
vn 0.4565 -0.8657 -0.2052
vn 0.8580 -0.3064 -0.4123
vn 0.9365 -0.3064 -0.1708
vn 0.4900 0.8657 -0.1023
vn 0.9365 0.3064 -0.1708
vn 0.8580 0.3064 -0.4123
vn 0.4900 -0.8657 0.1023
vn 0.9365 -0.3064 0.1708
vn 0.8580 -0.3064 0.4123
vn 0.4565 0.8657 0.2052
vn 0.8580 0.3064 0.4123
vn 0.9365 0.3064 0.1708
vn 0.3363 -0.8657 0.3708
vn 0.6572 -0.3064 0.6886
vn 0.4518 -0.3064 0.8379
vn 0.2487 0.8657 0.4344
vn 0.4518 0.3064 0.8379
vn 0.6572 0.3064 0.6886
vn -0.2855 -0.3827 0.8787
vn -0.1183 -0.9239 0.3640
vn -0.2855 0.3827 0.8787
vn -0.1183 0.9239 0.3640
vn 0.1334 -0.0000 0.9911
vn -0.1334 -0.0000 0.9911
vn -0.6904 -0.0000 0.7234
vn -0.4746 -0.0000 0.8802
vn -0.7474 -0.3827 0.5430
vn -0.3096 -0.9239 0.2249
vn -0.7474 0.3827 0.5430
vn -0.3096 0.9239 0.2249
vn -0.9838 -0.0000 0.1794
vn -0.9013 -0.0000 0.4331
vn -0.9239 -0.3827 -0.0000
vn -0.3827 -0.9239 -0.0000
vn -0.9239 0.3827 -0.0000
vn -0.3827 0.9239 -0.0000
vn -0.9013 -0.0000 -0.4331
vn -0.9838 -0.0000 -0.1794
vn -0.7474 -0.3827 -0.5430
vn -0.3096 -0.9239 -0.2249
vn -0.7474 0.3827 -0.5430
vn -0.3096 0.9239 -0.2249
vn -0.4746 -0.0000 -0.8802
vn -0.6904 -0.0000 -0.7234
vn -0.2855 -0.3827 -0.8787
vn -0.1183 -0.9239 -0.3640
vn -0.2855 0.3827 -0.8787
vn -0.1183 0.9239 -0.3640
vn 0.1334 -0.0000 -0.9911
vn -0.1334 -0.0000 -0.9911
vn 0.2855 -0.3827 -0.8787
vn 0.1183 -0.9239 -0.3640
vn 0.2855 0.3827 -0.8787
vn 0.1183 0.9239 -0.3640
vn 0.6904 -0.0000 -0.7234
vn 0.4746 -0.0000 -0.8802
vn 0.7474 -0.3827 -0.5430
vn 0.3096 -0.9239 -0.2249
vn 0.7474 0.3827 -0.5430
vn 0.3096 0.9239 -0.2249
vn 0.9838 -0.0000 -0.1794
vn 0.9013 -0.0000 -0.4331
vn 0.9239 -0.3827 -0.0000
vn 0.3827 -0.9239 -0.0000
vn 0.9239 0.3827 -0.0000
vn 0.3827 0.9239 -0.0000
vn 0.9013 -0.0000 0.4331
vn 0.9838 -0.0000 0.1794
vn 0.7474 -0.3827 0.5430
vn 0.3096 -0.9239 0.2249
vn 0.7474 0.3827 0.5430
vn 0.3096 0.9239 0.2249
vn 0.4746 -0.0000 0.8802
vn 0.6904 -0.0000 0.7234
vn 0.2855 -0.3827 0.8787
vn 0.1183 -0.9239 0.3640
vn 0.2855 0.3827 0.8787
vn 0.1183 0.9239 0.3640
vn -0.0000 -1.0000 -0.0000
vn -0.3090 -0.0000 0.9511
vn 0.3090 -0.0000 0.9511
vn -0.0000 1.0000 -0.0000
vn -0.8090 -0.0000 0.5878
vn -1.0000 -0.0000 -0.0000
vn -0.8090 -0.0000 -0.5878
vn -0.3090 -0.0000 -0.9511
vn 0.3090 -0.0000 -0.9511
vn 0.8090 -0.0000 -0.5878
vn 1.0000 -0.0000 -0.0000
vn 0.8090 -0.0000 0.5878
vn -0.0541 -0.8657 0.4976
vn 0.2395 -0.2213 0.9453
vn -0.2395 -0.2213 0.9453
vn 0.0541 0.8657 0.4976
vn -0.2395 0.2213 0.9453
vn 0.2395 0.2213 0.9453
vn -0.3363 -0.8657 0.3708
vn -0.3619 -0.2213 0.9056
vn -0.7494 -0.2213 0.6240
vn -0.2487 0.8657 0.4344
vn -0.7494 0.2213 0.6240
vn -0.3619 0.2213 0.9056
vn -0.4900 -0.8657 0.1023
vn -0.8251 -0.2213 0.5199
vn -0.9731 -0.2213 0.0643
vn -0.4565 0.8657 0.2052
vn -0.9731 0.2213 0.0643
vn -0.8251 0.2213 0.5199
vn -0.4565 -0.8657 -0.2052
vn -0.9731 -0.2213 -0.0643
vn -0.8251 -0.2213 -0.5199
vn -0.4900 0.8657 -0.1023
vn -0.8251 0.2213 -0.5199
vn -0.9731 0.2213 -0.0643
vn -0.2487 -0.8657 -0.4344
vn -0.7494 -0.2213 -0.6240
vn -0.3619 -0.2213 -0.9056
vn -0.3363 0.8657 -0.3708
vn -0.3619 0.2213 -0.9056
vn -0.7494 0.2213 -0.6240
vn 0.0541 -0.8657 -0.4976
vn -0.2395 -0.2213 -0.9453
vn 0.2395 -0.2213 -0.9453
vn -0.0541 0.8657 -0.4976
vn 0.2395 0.2213 -0.9453
vn -0.2395 0.2213 -0.9453
vn 0.3363 -0.8657 -0.3708
vn 0.3619 -0.2213 -0.9056
vn 0.7494 -0.2213 -0.6240
vn 0.2487 0.8657 -0.4344
vn 0.7494 0.2213 -0.6240
vn 0.3619 0.2213 -0.9056
vn 0.4900 -0.8657 -0.1023
vn 0.8251 -0.2213 -0.5199
vn 0.9731 -0.2213 -0.0643
vn 0.4565 0.8657 -0.2052
vn 0.9731 0.2213 -0.0643
vn 0.8251 0.2213 -0.5199
vn 0.4565 -0.8657 0.2052
vn 0.9731 -0.2213 0.0643
vn 0.8251 -0.2213 0.5199
vn 0.4900 0.8657 0.1023
vn 0.8251 0.2213 0.5199
vn 0.9731 0.2213 0.0643
vn 0.2487 -0.8657 0.4344
vn 0.7494 -0.2213 0.6240
vn 0.3619 -0.2213 0.9056
vn 0.3363 0.8657 0.3708
vn 0.3619 0.2213 0.9056
vn 0.7494 0.2213 0.6240
vt 0.750000 0.452147
vt 0.746655 0.488913
vt 0.772681 0.482630
vt -0.000000 0.517578
vt 0.016078 0.500000
vt 0.024270 0.517578
vt 0.983922 0.500000
vt 1.000000 0.517578
vt 0.975729 0.517578
vt 0.250000 0.452147
vt 0.253345 0.488913
vt 0.227319 0.482630
vt 1.000000 0.982422
vt 0.983922 1.000000
vt 0.975729 0.982422
vt 0.016078 1.000000
vt -0.000000 0.982422
vt 0.024270 0.982422
vt 0.868819 0.413541
vt 0.887723 0.445251
vt 0.905086 0.424870
vt 0.900000 0.517578
vt 0.916078 0.500000
vt 0.924270 0.517578
vt 0.883922 0.500000
vt 0.875729 0.517578
vt 0.368819 0.413541
vt 0.393136 0.441318
vt 0.368387 0.451534
vt 0.900000 0.982422
vt 0.883922 1.000000
vt 0.875729 0.982422
vt 0.916078 1.000000
vt 0.924271 0.982422
vt 0.942254 0.312467
vt 0.976186 0.327010
vt 0.978254 0.300316
vt 0.800000 0.517578
vt 0.816078 0.500000
vt 0.824270 0.517578
vt 0.783922 0.500000
vt 0.775729 0.517578
vt 0.442254 0.312467
vt 0.478254 0.320646
vt 0.464236 0.343458
vt 0.800000 0.982422
vt 0.783922 1.000000
vt 0.775729 0.982422
vt 0.816078 1.000000
vt 0.824270 0.982422
vt 0.942254 0.187533
vt 0.978254 0.179354
vt 0.964236 0.156542
vt 0.700000 0.517578
vt 0.716078 0.500000
vt 0.724270 0.517578
vt 0.683922 0.500000
vt 0.675729 0.517578
vt 0.442254 0.187533
vt 0.476186 0.172990
vt 0.478254 0.199685
vt 0.700000 0.982422
vt 0.683922 1.000000
vt 0.675729 0.982422
vt 0.716078 1.000000
vt 0.724270 0.982422
vt 0.868819 0.086459
vt 0.893136 0.058682
vt 0.868387 0.048466
vt 0.600000 0.517578
vt 0.616078 0.500000
vt 0.624270 0.517578
vt 0.583922 0.500000
vt 0.575729 0.517578
vt 0.368819 0.086459
vt 0.387723 0.054749
vt 0.405086 0.075130
vt 0.600000 0.982422
vt 0.583922 1.000000
vt 0.575729 0.982422
vt 0.616078 1.000000
vt 0.624270 0.982422
vt 0.750000 0.047853
vt 0.753345 0.011087
vt 0.727319 0.017370
vt 0.500000 0.517578
vt 0.516078 0.500000
vt 0.524270 0.517578
vt 0.483922 0.500000
vt 0.475729 0.517578
vt 0.250000 0.047853
vt 0.246655 0.011087
vt 0.272681 0.017370
vt 0.500000 0.982422
vt 0.483922 1.000000
vt 0.475729 0.982422
vt 0.516078 1.000000
vt 0.524270 0.982422
vt 0.631181 0.086459
vt 0.612277 0.054749
vt 0.594914 0.075130
vt 0.400000 0.517578
vt 0.416078 0.500000
vt 0.424270 0.517578
vt 0.383922 0.500000
vt 0.375729 0.517578
vt 0.131181 0.086459
vt 0.106864 0.058682
vt 0.131613 0.048466
vt 0.400000 0.982422
vt 0.383922 1.000000
vt 0.375729 0.982422
vt 0.416078 1.000000
vt 0.424270 0.982422
vt 0.557746 0.187533
vt 0.523814 0.172990
vt 0.521746 0.199685
vt 0.300000 0.517578
vt 0.316078 0.500000
vt 0.324270 0.517578
vt 0.283922 0.500000
vt 0.275729 0.517578
vt 0.057746 0.187533
vt 0.021746 0.179354
vt 0.035764 0.156542
vt 0.300000 0.982422
vt 0.283922 1.000000
vt 0.275729 0.982422
vt 0.316078 1.000000
vt 0.324270 0.982422
vt 0.557746 0.312467
vt 0.521746 0.320646
vt 0.535764 0.343458
vt 0.200000 0.517578
vt 0.216078 0.500000
vt 0.224270 0.517578
vt 0.183922 0.500000
vt 0.175729 0.517578
vt 0.057746 0.312467
vt 0.023814 0.327010
vt 0.021746 0.300316
vt 0.200000 0.982422
vt 0.183922 1.000000
vt 0.175729 0.982422
vt 0.216078 1.000000
vt 0.224270 0.982422
vt 0.631181 0.413541
vt 0.606864 0.441318
vt 0.631613 0.451534
vt 0.100000 0.517578
vt 0.116078 0.500000
vt 0.124270 0.517578
vt 0.083922 0.500000
vt 0.075729 0.517578
vt 0.131181 0.413541
vt 0.112277 0.445251
vt 0.094914 0.424870
vt 0.100000 0.982422
vt 0.083922 1.000000
vt 0.075729 0.982422
vt 0.116078 1.000000
vt 0.124270 0.982422
vt 0.868387 0.451534
vt 0.272681 0.482630
vt 0.964236 0.343458
vt 0.978254 0.199684
vt 0.478254 0.300316
vt 0.464236 0.156542
vt 0.772681 0.017370
vt 0.368387 0.048466
vt 0.631613 0.048466
vt 0.227319 0.017370
vt 0.535764 0.156542
vt 0.521746 0.300316
vt 0.021746 0.199684
vt 0.035764 0.343458
vt 0.727319 0.482630
vt 0.131613 0.451534
vt -0.000000 0.507429
vt 0.997629 0.500000
vt 1.000000 0.992571
vt 0.002371 1.000000
vt 0.898814 0.503715
vt 0.405086 0.424870
vt 0.901186 0.996285
vt 0.798814 0.503715
vt 0.801186 0.996285
vt 0.698814 0.503715
vt 0.701186 0.996285
vt 0.905086 0.075130
vt 0.598814 0.503715
vt 0.601186 0.996285
vt 0.498814 0.503715
vt 0.501186 0.996285
vt 0.398814 0.503715
vt 0.094914 0.075130
vt 0.401186 0.996285
vt 0.298814 0.503715
vt 0.301186 0.996285
vt 0.198814 0.503715
vt 0.201186 0.996285
vt 0.594914 0.424870
vt 0.098814 0.503715
vt 0.101186 0.996285
s 0
g hero_leg_l_M_brown
usemtl M_brown
f 57/73/79 61/74/79 63/75/79
f 62/76/80 60/77/80 58/78/80
f 63/79/81 62/80/81 59/81/81
f 64/82/82 68/83/82 70/84/82
f 69/85/83 67/86/83 65/87/83
f 70/88/84 69/89/84 66/90/84
f 71/91/85 75/92/85 77/93/85
f 76/94/86 74/95/86 72/96/86
f 77/97/87 76/94/87 73/98/87
f 78/99/88 82/100/88 84/101/88
f 83/102/89 81/103/89 79/104/89
f 84/105/90 83/102/90 80/106/90
f 85/107/91 89/108/91 91/109/91
f 90/110/92 88/111/92 86/112/92
f 91/113/93 90/110/93 87/114/93
f 92/115/94 96/116/94 98/117/94
f 97/118/95 95/119/95 93/120/95
f 98/121/96 97/118/96 94/122/96
f 99/123/97 103/124/97 105/125/97
f 104/126/98 102/127/98 100/128/98
f 105/129/99 104/126/99 101/130/99
f 106/131/100 110/132/100 112/133/100
f 111/134/101 109/135/101 107/136/101
f 112/137/102 111/134/102 108/138/102
f 113/139/103 117/140/103 119/141/103
f 118/142/104 116/143/104 114/144/104
f 119/145/105 118/142/105 115/146/105
f 120/147/106 124/148/106 126/149/106
f 125/150/107 123/151/107 121/152/107
f 126/153/108 125/150/108 122/154/108
f 127/155/109 131/156/109 133/157/109
f 132/158/110 130/159/110 128/160/110
f 133/161/111 132/158/111 129/162/111
f 134/163/112 138/164/112 140/165/112
f 139/166/113 137/167/113 135/168/113
f 140/169/114 139/166/114 136/170/114
f 141/171/115 145/172/115 147/173/115
f 146/174/116 144/175/116 142/176/116
f 147/177/117 146/174/117 143/178/117
f 148/179/118 152/180/118 154/181/118
f 153/182/119 151/183/119 149/184/119
f 154/185/120 153/182/120 150/186/120
f 155/187/121 159/188/121 161/189/121
f 160/190/122 158/191/122 156/192/122
f 161/193/123 160/190/123 157/194/123
f 162/195/124 166/196/124 168/197/124
f 167/198/125 165/199/125 163/200/125
f 168/201/126 167/198/126 164/202/126
f 169/203/127 173/204/127 175/205/127
f 174/206/128 172/207/128 170/208/128
f 175/209/129 174/206/129 171/210/129
f 176/211/130 180/212/130 182/213/130
f 181/214/131 179/215/131 177/216/131
f 182/217/132 181/214/132 178/218/132
f 183/219/133 187/220/133 189/221/133
f 188/222/134 186/223/134 184/224/134
f 189/225/135 188/222/135 185/226/135
f 190/227/136 194/228/136 196/229/136
f 195/230/137 193/231/137 191/232/137
f 196/233/138 195/230/138 192/234/138
f 72/96/139 63/79/139 59/81/139
f 74/235/140 57/73/140 63/75/140
f 65/87/141 84/105/141 80/106/141
f 67/236/142 78/99/142 84/101/142
f 66/90/143 62/76/143 58/78/143
f 69/85/144 59/81/144 62/80/144
f 73/98/145 83/102/145 79/104/145
f 76/94/146 80/106/146 83/102/146
f 86/112/147 77/97/147 73/98/147
f 88/237/148 71/91/148 77/93/148
f 94/122/149 81/103/149 98/121/149
f 98/117/150 78/99/150 92/115/150
f 87/114/151 97/118/151 93/120/151
f 90/110/152 94/122/152 97/118/152
f 100/128/153 91/113/153 87/114/153
f 102/238/154 85/107/154 91/109/154
f 93/120/155 112/137/155 108/138/155
f 95/239/156 106/131/156 112/133/156
f 101/130/157 111/134/157 107/136/157
f 104/126/158 108/138/158 111/134/158
f 101/130/159 116/143/159 105/129/159
f 105/125/160 113/139/160 99/123/160
f 107/136/161 126/153/161 122/154/161
f 109/240/162 120/147/162 126/149/162
f 115/146/163 125/150/163 121/152/163
f 118/142/164 122/154/164 125/150/164
f 128/160/165 119/145/165 115/146/165
f 130/241/166 113/139/166 119/141/166
f 121/152/167 140/169/167 136/170/167
f 123/242/168 134/163/168 140/165/168
f 129/162/169 139/166/169 135/168/169
f 132/158/170 136/170/170 139/166/170
f 142/176/171 133/161/171 129/162/171
f 144/243/172 127/155/172 133/157/172
f 135/168/173 154/185/173 150/186/173
f 137/244/174 148/179/174 154/181/174
f 143/178/175 153/182/175 149/184/175
f 146/174/176 150/186/176 153/182/176
f 156/192/177 147/177/177 143/178/177
f 158/245/178 141/171/178 147/173/178
f 164/202/179 151/183/179 168/201/179
f 168/197/180 148/179/180 162/195/180
f 157/194/181 167/198/181 163/200/181
f 160/190/182 164/202/182 167/198/182
f 170/208/183 161/193/183 157/194/183
f 172/246/184 155/187/184 161/189/184
f 163/200/185 182/217/185 178/218/185
f 165/247/186 176/211/186 182/213/186
f 171/210/187 181/214/187 177/216/187
f 174/206/188 178/218/188 181/214/188
f 171/210/189 186/223/189 175/209/189
f 175/205/190 183/219/190 169/203/190
f 177/216/191 196/233/191 192/234/191
f 179/248/192 190/227/192 196/229/192
f 185/226/193 195/230/193 191/232/193
f 188/222/194 192/234/194 195/230/194
f 58/78/195 189/225/195 185/226/195
f 60/249/196 183/219/196 189/221/196
f 191/232/197 70/88/197 66/90/197
f 193/250/198 64/82/198 70/84/198
f 99/123/199 155/187/199 183/219/199
f 65/87/200 72/96/200 59/81/200
f 191/232/201 58/78/201 185/226/201
f 176/211/202 120/147/202 92/115/202
f 79/104/203 86/112/203 73/98/203
f 93/120/204 100/128/204 87/114/204
f 107/136/205 114/144/205 101/130/205
f 121/152/206 128/160/206 115/146/206
f 135/168/207 142/176/207 129/162/207
f 149/184/208 156/192/208 143/178/208
f 163/200/209 170/208/209 157/194/209
f 177/216/210 184/224/210 171/210/210
f 57/73/211 60/249/211 61/74/211
f 62/76/212 61/251/212 60/77/212
f 63/79/213 61/252/213 62/80/213
f 64/82/214 67/236/214 68/83/214
f 69/85/215 68/253/215 67/86/215
f 70/88/216 68/254/216 69/89/216
f 71/91/217 74/235/217 75/92/217
f 76/94/218 75/255/218 74/95/218
f 77/97/219 75/255/219 76/94/219
f 78/99/220 81/256/220 82/100/220
f 83/102/221 82/257/221 81/103/221
f 84/105/222 82/257/222 83/102/222
f 85/107/223 88/237/223 89/108/223
f 90/110/224 89/258/224 88/111/224
f 91/113/225 89/258/225 90/110/225
f 92/115/226 95/239/226 96/116/226
f 97/118/227 96/259/227 95/119/227
f 98/121/228 96/259/228 97/118/228
f 99/123/229 102/238/229 103/124/229
f 104/126/230 103/260/230 102/127/230
f 105/129/231 103/260/231 104/126/231
f 106/131/232 109/240/232 110/132/232
f 111/134/233 110/261/233 109/135/233
f 112/137/234 110/261/234 111/134/234
f 113/139/235 116/262/235 117/140/235
f 118/142/236 117/263/236 116/143/236
f 119/145/237 117/263/237 118/142/237
f 120/147/238 123/242/238 124/148/238
f 125/150/239 124/264/239 123/151/239
f 126/153/240 124/264/240 125/150/240
f 127/155/241 130/241/241 131/156/241
f 132/158/242 131/265/242 130/159/242
f 133/161/243 131/265/243 132/158/243
f 134/163/244 137/244/244 138/164/244
f 139/166/245 138/266/245 137/167/245
f 140/169/246 138/266/246 139/166/246
f 141/171/247 144/243/247 145/172/247
f 146/174/248 145/267/248 144/175/248
f 147/177/249 145/267/249 146/174/249
f 148/179/250 151/268/250 152/180/250
f 153/182/251 152/269/251 151/183/251
f 154/185/252 152/269/252 153/182/252
f 155/187/253 158/245/253 159/188/253
f 160/190/254 159/270/254 158/191/254
f 161/193/255 159/270/255 160/190/255
f 162/195/256 165/247/256 166/196/256
f 167/198/257 166/271/257 165/199/257
f 168/201/258 166/271/258 167/198/258
f 169/203/259 172/246/259 173/204/259
f 174/206/260 173/272/260 172/207/260
f 175/209/261 173/272/261 174/206/261
f 176/211/262 179/248/262 180/212/262
f 181/214/263 180/273/263 179/215/263
f 182/217/264 180/273/264 181/214/264
f 183/219/265 186/274/265 187/220/265
f 188/222/266 187/275/266 186/223/266
f 189/225/267 187/275/267 188/222/267
f 190/227/268 193/250/268 194/228/268
f 195/230/269 194/276/269 193/231/269
f 196/233/270 194/276/270 195/230/270
f 72/96/139 74/95/139 63/79/139
f 74/235/140 71/91/140 57/73/140
f 65/87/141 67/86/141 84/105/141
f 67/236/142 64/82/142 78/99/142
f 66/90/143 69/89/143 62/76/143
f 69/85/144 65/87/144 59/81/144
f 73/98/145 76/94/145 83/102/145
f 76/94/146 72/96/146 80/106/146
f 86/112/147 88/111/147 77/97/147
f 88/237/148 85/107/148 71/91/148
f 94/122/149 79/104/149 81/103/149
f 98/117/150 81/256/150 78/99/150
f 87/114/151 90/110/151 97/118/151
f 90/110/152 86/112/152 94/122/152
f 100/128/153 102/127/153 91/113/153
f 102/238/154 99/123/154 85/107/154
f 93/120/155 95/119/155 112/137/155
f 95/239/156 92/115/156 106/131/156
f 101/130/157 104/126/157 111/134/157
f 104/126/158 100/128/158 108/138/158
f 101/130/159 114/144/159 116/143/159
f 105/125/160 116/262/160 113/139/160
f 107/136/161 109/135/161 126/153/161
f 109/240/162 106/131/162 120/147/162
f 115/146/163 118/142/163 125/150/163
f 118/142/164 114/144/164 122/154/164
f 128/160/165 130/159/165 119/145/165
f 130/241/166 127/155/166 113/139/166
f 121/152/167 123/151/167 140/169/167
f 123/242/168 120/147/168 134/163/168
f 129/162/169 132/158/169 139/166/169
f 132/158/170 128/160/170 136/170/170
f 142/176/171 144/175/171 133/161/171
f 144/243/172 141/171/172 127/155/172
f 135/168/173 137/167/173 154/185/173
f 137/244/174 134/163/174 148/179/174
f 143/178/175 146/174/175 153/182/175
f 146/174/176 142/176/176 150/186/176
f 156/192/177 158/191/177 147/177/177
f 158/245/178 155/187/178 141/171/178
f 164/202/179 149/184/179 151/183/179
f 168/197/180 151/268/180 148/179/180
f 157/194/181 160/190/181 167/198/181
f 160/190/182 156/192/182 164/202/182
f 170/208/183 172/207/183 161/193/183
f 172/246/184 169/203/184 155/187/184
f 163/200/185 165/199/185 182/217/185
f 165/247/186 162/195/186 176/211/186
f 171/210/187 174/206/187 181/214/187
f 174/206/188 170/208/188 178/218/188
f 171/210/189 184/224/189 186/223/189
f 175/205/190 186/274/190 183/219/190
f 177/216/191 179/215/191 196/233/191
f 179/248/192 176/211/192 190/227/192
f 185/226/193 188/222/193 195/230/193
f 188/222/194 184/224/194 192/234/194
f 58/78/195 60/77/195 189/225/195
f 60/249/196 57/73/196 183/219/196
f 191/232/197 193/231/197 70/88/197
f 193/250/198 190/227/198 64/82/198
f 183/219/199 57/73/199 71/91/199
f 71/91/199 85/107/199 99/123/199
f 99/123/199 113/139/199 127/155/199
f 127/155/199 141/171/199 155/187/199
f 155/187/199 169/203/199 183/219/199
f 183/219/199 71/91/199 99/123/199
f 99/123/199 127/155/199 155/187/199
f 65/87/200 80/106/200 72/96/200
f 191/232/201 66/90/201 58/78/201
f 92/115/202 78/99/202 64/82/202
f 64/82/202 190/227/202 176/211/202
f 176/211/202 162/195/202 148/179/202
f 148/179/202 134/163/202 120/147/202
f 120/147/202 106/131/202 92/115/202
f 92/115/202 64/82/202 176/211/202
f 176/211/202 148/179/202 120/147/202
f 79/104/203 94/122/203 86/112/203
f 93/120/204 108/138/204 100/128/204
f 107/136/205 122/154/205 114/144/205
f 121/152/206 136/170/206 128/160/206
f 135/168/207 150/186/207 142/176/207
f 149/184/208 164/202/208 156/192/208
f 163/200/209 178/218/209 170/208/209
f 177/216/210 192/234/210 184/224/210
g hero_leg_r_Cylinder.024
v -0.120000 0.030000 0.063171
v -0.109301 0.041250 0.071524
v -0.130699 0.041250 0.071524
v -0.113930 0.033295 0.069563
v -0.120000 0.034755 0.071443
v -0.120000 0.041250 0.072964
v -0.126070 0.033295 0.069563
v -0.120000 0.350000 0.063171
v -0.130699 0.338750 0.071524
v -0.109301 0.338750 0.071524
v -0.126070 0.346705 0.069563
v -0.120000 0.345245 0.071443
v -0.120000 0.338750 0.072964
v -0.113930 0.346705 0.069563
v -0.157131 0.030000 0.051106
v -0.153385 0.041250 0.064153
v -0.170696 0.041250 0.051575
v -0.155978 0.033295 0.059846
v -0.161993 0.034755 0.057798
v -0.162887 0.041250 0.059029
v -0.165799 0.033295 0.052710
v -0.157131 0.350000 0.051106
v -0.170696 0.338750 0.051575
v -0.153385 0.338750 0.064153
v -0.165799 0.346705 0.052710
v -0.161993 0.345245 0.057798
v -0.162887 0.338750 0.059029
v -0.155978 0.346705 0.059846
v -0.180079 0.030000 0.019521
v -0.184717 0.041250 0.032278
v -0.191329 0.041250 0.011926
v -0.184283 0.033295 0.027269
v -0.187946 0.034755 0.022077
v -0.189392 0.041250 0.022547
v -0.188034 0.033295 0.015724
v -0.180079 0.350000 0.019521
v -0.191329 0.338750 0.011926
v -0.184717 0.338750 0.032278
v -0.188034 0.346705 0.015724
v -0.187946 0.345245 0.022077
v -0.189392 0.338750 0.022547
v -0.184283 0.346705 0.027269
v -0.180079 0.030000 -0.019521
v -0.191329 0.041250 -0.011926
v -0.184717 0.041250 -0.032278
v -0.188034 0.033295 -0.015724
v -0.187946 0.034755 -0.022077
v -0.189392 0.041250 -0.022547
v -0.184283 0.033295 -0.027269
v -0.180079 0.350000 -0.019521
v -0.184717 0.338750 -0.032278
v -0.191329 0.338750 -0.011926
v -0.184283 0.346705 -0.027269
v -0.187946 0.345245 -0.022077
v -0.189392 0.338750 -0.022547
v -0.188034 0.346705 -0.015724
v -0.157131 0.030000 -0.051106
v -0.170696 0.041250 -0.051575
v -0.153385 0.041250 -0.064153
v -0.165799 0.033295 -0.052710
v -0.161993 0.034755 -0.057798
v -0.162887 0.041250 -0.059029
v -0.155978 0.033295 -0.059846
v -0.157131 0.350000 -0.051106
v -0.153385 0.338750 -0.064153
v -0.170696 0.338750 -0.051575
v -0.155978 0.346705 -0.059846
v -0.161993 0.345245 -0.057798
v -0.162887 0.338750 -0.059029
v -0.165799 0.346705 -0.052710
v -0.120000 0.030000 -0.063171
v -0.130699 0.041250 -0.071524
v -0.109301 0.041250 -0.071524
v -0.126070 0.033295 -0.069563
v -0.120000 0.034755 -0.071443
v -0.120000 0.041250 -0.072964
v -0.113930 0.033295 -0.069563
v -0.120000 0.350000 -0.063171
v -0.109301 0.338750 -0.071524
v -0.130699 0.338750 -0.071524
v -0.113930 0.346705 -0.069563
v -0.120000 0.345245 -0.071443
v -0.120000 0.338750 -0.072964
v -0.126070 0.346705 -0.069563
v -0.082869 0.030000 -0.051106
v -0.086615 0.041250 -0.064153
v -0.069304 0.041250 -0.051575
v -0.084022 0.033295 -0.059846
v -0.078007 0.034755 -0.057798
v -0.077113 0.041250 -0.059029
v -0.074201 0.033295 -0.052710
v -0.082869 0.350000 -0.051106
v -0.069304 0.338750 -0.051575
v -0.086615 0.338750 -0.064153
v -0.074201 0.346705 -0.052710
v -0.078007 0.345245 -0.057798
v -0.077113 0.338750 -0.059029
v -0.084022 0.346705 -0.059846
v -0.059921 0.030000 -0.019521
v -0.055283 0.041250 -0.032278
v -0.048671 0.041250 -0.011926
v -0.055717 0.033295 -0.027269
v -0.052054 0.034755 -0.022077
v -0.050608 0.041250 -0.022547
v -0.051966 0.033295 -0.015724
v -0.059921 0.350000 -0.019521
v -0.048671 0.338750 -0.011926
v -0.055283 0.338750 -0.032278
v -0.051966 0.346705 -0.015724
v -0.052054 0.345245 -0.022077
v -0.050608 0.338750 -0.022547
v -0.055717 0.346705 -0.027269
v -0.059921 0.030000 0.019521
v -0.048671 0.041250 0.011926
v -0.055283 0.041250 0.032278
v -0.051966 0.033295 0.015724
v -0.052054 0.034755 0.022077
v -0.050608 0.041250 0.022547
v -0.055717 0.033295 0.027269
v -0.059921 0.350000 0.019521
v -0.055283 0.338750 0.032278
v -0.048671 0.338750 0.011926
v -0.055717 0.346705 0.027269
v -0.052054 0.345245 0.022077
v -0.050608 0.338750 0.022547
v -0.051966 0.346705 0.015724
v -0.082869 0.030000 0.051106
v -0.069304 0.041250 0.051575
v -0.086615 0.041250 0.064153
v -0.074201 0.033295 0.052710
v -0.078007 0.034755 0.057798
v -0.077113 0.041250 0.059029
v -0.084022 0.033295 0.059846
v -0.082869 0.350000 0.051106
v -0.086615 0.338750 0.064153
v -0.069304 0.338750 0.051575
v -0.084022 0.346705 0.059846
v -0.078007 0.345245 0.057798
v -0.077113 0.338750 0.059029
v -0.074201 0.346705 0.052710
vn 0.0541 -0.8657 0.4976
vn 0.1270 -0.3064 0.9434
vn -0.1270 -0.3064 0.9434
vn -0.0541 0.8657 0.4976
vn -0.1270 0.3064 0.9434
vn 0.1270 0.3064 0.9434
vn -0.2487 -0.8657 0.4344
vn -0.4518 -0.3064 0.8379
vn -0.6572 -0.3064 0.6886
vn -0.3363 0.8657 0.3708
vn -0.6572 0.3064 0.6886
vn -0.4518 0.3064 0.8379
vn -0.4565 -0.8657 0.2052
vn -0.8580 -0.3064 0.4123
vn -0.9365 -0.3064 0.1708
vn -0.4900 0.8657 0.1023
vn -0.9365 0.3064 0.1708
vn -0.8580 0.3064 0.4123
vn -0.4900 -0.8657 -0.1023
vn -0.9365 -0.3064 -0.1708
vn -0.8580 -0.3064 -0.4123
vn -0.4565 0.8657 -0.2052
vn -0.8580 0.3064 -0.4123
vn -0.9365 0.3064 -0.1708
vn -0.3363 -0.8657 -0.3708
vn -0.6572 -0.3064 -0.6886
vn -0.4518 -0.3064 -0.8379
vn -0.2487 0.8657 -0.4344
vn -0.4518 0.3064 -0.8379
vn -0.6572 0.3064 -0.6886
vn -0.0541 -0.8657 -0.4976
vn -0.1270 -0.3064 -0.9434
vn 0.1270 -0.3064 -0.9434
vn 0.0541 0.8657 -0.4976
vn 0.1270 0.3064 -0.9434
vn -0.1270 0.3064 -0.9434
vn 0.2487 -0.8657 -0.4344
vn 0.4518 -0.3064 -0.8379
vn 0.6572 -0.3064 -0.6886
vn 0.3363 0.8657 -0.3708
vn 0.6572 0.3064 -0.6886
vn 0.4518 0.3064 -0.8379
vn 0.4565 -0.8657 -0.2052
vn 0.8580 -0.3064 -0.4123
vn 0.9365 -0.3064 -0.1708
vn 0.4900 0.8657 -0.1023
vn 0.9365 0.3064 -0.1708
vn 0.8580 0.3064 -0.4123
vn 0.4900 -0.8657 0.1023
vn 0.9365 -0.3064 0.1708
vn 0.8580 -0.3064 0.4123
vn 0.4565 0.8657 0.2052
vn 0.8580 0.3064 0.4123
vn 0.9365 0.3064 0.1708
vn 0.3363 -0.8657 0.3708
vn 0.6572 -0.3064 0.6886
vn 0.4518 -0.3064 0.8379
vn 0.2487 0.8657 0.4344
vn 0.4518 0.3064 0.8379
vn 0.6572 0.3064 0.6886
vn -0.2855 -0.3827 0.8787
vn -0.1183 -0.9239 0.3640
vn -0.2855 0.3827 0.8787
vn -0.1183 0.9239 0.3640
vn 0.1334 -0.0000 0.9911
vn -0.1334 -0.0000 0.9911
vn -0.6904 -0.0000 0.7234
vn -0.4746 -0.0000 0.8802
vn -0.7474 -0.3827 0.5430
vn -0.3096 -0.9239 0.2249
vn -0.7474 0.3827 0.5430
vn -0.3096 0.9239 0.2249
vn -0.9838 -0.0000 0.1794
vn -0.9013 -0.0000 0.4331
vn -0.9239 -0.3827 -0.0000
vn -0.3827 -0.9239 -0.0000
vn -0.9239 0.3827 -0.0000
vn -0.3827 0.9239 -0.0000
vn -0.9013 -0.0000 -0.4331
vn -0.9838 -0.0000 -0.1794
vn -0.7474 -0.3827 -0.5430
vn -0.3096 -0.9239 -0.2249
vn -0.7474 0.3827 -0.5430
vn -0.3096 0.9239 -0.2249
vn -0.4746 -0.0000 -0.8802
vn -0.6904 -0.0000 -0.7234
vn -0.2855 -0.3827 -0.8787
vn -0.1183 -0.9239 -0.3640
vn -0.2855 0.3827 -0.8787
vn -0.1183 0.9239 -0.3640
vn 0.1334 -0.0000 -0.9911
vn -0.1334 -0.0000 -0.9911
vn 0.2855 -0.3827 -0.8787
vn 0.1183 -0.9239 -0.3640
vn 0.2855 0.3827 -0.8787
vn 0.1183 0.9239 -0.3640
vn 0.6904 -0.0000 -0.7234
vn 0.4746 -0.0000 -0.8802
vn 0.7474 -0.3827 -0.5430
vn 0.3096 -0.9239 -0.2249
vn 0.7474 0.3827 -0.5430
vn 0.3096 0.9239 -0.2249
vn 0.9838 -0.0000 -0.1794
vn 0.9013 -0.0000 -0.4331
vn 0.9239 -0.3827 -0.0000
vn 0.3827 -0.9239 -0.0000
vn 0.9239 0.3827 -0.0000
vn 0.3827 0.9239 -0.0000
vn 0.9013 -0.0000 0.4331
vn 0.9838 -0.0000 0.1794
vn 0.7474 -0.3827 0.5430
vn 0.3096 -0.9239 0.2249
vn 0.7474 0.3827 0.5430
vn 0.3096 0.9239 0.2249
vn 0.4746 -0.0000 0.8802
vn 0.6904 -0.0000 0.7234
vn 0.2855 -0.3827 0.8787
vn 0.1183 -0.9239 0.3640
vn 0.2855 0.3827 0.8787
vn 0.1183 0.9239 0.3640
vn -0.0000 -1.0000 -0.0000
vn -0.3090 -0.0000 0.9511
vn 0.3090 -0.0000 0.9511
vn -0.0000 1.0000 -0.0000
vn -0.8090 -0.0000 0.5878
vn -1.0000 -0.0000 -0.0000
vn -0.8090 -0.0000 -0.5878
vn -0.3090 -0.0000 -0.9511
vn 0.3090 -0.0000 -0.9511
vn 0.8090 -0.0000 -0.5878
vn 1.0000 -0.0000 -0.0000
vn 0.8090 -0.0000 0.5878
vn -0.0541 -0.8657 0.4976
vn 0.2395 -0.2213 0.9453
vn -0.2395 -0.2213 0.9453
vn 0.0541 0.8657 0.4976
vn -0.2395 0.2213 0.9453
vn 0.2395 0.2213 0.9453
vn -0.3363 -0.8657 0.3708
vn -0.3619 -0.2213 0.9056
vn -0.7494 -0.2213 0.6240
vn -0.2487 0.8657 0.4344
vn -0.7494 0.2213 0.6240
vn -0.3619 0.2213 0.9056
vn -0.4900 -0.8657 0.1023
vn -0.8251 -0.2213 0.5199
vn -0.9731 -0.2213 0.0643
vn -0.4565 0.8657 0.2052
vn -0.9731 0.2213 0.0643
vn -0.8251 0.2213 0.5199
vn -0.4565 -0.8657 -0.2052
vn -0.9731 -0.2213 -0.0643
vn -0.8251 -0.2213 -0.5199
vn -0.4900 0.8657 -0.1023
vn -0.8251 0.2213 -0.5199
vn -0.9731 0.2213 -0.0643
vn -0.2487 -0.8657 -0.4344
vn -0.7494 -0.2213 -0.6240
vn -0.3619 -0.2213 -0.9056
vn -0.3363 0.8657 -0.3708
vn -0.3619 0.2213 -0.9056
vn -0.7494 0.2213 -0.6240
vn 0.0541 -0.8657 -0.4976
vn -0.2395 -0.2213 -0.9453
vn 0.2395 -0.2213 -0.9453
vn -0.0541 0.8657 -0.4976
vn 0.2395 0.2213 -0.9453
vn -0.2395 0.2213 -0.9453
vn 0.3363 -0.8657 -0.3708
vn 0.3619 -0.2213 -0.9056
vn 0.7494 -0.2213 -0.6240
vn 0.2487 0.8657 -0.4344
vn 0.7494 0.2213 -0.6240
vn 0.3619 0.2213 -0.9056
vn 0.4900 -0.8657 -0.1023
vn 0.8251 -0.2213 -0.5199
vn 0.9731 -0.2213 -0.0643
vn 0.4565 0.8657 -0.2052
vn 0.9731 0.2213 -0.0643
vn 0.8251 0.2213 -0.5199
vn 0.4565 -0.8657 0.2052
vn 0.9731 -0.2213 0.0643
vn 0.8251 -0.2213 0.5199
vn 0.4900 0.8657 0.1023
vn 0.8251 0.2213 0.5199
vn 0.9731 0.2213 0.0643
vn 0.2487 -0.8657 0.4344
vn 0.7494 -0.2213 0.6240
vn 0.3619 -0.2213 0.9056
vn 0.3363 0.8657 0.3708
vn 0.3619 0.2213 0.9056
vn 0.7494 0.2213 0.6240
vt 0.750000 0.452147
vt 0.746655 0.488913
vt 0.772681 0.482630
vt -0.000000 0.517578
vt 0.016078 0.500000
vt 0.024270 0.517578
vt 0.983922 0.500000
vt 1.000000 0.517578
vt 0.975729 0.517578
vt 0.250000 0.452147
vt 0.253345 0.488913
vt 0.227319 0.482630
vt 1.000000 0.982422
vt 0.983922 1.000000
vt 0.975729 0.982422
vt 0.016078 1.000000
vt -0.000000 0.982422
vt 0.024270 0.982422
vt 0.868819 0.413541
vt 0.887723 0.445251
vt 0.905086 0.424870
vt 0.900000 0.517578
vt 0.916078 0.500000
vt 0.924270 0.517578
vt 0.883922 0.500000
vt 0.875729 0.517578
vt 0.368819 0.413541
vt 0.393136 0.441318
vt 0.368387 0.451534
vt 0.900000 0.982422
vt 0.883922 1.000000
vt 0.875729 0.982422
vt 0.916078 1.000000
vt 0.924271 0.982422
vt 0.942254 0.312467
vt 0.976186 0.327010
vt 0.978254 0.300316
vt 0.800000 0.517578
vt 0.816078 0.500000
vt 0.824270 0.517578
vt 0.783922 0.500000
vt 0.775729 0.517578
vt 0.442254 0.312467
vt 0.478254 0.320646
vt 0.464236 0.343458
vt 0.800000 0.982422
vt 0.783922 1.000000
vt 0.775729 0.982422
vt 0.816078 1.000000
vt 0.824270 0.982422
vt 0.942254 0.187533
vt 0.978254 0.179354
vt 0.964236 0.156542
vt 0.700000 0.517578
vt 0.716078 0.500000
vt 0.724270 0.517578
vt 0.683922 0.500000
vt 0.675729 0.517578
vt 0.442254 0.187533
vt 0.476186 0.172990
vt 0.478254 0.199685
vt 0.700000 0.982422
vt 0.683922 1.000000
vt 0.675729 0.982422
vt 0.716078 1.000000
vt 0.724270 0.982422
vt 0.868819 0.086459
vt 0.893136 0.058682
vt 0.868387 0.048466
vt 0.600000 0.517578
vt 0.616078 0.500000
vt 0.624270 0.517578
vt 0.583922 0.500000
vt 0.575729 0.517578
vt 0.368819 0.086459
vt 0.387723 0.054749
vt 0.405086 0.075130
vt 0.600000 0.982422
vt 0.583922 1.000000
vt 0.575729 0.982422
vt 0.616078 1.000000
vt 0.624270 0.982422
vt 0.750000 0.047853
vt 0.753345 0.011087
vt 0.727319 0.017370
vt 0.500000 0.517578
vt 0.516078 0.500000
vt 0.524270 0.517578
vt 0.483922 0.500000
vt 0.475729 0.517578
vt 0.250000 0.047853
vt 0.246655 0.011087
vt 0.272681 0.017370
vt 0.500000 0.982422
vt 0.483922 1.000000
vt 0.475729 0.982422
vt 0.516078 1.000000
vt 0.524270 0.982422
vt 0.631181 0.086459
vt 0.612277 0.054749
vt 0.594914 0.075130
vt 0.400000 0.517578
vt 0.416078 0.500000
vt 0.424270 0.517578
vt 0.383922 0.500000
vt 0.375729 0.517578
vt 0.131181 0.086459
vt 0.106864 0.058682
vt 0.131613 0.048466
vt 0.400000 0.982422
vt 0.383922 1.000000
vt 0.375729 0.982422
vt 0.416078 1.000000
vt 0.424270 0.982422
vt 0.557746 0.187533
vt 0.523814 0.172990
vt 0.521746 0.199685
vt 0.300000 0.517578
vt 0.316078 0.500000
vt 0.324270 0.517578
vt 0.283922 0.500000
vt 0.275729 0.517578
vt 0.057746 0.187533
vt 0.021746 0.179354
vt 0.035764 0.156542
vt 0.300000 0.982422
vt 0.283922 1.000000
vt 0.275729 0.982422
vt 0.316078 1.000000
vt 0.324270 0.982422
vt 0.557746 0.312467
vt 0.521746 0.320646
vt 0.535764 0.343458
vt 0.200000 0.517578
vt 0.216078 0.500000
vt 0.224270 0.517578
vt 0.183922 0.500000
vt 0.175729 0.517578
vt 0.057746 0.312467
vt 0.023814 0.327010
vt 0.021746 0.300316
vt 0.200000 0.982422
vt 0.183922 1.000000
vt 0.175729 0.982422
vt 0.216078 1.000000
vt 0.224270 0.982422
vt 0.631181 0.413541
vt 0.606864 0.441318
vt 0.631613 0.451534
vt 0.100000 0.517578
vt 0.116078 0.500000
vt 0.124270 0.517578
vt 0.083922 0.500000
vt 0.075729 0.517578
vt 0.131181 0.413541
vt 0.112277 0.445251
vt 0.094914 0.424870
vt 0.100000 0.982422
vt 0.083922 1.000000
vt 0.075729 0.982422
vt 0.116078 1.000000
vt 0.124270 0.982422
vt 0.868387 0.451534
vt 0.272681 0.482630
vt 0.964236 0.343458
vt 0.978254 0.199684
vt 0.478254 0.300316
vt 0.464236 0.156542
vt 0.772681 0.017370
vt 0.368387 0.048466
vt 0.631613 0.048466
vt 0.227319 0.017370
vt 0.535764 0.156542
vt 0.521746 0.300316
vt 0.021746 0.199684
vt 0.035764 0.343458
vt 0.727319 0.482630
vt 0.131613 0.451534
vt -0.000000 0.507429
vt 0.997629 0.500000
vt 1.000000 0.992571
vt 0.002371 1.000000
vt 0.898814 0.503715
vt 0.405086 0.424870
vt 0.901186 0.996285
vt 0.798814 0.503715
vt 0.801186 0.996285
vt 0.698814 0.503715
vt 0.701186 0.996285
vt 0.905086 0.075130
vt 0.598814 0.503715
vt 0.601186 0.996285
vt 0.498814 0.503715
vt 0.501186 0.996285
vt 0.398814 0.503715
vt 0.094914 0.075130
vt 0.401186 0.996285
vt 0.298814 0.503715
vt 0.301186 0.996285
vt 0.198814 0.503715
vt 0.201186 0.996285
vt 0.594914 0.424870
vt 0.098814 0.503715
vt 0.101186 0.996285
s 0
g hero_leg_r_M_brown
usemtl M_brown
f 197/277/271 201/278/271 203/279/271
f 202/280/272 200/281/272 198/282/272
f 203/283/273 202/284/273 199/285/273
f 204/286/274 208/287/274 210/288/274
f 209/289/275 207/290/275 205/291/275
f 210/292/276 209/293/276 206/294/276
f 211/295/277 215/296/277 217/297/277
f 216/298/278 214/299/278 212/300/278
f 217/301/279 216/298/279 213/302/279
f 218/303/280 222/304/280 224/305/280
f 223/306/281 221/307/281 219/308/281
f 224/309/282 223/306/282 220/310/282
f 225/311/283 229/312/283 231/313/283
f 230/314/284 228/315/284 226/316/284
f 231/317/285 230/314/285 227/318/285
f 232/319/286 236/320/286 238/321/286
f 237/322/287 235/323/287 233/324/287
f 238/325/288 237/322/288 234/326/288
f 239/327/289 243/328/289 245/329/289
f 244/330/290 242/331/290 240/332/290
f 245/333/291 244/330/291 241/334/291
f 246/335/292 250/336/292 252/337/292
f 251/338/293 249/339/293 247/340/293
f 252/341/294 251/338/294 248/342/294
f 253/343/295 257/344/295 259/345/295
f 258/346/296 256/347/296 254/348/296
f 259/349/297 258/346/297 255/350/297
f 260/351/298 264/352/298 266/353/298
f 265/354/299 263/355/299 261/356/299
f 266/357/300 265/354/300 262/358/300
f 267/359/301 271/360/301 273/361/301
f 272/362/302 270/363/302 268/364/302
f 273/365/303 272/362/303 269/366/303
f 274/367/304 278/368/304 280/369/304
f 279/370/305 277/371/305 275/372/305
f 280/373/306 279/370/306 276/374/306
f 281/375/307 285/376/307 287/377/307
f 286/378/308 284/379/308 282/380/308
f 287/381/309 286/378/309 283/382/309
f 288/383/310 292/384/310 294/385/310
f 293/386/311 291/387/311 289/388/311
f 294/389/312 293/386/312 290/390/312
f 295/391/313 299/392/313 301/393/313
f 300/394/314 298/395/314 296/396/314
f 301/397/315 300/394/315 297/398/315
f 302/399/316 306/400/316 308/401/316
f 307/402/317 305/403/317 303/404/317
f 308/405/318 307/402/318 304/406/318
f 309/407/319 313/408/319 315/409/319
f 314/410/320 312/411/320 310/412/320
f 315/413/321 314/410/321 311/414/321
f 316/415/322 320/416/322 322/417/322
f 321/418/323 319/419/323 317/420/323
f 322/421/324 321/418/324 318/422/324
f 323/423/325 327/424/325 329/425/325
f 328/426/326 326/427/326 324/428/326
f 329/429/327 328/426/327 325/430/327
f 330/431/328 334/432/328 336/433/328
f 335/434/329 333/435/329 331/436/329
f 336/437/330 335/434/330 332/438/330
f 212/300/331 203/283/331 199/285/331
f 214/439/332 197/277/332 203/279/332
f 205/291/333 224/309/333 220/310/333
f 207/440/334 218/303/334 224/305/334
f 206/294/335 202/280/335 198/282/335
f 209/289/336 199/285/336 202/284/336
f 213/302/337 223/306/337 219/308/337
f 216/298/338 220/310/338 223/306/338
f 226/316/339 217/301/339 213/302/339
f 228/441/340 211/295/340 217/297/340
f 234/326/341 221/307/341 238/325/341
f 238/321/342 218/303/342 232/319/342
f 227/318/343 237/322/343 233/324/343
f 230/314/344 234/326/344 237/322/344
f 240/332/345 231/317/345 227/318/345
f 242/442/346 225/311/346 231/313/346
f 233/324/347 252/341/347 248/342/347
f 235/443/348 246/335/348 252/337/348
f 241/334/349 251/338/349 247/340/349
f 244/330/350 248/342/350 251/338/350
f 241/334/351 256/347/351 245/333/351
f 245/329/352 253/343/352 239/327/352
f 247/340/353 266/357/353 262/358/353
f 249/444/354 260/351/354 266/353/354
f 255/350/355 265/354/355 261/356/355
f 258/346/356 262/358/356 265/354/356
f 268/364/357 259/349/357 255/350/357
f 270/445/358 253/343/358 259/345/358
f 261/356/359 280/373/359 276/374/359
f 263/446/360 274/367/360 280/369/360
f 269/366/361 279/370/361 275/372/361
f 272/362/362 276/374/362 279/370/362
f 282/380/363 273/365/363 269/366/363
f 284/447/364 267/359/364 273/361/364
f 275/372/365 294/389/365 290/390/365
f 277/448/366 288/383/366 294/385/366
f 283/382/367 293/386/367 289/388/367
f 286/378/368 290/390/368 293/386/368
f 296/396/369 287/381/369 283/382/369
f 298/449/370 281/375/370 287/377/370
f 304/406/371 291/387/371 308/405/371
f 308/401/372 288/383/372 302/399/372
f 297/398/373 307/402/373 303/404/373
f 300/394/374 304/406/374 307/402/374
f 310/412/375 301/397/375 297/398/375
f 312/450/376 295/391/376 301/393/376
f 303/404/377 322/421/377 318/422/377
f 305/451/378 316/415/378 322/417/378
f 311/414/379 321/418/379 317/420/379
f 314/410/380 318/422/380 321/418/380
f 311/414/381 326/427/381 315/413/381
f 315/409/382 323/423/382 309/407/382
f 317/420/383 336/437/383 332/438/383
f 319/452/384 330/431/384 336/433/384
f 325/430/385 335/434/385 331/436/385
f 328/426/386 332/438/386 335/434/386
f 198/282/387 329/429/387 325/430/387
f 200/453/388 323/423/388 329/425/388
f 331/436/389 210/292/389 206/294/389
f 333/454/390 204/286/390 210/288/390
f 239/327/391 295/391/391 323/423/391
f 205/291/392 212/300/392 199/285/392
f 331/436/393 198/282/393 325/430/393
f 316/415/394 260/351/394 232/319/394
f 219/308/395 226/316/395 213/302/395
f 233/324/396 240/332/396 227/318/396
f 247/340/397 254/348/397 241/334/397
f 261/356/398 268/364/398 255/350/398
f 275/372/399 282/380/399 269/366/399
f 289/388/400 296/396/400 283/382/400
f 303/404/401 310/412/401 297/398/401
f 317/420/402 324/428/402 311/414/402
f 197/277/403 200/453/403 201/278/403
f 202/280/404 201/455/404 200/281/404
f 203/283/405 201/456/405 202/284/405
f 204/286/406 207/440/406 208/287/406
f 209/289/407 208/457/407 207/290/407
f 210/292/408 208/458/408 209/293/408
f 211/295/409 214/439/409 215/296/409
f 216/298/410 215/459/410 214/299/410
f 217/301/411 215/459/411 216/298/411
f 218/303/412 221/460/412 222/304/412
f 223/306/413 222/461/413 221/307/413
f 224/309/414 222/461/414 223/306/414
f 225/311/415 228/441/415 229/312/415
f 230/314/416 229/462/416 228/315/416
f 231/317/417 229/462/417 230/314/417
f 232/319/418 235/443/418 236/320/418
f 237/322/419 236/463/419 235/323/419
f 238/325/420 236/463/420 237/322/420
f 239/327/421 242/442/421 243/328/421
f 244/330/422 243/464/422 242/331/422
f 245/333/423 243/464/423 244/330/423
f 246/335/424 249/444/424 250/336/424
f 251/338/425 250/465/425 249/339/425
f 252/341/426 250/465/426 251/338/426
f 253/343/427 256/466/427 257/344/427
f 258/346/428 257/467/428 256/347/428
f 259/349/429 257/467/429 258/346/429
f 260/351/430 263/446/430 264/352/430
f 265/354/431 264/468/431 263/355/431
f 266/357/432 264/468/432 265/354/432
f 267/359/433 270/445/433 271/360/433
f 272/362/434 271/469/434 270/363/434
f 273/365/435 271/469/435 272/362/435
f 274/367/436 277/448/436 278/368/436
f 279/370/437 278/470/437 277/371/437
f 280/373/438 278/470/438 279/370/438
f 281/375/439 284/447/439 285/376/439
f 286/378/440 285/471/440 284/379/440
f 287/381/441 285/471/441 286/378/441
f 288/383/442 291/472/442 292/384/442
f 293/386/443 292/473/443 291/387/443
f 294/389/444 292/473/444 293/386/444
f 295/391/445 298/449/445 299/392/445
f 300/394/446 299/474/446 298/395/446
f 301/397/447 299/474/447 300/394/447
f 302/399/448 305/451/448 306/400/448
f 307/402/449 306/475/449 305/403/449
f 308/405/450 306/475/450 307/402/450
f 309/407/451 312/450/451 313/408/451
f 314/410/452 313/476/452 312/411/452
f 315/413/453 313/476/453 314/410/453
f 316/415/454 319/452/454 320/416/454
f 321/418/455 320/477/455 319/419/455
f 322/421/456 320/477/456 321/418/456
f 323/423/457 326/478/457 327/424/457
f 328/426/458 327/479/458 326/427/458
f 329/429/459 327/479/459 328/426/459
f 330/431/460 333/454/460 334/432/460
f 335/434/461 334/480/461 333/435/461
f 336/437/462 334/480/462 335/434/462
f 212/300/331 214/299/331 203/283/331
f 214/439/332 211/295/332 197/277/332
f 205/291/333 207/290/333 224/309/333
f 207/440/334 204/286/334 218/303/334
f 206/294/335 209/293/335 202/280/335
f 209/289/336 205/291/336 199/285/336
f 213/302/337 216/298/337 223/306/337
f 216/298/338 212/300/338 220/310/338
f 226/316/339 228/315/339 217/301/339
f 228/441/340 225/311/340 211/295/340
f 234/326/341 219/308/341 221/307/341
f 238/321/342 221/460/342 218/303/342
f 227/318/343 230/314/343 237/322/343
f 230/314/344 226/316/344 234/326/344
f 240/332/345 242/331/345 231/317/345
f 242/442/346 239/327/346 225/311/346
f 233/324/347 235/323/347 252/341/347
f 235/443/348 232/319/348 246/335/348
f 241/334/349 244/330/349 251/338/349
f 244/330/350 240/332/350 248/342/350
f 241/334/351 254/348/351 256/347/351
f 245/329/352 256/466/352 253/343/352
f 247/340/353 249/339/353 266/357/353
f 249/444/354 246/335/354 260/351/354
f 255/350/355 258/346/355 265/354/355
f 258/346/356 254/348/356 262/358/356
f 268/364/357 270/363/357 259/349/357
f 270/445/358 267/359/358 253/343/358
f 261/356/359 263/355/359 280/373/359
f 263/446/360 260/351/360 274/367/360
f 269/366/361 272/362/361 279/370/361
f 272/362/362 268/364/362 276/374/362
f 282/380/363 284/379/363 273/365/363
f 284/447/364 281/375/364 267/359/364
f 275/372/365 277/371/365 294/389/365
f 277/448/366 274/367/366 288/383/366
f 283/382/367 286/378/367 293/386/367
f 286/378/368 282/380/368 290/390/368
f 296/396/369 298/395/369 287/381/369
f 298/449/370 295/391/370 281/375/370
f 304/406/371 289/388/371 291/387/371
f 308/401/372 291/472/372 288/383/372
f 297/398/373 300/394/373 307/402/373
f 300/394/374 296/396/374 304/406/374
f 310/412/375 312/411/375 301/397/375
f 312/450/376 309/407/376 295/391/376
f 303/404/377 305/403/377 322/421/377
f 305/451/378 302/399/378 316/415/378
f 311/414/379 314/410/379 321/418/379
f 314/410/380 310/412/380 318/422/380
f 311/414/381 324/428/381 326/427/381
f 315/409/382 326/478/382 323/423/382
f 317/420/383 319/419/383 336/437/383
f 319/452/384 316/415/384 330/431/384
f 325/430/385 328/426/385 335/434/385
f 328/426/386 324/428/386 332/438/386
f 198/282/387 200/281/387 329/429/387
f 200/453/388 197/277/388 323/423/388
f 331/436/389 333/435/389 210/292/389
f 333/454/390 330/431/390 204/286/390
f 323/423/391 197/277/391 211/295/391
f 211/295/391 225/311/391 239/327/391
f 239/327/391 253/343/391 267/359/391
f 267/359/391 281/375/391 295/391/391
f 295/391/391 309/407/391 323/423/391
f 323/423/391 211/295/391 239/327/391
f 239/327/391 267/359/391 295/391/391
f 205/291/392 220/310/392 212/300/392
f 331/436/393 206/294/393 198/282/393
f 232/319/394 218/303/394 204/286/394
f 204/286/394 330/431/394 316/415/394
f 316/415/394 302/399/394 288/383/394
f 288/383/394 274/367/394 260/351/394
f 260/351/394 246/335/394 232/319/394
f 232/319/394 204/286/394 316/415/394
f 316/415/394 288/383/394 260/351/394
f 219/308/395 234/326/395 226/316/395
f 233/324/396 248/342/396 240/332/396
f 247/340/397 262/358/397 254/348/397
f 261/356/398 276/374/398 268/364/398
f 275/372/399 290/390/399 282/380/399
f 289/388/400 304/406/400 296/396/400
f 303/404/401 318/422/401 310/412/401
f 317/420/402 332/438/402 324/428/402
g hero_boot_l_Cube.060
v 0.182000 0.000000 -0.127000
v 0.182000 0.018000 -0.145000
v 0.200000 0.018000 -0.127000
v 0.182000 0.005272 -0.139728
v 0.192392 0.007608 -0.137392
v 0.194728 0.018000 -0.139728
v 0.194728 0.005272 -0.127000
v 0.182000 0.082000 -0.145000
v 0.182000 0.100000 -0.127000
v 0.200000 0.082000 -0.127000
v 0.182000 0.094728 -0.139728
v 0.192392 0.092392 -0.137392
v 0.194728 0.094728 -0.127000
v 0.194728 0.082000 -0.139728
v 0.182000 0.000000 0.057000
v 0.200000 0.018000 0.057000
v 0.182000 0.018000 0.075000
v 0.194728 0.005272 0.057000
v 0.192392 0.007608 0.067392
v 0.194728 0.018000 0.069728
v 0.182000 0.005272 0.069728
v 0.182000 0.100000 0.057000
v 0.182000 0.082000 0.075000
v 0.200000 0.082000 0.057000
v 0.182000 0.094728 0.069728
v 0.192392 0.092392 0.067392
v 0.194728 0.082000 0.069728
v 0.194728 0.094728 0.057000
v 0.058000 0.000000 -0.127000
v 0.040000 0.018000 -0.127000
v 0.058000 0.018000 -0.145000
v 0.045272 0.005272 -0.127000
v 0.047608 0.007608 -0.137392
v 0.045272 0.018000 -0.139728
v 0.058000 0.005272 -0.139728
v 0.058000 0.100000 -0.127000
v 0.058000 0.082000 -0.145000
v 0.040000 0.082000 -0.127000
v 0.058000 0.094728 -0.139728
v 0.047608 0.092392 -0.137392
v 0.045272 0.082000 -0.139728
v 0.045272 0.094728 -0.127000
v 0.058000 0.000000 0.057000
v 0.058000 0.018000 0.075000
v 0.040000 0.018000 0.057000
v 0.058000 0.005272 0.069728
v 0.047608 0.007608 0.067392
v 0.045272 0.018000 0.069728
v 0.045272 0.005272 0.057000
v 0.058000 0.100000 0.057000
v 0.040000 0.082000 0.057000
v 0.058000 0.082000 0.075000
v 0.045272 0.094728 0.057000
v 0.047608 0.092392 0.067392
v 0.045272 0.082000 0.069728
v 0.058000 0.094728 0.069728
vn 0.3672 -0.8865 -0.2817
vn 0.2817 -0.3672 -0.8865
vn 0.8865 -0.2817 -0.3672
vn 0.3672 0.2817 -0.8865
vn 0.2817 0.8865 -0.3672
vn 0.8865 0.3672 -0.2817
vn 0.2817 -0.8865 0.3672
vn 0.8865 -0.3672 0.2817
vn 0.3672 -0.2817 0.8865
vn 0.3672 0.8865 0.2817
vn 0.2817 0.3672 0.8865
vn 0.8865 0.2817 0.3672
vn -0.2817 -0.8865 -0.3672
vn -0.8865 -0.3672 -0.2817
vn -0.3672 -0.2817 -0.8865
vn -0.3672 0.8865 -0.2817
vn -0.2817 0.3672 -0.8865
vn -0.8865 0.2817 -0.3672
vn -0.3672 -0.8865 0.2817
vn -0.2817 -0.3672 0.8865
vn -0.8865 -0.2817 0.3672
vn -0.2817 0.8865 0.3672
vn -0.8865 0.3672 0.2817
vn -0.3672 0.2817 0.8865
vn 0.3827 -0.9239 -0.0000
vn 0.9239 -0.3827 -0.0000
vn 0.3827 -0.0000 -0.9239
vn 0.9239 -0.0000 -0.3827
vn 0.3827 0.9239 -0.0000
vn 0.9239 0.3827 -0.0000
vn 0.3827 -0.0000 0.9239
vn 0.9239 -0.0000 0.3827
vn -0.0000 -0.9239 0.3827
vn -0.0000 -0.3827 0.9239
vn -0.0000 0.9239 0.3827
vn -0.0000 0.3827 0.9239
vn -0.9239 -0.0000 0.3827
vn -0.3827 -0.0000 0.9239
vn -0.3827 -0.9239 -0.0000
vn -0.9239 -0.3827 -0.0000
vn -0.3827 0.9239 -0.0000
vn -0.9239 0.3827 -0.0000
vn -0.3827 -0.0000 -0.9239
vn -0.9239 -0.0000 -0.3827
vn -0.0000 -0.9239 -0.3827
vn -0.0000 -0.3827 -0.9239
vn -0.0000 0.9239 -0.3827
vn -0.0000 0.3827 -0.9239
vn -0.0000 -1.0000 -0.0000
vn 1.0000 -0.0000 -0.0000
vn -0.0000 -0.0000 -1.0000
vn -0.0000 1.0000 -0.0000
vn -0.0000 -0.0000 1.0000
vn -1.0000 -0.0000 -0.0000
vn 0.2817 -0.8865 -0.3672
vn 0.3672 -0.2817 -0.8865
vn 0.8865 -0.3672 -0.2817
vn 0.2817 0.3672 -0.8865
vn 0.3672 0.8865 -0.2817
vn 0.8865 0.2817 -0.3672
vn 0.3672 -0.8865 0.2817
vn 0.8865 -0.2817 0.3672
vn 0.2817 -0.3672 0.8865
vn 0.2817 0.8865 0.3672
vn 0.3672 0.2817 0.8865
vn 0.8865 0.3672 0.2817
vn -0.3672 -0.8865 -0.2817
vn -0.8865 -0.2817 -0.3672
vn -0.2817 -0.3672 -0.8865
vn -0.2817 0.8865 -0.3672
vn -0.3672 0.2817 -0.8865
vn -0.8865 0.3672 -0.2817
vn -0.2817 -0.8865 0.3672
vn -0.3672 -0.2817 0.8865
vn -0.8865 -0.3672 0.2817
vn -0.3672 0.8865 0.2817
vn -0.8865 0.2817 0.3672
vn -0.2817 0.3672 0.8865
vt 0.153125 0.729545
vt 0.136887 0.750000
vt 0.125000 0.729545
vt 0.420000 0.971875
vt 0.394019 1.000000
vt 0.375000 0.971875
vt 0.420000 0.020455
vt 0.375000 0.008645
vt 0.420000 0.000000
vt 0.580000 0.971875
vt 0.625000 0.988113
vt 0.580000 1.000000
vt 0.846875 0.729545
vt 0.875000 0.741355
vt 0.846875 0.750000
vt 0.580000 0.020455
vt 0.605981 0.000000
vt 0.625000 0.020455
vt 0.153125 0.520455
vt 0.125000 0.508645
vt 0.153125 0.500000
vt 0.420000 0.229545
vt 0.384510 0.255944
vt 0.375000 0.229545
vt 0.420000 0.278125
vt 0.420000 0.250000
vt 0.846875 0.520455
vt 0.863113 0.500000
vt 0.875000 0.520455
vt 0.580000 0.278125
vt 0.615490 0.245677
vt 0.625000 0.278125
vt 0.580000 0.229545
vt 0.580000 0.250000
vt 0.346875 0.729545
vt 0.381340 0.751081
vt 0.360937 0.764063
vt 0.420000 0.729545
vt 0.375000 0.729545
vt 0.420000 0.778125
vt 0.420000 0.750000
vt 0.653125 0.729545
vt 0.622623 0.747118
vt 0.625000 0.729545
vt 0.580000 0.778125
vt 0.639063 0.764063
vt 0.580000 0.729545
vt 0.580000 0.750000
vt 0.346875 0.520455
vt 0.377377 0.502882
vt 0.375000 0.520455
vt 0.420000 0.471875
vt 0.360937 0.485937
vt 0.420000 0.520455
vt 0.420000 0.500000
vt 0.653125 0.520455
vt 0.618660 0.498919
vt 0.639063 0.485937
vt 0.580000 0.520455
vt 0.625000 0.520455
vt 0.580000 0.471875
vt 0.580000 0.500000
vt 0.125000 0.520455
vt 0.375000 0.020455
vt 0.420000 1.000000
vt 0.580000 0.000000
vt 0.875000 0.729545
vt 0.625000 0.229545
vt 0.375000 0.278125
vt 0.846875 0.500000
vt 0.153125 0.750000
vt 0.625000 0.971875
s 0
g hero_boot_l_M_brown
usemtl M_brown
f 337/481/463 341/482/463 343/483/463
f 338/484/464 341/485/464 340/486/464
f 339/487/465 341/488/465 342/489/465
f 344/490/466 348/491/466 350/492/466
f 345/493/467 348/494/467 347/495/467
f 346/496/468 348/497/468 349/498/468
f 351/499/469 355/500/469 357/501/469
f 352/502/470 355/503/470 354/504/470
f 353/505/471 355/503/471 356/506/471
f 358/507/472 362/508/472 364/509/472
f 359/510/473 362/511/473 361/512/473
f 360/513/474 362/511/474 363/514/474
f 365/515/475 369/516/475 371/517/475
f 366/518/476 369/516/476 368/519/476
f 367/520/477 369/516/477 370/521/477
f 372/522/478 376/523/478 378/524/478
f 373/525/479 376/523/479 375/526/479
f 374/527/480 376/523/480 377/528/480
f 379/529/481 383/530/481 385/531/481
f 380/532/482 383/530/482 382/533/482
f 381/534/483 383/530/483 384/535/483
f 386/536/484 390/537/484 392/538/484
f 387/539/485 390/537/485 389/540/485
f 388/541/486 390/537/486 391/542/486
f 337/481/487 354/543/487 351/499/487
f 343/544/488 352/502/488 354/504/488
f 344/490/489 342/545/489 338/484/489
f 350/546/490 339/487/490 342/489/490
f 358/507/491 349/547/491 345/493/491
f 364/548/492 346/496/492 349/498/492
f 353/505/493 363/514/493 359/510/493
f 356/506/494 360/513/494 363/514/494
f 351/499/495 382/533/495 379/529/495
f 357/549/496 380/532/496 382/533/496
f 386/536/497 361/550/497 358/507/497
f 392/538/498 359/510/498 361/512/498
f 381/534/499 391/542/499 387/539/499
f 384/535/500 388/541/500 391/542/500
f 379/529/501 368/519/501 365/515/501
f 385/531/502 366/518/502 368/519/502
f 372/522/503 389/540/503 386/536/503
f 378/524/504 387/539/504 389/540/504
f 367/520/505 377/528/505 373/525/505
f 370/521/506 374/527/506 377/528/506
f 365/515/507 340/551/507 337/481/507
f 371/517/508 338/484/508 340/486/508
f 345/493/509 375/526/509 372/522/509
f 347/552/510 373/525/510 375/526/510
f 379/529/511 337/481/511 351/499/511
f 346/496/512 352/502/512 339/487/512
f 373/525/513 338/484/513 367/520/513
f 358/507/514 372/522/514 386/536/514
f 359/510/515 380/532/515 353/505/515
f 387/539/516 366/518/516 381/534/516
f 337/481/517 340/551/517 341/482/517
f 338/484/518 342/545/518 341/485/518
f 339/487/519 343/544/519 341/488/519
f 344/490/520 347/552/520 348/491/520
f 345/493/521 349/547/521 348/494/521
f 346/496/522 350/546/522 348/497/522
f 351/499/523 354/543/523 355/500/523
f 352/502/524 356/506/524 355/503/524
f 353/505/525 357/549/525 355/503/525
f 358/507/526 361/550/526 362/508/526
f 359/510/527 363/514/527 362/511/527
f 360/513/528 364/548/528 362/511/528
f 365/515/529 368/519/529 369/516/529
f 366/518/530 370/521/530 369/516/530
f 367/520/531 371/517/531 369/516/531
f 372/522/532 375/526/532 376/523/532
f 373/525/533 377/528/533 376/523/533
f 374/527/534 378/524/534 376/523/534
f 379/529/535 382/533/535 383/530/535
f 380/532/536 384/535/536 383/530/536
f 381/534/537 385/531/537 383/530/537
f 386/536/538 389/540/538 390/537/538
f 387/539/539 391/542/539 390/537/539
f 388/541/540 392/538/540 390/537/540
f 337/481/487 343/483/487 354/543/487
f 343/544/488 339/487/488 352/502/488
f 344/490/489 350/492/489 342/545/489
f 350/546/490 346/496/490 339/487/490
f 358/507/491 364/509/491 349/547/491
f 364/548/492 360/513/492 346/496/492
f 353/505/493 356/506/493 363/514/493
f 356/506/494 352/502/494 360/513/494
f 351/499/495 357/501/495 382/533/495
f 357/549/496 353/505/496 380/532/496
f 386/536/497 392/538/497 361/550/497
f 392/538/498 388/541/498 359/510/498
f 381/534/499 384/535/499 391/542/499
f 384/535/500 380/532/500 388/541/500
f 379/529/501 385/531/501 368/519/501
f 385/531/502 381/534/502 366/518/502
f 372/522/503 378/524/503 389/540/503
f 378/524/504 374/527/504 387/539/504
f 367/520/505 370/521/505 377/528/505
f 370/521/506 366/518/506 374/527/506
f 365/515/507 371/517/507 340/551/507
f 371/517/508 367/520/508 338/484/508
f 345/493/509 347/495/509 375/526/509
f 347/552/510 344/490/510 373/525/510
f 379/529/511 365/515/511 337/481/511
f 346/496/512 360/513/512 352/502/512
f 373/525/513 344/490/513 338/484/513
f 358/507/514 345/493/514 372/522/514
f 359/510/515 388/541/515 380/532/515
f 387/539/516 374/527/516 366/518/516
g hero_boot_r_Cube.061
v -0.058000 0.000000 -0.127000
v -0.058000 0.018000 -0.145000
v -0.040000 0.018000 -0.127000
v -0.058000 0.005272 -0.139728
v -0.047608 0.007608 -0.137392
v -0.045272 0.018000 -0.139728
v -0.045272 0.005272 -0.127000
v -0.058000 0.082000 -0.145000
v -0.058000 0.100000 -0.127000
v -0.040000 0.082000 -0.127000
v -0.058000 0.094728 -0.139728
v -0.047608 0.092392 -0.137392
v -0.045272 0.094728 -0.127000
v -0.045272 0.082000 -0.139728
v -0.058000 0.000000 0.057000
v -0.040000 0.018000 0.057000
v -0.058000 0.018000 0.075000
v -0.045272 0.005272 0.057000
v -0.047608 0.007608 0.067392
v -0.045272 0.018000 0.069728
v -0.058000 0.005272 0.069728
v -0.058000 0.100000 0.057000
v -0.058000 0.082000 0.075000
v -0.040000 0.082000 0.057000
v -0.058000 0.094728 0.069728
v -0.047608 0.092392 0.067392
v -0.045272 0.082000 0.069728
v -0.045272 0.094728 0.057000
v -0.182000 0.000000 -0.127000
v -0.200000 0.018000 -0.127000
v -0.182000 0.018000 -0.145000
v -0.194728 0.005272 -0.127000
v -0.192392 0.007608 -0.137392
v -0.194728 0.018000 -0.139728
v -0.182000 0.005272 -0.139728
v -0.182000 0.100000 -0.127000
v -0.182000 0.082000 -0.145000
v -0.200000 0.082000 -0.127000
v -0.182000 0.094728 -0.139728
v -0.192392 0.092392 -0.137392
v -0.194728 0.082000 -0.139728
v -0.194728 0.094728 -0.127000
v -0.182000 0.000000 0.057000
v -0.182000 0.018000 0.075000
v -0.200000 0.018000 0.057000
v -0.182000 0.005272 0.069728
v -0.192392 0.007608 0.067392
v -0.194728 0.018000 0.069728
v -0.194728 0.005272 0.057000
v -0.182000 0.100000 0.057000
v -0.200000 0.082000 0.057000
v -0.182000 0.082000 0.075000
v -0.194728 0.094728 0.057000
v -0.192392 0.092392 0.067392
v -0.194728 0.082000 0.069728
v -0.182000 0.094728 0.069728
vn 0.3672 -0.8865 -0.2817
vn 0.2817 -0.3672 -0.8865
vn 0.8865 -0.2817 -0.3672
vn 0.3672 0.2817 -0.8865
vn 0.2817 0.8865 -0.3672
vn 0.8865 0.3672 -0.2817
vn 0.2817 -0.8865 0.3672
vn 0.8865 -0.3672 0.2817
vn 0.3672 -0.2817 0.8865
vn 0.3672 0.8865 0.2817
vn 0.2817 0.3672 0.8865
vn 0.8865 0.2817 0.3672
vn -0.2817 -0.8865 -0.3672
vn -0.8865 -0.3672 -0.2817
vn -0.3672 -0.2817 -0.8865
vn -0.3672 0.8865 -0.2817
vn -0.2817 0.3672 -0.8865
vn -0.8865 0.2817 -0.3672
vn -0.3672 -0.8865 0.2817
vn -0.2817 -0.3672 0.8865
vn -0.8865 -0.2817 0.3672
vn -0.2817 0.8865 0.3672
vn -0.8865 0.3672 0.2817
vn -0.3672 0.2817 0.8865
vn 0.3827 -0.9239 -0.0000
vn 0.9239 -0.3827 -0.0000
vn 0.3827 -0.0000 -0.9239
vn 0.9239 -0.0000 -0.3827
vn 0.3827 0.9239 -0.0000
vn 0.9239 0.3827 -0.0000
vn 0.3827 -0.0000 0.9239
vn 0.9239 -0.0000 0.3827
vn -0.0000 -0.9239 0.3827
vn -0.0000 -0.3827 0.9239
vn -0.0000 0.9239 0.3827
vn -0.0000 0.3827 0.9239
vn -0.9239 -0.0000 0.3827
vn -0.3827 -0.0000 0.9239
vn -0.3827 -0.9239 -0.0000
vn -0.9239 -0.3827 -0.0000
vn -0.3827 0.9239 -0.0000
vn -0.9239 0.3827 -0.0000
vn -0.3827 -0.0000 -0.9239
vn -0.9239 -0.0000 -0.3827
vn -0.0000 -0.9239 -0.3827
vn -0.0000 -0.3827 -0.9239
vn -0.0000 0.9239 -0.3827
vn -0.0000 0.3827 -0.9239
vn -0.0000 -1.0000 -0.0000
vn 1.0000 -0.0000 -0.0000
vn -0.0000 -0.0000 -1.0000
vn -0.0000 1.0000 -0.0000
vn -0.0000 -0.0000 1.0000
vn -1.0000 -0.0000 -0.0000
vn 0.2817 -0.8865 -0.3672
vn 0.3672 -0.2817 -0.8865
vn 0.8865 -0.3672 -0.2817
vn 0.2817 0.3672 -0.8865
vn 0.3672 0.8865 -0.2817
vn 0.8865 0.2817 -0.3672
vn 0.3672 -0.8865 0.2817
vn 0.8865 -0.2817 0.3672
vn 0.2817 -0.3672 0.8865
vn 0.2817 0.8865 0.3672
vn 0.3672 0.2817 0.8865
vn 0.8865 0.3672 0.2817
vn -0.3672 -0.8865 -0.2817
vn -0.8865 -0.2817 -0.3672
vn -0.2817 -0.3672 -0.8865
vn -0.2817 0.8865 -0.3672
vn -0.3672 0.2817 -0.8865
vn -0.8865 0.3672 -0.2817
vn -0.2817 -0.8865 0.3672
vn -0.3672 -0.2817 0.8865
vn -0.8865 -0.3672 0.2817
vn -0.3672 0.8865 0.2817
vn -0.8865 0.2817 0.3672
vn -0.2817 0.3672 0.8865
vt 0.153125 0.729545
vt 0.136887 0.750000
vt 0.125000 0.729545
vt 0.420000 0.971875
vt 0.394019 1.000000
vt 0.375000 0.971875
vt 0.420000 0.020455
vt 0.375000 0.008645
vt 0.420000 0.000000
vt 0.580000 0.971875
vt 0.625000 0.988113
vt 0.580000 1.000000
vt 0.846875 0.729545
vt 0.875000 0.741355
vt 0.846875 0.750000
vt 0.580000 0.020455
vt 0.605981 0.000000
vt 0.625000 0.020455
vt 0.153125 0.520455
vt 0.125000 0.508645
vt 0.153125 0.500000
vt 0.420000 0.229545
vt 0.384510 0.255944
vt 0.375000 0.229545
vt 0.420000 0.278125
vt 0.420000 0.250000
vt 0.846875 0.520455
vt 0.863113 0.500000
vt 0.875000 0.520455
vt 0.580000 0.278125
vt 0.615490 0.245677
vt 0.625000 0.278125
vt 0.580000 0.229545
vt 0.580000 0.250000
vt 0.346875 0.729545
vt 0.381340 0.751081
vt 0.360937 0.764063
vt 0.420000 0.729545
vt 0.375000 0.729545
vt 0.420000 0.778125
vt 0.420000 0.750000
vt 0.653125 0.729545
vt 0.622623 0.747118
vt 0.625000 0.729545
vt 0.580000 0.778125
vt 0.639063 0.764063
vt 0.580000 0.729545
vt 0.580000 0.750000
vt 0.346875 0.520455
vt 0.377377 0.502882
vt 0.375000 0.520455
vt 0.420000 0.471875
vt 0.360937 0.485937
vt 0.420000 0.520455
vt 0.420000 0.500000
vt 0.653125 0.520455
vt 0.618660 0.498919
vt 0.639063 0.485937
vt 0.580000 0.520455
vt 0.625000 0.520455
vt 0.580000 0.471875
vt 0.580000 0.500000
vt 0.125000 0.520455
vt 0.375000 0.020455
vt 0.420000 1.000000
vt 0.580000 0.000000
vt 0.875000 0.729545
vt 0.625000 0.229545
vt 0.375000 0.278125
vt 0.846875 0.500000
vt 0.153125 0.750000
vt 0.625000 0.971875
s 0
g hero_boot_r_M_brown
usemtl M_brown
f 393/553/541 397/554/541 399/555/541
f 394/556/542 397/557/542 396/558/542
f 395/559/543 397/560/543 398/561/543
f 400/562/544 404/563/544 406/564/544
f 401/565/545 404/566/545 403/567/545
f 402/568/546 404/569/546 405/570/546
f 407/571/547 411/572/547 413/573/547
f 408/574/548 411/575/548 410/576/548
f 409/577/549 411/575/549 412/578/549
f 414/579/550 418/580/550 420/581/550
f 415/582/551 418/583/551 417/584/551
f 416/585/552 418/583/552 419/586/552
f 421/587/553 425/588/553 427/589/553
f 422/590/554 425/588/554 424/591/554
f 423/592/555 425/588/555 426/593/555
f 428/594/556 432/595/556 434/596/556
f 429/597/557 432/595/557 431/598/557
f 430/599/558 432/595/558 433/600/558
f 435/601/559 439/602/559 441/603/559
f 436/604/560 439/602/560 438/605/560
f 437/606/561 439/602/561 440/607/561
f 442/608/562 446/609/562 448/610/562
f 443/611/563 446/609/563 445/612/563
f 444/613/564 446/609/564 447/614/564
f 393/553/565 410/615/565 407/571/565
f 399/616/566 408/574/566 410/576/566
f 400/562/567 398/617/567 394/556/567
f 406/618/568 395/559/568 398/561/568
f 414/579/569 405/619/569 401/565/569
f 420/620/570 402/568/570 405/570/570
f 409/577/571 419/586/571 415/582/571
f 412/578/572 416/585/572 419/586/572
f 407/571/573 438/605/573 435/601/573
f 413/621/574 436/604/574 438/605/574
f 442/608/575 417/622/575 414/579/575
f 448/610/576 415/582/576 417/584/576
f 437/606/577 447/614/577 443/611/577
f 440/607/578 444/613/578 447/614/578
f 435/601/579 424/591/579 421/587/579
f 441/603/580 422/590/580 424/591/580
f 428/594/581 445/612/581 442/608/581
f 434/596/582 443/611/582 445/612/582
f 423/592/583 433/600/583 429/597/583
f 426/593/584 430/599/584 433/600/584
f 421/587/585 396/623/585 393/553/585
f 427/589/586 394/556/586 396/558/586
f 401/565/587 431/598/587 428/594/587
f 403/624/588 429/597/588 431/598/588
f 435/601/589 393/553/589 407/571/589
f 402/568/590 408/574/590 395/559/590
f 429/597/591 394/556/591 423/592/591
f 414/579/592 428/594/592 442/608/592
f 415/582/593 436/604/593 409/577/593
f 443/611/594 422/590/594 437/606/594
f 393/553/595 396/623/595 397/554/595
f 394/556/596 398/617/596 397/557/596
f 395/559/597 399/616/597 397/560/597
f 400/562/598 403/624/598 404/563/598
f 401/565/599 405/619/599 404/566/599
f 402/568/600 406/618/600 404/569/600
f 407/571/601 410/615/601 411/572/601
f 408/574/602 412/578/602 411/575/602
f 409/577/603 413/621/603 411/575/603
f 414/579/604 417/622/604 418/580/604
f 415/582/605 419/586/605 418/583/605
f 416/585/606 420/620/606 418/583/606
f 421/587/607 424/591/607 425/588/607
f 422/590/608 426/593/608 425/588/608
f 423/592/609 427/589/609 425/588/609
f 428/594/610 431/598/610 432/595/610
f 429/597/611 433/600/611 432/595/611
f 430/599/612 434/596/612 432/595/612
f 435/601/613 438/605/613 439/602/613
f 436/604/614 440/607/614 439/602/614
f 437/606/615 441/603/615 439/602/615
f 442/608/616 445/612/616 446/609/616
f 443/611/617 447/614/617 446/609/617
f 444/613/618 448/610/618 446/609/618
f 393/553/565 399/555/565 410/615/565
f 399/616/566 395/559/566 408/574/566
f 400/562/567 406/564/567 398/617/567
f 406/618/568 402/568/568 395/559/568
f 414/579/569 420/581/569 405/619/569
f 420/620/570 416/585/570 402/568/570
f 409/577/571 412/578/571 419/586/571
f 412/578/572 408/574/572 416/585/572
f 407/571/573 413/573/573 438/605/573
f 413/621/574 409/577/574 436/604/574
f 442/608/575 448/610/575 417/622/575
f 448/610/576 444/613/576 415/582/576
f 437/606/577 440/607/577 447/614/577
f 440/607/578 436/604/578 444/613/578
f 435/601/579 441/603/579 424/591/579
f 441/603/580 437/606/580 422/590/580
f 428/594/581 434/596/581 445/612/581
f 434/596/582 430/599/582 443/611/582
f 423/592/583 426/593/583 433/600/583
f 426/593/584 422/590/584 430/599/584
f 421/587/585 427/589/585 396/623/585
f 427/589/586 423/592/586 394/556/586
f 401/565/587 403/567/587 431/598/587
f 403/624/588 400/562/588 429/597/588
f 435/601/589 421/587/589 393/553/589
f 402/568/590 416/585/590 408/574/590
f 429/597/591 400/562/591 394/556/591
f 414/579/592 401/565/592 428/594/592
f 415/582/593 444/613/593 436/604/593
f 443/611/594 430/599/594 422/590/594
g hero_head_Sphere.006
v 0.000000 1.027500 0.000000
v 0.000000 0.962576 0.104363
v 0.000000 0.870000 0.129000
v 0.000000 0.821330 0.122686
v 0.000000 0.777424 0.104363
v 0.000000 0.720209 0.039863
v 0.000000 0.712500 0.000000
v -0.016319 1.019791 0.036829
v -0.031041 0.997420 0.070053
v -0.042724 0.962576 0.096419
v -0.050226 0.918670 0.113347
v -0.052810 0.870000 0.119180
v -0.050226 0.821330 0.113347
v -0.042724 0.777424 0.096419
v -0.031041 0.742580 0.070053
v -0.016319 0.720209 0.036829
v -0.030154 1.019791 0.028188
v -0.057357 0.997420 0.053616
v -0.078944 0.962576 0.073796
v -0.092805 0.918670 0.086752
v -0.097581 0.870000 0.091217
v -0.092805 0.821330 0.086752
v -0.078944 0.777424 0.073796
v -0.057357 0.742580 0.053616
v -0.030154 0.720209 0.028188
v -0.039398 1.019791 0.015255
v -0.074940 0.997420 0.029017
v -0.103146 0.962576 0.039938
v -0.121255 0.918670 0.046950
v -0.127495 0.870000 0.049366
v -0.121255 0.821330 0.046950
v -0.103146 0.777424 0.039938
v -0.074940 0.742580 0.029017
v -0.039398 0.720209 0.015255
v -0.042644 1.019791 -0.000000
v -0.081114 0.997420 -0.000000
v -0.111644 0.962576 -0.000000
v -0.131246 0.918670 -0.000000
v -0.138000 0.870000 -0.000000
v -0.131246 0.821330 -0.000000
v -0.111644 0.777424 -0.000000
v -0.081114 0.742580 -0.000000
v -0.042644 0.720209 -0.000000
v -0.039398 1.019791 -0.015255
v -0.074940 0.997420 -0.029017
v -0.103146 0.962576 -0.039938
v -0.121255 0.918670 -0.046950
v -0.127495 0.870000 -0.049366
v -0.121255 0.821330 -0.046950
v -0.103146 0.777424 -0.039938
v -0.074940 0.742580 -0.029017
v -0.039398 0.720209 -0.015255
v -0.030154 1.019791 -0.028188
v -0.057357 0.997420 -0.053616
v -0.078944 0.962576 -0.073796
v -0.092805 0.918670 -0.086752
v -0.097581 0.870000 -0.091217
v -0.092805 0.821330 -0.086752
v -0.078944 0.777424 -0.073796
v -0.057357 0.742580 -0.053616
v -0.030154 0.720209 -0.028188
v -0.016319 1.019791 -0.036829
v -0.031041 0.997420 -0.070053
v -0.042724 0.962576 -0.096419
v -0.050226 0.918670 -0.113347
v -0.052810 0.870000 -0.119180
v -0.050226 0.821330 -0.113347
v -0.042724 0.777424 -0.096419
v -0.031041 0.742580 -0.070053
v -0.016319 0.720209 -0.036829
v 0.000000 1.019791 -0.039863
v 0.000000 0.997420 -0.075824
v 0.000000 0.962576 -0.104363
v 0.000000 0.918670 -0.122686
v 0.000000 0.870000 -0.129000
v 0.000000 0.821330 -0.122686
v 0.000000 0.777424 -0.104363
v 0.000000 0.742580 -0.075824
v 0.000000 0.720209 -0.039863
v 0.016319 1.019791 -0.036829
v 0.031041 0.997420 -0.070052
v 0.042724 0.962576 -0.096419
v 0.050226 0.918670 -0.113347
v 0.052810 0.870000 -0.119180
v 0.050226 0.821330 -0.113347
v 0.042724 0.777424 -0.096419
v 0.031041 0.742580 -0.070052
v 0.016319 0.720209 -0.036829
v 0.030154 1.019791 -0.028188
v 0.057357 0.997420 -0.053616
v 0.078944 0.962576 -0.073796
v 0.092805 0.918670 -0.086752
v 0.097581 0.870000 -0.091217
v 0.092805 0.821330 -0.086752
v 0.078944 0.777424 -0.073796
v 0.057357 0.742580 -0.053616
v 0.030154 0.720209 -0.028188
v 0.039398 1.019791 -0.015255
v 0.074940 0.997420 -0.029017
v 0.103146 0.962576 -0.039938
v 0.121255 0.918670 -0.046950
v 0.127495 0.870000 -0.049366
v 0.121255 0.821330 -0.046950
v 0.103146 0.777424 -0.039938
v 0.074940 0.742580 -0.029017
v 0.039398 0.720209 -0.015255
v 0.042644 1.019791 0.000000
v 0.081114 0.997420 0.000000
v 0.111644 0.962576 0.000000
v 0.131246 0.918670 0.000000
v 0.138000 0.870000 0.000000
v 0.131246 0.821330 0.000000
v 0.111644 0.777424 0.000000
v 0.081114 0.742580 0.000000
v 0.042644 0.720209 0.000000
v 0.039398 1.019791 0.015255
v 0.074940 0.997420 0.029017
v 0.103146 0.962576 0.039938
v 0.121255 0.918670 0.046950
v 0.127495 0.870000 0.049366
v 0.121255 0.821330 0.046950
v 0.103146 0.777424 0.039938
v 0.074940 0.742580 0.029017
v 0.039398 0.720209 0.015255
v 0.030154 1.019791 0.028188
v 0.057356 0.997420 0.053616
v 0.078944 0.962576 0.073796
v 0.092805 0.918670 0.086752
v 0.097581 0.870000 0.091217
v 0.092805 0.821330 0.086752
v 0.078944 0.777424 0.073796
v 0.057356 0.742580 0.053616
v 0.030154 0.720209 0.028188
v 0.016319 1.019791 0.036829
v 0.031041 0.997420 0.070053
v 0.042724 0.962576 0.096419
v 0.050226 0.918670 0.113347
v 0.052810 0.870000 0.119180
v 0.050226 0.821330 0.113347
v 0.042724 0.777424 0.096419
v 0.031041 0.742580 0.070053
v 0.016319 0.720209 0.036829
v -0.000000 1.019791 0.039863
v -0.000000 0.997420 0.075824
v -0.000000 0.918670 0.122686
v -0.000000 0.742580 0.075824
vn -0.0000 1.0000 -0.0000
vn -0.0000 0.5075 0.8616
vn -0.0000 -0.0000 1.0000
vn -0.0000 -0.2554 0.9668
vn -0.0000 -0.5075 0.8616
vn -0.0000 -0.9236 0.3833
vn -0.0000 -1.0000 -0.0000
vn -0.1369 0.9247 0.3553
vn -0.2413 0.7449 0.6221
vn -0.3118 0.5107 0.8012
vn -0.3509 0.2575 0.9003
vn -0.3633 -0.0000 0.9317
vn -0.3509 -0.2575 0.9003
vn -0.3118 -0.5107 0.8012
vn -0.2413 -0.7449 0.6221
vn -0.1369 -0.9247 0.3553
vn -0.2552 0.9272 0.2743
vn -0.4509 0.7516 0.4815
vn -0.5854 0.5187 0.6231
vn -0.6613 0.2627 0.7027
vn -0.6855 -0.0000 0.7281
vn -0.6613 -0.2627 0.7027
vn -0.5854 -0.5187 0.6231
vn -0.4509 -0.7516 0.4815
vn -0.2552 -0.9272 0.2743
vn -0.3364 0.9297 0.1498
vn -0.5960 0.7585 0.2636
vn -0.7776 0.5270 0.3428
vn -0.8818 0.2681 0.3880
vn -0.9154 -0.0000 0.4026
vn -0.8818 -0.2681 0.3880
vn -0.7776 -0.5270 0.3428
vn -0.5960 -0.7585 0.2636
vn -0.3364 -0.9297 0.1498
vn -0.3655 0.9308 -0.0000
vn -0.6482 0.7614 -0.0000
vn -0.8476 0.5306 -0.0000
vn -0.9627 0.2705 -0.0000
vn -1.0000 -0.0000 -0.0000
vn -0.9627 -0.2705 -0.0000
vn -0.8476 -0.5306 -0.0000
vn -0.6482 -0.7614 -0.0000
vn -0.3655 -0.9308 -0.0000
vn -0.3364 0.9297 -0.1498
vn -0.5960 0.7585 -0.2636
vn -0.7776 0.5270 -0.3428
vn -0.8818 0.2681 -0.3880
vn -0.9154 -0.0000 -0.4026
vn -0.8818 -0.2681 -0.3880
vn -0.7776 -0.5270 -0.3428
vn -0.5960 -0.7585 -0.2636
vn -0.3364 -0.9297 -0.1498
vn -0.2552 0.9272 -0.2743
vn -0.4509 0.7516 -0.4815
vn -0.5854 0.5187 -0.6231
vn -0.6613 0.2627 -0.7027
vn -0.6855 -0.0000 -0.7281
vn -0.6613 -0.2627 -0.7027
vn -0.5854 -0.5187 -0.6231
vn -0.4509 -0.7516 -0.4815
vn -0.2552 -0.9272 -0.2743
vn -0.1369 0.9247 -0.3553
vn -0.2413 0.7449 -0.6221
vn -0.3118 0.5107 -0.8012
vn -0.3509 0.2575 -0.9003
vn -0.3633 -0.0000 -0.9317
vn -0.3509 -0.2575 -0.9003
vn -0.3118 -0.5107 -0.8012
vn -0.2413 -0.7449 -0.6221
vn -0.1369 -0.9247 -0.3553
vn -0.0000 0.9236 -0.3833
vn -0.0000 0.7421 -0.6703
vn -0.0000 0.5075 -0.8616
vn -0.0000 0.2554 -0.9668
vn -0.0000 -0.0000 -1.0000
vn -0.0000 -0.2554 -0.9668
vn -0.0000 -0.5075 -0.8616
vn -0.0000 -0.7421 -0.6703
vn -0.0000 -0.9236 -0.3833
vn 0.1369 0.9247 -0.3553
vn 0.2413 0.7449 -0.6221
vn 0.3118 0.5107 -0.8012
vn 0.3509 0.2575 -0.9003
vn 0.3633 -0.0000 -0.9317
vn 0.3509 -0.2575 -0.9003
vn 0.3118 -0.5107 -0.8012
vn 0.2413 -0.7449 -0.6221
vn 0.1369 -0.9247 -0.3553
vn 0.2552 0.9272 -0.2743
vn 0.4509 0.7516 -0.4815
vn 0.5854 0.5187 -0.6231
vn 0.6613 0.2627 -0.7027
vn 0.6855 -0.0000 -0.7281
vn 0.6613 -0.2627 -0.7027
vn 0.5854 -0.5187 -0.6231
vn 0.4509 -0.7516 -0.4815
vn 0.2552 -0.9272 -0.2743
vn 0.3364 0.9297 -0.1498
vn 0.5960 0.7585 -0.2636
vn 0.7776 0.5270 -0.3428
vn 0.8818 0.2681 -0.3880
vn 0.9154 -0.0000 -0.4026
vn 0.8818 -0.2681 -0.3880
vn 0.7776 -0.5270 -0.3428
vn 0.5960 -0.7585 -0.2636
vn 0.3364 -0.9297 -0.1498
vn 0.3655 0.9308 -0.0000
vn 0.6482 0.7614 -0.0000
vn 0.8476 0.5306 -0.0000
vn 0.9627 0.2705 -0.0000
vn 1.0000 -0.0000 -0.0000
vn 0.9627 -0.2705 -0.0000
vn 0.8476 -0.5306 -0.0000
vn 0.6482 -0.7614 -0.0000
vn 0.3655 -0.9308 -0.0000
vn 0.3364 0.9297 0.1498
vn 0.5960 0.7585 0.2636
vn 0.7776 0.5270 0.3428
vn 0.8818 0.2681 0.3880
vn 0.9154 -0.0000 0.4026
vn 0.8818 -0.2681 0.3880
vn 0.7776 -0.5270 0.3428
vn 0.5960 -0.7585 0.2636
vn 0.3364 -0.9297 0.1498
vn 0.2552 0.9272 0.2743
vn 0.4509 0.7516 0.4815
vn 0.5854 0.5187 0.6231
vn 0.6613 0.2627 0.7027
vn 0.6855 -0.0000 0.7281
vn 0.6613 -0.2627 0.7027
vn 0.5854 -0.5187 0.6231
vn 0.4509 -0.7516 0.4815
vn 0.2552 -0.9272 0.2743
vn 0.1369 0.9247 0.3553
vn 0.2413 0.7449 0.6221
vn 0.3118 0.5107 0.8012
vn 0.3509 0.2575 0.9003
vn 0.3633 -0.0000 0.9317
vn 0.3509 -0.2575 0.9003
vn 0.3118 -0.5107 0.8012
vn 0.2413 -0.7449 0.6221
vn 0.1369 -0.9247 0.3553
vn -0.0000 0.9236 0.3833
vn -0.0000 0.7421 0.6703
vn -0.0000 0.2554 0.9668
vn -0.0000 -0.7421 0.6703
vt 0.750000 0.700000
vt 0.687500 0.800000
vt 0.687500 0.700000
vt 0.718750 0.000000
vt 0.750000 0.100000
vt 0.687500 0.100000
vt 0.750000 0.400000
vt 0.687500 0.300000
vt 0.750000 0.300000
vt 0.750000 0.600000
vt 0.687500 0.600000
vt 0.750000 0.900000
vt 0.718750 1.000000
vt 0.687500 0.900000
vt 0.687500 0.200000
vt 0.750000 0.200000
vt 0.750000 0.500000
vt 0.687500 0.500000
vt 0.750000 0.800000
vt 0.687500 0.400000
vt 0.625000 0.800000
vt 0.625000 0.700000
vt 0.656250 0.000000
vt 0.625000 0.100000
vt 0.625000 0.300000
vt 0.625000 0.600000
vt 0.656250 1.000000
vt 0.625000 0.900000
vt 0.625000 0.200000
vt 0.625000 0.500000
vt 0.625000 0.400000
vt 0.562500 0.400000
vt 0.562500 0.800000
vt 0.562500 0.700000
vt 0.593750 0.000000
vt 0.562500 0.100000
vt 0.562500 0.300000
vt 0.562500 0.600000
vt 0.593750 1.000000
vt 0.562500 0.900000
vt 0.562500 0.200000
vt 0.562500 0.500000
vt 0.500000 0.900000
vt 0.500000 0.800000
vt 0.500000 0.100000
vt 0.500000 0.400000
vt 0.500000 0.700000
vt 0.531250 0.000000
vt 0.500000 0.300000
vt 0.500000 0.600000
vt 0.531250 1.000000
vt 0.500000 0.200000
vt 0.500000 0.500000
vt 0.437500 0.300000
vt 0.437500 0.200000
vt 0.437500 0.500000
vt 0.437500 0.800000
vt 0.437500 0.100000
vt 0.437500 0.400000
vt 0.437500 0.700000
vt 0.468750 0.000000
vt 0.437500 0.600000
vt 0.468750 1.000000
vt 0.437500 0.900000
vt 0.375000 0.600000
vt 0.406250 1.000000
vt 0.375000 0.900000
vt 0.375000 0.300000
vt 0.375000 0.200000
vt 0.375000 0.500000
vt 0.375000 0.800000
vt 0.375000 0.100000
vt 0.375000 0.400000
vt 0.375000 0.700000
vt 0.406250 0.000000
vt 0.312500 0.400000
vt 0.312500 0.300000
vt 0.312500 0.600000
vt 0.343750 1.000000
vt 0.312500 0.900000
vt 0.312500 0.200000
vt 0.312500 0.500000
vt 0.312500 0.800000
vt 0.312500 0.100000
vt 0.312500 0.700000
vt 0.343750 0.000000
vt 0.250000 0.700000
vt 0.281250 0.000000
vt 0.250000 0.100000
vt 0.250000 0.400000
vt 0.250000 0.300000
vt 0.250000 0.600000
vt 0.281250 1.000000
vt 0.250000 0.900000
vt 0.250000 0.200000
vt 0.250000 0.500000
vt 0.250000 0.800000
vt 0.187500 0.100000
vt 0.187500 0.400000
vt 0.187500 0.800000
vt 0.187500 0.700000
vt 0.218750 0.000000
vt 0.187500 0.300000
vt 0.187500 0.600000
vt 0.218750 1.000000
vt 0.187500 0.900000
vt 0.187500 0.200000
vt 0.187500 0.500000
vt 0.125000 0.600000
vt 0.125000 0.500000
vt 0.125000 0.900000
vt 0.125000 0.800000
vt 0.125000 0.100000
vt 0.125000 0.400000
vt 0.125000 0.700000
vt 0.156250 0.000000
vt 0.125000 0.300000
vt 0.156250 1.000000
vt 0.125000 0.200000
vt 0.093750 1.000000
vt 0.062500 0.900000
vt 0.062500 0.200000
vt 0.062500 0.600000
vt 0.062500 0.500000
vt 0.062500 0.800000
vt 0.062500 0.100000
vt 0.062500 0.400000
vt 0.062500 0.700000
vt 0.093750 0.000000
vt 0.062500 0.300000
vt 0.000000 0.700000
vt 0.000000 0.600000
vt 0.031250 1.000000
vt 0.000000 0.900000
vt 0.000000 0.200000
vt 0.000000 0.500000
vt 0.000000 0.800000
vt 0.000000 0.100000
vt 0.000000 0.400000
vt 0.031250 0.000000
vt 0.000000 0.300000
vt 0.968750 0.000000
vt 1.000000 0.100000
vt 0.937500 0.100000
vt 1.000000 0.300000
vt 0.937500 0.400000
vt 0.937500 0.300000
vt 1.000000 0.700000
vt 0.937500 0.600000
vt 1.000000 0.600000
vt 1.000000 0.900000
vt 0.968750 1.000000
vt 0.937500 0.900000
vt 1.000000 0.200000
vt 0.937500 0.200000
vt 0.937500 0.500000
vt 1.000000 0.500000
vt 0.937500 0.800000
vt 1.000000 0.800000
vt 1.000000 0.400000
vt 0.937500 0.700000
vt 0.875000 0.500000
vt 0.875000 0.400000
vt 0.875000 0.700000
vt 0.906250 0.000000
vt 0.875000 0.100000
vt 0.875000 0.300000
vt 0.875000 0.600000
vt 0.906250 1.000000
vt 0.875000 0.900000
vt 0.875000 0.200000
vt 0.875000 0.800000
vt 0.812500 0.800000
vt 0.812500 0.200000
vt 0.812500 0.100000
vt 0.812500 0.500000
vt 0.812500 0.400000
vt 0.812500 0.700000
vt 0.843750 0.000000
vt 0.812500 0.300000
vt 0.812500 0.600000
vt 0.843750 1.000000
vt 0.812500 0.900000
vt 0.781250 0.000000
vt 0.781250 1.000000
s 1
g hero_head_M_cream
usemtl M_cream
f 450/625/620 457/626/627 458/627/628
f 455/628/625 454/629/624 464/630/634
f 452/631/622 462/632/632 453/633/623
f 593/634/763 458/627/628 459/635/629
f 591/636/761 449/637/619 456/638/626
f 453/633/623 463/639/633 594/640/764
f 451/641/621 459/635/629 460/642/630
f 592/643/762 456/638/626 457/626/627
f 594/640/764 464/630/634 454/629/624
f 451/641/621 461/644/631 452/631/622
f 458/627/628 466/645/636 467/646/637
f 455/647/625 464/630/634 473/648/643
f 461/644/631 471/649/641 462/632/632
f 459/635/629 467/646/637 468/650/638
f 456/638/626 449/651/619 465/652/635
f 462/632/632 472/653/642 463/639/633
f 460/642/630 468/650/638 469/654/639
f 457/626/627 465/652/635 466/645/636
f 463/639/633 473/648/643 464/630/634
f 460/642/630 470/655/640 461/644/631
f 469/654/639 479/656/649 470/655/640
f 467/646/637 475/657/645 476/658/646
f 455/659/625 473/648/643 482/660/652
f 470/655/640 480/661/650 471/649/641
f 468/650/638 476/658/646 477/662/647
f 465/652/635 449/663/619 474/664/644
f 471/649/641 481/665/651 472/653/642
f 469/654/639 477/662/647 478/666/648
f 466/645/636 474/664/644 475/657/645
f 472/653/642 482/660/652 473/648/643
f 475/657/645 483/667/653 484/668/654
f 481/665/651 491/669/661 482/660/652
f 478/666/648 488/670/658 479/656/649
f 476/658/646 484/668/654 485/671/655
f 455/672/625 482/660/652 491/669/661
f 479/656/649 489/673/659 480/661/650
f 477/662/647 485/671/655 486/674/656
f 474/664/644 449/675/619 483/667/653
f 480/661/650 490/676/660 481/665/651
f 478/666/648 486/674/656 487/677/657
f 490/676/660 498/678/668 499/679/669
f 486/674/656 496/680/666 487/677/657
f 483/667/653 493/681/663 484/668/654
f 491/669/661 499/679/669 500/682/670
f 488/670/658 496/680/666 497/683/667
f 484/668/654 494/684/664 485/671/655
f 455/685/625 491/669/661 500/682/670
f 489/673/659 497/683/667 498/678/668
f 485/671/655 495/686/665 486/674/656
f 483/667/653 449/687/619 492/688/662
f 494/684/664 504/689/674 495/686/665
f 492/688/662 449/690/619 501/691/671
f 499/679/669 507/692/677 508/693/678
f 495/686/665 505/694/675 496/680/666
f 492/688/662 502/695/672 493/681/663
f 500/682/670 508/693/678 509/696/679
f 497/683/667 505/694/675 506/697/676
f 493/681/663 503/698/673 494/684/664
f 455/699/625 500/682/670 509/696/679
f 498/678/668 506/697/676 507/692/677
f 507/692/677 515/700/685 516/701/686
f 503/698/673 513/702/683 504/689/674
f 501/691/671 449/703/619 510/704/680
f 508/693/678 516/701/686 517/705/687
f 504/689/674 514/706/684 505/694/675
f 501/691/671 511/707/681 502/695/672
f 509/696/679 517/705/687 518/708/688
f 506/697/676 514/706/684 515/700/685
f 502/695/672 512/709/682 503/698/673
f 455/710/625 509/696/679 518/708/688
f 511/707/681 521/711/691 512/709/682
f 455/712/625 518/708/688 527/713/697
f 516/701/686 524/714/694 525/715/695
f 512/709/682 522/716/692 513/702/683
f 510/704/680 449/717/619 519/718/689
f 517/705/687 525/715/695 526/719/696
f 513/702/683 523/720/693 514/706/684
f 510/704/680 520/721/690 511/707/681
f 518/708/688 526/719/696 527/713/697
f 515/700/685 523/720/693 524/714/694
f 526/719/696 536/722/706 527/713/697
f 523/720/693 533/723/703 524/714/694
f 521/711/691 529/724/699 530/725/700
f 455/726/625 527/713/697 536/722/706
f 524/714/694 534/727/704 525/715/695
f 522/716/692 530/725/700 531/728/701
f 519/718/689 449/729/619 528/730/698
f 525/715/695 535/731/705 526/719/696
f 523/720/693 531/728/701 532/732/702
f 520/721/690 528/730/698 529/724/699
f 532/732/702 540/733/710 541/734/711
f 529/724/699 537/735/707 538/736/708
f 535/731/705 545/737/715 536/722/706
f 532/732/702 542/738/712 533/723/703
f 530/725/700 538/736/708 539/739/709
f 455/740/625 536/722/706 545/737/715
f 533/723/703 543/741/713 534/727/704
f 531/728/701 539/739/709 540/733/710
f 528/730/698 449/742/619 537/735/707
f 534/727/704 544/743/714 535/731/705
f 537/735/707 449/744/619 546/745/716
f 543/741/713 553/746/723 544/743/714
f 541/734/711 549/747/719 550/748/720
f 538/736/708 546/745/716 547/749/717
f 544/743/714 554/750/724 545/737/715
f 541/734/711 551/751/721 542/738/712
f 539/739/709 547/749/717 548/752/718
f 455/753/625 545/737/715 554/750/724
f 542/738/712 552/754/722 543/741/713
f 540/733/710 548/752/718 549/747/719
f 549/747/719 557/755/727 558/756/728
f 546/745/716 449/757/619 555/758/725
f 552/754/722 562/759/732 553/746/723
f 550/748/720 558/756/728 559/760/729
f 547/749/717 555/758/725 556/761/726
f 553/746/723 563/762/733 554/750/724
f 550/748/720 560/763/730 551/751/721
f 548/752/718 556/761/726 557/755/727
f 455/764/625 554/750/724 563/762/733
f 551/751/721 561/765/731 552/754/722
f 455/766/625 563/767/733 572/768/742
f 561/769/731 569/770/739 570/771/740
f 557/772/727 567/773/737 558/774/728
f 555/775/725 449/776/619 564/777/734
f 562/778/732 570/771/740 571/779/741
f 558/774/728 568/780/738 559/781/729
f 555/775/725 565/782/735 556/783/726
f 563/767/733 571/779/741 572/768/742
f 560/784/730 568/780/738 569/770/739
f 556/783/726 566/785/736 557/772/727
f 569/770/739 577/786/747 578/787/748
f 565/782/735 575/788/745 566/785/736
f 455/789/625 572/768/742 581/790/751
f 570/771/740 578/787/748 579/791/749
f 566/785/736 576/792/746 567/773/737
f 564/777/734 449/793/619 573/794/743
f 571/779/741 579/791/749 580/795/750
f 567/773/737 577/786/747 568/780/738
f 564/777/734 574/796/744 565/782/735
f 572/768/742 580/795/750 581/790/751
f 573/794/743 583/797/753 574/796/744
f 581/790/751 589/798/759 590/799/760
f 578/787/748 586/800/756 587/801/757
f 574/796/744 584/802/754 575/788/745
f 455/803/625 581/790/751 590/799/760
f 579/791/749 587/801/757 588/804/758
f 575/788/745 585/805/755 576/792/746
f 573/794/743 449/806/619 582/807/752
f 580/795/750 588/804/758 589/798/759
f 576/792/746 586/800/756 577/786/747
f 585/805/755 451/641/621 586/800/756
f 582/807/752 592/643/762 583/797/753
f 590/799/760 594/640/764 454/629/624
f 587/801/757 451/641/621 452/631/622
f 583/797/753 450/625/620 584/802/754
f 455/808/625 590/799/760 454/629/624
f 588/804/758 452/631/622 453/633/623
f 584/802/754 593/634/763 585/805/755
f 582/807/752 449/809/619 591/636/761
f 589/798/759 453/633/623 594/640/764
f 450/625/620 592/643/762 457/626/627
f 452/631/622 461/644/631 462/632/632
f 593/634/763 450/625/620 458/627/628
f 453/633/623 462/632/632 463/639/633
f 451/641/621 593/634/763 459/635/629
f 592/643/762 591/636/761 456/638/626
f 594/640/764 463/639/633 464/630/634
f 451/641/621 460/642/630 461/644/631
f 458/627/628 457/626/627 466/645/636
f 461/644/631 470/655/640 471/649/641
f 459/635/629 458/627/628 467/646/637
f 462/632/632 471/649/641 472/653/642
f 460/642/630 459/635/629 468/650/638
f 457/626/627 456/638/626 465/652/635
f 463/639/633 472/653/642 473/648/643
f 460/642/630 469/654/639 470/655/640
f 469/654/639 478/666/648 479/656/649
f 467/646/637 466/645/636 475/657/645
f 470/655/640 479/656/649 480/661/650
f 468/650/638 467/646/637 476/658/646
f 471/649/641 480/661/650 481/665/651
f 469/654/639 468/650/638 477/662/647
f 466/645/636 465/652/635 474/664/644
f 472/653/642 481/665/651 482/660/652
f 475/657/645 474/664/644 483/667/653
f 481/665/651 490/676/660 491/669/661
f 478/666/648 487/677/657 488/670/658
f 476/658/646 475/657/645 484/668/654
f 479/656/649 488/670/658 489/673/659
f 477/662/647 476/658/646 485/671/655
f 480/661/650 489/673/659 490/676/660
f 478/666/648 477/662/647 486/674/656
f 490/676/660 489/673/659 498/678/668
f 486/674/656 495/686/665 496/680/666
f 483/667/653 492/688/662 493/681/663
f 491/669/661 490/676/660 499/679/669
f 488/670/658 487/677/657 496/680/666
f 484/668/654 493/681/663 494/684/664
f 489/673/659 488/670/658 497/683/667
f 485/671/655 494/684/664 495/686/665
f 494/684/664 503/698/673 504/689/674
f 499/679/669 498/678/668 507/692/677
f 495/686/665 504/689/674 505/694/675
f 492/688/662 501/691/671 502/695/672
f 500/682/670 499/679/669 508/693/678
f 497/683/667 496/680/666 505/694/675
f 493/681/663 502/695/672 503/698/673
f 498/678/668 497/683/667 506/697/676
f 507/692/677 506/697/676 515/700/685
f 503/698/673 512/709/682 513/702/683
f 508/693/678 507/692/677 516/701/686
f 504/689/674 513/702/683 514/706/684
f 501/691/671 510/704/680 511/707/681
f 509/696/679 508/693/678 517/705/687
f 506/697/676 505/694/675 514/706/684
f 502/695/672 511/707/681 512/709/682
f 511/707/681 520/721/690 521/711/691
f 516/701/686 515/700/685 524/714/694
f 512/709/682 521/711/691 522/716/692
f 517/705/687 516/701/686 525/715/695
f 513/702/683 522/716/692 523/720/693
f 510/704/680 519/718/689 520/721/690
f 518/708/688 517/705/687 526/719/696
f 515/700/685 514/706/684 523/720/693
f 526/719/696 535/731/705 536/722/706
f 523/720/693 532/732/702 533/723/703
f 521/711/691 520/721/690 529/724/699
f 524/714/694 533/723/703 534/727/704
f 522/716/692 521/711/691 530/725/700
f 525/715/695 534/727/704 535/731/705
f 523/720/693 522/716/692 531/728/701
f 520/721/690 519/718/689 528/730/698
f 532/732/702 531/728/701 540/733/710
f 529/724/699 528/730/698 537/735/707
f 535/731/705 544/743/714 545/737/715
f 532/732/702 541/734/711 542/738/712
f 530/725/700 529/724/699 538/736/708
f 533/723/703 542/738/712 543/741/713
f 531/728/701 530/725/700 539/739/709
f 534/727/704 543/741/713 544/743/714
f 543/741/713 552/754/722 553/746/723
f 541/734/711 540/733/710 549/747/719
f 538/736/708 537/735/707 546/745/716
f 544/743/714 553/746/723 554/750/724
f 541/734/711 550/748/720 551/751/721
f 539/739/709 538/736/708 547/749/717
f 542/738/712 551/751/721 552/754/722
f 540/733/710 539/739/709 548/752/718
f 549/747/719 548/752/718 557/755/727
f 552/754/722 561/765/731 562/759/732
f 550/748/720 549/747/719 558/756/728
f 547/749/717 546/745/716 555/758/725
f 553/746/723 562/759/732 563/762/733
f 550/748/720 559/760/729 560/763/730
f 548/752/718 547/749/717 556/761/726
f 551/751/721 560/763/730 561/765/731
f 561/769/731 560/784/730 569/770/739
f 557/772/727 566/785/736 567/773/737
f 562/778/732 561/769/731 570/771/740
f 558/774/728 567/773/737 568/780/738
f 555/775/725 564/777/734 565/782/735
f 563/767/733 562/778/732 571/779/741
f 560/784/730 559/781/729 568/780/738
f 556/783/726 565/782/735 566/785/736
f 569/770/739 568/780/738 577/786/747
f 565/782/735 574/796/744 575/788/745
f 570/771/740 569/770/739 578/787/748
f 566/785/736 575/788/745 576/792/746
f 571/779/741 570/771/740 579/791/749
f 567/773/737 576/792/746 577/786/747
f 564/777/734 573/794/743 574/796/744
f 572/768/742 571/779/741 580/795/750
f 573/794/743 582/807/752 583/797/753
f 581/790/751 580/795/750 589/798/759
f 578/787/748 577/786/747 586/800/756
f 574/796/744 583/797/753 584/802/754
f 579/791/749 578/787/748 587/801/757
f 575/788/745 584/802/754 585/805/755
f 580/795/750 579/791/749 588/804/758
f 576/792/746 585/805/755 586/800/756
f 585/805/755 593/634/763 451/641/621
f 582/807/752 591/636/761 592/643/762
f 590/799/760 589/798/759 594/640/764
f 587/801/757 586/800/756 451/641/621
f 583/797/753 592/643/762 450/625/620
f 588/804/758 587/801/757 452/631/622
f 584/802/754 450/625/620 593/634/763
f 589/798/759 588/804/758 453/633/623
g hero_arm_l_Cylinder.025
v 0.314520 0.372583 0.054748
v 0.321959 0.383795 0.061987
v 0.303695 0.380574 0.061987
v 0.319205 0.376308 0.060288
v 0.313805 0.376641 0.061917
v 0.312827 0.382185 0.063235
v 0.308844 0.374482 0.060288
v 0.255480 0.707417 0.054748
v 0.248041 0.696205 0.061987
v 0.266305 0.699426 0.061987
v 0.250795 0.703692 0.060288
v 0.256195 0.703359 0.061917
v 0.257173 0.697815 0.063235
v 0.261156 0.705518 0.060288
v 0.282829 0.366995 0.044292
v 0.284333 0.377160 0.055599
v 0.269558 0.374555 0.044698
v 0.283317 0.369981 0.051866
v 0.277964 0.370321 0.050092
v 0.276223 0.375730 0.051158
v 0.274935 0.368503 0.045682
v 0.223788 0.701829 0.044292
v 0.213903 0.690186 0.044698
v 0.228679 0.692791 0.055599
v 0.216886 0.697713 0.045682
v 0.220354 0.697039 0.050092
v 0.220569 0.691361 0.051158
v 0.225269 0.699191 0.051866
v 0.263243 0.363541 0.016918
v 0.257591 0.372445 0.027974
v 0.251948 0.371450 0.010336
v 0.259159 0.365721 0.023633
v 0.255813 0.366415 0.019133
v 0.253601 0.371741 0.019541
v 0.255957 0.365156 0.013627
v 0.204202 0.698376 0.016918
v 0.196293 0.687081 0.010336
v 0.201937 0.688076 0.027974
v 0.197909 0.694366 0.013627
v 0.198203 0.693134 0.019133
v 0.197946 0.687372 0.019541
v 0.201110 0.694931 0.023633
v 0.263243 0.363541 -0.016918
v 0.251948 0.371450 -0.010336
v 0.257591 0.372445 -0.027974
v 0.255957 0.365156 -0.013627
v 0.255813 0.366415 -0.019133
v 0.253601 0.371741 -0.019541
v 0.259159 0.365721 -0.023633
v 0.204202 0.698376 -0.016918
v 0.201937 0.688076 -0.027974
v 0.196293 0.687081 -0.010336
v 0.201110 0.694931 -0.023633
v 0.198203 0.693134 -0.019133
v 0.197946 0.687372 -0.019541
v 0.197909 0.694366 -0.013627
v 0.282829 0.366995 -0.044292
v 0.269558 0.374555 -0.044698
v 0.284333 0.377160 -0.055599
v 0.274935 0.368503 -0.045682
v 0.277964 0.370321 -0.050092
v 0.276223 0.375730 -0.051158
v 0.283317 0.369981 -0.051866
v 0.223788 0.701829 -0.044292
v 0.228679 0.692791 -0.055599
v 0.213903 0.690186 -0.044698
v 0.225269 0.699191 -0.051866
v 0.220354 0.697039 -0.050092
v 0.220569 0.691361 -0.051158
v 0.216886 0.697713 -0.045682
v 0.314520 0.372583 -0.054748
v 0.303695 0.380574 -0.061987
v 0.321959 0.383795 -0.061987
v 0.308844 0.374482 -0.060288
v 0.313805 0.376641 -0.061917
v 0.312827 0.382185 -0.063235
v 0.319205 0.376308 -0.060288
v 0.255480 0.707417 -0.054748
v 0.266305 0.699426 -0.061987
v 0.248041 0.696205 -0.061987
v 0.261156 0.705518 -0.060288
v 0.256195 0.703359 -0.061917
v 0.257173 0.697815 -0.063235
v 0.250795 0.703692 -0.060288
v 0.346211 0.378171 -0.044292
v 0.341321 0.387209 -0.055599
v 0.356097 0.389814 -0.044698
v 0.344731 0.380809 -0.051866
v 0.349646 0.382961 -0.050092
v 0.349431 0.388639 -0.051158
v 0.353114 0.382288 -0.045682
v 0.287171 0.713005 -0.044292
v 0.300442 0.705445 -0.044698
v 0.285667 0.702840 -0.055599
v 0.295065 0.711498 -0.045682
v 0.292036 0.709679 -0.050092
v 0.293777 0.704270 -0.051158
v 0.286683 0.710019 -0.051866
v 0.365798 0.381624 -0.016918
v 0.368063 0.391924 -0.027974
v 0.373707 0.392919 -0.010336
v 0.368890 0.385069 -0.023633
v 0.371797 0.386866 -0.019133
v 0.372054 0.392628 -0.019541
v 0.372091 0.385634 -0.013627
v 0.306757 0.716459 -0.016918
v 0.318052 0.708550 -0.010336
v 0.312409 0.707555 -0.027974
v 0.314043 0.714844 -0.013627
v 0.314187 0.713585 -0.019133
v 0.316399 0.708259 -0.019541
v 0.310841 0.714279 -0.023633
v 0.365798 0.381624 0.016918
v 0.373707 0.392919 0.010336
v 0.368063 0.391924 0.027974
v 0.372091 0.385634 0.013627
v 0.371797 0.386866 0.019133
v 0.372054 0.392628 0.019541
v 0.368890 0.385069 0.023633
v 0.306757 0.716459 0.016918
v 0.312409 0.707555 0.027974
v 0.318052 0.708550 0.010336
v 0.310841 0.714279 0.023633
v 0.314187 0.713585 0.019133
v 0.316399 0.708259 0.019541
v 0.314043 0.714844 0.013627
v 0.346211 0.378171 0.044292
v 0.356097 0.389814 0.044698
v 0.341321 0.387209 0.055599
v 0.353114 0.382288 0.045682
v 0.349646 0.382961 0.050092
v 0.349431 0.388639 0.051158
v 0.344731 0.380809 0.051866
v 0.287171 0.713005 0.044292
v 0.285667 0.702840 0.055599
v 0.300442 0.705445 0.044698
v 0.286683 0.710019 0.051866
v 0.292036 0.709679 0.050092
v 0.293777 0.704270 0.051158
v 0.295065 0.711498 0.045682
vn 0.2036 -0.8432 0.4976
vn 0.1782 -0.2797 0.9434
vn -0.0718 -0.3238 0.9434
vn -0.2036 0.8432 0.4976
vn -0.1782 0.2797 0.9434
vn 0.0718 0.3238 0.9434
vn -0.0946 -0.8957 0.4344
vn -0.3917 -0.3802 0.8379
vn -0.5941 -0.4159 0.6886
vn -0.4815 0.7942 0.3708
vn -0.7005 0.1876 0.6886
vn -0.4981 0.2233 0.8379
vn -0.2993 -0.9318 0.2052
vn -0.7918 -0.4507 0.4123
vn -0.8690 -0.4643 0.1708
vn -0.6329 0.7675 0.1023
vn -0.9754 0.1391 0.1708
vn -0.8982 0.1527 0.4123
vn -0.3322 -0.9376 -0.1023
vn -0.8690 -0.4643 -0.1708
vn -0.7918 -0.4507 -0.4123
vn -0.5999 0.7733 -0.2052
vn -0.8982 0.1527 -0.4123
vn -0.9754 0.1391 -0.1708
vn -0.1808 -0.9109 -0.3708
vn -0.5941 -0.4159 -0.6886
vn -0.3917 -0.3802 -0.8379
vn -0.3953 0.8094 -0.4344
vn -0.4981 0.2233 -0.8379
vn -0.7005 0.1876 -0.6886
vn 0.0971 -0.8619 -0.4976
vn -0.0718 -0.3238 -0.9434
vn 0.1782 -0.2797 -0.9434
vn -0.0971 0.8619 -0.4976
vn 0.0718 0.3238 -0.9434
vn -0.1782 0.2797 -0.9434
vn 0.3953 -0.8094 -0.4344
vn 0.4981 -0.2233 -0.8379
vn 0.7005 -0.1876 -0.6886
vn 0.1808 0.9109 -0.3708
vn 0.5941 0.4159 -0.6886
vn 0.3917 0.3802 -0.8379
vn 0.5999 -0.7733 -0.2052
vn 0.8982 -0.1527 -0.4123
vn 0.9754 -0.1391 -0.1708
vn 0.3322 0.9376 -0.1023
vn 0.8690 0.4643 -0.1708
vn 0.7918 0.4507 -0.4123
vn 0.6329 -0.7675 0.1023
vn 0.9754 -0.1391 0.1708
vn 0.8982 -0.1527 0.4123
vn 0.2993 0.9318 0.2052
vn 0.7918 0.4507 0.4123
vn 0.8690 0.4643 0.1708
vn 0.4815 -0.7942 0.3708
vn 0.7005 -0.1876 0.6886
vn 0.4981 -0.2233 0.8379
vn 0.0946 0.8957 0.4344
vn 0.3917 0.3802 0.8379
vn 0.5941 0.4159 0.6886
vn -0.2147 -0.4264 0.8787
vn 0.0440 -0.9304 0.3640
vn -0.3476 0.3273 0.8787
vn -0.2769 0.8893 0.3640
vn 0.1314 0.0232 0.9911
vn -0.1314 -0.0232 0.9911
vn -0.6800 -0.1199 0.7234
vn -0.4674 -0.0824 0.8802
vn -0.6696 -0.5067 0.5430
vn -0.1445 -0.9636 0.2249
vn -0.8025 0.2471 0.5430
vn -0.4653 0.8561 0.2249
vn -0.9688 -0.1708 0.1794
vn -0.8876 -0.1565 0.4331
vn -0.8434 -0.5373 -0.0000
vn -0.2164 -0.9763 -0.0000
vn -0.9763 0.2164 -0.0000
vn -0.5373 0.8434 -0.0000
vn -0.8876 -0.1565 -0.4331
vn -0.9688 -0.1708 -0.1794
vn -0.6696 -0.5067 -0.5430
vn -0.1445 -0.9636 -0.2249
vn -0.8025 0.2471 -0.5430
vn -0.4653 0.8561 -0.2249
vn -0.4674 -0.0824 -0.8802
vn -0.6800 -0.1199 -0.7234
vn -0.2147 -0.4264 -0.8787
vn 0.0440 -0.9304 -0.3640
vn -0.3476 0.3273 -0.8787
vn -0.2769 0.8893 -0.3640
vn 0.1314 0.0232 -0.9911
vn -0.1314 -0.0232 -0.9911
vn 0.3476 -0.3273 -0.8787
vn 0.2769 -0.8893 -0.3640
vn 0.2147 0.4264 -0.8787
vn -0.0440 0.9304 -0.3640
vn 0.6800 0.1199 -0.7234
vn 0.4674 0.0824 -0.8802
vn 0.8025 -0.2471 -0.5430
vn 0.4653 -0.8561 -0.2249
vn 0.6696 0.5067 -0.5430
vn 0.1445 0.9636 -0.2249
vn 0.9688 0.1708 -0.1794
vn 0.8876 0.1565 -0.4331
vn 0.9763 -0.2164 -0.0000
vn 0.5373 -0.8434 -0.0000
vn 0.8434 0.5373 -0.0000
vn 0.2164 0.9763 -0.0000
vn 0.8876 0.1565 0.4331
vn 0.9688 0.1708 0.1794
vn 0.8025 -0.2471 0.5430
vn 0.4653 -0.8561 0.2249
vn 0.6696 0.5067 0.5430
vn 0.1445 0.9636 0.2249
vn 0.4674 0.0824 0.8802
vn 0.6800 0.1199 0.7234
vn 0.3476 -0.3273 0.8787
vn 0.2769 -0.8893 0.3640
vn 0.2147 0.4264 0.8787
vn -0.0440 0.9304 0.3640
vn 0.1736 -0.9848 -0.0000
vn -0.3043 -0.0537 0.9511
vn 0.3043 0.0537 0.9511
vn -0.1736 0.9848 -0.0000
vn -0.7967 -0.1405 0.5878
vn -0.9848 -0.1736 -0.0000
vn -0.7967 -0.1405 -0.5878
vn -0.3043 -0.0537 -0.9511
vn 0.3043 0.0537 -0.9511
vn 0.7967 0.1405 -0.5878
vn 0.9848 0.1736 -0.0000
vn 0.7967 0.1405 0.5878
vn 0.0971 -0.8619 0.4976
vn 0.2743 -0.1764 0.9453
vn -0.1974 -0.2596 0.9453
vn -0.0971 0.8619 0.4976
vn -0.2743 0.1764 0.9453
vn 0.1974 0.2596 0.9453
vn -0.1808 -0.9109 0.3708
vn -0.3180 -0.2808 0.9056
vn -0.6996 -0.3481 0.6240
vn -0.3953 0.8094 0.4344
vn -0.7765 0.0878 0.6240
vn -0.3948 0.1551 0.9056
vn -0.3322 -0.9376 0.1023
vn -0.7741 -0.3612 0.5199
vn -0.9199 -0.3869 0.0643
vn -0.5999 0.7733 0.2052
vn -0.9967 0.0490 0.0643
vn -0.8510 0.0747 0.5199
vn -0.2993 -0.9318 -0.2052
vn -0.9199 -0.3869 -0.0643
vn -0.7741 -0.3612 -0.5199
vn -0.6329 0.7675 -0.1023
vn -0.8510 0.0747 -0.5199
vn -0.9967 0.0490 -0.0643
vn -0.0946 -0.8957 -0.4344
vn -0.6996 -0.3481 -0.6240
vn -0.3180 -0.2808 -0.9056
vn -0.4815 0.7942 -0.3708
vn -0.3948 0.1551 -0.9056
vn -0.7765 0.0878 -0.6240
vn 0.2036 -0.8432 -0.4976
vn -0.1974 -0.2596 -0.9453
vn 0.2743 -0.1764 -0.9453
vn -0.2036 0.8432 -0.4976
vn 0.1974 0.2596 -0.9453
vn -0.2743 0.1764 -0.9453
vn 0.4815 -0.7942 -0.3708
vn 0.3948 -0.1551 -0.9056
vn 0.7765 -0.0878 -0.6240
vn 0.0946 0.8957 -0.4344
vn 0.6996 0.3481 -0.6240
vn 0.3180 0.2808 -0.9056
vn 0.6329 -0.7675 -0.1023
vn 0.8510 -0.0747 -0.5199
vn 0.9967 -0.0490 -0.0643
vn 0.2993 0.9318 -0.2052
vn 0.9199 0.3869 -0.0643
vn 0.7741 0.3612 -0.5199
vn 0.5999 -0.7733 0.2052
vn 0.9967 -0.0490 0.0643
vn 0.8510 -0.0747 0.5199
vn 0.3322 0.9376 0.1023
vn 0.7741 0.3612 0.5199
vn 0.9199 0.3869 0.0643
vn 0.3953 -0.8094 0.4344
vn 0.7765 -0.0878 0.6240
vn 0.3948 -0.1551 0.9056
vn 0.1808 0.9109 0.3708
vn 0.3180 0.2808 0.9056
vn 0.6996 0.3481 0.6240
vn 0.1737 -0.9848 -0.0000
vn -0.1737 0.9848 -0.0000
vt 0.750000 0.452147
vt 0.746655 0.488913
vt 0.772681 0.482630
vt -0.000000 0.514338
vt 0.016078 0.500000
vt 0.024270 0.514338
vt 0.983922 0.500000
vt 1.000000 0.514338
vt 0.975730 0.514338
vt 0.250000 0.452147
vt 0.253345 0.488913
vt 0.227319 0.482630
vt 1.000000 0.985662
vt 0.983922 1.000000
vt 0.975729 0.985662
vt 0.016078 1.000000
vt -0.000000 0.985662
vt 0.024270 0.985662
vt 0.868819 0.413541
vt 0.887723 0.445251
vt 0.905086 0.424870
vt 0.900000 0.514338
vt 0.916078 0.500000
vt 0.924271 0.514338
vt 0.883922 0.500000
vt 0.875730 0.514338
vt 0.368819 0.413541
vt 0.393136 0.441318
vt 0.368387 0.451534
vt 0.900000 0.985662
vt 0.883922 1.000000
vt 0.875729 0.985662
vt 0.916078 1.000000
vt 0.924271 0.985662
vt 0.942254 0.312467
vt 0.976186 0.327010
vt 0.978254 0.300316
vt 0.800000 0.514338
vt 0.816078 0.500000
vt 0.824270 0.514338
vt 0.783922 0.500000
vt 0.775729 0.514338
vt 0.442254 0.312467
vt 0.478254 0.320646
vt 0.464236 0.343458
vt 0.800000 0.985662
vt 0.783922 1.000000
vt 0.775729 0.985662
vt 0.816078 1.000000
vt 0.824270 0.985662
vt 0.942254 0.187533
vt 0.978254 0.179354
vt 0.964236 0.156542
vt 0.700000 0.514338
vt 0.716078 0.500000
vt 0.724270 0.514338
vt 0.683922 0.500000
vt 0.675730 0.514338
vt 0.442254 0.187533
vt 0.476186 0.172990
vt 0.478254 0.199684
vt 0.700000 0.985662
vt 0.683922 1.000000
vt 0.675729 0.985662
vt 0.716078 1.000000
vt 0.724270 0.985662
vt 0.868819 0.086459
vt 0.893136 0.058682
vt 0.868387 0.048466
vt 0.600000 0.514338
vt 0.616078 0.500000
vt 0.624270 0.514338
vt 0.583922 0.500000
vt 0.575729 0.514338
vt 0.368819 0.086459
vt 0.387723 0.054749
vt 0.405086 0.075130
vt 0.600000 0.985662
vt 0.583922 1.000000
vt 0.575729 0.985662
vt 0.616078 1.000000
vt 0.624270 0.985662
vt 0.750000 0.047853
vt 0.753345 0.011087
vt 0.727319 0.017370
vt 0.500000 0.514338
vt 0.516078 0.500000
vt 0.524270 0.514338
vt 0.483922 0.500000
vt 0.475729 0.514338
vt 0.250000 0.047853
vt 0.246655 0.011087
vt 0.272681 0.017370
vt 0.500000 0.985662
vt 0.483922 1.000000
vt 0.475729 0.985662
vt 0.516078 1.000000
vt 0.524270 0.985662
vt 0.631181 0.086459
vt 0.612277 0.054749
vt 0.594914 0.075130
vt 0.400000 0.514338
vt 0.416078 0.500000
vt 0.424270 0.514338
vt 0.383922 0.500000
vt 0.375729 0.514338
vt 0.131181 0.086459
vt 0.106864 0.058682
vt 0.131613 0.048466
vt 0.400000 0.985662
vt 0.383922 1.000000
vt 0.375729 0.985662
vt 0.416078 1.000000
vt 0.424270 0.985662
vt 0.557746 0.187533
vt 0.523814 0.172990
vt 0.521746 0.199684
vt 0.300000 0.514338
vt 0.316078 0.500000
vt 0.324270 0.514338
vt 0.283922 0.500000
vt 0.275729 0.514338
vt 0.057746 0.187533
vt 0.021746 0.179354
vt 0.035764 0.156542
vt 0.300000 0.985662
vt 0.283922 1.000000
vt 0.275729 0.985662
vt 0.316078 1.000000
vt 0.324270 0.985662
vt 0.557746 0.312467
vt 0.521746 0.320646
vt 0.535764 0.343458
vt 0.200000 0.514338
vt 0.216078 0.500000
vt 0.224270 0.514338
vt 0.183922 0.500000
vt 0.175729 0.514338
vt 0.057746 0.312467
vt 0.023814 0.327010
vt 0.021746 0.300316
vt 0.200000 0.985662
vt 0.183922 1.000000
vt 0.175729 0.985662
vt 0.216078 1.000000
vt 0.224270 0.985662
vt 0.631181 0.413541
vt 0.606864 0.441318
vt 0.631613 0.451534
vt 0.100000 0.514338
vt 0.116078 0.500000
vt 0.124270 0.514338
vt 0.083922 0.500000
vt 0.075729 0.514338
vt 0.131181 0.413541
vt 0.112277 0.445251
vt 0.094914 0.424870
vt 0.100000 0.985662
vt 0.083922 1.000000
vt 0.075729 0.985662
vt 0.116078 1.000000
vt 0.124270 0.985662
vt 0.868387 0.451534
vt 0.272681 0.482630
vt 0.405086 0.424870
vt 0.978254 0.199684
vt 0.478254 0.300316
vt 0.905086 0.075130
vt 0.368387 0.048466
vt 0.631613 0.048466
vt 0.094914 0.075130
vt 0.521746 0.300316
vt 0.021746 0.199684
vt 0.594914 0.424870
vt 0.727319 0.482630
vt 0.131613 0.451534
vt -0.000000 0.506060
vt 0.997629 0.500000
vt 1.000000 0.993940
vt 0.002371 1.000000
vt 0.898814 0.503030
vt 0.901186 0.996970
vt 0.964236 0.343458
vt 0.798814 0.503030
vt 0.801186 0.996970
vt 0.698814 0.503030
vt 0.464236 0.156542
vt 0.701186 0.996970
vt 0.598814 0.503030
vt 0.601186 0.996970
vt 0.772681 0.017370
vt 0.498814 0.503030
vt 0.227319 0.017370
vt 0.501186 0.996970
vt 0.398814 0.503030
vt 0.401186 0.996970
vt 0.535764 0.156542
vt 0.298814 0.503030
vt 0.301186 0.996970
vt 0.198814 0.503030
vt 0.035764 0.343458
vt 0.201186 0.996970
vt 0.098814 0.503030
vt 0.101186 0.996970
s 0
g hero_arm_l_M_brown
usemtl M_brown
f 595/810/765 599/811/765 601/812/765
f 600/813/766 598/814/766 596/815/766
f 601/816/767 600/817/767 597/818/767
f 602/819/768 606/820/768 608/821/768
f 607/822/769 605/823/769 603/824/769
f 608/825/770 607/826/770 604/827/770
f 609/828/771 613/829/771 615/830/771
f 614/831/772 612/832/772 610/833/772
f 615/834/773 614/831/773 611/835/773
f 616/836/774 620/837/774 622/838/774
f 621/839/775 619/840/775 617/841/775
f 622/842/776 621/839/776 618/843/776
f 623/844/777 627/845/777 629/846/777
f 628/847/778 626/848/778 624/849/778
f 629/850/779 628/847/779 625/851/779
f 630/852/780 634/853/780 636/854/780
f 635/855/781 633/856/781 631/857/781
f 636/858/782 635/855/782 632/859/782
f 637/860/783 641/861/783 643/862/783
f 642/863/784 640/864/784 638/865/784
f 643/866/785 642/863/785 639/867/785
f 644/868/786 648/869/786 650/870/786
f 649/871/787 647/872/787 645/873/787
f 650/874/788 649/871/788 646/875/788
f 651/876/789 655/877/789 657/878/789
f 656/879/790 654/880/790 652/881/790
f 657/882/791 656/879/791 653/883/791
f 658/884/792 662/885/792 664/886/792
f 663/887/793 661/888/793 659/889/793
f 664/890/794 663/887/794 660/891/794
f 665/892/795 669/893/795 671/894/795
f 670/895/796 668/896/796 666/897/796
f 671/898/797 670/895/797 667/899/797
f 672/900/798 676/901/798 678/902/798
f 677/903/799 675/904/799 673/905/799
f 678/906/800 677/903/800 674/907/800
f 679/908/801 683/909/801 685/910/801
f 684/911/802 682/912/802 680/913/802
f 685/914/803 684/911/803 681/915/803
f 686/916/804 690/917/804 692/918/804
f 691/919/805 689/920/805 687/921/805
f 692/922/806 691/919/806 688/923/806
f 693/924/807 697/925/807 699/926/807
f 698/927/808 696/928/808 694/929/808
f 699/930/809 698/927/809 695/931/809
f 700/932/810 704/933/810 706/934/810
f 705/935/811 703/936/811 701/937/811
f 706/938/812 705/935/812 702/939/812
f 707/940/813 711/941/813 713/942/813
f 712/943/814 710/944/814 708/945/814
f 713/946/815 712/943/815 709/947/815
f 714/948/816 718/949/816 720/950/816
f 719/951/817 717/952/817 715/953/817
f 720/954/818 719/951/818 716/955/818
f 721/956/819 725/957/819 727/958/819
f 726/959/820 724/960/820 722/961/820
f 727/962/821 726/959/821 723/963/821
f 728/964/822 732/965/822 734/966/822
f 733/967/823 731/968/823 729/969/823
f 734/970/824 733/967/824 730/971/824
f 610/833/825 601/816/825 597/818/825
f 612/972/826 595/810/826 601/812/826
f 603/824/827 622/842/827 618/843/827
f 605/973/828 616/836/828 622/838/828
f 604/827/829 600/813/829 596/815/829
f 607/822/830 597/818/830 600/817/830
f 611/835/831 621/839/831 617/841/831
f 614/831/832 618/843/832 621/839/832
f 611/835/833 626/848/833 615/834/833
f 615/830/834 623/844/834 609/828/834
f 617/841/835 636/858/835 632/859/835
f 619/974/836 630/852/836 636/854/836
f 625/851/837 635/855/837 631/857/837
f 628/847/838 632/859/838 635/855/838
f 638/865/839 629/850/839 625/851/839
f 640/975/840 623/844/840 629/846/840
f 631/857/841 650/874/841 646/875/841
f 633/976/842 644/868/842 650/870/842
f 639/867/843 649/871/843 645/873/843
f 642/863/844 646/875/844 649/871/844
f 639/867/845 654/880/845 643/866/845
f 654/977/846 637/860/846 643/862/846
f 645/873/847 664/890/847 660/891/847
f 664/886/848 644/868/848 658/884/848
f 653/883/849 663/887/849 659/889/849
f 656/879/850 660/891/850 663/887/850
f 666/897/851 657/882/851 653/883/851
f 657/878/852 665/892/852 651/876/852
f 659/889/853 678/906/853 674/907/853
f 661/978/854 672/900/854 678/902/854
f 667/899/855 677/903/855 673/905/855
f 670/895/856 674/907/856 677/903/856
f 680/913/857 671/898/857 667/899/857
f 682/979/858 665/892/858 671/894/858
f 673/905/859 692/922/859 688/923/859
f 692/918/860 672/900/860 686/916/860
f 681/915/861 691/919/861 687/921/861
f 684/911/862 688/923/862 691/919/862
f 694/929/863 685/914/863 681/915/863
f 685/910/864 693/924/864 679/908/864
f 702/939/865 689/920/865 706/938/865
f 689/980/866 700/932/866 706/934/866
f 695/931/867 705/935/867 701/937/867
f 705/935/868 694/929/868 702/939/868
f 708/945/869 699/930/869 695/931/869
f 710/981/870 693/924/870 699/926/870
f 701/937/871 720/954/871 716/955/871
f 703/982/872 714/948/872 720/950/872
f 709/947/873 719/951/873 715/953/873
f 712/943/874 716/955/874 719/951/874
f 722/961/875 713/946/875 709/947/875
f 724/983/876 707/940/876 713/942/876
f 730/971/877 717/952/877 734/970/877
f 734/966/878 714/948/878 728/964/878
f 723/963/879 733/967/879 729/969/879
f 726/959/880 730/971/880 733/967/880
f 596/815/881 727/962/881 723/963/881
f 598/984/882 721/956/882 727/958/882
f 729/969/883 608/825/883 604/827/883
f 731/985/884 602/819/884 608/821/884
f 637/860/885 693/924/885 721/956/885
f 603/824/886 610/833/886 597/818/886
f 729/969/887 596/815/887 723/963/887
f 714/948/888 658/884/888 630/852/888
f 611/835/889 632/859/889 624/849/889
f 631/857/890 638/865/890 625/851/890
f 645/873/891 652/881/891 639/867/891
f 659/889/892 666/897/892 653/883/892
f 673/905/893 680/913/893 667/899/893
f 687/921/894 694/929/894 681/915/894
f 701/937/895 708/945/895 695/931/895
f 715/953/896 722/961/896 709/947/896
f 595/810/897 598/984/897 599/811/897
f 600/813/898 599/986/898 598/814/898
f 601/816/899 599/987/899 600/817/899
f 602/819/900 605/973/900 606/820/900
f 607/822/901 606/988/901 605/823/901
f 608/825/902 606/989/902 607/826/902
f 609/828/903 612/972/903 613/829/903
f 614/831/904 613/990/904 612/832/904
f 615/834/905 613/990/905 614/831/905
f 616/836/906 619/974/906 620/837/906
f 621/839/907 620/991/907 619/840/907
f 622/842/908 620/991/908 621/839/908
f 623/844/909 626/992/909 627/845/909
f 628/847/910 627/993/910 626/848/910
f 629/850/911 627/993/911 628/847/911
f 630/852/912 633/976/912 634/853/912
f 635/855/913 634/994/913 633/856/913
f 636/858/914 634/994/914 635/855/914
f 637/860/915 640/975/915 641/861/915
f 642/863/916 641/995/916 640/864/916
f 643/866/917 641/995/917 642/863/917
f 644/868/918 647/996/918 648/869/918
f 649/871/919 648/997/919 647/872/919
f 650/874/920 648/997/920 649/871/920
f 651/876/921 654/977/921 655/877/921
f 656/879/922 655/998/922 654/880/922
f 657/882/923 655/998/923 656/879/923
f 658/884/924 661/978/924 662/885/924
f 663/887/925 662/999/925 661/888/925
f 664/890/926 662/999/926 663/887/926
f 665/892/927 668/1000/927 669/893/927
f 670/895/928 669/1001/928 668/896/928
f 671/898/929 669/1001/929 670/895/929
f 672/900/930 675/1002/930 676/901/930
f 677/903/931 676/1003/931 675/904/931
f 678/906/932 676/1003/932 677/903/932
f 679/908/933 682/979/933 683/909/933
f 684/911/934 683/1004/934 682/912/934
f 685/914/935 683/1004/935 684/911/935
f 686/916/936 689/980/936 690/917/936
f 691/919/937 690/1005/937 689/920/937
f 692/922/938 690/1005/938 691/919/938
f 693/924/939 696/1006/939 697/925/939
f 698/927/940 697/1007/940 696/928/940
f 699/930/941 697/1007/941 698/927/941
f 700/932/942 703/982/942 704/933/942
f 705/935/943 704/1008/943 703/936/943
f 706/938/944 704/1008/944 705/935/944
f 707/940/945 710/981/945 711/941/945
f 712/943/946 711/1009/946 710/944/946
f 713/946/947 711/1009/947 712/943/947
f 714/948/948 717/1010/948 718/949/948
f 719/951/949 718/1011/949 717/952/949
f 720/954/950 718/1011/950 719/951/950
f 721/956/951 724/983/951 725/957/951
f 726/959/952 725/1012/952 724/960/952
f 727/962/953 725/1012/953 726/959/953
f 728/964/954 731/985/954 732/965/954
f 733/967/955 732/1013/955 731/968/955
f 734/970/956 732/1013/956 733/967/956
f 610/833/825 612/832/825 601/816/825
f 612/972/826 609/828/826 595/810/826
f 603/824/827 605/823/827 622/842/827
f 605/973/828 602/819/828 616/836/828
f 604/827/829 607/826/829 600/813/829
f 607/822/830 603/824/830 597/818/830
f 611/835/831 614/831/831 621/839/831
f 614/831/832 610/833/832 618/843/832
f 611/835/833 624/849/833 626/848/833
f 615/830/834 626/992/834 623/844/834
f 617/841/835 619/840/835 636/858/835
f 619/974/836 616/836/836 630/852/836
f 625/851/837 628/847/837 635/855/837
f 628/847/838 624/849/838 632/859/838
f 638/865/839 640/864/839 629/850/839
f 640/975/840 637/860/840 623/844/840
f 631/857/841 633/856/841 650/874/841
f 633/976/842 630/852/842 644/868/842
f 639/867/843 642/863/843 649/871/843
f 642/863/844 638/865/844 646/875/844
f 639/867/845 652/881/845 654/880/845
f 654/977/846 651/876/846 637/860/846
f 645/873/847 647/872/847 664/890/847
f 664/886/848 647/996/848 644/868/848
f 653/883/849 656/879/849 663/887/849
f 656/879/850 652/881/850 660/891/850
f 666/897/851 668/896/851 657/882/851
f 657/878/852 668/1000/852 665/892/852
f 659/889/853 661/888/853 678/906/853
f 661/978/854 658/884/854 672/900/854
f 667/899/855 670/895/855 677/903/855
f 670/895/856 666/897/856 674/907/856
f 680/913/857 682/912/857 671/898/857
f 682/979/858 679/908/858 665/892/858
f 673/905/859 675/904/859 692/922/859
f 692/918/860 675/1002/860 672/900/860
f 681/915/861 684/911/861 691/919/861
f 684/911/862 680/913/862 688/923/862
f 694/929/863 696/928/863 685/914/863
f 685/910/864 696/1006/864 693/924/864
f 702/939/865 687/921/865 689/920/865
f 689/980/866 686/916/866 700/932/866
f 695/931/867 698/927/867 705/935/867
f 705/935/868 698/927/868 694/929/868
f 708/945/869 710/944/869 699/930/869
f 710/981/870 707/940/870 693/924/870
f 701/937/871 703/936/871 720/954/871
f 703/982/872 700/932/872 714/948/872
f 709/947/873 712/943/873 719/951/873
f 712/943/874 708/945/874 716/955/874
f 722/961/875 724/960/875 713/946/875
f 724/983/876 721/956/876 707/940/876
f 730/971/877 715/953/877 717/952/877
f 734/966/878 717/1010/878 714/948/878
f 723/963/879 726/959/879 733/967/879
f 726/959/880 722/961/880 730/971/880
f 596/815/881 598/814/881 727/962/881
f 598/984/882 595/810/882 721/956/882
f 729/969/883 731/968/883 608/825/883
f 731/985/884 728/964/884 602/819/884
f 721/956/885 595/810/885 609/828/885
f 609/828/957 623/844/957 637/860/957
f 637/860/885 651/876/885 665/892/885
f 665/892/885 679/908/885 693/924/885
f 693/924/885 707/940/885 721/956/885
f 721/956/885 609/828/885 637/860/885
f 637/860/885 665/892/885 693/924/885
f 603/824/886 618/843/886 610/833/886
f 729/969/887 604/827/887 596/815/887
f 630/852/888 616/836/888 602/819/888
f 602/819/888 728/964/888 714/948/888
f 714/948/958 700/932/958 686/916/958
f 686/916/888 672/900/888 658/884/888
f 658/884/888 644/868/888 630/852/888
f 630/852/888 602/819/888 714/948/888
f 714/948/888 686/916/888 658/884/888
f 611/835/889 617/841/889 632/859/889
f 631/857/890 646/875/890 638/865/890
f 645/873/891 660/891/891 652/881/891
f 659/889/892 674/907/892 666/897/892
f 673/905/893 688/923/893 680/913/893
f 687/921/894 702/939/894 694/929/894
f 701/937/895 716/955/895 708/945/895
f 715/953/896 730/971/896 722/961/896
g hero_arm_r_Cylinder.026
v -0.314520 0.372583 0.054748
v -0.303695 0.380574 0.061987
v -0.321959 0.383795 0.061987
v -0.308844 0.374482 0.060288
v -0.313805 0.376641 0.061917
v -0.312827 0.382185 0.063235
v -0.319205 0.376308 0.060288
v -0.255480 0.707417 0.054748
v -0.266305 0.699426 0.061987
v -0.248041 0.696205 0.061987
v -0.261156 0.705518 0.060288
v -0.256195 0.703359 0.061917
v -0.257173 0.697815 0.063235
v -0.250795 0.703692 0.060288
v -0.346211 0.378171 0.044292
v -0.341321 0.387209 0.055599
v -0.356097 0.389814 0.044698
v -0.344731 0.380809 0.051866
v -0.349646 0.382961 0.050092
v -0.349431 0.388639 0.051158
v -0.353114 0.382288 0.045682
v -0.287171 0.713005 0.044292
v -0.300442 0.705445 0.044698
v -0.285667 0.702840 0.055599
v -0.295065 0.711498 0.045682
v -0.292036 0.709679 0.050092
v -0.293777 0.704270 0.051158
v -0.286683 0.710019 0.051866
v -0.365798 0.381624 0.016918
v -0.368063 0.391924 0.027974
v -0.373707 0.392919 0.010336
v -0.368890 0.385069 0.023633
v -0.371797 0.386866 0.019133
v -0.372054 0.392628 0.019541
v -0.372091 0.385634 0.013627
v -0.306757 0.716459 0.016918
v -0.318052 0.708550 0.010336
v -0.312409 0.707555 0.027974
v -0.314043 0.714844 0.013627
v -0.314187 0.713585 0.019133
v -0.316399 0.708259 0.019541
v -0.310841 0.714279 0.023633
v -0.365798 0.381624 -0.016918
v -0.373707 0.392919 -0.010336
v -0.368063 0.391924 -0.027974
v -0.372091 0.385634 -0.013627
v -0.371797 0.386866 -0.019133
v -0.372054 0.392628 -0.019541
v -0.368890 0.385069 -0.023633
v -0.306757 0.716459 -0.016918
v -0.312409 0.707555 -0.027974
v -0.318052 0.708550 -0.010336
v -0.310841 0.714279 -0.023633
v -0.314187 0.713585 -0.019133
v -0.316399 0.708259 -0.019541
v -0.314043 0.714844 -0.013627
v -0.346211 0.378171 -0.044292
v -0.356097 0.389814 -0.044698
v -0.341321 0.387209 -0.055599
v -0.353114 0.382288 -0.045682
v -0.349646 0.382961 -0.050092
v -0.349431 0.388639 -0.051158
v -0.344731 0.380809 -0.051866
v -0.287171 0.713005 -0.044292
v -0.285667 0.702840 -0.055599
v -0.300442 0.705445 -0.044698
v -0.286683 0.710019 -0.051866
v -0.292036 0.709679 -0.050092
v -0.293777 0.704270 -0.051158
v -0.295065 0.711498 -0.045682
v -0.314520 0.372583 -0.054748
v -0.321959 0.383795 -0.061987
v -0.303695 0.380574 -0.061987
v -0.319205 0.376308 -0.060288
v -0.313805 0.376641 -0.061917
v -0.312827 0.382185 -0.063235
v -0.308844 0.374482 -0.060288
v -0.255480 0.707417 -0.054748
v -0.248041 0.696205 -0.061987
v -0.266305 0.699426 -0.061987
v -0.250795 0.703692 -0.060288
v -0.256195 0.703359 -0.061917
v -0.257173 0.697815 -0.063235
v -0.261156 0.705518 -0.060288
v -0.282829 0.366995 -0.044292
v -0.284333 0.377160 -0.055599
v -0.269558 0.374555 -0.044698
v -0.283317 0.369981 -0.051866
v -0.277964 0.370321 -0.050092
v -0.276223 0.375730 -0.051158
v -0.274935 0.368503 -0.045682
v -0.223788 0.701829 -0.044292
v -0.213903 0.690186 -0.044698
v -0.228679 0.692791 -0.055599
v -0.216886 0.697713 -0.045682
v -0.220354 0.697039 -0.050092
v -0.220569 0.691361 -0.051158
v -0.225269 0.699191 -0.051866
v -0.263243 0.363541 -0.016918
v -0.257591 0.372445 -0.027974
v -0.251948 0.371450 -0.010336
v -0.259159 0.365721 -0.023633
v -0.255813 0.366415 -0.019133
v -0.253601 0.371741 -0.019541
v -0.255957 0.365156 -0.013627
v -0.204202 0.698376 -0.016918
v -0.196293 0.687081 -0.010336
v -0.201937 0.688076 -0.027974
v -0.197909 0.694366 -0.013627
v -0.198203 0.693134 -0.019133
v -0.197946 0.687372 -0.019541
v -0.201110 0.694931 -0.023633
v -0.263243 0.363541 0.016918
v -0.251948 0.371450 0.010336
v -0.257591 0.372445 0.027974
v -0.255957 0.365156 0.013627
v -0.255813 0.366415 0.019133
v -0.253601 0.371741 0.019541
v -0.259159 0.365721 0.023633
v -0.204202 0.698376 0.016918
v -0.201937 0.688076 0.027974
v -0.196293 0.687081 0.010336
v -0.201110 0.694931 0.023633
v -0.198203 0.693134 0.019133
v -0.197946 0.687372 0.019541
v -0.197909 0.694366 0.013627
v -0.282829 0.366995 0.044292
v -0.269558 0.374555 0.044698
v -0.284333 0.377160 0.055599
v -0.274935 0.368503 0.045682
v -0.277964 0.370321 0.050092
v -0.276223 0.375730 0.051158
v -0.283317 0.369981 0.051866
v -0.223788 0.701829 0.044292
v -0.228679 0.692791 0.055599
v -0.213903 0.690186 0.044698
v -0.225269 0.699191 0.051866
v -0.220354 0.697039 0.050092
v -0.220569 0.691361 0.051158
v -0.216886 0.697713 0.045682
vn -0.0971 -0.8619 0.4976
vn 0.0718 -0.3238 0.9434
vn -0.1782 -0.2797 0.9434
vn 0.0971 0.8619 0.4976
vn -0.0718 0.3238 0.9434
vn 0.1782 0.2797 0.9434
vn -0.3953 -0.8094 0.4344
vn -0.4981 -0.2233 0.8379
vn -0.7005 -0.1876 0.6886
vn -0.1808 0.9109 0.3708
vn -0.5941 0.4159 0.6886
vn -0.3917 0.3802 0.8379
vn -0.5999 -0.7733 0.2052
vn -0.8982 -0.1527 0.4123
vn -0.9754 -0.1391 0.1708
vn -0.3322 0.9376 0.1023
vn -0.8690 0.4643 0.1708
vn -0.7918 0.4507 0.4123
vn -0.6329 -0.7675 -0.1023
vn -0.9754 -0.1391 -0.1708
vn -0.8982 -0.1527 -0.4123
vn -0.2993 0.9318 -0.2052
vn -0.7918 0.4507 -0.4123
vn -0.8690 0.4643 -0.1708
vn -0.4815 -0.7942 -0.3708
vn -0.7005 -0.1876 -0.6886
vn -0.4981 -0.2233 -0.8379
vn -0.0946 0.8957 -0.4344
vn -0.3917 0.3802 -0.8379
vn -0.5941 0.4159 -0.6886
vn -0.2036 -0.8432 -0.4976
vn -0.1782 -0.2797 -0.9434
vn 0.0718 -0.3238 -0.9434
vn 0.2036 0.8432 -0.4976
vn 0.1782 0.2797 -0.9434
vn -0.0718 0.3238 -0.9434
vn 0.0946 -0.8957 -0.4344
vn 0.3917 -0.3802 -0.8379
vn 0.5941 -0.4159 -0.6886
vn 0.4815 0.7942 -0.3708
vn 0.7005 0.1876 -0.6886
vn 0.4981 0.2233 -0.8379
vn 0.2993 -0.9318 -0.2052
vn 0.7918 -0.4507 -0.4123
vn 0.8690 -0.4643 -0.1708
vn 0.6329 0.7675 -0.1023
vn 0.9754 0.1391 -0.1708
vn 0.8982 0.1527 -0.4123
vn 0.3322 -0.9376 0.1023
vn 0.8690 -0.4643 0.1708
vn 0.7918 -0.4507 0.4123
vn 0.5999 0.7733 0.2052
vn 0.8982 0.1527 0.4123
vn 0.9754 0.1391 0.1708
vn 0.1808 -0.9109 0.3708
vn 0.5941 -0.4159 0.6886
vn 0.3917 -0.3802 0.8379
vn 0.3953 0.8094 0.4344
vn 0.4981 0.2233 0.8379
vn 0.7005 0.1876 0.6886
vn -0.3476 -0.3273 0.8787
vn -0.2769 -0.8893 0.3640
vn -0.2147 0.4264 0.8787
vn 0.0440 0.9304 0.3640
vn 0.1314 -0.0232 0.9911
vn -0.1314 0.0232 0.9911
vn -0.6800 0.1199 0.7234
vn -0.4674 0.0824 0.8802
vn -0.8025 -0.2471 0.5430
vn -0.4653 -0.8561 0.2249
vn -0.6696 0.5067 0.5430
vn -0.1445 0.9636 0.2249
vn -0.9688 0.1708 0.1794
vn -0.8876 0.1565 0.4331
vn -0.9763 -0.2164 -0.0000
vn -0.5373 -0.8434 -0.0000
vn -0.8434 0.5373 -0.0000
vn -0.2164 0.9763 -0.0000
vn -0.8876 0.1565 -0.4331
vn -0.9688 0.1708 -0.1794
vn -0.8025 -0.2471 -0.5430
vn -0.4653 -0.8561 -0.2249
vn -0.6696 0.5067 -0.5430
vn -0.1445 0.9636 -0.2249
vn -0.4674 0.0824 -0.8802
vn -0.6800 0.1199 -0.7234
vn -0.3476 -0.3273 -0.8787
vn -0.2769 -0.8893 -0.3640
vn -0.2147 0.4264 -0.8787
vn 0.0440 0.9304 -0.3640
vn 0.1314 -0.0232 -0.9911
vn -0.1314 0.0232 -0.9911
vn 0.2147 -0.4264 -0.8787
vn -0.0440 -0.9304 -0.3640
vn 0.3476 0.3273 -0.8787
vn 0.2769 0.8893 -0.3640
vn 0.6800 -0.1199 -0.7234
vn 0.4674 -0.0824 -0.8802
vn 0.6696 -0.5067 -0.5430
vn 0.1445 -0.9636 -0.2249
vn 0.8025 0.2471 -0.5430
vn 0.4653 0.8561 -0.2249
vn 0.9688 -0.1708 -0.1794
vn 0.8876 -0.1565 -0.4331
vn 0.8434 -0.5373 -0.0000
vn 0.2164 -0.9763 -0.0000
vn 0.9763 0.2164 -0.0000
vn 0.5373 0.8434 -0.0000
vn 0.8876 -0.1565 0.4331
vn 0.9688 -0.1708 0.1794
vn 0.6696 -0.5067 0.5430
vn 0.1445 -0.9636 0.2249
vn 0.8025 0.2471 0.5430
vn 0.4653 0.8561 0.2249
vn 0.4674 -0.0824 0.8802
vn 0.6800 -0.1199 0.7234
vn 0.2147 -0.4264 0.8787
vn -0.0440 -0.9304 0.3640
vn 0.3476 0.3273 0.8787
vn 0.2769 0.8893 0.3640
vn -0.1736 -0.9848 -0.0000
vn -0.3043 0.0537 0.9511
vn 0.3043 -0.0537 0.9511
vn 0.1736 0.9848 -0.0000
vn -0.7967 0.1405 0.5878
vn -0.9848 0.1736 -0.0000
vn -0.7967 0.1405 -0.5878
vn -0.3043 0.0537 -0.9511
vn 0.3043 -0.0537 -0.9511
vn 0.7967 -0.1405 -0.5878
vn 0.9848 -0.1736 -0.0000
vn 0.7967 -0.1405 0.5878
vn -0.2036 -0.8432 0.4976
vn 0.1974 -0.2596 0.9453
vn -0.2743 -0.1764 0.9453
vn 0.2036 0.8432 0.4976
vn -0.1974 0.2596 0.9453
vn 0.2743 0.1764 0.9453
vn -0.4815 -0.7942 0.3708
vn -0.3948 -0.1551 0.9056
vn -0.7765 -0.0878 0.6240
vn -0.0946 0.8957 0.4344
vn -0.6996 0.3481 0.6240
vn -0.3180 0.2808 0.9056
vn -0.6329 -0.7675 0.1023
vn -0.8510 -0.0747 0.5199
vn -0.9967 -0.0490 0.0643
vn -0.2993 0.9318 0.2052
vn -0.9199 0.3869 0.0643
vn -0.7741 0.3612 0.5199
vn -0.5999 -0.7733 -0.2052
vn -0.9967 -0.0490 -0.0643
vn -0.8510 -0.0747 -0.5199
vn -0.3322 0.9376 -0.1023
vn -0.7741 0.3612 -0.5199
vn -0.9199 0.3869 -0.0643
vn -0.3953 -0.8094 -0.4344
vn -0.7765 -0.0878 -0.6240
vn -0.3948 -0.1551 -0.9056
vn -0.1808 0.9109 -0.3708
vn -0.3180 0.2808 -0.9056
vn -0.6996 0.3481 -0.6240
vn -0.0971 -0.8619 -0.4976
vn -0.2743 -0.1764 -0.9453
vn 0.1974 -0.2596 -0.9453
vn 0.0971 0.8619 -0.4976
vn 0.2743 0.1764 -0.9453
vn -0.1974 0.2596 -0.9453
vn 0.1808 -0.9109 -0.3708
vn 0.3180 -0.2808 -0.9056
vn 0.6996 -0.3481 -0.6240
vn 0.3953 0.8094 -0.4344
vn 0.7765 0.0878 -0.6240
vn 0.3948 0.1551 -0.9056
vn 0.3322 -0.9376 -0.1023
vn 0.7741 -0.3612 -0.5199
vn 0.9199 -0.3869 -0.0643
vn 0.5999 0.7733 -0.2052
vn 0.9967 0.0490 -0.0643
vn 0.8510 0.0747 -0.5199
vn 0.2993 -0.9318 0.2052
vn 0.9199 -0.3869 0.0643
vn 0.7741 -0.3612 0.5199
vn 0.6329 0.7675 0.1023
vn 0.8510 0.0747 0.5199
vn 0.9967 0.0490 0.0643
vn 0.0946 -0.8957 0.4344
vn 0.6996 -0.3481 0.6240
vn 0.3180 -0.2808 0.9056
vn 0.4815 0.7942 0.3708
vn 0.3948 0.1551 0.9056
vn 0.7765 0.0878 0.6240
vn -0.1737 -0.9848 -0.0000
vn 0.1737 0.9848 -0.0000
vt 0.750000 0.452147
vt 0.746655 0.488913
vt 0.772681 0.482630
vt -0.000000 0.514338
vt 0.016078 0.500000
vt 0.024270 0.514338
vt 0.983922 0.500000
vt 1.000000 0.514338
vt 0.975730 0.514338
vt 0.250000 0.452147
vt 0.253345 0.488913
vt 0.227319 0.482630
vt 1.000000 0.985662
vt 0.983922 1.000000
vt 0.975729 0.985662
vt 0.016078 1.000000
vt -0.000000 0.985662
vt 0.024270 0.985662
vt 0.868819 0.413541
vt 0.887723 0.445251
vt 0.905086 0.424870
vt 0.900000 0.514338
vt 0.916078 0.500000
vt 0.924271 0.514338
vt 0.883922 0.500000
vt 0.875730 0.514338
vt 0.368819 0.413541
vt 0.393136 0.441318
vt 0.368387 0.451534
vt 0.900000 0.985662
vt 0.883922 1.000000
vt 0.875729 0.985662
vt 0.916078 1.000000
vt 0.924271 0.985662
vt 0.942254 0.312467
vt 0.976186 0.327010
vt 0.978254 0.300316
vt 0.800000 0.514338
vt 0.816078 0.500000
vt 0.824271 0.514338
vt 0.783922 0.500000
vt 0.775729 0.514338
vt 0.442254 0.312467
vt 0.478254 0.320646
vt 0.464236 0.343458
vt 0.800000 0.985662
vt 0.783922 1.000000
vt 0.775729 0.985662
vt 0.816078 1.000000
vt 0.824270 0.985662
vt 0.942254 0.187533
vt 0.978254 0.179354
vt 0.964236 0.156542
vt 0.700000 0.514338
vt 0.716078 0.500000
vt 0.724270 0.514338
vt 0.683922 0.500000
vt 0.675730 0.514338
vt 0.442254 0.187533
vt 0.476186 0.172990
vt 0.478254 0.199684
vt 0.700000 0.985662
vt 0.683922 1.000000
vt 0.675729 0.985662
vt 0.716078 1.000000
vt 0.724270 0.985662
vt 0.868819 0.086459
vt 0.893136 0.058682
vt 0.868387 0.048466
vt 0.600000 0.514338
vt 0.616078 0.500000
vt 0.624270 0.514338
vt 0.583922 0.500000
vt 0.575729 0.514338
vt 0.368819 0.086459
vt 0.387723 0.054749
vt 0.405086 0.075130
vt 0.600000 0.985662
vt 0.583922 1.000000
vt 0.575729 0.985662
vt 0.616078 1.000000
vt 0.624270 0.985662
vt 0.750000 0.047853
vt 0.753345 0.011087
vt 0.727319 0.017370
vt 0.500000 0.514338
vt 0.516078 0.500000
vt 0.524270 0.514338
vt 0.483922 0.500000
vt 0.475729 0.514338
vt 0.250000 0.047853
vt 0.246655 0.011087
vt 0.272681 0.017370
vt 0.500000 0.985662
vt 0.483922 1.000000
vt 0.475729 0.985662
vt 0.516078 1.000000
vt 0.524270 0.985662
vt 0.631181 0.086459
vt 0.612277 0.054749
vt 0.594914 0.075130
vt 0.400000 0.514338
vt 0.416078 0.500000
vt 0.424270 0.514338
vt 0.383922 0.500000
vt 0.375729 0.514338
vt 0.131181 0.086459
vt 0.106864 0.058682
vt 0.131613 0.048466
vt 0.400000 0.985662
vt 0.383922 1.000000
vt 0.375729 0.985662
vt 0.416078 1.000000
vt 0.424270 0.985662
vt 0.557746 0.187533
vt 0.523814 0.172990
vt 0.521746 0.199684
vt 0.300000 0.514338
vt 0.316078 0.500000
vt 0.324270 0.514338
vt 0.283922 0.500000
vt 0.275729 0.514338
vt 0.057746 0.187533
vt 0.021746 0.179354
vt 0.035764 0.156542
vt 0.300000 0.985662
vt 0.283922 1.000000
vt 0.275729 0.985662
vt 0.316078 1.000000
vt 0.324270 0.985662
vt 0.557746 0.312467
vt 0.521746 0.320646
vt 0.535764 0.343458
vt 0.200000 0.514338
vt 0.216078 0.500000
vt 0.224270 0.514338
vt 0.183922 0.500000
vt 0.175729 0.514338
vt 0.057746 0.312467
vt 0.023814 0.327010
vt 0.021746 0.300316
vt 0.200000 0.985662
vt 0.183922 1.000000
vt 0.175729 0.985662
vt 0.216078 1.000000
vt 0.224270 0.985662
vt 0.631181 0.413541
vt 0.606864 0.441318
vt 0.631613 0.451534
vt 0.100000 0.514338
vt 0.116078 0.500000
vt 0.124270 0.514338
vt 0.083922 0.500000
vt 0.075729 0.514338
vt 0.131181 0.413541
vt 0.112277 0.445251
vt 0.094914 0.424870
vt 0.100000 0.985662
vt 0.083922 1.000000
vt 0.075729 0.985662
vt 0.116078 1.000000
vt 0.124270 0.985662
vt 0.868387 0.451534
vt 0.405086 0.424870
vt 0.978254 0.199684
vt 0.478254 0.300316
vt 0.905086 0.075130
vt 0.772681 0.017370
vt 0.368387 0.048466
vt 0.631613 0.048466
vt 0.227319 0.017370
vt 0.094914 0.075130
vt 0.521746 0.300316
vt 0.021746 0.199684
vt 0.594914 0.424870
vt 0.131613 0.451534
vt 0.727319 0.482630
vt -0.000000 0.506060
vt 0.997629 0.500000
vt 0.272681 0.482630
vt 1.000000 0.993940
vt 0.002371 1.000000
vt 0.898814 0.503030
vt 0.901186 0.996970
vt 0.964236 0.343458
vt 0.798814 0.503030
vt 0.801186 0.996970
vt 0.698814 0.503030
vt 0.464236 0.156542
vt 0.701186 0.996970
vt 0.598814 0.503030
vt 0.601186 0.996970
vt 0.498814 0.503030
vt 0.501186 0.996970
vt 0.398814 0.503030
vt 0.401186 0.996970
vt 0.535764 0.156542
vt 0.298814 0.503030
vt 0.301186 0.996970
vt 0.198814 0.503030
vt 0.035764 0.343458
vt 0.201186 0.996970
vt 0.098814 0.503030
vt 0.101186 0.996970
s 0
g hero_arm_r_M_brown
usemtl M_brown
f 735/1014/959 739/1015/959 741/1016/959
f 740/1017/960 738/1018/960 736/1019/960
f 741/1020/961 740/1021/961 737/1022/961
f 742/1023/962 746/1024/962 748/1025/962
f 747/1026/963 745/1027/963 743/1028/963
f 748/1029/964 747/1030/964 744/1031/964
f 749/1032/965 753/1033/965 755/1034/965
f 754/1035/966 752/1036/966 750/1037/966
f 755/1038/967 754/1035/967 751/1039/967
f 756/1040/968 760/1041/968 762/1042/968
f 761/1043/969 759/1044/969 757/1045/969
f 762/1046/970 761/1043/970 758/1047/970
f 763/1048/971 767/1049/971 769/1050/971
f 768/1051/972 766/1052/972 764/1053/972
f 769/1054/973 768/1051/973 765/1055/973
f 770/1056/974 774/1057/974 776/1058/974
f 775/1059/975 773/1060/975 771/1061/975
f 776/1062/976 775/1059/976 772/1063/976
f 777/1064/977 781/1065/977 783/1066/977
f 782/1067/978 780/1068/978 778/1069/978
f 783/1070/979 782/1067/979 779/1071/979
f 784/1072/980 788/1073/980 790/1074/980
f 789/1075/981 787/1076/981 785/1077/981
f 790/1078/982 789/1075/982 786/1079/982
f 791/1080/983 795/1081/983 797/1082/983
f 796/1083/984 794/1084/984 792/1085/984
f 797/1086/985 796/1083/985 793/1087/985
f 798/1088/986 802/1089/986 804/1090/986
f 803/1091/987 801/1092/987 799/1093/987
f 804/1094/988 803/1091/988 800/1095/988
f 805/1096/989 809/1097/989 811/1098/989
f 810/1099/990 808/1100/990 806/1101/990
f 811/1102/991 810/1099/991 807/1103/991
f 812/1104/992 816/1105/992 818/1106/992
f 817/1107/993 815/1108/993 813/1109/993
f 818/1110/994 817/1107/994 814/1111/994
f 819/1112/995 823/1113/995 825/1114/995
f 824/1115/996 822/1116/996 820/1117/996
f 825/1118/997 824/1115/997 821/1119/997
f 826/1120/998 830/1121/998 832/1122/998
f 831/1123/999 829/1124/999 827/1125/999
f 832/1126/1000 831/1123/1000 828/1127/1000
f 833/1128/1001 837/1129/1001 839/1130/1001
f 838/1131/1002 836/1132/1002 834/1133/1002
f 839/1134/1003 838/1131/1003 835/1135/1003
f 840/1136/1004 844/1137/1004 846/1138/1004
f 845/1139/1005 843/1140/1005 841/1141/1005
f 846/1142/1006 845/1139/1006 842/1143/1006
f 847/1144/1007 851/1145/1007 853/1146/1007
f 852/1147/1008 850/1148/1008 848/1149/1008
f 853/1150/1009 852/1147/1009 849/1151/1009
f 854/1152/1010 858/1153/1010 860/1154/1010
f 859/1155/1011 857/1156/1011 855/1157/1011
f 860/1158/1012 859/1155/1012 856/1159/1012
f 861/1160/1013 865/1161/1013 867/1162/1013
f 866/1163/1014 864/1164/1014 862/1165/1014
f 867/1166/1015 866/1163/1015 863/1167/1015
f 868/1168/1016 872/1169/1016 874/1170/1016
f 873/1171/1017 871/1172/1017 869/1173/1017
f 874/1174/1018 873/1171/1018 870/1175/1018
f 750/1037/1019 741/1020/1019 737/1022/1019
f 752/1176/1020 735/1014/1020 741/1016/1020
f 743/1028/1021 762/1046/1021 758/1047/1021
f 762/1042/1022 742/1023/1022 756/1040/1022
f 744/1031/1023 740/1017/1023 736/1019/1023
f 747/1026/1024 737/1022/1024 740/1021/1024
f 751/1039/1025 761/1043/1025 757/1045/1025
f 754/1035/1026 758/1047/1026 761/1043/1026
f 764/1053/1027 755/1038/1027 751/1039/1027
f 755/1034/1028 763/1048/1028 749/1032/1028
f 772/1063/1029 759/1044/1029 776/1062/1029
f 759/1177/1030 770/1056/1030 776/1058/1030
f 765/1055/1031 775/1059/1031 771/1061/1031
f 775/1059/1032 764/1053/1032 772/1063/1032
f 778/1069/1033 769/1054/1033 765/1055/1033
f 780/1178/1034 763/1048/1034 769/1050/1034
f 771/1061/1035 790/1078/1035 786/1079/1035
f 773/1179/1036 784/1072/1036 790/1074/1036
f 779/1071/1037 789/1075/1037 785/1077/1037
f 782/1067/1038 786/1079/1038 789/1075/1038
f 792/1085/1039 783/1070/1039 779/1071/1039
f 794/1180/1040 777/1064/1040 783/1066/1040
f 800/1095/1041 787/1076/1041 804/1094/1041
f 804/1090/1042 784/1072/1042 798/1088/1042
f 793/1087/1043 803/1091/1043 799/1093/1043
f 796/1083/1044 800/1095/1044 803/1091/1044
f 806/1101/1045 797/1086/1045 793/1087/1045
f 808/1181/1046 791/1080/1046 797/1082/1046
f 799/1093/1047 818/1110/1047 814/1111/1047
f 801/1182/1048 812/1104/1048 818/1106/1048
f 807/1103/1049 817/1107/1049 813/1109/1049
f 810/1099/1050 814/1111/1050 817/1107/1050
f 820/1117/1051 811/1102/1051 807/1103/1051
f 822/1183/1052 805/1096/1052 811/1098/1052
f 813/1109/1053 832/1126/1053 828/1127/1053
f 815/1184/1054 826/1120/1054 832/1122/1054
f 821/1119/1055 831/1123/1055 827/1125/1055
f 824/1115/1056 828/1127/1056 831/1123/1056
f 821/1119/1057 836/1132/1057 825/1118/1057
f 825/1114/1058 833/1128/1058 819/1112/1058
f 827/1125/1059 846/1142/1059 842/1143/1059
f 829/1185/1060 840/1136/1060 846/1138/1060
f 835/1135/1061 845/1139/1061 841/1141/1061
f 838/1131/1062 842/1143/1062 845/1139/1062
f 848/1149/1063 839/1134/1063 835/1135/1063
f 850/1186/1064 833/1128/1064 839/1130/1064
f 841/1141/1065 860/1158/1065 856/1159/1065
f 843/1187/1066 854/1152/1066 860/1154/1066
f 849/1151/1067 859/1155/1067 855/1157/1067
f 852/1147/1068 856/1159/1068 859/1155/1068
f 849/1151/1069 864/1164/1069 853/1150/1069
f 864/1188/1070 847/1144/1070 853/1146/1070
f 855/1157/1071 874/1174/1071 870/1175/1071
f 874/1170/1072 854/1152/1072 868/1168/1072
f 863/1167/1073 873/1171/1073 869/1173/1073
f 866/1163/1074 870/1175/1074 873/1171/1074
f 736/1019/1075 867/1166/1075 863/1167/1075
f 867/1162/1076 735/1014/1076 861/1160/1076
f 869/1173/1077 748/1029/1077 744/1031/1077
f 871/1189/1078 742/1023/1078 748/1025/1078
f 777/1064/1079 833/1128/1079 861/1160/1079
f 743/1028/1080 750/1037/1080 737/1022/1080
f 869/1173/1081 736/1019/1081 863/1167/1081
f 854/1152/1082 798/1088/1082 770/1056/1082
f 757/1045/1083 764/1053/1083 751/1039/1083
f 771/1061/1084 778/1069/1084 765/1055/1084
f 785/1077/1085 792/1085/1085 779/1071/1085
f 799/1093/1086 806/1101/1086 793/1087/1086
f 813/1109/1087 820/1117/1087 807/1103/1087
f 821/1119/1088 842/1143/1088 834/1133/1088
f 841/1141/1089 848/1149/1089 835/1135/1089
f 855/1157/1090 862/1165/1090 849/1151/1090
f 735/1014/1091 738/1190/1091 739/1015/1091
f 740/1017/1092 739/1191/1092 738/1018/1092
f 741/1020/1093 739/1192/1093 740/1021/1093
f 742/1023/1094 745/1193/1094 746/1024/1094
f 747/1026/1095 746/1194/1095 745/1027/1095
f 748/1029/1096 746/1195/1096 747/1030/1096
f 749/1032/1097 752/1176/1097 753/1033/1097
f 754/1035/1098 753/1196/1098 752/1036/1098
f 755/1038/1099 753/1196/1099 754/1035/1099
f 756/1040/1100 759/1177/1100 760/1041/1100
f 761/1043/1101 760/1197/1101 759/1044/1101
f 762/1046/1102 760/1197/1102 761/1043/1102
f 763/1048/1103 766/1198/1103 767/1049/1103
f 768/1051/1104 767/1199/1104 766/1052/1104
f 769/1054/1105 767/1199/1105 768/1051/1105
f 770/1056/1106 773/1179/1106 774/1057/1106
f 775/1059/1107 774/1200/1107 773/1060/1107
f 776/1062/1108 774/1200/1108 775/1059/1108
f 777/1064/1109 780/1178/1109 781/1065/1109
f 782/1067/1110 781/1201/1110 780/1068/1110
f 783/1070/1111 781/1201/1111 782/1067/1111
f 784/1072/1112 787/1202/1112 788/1073/1112
f 789/1075/1113 788/1203/1113 787/1076/1113
f 790/1078/1114 788/1203/1114 789/1075/1114
f 791/1080/1115 794/1180/1115 795/1081/1115
f 796/1083/1116 795/1204/1116 794/1084/1116
f 797/1086/1117 795/1204/1117 796/1083/1117
f 798/1088/1118 801/1182/1118 802/1089/1118
f 803/1091/1119 802/1205/1119 801/1092/1119
f 804/1094/1120 802/1205/1120 803/1091/1120
f 805/1096/1121 808/1181/1121 809/1097/1121
f 810/1099/1122 809/1206/1122 808/1100/1122
f 811/1102/1123 809/1206/1123 810/1099/1123
f 812/1104/1124 815/1184/1124 816/1105/1124
f 817/1107/1125 816/1207/1125 815/1108/1125
f 818/1110/1126 816/1207/1126 817/1107/1126
f 819/1112/1127 822/1183/1127 823/1113/1127
f 824/1115/1128 823/1208/1128 822/1116/1128
f 825/1118/1129 823/1208/1129 824/1115/1129
f 826/1120/1130 829/1185/1130 830/1121/1130
f 831/1123/1131 830/1209/1131 829/1124/1131
f 832/1126/1132 830/1209/1132 831/1123/1132
f 833/1128/1133 836/1210/1133 837/1129/1133
f 838/1131/1134 837/1211/1134 836/1132/1134
f 839/1134/1135 837/1211/1135 838/1131/1135
f 840/1136/1136 843/1187/1136 844/1137/1136
f 845/1139/1137 844/1212/1137 843/1140/1137
f 846/1142/1138 844/1212/1138 845/1139/1138
f 847/1144/1139 850/1186/1139 851/1145/1139
f 852/1147/1140 851/1213/1140 850/1148/1140
f 853/1150/1141 851/1213/1141 852/1147/1141
f 854/1152/1142 857/1214/1142 858/1153/1142
f 859/1155/1143 858/1215/1143 857/1156/1143
f 860/1158/1144 858/1215/1144 859/1155/1144
f 861/1160/1145 864/1188/1145 865/1161/1145
f 866/1163/1146 865/1216/1146 864/1164/1146
f 867/1166/1147 865/1216/1147 866/1163/1147
f 868/1168/1148 871/1189/1148 872/1169/1148
f 873/1171/1149 872/1217/1149 871/1172/1149
f 874/1174/1150 872/1217/1150 873/1171/1150
f 750/1037/1019 752/1036/1019 741/1020/1019
f 752/1176/1020 749/1032/1020 735/1014/1020
f 743/1028/1021 745/1027/1021 762/1046/1021
f 762/1042/1022 745/1193/1022 742/1023/1022
f 744/1031/1023 747/1030/1023 740/1017/1023
f 747/1026/1024 743/1028/1024 737/1022/1024
f 751/1039/1025 754/1035/1025 761/1043/1025
f 754/1035/1026 750/1037/1026 758/1047/1026
f 764/1053/1027 766/1052/1027 755/1038/1027
f 755/1034/1028 766/1198/1028 763/1048/1028
f 772/1063/1029 757/1045/1029 759/1044/1029
f 759/1177/1030 756/1040/1030 770/1056/1030
f 765/1055/1031 768/1051/1031 775/1059/1031
f 775/1059/1032 768/1051/1032 764/1053/1032
f 778/1069/1033 780/1068/1033 769/1054/1033
f 780/1178/1034 777/1064/1034 763/1048/1034
f 771/1061/1035 773/1060/1035 790/1078/1035
f 773/1179/1036 770/1056/1036 784/1072/1036
f 779/1071/1037 782/1067/1037 789/1075/1037
f 782/1067/1038 778/1069/1038 786/1079/1038
f 792/1085/1039 794/1084/1039 783/1070/1039
f 794/1180/1040 791/1080/1040 777/1064/1040
f 800/1095/1041 785/1077/1041 787/1076/1041
f 804/1090/1042 787/1202/1042 784/1072/1042
f 793/1087/1043 796/1083/1043 803/1091/1043
f 796/1083/1044 792/1085/1044 800/1095/1044
f 806/1101/1045 808/1100/1045 797/1086/1045
f 808/1181/1046 805/1096/1046 791/1080/1046
f 799/1093/1047 801/1092/1047 818/1110/1047
f 801/1182/1048 798/1088/1048 812/1104/1048
f 807/1103/1049 810/1099/1049 817/1107/1049
f 810/1099/1050 806/1101/1050 814/1111/1050
f 820/1117/1051 822/1116/1051 811/1102/1051
f 822/1183/1052 819/1112/1052 805/1096/1052
f 813/1109/1053 815/1108/1053 832/1126/1053
f 815/1184/1054 812/1104/1054 826/1120/1054
f 821/1119/1055 824/1115/1055 831/1123/1055
f 824/1115/1056 820/1117/1056 828/1127/1056
f 821/1119/1057 834/1133/1057 836/1132/1057
f 825/1114/1058 836/1210/1058 833/1128/1058
f 827/1125/1059 829/1124/1059 846/1142/1059
f 829/1185/1060 826/1120/1060 840/1136/1060
f 835/1135/1061 838/1131/1061 845/1139/1061
f 838/1131/1062 834/1133/1062 842/1143/1062
f 848/1149/1063 850/1148/1063 839/1134/1063
f 850/1186/1064 847/1144/1064 833/1128/1064
f 841/1141/1065 843/1140/1065 860/1158/1065
f 843/1187/1066 840/1136/1066 854/1152/1066
f 849/1151/1067 852/1147/1067 859/1155/1067
f 852/1147/1068 848/1149/1068 856/1159/1068
f 849/1151/1069 862/1165/1069 864/1164/1069
f 864/1188/1070 861/1160/1070 847/1144/1070
f 855/1157/1071 857/1156/1071 874/1174/1071
f 874/1170/1072 857/1214/1072 854/1152/1072
f 863/1167/1073 866/1163/1073 873/1171/1073
f 866/1163/1074 862/1165/1074 870/1175/1074
f 736/1019/1075 738/1018/1075 867/1166/1075
f 867/1162/1076 738/1190/1076 735/1014/1076
f 869/1173/1077 871/1172/1077 748/1029/1077
f 871/1189/1078 868/1168/1078 742/1023/1078
f 861/1160/1079 735/1014/1079 749/1032/1079
f 749/1032/1079 763/1048/1079 777/1064/1079
f 777/1064/1079 791/1080/1079 805/1096/1079
f 805/1096/1079 819/1112/1079 833/1128/1079
f 833/1128/1151 847/1144/1151 861/1160/1151
f 861/1160/1079 749/1032/1079 777/1064/1079
f 777/1064/1079 805/1096/1079 833/1128/1079
f 743/1028/1080 758/1047/1080 750/1037/1080
f 869/1173/1081 744/1031/1081 736/1019/1081
f 770/1056/1082 756/1040/1082 742/1023/1082
f 742/1023/1082 868/1168/1082 854/1152/1082
f 854/1152/1082 840/1136/1082 826/1120/1082
f 826/1120/1082 812/1104/1082 798/1088/1082
f 798/1088/1152 784/1072/1152 770/1056/1152
f 770/1056/1082 742/1023/1082 854/1152/1082
f 854/1152/1082 826/1120/1082 798/1088/1082
f 757/1045/1083 772/1063/1083 764/1053/1083
f 771/1061/1084 786/1079/1084 778/1069/1084
f 785/1077/1085 800/1095/1085 792/1085/1085
f 799/1093/1086 814/1111/1086 806/1101/1086
f 813/1109/1087 828/1127/1087 820/1117/1087
f 821/1119/1088 827/1125/1088 842/1143/1088
f 841/1141/1089 856/1159/1089 848/1149/1089
f 855/1157/1090 870/1175/1090 862/1165/1090
g hero_belt_Cube.062
v 0.220500 0.372500 -0.111500
v 0.220500 0.386000 -0.125000
v 0.234000 0.386000 -0.111500
v 0.220500 0.376454 -0.121046
v 0.228294 0.378206 -0.119294
v 0.230046 0.386000 -0.121046
v 0.230046 0.376454 -0.111500
v 0.220500 0.434000 -0.125000
v 0.220500 0.447500 -0.111500
v 0.234000 0.434000 -0.111500
v 0.220500 0.443546 -0.121046
v 0.228294 0.441794 -0.119294
v 0.230046 0.443546 -0.111500
v 0.230046 0.434000 -0.121046
v 0.220500 0.372500 0.111500
v 0.234000 0.386000 0.111500
v 0.220500 0.386000 0.125000
v 0.230046 0.376454 0.111500
v 0.228294 0.378206 0.119294
v 0.230046 0.386000 0.121046
v 0.220500 0.376454 0.121046
v 0.220500 0.447500 0.111500
v 0.220500 0.434000 0.125000
v 0.234000 0.434000 0.111500
v 0.220500 0.443546 0.121046
v 0.228294 0.441794 0.119294
v 0.230046 0.434000 0.121046
v 0.230046 0.443546 0.111500
v -0.220500 0.372500 -0.111500
v -0.234000 0.386000 -0.111500
v -0.220500 0.386000 -0.125000
v -0.230046 0.376454 -0.111500
v -0.228294 0.378206 -0.119294
v -0.230046 0.386000 -0.121046
v -0.220500 0.376454 -0.121046
v -0.220500 0.447500 -0.111500
v -0.220500 0.434000 -0.125000
v -0.234000 0.434000 -0.111500
v -0.220500 0.443546 -0.121046
v -0.228294 0.441794 -0.119294
v -0.230046 0.434000 -0.121046
v -0.230046 0.443546 -0.111500
v -0.220500 0.372500 0.111500
v -0.220500 0.386000 0.125000
v -0.234000 0.386000 0.111500
v -0.220500 0.376454 0.121046
v -0.228294 0.378206 0.119294
v -0.230046 0.386000 0.121046
v -0.230046 0.376454 0.111500
v -0.220500 0.447500 0.111500
v -0.234000 0.434000 0.111500
v -0.220500 0.434000 0.125000
v -0.230046 0.443546 0.111500
v -0.228294 0.441794 0.119294
v -0.230046 0.434000 0.121046
v -0.220500 0.443546 0.121046
vn 0.3672 -0.8865 -0.2817
vn 0.2817 -0.3672 -0.8865
vn 0.8865 -0.2817 -0.3672
vn 0.3672 0.2817 -0.8865
vn 0.2817 0.8865 -0.3672
vn 0.8865 0.3672 -0.2817
vn 0.2817 -0.8865 0.3672
vn 0.8865 -0.3672 0.2817
vn 0.3672 -0.2817 0.8865
vn 0.3672 0.8865 0.2817
vn 0.2817 0.3672 0.8865
vn 0.8865 0.2817 0.3672
vn -0.2817 -0.8865 -0.3672
vn -0.8865 -0.3672 -0.2817
vn -0.3672 -0.2817 -0.8865
vn -0.3672 0.8865 -0.2817
vn -0.2817 0.3672 -0.8865
vn -0.8865 0.2817 -0.3672
vn -0.3672 -0.8865 0.2817
vn -0.2817 -0.3672 0.8865
vn -0.8865 -0.2817 0.3672
vn -0.2817 0.8865 0.3672
vn -0.8865 0.3672 0.2817
vn -0.3672 0.2817 0.8865
vn 0.3827 -0.9239 -0.0000
vn 0.9239 -0.3827 -0.0000
vn 0.3827 -0.0000 -0.9239
vn 0.9239 -0.0000 -0.3827
vn 0.3827 0.9239 -0.0000
vn 0.9239 0.3827 -0.0000
vn 0.3827 -0.0000 0.9239
vn 0.9239 -0.0000 0.3827
vn -0.0000 -0.9239 0.3827
vn -0.0000 -0.3827 0.9239
vn -0.0000 0.9239 0.3827
vn -0.0000 0.3827 0.9239
vn -0.9239 -0.0000 0.3827
vn -0.3827 -0.0000 0.9239
vn -0.3827 -0.9239 -0.0000
vn -0.9239 -0.3827 -0.0000
vn -0.3827 0.9239 -0.0000
vn -0.9239 0.3827 -0.0000
vn -0.3827 -0.0000 -0.9239
vn -0.9239 -0.0000 -0.3827
vn -0.0000 -0.9239 -0.3827
vn -0.0000 -0.3827 -0.9239
vn -0.0000 0.9239 -0.3827
vn -0.0000 0.3827 -0.9239
vn -0.0000 -1.0000 -0.0000
vn 1.0000 -0.0000 -0.0000
vn -0.0000 -0.0000 -1.0000
vn -0.0000 1.0000 -0.0000
vn -0.0000 -0.0000 1.0000
vn -1.0000 -0.0000 -0.0000
vn 0.2817 -0.8865 -0.3672
vn 0.3672 -0.2817 -0.8865
vn 0.8865 -0.3672 -0.2817
vn 0.2817 0.3672 -0.8865
vn 0.3672 0.8865 -0.2817
vn 0.8865 0.2817 -0.3672
vn 0.3672 -0.8865 0.2817
vn 0.8865 -0.2817 0.3672
vn 0.2817 -0.3672 0.8865
vn 0.2817 0.8865 0.3672
vn 0.3672 0.2817 0.8865
vn 0.8865 0.3672 0.2817
vn -0.3672 -0.8865 -0.2817
vn -0.8865 -0.2817 -0.3672
vn -0.2817 -0.3672 -0.8865
vn -0.2817 0.8865 -0.3672
vn -0.3672 0.2817 -0.8865
vn -0.8865 0.3672 -0.2817
vn -0.2817 -0.8865 0.3672
vn -0.3672 -0.2817 0.8865
vn -0.8865 -0.3672 0.2817
vn -0.3672 0.8865 0.2817
vn -0.8865 0.2817 0.3672
vn -0.2817 0.3672 0.8865
vt 0.132212 0.736500
vt 0.128048 0.750000
vt 0.125000 0.736500
vt 0.420000 0.992788
vt 0.394019 1.000000
vt 0.375000 0.992788
vt 0.420000 0.013500
vt 0.375000 0.005706
vt 0.420000 0.000000
vt 0.580000 0.992788
vt 0.625000 0.996952
vt 0.580000 1.000000
vt 0.867788 0.736500
vt 0.875000 0.744294
vt 0.867788 0.750000
vt 0.580000 0.013500
vt 0.605981 0.000000
vt 0.625000 0.013500
vt 0.132212 0.513500
vt 0.125000 0.505706
vt 0.132212 0.500000
vt 0.420000 0.236500
vt 0.384510 0.251524
vt 0.375000 0.236500
vt 0.420000 0.257212
vt 0.420000 0.250000
vt 0.867788 0.513500
vt 0.871952 0.500000
vt 0.875000 0.513500
vt 0.580000 0.257212
vt 0.615490 0.247147
vt 0.625000 0.257212
vt 0.580000 0.236500
vt 0.580000 0.250000
vt 0.367788 0.736500
vt 0.381340 0.749114
vt 0.371394 0.753606
vt 0.420000 0.736500
vt 0.375000 0.736500
vt 0.420000 0.757212
vt 0.420000 0.750000
vt 0.632212 0.736500
vt 0.619676 0.748098
vt 0.625000 0.736500
vt 0.580000 0.757212
vt 0.628606 0.753606
vt 0.580000 0.736500
vt 0.580000 0.750000
vt 0.367788 0.513500
vt 0.380324 0.501902
vt 0.375000 0.513500
vt 0.420000 0.492788
vt 0.371394 0.496394
vt 0.420000 0.513500
vt 0.420000 0.500000
vt 0.632212 0.513500
vt 0.618660 0.500886
vt 0.628606 0.496394
vt 0.580000 0.513500
vt 0.625000 0.513500
vt 0.580000 0.492788
vt 0.580000 0.500000
vt 0.125000 0.513500
vt 0.375000 0.013500
vt 0.420000 1.000000
vt 0.580000 0.000000
vt 0.875000 0.736500
vt 0.625000 0.236500
vt 0.375000 0.257212
vt 0.867788 0.500000
vt 0.132212 0.750000
vt 0.625000 0.992788
s 0
g hero_belt_M_cream
usemtl M_cream
f 875/1218/1153 879/1219/1153 881/1220/1153
f 876/1221/1154 879/1222/1154 878/1223/1154
f 877/1224/1155 879/1225/1155 880/1226/1155
f 882/1227/1156 886/1228/1156 888/1229/1156
f 883/1230/1157 886/1231/1157 885/1232/1157
f 884/1233/1158 886/1234/1158 887/1235/1158
f 889/1236/1159 893/1237/1159 895/1238/1159
f 890/1239/1160 893/1240/1160 892/1241/1160
f 891/1242/1161 893/1240/1161 894/1243/1161
f 896/1244/1162 900/1245/1162 902/1246/1162
f 897/1247/1163 900/1248/1163 899/1249/1163
f 898/1250/1164 900/1248/1164 901/1251/1164
f 903/1252/1165 907/1253/1165 909/1254/1165
f 904/1255/1166 907/1253/1166 906/1256/1166
f 905/1257/1167 907/1253/1167 908/1258/1167
f 910/1259/1168 914/1260/1168 916/1261/1168
f 911/1262/1169 914/1260/1169 913/1263/1169
f 912/1264/1170 914/1260/1170 915/1265/1170
f 917/1266/1171 921/1267/1171 923/1268/1171
f 918/1269/1172 921/1267/1172 920/1270/1172
f 919/1271/1173 921/1267/1173 922/1272/1173
f 924/1273/1174 928/1274/1174 930/1275/1174
f 925/1276/1175 928/1274/1175 927/1277/1175
f 926/1278/1176 928/1274/1176 929/1279/1176
f 875/1218/1177 892/1280/1177 889/1236/1177
f 881/1281/1178 890/1239/1178 892/1241/1178
f 882/1227/1179 880/1282/1179 876/1221/1179
f 888/1283/1180 877/1224/1180 880/1226/1180
f 896/1244/1181 887/1284/1181 883/1230/1181
f 902/1285/1182 884/1233/1182 887/1235/1182
f 891/1242/1183 901/1251/1183 897/1247/1183
f 894/1243/1184 898/1250/1184 901/1251/1184
f 889/1236/1185 920/1270/1185 917/1266/1185
f 895/1286/1186 918/1269/1186 920/1270/1186
f 924/1273/1187 899/1287/1187 896/1244/1187
f 930/1275/1188 897/1247/1188 899/1249/1188
f 919/1271/1189 929/1279/1189 925/1276/1189
f 922/1272/1190 926/1278/1190 929/1279/1190
f 917/1266/1191 906/1256/1191 903/1252/1191
f 923/1268/1192 904/1255/1192 906/1256/1192
f 910/1259/1193 927/1277/1193 924/1273/1193
f 916/1261/1194 925/1276/1194 927/1277/1194
f 905/1257/1195 915/1265/1195 911/1262/1195
f 908/1258/1196 912/1264/1196 915/1265/1196
f 903/1252/1197 878/1288/1197 875/1218/1197
f 909/1254/1198 876/1221/1198 878/1223/1198
f 883/1230/1199 913/1263/1199 910/1259/1199
f 885/1289/1200 911/1262/1200 913/1263/1200
f 917/1266/1201 875/1218/1201 889/1236/1201
f 884/1233/1202 890/1239/1202 877/1224/1202
f 911/1262/1203 876/1221/1203 905/1257/1203
f 896/1244/1204 910/1259/1204 924/1273/1204
f 897/1247/1205 918/1269/1205 891/1242/1205
f 925/1276/1206 904/1255/1206 919/1271/1206
f 875/1218/1207 878/1288/1207 879/1219/1207
f 876/1221/1208 880/1282/1208 879/1222/1208
f 877/1224/1209 881/1281/1209 879/1225/1209
f 882/1227/1210 885/1289/1210 886/1228/1210
f 883/1230/1211 887/1284/1211 886/1231/1211
f 884/1233/1212 888/1283/1212 886/1234/1212
f 889/1236/1213 892/1280/1213 893/1237/1213
f 890/1239/1214 894/1243/1214 893/1240/1214
f 891/1242/1215 895/1286/1215 893/1240/1215
f 896/1244/1216 899/1287/1216 900/1245/1216
f 897/1247/1217 901/1251/1217 900/1248/1217
f 898/1250/1218 902/1285/1218 900/1248/1218
f 903/1252/1219 906/1256/1219 907/1253/1219
f 904/1255/1220 908/1258/1220 907/1253/1220
f 905/1257/1221 909/1254/1221 907/1253/1221
f 910/1259/1222 913/1263/1222 914/1260/1222
f 911/1262/1223 915/1265/1223 914/1260/1223
f 912/1264/1224 916/1261/1224 914/1260/1224
f 917/1266/1225 920/1270/1225 921/1267/1225
f 918/1269/1226 922/1272/1226 921/1267/1226
f 919/1271/1227 923/1268/1227 921/1267/1227
f 924/1273/1228 927/1277/1228 928/1274/1228
f 925/1276/1229 929/1279/1229 928/1274/1229
f 926/1278/1230 930/1275/1230 928/1274/1230
f 875/1218/1177 881/1220/1177 892/1280/1177
f 881/1281/1178 877/1224/1178 890/1239/1178
f 882/1227/1179 888/1229/1179 880/1282/1179
f 888/1283/1180 884/1233/1180 877/1224/1180
f 896/1244/1181 902/1246/1181 887/1284/1181
f 902/1285/1182 898/1250/1182 884/1233/1182
f 891/1242/1183 894/1243/1183 901/1251/1183
f 894/1243/1184 890/1239/1184 898/1250/1184
f 889/1236/1185 895/1238/1185 920/1270/1185
f 895/1286/1186 891/1242/1186 918/1269/1186
f 924/1273/1187 930/1275/1187 899/1287/1187
f 930/1275/1188 926/1278/1188 897/1247/1188
f 919/1271/1189 922/1272/1189 929/1279/1189
f 922/1272/1190 918/1269/1190 926/1278/1190
f 917/1266/1191 923/1268/1191 906/1256/1191
f 923/1268/1192 919/1271/1192 904/1255/1192
f 910/1259/1193 916/1261/1193 927/1277/1193
f 916/1261/1194 912/1264/1194 925/1276/1194
f 905/1257/1195 908/1258/1195 915/1265/1195
f 908/1258/1196 904/1255/1196 912/1264/1196
f 903/1252/1197 909/1254/1197 878/1288/1197
f 909/1254/1198 905/1257/1198 876/1221/1198
f 883/1230/1199 885/1232/1199 913/1263/1199
f 885/1289/1200 882/1227/1200 911/1262/1200
f 917/1266/1201 903/1252/1201 875/1218/1201
f 884/1233/1202 898/1250/1202 890/1239/1202
f 911/1262/1203 882/1227/1203 876/1221/1203
f 896/1244/1204 883/1230/1204 910/1259/1204
f 897/1247/1205 926/1278/1205 918/1269/1205
f 925/1276/1206 912/1264/1206 904/1255/1206
g hero_cape_Cone.009
v 0.000000 0.220000 0.410000
v 0.000000 0.740000 0.320000
v -0.135000 0.220000 0.373827
v -0.090000 0.740000 0.295885
v -0.233827 0.220000 0.275000
v -0.155885 0.740000 0.230000
v -0.270000 0.220000 0.140000
v -0.180000 0.740000 0.140000
v -0.233827 0.220000 0.005000
v -0.155885 0.740000 0.050000
v -0.135000 0.220000 -0.093827
v -0.090000 0.740000 -0.015885
v 0.000000 0.220000 -0.130000
v 0.000000 0.740000 -0.040000
v 0.135000 0.220000 -0.093827
v 0.090000 0.740000 -0.015885
v 0.233827 0.220000 0.005000
v 0.155885 0.740000 0.050000
v 0.270000 0.220000 0.140000
v 0.180000 0.740000 0.140000
v 0.233827 0.220000 0.275000
v 0.155885 0.740000 0.230000
v 0.135000 0.220000 0.373827
v 0.090000 0.740000 0.295885
vn -0.2553 0.1649 0.9527
vn -0.6974 0.1649 0.6974
vn -0.9527 0.1649 0.2553
vn -0.9527 0.1649 -0.2553
vn -0.6974 0.1649 -0.6974
vn -0.2553 0.1649 -0.9527
vn 0.2553 0.1649 -0.9527
vn 0.6974 0.1649 -0.6974
vn 0.9527 0.1649 -0.2553
vn 0.9527 0.1649 0.2553
vn -0.0000 1.0000 -0.0000
vn 0.6974 0.1649 0.6974
vn 0.2553 0.1649 0.9527
vn -0.0000 -1.0000 -0.0000
vt 1.000000 1.000000
vt 0.916667 0.500000
vt 1.000000 0.500000
vt 0.916667 1.000000
vt 0.833333 0.500000
vt 0.833333 1.000000
vt 0.750000 0.500000
vt 0.750000 1.000000
vt 0.666667 0.500000
vt 0.666667 1.000000
vt 0.583333 0.500000
vt 0.583333 1.000000
vt 0.500000 0.500000
vt 0.500000 1.000000
vt 0.416667 0.500000
vt 0.416667 1.000000
vt 0.333333 0.500000
vt 0.333333 1.000000
vt 0.250000 0.500000
vt 0.250000 1.000000
vt 0.166667 0.500000
vt 0.042154 0.370000
vt 0.250000 0.010000
vt 0.457846 0.370000
vt 0.166667 1.000000
vt 0.083333 0.500000
vt 0.083333 1.000000
vt 0.000000 0.500000
vt 0.990000 0.250000
vt 0.630000 0.042154
vt 0.630000 0.457846
vt 0.370000 0.457846
vt 0.250000 0.490000
vt 0.130000 0.457846
vt 0.010000 0.250000
vt 0.042154 0.130000
vt 0.130000 0.042154
vt 0.370000 0.042154
vt 0.457846 0.130000
vt 0.490000 0.250000
vt 0.000000 1.000000
vt 0.750000 0.490000
vt 0.870000 0.457846
vt 0.957846 0.370000
vt 0.957846 0.130000
vt 0.870000 0.042154
vt 0.750000 0.010000
vt 0.542154 0.130000
vt 0.510000 0.250000
vt 0.542154 0.370000
s 0
g hero_cape_M_red
usemtl M_red
f 932/1290/1231 933/1291/1231 931/1292/1231
f 934/1293/1232 935/1294/1232 933/1291/1232
f 936/1295/1233 937/1296/1233 935/1294/1233
f 938/1297/1234 939/1298/1234 937/1296/1234
f 940/1299/1235 941/1300/1235 939/1298/1235
f 942/1301/1236 943/1302/1236 941/1300/1236
f 944/1303/1237 945/1304/1237 943/1302/1237
f 946/1305/1238 947/1306/1238 945/1304/1238
f 948/1307/1239 949/1308/1239 947/1306/1239
f 950/1309/1240 951/1310/1240 949/1308/1240
f 952/1311/1241 944/1312/1241 936/1313/1241
f 952/1314/1242 953/1315/1242 951/1310/1242
f 954/1316/1243 931/1317/1243 953/1315/1243
f 937/1318/1244 945/1319/1244 953/1320/1244
f 932/1290/1231 934/1293/1231 933/1291/1231
f 934/1293/1232 936/1295/1232 935/1294/1232
f 936/1295/1233 938/1297/1233 937/1296/1233
f 938/1297/1234 940/1299/1234 939/1298/1234
f 940/1299/1235 942/1301/1235 941/1300/1235
f 942/1301/1236 944/1303/1236 943/1302/1236
f 944/1303/1237 946/1305/1237 945/1304/1237
f 946/1305/1238 948/1307/1238 947/1306/1238
f 948/1307/1239 950/1309/1239 949/1308/1239
f 950/1309/1240 952/1314/1240 951/1310/1240
f 936/1313/1241 934/1321/1241 932/1322/1241
f 932/1322/1241 954/1323/1241 952/1311/1241
f 952/1311/1241 950/1324/1241 948/1325/1241
f 948/1325/1241 946/1326/1241 944/1312/1241
f 944/1312/1241 942/1327/1241 940/1328/1241
f 940/1328/1241 938/1329/1241 936/1313/1241
f 936/1313/1241 932/1322/1241 952/1311/1241
f 952/1311/1241 948/1325/1241 944/1312/1241
f 944/1312/1241 940/1328/1241 936/1313/1241
f 952/1314/1242 954/1316/1242 953/1315/1242
f 954/1316/1243 932/1330/1243 931/1317/1243
f 953/1320/1244 931/1331/1244 933/1332/1244
f 933/1332/1244 935/1333/1244 937/1318/1244
f 937/1318/1244 939/1334/1244 941/1335/1244
f 941/1335/1244 943/1336/1244 945/1319/1244
f 945/1319/1244 947/1337/1244 949/1338/1244
f 949/1338/1244 951/1339/1244 953/1320/1244
f 953/1320/1244 933/1332/1244 937/1318/1244
f 937/1318/1244 941/1335/1244 945/1319/1244
f 945/1319/1244 949/1338/1244 953/1320/1244
g hero_sword_Cube.063
v -0.374762 0.151501 -0.047600
v -0.373043 0.161251 -0.057500
v -0.363293 0.159532 -0.047600
v -0.374258 0.154357 -0.054600
v -0.368406 0.154630 -0.053316
v -0.366149 0.160035 -0.054600
v -0.367364 0.153141 -0.047600
v -0.272292 0.732637 -0.057500
v -0.270573 0.742386 -0.047600
v -0.262542 0.730917 -0.047600
v -0.271076 0.739531 -0.054600
v -0.265671 0.737273 -0.053316
v -0.264182 0.738315 -0.047600
v -0.265398 0.731421 -0.054600
v -0.374762 0.151501 -0.012400
v -0.363293 0.159532 -0.012400
v -0.373043 0.161251 -0.002500
v -0.367364 0.153141 -0.012400
v -0.368406 0.154630 -0.006684
v -0.366149 0.160035 -0.005400
v -0.374258 0.154357 -0.005400
v -0.270573 0.742386 -0.012400
v -0.272292 0.732637 -0.002500
v -0.262542 0.730917 -0.012400
v -0.271076 0.739531 -0.005400
v -0.265671 0.737273 -0.006684
v -0.265398 0.731421 -0.005400
v -0.264182 0.738315 -0.012400
v -0.409427 0.157614 -0.047600
v -0.417458 0.169083 -0.047600
v -0.407708 0.167363 -0.057500
v -0.415818 0.161685 -0.047600
v -0.414329 0.162727 -0.053316
v -0.414602 0.168579 -0.054600
v -0.408924 0.160469 -0.054600
v -0.305238 0.748499 -0.047600
v -0.306957 0.738749 -0.057500
v -0.316707 0.740468 -0.047600
v -0.305742 0.745643 -0.054600
v -0.311594 0.745370 -0.053316
v -0.313851 0.739964 -0.054600
v -0.312636 0.746859 -0.047600
v -0.409427 0.157614 -0.012400
v -0.407708 0.167363 -0.002500
v -0.417458 0.169083 -0.012400
v -0.408924 0.160469 -0.005400
v -0.414329 0.162727 -0.006684
v -0.414602 0.168579 -0.005400
v -0.415818 0.161685 -0.012400
v -0.305238 0.748499 -0.012400
v -0.316707 0.740468 -0.012400
v -0.306957 0.738749 -0.002500
v -0.312636 0.746859 -0.012400
v -0.311594 0.745370 -0.006684
v -0.313851 0.739964 -0.005400
v -0.305742 0.745643 -0.005400
vn 0.2077 -0.9367 -0.2817
vn 0.2137 -0.4105 -0.8865
vn 0.8241 -0.4314 -0.3672
vn 0.4105 0.2137 -0.8865
vn 0.4314 0.8241 -0.3672
vn 0.9367 0.2077 -0.2817
vn 0.1235 -0.9219 0.3672
vn 0.8092 -0.5155 0.2817
vn 0.3127 -0.3412 0.8865
vn 0.5155 0.8092 0.2817
vn 0.3412 0.3127 0.8865
vn 0.9219 0.1235 0.3672
vn -0.4314 -0.8241 -0.3672
vn -0.9367 -0.2077 -0.2817
vn -0.4105 -0.2137 -0.8865
vn -0.2077 0.9367 -0.2817
vn -0.2137 0.4105 -0.8865
vn -0.8241 0.4314 -0.3672
vn -0.5155 -0.8092 0.2817
vn -0.3412 -0.3127 0.8865
vn -0.9219 -0.1235 0.3672
vn -0.1235 0.9219 0.3672
vn -0.8092 0.5155 0.2817
vn -0.3127 0.3412 0.8865
vn 0.2164 -0.9763 -0.0000
vn 0.8434 -0.5373 -0.0000
vn 0.3769 -0.0665 -0.9239
vn 0.9098 -0.1604 -0.3827
vn 0.5373 0.8434 -0.0000
vn 0.9763 0.2164 -0.0000
vn 0.3769 -0.0665 0.9239
vn 0.9098 -0.1604 0.3827
vn -0.1604 -0.9098 0.3827
vn -0.0665 -0.3769 0.9239
vn 0.1604 0.9098 0.3827
vn 0.0665 0.3769 0.9239
vn -0.9098 0.1604 0.3827
vn -0.3769 0.0665 0.9239
vn -0.5373 -0.8434 -0.0000
vn -0.9763 -0.2164 -0.0000
vn -0.2164 0.9763 -0.0000
vn -0.8434 0.5373 -0.0000
vn -0.3769 0.0665 -0.9239
vn -0.9098 0.1604 -0.3827
vn -0.1604 -0.9098 -0.3827
vn -0.0665 -0.3769 -0.9239
vn 0.1604 0.9098 -0.3827
vn 0.0665 0.3769 -0.9239
vn -0.1736 -0.9848 -0.0000
vn 0.9848 -0.1736 -0.0000
vn -0.0000 -0.0000 -1.0000
vn 0.1736 0.9848 -0.0000
vn -0.0000 -0.0000 1.0000
vn -0.9848 0.1736 -0.0000
vn 0.1235 -0.9219 -0.3672
vn 0.3127 -0.3412 -0.8865
vn 0.8092 -0.5155 -0.2817
vn 0.3412 0.3127 -0.8865
vn 0.5155 0.8092 -0.2817
vn 0.9219 0.1235 -0.3672
vn 0.2077 -0.9367 0.2817
vn 0.8241 -0.4314 0.3672
vn 0.2137 -0.4105 0.8865
vn 0.4314 0.8241 0.3672
vn 0.4105 0.2137 0.8865
vn 0.9367 0.2077 0.2817
vn -0.5155 -0.8092 -0.2817
vn -0.9219 -0.1235 -0.3672
vn -0.3412 -0.3127 -0.8865
vn -0.1235 0.9219 -0.3672
vn -0.3127 0.3412 -0.8865
vn -0.8092 0.5155 -0.2817
vn -0.4314 -0.8241 0.3672
vn -0.4105 -0.2137 0.8865
vn -0.9367 -0.2077 0.2817
vn -0.2077 0.9367 0.2817
vn -0.8241 0.4314 0.3672
vn -0.2137 0.4105 0.8865
vt 0.170000 0.705000
vt 0.144019 0.750000
vt 0.125000 0.705000
vt 0.379125 0.955000
vt 0.376743 1.000000
vt 0.375000 0.955000
vt 0.379125 0.045000
vt 0.375000 0.019019
vt 0.379125 0.000000
vt 0.620875 0.955000
vt 0.625000 0.980981
vt 0.620875 1.000000
vt 0.830000 0.705000
vt 0.875000 0.730981
vt 0.830000 0.750000
vt 0.620875 0.045000
vt 0.623257 0.000000
vt 0.625000 0.045000
vt 0.170000 0.545000
vt 0.125000 0.519019
vt 0.170000 0.500000
vt 0.379125 0.205000
vt 0.375872 0.259510
vt 0.375000 0.205000
vt 0.379125 0.295000
vt 0.379125 0.250000
vt 0.830000 0.545000
vt 0.855981 0.500000
vt 0.875000 0.545000
vt 0.620875 0.295000
vt 0.624128 0.240490
vt 0.625000 0.295000
vt 0.620875 0.205000
vt 0.620875 0.250000
vt 0.330000 0.705000
vt 0.375581 0.750000
vt 0.352500 0.772500
vt 0.379125 0.705000
vt 0.375000 0.705000
vt 0.379125 0.795000
vt 0.379125 0.750000
vt 0.670000 0.705000
vt 0.630759 0.743660
vt 0.625000 0.705000
vt 0.620875 0.795000
vt 0.647500 0.772500
vt 0.620875 0.705000
vt 0.620875 0.750000
vt 0.330000 0.545000
vt 0.369241 0.506340
vt 0.375000 0.545000
vt 0.379125 0.455000
vt 0.352500 0.477500
vt 0.379125 0.545000
vt 0.379125 0.500000
vt 0.670000 0.545000
vt 0.624419 0.500000
vt 0.647500 0.477500
vt 0.620875 0.545000
vt 0.625000 0.545000
vt 0.620875 0.455000
vt 0.620875 0.500000
vt 0.125000 0.545000
vt 0.375000 0.045000
vt 0.379125 1.000000
vt 0.620875 0.000000
vt 0.875000 0.705000
vt 0.625000 0.205000
vt 0.375000 0.295000
vt 0.830000 0.500000
vt 0.170000 0.750000
vt 0.625000 0.955000
s 0
g hero_sword_M_steel
usemtl M_steel
f 955/1340/1245 959/1341/1245 961/1342/1245
f 956/1343/1246 959/1344/1246 958/1345/1246
f 957/1346/1247 959/1347/1247 960/1348/1247
f 962/1349/1248 966/1350/1248 968/1351/1248
f 963/1352/1249 966/1353/1249 965/1354/1249
f 964/1355/1250 966/1356/1250 967/1357/1250
f 969/1358/1251 973/1359/1251 975/1360/1251
f 970/1361/1252 973/1362/1252 972/1363/1252
f 971/1364/1253 973/1362/1253 974/1365/1253
f 976/1366/1254 980/1367/1254 982/1368/1254
f 977/1369/1255 980/1370/1255 979/1371/1255
f 978/1372/1256 980/1370/1256 981/1373/1256
f 983/1374/1257 987/1375/1257 989/1376/1257
f 984/1377/1258 987/1375/1258 986/1378/1258
f 985/1379/1259 987/1375/1259 988/1380/1259
f 990/1381/1260 994/1382/1260 996/1383/1260
f 991/1384/1261 994/1382/1261 993/1385/1261
f 992/1386/1262 994/1382/1262 995/1387/1262
f 997/1388/1263 1001/1389/1263 1003/1390/1263
f 998/1391/1264 1001/1389/1264 1000/1392/1264
f 999/1393/1265 1001/1389/1265 1002/1394/1265
f 1004/1395/1266 1008/1396/1266 1010/1397/1266
f 1005/1398/1267 1008/1396/1267 1007/1399/1267
f 1006/1400/1268 1008/1396/1268 1009/1401/1268
f 955/1340/1269 972/1402/1269 969/1358/1269
f 961/1403/1270 970/1361/1270 972/1363/1270
f 962/1349/1271 960/1404/1271 956/1343/1271
f 968/1405/1272 957/1346/1272 960/1348/1272
f 976/1366/1273 967/1406/1273 963/1352/1273
f 982/1407/1274 964/1355/1274 967/1357/1274
f 971/1364/1275 981/1373/1275 977/1369/1275
f 974/1365/1276 978/1372/1276 981/1373/1276
f 969/1358/1277 1000/1392/1277 997/1388/1277
f 975/1408/1278 998/1391/1278 1000/1392/1278
f 1004/1395/1279 979/1409/1279 976/1366/1279
f 1010/1397/1280 977/1369/1280 979/1371/1280
f 999/1393/1281 1009/1401/1281 1005/1398/1281
f 1002/1394/1282 1006/1400/1282 1009/1401/1282
f 997/1388/1283 986/1378/1283 983/1374/1283
f 1003/1390/1284 984/1377/1284 986/1378/1284
f 990/1381/1285 1007/1399/1285 1004/1395/1285
f 996/1383/1286 1005/1398/1286 1007/1399/1286
f 985/1379/1287 995/1387/1287 991/1384/1287
f 988/1380/1288 992/1386/1288 995/1387/1288
f 983/1374/1289 958/1410/1289 955/1340/1289
f 989/1376/1290 956/1343/1290 958/1345/1290
f 963/1352/1291 993/1385/1291 990/1381/1291
f 965/1411/1292 991/1384/1292 993/1385/1292
f 997/1388/1293 955/1340/1293 969/1358/1293
f 964/1355/1294 970/1361/1294 957/1346/1294
f 991/1384/1295 956/1343/1295 985/1379/1295
f 976/1366/1296 990/1381/1296 1004/1395/1296
f 977/1369/1297 998/1391/1297 971/1364/1297
f 1005/1398/1298 984/1377/1298 999/1393/1298
f 955/1340/1299 958/1410/1299 959/1341/1299
f 956/1343/1300 960/1404/1300 959/1344/1300
f 957/1346/1301 961/1403/1301 959/1347/1301
f 962/1349/1302 965/1411/1302 966/1350/1302
f 963/1352/1303 967/1406/1303 966/1353/1303
f 964/1355/1304 968/1405/1304 966/1356/1304
f 969/1358/1305 972/1402/1305 973/1359/1305
f 970/1361/1306 974/1365/1306 973/1362/1306
f 971/1364/1307 975/1408/1307 973/1362/1307
f 976/1366/1308 979/1409/1308 980/1367/1308
f 977/1369/1309 981/1373/1309 980/1370/1309
f 978/1372/1310 982/1407/1310 980/1370/1310
f 983/1374/1311 986/1378/1311 987/1375/1311
f 984/1377/1312 988/1380/1312 987/1375/1312
f 985/1379/1313 989/1376/1313 987/1375/1313
f 990/1381/1314 993/1385/1314 994/1382/1314
f 991/1384/1315 995/1387/1315 994/1382/1315
f 992/1386/1316 996/1383/1316 994/1382/1316
f 997/1388/1317 1000/1392/1317 1001/1389/1317
f 998/1391/1318 1002/1394/1318 1001/1389/1318
f 999/1393/1319 1003/1390/1319 1001/1389/1319
f 1004/1395/1320 1007/1399/1320 1008/1396/1320
f 1005/1398/1321 1009/1401/1321 1008/1396/1321
f 1006/1400/1322 1010/1397/1322 1008/1396/1322
f 955/1340/1269 961/1342/1269 972/1402/1269
f 961/1403/1270 957/1346/1270 970/1361/1270
f 962/1349/1271 968/1351/1271 960/1404/1271
f 968/1405/1272 964/1355/1272 957/1346/1272
f 976/1366/1273 982/1368/1273 967/1406/1273
f 982/1407/1274 978/1372/1274 964/1355/1274
f 971/1364/1275 974/1365/1275 981/1373/1275
f 974/1365/1276 970/1361/1276 978/1372/1276
f 969/1358/1277 975/1360/1277 1000/1392/1277
f 975/1408/1278 971/1364/1278 998/1391/1278
f 1004/1395/1279 1010/1397/1279 979/1409/1279
f 1010/1397/1280 1006/1400/1280 977/1369/1280
f 999/1393/1281 1002/1394/1281 1009/1401/1281
f 1002/1394/1282 998/1391/1282 1006/1400/1282
f 997/1388/1283 1003/1390/1283 986/1378/1283
f 1003/1390/1284 999/1393/1284 984/1377/1284
f 990/1381/1285 996/1383/1285 1007/1399/1285
f 996/1383/1286 992/1386/1286 1005/1398/1286
f 985/1379/1287 988/1380/1287 995/1387/1287
f 988/1380/1288 984/1377/1288 992/1386/1288
f 983/1374/1289 989/1376/1289 958/1410/1289
f 989/1376/1290 985/1379/1290 956/1343/1290
f 963/1352/1291 965/1354/1291 993/1385/1291
f 965/1411/1292 962/1349/1292 991/1384/1292
f 997/1388/1293 983/1374/1293 955/1340/1293
f 964/1355/1294 978/1372/1294 970/1361/1294
f 991/1384/1295 962/1349/1295 956/1343/1295
f 976/1366/1296 963/1352/1296 990/1381/1296
f 977/1369/1297 1006/1400/1297 998/1391/1297
f 1005/1398/1298 992/1386/1298 984/1377/1298
g hero_sword_guard_Cube.064
v -0.189900 0.672500 -0.055100
v -0.189900 0.682400 -0.065000
v -0.180000 0.682400 -0.055100
v -0.189900 0.675400 -0.062100
v -0.184184 0.676684 -0.060816
v -0.182900 0.682400 -0.062100
v -0.182900 0.675400 -0.055100
v -0.189900 0.717600 -0.065000
v -0.189900 0.727500 -0.055100
v -0.180000 0.717600 -0.055100
v -0.189900 0.724600 -0.062100
v -0.184184 0.723316 -0.060816
v -0.182900 0.724600 -0.055100
v -0.182900 0.717600 -0.062100
v -0.189900 0.672500 -0.004900
v -0.180000 0.682400 -0.004900
v -0.189900 0.682400 0.005000
v -0.182900 0.675400 -0.004900
v -0.184184 0.676684 0.000816
v -0.182900 0.682400 0.002100
v -0.189900 0.675400 0.002100
v -0.189900 0.727500 -0.004900
v -0.189900 0.717600 0.005000
v -0.180000 0.717600 -0.004900
v -0.189900 0.724600 0.002100
v -0.184184 0.723316 0.000816
v -0.182900 0.717600 0.002100
v -0.182900 0.724600 -0.004900
v -0.390100 0.672500 -0.055100
v -0.400000 0.682400 -0.055100
v -0.390100 0.682400 -0.065000
v -0.397100 0.675400 -0.055100
v -0.395816 0.676684 -0.060816
v -0.397100 0.682400 -0.062100
v -0.390100 0.675400 -0.062100
v -0.390100 0.727500 -0.055100
v -0.390100 0.717600 -0.065000
v -0.400000 0.717600 -0.055100
v -0.390100 0.724600 -0.062100
v -0.395816 0.723316 -0.060816
v -0.397100 0.717600 -0.062100
v -0.397100 0.724600 -0.055100
v -0.390100 0.672500 -0.004900
v -0.390100 0.682400 0.005000
v -0.400000 0.682400 -0.004900
v -0.390100 0.675400 0.002100
v -0.395816 0.676684 0.000816
v -0.397100 0.682400 0.002100
v -0.397100 0.675400 -0.004900
v -0.390100 0.727500 -0.004900
v -0.400000 0.717600 -0.004900
v -0.390100 0.717600 0.005000
v -0.397100 0.724600 -0.004900
v -0.395816 0.723316 0.000816
v -0.397100 0.717600 0.002100
v -0.390100 0.724600 0.002100
vn 0.3672 -0.8865 -0.2817
vn 0.2817 -0.3672 -0.8865
vn 0.8865 -0.2817 -0.3672
vn 0.3672 0.2817 -0.8865
vn 0.2817 0.8865 -0.3672
vn 0.8865 0.3672 -0.2817
vn 0.2817 -0.8865 0.3672
vn 0.8865 -0.3672 0.2817
vn 0.3672 -0.2817 0.8865
vn 0.3672 0.8865 0.2817
vn 0.2817 0.3672 0.8865
vn 0.8865 0.2817 0.3672
vn -0.2817 -0.8865 -0.3672
vn -0.8865 -0.3672 -0.2817
vn -0.3672 -0.2817 -0.8865
vn -0.3672 0.8865 -0.2817
vn -0.2817 0.3672 -0.8865
vn -0.8865 0.2817 -0.3672
vn -0.3672 -0.8865 0.2817
vn -0.2817 -0.3672 0.8865
vn -0.8865 -0.2817 0.3672
vn -0.2817 0.8865 0.3672
vn -0.8865 0.3672 0.2817
vn -0.3672 0.2817 0.8865
vn 0.3827 -0.9239 -0.0000
vn 0.9239 -0.3827 -0.0000
vn 0.3827 -0.0000 -0.9239
vn 0.9239 -0.0000 -0.3827
vn 0.3827 0.9239 -0.0000
vn 0.9239 0.3827 -0.0000
vn 0.3827 -0.0000 0.9239
vn 0.9239 -0.0000 0.3827
vn -0.0000 -0.9239 0.3827
vn -0.0000 -0.3827 0.9239
vn -0.0000 0.9239 0.3827
vn -0.0000 0.3827 0.9239
vn -0.9239 -0.0000 0.3827
vn -0.3827 -0.0000 0.9239
vn -0.3827 -0.9239 -0.0000
vn -0.9239 -0.3827 -0.0000
vn -0.3827 0.9239 -0.0000
vn -0.9239 0.3827 -0.0000
vn -0.3827 -0.0000 -0.9239
vn -0.9239 -0.0000 -0.3827
vn -0.0000 -0.9239 -0.3827
vn -0.0000 -0.3827 -0.9239
vn -0.0000 0.9239 -0.3827
vn -0.0000 0.3827 -0.9239
vn -0.0000 -1.0000 -0.0000
vn 1.0000 -0.0000 -0.0000
vn -0.0000 -0.0000 -1.0000
vn -0.0000 1.0000 -0.0000
vn -0.0000 -0.0000 1.0000
vn -1.0000 -0.0000 -0.0000
vn 0.2817 -0.8865 -0.3672
vn 0.3672 -0.2817 -0.8865
vn 0.8865 -0.3672 -0.2817
vn 0.2817 0.3672 -0.8865
vn 0.3672 0.8865 -0.2817
vn 0.8865 0.2817 -0.3672
vn 0.3672 -0.8865 0.2817
vn 0.8865 -0.2817 0.3672
vn 0.2817 -0.3672 0.8865
vn 0.2817 0.8865 0.3672
vn 0.3672 0.2817 0.8865
vn 0.8865 0.3672 0.2817
vn -0.3672 -0.8865 -0.2817
vn -0.8865 -0.2817 -0.3672
vn -0.2817 -0.3672 -0.8865
vn -0.2817 0.8865 -0.3672
vn -0.3672 0.2817 -0.8865
vn -0.8865 0.3672 -0.2817
vn -0.2817 -0.8865 0.3672
vn -0.3672 -0.2817 0.8865
vn -0.8865 -0.3672 0.2817
vn -0.3672 0.8865 0.2817
vn -0.8865 0.2817 0.3672
vn -0.2817 0.3672 0.8865
vt 0.136250 0.714643
vt 0.129755 0.750000
vt 0.125000 0.714643
vt 0.420000 0.988750
vt 0.394019 1.000000
vt 0.375000 0.988750
vt 0.420000 0.035357
vt 0.375000 0.014944
vt 0.420000 0.000000
vt 0.580000 0.988750
vt 0.625000 0.995245
vt 0.580000 1.000000
vt 0.863750 0.714643
vt 0.875000 0.735056
vt 0.863750 0.750000
vt 0.580000 0.035357
vt 0.605981 0.000000
vt 0.625000 0.035357
vt 0.136250 0.535357
vt 0.125000 0.514944
vt 0.136250 0.500000
vt 0.420000 0.214643
vt 0.384510 0.252377
vt 0.375000 0.214643
vt 0.420000 0.261250
vt 0.420000 0.250000
vt 0.863750 0.535357
vt 0.870245 0.500000
vt 0.875000 0.535357
vt 0.580000 0.261250
vt 0.615490 0.242528
vt 0.625000 0.261250
vt 0.580000 0.214643
vt 0.580000 0.250000
vt 0.363750 0.714643
vt 0.381340 0.746604
vt 0.369375 0.755625
vt 0.420000 0.714643
vt 0.375000 0.714643
vt 0.420000 0.761250
vt 0.420000 0.750000
vt 0.636250 0.714643
vt 0.620245 0.745019
vt 0.625000 0.714643
vt 0.580000 0.761250
vt 0.630625 0.755625
vt 0.580000 0.714643
vt 0.580000 0.750000
vt 0.363750 0.535357
vt 0.379755 0.504981
vt 0.375000 0.535357
vt 0.420000 0.488750
vt 0.369375 0.494375
vt 0.420000 0.535357
vt 0.420000 0.500000
vt 0.636250 0.535357
vt 0.618660 0.503396
vt 0.630625 0.494375
vt 0.580000 0.535357
vt 0.625000 0.535357
vt 0.580000 0.488750
vt 0.580000 0.500000
vt 0.125000 0.535357
vt 0.375000 0.035357
vt 0.420000 1.000000
vt 0.580000 0.000000
vt 0.875000 0.714643
vt 0.625000 0.214643
vt 0.375000 0.261250
vt 0.863750 0.500000
vt 0.136250 0.750000
vt 0.625000 0.988750
s 0
g hero_sword_guard_M_gold
usemtl M_gold
f 1011/1412/1323 1015/1413/1323 1017/1414/1323
f 1012/1415/1324 1015/1416/1324 1014/1417/1324
f 1013/1418/1325 1015/1419/1325 1016/1420/1325
f 1018/1421/1326 1022/1422/1326 1024/1423/1326
f 1019/1424/1327 1022/1425/1327 1021/1426/1327
f 1020/1427/1328 1022/1428/1328 1023/1429/1328
f 1025/1430/1329 1029/1431/1329 1031/1432/1329
f 1026/1433/1330 1029/1434/1330 1028/1435/1330
f 1027/1436/1331 1029/1434/1331 1030/1437/1331
f 1032/1438/1332 1036/1439/1332 1038/1440/1332
f 1033/1441/1333 1036/1442/1333 1035/1443/1333
f 1034/1444/1334 1036/1442/1334 1037/1445/1334
f 1039/1446/1335 1043/1447/1335 1045/1448/1335
f 1040/1449/1336 1043/1447/1336 1042/1450/1336
f 1041/1451/1337 1043/1447/1337 1044/1452/1337
f 1046/1453/1338 1050/1454/1338 1052/1455/1338
f 1047/1456/1339 1050/1454/1339 1049/1457/1339
f 1048/1458/1340 1050/1454/1340 1051/1459/1340
f 1053/1460/1341 1057/1461/1341 1059/1462/1341
f 1054/1463/1342 1057/1461/1342 1056/1464/1342
f 1055/1465/1343 1057/1461/1343 1058/1466/1343
f 1060/1467/1344 1064/1468/1344 1066/1469/1344
f 1061/1470/1345 1064/1468/1345 1063/1471/1345
f 1062/1472/1346 1064/1468/1346 1065/1473/1346
f 1011/1412/1347 1028/1474/1347 1025/1430/1347
f 1017/1475/1348 1026/1433/1348 1028/1435/1348
f 1018/1421/1349 1016/1476/1349 1012/1415/1349
f 1024/1477/1350 1013/1418/1350 1016/1420/1350
f 1032/1438/1351 1023/1478/1351 1019/1424/1351
f 1038/1479/1352 1020/1427/1352 1023/1429/1352
f 1027/1436/1353 1037/1445/1353 1033/1441/1353
f 1030/1437/1354 1034/1444/1354 1037/1445/1354
f 1025/1430/1355 1056/1464/1355 1053/1460/1355
f 1031/1480/1356 1054/1463/1356 1056/1464/1356
f 1060/1467/1357 1035/1481/1357 1032/1438/1357
f 1066/1469/1358 1033/1441/1358 1035/1443/1358
f 1055/1465/1359 1065/1473/1359 1061/1470/1359
f 1065/1473/1360 1054/1463/1360 1062/1472/1360
f 1053/1460/1361 1042/1450/1361 1039/1446/1361
f 1059/1462/1362 1040/1449/1362 1042/1450/1362
f 1046/1453/1363 1063/1471/1363 1060/1467/1363
f 1052/1455/1364 1061/1470/1364 1063/1471/1364
f 1041/1451/1365 1051/1459/1365 1047/1456/1365
f 1044/1452/1366 1048/1458/1366 1051/1459/1366
f 1039/1446/1367 1014/1482/1367 1011/1412/1367
f 1045/1448/1368 1012/1415/1368 1014/1417/1368
f 1019/1424/1369 1049/1457/1369 1046/1453/1369
f 1021/1483/1370 1047/1456/1370 1049/1457/1370
f 1053/1460/1371 1011/1412/1371 1025/1430/1371
f 1020/1427/1372 1026/1433/1372 1013/1418/1372
f 1047/1456/1373 1012/1415/1373 1041/1451/1373
f 1032/1438/1374 1046/1453/1374 1060/1467/1374
f 1033/1441/1375 1054/1463/1375 1027/1436/1375
f 1061/1470/1376 1040/1449/1376 1055/1465/1376
f 1011/1412/1377 1014/1482/1377 1015/1413/1377
f 1012/1415/1378 1016/1476/1378 1015/1416/1378
f 1013/1418/1379 1017/1475/1379 1015/1419/1379
f 1018/1421/1380 1021/1483/1380 1022/1422/1380
f 1019/1424/1381 1023/1478/1381 1022/1425/1381
f 1020/1427/1382 1024/1477/1382 1022/1428/1382
f 1025/1430/1383 1028/1474/1383 1029/1431/1383
f 1026/1433/1384 1030/1437/1384 1029/1434/1384
f 1027/1436/1385 1031/1480/1385 1029/1434/1385
f 1032/1438/1386 1035/1481/1386 1036/1439/1386
f 1033/1441/1387 1037/1445/1387 1036/1442/1387
f 1034/1444/1388 1038/1479/1388 1036/1442/1388
f 1039/1446/1389 1042/1450/1389 1043/1447/1389
f 1040/1449/1390 1044/1452/1390 1043/1447/1390
f 1041/1451/1391 1045/1448/1391 1043/1447/1391
f 1046/1453/1392 1049/1457/1392 1050/1454/1392
f 1047/1456/1393 1051/1459/1393 1050/1454/1393
f 1048/1458/1394 1052/1455/1394 1050/1454/1394
f 1053/1460/1395 1056/1464/1395 1057/1461/1395
f 1054/1463/1396 1058/1466/1396 1057/1461/1396
f 1055/1465/1397 1059/1462/1397 1057/1461/1397
f 1060/1467/1398 1063/1471/1398 1064/1468/1398
f 1061/1470/1399 1065/1473/1399 1064/1468/1399
f 1062/1472/1400 1066/1469/1400 1064/1468/1400
f 1011/1412/1347 1017/1414/1347 1028/1474/1347
f 1017/1475/1348 1013/1418/1348 1026/1433/1348
f 1018/1421/1349 1024/1423/1349 1016/1476/1349
f 1024/1477/1350 1020/1427/1350 1013/1418/1350
f 1032/1438/1351 1038/1440/1351 1023/1478/1351
f 1038/1479/1352 1034/1444/1352 1020/1427/1352
f 1027/1436/1353 1030/1437/1353 1037/1445/1353
f 1030/1437/1354 1026/1433/1354 1034/1444/1354
f 1025/1430/1355 1031/1432/1355 1056/1464/1355
f 1031/1480/1356 1027/1436/1356 1054/1463/1356
f 1060/1467/1357 1066/1469/1357 1035/1481/1357
f 1066/1469/1358 1062/1472/1358 1033/1441/1358
f 1055/1465/1359 1058/1466/1359 1065/1473/1359
f 1065/1473/1360 1058/1466/1360 1054/1463/1360
f 1053/1460/1361 1059/1462/1361 1042/1450/1361
f 1059/1462/1362 1055/1465/1362 1040/1449/1362
f 1046/1453/1363 1052/1455/1363 1063/1471/1363
f 1052/1455/1364 1048/1458/1364 1061/1470/1364
f 1041/1451/1365 1044/1452/1365 1051/1459/1365
f 1044/1452/1366 1040/1449/1366 1048/1458/1366
f 1039/1446/1367 1045/1448/1367 1014/1482/1367
f 1045/1448/1368 1041/1451/1368 1012/1415/1368
f 1019/1424/1369 1021/1426/1369 1049/1457/1369
f 1021/1483/1370 1018/1421/1370 1047/1456/1370
f 1053/1460/1371 1039/1446/1371 1011/1412/1371
f 1020/1427/1372 1034/1444/1372 1026/1433/1372
f 1047/1456/1373 1018/1421/1373 1012/1415/1373
f 1032/1438/1374 1019/1424/1374 1046/1453/1374
f 1033/1441/1375 1062/1472/1375 1054/1463/1375
f 1061/1470/1376 1048/1458/1376 1040/1449/1376
