# Blender 5.2.0 LTS
# www.blender.org
mtllib assembly_barracks_module.mtl
g rts_barracks_foundation_Cube.180
v 0.861200 0.000000 -0.611200
v 0.861200 0.028800 -0.640000
v 0.890000 0.028800 -0.611200
v 0.861200 0.008435 -0.631565
v 0.877828 0.012172 -0.627828
v 0.881565 0.028800 -0.631565
v 0.881565 0.008435 -0.611200
v 0.861200 0.131200 -0.640000
v 0.861200 0.160000 -0.611200
v 0.890000 0.131200 -0.611200
v 0.861200 0.151565 -0.631565
v 0.877828 0.147828 -0.627828
v 0.881565 0.151565 -0.611200
v 0.881565 0.131200 -0.631565
v 0.861200 0.000000 0.611200
v 0.890000 0.028800 0.611200
v 0.861200 0.028800 0.640000
v 0.881565 0.008435 0.611200
v 0.877828 0.012172 0.627828
v 0.881565 0.028800 0.631565
v 0.861200 0.008435 0.631565
v 0.861200 0.160000 0.611200
v 0.861200 0.131200 0.640000
v 0.890000 0.131200 0.611200
v 0.861200 0.151565 0.631565
v 0.877828 0.147828 0.627828
v 0.881565 0.131200 0.631565
v 0.881565 0.151565 0.611200
v -0.861200 0.000000 -0.611200
v -0.890000 0.028800 -0.611200
v -0.861200 0.028800 -0.640000
v -0.881565 0.008435 -0.611200
v -0.877828 0.012172 -0.627828
v -0.881565 0.028800 -0.631565
v -0.861200 0.008435 -0.631565
v -0.861200 0.160000 -0.611200
v -0.861200 0.131200 -0.640000
v -0.890000 0.131200 -0.611200
v -0.861200 0.151565 -0.631565
v -0.877828 0.147828 -0.627828
v -0.881565 0.131200 -0.631565
v -0.881565 0.151565 -0.611200
v -0.861200 0.000000 0.611200
v -0.861200 0.028800 0.640000
v -0.890000 0.028800 0.611200
v -0.861200 0.008435 0.631565
v -0.877828 0.012172 0.627828
v -0.881565 0.028800 0.631565
v -0.881565 0.008435 0.611200
v -0.861200 0.160000 0.611200
v -0.890000 0.131200 0.611200
v -0.861200 0.131200 0.640000
v -0.881565 0.151565 0.611200
v -0.877828 0.147828 0.627828
v -0.881565 0.131200 0.631565
v -0.861200 0.151565 0.631565
vn 0.3672 -0.8865 -0.2817
vn 0.2817 -0.3672 -0.8865
vn 0.8865 -0.2818 -0.3672
vn 0.3672 0.2818 -0.8865
vn 0.2817 0.8865 -0.3672
vn 0.8865 0.3672 -0.2817
vn 0.2817 -0.8865 0.3672
vn 0.8865 -0.3672 0.2817
vn 0.3672 -0.2818 0.8865
vn 0.3672 0.8865 0.2817
vn 0.2817 0.3672 0.8865
vn 0.8865 0.2818 0.3672
vn -0.2817 -0.8865 -0.3672
vn -0.8865 -0.3672 -0.2817
vn -0.3672 -0.2818 -0.8865
vn -0.3672 0.8865 -0.2817
vn -0.2817 0.3672 -0.8865
vn -0.8865 0.2818 -0.3672
vn -0.3672 -0.8865 0.2817
vn -0.2817 -0.3672 0.8865
vn -0.8865 -0.2818 0.3672
vn -0.2817 0.8865 0.3672
vn -0.8865 0.3672 0.2817
vn -0.3672 0.2818 0.8865
vn 0.3827 -0.9239 -0.0000
vn 0.9239 -0.3827 -0.0000
vn 0.3827 -0.0000 -0.9239
vn 0.9239 -0.0000 -0.3827
vn 0.3827 0.9239 -0.0000
vn 0.9239 0.3827 -0.0000
vn 0.3827 -0.0000 0.9239
vn 0.9239 -0.0000 0.3827
vn -0.0000 -0.9239 0.3827
vn -0.0000 -0.3827 0.9239
vn -0.0000 0.9239 0.3827
vn -0.0000 0.3827 0.9239
vn -0.9239 -0.0000 0.3827
vn -0.3827 -0.0000 0.9239
vn -0.3827 -0.9239 -0.0000
vn -0.9239 -0.3827 -0.0000
vn -0.3827 0.9239 -0.0000
vn -0.9239 0.3827 -0.0000
vn -0.3827 -0.0000 -0.9239
vn -0.9239 -0.0000 -0.3827
vn -0.0000 -0.9239 -0.3827
vn -0.0000 -0.3827 -0.9239
vn -0.0000 0.9239 -0.3827
vn -0.0000 0.3827 -0.9239
vn -0.0000 -1.0000 -0.0000
vn 1.0000 -0.0000 -0.0000
vn -0.0000 -0.0000 -1.0000
vn -0.0000 1.0000 -0.0000
vn -0.0000 -0.0000 1.0000
vn -1.0000 -0.0000 -0.0000
vn 0.2817 -0.8865 -0.3672
vn 0.3672 -0.2818 -0.8865
vn 0.8865 -0.3672 -0.2817
vn 0.2817 0.3672 -0.8865
vn 0.3672 0.8865 -0.2817
vn 0.8865 0.2818 -0.3672
vn 0.3672 -0.8865 0.2817
vn 0.8865 -0.2818 0.3672
vn 0.2817 -0.3672 0.8865
vn 0.2817 0.8865 0.3672
vn 0.3672 0.2818 0.8865
vn 0.8865 0.3672 0.2817
vn -0.3672 -0.8865 -0.2817
vn -0.8865 -0.2818 -0.3672
vn -0.2817 -0.3672 -0.8865
vn -0.2817 0.8865 -0.3672
vn -0.3672 0.2818 -0.8865
vn -0.8865 0.3672 -0.2817
vn -0.2817 -0.8865 0.3672
vn -0.3672 -0.2818 0.8865
vn -0.8865 -0.3672 0.2817
vn -0.3672 0.8865 0.2817
vn -0.8865 0.2818 0.3672
vn -0.2817 0.3672 0.8865
vt 0.00000 0.50932
vt 0.00000 0.52206
vt 0.00000 0.97794
vt 0.00169 1.00000
vt 0.01148 0.50000
vt 0.01148 1.00000
vt 0.01734 0.52206
vt 0.01734 0.97794
vt 0.02175 0.17835
vt 0.02175 0.19287
vt 0.02175 0.30713
vt 0.02322 0.32620
vt 0.03176 0.16206
vt 0.03176 0.33794
vt 0.04746 0.18419
vt 0.04746 0.31581
vt 0.08266 0.52206
vt 0.08266 0.97794
vt 0.08851 0.50000
vt 0.08851 1.00000
vt 0.09892 0.06962
vt 0.09892 0.43038
vt 0.09915 0.50466
vt 0.10000 0.52206
vt 0.10000 0.97794
vt 0.10085 0.99534
vt 0.10745 0.05787
vt 0.11132 0.44494
vt 0.11148 0.50000
vt 0.11148 1.00000
vt 0.11734 0.52206
vt 0.11734 0.97794
vt 0.12482 0.07771
vt 0.12482 0.42229
vt 0.12500 0.50238
vt 0.12500 0.50290
vt 0.12500 0.50562
vt 0.12500 0.50660
vt 0.12500 0.50686
vt 0.12500 0.51562
vt 0.12500 0.51681
vt 0.12500 0.51902
vt 0.12500 0.53977
vt 0.12500 0.54500
vt 0.12500 0.70500
vt 0.12500 0.71023
vt 0.12500 0.73438
vt 0.12500 0.74314
vt 0.12500 0.74438
vt 0.12513 0.05057
vt 0.12513 0.44943
vt 0.12671 0.75000
vt 0.12675 0.75000
vt 0.12678 0.75000
vt 0.12696 0.75000
vt 0.12706 0.75000
vt 0.12904 0.50000
vt 0.12904 0.50562
vt 0.12904 0.74438
vt 0.12904 0.75000
vt 0.12915 0.50000
vt 0.12915 0.54500
vt 0.12915 0.70500
vt 0.12915 0.75000
vt 0.12922 0.50000
vt 0.12922 0.54500
vt 0.12922 0.70500
vt 0.12922 0.75000
vt 0.12958 0.75000
vt 0.12963 0.50000
vt 0.12963 0.54500
vt 0.12963 0.70500
vt 0.12963 0.75000
vt 0.12988 0.50000
vt 0.12988 0.50686
vt 0.12988 0.74314
vt 0.12988 0.75000
vt 0.13583 0.50000
vt 0.13583 0.51562
vt 0.13583 0.73438
vt 0.13583 0.75000
vt 0.14349 0.75000
vt 0.16875 0.50000
vt 0.16875 0.53977
vt 0.16875 0.71023
vt 0.16875 0.75000
vt 0.18266 0.52206
vt 0.18266 0.97794
vt 0.18851 0.50000
vt 0.18851 1.00000
vt 0.19915 0.50466
vt 0.20000 0.52206
vt 0.20000 0.97794
vt 0.20085 0.99534
vt 0.21148 0.50000
vt 0.21148 1.00000
vt 0.21734 0.52206
vt 0.21734 0.97794
vt 0.23380 0.01526
vt 0.23380 0.48474
vt 0.24761 0.01078
vt 0.25000 0.03704
vt 0.25000 0.46296
vt 0.25239 0.48922
vt 0.26620 0.01526
vt 0.26620 0.48474
vt 0.28266 0.52206
vt 0.28266 0.97794
vt 0.28852 0.50000
vt 0.28852 1.00000
vt 0.29915 0.50466
vt 0.30000 0.52206
vt 0.30000 0.97794
vt 0.30085 0.99534
vt 0.31148 0.50000
vt 0.31148 1.00000
vt 0.31734 0.52206
vt 0.31734 0.97794
vt 0.33125 0.53977
vt 0.33125 0.71023
vt 0.35313 0.47813
vt 0.35313 0.77187
vt 0.36417 0.51562
vt 0.36417 0.73438
vt 0.36958 0.49458
vt 0.36958 0.75542
vt 0.37012 0.50686
vt 0.37012 0.74314
vt 0.37030 0.50560
vt 0.37037 0.54500
vt 0.37037 0.70500
vt 0.37078 0.54500
vt 0.37078 0.70500
vt 0.37085 0.54500
vt 0.37085 0.70500
vt 0.37095 0.50562
vt 0.37095 0.74438
vt 0.37256 0.49756
vt 0.37256 0.75244
vt 0.37268 0.49768
vt 0.37268 0.75232
vt 0.37289 0.49789
vt 0.37289 0.75211
vt 0.37293 0.49793
vt 0.37293 0.75207
vt 0.37298 0.49798
vt 0.37298 0.75202
vt 0.37487 0.05057
vt 0.37487 0.44943
vt 0.37490 0.50634
vt 0.37500 0.00238
vt 0.37500 0.00290
vt 0.37500 0.00562
vt 0.37500 0.00660
vt 0.37500 0.00686
vt 0.37500 0.01562
vt 0.37500 0.01681
vt 0.37500 0.01902
vt 0.37500 0.03977
vt 0.37500 0.04500
vt 0.37500 0.20500
vt 0.37500 0.21023
vt 0.37500 0.23438
vt 0.37500 0.24314
vt 0.37500 0.24438
vt 0.37500 0.25405
vt 0.37500 0.25415
vt 0.37500 0.25422
vt 0.37500 0.25463
vt 0.37500 0.25488
vt 0.37500 0.26083
vt 0.37500 0.29375
vt 0.37500 0.50562
vt 0.37500 0.50686
vt 0.37500 0.51562
vt 0.37500 0.53977
vt 0.37500 0.54500
vt 0.37500 0.70500
vt 0.37500 0.71023
vt 0.37500 0.73438
vt 0.37500 0.74314
vt 0.37500 0.74438
vt 0.37500 0.95625
vt 0.37500 0.98917
vt 0.37500 0.99512
vt 0.37500 0.99537
vt 0.37500 0.99578
vt 0.37500 0.99586
vt 0.37500 0.99596
vt 0.37518 0.07771
vt 0.37518 0.42229
vt 0.37521 0.50634
vt 0.37549 0.74425
vt 0.37574 0.25089
vt 0.37579 0.74424
vt 0.37619 0.25088
vt 0.37647 0.75056
vt 0.37648 1.00000
vt 0.37665 0.50220
vt 0.37720 0.25925
vt 0.37738 1.00000
vt 0.37752 0.50634
vt 0.37817 0.74431
vt 0.37818 0.74933
vt 0.37849 0.00000
vt 0.37849 0.04500
vt 0.37849 0.20500
vt 0.37849 0.25000
vt 0.37849 0.25422
vt 0.37849 0.49578
vt 0.37849 0.50000
vt 0.37849 0.54500
vt 0.37849 0.70500
vt 0.37849 0.75000
vt 0.37849 0.75422
vt 0.37849 0.99578
vt 0.37849 1.00000
vt 0.37940 1.00000
vt 0.37976 0.25098
vt 0.37977 0.25229
vt 0.38062 0.00000
vt 0.38062 0.04500
vt 0.38062 0.20500
vt 0.38062 0.25000
vt 0.38062 0.25415
vt 0.38062 0.49585
vt 0.38062 0.50000
vt 0.38062 0.54500
vt 0.38062 0.70500
vt 0.38062 0.75000
vt 0.38062 0.75414
vt 0.38062 0.99586
vt 0.38062 1.00000
vt 0.38065 0.50097
vt 0.38077 0.50079
vt 0.38134 0.74972
vt 0.38134 0.74978
vt 0.38266 0.52206
vt 0.38266 0.97794
vt 0.38451 0.25085
vt 0.38451 0.25103
vt 0.38451 1.00000
vt 0.38454 1.00000
vt 0.38542 0.00000
vt 0.38542 0.03977
vt 0.38542 0.21023
vt 0.38542 0.25000
vt 0.38542 0.29375
vt 0.38542 0.45625
vt 0.38542 0.50000
vt 0.38542 0.53977
vt 0.38542 0.71023
vt 0.38542 0.75000
vt 0.38542 0.79375
vt 0.38542 0.95625
vt 0.38542 1.00000
vt 0.38851 0.50000
vt 0.38851 1.00000
vt 0.38868 0.05506
vt 0.39254 0.44213
vt 0.39402 1.00000
vt 0.39750 0.00000
vt 0.39750 0.04500
vt 0.39750 0.20500
vt 0.39750 0.25000
vt 0.39750 0.25463
vt 0.39750 0.49537
vt 0.39750 0.50000
vt 0.39750 0.54500
vt 0.39750 0.70500
vt 0.39750 0.75000
vt 0.39750 0.75463
vt 0.39750 0.99537
vt 0.39750 1.00000
vt 0.39757 0.00000
vt 0.39757 0.01562
vt 0.39757 0.23438
vt 0.39757 0.25000
vt 0.39757 0.26083
vt 0.39757 0.48917
vt 0.39757 0.50000
vt 0.39757 0.51562
vt 0.39757 0.73438
vt 0.39757 0.75000
vt 0.39757 0.76083
vt 0.39757 0.98917
vt 0.39757 1.00000
vt 0.39915 0.50466
vt 0.40000 0.52206
vt 0.40000 0.97794
vt 0.40085 0.99534
vt 0.40108 0.06962
vt 0.40108 0.43038
vt 0.41148 0.50000
vt 0.41148 1.00000
vt 0.41734 0.52206
vt 0.41734 0.97794
vt 0.42000 0.00000
vt 0.42000 0.00562
vt 0.42000 0.00686
vt 0.42000 0.24314
vt 0.42000 0.24438
vt 0.42000 0.25000
vt 0.42000 0.25405
vt 0.42000 0.25488
vt 0.42000 0.49512
vt 0.42000 0.49595
vt 0.42000 0.50000
vt 0.42000 0.50562
vt 0.42000 0.50686
vt 0.42000 0.74314
vt 0.42000 0.74438
vt 0.42000 0.75000
vt 0.42000 0.75404
vt 0.42000 0.75488
vt 0.42000 0.99512
vt 0.42000 0.99596
vt 0.42000 1.00000
vt 0.45254 0.18419
vt 0.45254 0.31581
vt 0.46824 0.16206
vt 0.46824 0.33794
vt 0.47678 0.17380
vt 0.47825 0.19287
vt 0.47825 0.30713
vt 0.47825 0.32165
vt 0.48266 0.52206
vt 0.48266 0.97794
vt 0.48851 0.50000
vt 0.48851 1.00000
vt 0.49915 0.50466
vt 0.50000 0.52206
vt 0.50000 0.97794
vt 0.50085 0.99534
vt 0.51148 0.50000
vt 0.51148 1.00000
vt 0.51734 0.52206
vt 0.51734 0.97794
vt 0.52175 0.19287
vt 0.52175 0.30713
vt 0.52175 0.32165
vt 0.52322 0.17380
vt 0.53176 0.16206
vt 0.53176 0.33794
vt 0.54746 0.18419
vt 0.54746 0.31581
vt 0.58000 0.00000
vt 0.58000 0.00562
vt 0.58000 0.00686
vt 0.58000 0.24314
vt 0.58000 0.24438
vt 0.58000 0.25000
vt 0.58000 0.25405
vt 0.58000 0.25488
vt 0.58000 0.49512
vt 0.58000 0.49595
vt 0.58000 0.50000
vt 0.58000 0.50562
vt 0.58000 0.50686
vt 0.58000 0.74314
vt 0.58000 0.74438
vt 0.58000 0.75000
vt 0.58000 0.75404
vt 0.58000 0.75488
vt 0.58000 0.99512
vt 0.58000 0.99596
vt 0.58000 1.00000
vt 0.58266 0.52206
vt 0.58266 0.97794
vt 0.58852 0.50000
vt 0.58852 1.00000
vt 0.59892 0.06962
vt 0.59892 0.43038
vt 0.59915 0.50466
vt 0.60000 0.52206
vt 0.60000 0.97794
vt 0.60085 0.99534
vt 0.60243 0.00000
vt 0.60243 0.01562
vt 0.60243 0.23438
vt 0.60243 0.25000
vt 0.60243 0.26083
vt 0.60243 0.48917
vt 0.60243 0.50000
vt 0.60243 0.51562
vt 0.60243 0.73438
vt 0.60243 0.75000
vt 0.60243 0.76083
vt 0.60243 0.98917
vt 0.60243 1.00000
vt 0.60250 0.00000
vt 0.60250 0.04500
vt 0.60250 0.20500
vt 0.60250 0.25000
vt 0.60250 0.25463
vt 0.60250 0.49537
vt 0.60250 0.50000
vt 0.60250 0.54500
vt 0.60250 0.70500
vt 0.60250 0.75000
vt 0.60250 0.75463
vt 0.60250 0.99537
vt 0.60250 1.00000
vt 0.60598 0.00000
vt 0.60745 0.44213
vt 0.61132 0.05506
vt 0.61148 0.50000
vt 0.61148 1.00000
vt 0.61458 0.00000
vt 0.61458 0.03977
vt 0.61458 0.21023
vt 0.61458 0.25000
vt 0.61458 0.29375
vt 0.61458 0.45625
vt 0.61458 0.50000
vt 0.61458 0.53977
vt 0.61458 0.71023
vt 0.61458 0.75000
vt 0.61458 0.79375
vt 0.61458 0.95625
vt 0.61458 1.00000
vt 0.61546 0.00000
vt 0.61549 0.00000
vt 0.61549 0.24855
vt 0.61549 0.24881
vt 0.61734 0.52206
vt 0.61734 0.97794
vt 0.61866 0.50022
vt 0.61866 0.50028
vt 0.61923 0.74921
vt 0.61935 0.74903
vt 0.61938 0.00000
vt 0.61938 0.04500
vt 0.61938 0.20500
vt 0.61938 0.25000
vt 0.61938 0.25415
vt 0.61938 0.49585
vt 0.61938 0.50000
vt 0.61938 0.54500
vt 0.61938 0.70500
vt 0.61938 0.75000
vt 0.61938 0.75414
vt 0.61938 0.99586
vt 0.61938 1.00000
vt 0.62023 0.24670
vt 0.62025 0.24049
vt 0.62060 0.00000
vt 0.62151 0.00000
vt 0.62151 0.04500
vt 0.62151 0.20500
vt 0.62151 0.25000
vt 0.62151 0.25422
vt 0.62151 0.49578
vt 0.62151 0.50000
vt 0.62151 0.54500
vt 0.62151 0.70500
vt 0.62151 0.75000
vt 0.62151 0.75422
vt 0.62151 0.99578
vt 0.62151 1.00000
vt 0.62182 0.50067
vt 0.62183 0.50569
vt 0.62248 0.74366
vt 0.62262 0.00000
vt 0.62280 0.24160
vt 0.62335 0.74780
vt 0.62352 0.00000
vt 0.62353 0.49944
vt 0.62381 0.24049
vt 0.62421 0.50576
vt 0.62426 0.24049
vt 0.62451 0.50575
vt 0.62479 0.74366
vt 0.62482 0.07771
vt 0.62482 0.42229
vt 0.62500 0.00562
vt 0.62500 0.00686
vt 0.62500 0.01562
vt 0.62500 0.03977
vt 0.62500 0.04500
vt 0.62500 0.20500
vt 0.62500 0.21023
vt 0.62500 0.23438
vt 0.62500 0.24314
vt 0.62500 0.24438
vt 0.62500 0.25405
vt 0.62500 0.25415
vt 0.62500 0.25422
vt 0.62500 0.25463
vt 0.62500 0.25488
vt 0.62500 0.26083
vt 0.62500 0.29375
vt 0.62500 0.50562
vt 0.62500 0.50686
vt 0.62500 0.51562
vt 0.62500 0.53977
vt 0.62500 0.54500
vt 0.62500 0.70500
vt 0.62500 0.71023
vt 0.62500 0.73438
vt 0.62500 0.74314
vt 0.62500 0.74438
vt 0.62500 0.95625
vt 0.62500 0.98151
vt 0.62500 0.98917
vt 0.62500 0.99512
vt 0.62500 0.99537
vt 0.62500 0.99542
vt 0.62500 0.99578
vt 0.62500 0.99586
vt 0.62500 0.99596
vt 0.62500 0.99794
vt 0.62500 0.99804
vt 0.62500 0.99822
vt 0.62500 0.99825
vt 0.62500 0.99829
vt 0.62510 0.74366
vt 0.62513 0.05057
vt 0.62513 0.44943
vt 0.62702 0.49798
vt 0.62702 0.75202
vt 0.62707 0.49793
vt 0.62707 0.75207
vt 0.62711 0.49789
vt 0.62711 0.75211
vt 0.62732 0.49768
vt 0.62732 0.75232
vt 0.62744 0.49756
vt 0.62744 0.75244
vt 0.62904 0.50562
vt 0.62904 0.74438
vt 0.62914 0.54500
vt 0.62914 0.70500
vt 0.62922 0.54500
vt 0.62922 0.70500
vt 0.62963 0.54500
vt 0.62963 0.70500
vt 0.62970 0.74440
vt 0.62988 0.50686
vt 0.62988 0.74314
vt 0.63042 0.49458
vt 0.63042 0.75542
vt 0.63583 0.51562
vt 0.63583 0.73438
vt 0.64687 0.47813
vt 0.64687 0.77187
vt 0.66875 0.53977
vt 0.66875 0.71023
vt 0.68266 0.52206
vt 0.68266 0.97794
vt 0.68851 0.50000
vt 0.68851 1.00000
vt 0.69915 0.50466
vt 0.70000 0.52206
vt 0.70000 0.97794
vt 0.70085 0.99534
vt 0.71148 0.50000
vt 0.71148 1.00000
vt 0.71734 0.52206
vt 0.71734 0.97794
vt 0.73380 0.01526
vt 0.73380 0.48474
vt 0.74761 0.48922
vt 0.75000 0.03704
vt 0.75000 0.46296
vt 0.75239 0.01078
vt 0.76620 0.01526
vt 0.76620 0.48474
vt 0.78266 0.52206
vt 0.78266 0.97794
vt 0.78851 0.50000
vt 0.78851 1.00000
vt 0.79915 0.50466
vt 0.80000 0.52206
vt 0.80000 0.97794
vt 0.80085 0.99534
vt 0.81148 0.50000
vt 0.81148 1.00000
vt 0.81734 0.52206
vt 0.81734 0.97794
vt 0.83125 0.50000
vt 0.83125 0.53977
vt 0.83125 0.71023
vt 0.83125 0.75000
vt 0.85651 0.50000
vt 0.86417 0.50000
vt 0.86417 0.51562
vt 0.86417 0.73438
vt 0.86417 0.75000
vt 0.87012 0.50000
vt 0.87012 0.50686
vt 0.87012 0.74314
vt 0.87012 0.75000
vt 0.87037 0.50000
vt 0.87037 0.54500
vt 0.87037 0.70500
vt 0.87037 0.75000
vt 0.87042 0.50000
vt 0.87078 0.50000
vt 0.87078 0.54500
vt 0.87078 0.70500
vt 0.87078 0.75000
vt 0.87086 0.50000
vt 0.87086 0.54500
vt 0.87086 0.70500
vt 0.87086 0.75000
vt 0.87096 0.50000
vt 0.87096 0.50562
vt 0.87096 0.74438
vt 0.87096 0.75000
vt 0.87294 0.50000
vt 0.87304 0.50000
vt 0.87322 0.50000
vt 0.87325 0.50000
vt 0.87329 0.50000
vt 0.87487 0.05057
vt 0.87487 0.44943
vt 0.87500 0.50562
vt 0.87500 0.50686
vt 0.87500 0.51562
vt 0.87500 0.53977
vt 0.87500 0.54500
vt 0.87500 0.70500
vt 0.87500 0.71023
vt 0.87500 0.73098
vt 0.87500 0.73319
vt 0.87500 0.73438
vt 0.87500 0.74314
vt 0.87500 0.74340
vt 0.87500 0.74438
vt 0.87500 0.74710
vt 0.87500 0.74762
vt 0.87518 0.07771
vt 0.87518 0.42229
vt 0.88266 0.52206
vt 0.88266 0.97794
vt 0.88852 0.50000
vt 0.88852 1.00000
vt 0.88868 0.44494
vt 0.89255 0.05787
vt 0.89915 0.50466
vt 0.90000 0.52206
vt 0.90000 0.97794
vt 0.90085 0.99534
vt 0.90108 0.06962
vt 0.90108 0.43038
vt 0.91148 0.50000
vt 0.91148 1.00000
vt 0.91734 0.52206
vt 0.91734 0.97794
vt 0.95254 0.18419
vt 0.95254 0.31581
vt 0.96824 0.16206
vt 0.96824 0.33794
vt 0.97678 0.32620
vt 0.97825 0.17835
vt 0.97825 0.19287
vt 0.97825 0.30713
vt 0.98266 0.52206
vt 0.98266 0.97794
vt 0.98852 0.50000
vt 0.98852 1.00000
vt 0.99831 0.50000
vt 1.00000 0.52206
vt 1.00000 0.97794
vt 1.00000 0.99068
s 0
g rts_barracks_foundation_M_gunmetal
usemtl M_gunmetal
f 1/59/1 5/52/1 7/49/1
f 1/59/25 18/37/25 15/58/25
f 1/59/25 7/49/25 18/37/25
f 1/59/55 4/60/55 5/52/55
f 10/348/6 12/404/6 13/476/6
f 10/348/60 14/347/60 12/404/60
f 11/511/48 37/363/48 39/521/48
f 11/511/48 8/366/48 37/363/48
f 14/347/28 10/348/28 3/299/28
f 14/347/28 3/299/28 6/298/28
f 15/58/33 21/57/33 46/146/33
f 15/58/33 46/146/33 43/136/33
f 15/58/61 18/37/61 19/35/61
f 15/58/7 19/35/7 21/57/7
f 16/302/62 20/303/62 19/240/62
f 16/302/8 19/240/8 18/165/8
f 17/304/31 20/303/31 27/352/31
f 17/304/31 27/352/31 23/353/31
f 17/304/63 21/166/63 19/240/63
f 17/304/9 19/240/9 20/303/9
f 2/317/2 5/261/2 4/189/2
f 2/317/56 6/318/56 5/261/56
f 20/303/32 16/302/32 24/351/32
f 20/303/32 24/351/32 27/352/32
f 21/166/34 17/304/34 44/307/34
f 21/166/34 44/307/34 46/146/34
f 22/608/10 26/615/10 28/618/10
f 22/608/29 13/630/29 9/609/29
f 22/608/29 28/618/29 13/630/29
f 22/608/52 36/531/52 50/530/52
f 22/608/52 9/609/52 36/531/52
f 22/608/64 25/607/64 26/615/64
f 23/353/11 26/425/11 25/486/11
f 23/353/53 44/307/53 17/304/53
f 23/353/53 52/356/53 44/307/53
f 23/353/65 27/352/65 26/425/65
f 24/351/12 26/425/12 27/352/12
f 24/351/66 28/485/66 26/425/66
f 28/485/30 10/348/30 13/476/30
f 28/485/30 24/351/30 10/348/30
f 29/137/13 33/237/13 35/147/13
f 29/137/45 35/147/45 4/60/45
f 29/137/45 4/60/45 1/59/45
f 29/137/67 32/182/67 33/237/67
f 3/299/3 5/151/3 6/298/3
f 3/299/50 10/348/50 24/351/50
f 3/299/50 24/351/50 16/302/50
f 3/299/57 7/153/57 5/151/57
f 30/312/14 33/237/14 32/182/14
f 30/312/68 34/313/68 33/237/68
f 31/314/15 33/237/15 34/313/15
f 31/314/43 34/313/43 41/362/43
f 31/314/43 41/362/43 37/363/43
f 31/314/69 35/147/69 33/237/69
f 34/313/44 30/312/44 38/361/44
f 34/313/44 38/361/44 41/362/44
f 35/147/46 2/317/46 4/189/46
f 35/147/46 31/314/46 2/317/46
f 36/531/16 40/430/16 42/502/16
f 36/531/41 42/502/41 53/493/41
f 36/531/41 53/493/41 50/530/41
f 36/531/70 39/521/70 40/430/70
f 37/363/17 40/430/17 39/521/17
f 37/363/51 2/317/51 31/314/51
f 37/363/51 8/366/51 2/317/51
f 37/363/71 41/362/71 40/430/71
f 38/361/18 40/430/18 41/362/18
f 38/361/72 42/502/72 40/430/72
f 42/502/42 38/361/42 51/358/42
f 42/502/42 51/358/42 53/493/42
f 43/136/19 47/235/19 49/173/19
f 43/136/39 32/182/39 29/137/39
f 43/136/39 49/173/39 32/182/39
f 43/136/49 1/59/49 15/58/49
f 43/136/49 29/137/49 1/59/49
f 43/136/73 46/146/73 47/235/73
f 44/307/20 47/235/20 46/146/20
f 44/307/74 48/308/74 47/235/74
f 45/309/21 47/235/21 48/308/21
f 45/309/37 48/308/37 55/357/37
f 45/309/37 55/357/37 51/358/37
f 45/309/54 38/361/54 30/312/54
f 45/309/54 51/358/54 38/361/54
f 45/309/75 49/173/75 47/235/75
f 48/308/38 44/307/38 52/356/38
f 48/308/38 52/356/38 55/357/38
f 49/173/40 30/312/40 32/182/40
f 49/173/40 45/309/40 30/312/40
f 50/530/22 54/428/22 56/520/22
f 50/530/35 25/607/35 22/608/35
f 50/530/35 56/520/35 25/607/35
f 50/530/76 53/493/76 54/428/76
f 51/358/23 54/428/23 53/493/23
f 51/358/77 55/357/77 54/428/77
f 52/356/24 54/428/24 55/357/24
f 52/356/78 56/520/78 54/428/78
f 56/520/36 23/353/36 25/486/36
f 56/520/36 52/356/36 23/353/36
f 7/153/26 16/302/26 18/165/26
f 7/153/26 3/299/26 16/302/26
f 8/366/27 14/367/27 6/318/27
f 8/366/27 6/318/27 2/317/27
f 8/366/4 12/516/4 14/367/4
f 8/366/58 11/511/58 12/516/58
f 9/609/47 11/610/47 39/521/47
f 9/609/47 39/521/47 36/531/47
f 9/609/5 12/632/5 11/610/5
f 9/609/59 13/630/59 12/632/59
g rts_barracks_body_Cube.181
v 0.685000 0.160000 -0.455000
v 0.685000 0.225000 -0.520000
v 0.750000 0.225000 -0.455000
v 0.685000 0.179038 -0.500962
v 0.722528 0.187472 -0.492528
v 0.730962 0.225000 -0.500962
v 0.730962 0.179038 -0.455000
v 0.685000 0.815000 -0.520000
v 0.685000 0.880000 -0.455000
v 0.750000 0.815000 -0.455000
v 0.685000 0.860962 -0.500962
v 0.722528 0.852528 -0.492528
v 0.730962 0.860962 -0.455000
v 0.730962 0.815000 -0.500962
v 0.685000 0.160000 0.455000
v 0.750000 0.225000 0.455000
v 0.685000 0.225000 0.520000
v 0.730962 0.179038 0.455000
v 0.722528 0.187472 0.492528
v 0.730962 0.225000 0.500962
v 0.685000 0.179038 0.500962
v 0.685000 0.880000 0.455000
v 0.685000 0.815000 0.520000
v 0.750000 0.815000 0.455000
v 0.685000 0.860962 0.500962
v 0.722528 0.852528 0.492528
v 0.730962 0.815000 0.500962
v 0.730962 0.860962 0.455000
v -0.685000 0.160000 -0.455000
v -0.750000 0.225000 -0.455000
v -0.685000 0.225000 -0.520000
v -0.730962 0.179038 -0.455000
v -0.722528 0.187472 -0.492528
v -0.730962 0.225000 -0.500962
v -0.685000 0.179038 -0.500962
v -0.685000 0.880000 -0.455000
v -0.685000 0.815000 -0.520000
v -0.750000 0.815000 -0.455000
v -0.685000 0.860962 -0.500962
v -0.722528 0.852528 -0.492528
v -0.730962 0.815000 -0.500962
v -0.730962 0.860962 -0.455000
v -0.685000 0.160000 0.455000
v -0.685000 0.225000 0.520000
v -0.750000 0.225000 0.455000
v -0.685000 0.179038 0.500962
v -0.722528 0.187472 0.492528
v -0.730962 0.225000 0.500962
v -0.730962 0.179038 0.455000
v -0.685000 0.880000 0.455000
v -0.750000 0.815000 0.455000
v -0.685000 0.815000 0.520000
v -0.730962 0.860962 0.455000
v -0.722528 0.852528 0.492528
v -0.730962 0.815000 0.500962
v -0.685000 0.860962 0.500962
vn 0.3672 -0.8865 -0.2817
vn 0.2817 -0.3672 -0.8865
vn 0.8865 -0.2817 -0.3672
vn 0.3672 0.2817 -0.8865
vn 0.2817 0.8865 -0.3672
vn 0.8865 0.3672 -0.2817
vn 0.2817 -0.8865 0.3672
vn 0.8865 -0.3672 0.2817
vn 0.3672 -0.2817 0.8865
vn 0.3672 0.8865 0.2817
vn 0.2817 0.3672 0.8865
vn 0.8865 0.2817 0.3672
vn -0.2817 -0.8865 -0.3672
vn -0.8865 -0.3672 -0.2817
vn -0.3672 -0.2817 -0.8865
vn -0.3672 0.8865 -0.2817
vn -0.2817 0.3672 -0.8865
vn -0.8865 0.2817 -0.3672
vn -0.3672 -0.8865 0.2817
vn -0.2817 -0.3672 0.8865
vn -0.8865 -0.2817 0.3672
vn -0.2817 0.8865 0.3672
vn -0.8865 0.3672 0.2817
vn -0.3672 0.2817 0.8865
vn 0.3827 -0.9239 -0.0000
vn 0.9239 -0.3827 -0.0000
vn 0.3827 -0.0000 -0.9239
vn 0.9239 -0.0000 -0.3827
vn 0.3827 0.9239 -0.0000
vn 0.9239 0.3827 -0.0000
vn 0.3827 -0.0000 0.9239
vn 0.9239 -0.0000 0.3827
vn -0.0000 -0.9239 0.3827
vn -0.0000 -0.3827 0.9239
vn -0.0000 0.9239 0.3827
vn -0.0000 0.3827 0.9239
vn -0.9239 -0.0000 0.3827
vn -0.3827 -0.0000 0.9239
vn -0.3827 -0.9239 -0.0000
vn -0.9239 -0.3827 -0.0000
vn -0.3827 0.9239 -0.0000
vn -0.9239 0.3827 -0.0000
vn -0.3827 -0.0000 -0.9239
vn -0.9239 -0.0000 -0.3827
vn -0.0000 -0.9239 -0.3827
vn -0.0000 -0.3827 -0.9239
vn -0.0000 0.9239 -0.3827
vn -0.0000 0.3827 -0.9239
vn -0.0000 -1.0000 -0.0000
vn 1.0000 -0.0000 -0.0000
vn -0.0000 -0.0000 -1.0000
vn -0.0000 1.0000 -0.0000
vn -0.0000 -0.0000 1.0000
vn -1.0000 -0.0000 -0.0000
vn 0.2817 -0.8865 -0.3672
vn 0.3672 -0.2817 -0.8865
vn 0.8865 -0.3672 -0.2817
vn 0.2817 0.3672 -0.8865
vn 0.3672 0.8865 -0.2817
vn 0.8865 0.2817 -0.3672
vn 0.3672 -0.8865 0.2817
vn 0.8865 -0.2817 0.3672
vn 0.2817 -0.3672 0.8865
vn 0.2817 0.8865 0.3672
vn 0.3672 0.2817 0.8865
vn 0.8865 0.3672 0.2817
vn -0.3672 -0.8865 -0.2817
vn -0.8865 -0.2817 -0.3672
vn -0.2817 -0.3672 -0.8865
vn -0.2817 0.8865 -0.3672
vn -0.3672 0.2817 -0.8865
vn -0.8865 0.3672 -0.2817
vn -0.2817 -0.8865 0.3672
vn -0.3672 -0.2817 0.8865
vn -0.8865 -0.3672 0.2817
vn -0.3672 0.8865 0.2817
vn -0.8865 0.2817 0.3672
vn -0.2817 0.3672 0.8865
s 0
g rts_barracks_body_M_navy
usemtl M_navy
f 100/280/152 104/281/152 103/199/152
f 100/280/98 103/199/98 102/125/98
f 101/282/115 104/281/115 111/384/115
f 101/282/115 111/384/115 107/385/115
f 101/282/153 105/175/153 103/199/153
f 101/282/99 103/199/99 104/281/99
f 104/281/116 100/280/116 108/383/116
f 104/281/116 108/383/116 111/384/116
f 105/175/118 101/282/118 86/283/118
f 105/175/118 86/283/118 88/180/118
f 106/543/100 110/461/100 112/541/100
f 106/543/113 112/541/113 81/586/113
f 106/543/113 81/586/113 78/587/113
f 106/543/154 109/495/154 110/461/154
f 107/385/101 110/461/101 109/495/101
f 107/385/132 86/283/132 101/282/132
f 107/385/132 94/386/132 86/283/132
f 107/385/155 111/384/155 110/461/155
f 108/383/102 110/461/102 111/384/102
f 108/383/156 112/541/156 110/461/156
f 112/541/114 108/383/114 79/382/114
f 112/541/114 79/382/114 81/491/114
f 57/80/103 63/47/103 74/40/103
f 57/80/103 74/40/103 71/79/103
f 57/80/133 60/81/133 61/69/133
f 57/80/79 61/69/79 63/47/79
f 58/286/134 62/287/134 61/243/134
f 58/286/80 61/243/80 60/184/80
f 59/276/135 63/156/135 61/154/135
f 59/276/81 61/154/81 62/275/81
f 63/156/104 59/276/104 72/277/104
f 63/156/104 72/277/104 74/163/104
f 64/389/105 62/287/105 58/286/105
f 64/389/105 70/390/105 62/287/105
f 64/389/136 67/505/136 68/508/136
f 64/389/82 68/508/82 70/390/82
f 65/588/125 67/589/125 95/542/125
f 65/588/125 95/542/125 92/544/125
f 65/588/137 69/627/137 68/629/137
f 65/588/83 68/629/83 67/589/83
f 66/379/128 72/277/128 59/276/128
f 66/379/128 80/380/128 72/277/128
f 66/379/138 70/378/138 68/422/138
f 66/379/84 68/422/84 69/478/84
f 67/505/126 64/389/126 93/388/126
f 67/505/126 93/388/126 95/542/126
f 70/378/106 59/276/106 62/275/106
f 70/378/106 66/379/106 59/276/106
f 71/79/111 102/125/111 99/123/111
f 71/79/111 77/78/111 102/125/111
f 71/79/139 74/40/139 75/38/139
f 71/79/85 75/38/85 77/78/85
f 72/277/140 76/278/140 75/220/140
f 72/277/86 75/220/86 74/163/86
f 73/279/109 76/278/109 83/381/109
f 73/279/109 83/381/109 79/382/109
f 73/279/141 77/171/141 75/220/141
f 73/279/87 75/220/87 76/278/87
f 76/278/110 72/277/110 80/380/110
f 76/278/110 80/380/110 83/381/110
f 77/171/112 100/280/112 102/125/112
f 77/171/112 73/279/112 100/280/112
f 78/587/107 69/627/107 65/588/107
f 78/587/107 84/620/107 69/627/107
f 78/587/130 65/588/130 92/544/130
f 78/587/130 92/544/130 106/543/130
f 78/587/142 81/586/142 82/598/142
f 78/587/88 82/598/88 84/620/88
f 79/382/131 100/280/131 73/279/131
f 79/382/131 108/383/131 100/280/131
f 79/382/143 83/381/143 82/445/143
f 79/382/89 82/445/89 81/491/89
f 80/380/144 84/483/144 82/445/144
f 80/380/90 82/445/90 83/381/90
f 84/483/108 66/379/108 69/478/108
f 84/483/108 80/380/108 66/379/108
f 85/124/123 60/81/123 57/80/123
f 85/124/123 91/126/123 60/81/123
f 85/124/145 88/180/145 89/204/145
f 85/124/91 89/204/91 91/126/91
f 86/283/146 90/284/146 89/204/146
f 86/283/92 89/204/92 88/180/92
f 87/285/121 90/284/121 97/387/121
f 87/285/121 97/387/121 93/388/121
f 87/285/147 91/126/147 89/204/147
f 87/285/93 89/204/93 90/284/93
f 90/284/122 86/283/122 94/386/122
f 90/284/122 94/386/122 97/387/122
f 91/126/124 58/286/124 60/184/124
f 91/126/124 87/285/124 58/286/124
f 92/544/119 109/495/119 106/543/119
f 92/544/119 98/500/119 109/495/119
f 92/544/148 95/542/148 96/466/148
f 92/544/94 96/466/94 98/500/94
f 93/388/129 58/286/129 87/285/129
f 93/388/129 64/389/129 58/286/129
f 93/388/149 97/387/149 96/466/149
f 93/388/95 96/466/95 95/542/95
f 94/386/150 98/500/150 96/466/150
f 94/386/96 96/466/96 97/387/96
f 98/500/120 107/385/120 109/495/120
f 98/500/120 94/386/120 107/385/120
f 99/123/117 105/175/117 88/180/117
f 99/123/117 88/180/117 85/124/117
f 99/123/127 57/80/127 71/79/127
f 99/123/127 85/124/127 57/80/127
f 99/123/151 102/125/151 103/199/151
f 99/123/97 103/199/97 105/175/97
g rts_barracks_roof_Cube.182
v 0.797600 0.870000 -0.557600
v 0.797600 0.902400 -0.590000
v 0.830000 0.902400 -0.557600
v 0.797600 0.879490 -0.580510
v 0.816306 0.883694 -0.576306
v 0.820510 0.902400 -0.580510
v 0.820510 0.879490 -0.557600
v 0.797600 1.017600 -0.590000
v 0.797600 1.050000 -0.557600
v 0.830000 1.017600 -0.557600
v 0.797600 1.040510 -0.580510
v 0.816306 1.036306 -0.576306
v 0.820510 1.040510 -0.557600
v 0.820510 1.017600 -0.580510
v 0.797600 0.870000 0.557600
v 0.830000 0.902400 0.557600
v 0.797600 0.902400 0.590000
v 0.820510 0.879490 0.557600
v 0.816306 0.883694 0.576306
v 0.820510 0.902400 0.580510
v 0.797600 0.879490 0.580510
v 0.797600 1.050000 0.557600
v 0.797600 1.017600 0.590000
v 0.830000 1.017600 0.557600
v 0.797600 1.040510 0.580510
v 0.816306 1.036306 0.576306
v 0.820510 1.017600 0.580510
v 0.820510 1.040510 0.557600
v -0.797600 0.870000 -0.557600
v -0.830000 0.902400 -0.557600
v -0.797600 0.902400 -0.590000
v -0.820510 0.879490 -0.557600
v -0.816306 0.883694 -0.576306
v -0.820510 0.902400 -0.580510
v -0.797600 0.879490 -0.580510
v -0.797600 1.050000 -0.557600
v -0.797600 1.017600 -0.590000
v -0.830000 1.017600 -0.557600
v -0.797600 1.040510 -0.580510
v -0.816306 1.036306 -0.576306
v -0.820510 1.017600 -0.580510
v -0.820510 1.040510 -0.557600
v -0.797600 0.870000 0.557600
v -0.797600 0.902400 0.590000
v -0.830000 0.902400 0.557600
v -0.797600 0.879490 0.580510
v -0.816306 0.883694 0.576306
v -0.820510 0.902400 0.580510
v -0.820510 0.879490 0.557600
v -0.797600 1.050000 0.557600
v -0.830000 1.017600 0.557600
v -0.797600 1.017600 0.590000
v -0.820510 1.040510 0.557600
v -0.816306 1.036306 0.576306
v -0.820510 1.017600 0.580510
v -0.797600 1.040510 0.580510
vn 0.3672 -0.8865 -0.2817
vn 0.2818 -0.3672 -0.8865
vn 0.8865 -0.2817 -0.3672
vn 0.3672 0.2817 -0.8865
vn 0.2817 0.8865 -0.3672
vn 0.8865 0.3672 -0.2818
vn 0.2817 -0.8865 0.3672
vn 0.8865 -0.3672 0.2817
vn 0.3672 -0.2817 0.8865
vn 0.3672 0.8865 0.2817
vn 0.2818 0.3672 0.8865
vn 0.8865 0.2817 0.3672
vn -0.2817 -0.8865 -0.3672
vn -0.8865 -0.3672 -0.2818
vn -0.3672 -0.2817 -0.8865
vn -0.3672 0.8865 -0.2817
vn -0.2818 0.3672 -0.8865
vn -0.8865 0.2817 -0.3672
vn -0.3672 -0.8865 0.2817
vn -0.2818 -0.3672 0.8865
vn -0.8865 -0.2817 0.3672
vn -0.2817 0.8865 0.3672
vn -0.8865 0.3672 0.2817
vn -0.3672 0.2817 0.8865
vn 0.3827 -0.9239 -0.0000
vn 0.9239 -0.3827 -0.0000
vn 0.3827 -0.0000 -0.9239
vn 0.9239 -0.0000 -0.3827
vn 0.3827 0.9239 -0.0000
vn 0.9239 0.3827 -0.0000
vn 0.3827 -0.0000 0.9239
vn 0.9239 -0.0000 0.3827
vn -0.0000 -0.9239 0.3827
vn -0.0000 -0.3827 0.9239
vn -0.0000 0.9239 0.3827
vn -0.0000 0.3827 0.9239
vn -0.9239 -0.0000 0.3827
vn -0.3827 -0.0000 0.9239
vn -0.3827 -0.9239 -0.0000
vn -0.9239 -0.3827 -0.0000
vn -0.3827 0.9239 -0.0000
vn -0.9239 0.3827 -0.0000
vn -0.3827 -0.0000 -0.9239
vn -0.9239 -0.0000 -0.3827
vn -0.0000 -0.9239 -0.3827
vn -0.0000 -0.3827 -0.9239
vn -0.0000 0.9239 -0.3827
vn -0.0000 0.3827 -0.9239
vn -0.0000 -1.0000 -0.0000
vn 1.0000 -0.0000 -0.0000
vn -0.0000 -0.0000 -1.0000
vn -0.0000 1.0000 -0.0000
vn -0.0000 -0.0000 1.0000
vn -1.0000 -0.0000 -0.0000
vn 0.2817 -0.8865 -0.3672
vn 0.3672 -0.2817 -0.8865
vn 0.8865 -0.3672 -0.2817
vn 0.2818 0.3672 -0.8865
vn 0.3672 0.8865 -0.2817
vn 0.8865 0.2817 -0.3672
vn 0.3672 -0.8865 0.2817
vn 0.8865 -0.2817 0.3672
vn 0.2818 -0.3672 0.8865
vn 0.2817 0.8865 0.3672
vn 0.3672 0.2817 0.8865
vn 0.8865 0.3672 0.2817
vn -0.3672 -0.8865 -0.2817
vn -0.8865 -0.2817 -0.3672
vn -0.2818 -0.3672 -0.8865
vn -0.2817 0.8865 -0.3672
vn -0.3672 0.2817 -0.8865
vn -0.8865 0.3672 -0.2817
vn -0.2817 -0.8865 0.3672
vn -0.3672 -0.2817 0.8865
vn -0.8865 -0.3672 0.2817
vn -0.3672 0.8865 0.2817
vn -0.8865 0.2817 0.3672
vn -0.2818 0.3672 0.8865
s 0
g rts_barracks_roof_M_steel
usemtl M_steel
f 113/76/157 117/56/157 119/48/157
f 113/76/181 119/48/181 130/39/181
f 113/76/181 130/39/181 127/75/181
f 113/76/211 116/77/211 117/56/211
f 114/316/158 117/261/158 116/185/158
f 114/316/212 118/318/212 117/261/212
f 115/300/159 117/152/159 118/298/159
f 115/300/206 122/349/206 136/350/206
f 115/300/206 136/350/206 128/301/206
f 115/300/213 119/155/213 117/152/213
f 119/155/182 115/300/182 128/301/182
f 119/155/182 128/301/182 130/164/182
f 120/365/160 124/512/160 126/367/160
f 120/365/183 118/318/183 114/316/183
f 120/365/183 126/367/183 118/318/183
f 120/365/214 123/506/214 124/512/214
f 121/592/161 124/631/161 123/593/161
f 121/592/203 123/593/203 151/529/203
f 121/592/203 151/529/203 148/540/203
f 121/592/215 125/628/215 124/631/215
f 122/349/162 124/404/162 125/477/162
f 122/349/216 126/347/216 124/404/216
f 123/506/204 120/365/204 149/364/204
f 123/506/204 149/364/204 151/529/204
f 126/347/184 115/300/184 118/298/184
f 126/347/184 122/349/184 115/300/184
f 127/75/163 131/36/163 133/74/163
f 127/75/189 133/74/189 158/138/189
f 127/75/189 158/138/189 155/127/189
f 127/75/217 130/39/217 131/36/217
f 128/301/164 131/241/164 130/164/164
f 128/301/218 132/303/218 131/241/218
f 129/305/165 131/241/165 132/303/165
f 129/305/187 132/303/187 139/352/187
f 129/305/187 139/352/187 135/354/187
f 129/305/219 133/170/219 131/241/219
f 132/303/188 128/301/188 136/350/188
f 132/303/188 136/350/188 139/352/188
f 133/170/190 129/305/190 156/306/190
f 133/170/190 156/306/190 158/138/190
f 134/591/166 138/611/166 140/619/166
f 134/591/185 125/628/185 121/592/185
f 134/591/185 140/619/185 125/628/185
f 134/591/208 121/592/208 148/540/208
f 134/591/208 148/540/208 162/539/208
f 134/591/220 137/590/220 138/611/220
f 135/354/167 138/424/167 137/490/167
f 135/354/209 156/306/209 129/305/209
f 135/354/209 164/355/209 156/306/209
f 135/354/221 139/352/221 138/424/221
f 136/350/168 138/424/168 139/352/168
f 136/350/222 140/484/222 138/424/222
f 140/484/186 122/349/186 125/477/186
f 140/484/186 136/350/186 122/349/186
f 141/128/169 145/236/169 147/139/169
f 141/128/201 116/77/201 113/76/201
f 141/128/201 147/139/201 116/77/201
f 141/128/223 144/181/223 145/236/223
f 142/311/170 145/236/170 144/181/170
f 142/311/224 146/313/224 145/236/224
f 143/315/171 145/236/171 146/313/171
f 143/315/199 146/313/199 153/362/199
f 143/315/199 153/362/199 149/364/199
f 143/315/225 147/139/225 145/236/225
f 146/313/200 142/311/200 150/360/200
f 146/313/200 150/360/200 153/362/200
f 147/139/202 114/316/202 116/185/202
f 147/139/202 143/315/202 114/316/202
f 148/540/172 152/431/172 154/501/172
f 148/540/197 154/501/197 165/494/197
f 148/540/197 165/494/197 162/539/197
f 148/540/226 151/529/226 152/431/226
f 149/364/173 152/431/173 151/529/173
f 149/364/207 114/316/207 143/315/207
f 149/364/207 120/365/207 114/316/207
f 149/364/227 153/362/227 152/431/227
f 150/360/174 152/431/174 153/362/174
f 150/360/228 154/501/228 152/431/228
f 154/501/198 150/360/198 163/359/198
f 154/501/198 163/359/198 165/494/198
f 155/127/175 159/234/175 161/174/175
f 155/127/195 144/181/195 141/128/195
f 155/127/195 161/174/195 144/181/195
f 155/127/205 113/76/205 127/75/205
f 155/127/205 141/128/205 113/76/205
f 155/127/229 158/138/229 159/234/229
f 156/306/176 159/234/176 158/138/176
f 156/306/230 160/308/230 159/234/230
f 157/310/177 159/234/177 160/308/177
f 157/310/193 160/308/193 167/357/193
f 157/310/193 167/357/193 163/359/193
f 157/310/210 150/360/210 142/311/210
f 157/310/210 163/359/210 150/360/210
f 157/310/231 161/174/231 159/234/231
f 160/308/194 156/306/194 164/355/194
f 160/308/194 164/355/194 167/357/194
f 161/174/196 142/311/196 144/181/196
f 161/174/196 157/310/196 142/311/196
f 162/539/178 166/429/178 168/528/178
f 162/539/191 137/590/191 134/591/191
f 162/539/191 168/528/191 137/590/191
f 162/539/232 165/494/232 166/429/232
f 163/359/179 166/429/179 165/494/179
f 163/359/233 167/357/233 166/429/233
f 164/355/180 166/429/180 167/357/180
f 164/355/234 168/528/234 166/429/234
f 168/528/192 135/354/192 137/490/192
f 168/528/192 164/355/192 135/354/192
g rts_barracks_door_Cube.183
v 0.231900 0.150000 -0.559400
v 0.231900 0.158100 -0.567500
v 0.240000 0.158100 -0.559400
v 0.231900 0.152372 -0.565128
v 0.236577 0.153423 -0.564077
v 0.237628 0.158100 -0.565128
v 0.237628 0.152372 -0.559400
v 0.231900 0.721900 -0.567500
v 0.231900 0.730000 -0.559400
v 0.240000 0.721900 -0.559400
v 0.231900 0.727628 -0.565128
v 0.236577 0.726577 -0.564077
v 0.237628 0.727628 -0.559400
v 0.237628 0.721900 -0.565128
v 0.231900 0.150000 -0.530600
v 0.240000 0.158100 -0.530600
v 0.231900 0.158100 -0.522500
v 0.237628 0.152372 -0.530600
v 0.236577 0.153423 -0.525923
v 0.237628 0.158100 -0.524872
v 0.231900 0.152372 -0.524872
v 0.231900 0.730000 -0.530600
v 0.231900 0.721900 -0.522500
v 0.240000 0.721900 -0.530600
v 0.231900 0.727628 -0.524872
v 0.236577 0.726577 -0.525923
v 0.237628 0.721900 -0.524872
v 0.237628 0.727628 -0.530600
v -0.231900 0.150000 -0.559400
v -0.240000 0.158100 -0.559400
v -0.231900 0.158100 -0.567500
v -0.237628 0.152372 -0.559400
v -0.236577 0.153423 -0.564077
v -0.237628 0.158100 -0.565128
v -0.231900 0.152372 -0.565128
v -0.231900 0.730000 -0.559400
v -0.231900 0.721900 -0.567500
v -0.240000 0.721900 -0.559400
v -0.231900 0.727628 -0.565128
v -0.236577 0.726577 -0.564077
v -0.237628 0.721900 -0.565128
v -0.237628 0.727628 -0.559400
v -0.231900 0.150000 -0.530600
v -0.231900 0.158100 -0.522500
v -0.240000 0.158100 -0.530600
v -0.231900 0.152372 -0.524872
v -0.236577 0.153423 -0.525923
v -0.237628 0.158100 -0.524872
v -0.237628 0.152372 -0.530600
v -0.231900 0.730000 -0.530600
v -0.240000 0.721900 -0.530600
v -0.231900 0.721900 -0.522500
v -0.237628 0.727628 -0.530600
v -0.236577 0.726577 -0.525923
v -0.237628 0.721900 -0.524872
v -0.231900 0.727628 -0.524872
vn 0.3672 -0.8865 -0.2817
vn 0.2817 -0.3672 -0.8865
vn 0.8865 -0.2817 -0.3672
vn 0.3672 0.2817 -0.8865
vn 0.2817 0.8865 -0.3672
vn 0.8864 0.3672 -0.2818
vn 0.2817 -0.8865 0.3672
vn 0.8864 -0.3672 0.2818
vn 0.3672 -0.2817 0.8865
vn 0.3672 0.8865 0.2817
vn 0.2817 0.3672 0.8865
vn 0.8865 0.2817 0.3672
vn -0.2817 -0.8865 -0.3672
vn -0.8864 -0.3672 -0.2818
vn -0.3672 -0.2817 -0.8865
vn -0.3672 0.8865 -0.2817
vn -0.2817 0.3672 -0.8865
vn -0.8865 0.2817 -0.3672
vn -0.3672 -0.8865 0.2817
vn -0.2817 -0.3672 0.8865
vn -0.8865 -0.2817 0.3672
vn -0.2817 0.8865 0.3672
vn -0.8864 0.3672 0.2818
vn -0.3672 0.2817 0.8865
vn 0.3827 -0.9239 -0.0000
vn 0.9239 -0.3827 -0.0000
vn 0.3827 -0.0000 -0.9239
vn 0.9239 -0.0000 -0.3827
vn 0.3827 0.9239 -0.0000
vn 0.9239 0.3827 -0.0000
vn 0.3827 -0.0000 0.9239
vn 0.9239 -0.0000 0.3827
vn -0.0000 -0.9239 0.3827
vn -0.0000 -0.3827 0.9239
vn -0.0000 0.9239 0.3827
vn -0.0000 0.3827 0.9239
vn -0.9239 -0.0000 0.3827
vn -0.3827 -0.0000 0.9239
vn -0.3827 -0.9239 -0.0000
vn -0.9239 -0.3827 -0.0000
vn -0.3827 0.9239 -0.0000
vn -0.9239 0.3827 -0.0000
vn -0.3827 -0.0000 -0.9239
vn -0.9239 -0.0000 -0.3827
vn -0.0000 -0.9239 -0.3827
vn -0.0000 -0.3827 -0.9239
vn -0.0000 0.9239 -0.3827
vn -0.0000 0.3827 -0.9239
vn -0.0000 -1.0000 -0.0000
vn 1.0000 -0.0000 -0.0000
vn -0.0000 -0.0000 -1.0000
vn -0.0000 1.0000 -0.0000
vn -0.0000 -0.0000 1.0000
vn -1.0000 -0.0000 -0.0000
vn 0.2817 -0.8865 -0.3672
vn 0.3672 -0.2817 -0.8865
vn 0.8864 -0.3672 -0.2818
vn 0.2817 0.3672 -0.8865
vn 0.3672 0.8865 -0.2817
vn 0.8865 0.2817 -0.3672
vn 0.3672 -0.8865 0.2817
vn 0.8865 -0.2817 0.3672
vn 0.2817 -0.3672 0.8865
vn 0.2817 0.8865 0.3672
vn 0.3672 0.2817 0.8865
vn 0.8864 0.3672 0.2818
vn -0.3672 -0.8865 -0.2817
vn -0.8865 -0.2817 -0.3672
vn -0.2817 -0.3672 -0.8865
vn -0.2817 0.8865 -0.3672
vn -0.3672 0.2817 -0.8865
vn -0.8864 0.3672 -0.2818
vn -0.2817 -0.8865 0.3672
vn -0.3672 -0.2817 0.8865
vn -0.8864 -0.3672 0.2818
vn -0.3672 0.8865 0.2817
vn -0.8865 0.2817 0.3672
vn -0.2817 0.3672 0.8865
s 0
g rts_barracks_door_M_black
usemtl M_black
f 169/67/235 173/54/235 175/45/235
f 169/67/259 175/45/259 186/44/259
f 169/67/259 186/44/259 183/66/259
f 169/67/289 172/68/289 173/54/289
f 170/216/236 173/198/236 172/187/236
f 170/216/290 174/217/290 173/198/290
f 171/206/237 173/158/237 174/205/237
f 171/206/291 175/160/291 173/158/291
f 175/160/260 171/206/260 184/207/260
f 175/160/260 184/207/260 186/161/260
f 176/459/238 180/514/238 182/460/238
f 176/459/261 174/217/261 170/216/261
f 176/459/261 182/460/261 174/217/261
f 176/459/292 179/509/292 180/514/292
f 177/601/239 180/625/239 179/602/239
f 177/601/281 179/602/281 207/525/281
f 177/601/281 207/525/281 204/535/281
f 177/601/293 181/623/293 180/625/293
f 178/449/240 180/467/240 181/480/240
f 178/449/284 184/207/284 171/206/284
f 178/449/284 192/450/284 184/207/284
f 178/449/294 182/448/294 180/467/294
f 179/509/282 176/459/282 205/458/282
f 179/509/282 205/458/282 207/525/282
f 182/448/262 171/206/262 174/205/262
f 182/448/262 178/449/262 171/206/262
f 183/66/241 187/42/241 189/65/241
f 183/66/267 189/65/267 214/142/267
f 183/66/267 214/142/267 211/132/267
f 183/66/295 186/44/295 187/42/295
f 184/207/242 187/194/242 186/161/242
f 184/207/296 188/208/296 187/194/296
f 185/209/243 187/194/243 188/208/243
f 185/209/265 188/208/265 195/451/265
f 185/209/265 195/451/265 191/452/265
f 185/209/297 189/168/297 187/194/297
f 188/208/266 184/207/266 192/450/266
f 188/208/266 192/450/266 195/451/266
f 189/168/268 185/209/268 212/210/268
f 189/168/268 212/210/268 214/142/268
f 190/600/244 194/613/244 196/622/244
f 190/600/263 181/623/263 177/601/263
f 190/600/263 196/622/263 181/623/263
f 190/600/286 177/601/286 204/535/286
f 190/600/286 204/535/286 218/534/286
f 190/600/298 193/599/298 194/613/298
f 191/452/245 194/471/245 193/488/245
f 191/452/287 212/210/287 185/209/287
f 191/452/287 220/453/287 212/210/287
f 191/452/299 195/451/299 194/471/299
f 192/450/246 194/471/246 195/451/246
f 192/450/300 196/481/300 194/471/300
f 196/481/264 178/449/264 181/480/264
f 196/481/264 192/450/264 178/449/264
f 197/133/247 201/193/247 203/143/247
f 197/133/279 172/68/279 169/67/279
f 197/133/279 203/143/279 172/68/279
f 197/133/301 200/178/301 201/193/301
f 198/213/248 201/193/248 200/178/248
f 198/213/302 202/214/302 201/193/302
f 199/215/249 201/193/249 202/214/249
f 199/215/277 202/214/277 209/457/277
f 199/215/277 209/457/277 205/458/277
f 199/215/303 203/143/303 201/193/303
f 202/214/278 198/213/278 206/456/278
f 202/214/278 206/456/278 209/457/278
f 203/143/280 170/216/280 172/187/280
f 203/143/280 199/215/280 170/216/280
f 204/535/250 208/517/250 210/498/250
f 204/535/275 210/498/275 221/497/275
f 204/535/275 221/497/275 218/534/275
f 204/535/304 207/525/304 208/517/304
f 205/458/251 208/517/251 207/525/251
f 205/458/285 170/216/285 199/215/285
f 205/458/285 176/459/285 170/216/285
f 205/458/305 209/457/305 208/517/305
f 206/456/252 208/517/252 209/457/252
f 206/456/306 210/498/306 208/517/306
f 210/498/276 206/456/276 219/455/276
f 210/498/276 219/455/276 221/497/276
f 211/132/253 215/150/253 217/177/253
f 211/132/273 200/178/273 197/133/273
f 211/132/273 217/177/273 200/178/273
f 211/132/283 169/67/283 183/66/283
f 211/132/283 197/133/283 169/67/283
f 211/132/307 214/142/307 215/150/307
f 212/210/254 215/150/254 214/142/254
f 212/210/308 216/211/308 215/150/308
f 213/212/255 215/150/255 216/211/255
f 213/212/271 216/211/271 223/454/271
f 213/212/271 223/454/271 219/455/271
f 213/212/309 217/177/309 215/150/309
f 216/211/272 212/210/272 220/453/272
f 216/211/272 220/453/272 223/454/272
f 217/177/274 198/213/274 200/178/274
f 217/177/274 213/212/274 198/213/274
f 218/534/256 222/472/256 224/524/256
f 218/534/269 193/599/269 190/600/269
f 218/534/269 224/524/269 193/599/269
f 218/534/310 221/497/310 222/472/310
f 219/455/257 222/472/257 221/497/257
f 219/455/288 198/213/288 213/212/288
f 219/455/288 206/456/288 198/213/288
f 219/455/311 223/454/311 222/472/311
f 220/453/258 222/472/258 223/454/258
f 220/453/312 224/524/312 222/472/312
f 224/524/270 191/452/270 193/488/270
f 224/524/270 220/453/270 191/452/270
g rts_barracks_door_light_Cube.184
v 0.163700 0.685000 -0.591200
v 0.163700 0.691300 -0.597500
v 0.170000 0.691300 -0.591200
v 0.163700 0.686845 -0.595655
v 0.167337 0.687663 -0.594837
v 0.168155 0.691300 -0.595655
v 0.168155 0.686845 -0.591200
v 0.163700 0.748700 -0.597500
v 0.163700 0.755000 -0.591200
v 0.170000 0.748700 -0.591200
v 0.163700 0.753155 -0.595655
v 0.167337 0.752337 -0.594837
v 0.168155 0.753155 -0.591200
v 0.168155 0.748700 -0.595655
v 0.163700 0.685000 -0.568800
v 0.170000 0.691300 -0.568800
v 0.163700 0.691300 -0.562500
v 0.168155 0.686845 -0.568800
v 0.167337 0.687663 -0.565163
v 0.168155 0.691300 -0.564345
v 0.163700 0.686845 -0.564345
v 0.163700 0.755000 -0.568800
v 0.163700 0.748700 -0.562500
v 0.170000 0.748700 -0.568800
v 0.163700 0.753155 -0.564345
v 0.167337 0.752337 -0.565163
v 0.168155 0.748700 -0.564345
v 0.168155 0.753155 -0.568800
v -0.163700 0.685000 -0.591200
v -0.170000 0.691300 -0.591200
v -0.163700 0.691300 -0.597500
v -0.168155 0.686845 -0.591200
v -0.167337 0.687663 -0.594837
v -0.168155 0.691300 -0.595655
v -0.163700 0.686845 -0.595655
v -0.163700 0.755000 -0.591200
v -0.163700 0.748700 -0.597500
v -0.170000 0.748700 -0.591200
v -0.163700 0.753155 -0.595655
v -0.167337 0.752337 -0.594837
v -0.168155 0.748700 -0.595655
v -0.168155 0.753155 -0.591200
v -0.163700 0.685000 -0.568800
v -0.163700 0.691300 -0.562500
v -0.170000 0.691300 -0.568800
v -0.163700 0.686845 -0.564345
v -0.167337 0.687663 -0.565163
v -0.168155 0.691300 -0.564345
v -0.168155 0.686845 -0.568800
v -0.163700 0.755000 -0.568800
v -0.170000 0.748700 -0.568800
v -0.163700 0.748700 -0.562500
v -0.168155 0.753155 -0.568800
v -0.167337 0.752337 -0.565163
v -0.168155 0.748700 -0.564345
v -0.163700 0.753155 -0.564345
vn 0.3672 -0.8865 -0.2817
vn 0.2817 -0.3672 -0.8865
vn 0.8865 -0.2817 -0.3672
vn 0.3672 0.2817 -0.8865
vn 0.2817 0.8865 -0.3672
vn 0.8865 0.3672 -0.2817
vn 0.2817 -0.8865 0.3672
vn 0.8865 -0.3672 0.2817
vn 0.3672 -0.2817 0.8865
vn 0.3672 0.8865 0.2817
vn 0.2817 0.3672 0.8865
vn 0.8865 0.2817 0.3672
vn -0.2817 -0.8865 -0.3672
vn -0.8865 -0.3672 -0.2817
vn -0.3672 -0.2817 -0.8865
vn -0.3672 0.8865 -0.2817
vn -0.2817 0.3672 -0.8865
vn -0.8865 0.2817 -0.3672
vn -0.3672 -0.8865 0.2817
vn -0.2817 -0.3672 0.8865
vn -0.8865 -0.2817 0.3672
vn -0.2817 0.8865 0.3672
vn -0.8865 0.3672 0.2817
vn -0.3672 0.2817 0.8865
vn 0.3827 -0.9239 -0.0000
vn 0.9239 -0.3827 -0.0000
vn 0.3827 -0.0000 -0.9239
vn 0.9239 -0.0000 -0.3827
vn 0.3827 0.9239 -0.0000
vn 0.9239 0.3827 -0.0000
vn 0.3827 -0.0000 0.9239
vn 0.9239 -0.0000 0.3827
vn -0.0000 -0.9239 0.3827
vn -0.0000 -0.3827 0.9239
vn -0.0000 0.9239 0.3827
vn -0.0000 0.3827 0.9239
vn -0.9239 -0.0000 0.3827
vn -0.3827 -0.0000 0.9239
vn -0.3827 -0.9239 -0.0000
vn -0.9239 -0.3827 -0.0000
vn -0.3827 0.9239 -0.0000
vn -0.9239 0.3827 -0.0000
vn -0.3827 -0.0000 -0.9239
vn -0.9239 -0.0000 -0.3827
vn -0.0000 -0.9239 -0.3827
vn -0.0000 -0.3827 -0.9239
vn -0.0000 0.9239 -0.3827
vn -0.0000 0.3827 -0.9239
vn -0.0000 -1.0000 -0.0000
vn 1.0000 -0.0000 -0.0000
vn -0.0000 -0.0000 -1.0000
vn -0.0000 1.0000 -0.0000
vn -0.0000 -0.0000 1.0000
vn -1.0000 -0.0000 -0.0000
vn 0.2817 -0.8865 -0.3672
vn 0.3672 -0.2817 -0.8865
vn 0.8865 -0.3672 -0.2817
vn 0.2817 0.3672 -0.8865
vn 0.3672 0.8865 -0.2817
vn 0.8865 0.2817 -0.3672
vn 0.3672 -0.8865 0.2817
vn 0.8865 -0.2817 0.3672
vn 0.2817 -0.3672 0.8865
vn 0.2817 0.8865 0.3672
vn 0.3672 0.2817 0.8865
vn 0.8865 0.3672 0.2817
vn -0.3672 -0.8865 -0.2817
vn -0.8865 -0.2817 -0.3672
vn -0.2817 -0.3672 -0.8865
vn -0.2817 0.8865 -0.3672
vn -0.3672 0.2817 -0.8865
vn -0.8865 0.3672 -0.2817
vn -0.2817 -0.8865 0.3672
vn -0.3672 -0.2817 0.8865
vn -0.8865 -0.3672 0.2817
vn -0.3672 0.8865 0.2817
vn -0.8865 0.2817 0.3672
vn -0.2817 0.3672 0.8865
s 0
g rts_barracks_door_light_M_cyan
usemtl M_cyan
f 225/72/313 229/55/313 231/45/313
f 225/72/337 231/45/337 242/44/337
f 225/72/337 242/44/337 239/71/337
f 225/72/367 228/73/367 229/55/367
f 226/273/314 229/242/314 228/186/314
f 226/273/368 230/274/368 229/242/368
f 227/263/315 229/158/315 230/262/315
f 227/263/369 231/160/369 229/158/369
f 231/160/338 227/263/338 240/264/338
f 231/160/338 240/264/338 242/161/338
f 232/402/316 236/513/316 238/403/316
f 232/402/339 230/274/339 226/273/339
f 232/402/339 238/403/339 230/274/339
f 232/402/370 235/507/370 236/513/370
f 233/596/317 236/625/317 235/597/317
f 233/596/359 235/597/359 263/527/359
f 233/596/359 263/527/359 260/537/359
f 233/596/371 237/623/371 236/625/371
f 234/392/318 236/423/318 237/480/318
f 234/392/362 240/264/362 227/263/362
f 234/392/362 248/393/362 240/264/362
f 234/392/372 238/391/372 236/423/372
f 235/507/360 232/402/360 261/401/360
f 235/507/360 261/401/360 263/527/360
f 238/391/340 227/263/340 230/262/340
f 238/391/340 234/392/340 227/263/340
f 239/71/319 243/42/319 245/70/319
f 239/71/345 245/70/345 270/140/345
f 239/71/345 270/140/345 267/130/345
f 239/71/373 242/44/373 243/42/373
f 240/264/320 243/219/320 242/161/320
f 240/264/374 244/265/374 243/219/374
f 241/266/321 243/219/321 244/265/321
f 241/266/343 244/265/343 251/394/343
f 241/266/343 251/394/343 247/395/343
f 241/266/375 245/169/375 243/219/375
f 244/265/344 240/264/344 248/393/344
f 244/265/344 248/393/344 251/394/344
f 245/169/346 241/266/346 268/267/346
f 245/169/346 268/267/346 270/140/346
f 246/595/322 250/612/322 252/622/322
f 246/595/341 237/623/341 233/596/341
f 246/595/341 252/622/341 237/623/341
f 246/595/364 233/596/364 260/537/364
f 246/595/364 260/537/364 274/536/364
f 246/595/376 249/594/376 250/612/376
f 247/395/323 250/446/323 249/489/323
f 247/395/365 268/267/365 241/266/365
f 247/395/365 276/396/365 268/267/365
f 247/395/377 251/394/377 250/446/377
f 248/393/324 250/446/324 251/394/324
f 248/393/378 252/481/378 250/446/378
f 252/481/342 234/392/342 237/480/342
f 252/481/342 248/393/342 234/392/342
f 253/131/325 257/203/325 259/141/325
f 253/131/357 228/73/357 225/72/357
f 253/131/357 259/141/357 228/73/357
f 253/131/379 256/178/379 257/203/379
f 254/270/326 257/203/326 256/178/326
f 254/270/380 258/271/380 257/203/380
f 255/272/327 257/203/327 258/271/327
f 255/272/355 258/271/355 265/400/355
f 255/272/355 265/400/355 261/401/355
f 255/272/381 259/141/381 257/203/381
f 258/271/356 254/270/356 262/399/356
f 258/271/356 262/399/356 265/400/356
f 259/141/358 226/273/358 228/186/358
f 259/141/358 255/272/358 226/273/358
f 260/537/328 264/463/328 266/498/328
f 260/537/353 266/498/353 277/497/353
f 260/537/353 277/497/353 274/536/353
f 260/537/382 263/527/382 264/463/382
f 261/401/329 264/463/329 263/527/329
f 261/401/363 226/273/363 255/272/363
f 261/401/363 232/402/363 226/273/363
f 261/401/383 265/400/383 264/463/383
f 262/399/330 264/463/330 265/400/330
f 262/399/384 266/498/384 264/463/384
f 266/498/354 262/399/354 275/398/354
f 266/498/354 275/398/354 277/497/354
f 267/130/331 271/202/331 273/177/331
f 267/130/351 256/178/351 253/131/351
f 267/130/351 273/177/351 256/178/351
f 267/130/361 225/72/361 239/71/361
f 267/130/361 253/131/361 225/72/361
f 267/130/385 270/140/385 271/202/385
f 268/267/332 271/202/332 270/140/332
f 268/267/386 272/268/386 271/202/386
f 269/269/333 271/202/333 272/268/333
f 269/269/349 272/268/349 279/397/349
f 269/269/349 279/397/349 275/398/349
f 269/269/387 273/177/387 271/202/387
f 272/268/350 268/267/350 276/396/350
f 272/268/350 276/396/350 279/397/350
f 273/177/352 254/270/352 256/178/352
f 273/177/352 269/269/352 254/270/352
f 274/536/334 278/462/334 280/526/334
f 274/536/347 249/594/347 246/595/347
f 274/536/347 280/526/347 249/594/347
f 274/536/388 277/497/388 278/462/388
f 275/398/335 278/462/335 277/497/335
f 275/398/366 254/270/366 269/269/366
f 275/398/366 262/399/366 254/270/366
f 275/398/389 279/397/389 278/462/389
f 276/396/336 278/462/336 279/397/336
f 276/396/390 280/526/390 278/462/390
f 280/526/348 247/395/348 249/489/348
f 280/526/348 276/396/348 247/395/348
g rts_barracks_buttress_0_Cube.185
v 0.805000 0.060000 -0.505000
v 0.805000 0.095000 -0.540000
v 0.840000 0.095000 -0.505000
v 0.805000 0.070251 -0.529749
v 0.825207 0.074793 -0.525207
v 0.829749 0.095000 -0.529749
v 0.829749 0.070251 -0.505000
v 0.805000 0.865000 -0.540000
v 0.805000 0.900000 -0.505000
v 0.840000 0.865000 -0.505000
v 0.805000 0.889749 -0.529749
v 0.825207 0.885207 -0.525207
v 0.829749 0.889749 -0.505000
v 0.829749 0.865000 -0.529749
v 0.805000 0.060000 -0.355000
v 0.840000 0.095000 -0.355000
v 0.805000 0.095000 -0.320000
v 0.829749 0.070251 -0.355000
v 0.825207 0.074793 -0.334793
v 0.829749 0.095000 -0.330251
v 0.805000 0.070251 -0.330251
v 0.805000 0.900000 -0.355000
v 0.805000 0.865000 -0.320000
v 0.840000 0.865000 -0.355000
v 0.805000 0.889749 -0.330251
v 0.825207 0.885207 -0.334793
v 0.829749 0.865000 -0.330251
v 0.829749 0.889749 -0.355000
v 0.675000 0.060000 -0.505000
v 0.640000 0.095000 -0.505000
v 0.675000 0.095000 -0.540000
v 0.650251 0.070251 -0.505000
v 0.654793 0.074793 -0.525207
v 0.650251 0.095000 -0.529749
v 0.675000 0.070251 -0.529749
v 0.675000 0.900000 -0.505000
v 0.675000 0.865000 -0.540000
v 0.640000 0.865000 -0.505000
v 0.675000 0.889749 -0.529749
v 0.654793 0.885207 -0.525207
v 0.650251 0.865000 -0.529749
v 0.650251 0.889749 -0.505000
v 0.675000 0.060000 -0.355000
v 0.675000 0.095000 -0.320000
v 0.640000 0.095000 -0.355000
v 0.675000 0.070251 -0.330251
v 0.654793 0.074793 -0.334793
v 0.650251 0.095000 -0.330251
v 0.650251 0.070251 -0.355000
v 0.675000 0.900000 -0.355000
v 0.640000 0.865000 -0.355000
v 0.675000 0.865000 -0.320000
v 0.650251 0.889749 -0.355000
v 0.654793 0.885207 -0.334793
v 0.650251 0.865000 -0.330251
v 0.675000 0.889749 -0.330251
vn 0.3672 -0.8865 -0.2817
vn 0.2817 -0.3672 -0.8865
vn 0.8865 -0.2817 -0.3672
vn 0.3672 0.2817 -0.8865
vn 0.2817 0.8865 -0.3672
vn 0.8865 0.3672 -0.2817
vn 0.2817 -0.8865 0.3672
vn 0.8865 -0.3672 0.2817
vn 0.3672 -0.2817 0.8865
vn 0.3672 0.8865 0.2817
vn 0.2817 0.3672 0.8865
vn 0.8865 0.2817 0.3672
vn -0.2817 -0.8865 -0.3672
vn -0.8865 -0.3672 -0.2817
vn -0.3672 -0.2817 -0.8865
vn -0.3672 0.8865 -0.2817
vn -0.2817 0.3672 -0.8865
vn -0.8865 0.2817 -0.3672
vn -0.3672 -0.8865 0.2817
vn -0.2817 -0.3672 0.8865
vn -0.8865 -0.2817 0.3672
vn -0.2817 0.8865 0.3672
vn -0.8865 0.3672 0.2817
vn -0.3672 0.2817 0.8865
vn 0.3827 -0.9239 -0.0000
vn 0.9239 -0.3827 -0.0000
vn 0.3827 -0.0000 -0.9239
vn 0.9239 -0.0000 -0.3827
vn 0.3827 0.9239 -0.0000
vn 0.9239 0.3827 -0.0000
vn 0.3827 -0.0000 0.9239
vn 0.9239 -0.0000 0.3827
vn -0.0000 -0.9239 0.3827
vn -0.0000 -0.3827 0.9239
vn -0.0000 0.9239 0.3827
vn -0.0000 0.3827 0.9239
vn -0.9239 -0.0000 0.3827
vn -0.3827 -0.0000 0.9239
vn -0.3827 -0.9239 -0.0000
vn -0.9239 -0.3827 -0.0000
vn -0.3827 0.9239 -0.0000
vn -0.9239 0.3827 -0.0000
vn -0.3827 -0.0000 -0.9239
vn -0.9239 -0.0000 -0.3827
vn -0.0000 -0.9239 -0.3827
vn -0.0000 -0.3827 -0.9239
vn -0.0000 0.9239 -0.3827
vn -0.0000 0.3827 -0.9239
vn -0.0000 -1.0000 -0.0000
vn 1.0000 -0.0000 -0.0000
vn -0.0000 -0.0000 -1.0000
vn -0.0000 1.0000 -0.0000
vn -0.0000 -0.0000 1.0000
vn -1.0000 -0.0000 -0.0000
vn 0.2817 -0.8865 -0.3672
vn 0.3672 -0.2817 -0.8865
vn 0.8865 -0.3672 -0.2817
vn 0.2817 0.3672 -0.8865
vn 0.3672 0.8865 -0.2817
vn 0.8865 0.2817 -0.3672
vn 0.3672 -0.8865 0.2817
vn 0.8865 -0.2817 0.3672
vn 0.2817 -0.3672 0.8865
vn 0.2817 0.8865 0.3672
vn 0.3672 0.2817 0.8865
vn 0.8865 0.3672 0.2817
vn -0.3672 -0.8865 -0.2817
vn -0.8865 -0.2817 -0.3672
vn -0.2817 -0.3672 -0.8865
vn -0.2817 0.8865 -0.3672
vn -0.3672 0.2817 -0.8865
vn -0.8865 0.3672 -0.2817
vn -0.2817 -0.8865 0.3672
vn -0.3672 -0.2817 0.8865
vn -0.8865 -0.3672 0.2817
vn -0.3672 0.8865 0.2817
vn -0.8865 0.2817 0.3672
vn -0.2817 0.3672 0.8865
s 0
g rts_barracks_buttress_0_M_steel
usemtl M_steel
f 281/85/391 285/82/391 287/46/391
f 281/85/415 287/46/415 298/43/415
f 281/85/415 298/43/415 295/84/415
f 281/85/445 284/86/445 285/82/445
f 282/255/392 285/218/392 284/183/392
f 282/255/446 286/256/446 285/218/446
f 283/245/393 285/157/393 286/244/393
f 283/245/447 287/159/447 285/157/447
f 284/183/436 311/254/436 282/255/436
f 284/183/436 315/122/436 311/254/436
f 287/159/416 283/245/416 296/246/416
f 287/159/416 296/246/416 298/162/416
f 288/420/394 292/504/394 294/421/394
f 288/420/417 286/256/417 282/255/417
f 288/420/417 294/421/417 286/256/417
f 288/420/448 291/503/448 292/504/448
f 289/583/395 292/626/395 291/584/395
f 289/583/437 291/584/437 319/546/437
f 289/583/437 319/546/437 316/548/437
f 289/583/449 293/624/449 292/626/449
f 290/410/396 292/447/396 293/479/396
f 290/410/440 296/246/440 283/245/440
f 290/410/440 304/411/440 296/246/440
f 290/410/450 294/409/450 292/447/450
f 294/409/418 283/245/418 286/244/418
f 294/409/418 290/410/418 283/245/418
f 295/84/397 299/41/397 301/83/397
f 295/84/423 301/83/423 326/121/423
f 295/84/423 326/121/423 323/119/423
f 295/84/451 298/43/451 299/41/451
f 296/246/398 299/200/398 298/162/398
f 296/246/452 300/247/452 299/200/452
f 297/248/399 299/200/399 300/247/399
f 297/248/421 300/247/421 307/412/421
f 297/248/421 307/412/421 303/413/421
f 297/248/453 301/172/453 299/200/453
f 300/247/422 296/246/422 304/411/422
f 300/247/422 304/411/422 307/412/422
f 302/582/400 306/585/400 308/621/400
f 302/582/419 293/624/419 289/583/419
f 302/582/419 308/621/419 293/624/419
f 302/582/442 289/583/442 316/548/442
f 302/582/442 316/548/442 330/547/442
f 302/582/454 305/581/454 306/585/454
f 303/413/401 306/465/401 305/492/401
f 303/413/443 324/249/443 297/248/443
f 303/413/443 332/414/443 324/249/443
f 303/413/455 307/412/455 306/465/455
f 304/411/402 306/465/402 307/412/402
f 304/411/456 308/482/456 306/465/456
f 305/492/426 332/414/426 303/413/426
f 305/492/426 336/545/426 332/414/426
f 308/482/420 290/410/420 293/479/420
f 308/482/420 304/411/420 290/410/420
f 309/120/403 313/197/403 315/122/403
f 309/120/435 284/86/435 281/85/435
f 309/120/435 315/122/435 284/86/435
f 309/120/457 312/179/457 313/197/457
f 310/252/404 313/197/404 312/179/404
f 310/252/458 314/253/458 313/197/458
f 311/254/405 313/197/405 314/253/405
f 311/254/433 314/253/433 321/418/433
f 311/254/433 321/418/433 317/419/433
f 311/254/459 315/122/459 313/197/459
f 314/253/434 310/252/434 318/417/434
f 314/253/434 318/417/434 321/418/434
f 316/548/406 320/538/406 322/499/406
f 316/548/431 322/499/431 333/496/431
f 316/548/431 333/496/431 330/547/431
f 316/548/460 319/546/460 320/538/460
f 317/419/407 320/538/407 319/546/407
f 317/419/441 282/255/441 311/254/441
f 317/419/441 288/420/441 282/255/441
f 317/419/461 321/418/461 320/538/461
f 318/417/408 320/538/408 321/418/408
f 318/417/462 322/499/462 320/538/462
f 319/546/438 288/420/438 317/419/438
f 319/546/438 291/503/438 288/420/438
f 322/499/432 318/417/432 331/416/432
f 322/499/432 331/416/432 333/496/432
f 323/119/409 327/129/409 329/176/409
f 323/119/429 312/179/429 309/120/429
f 323/119/429 329/176/429 312/179/429
f 323/119/439 281/85/439 295/84/439
f 323/119/439 309/120/439 281/85/439
f 323/119/463 326/121/463 327/129/463
f 324/249/410 327/129/410 326/121/410
f 324/249/464 328/250/464 327/129/464
f 325/251/411 327/129/411 328/250/411
f 325/251/427 328/250/427 335/415/427
f 325/251/427 335/415/427 331/416/427
f 325/251/465 329/176/465 327/129/465
f 326/121/424 297/248/424 324/249/424
f 326/121/424 301/172/424 297/248/424
f 328/250/428 324/249/428 332/414/428
f 328/250/428 332/414/428 335/415/428
f 329/176/430 310/252/430 312/179/430
f 329/176/430 325/251/430 310/252/430
f 330/547/412 334/468/412 336/545/412
f 330/547/425 305/581/425 302/582/425
f 330/547/425 336/545/425 305/581/425
f 330/547/466 333/496/466 334/468/466
f 331/416/413 334/468/413 333/496/413
f 331/416/444 310/252/444 325/251/444
f 331/416/444 318/417/444 310/252/444
f 331/416/467 335/415/467 334/468/467
f 332/414/414 334/468/414 335/415/414
f 332/414/468 336/545/468 334/468/468
g rts_barracks_buttress_1_Cube.186
v -0.675000 0.060000 -0.505000
v -0.675000 0.095000 -0.540000
v -0.640000 0.095000 -0.505000
v -0.675000 0.070251 -0.529749
v -0.654793 0.074793 -0.525207
v -0.650251 0.095000 -0.529749
v -0.650251 0.070251 -0.505000
v -0.675000 0.865000 -0.540000
v -0.675000 0.900000 -0.505000
v -0.640000 0.865000 -0.505000
v -0.675000 0.889749 -0.529749
v -0.654793 0.885207 -0.525207
v -0.650251 0.889749 -0.505000
v -0.650251 0.865000 -0.529749
v -0.675000 0.060000 -0.355000
v -0.640000 0.095000 -0.355000
v -0.675000 0.095000 -0.320000
v -0.650251 0.070251 -0.355000
v -0.654793 0.074793 -0.334793
v -0.650251 0.095000 -0.330251
v -0.675000 0.070251 -0.330251
v -0.675000 0.900000 -0.355000
v -0.675000 0.865000 -0.320000
v -0.640000 0.865000 -0.355000
v -0.675000 0.889749 -0.330251
v -0.654793 0.885207 -0.334793
v -0.650251 0.865000 -0.330251
v -0.650251 0.889749 -0.355000
v -0.805000 0.060000 -0.505000
v -0.840000 0.095000 -0.505000
v -0.805000 0.095000 -0.540000
v -0.829749 0.070251 -0.505000
v -0.825207 0.074793 -0.525207
v -0.829749 0.095000 -0.529749
v -0.805000 0.070251 -0.529749
v -0.805000 0.900000 -0.505000
v -0.805000 0.865000 -0.540000
v -0.840000 0.865000 -0.505000
v -0.805000 0.889749 -0.529749
v -0.825207 0.885207 -0.525207
v -0.829749 0.865000 -0.529749
v -0.829749 0.889749 -0.505000
v -0.805000 0.060000 -0.355000
v -0.805000 0.095000 -0.320000
v -0.840000 0.095000 -0.355000
v -0.805000 0.070251 -0.330251
v -0.825207 0.074793 -0.334793
v -0.829749 0.095000 -0.330251
v -0.829749 0.070251 -0.355000
v -0.805000 0.900000 -0.355000
v -0.840000 0.865000 -0.355000
v -0.805000 0.865000 -0.320000
v -0.829749 0.889749 -0.355000
v -0.825207 0.885207 -0.334793
v -0.829749 0.865000 -0.330251
v -0.805000 0.889749 -0.330251
vn 0.3672 -0.8865 -0.2817
vn 0.2817 -0.3672 -0.8865
vn 0.8865 -0.2817 -0.3672
vn 0.3672 0.2817 -0.8865
vn 0.2817 0.8865 -0.3672
vn 0.8865 0.3672 -0.2817
vn 0.2817 -0.8865 0.3672
vn 0.8865 -0.3672 0.2817
vn 0.3672 -0.2817 0.8865
vn 0.3672 0.8865 0.2817
vn 0.2817 0.3672 0.8865
vn 0.8865 0.2817 0.3672
vn -0.2817 -0.8865 -0.3672
vn -0.8865 -0.3672 -0.2817
vn -0.3672 -0.2817 -0.8865
vn -0.3672 0.8865 -0.2817
vn -0.2817 0.3672 -0.8865
vn -0.8865 0.2817 -0.3672
vn -0.3672 -0.8865 0.2817
vn -0.2817 -0.3672 0.8865
vn -0.8865 -0.2817 0.3672
vn -0.2817 0.8865 0.3672
vn -0.8865 0.3672 0.2817
vn -0.3672 0.2817 0.8865
vn 0.3827 -0.9239 -0.0000
vn 0.9239 -0.3827 -0.0000
vn 0.3827 -0.0000 -0.9239
vn 0.9239 -0.0000 -0.3827
vn 0.3827 0.9239 -0.0000
vn 0.9239 0.3827 -0.0000
vn 0.3827 -0.0000 0.9239
vn 0.9239 -0.0000 0.3827
vn -0.0000 -0.9239 0.3827
vn -0.0000 -0.3827 0.9239
vn -0.0000 0.9239 0.3827
vn -0.0000 0.3827 0.9239
vn -0.9239 -0.0000 0.3827
vn -0.3827 -0.0000 0.9239
vn -0.3827 -0.9239 -0.0000
vn -0.9239 -0.3827 -0.0000
vn -0.3827 0.9239 -0.0000
vn -0.9239 0.3827 -0.0000
vn -0.3827 -0.0000 -0.9239
vn -0.9239 -0.0000 -0.3827
vn -0.0000 -0.9239 -0.3827
vn -0.0000 -0.3827 -0.9239
vn -0.0000 0.9239 -0.3827
vn -0.0000 0.3827 -0.9239
vn -0.0000 -1.0000 -0.0000
vn 1.0000 -0.0000 -0.0000
vn -0.0000 -0.0000 -1.0000
vn -0.0000 1.0000 -0.0000
vn -0.0000 -0.0000 1.0000
vn -1.0000 -0.0000 -0.0000
vn 0.2817 -0.8865 -0.3672
vn 0.3672 -0.2817 -0.8865
vn 0.8865 -0.3672 -0.2817
vn 0.2817 0.3672 -0.8865
vn 0.3672 0.8865 -0.2817
vn 0.8865 0.2817 -0.3672
vn 0.3672 -0.8865 0.2817
vn 0.8865 -0.2817 0.3672
vn 0.2817 -0.3672 0.8865
vn 0.2817 0.8865 0.3672
vn 0.3672 0.2817 0.8865
vn 0.8865 0.3672 0.2817
vn -0.3672 -0.8865 -0.2817
vn -0.8865 -0.2817 -0.3672
vn -0.2817 -0.3672 -0.8865
vn -0.2817 0.8865 -0.3672
vn -0.3672 0.2817 -0.8865
vn -0.8865 0.3672 -0.2817
vn -0.2817 -0.8865 0.3672
vn -0.3672 -0.2817 0.8865
vn -0.8865 -0.3672 0.2817
vn -0.3672 0.8865 0.2817
vn -0.8865 0.2817 0.3672
vn -0.2817 0.3672 0.8865
s 0
g rts_barracks_buttress_1_M_steel
usemtl M_steel
f 337/85/469 341/82/469 343/46/469
f 337/85/493 343/46/493 354/43/493
f 337/85/493 354/43/493 351/84/493
f 337/85/523 340/86/523 341/82/523
f 338/255/470 341/218/470 340/183/470
f 338/255/524 342/256/524 341/218/524
f 339/245/471 341/157/471 342/244/471
f 339/245/525 343/159/525 341/157/525
f 340/183/514 367/254/514 338/255/514
f 340/183/514 371/122/514 367/254/514
f 343/159/494 339/245/494 352/246/494
f 343/159/494 352/246/494 354/162/494
f 344/420/472 348/504/472 350/421/472
f 344/420/495 342/256/495 338/255/495
f 344/420/495 350/421/495 342/256/495
f 344/420/526 347/503/526 348/504/526
f 345/583/473 348/626/473 347/584/473
f 345/583/515 347/584/515 375/546/515
f 345/583/515 375/546/515 372/548/515
f 345/583/527 349/624/527 348/626/527
f 346/410/474 348/447/474 349/479/474
f 346/410/518 352/246/518 339/245/518
f 346/410/518 360/411/518 352/246/518
f 346/410/528 350/409/528 348/447/528
f 350/409/496 339/245/496 342/244/496
f 350/409/496 346/410/496 339/245/496
f 351/84/475 355/41/475 357/83/475
f 351/84/501 357/83/501 382/121/501
f 351/84/501 382/121/501 379/119/501
f 351/84/529 354/43/529 355/41/529
f 352/246/476 355/200/476 354/162/476
f 352/246/530 356/247/530 355/200/530
f 353/248/477 355/200/477 356/247/477
f 353/248/499 356/247/499 363/412/499
f 353/248/499 363/412/499 359/413/499
f 353/248/531 357/172/531 355/200/531
f 356/247/500 352/246/500 360/411/500
f 356/247/500 360/411/500 363/412/500
f 358/582/478 362/585/478 364/621/478
f 358/582/497 349/624/497 345/583/497
f 358/582/497 364/621/497 349/624/497
f 358/582/520 345/583/520 372/548/520
f 358/582/520 372/548/520 386/547/520
f 358/582/532 361/581/532 362/585/532
f 359/413/479 362/465/479 361/492/479
f 359/413/521 380/249/521 353/248/521
f 359/413/521 388/414/521 380/249/521
f 359/413/533 363/412/533 362/465/533
f 360/411/480 362/465/480 363/412/480
f 360/411/534 364/482/534 362/465/534
f 361/492/504 388/414/504 359/413/504
f 361/492/504 392/545/504 388/414/504
f 364/482/498 346/410/498 349/479/498
f 364/482/498 360/411/498 346/410/498
f 365/120/481 369/197/481 371/122/481
f 365/120/513 340/86/513 337/85/513
f 365/120/513 371/122/513 340/86/513
f 365/120/535 368/179/535 369/197/535
f 366/252/482 369/197/482 368/179/482
f 366/252/536 370/253/536 369/197/536
f 367/254/483 369/197/483 370/253/483
f 367/254/511 370/253/511 377/418/511
f 367/254/511 377/418/511 373/419/511
f 367/254/537 371/122/537 369/197/537
f 370/253/512 366/252/512 374/417/512
f 370/253/512 374/417/512 377/418/512
f 372/548/484 376/538/484 378/499/484
f 372/548/509 378/499/509 389/496/509
f 372/548/509 389/496/509 386/547/509
f 372/548/538 375/546/538 376/538/538
f 373/419/485 376/538/485 375/546/485
f 373/419/519 338/255/519 367/254/519
f 373/419/519 344/420/519 338/255/519
f 373/419/539 377/418/539 376/538/539
f 374/417/486 376/538/486 377/418/486
f 374/417/540 378/499/540 376/538/540
f 375/546/516 344/420/516 373/419/516
f 375/546/516 347/503/516 344/420/516
f 378/499/510 374/417/510 387/416/510
f 378/499/510 387/416/510 389/496/510
f 379/119/487 383/129/487 385/176/487
f 379/119/507 368/179/507 365/120/507
f 379/119/507 385/176/507 368/179/507
f 379/119/517 337/85/517 351/84/517
f 379/119/517 365/120/517 337/85/517
f 379/119/541 382/121/541 383/129/541
f 380/249/488 383/129/488 382/121/488
f 380/249/542 384/250/542 383/129/542
f 381/251/489 383/129/489 384/250/489
f 381/251/505 384/250/505 391/415/505
f 381/251/505 391/415/505 387/416/505
f 381/251/543 385/176/543 383/129/543
f 382/121/502 353/248/502 380/249/502
f 382/121/502 357/172/502 353/248/502
f 384/250/506 380/249/506 388/414/506
f 384/250/506 388/414/506 391/415/506
f 385/176/508 366/252/508 368/179/508
f 385/176/508 381/251/508 366/252/508
f 386/547/490 390/468/490 392/545/490
f 386/547/503 361/581/503 358/582/503
f 386/547/503 392/545/503 361/581/503
f 386/547/544 389/496/544 390/468/544
f 387/416/491 390/468/491 389/496/491
f 387/416/522 366/252/522 381/251/522
f 387/416/522 374/417/522 366/252/522
f 387/416/545 391/415/545 390/468/545
f 388/414/492 390/468/492 391/415/492
f 388/414/546 392/545/546 390/468/546
g rts_barracks_buttress_2_Cube.187
v 0.805000 0.060000 0.355000
v 0.805000 0.095000 0.320000
v 0.840000 0.095000 0.355000
v 0.805000 0.070251 0.330251
v 0.825207 0.074793 0.334793
v 0.829749 0.095000 0.330251
v 0.829749 0.070251 0.355000
v 0.805000 0.865000 0.320000
v 0.805000 0.900000 0.355000
v 0.840000 0.865000 0.355000
v 0.805000 0.889749 0.330251
v 0.825207 0.885207 0.334793
v 0.829749 0.889749 0.355000
v 0.829749 0.865000 0.330251
v 0.805000 0.060000 0.505000
v 0.840000 0.095000 0.505000
v 0.805000 0.095000 0.540000
v 0.829749 0.070251 0.505000
v 0.825207 0.074793 0.525207
v 0.829749 0.095000 0.529749
v 0.805000 0.070251 0.529749
v 0.805000 0.900000 0.505000
v 0.805000 0.865000 0.540000
v 0.840000 0.865000 0.505000
v 0.805000 0.889749 0.529749
v 0.825207 0.885207 0.525207
v 0.829749 0.865000 0.529749
v 0.829749 0.889749 0.505000
v 0.675000 0.060000 0.355000
v 0.640000 0.095000 0.355000
v 0.675000 0.095000 0.320000
v 0.650251 0.070251 0.355000
v 0.654793 0.074793 0.334793
v 0.650251 0.095000 0.330251
v 0.675000 0.070251 0.330251
v 0.675000 0.900000 0.355000
v 0.675000 0.865000 0.320000
v 0.640000 0.865000 0.355000
v 0.675000 0.889749 0.330251
v 0.654793 0.885207 0.334793
v 0.650251 0.865000 0.330251
v 0.650251 0.889749 0.355000
v 0.675000 0.060000 0.505000
v 0.675000 0.095000 0.540000
v 0.640000 0.095000 0.505000
v 0.675000 0.070251 0.529749
v 0.654793 0.074793 0.525207
v 0.650251 0.095000 0.529749
v 0.650251 0.070251 0.505000
v 0.675000 0.900000 0.505000
v 0.640000 0.865000 0.505000
v 0.675000 0.865000 0.540000
v 0.650251 0.889749 0.505000
v 0.654793 0.885207 0.525207
v 0.650251 0.865000 0.529749
v 0.675000 0.889749 0.529749
vn 0.3672 -0.8865 -0.2817
vn 0.2817 -0.3672 -0.8865
vn 0.8865 -0.2817 -0.3672
vn 0.3672 0.2817 -0.8865
vn 0.2817 0.8865 -0.3672
vn 0.8865 0.3672 -0.2817
vn 0.2817 -0.8865 0.3672
vn 0.8865 -0.3672 0.2817
vn 0.3672 -0.2817 0.8865
vn 0.3672 0.8865 0.2817
vn 0.2817 0.3672 0.8865
vn 0.8865 0.2817 0.3672
vn -0.2817 -0.8865 -0.3672
vn -0.8865 -0.3672 -0.2817
vn -0.3672 -0.2817 -0.8865
vn -0.3672 0.8865 -0.2817
vn -0.2817 0.3672 -0.8865
vn -0.8865 0.2817 -0.3672
vn -0.3672 -0.8865 0.2817
vn -0.2817 -0.3672 0.8865
vn -0.8865 -0.2817 0.3672
vn -0.2817 0.8865 0.3672
vn -0.8865 0.3672 0.2817
vn -0.3672 0.2817 0.8865
vn 0.3827 -0.9239 -0.0000
vn 0.9239 -0.3827 -0.0000
vn 0.3827 -0.0000 -0.9239
vn 0.9239 -0.0000 -0.3827
vn 0.3827 0.9239 -0.0000
vn 0.9239 0.3827 -0.0000
vn 0.3827 -0.0000 0.9239
vn 0.9239 -0.0000 0.3827
vn -0.0000 -0.9239 0.3827
vn -0.0000 -0.3827 0.9239
vn -0.0000 0.9239 0.3827
vn -0.0000 0.3827 0.9239
vn -0.9239 -0.0000 0.3827
vn -0.3827 -0.0000 0.9239
vn -0.3827 -0.9239 -0.0000
vn -0.9239 -0.3827 -0.0000
vn -0.3827 0.9239 -0.0000
vn -0.9239 0.3827 -0.0000
vn -0.3827 -0.0000 -0.9239
vn -0.9239 -0.0000 -0.3827
vn -0.0000 -0.9239 -0.3827
vn -0.0000 -0.3827 -0.9239
vn -0.0000 0.9239 -0.3827
vn -0.0000 0.3827 -0.9239
vn -0.0000 -1.0000 -0.0000
vn 1.0000 -0.0000 -0.0000
vn -0.0000 -0.0000 -1.0000
vn -0.0000 1.0000 -0.0000
vn -0.0000 -0.0000 1.0000
vn -1.0000 -0.0000 -0.0000
vn 0.2817 -0.8865 -0.3672
vn 0.3672 -0.2817 -0.8865
vn 0.8865 -0.3672 -0.2817
vn 0.2817 0.3672 -0.8865
vn 0.3672 0.8865 -0.2817
vn 0.8865 0.2817 -0.3672
vn 0.3672 -0.8865 0.2817
vn 0.8865 -0.2817 0.3672
vn 0.2817 -0.3672 0.8865
vn 0.2817 0.8865 0.3672
vn 0.3672 0.2817 0.8865
vn 0.8865 0.3672 0.2817
vn -0.3672 -0.8865 -0.2817
vn -0.8865 -0.2817 -0.3672
vn -0.2817 -0.3672 -0.8865
vn -0.2817 0.8865 -0.3672
vn -0.3672 0.2817 -0.8865
vn -0.8865 0.3672 -0.2817
vn -0.2817 -0.8865 0.3672
vn -0.3672 -0.2817 0.8865
vn -0.8865 -0.3672 0.2817
vn -0.3672 0.8865 0.2817
vn -0.8865 0.2817 0.3672
vn -0.2817 0.3672 0.8865
s 0
g rts_barracks_buttress_2_M_steel
usemtl M_steel
f 393/85/547 397/82/547 399/46/547
f 393/85/571 399/46/571 410/43/571
f 393/85/571 410/43/571 407/84/571
f 393/85/601 396/86/601 397/82/601
f 394/255/548 397/218/548 396/183/548
f 394/255/602 398/256/602 397/218/602
f 395/245/549 397/157/549 398/244/549
f 395/245/603 399/159/603 397/157/603
f 396/183/592 423/254/592 394/255/592
f 396/183/592 427/122/592 423/254/592
f 399/159/572 395/245/572 408/246/572
f 399/159/572 408/246/572 410/162/572
f 400/420/550 404/504/550 406/421/550
f 400/420/573 398/256/573 394/255/573
f 400/420/573 406/421/573 398/256/573
f 400/420/604 403/503/604 404/504/604
f 401/583/551 404/626/551 403/584/551
f 401/583/593 403/584/593 431/546/593
f 401/583/593 431/546/593 428/548/593
f 401/583/605 405/624/605 404/626/605
f 402/410/552 404/447/552 405/479/552
f 402/410/596 408/246/596 395/245/596
f 402/410/596 416/411/596 408/246/596
f 402/410/606 406/409/606 404/447/606
f 406/409/574 395/245/574 398/244/574
f 406/409/574 402/410/574 395/245/574
f 407/84/553 411/41/553 413/83/553
f 407/84/579 413/83/579 438/121/579
f 407/84/579 438/121/579 435/119/579
f 407/84/607 410/43/607 411/41/607
f 408/246/554 411/200/554 410/162/554
f 408/246/608 412/247/608 411/200/608
f 409/248/555 411/200/555 412/247/555
f 409/248/577 412/247/577 419/412/577
f 409/248/577 419/412/577 415/413/577
f 409/248/609 413/172/609 411/200/609
f 412/247/578 408/246/578 416/411/578
f 412/247/578 416/411/578 419/412/578
f 414/582/556 418/585/556 420/621/556
f 414/582/575 405/624/575 401/583/575
f 414/582/575 420/621/575 405/624/575
f 414/582/598 401/583/598 428/548/598
f 414/582/598 428/548/598 442/547/598
f 414/582/610 417/581/610 418/585/610
f 415/413/557 418/465/557 417/492/557
f 415/413/599 436/249/599 409/248/599
f 415/413/599 444/414/599 436/249/599
f 415/413/611 419/412/611 418/465/611
f 416/411/558 418/465/558 419/412/558
f 416/411/612 420/482/612 418/465/612
f 417/492/582 444/414/582 415/413/582
f 417/492/582 448/545/582 444/414/582
f 420/482/576 402/410/576 405/479/576
f 420/482/576 416/411/576 402/410/576
f 421/120/559 425/197/559 427/122/559
f 421/120/591 396/86/591 393/85/591
f 421/120/591 427/122/591 396/86/591
f 421/120/613 424/179/613 425/197/613
f 422/252/560 425/197/560 424/179/560
f 422/252/614 426/253/614 425/197/614
f 423/254/561 425/197/561 426/253/561
f 423/254/589 426/253/589 433/418/589
f 423/254/589 433/418/589 429/419/589
f 423/254/615 427/122/615 425/197/615
f 426/253/590 422/252/590 430/417/590
f 426/253/590 430/417/590 433/418/590
f 428/548/562 432/538/562 434/499/562
f 428/548/587 434/499/587 445/496/587
f 428/548/587 445/496/587 442/547/587
f 428/548/616 431/546/616 432/538/616
f 429/419/563 432/538/563 431/546/563
f 429/419/597 394/255/597 423/254/597
f 429/419/597 400/420/597 394/255/597
f 429/419/617 433/418/617 432/538/617
f 430/417/564 432/538/564 433/418/564
f 430/417/618 434/499/618 432/538/618
f 431/546/594 400/420/594 429/419/594
f 431/546/594 403/503/594 400/420/594
f 434/499/588 430/417/588 443/416/588
f 434/499/588 443/416/588 445/496/588
f 435/119/565 439/129/565 441/176/565
f 435/119/585 424/179/585 421/120/585
f 435/119/585 441/176/585 424/179/585
f 435/119/595 393/85/595 407/84/595
f 435/119/595 421/120/595 393/85/595
f 435/119/619 438/121/619 439/129/619
f 436/249/566 439/129/566 438/121/566
f 436/249/620 440/250/620 439/129/620
f 437/251/567 439/129/567 440/250/567
f 437/251/583 440/250/583 447/415/583
f 437/251/583 447/415/583 443/416/583
f 437/251/621 441/176/621 439/129/621
f 438/121/580 409/248/580 436/249/580
f 438/121/580 413/172/580 409/248/580
f 440/250/584 436/249/584 444/414/584
f 440/250/584 444/414/584 447/415/584
f 441/176/586 422/252/586 424/179/586
f 441/176/586 437/251/586 422/252/586
f 442/547/568 446/468/568 448/545/568
f 442/547/581 417/581/581 414/582/581
f 442/547/581 448/545/581 417/581/581
f 442/547/622 445/496/622 446/468/622
f 443/416/569 446/468/569 445/496/569
f 443/416/600 422/252/600 437/251/600
f 443/416/600 430/417/600 422/252/600
f 443/416/623 447/415/623 446/468/623
f 444/414/570 446/468/570 447/415/570
f 444/414/624 448/545/624 446/468/624
g rts_barracks_buttress_3_Cube.188
v -0.675000 0.060000 0.355000
v -0.675000 0.095000 0.320000
v -0.640000 0.095000 0.355000
v -0.675000 0.070251 0.330251
v -0.654793 0.074793 0.334793
v -0.650251 0.095000 0.330251
v -0.650251 0.070251 0.355000
v -0.675000 0.865000 0.320000
v -0.675000 0.900000 0.355000
v -0.640000 0.865000 0.355000
v -0.675000 0.889749 0.330251
v -0.654793 0.885207 0.334793
v -0.650251 0.889749 0.355000
v -0.650251 0.865000 0.330251
v -0.675000 0.060000 0.505000
v -0.640000 0.095000 0.505000
v -0.675000 0.095000 0.540000
v -0.650251 0.070251 0.505000
v -0.654793 0.074793 0.525207
v -0.650251 0.095000 0.529749
v -0.675000 0.070251 0.529749
v -0.675000 0.900000 0.505000
v -0.675000 0.865000 0.540000
v -0.640000 0.865000 0.505000
v -0.675000 0.889749 0.529749
v -0.654793 0.885207 0.525207
v -0.650251 0.865000 0.529749
v -0.650251 0.889749 0.505000
v -0.805000 0.060000 0.355000
v -0.840000 0.095000 0.355000
v -0.805000 0.095000 0.320000
v -0.829749 0.070251 0.355000
v -0.825207 0.074793 0.334793
v -0.829749 0.095000 0.330251
v -0.805000 0.070251 0.330251
v -0.805000 0.900000 0.355000
v -0.805000 0.865000 0.320000
v -0.840000 0.865000 0.355000
v -0.805000 0.889749 0.330251
v -0.825207 0.885207 0.334793
v -0.829749 0.865000 0.330251
v -0.829749 0.889749 0.355000
v -0.805000 0.060000 0.505000
v -0.805000 0.095000 0.540000
v -0.840000 0.095000 0.505000
v -0.805000 0.070251 0.529749
v -0.825207 0.074793 0.525207
v -0.829749 0.095000 0.529749
v -0.829749 0.070251 0.505000
v -0.805000 0.900000 0.505000
v -0.840000 0.865000 0.505000
v -0.805000 0.865000 0.540000
v -0.829749 0.889749 0.505000
v -0.825207 0.885207 0.525207
v -0.829749 0.865000 0.529749
v -0.805000 0.889749 0.529749
vn 0.3672 -0.8865 -0.2817
vn 0.2817 -0.3672 -0.8865
vn 0.8865 -0.2817 -0.3672
vn 0.3672 0.2817 -0.8865
vn 0.2817 0.8865 -0.3672
vn 0.8865 0.3672 -0.2817
vn 0.2817 -0.8865 0.3672
vn 0.8865 -0.3672 0.2817
vn 0.3672 -0.2817 0.8865
vn 0.3672 0.8865 0.2817
vn 0.2817 0.3672 0.8865
vn 0.8865 0.2817 0.3672
vn -0.2817 -0.8865 -0.3672
vn -0.8865 -0.3672 -0.2817
vn -0.3672 -0.2817 -0.8865
vn -0.3672 0.8865 -0.2817
vn -0.2817 0.3672 -0.8865
vn -0.8865 0.2817 -0.3672
vn -0.3672 -0.8865 0.2817
vn -0.2817 -0.3672 0.8865
vn -0.8865 -0.2817 0.3672
vn -0.2817 0.8865 0.3672
vn -0.8865 0.3672 0.2817
vn -0.3672 0.2817 0.8865
vn 0.3827 -0.9239 -0.0000
vn 0.9239 -0.3827 -0.0000
vn 0.3827 -0.0000 -0.9239
vn 0.9239 -0.0000 -0.3827
vn 0.3827 0.9239 -0.0000
vn 0.9239 0.3827 -0.0000
vn 0.3827 -0.0000 0.9239
vn 0.9239 -0.0000 0.3827
vn -0.0000 -0.9239 0.3827
vn -0.0000 -0.3827 0.9239
vn -0.0000 0.9239 0.3827
vn -0.0000 0.3827 0.9239
vn -0.9239 -0.0000 0.3827
vn -0.3827 -0.0000 0.9239
vn -0.3827 -0.9239 -0.0000
vn -0.9239 -0.3827 -0.0000
vn -0.3827 0.9239 -0.0000
vn -0.9239 0.3827 -0.0000
vn -0.3827 -0.0000 -0.9239
vn -0.9239 -0.0000 -0.3827
vn -0.0000 -0.9239 -0.3827
vn -0.0000 -0.3827 -0.9239
vn -0.0000 0.9239 -0.3827
vn -0.0000 0.3827 -0.9239
vn -0.0000 -1.0000 -0.0000
vn 1.0000 -0.0000 -0.0000
vn -0.0000 -0.0000 -1.0000
vn -0.0000 1.0000 -0.0000
vn -0.0000 -0.0000 1.0000
vn -1.0000 -0.0000 -0.0000
vn 0.2817 -0.8865 -0.3672
vn 0.3672 -0.2817 -0.8865
vn 0.8865 -0.3672 -0.2817
vn 0.2817 0.3672 -0.8865
vn 0.3672 0.8865 -0.2817
vn 0.8865 0.2817 -0.3672
vn 0.3672 -0.8865 0.2817
vn 0.8865 -0.2817 0.3672
vn 0.2817 -0.3672 0.8865
vn 0.2817 0.8865 0.3672
vn 0.3672 0.2817 0.8865
vn 0.8865 0.3672 0.2817
vn -0.3672 -0.8865 -0.2817
vn -0.8865 -0.2817 -0.3672
vn -0.2817 -0.3672 -0.8865
vn -0.2817 0.8865 -0.3672
vn -0.3672 0.2817 -0.8865
vn -0.8865 0.3672 -0.2817
vn -0.2817 -0.8865 0.3672
vn -0.3672 -0.2817 0.8865
vn -0.8865 -0.3672 0.2817
vn -0.3672 0.8865 0.2817
vn -0.8865 0.2817 0.3672
vn -0.2817 0.3672 0.8865
s 0
g rts_barracks_buttress_3_M_steel
usemtl M_steel
f 449/85/625 453/82/625 455/46/625
f 449/85/649 455/46/649 466/43/649
f 449/85/649 466/43/649 463/84/649
f 449/85/679 452/86/679 453/82/679
f 450/255/626 453/218/626 452/183/626
f 450/255/680 454/256/680 453/218/680
f 451/245/627 453/157/627 454/244/627
f 451/245/681 455/159/681 453/157/681
f 452/183/670 479/254/670 450/255/670
f 452/183/670 483/122/670 479/254/670
f 455/159/650 451/245/650 464/246/650
f 455/159/650 464/246/650 466/162/650
f 456/420/628 460/504/628 462/421/628
f 456/420/651 454/256/651 450/255/651
f 456/420/651 462/421/651 454/256/651
f 456/420/682 459/503/682 460/504/682
f 457/583/629 460/626/629 459/584/629
f 457/583/671 459/584/671 487/546/671
f 457/583/671 487/546/671 484/548/671
f 457/583/683 461/624/683 460/626/683
f 458/410/630 460/447/630 461/479/630
f 458/410/674 464/246/674 451/245/674
f 458/410/674 472/411/674 464/246/674
f 458/410/684 462/409/684 460/447/684
f 462/409/652 451/245/652 454/244/652
f 462/409/652 458/410/652 451/245/652
f 463/84/631 467/41/631 469/83/631
f 463/84/657 469/83/657 494/121/657
f 463/84/657 494/121/657 491/119/657
f 463/84/685 466/43/685 467/41/685
f 464/246/632 467/200/632 466/162/632
f 464/246/686 468/247/686 467/200/686
f 465/248/633 467/200/633 468/247/633
f 465/248/655 468/247/655 475/412/655
f 465/248/655 475/412/655 471/413/655
f 465/248/687 469/172/687 467/200/687
f 468/247/656 464/246/656 472/411/656
f 468/247/656 472/411/656 475/412/656
f 470/582/634 474/585/634 476/621/634
f 470/582/653 461/624/653 457/583/653
f 470/582/653 476/621/653 461/624/653
f 470/582/676 457/583/676 484/548/676
f 470/582/676 484/548/676 498/547/676
f 470/582/688 473/581/688 474/585/688
f 471/413/635 474/465/635 473/492/635
f 471/413/677 492/249/677 465/248/677
f 471/413/677 500/414/677 492/249/677
f 471/413/689 475/412/689 474/465/689
f 472/411/636 474/465/636 475/412/636
f 472/411/690 476/482/690 474/465/690
f 473/492/660 500/414/660 471/413/660
f 473/492/660 504/545/660 500/414/660
f 476/482/654 458/410/654 461/479/654
f 476/482/654 472/411/654 458/410/654
f 477/120/637 481/197/637 483/122/637
f 477/120/669 452/86/669 449/85/669
f 477/120/669 483/122/669 452/86/669
f 477/120/691 480/179/691 481/197/691
f 478/252/638 481/197/638 480/179/638
f 478/252/692 482/253/692 481/197/692
f 479/254/639 481/197/639 482/253/639
f 479/254/667 482/253/667 489/418/667
f 479/254/667 489/418/667 485/419/667
f 479/254/693 483/122/693 481/197/693
f 482/253/668 478/252/668 486/417/668
f 482/253/668 486/417/668 489/418/668
f 484/548/640 488/538/640 490/499/640
f 484/548/665 490/499/665 501/496/665
f 484/548/665 501/496/665 498/547/665
f 484/548/694 487/546/694 488/538/694
f 485/419/641 488/538/641 487/546/641
f 485/419/675 450/255/675 479/254/675
f 485/419/675 456/420/675 450/255/675
f 485/419/695 489/418/695 488/538/695
f 486/417/642 488/538/642 489/418/642
f 486/417/696 490/499/696 488/538/696
f 487/546/672 456/420/672 485/419/672
f 487/546/672 459/503/672 456/420/672
f 490/499/666 486/417/666 499/416/666
f 490/499/666 499/416/666 501/496/666
f 491/119/643 495/129/643 497/176/643
f 491/119/663 480/179/663 477/120/663
f 491/119/663 497/176/663 480/179/663
f 491/119/673 449/85/673 463/84/673
f 491/119/673 477/120/673 449/85/673
f 491/119/697 494/121/697 495/129/697
f 492/249/644 495/129/644 494/121/644
f 492/249/698 496/250/698 495/129/698
f 493/251/645 495/129/645 496/250/645
f 493/251/661 496/250/661 503/415/661
f 493/251/661 503/415/661 499/416/661
f 493/251/699 497/176/699 495/129/699
f 494/121/658 465/248/658 492/249/658
f 494/121/658 469/172/658 465/248/658
f 496/250/662 492/249/662 500/414/662
f 496/250/662 500/414/662 503/415/662
f 497/176/664 478/252/664 480/179/664
f 497/176/664 493/251/664 478/252/664
f 498/547/646 502/468/646 504/545/646
f 498/547/659 473/581/659 470/582/659
f 498/547/659 504/545/659 473/581/659
f 498/547/700 501/496/700 502/468/700
f 499/416/647 502/468/647 501/496/647
f 499/416/678 478/252/678 493/251/678
f 499/416/678 486/417/678 478/252/678
f 499/416/701 503/415/701 502/468/701
f 500/414/648 502/468/648 503/415/648
f 500/414/702 504/545/702 502/468/702
g rts_barracks_vent_0_Cylinder.089
v 0.480000 1.010000 0.324228
v 0.494266 1.025000 0.335365
v 0.465734 1.025000 0.335365
v 0.488093 1.014393 0.332751
v 0.480000 1.016340 0.335257
v 0.480000 1.025000 0.337285
v 0.471907 1.014393 0.332751
v 0.480000 1.350000 0.324228
v 0.465734 1.335000 0.335365
v 0.494266 1.335000 0.335365
v 0.471907 1.345607 0.332751
v 0.480000 1.343660 0.335257
v 0.480000 1.335000 0.337285
v 0.488093 1.345607 0.332751
v 0.406981 1.010000 0.300503
v 0.411976 1.025000 0.317898
v 0.388893 1.025000 0.301127
v 0.408518 1.014393 0.312155
v 0.400498 1.016340 0.309425
v 0.399306 1.025000 0.311066
v 0.395424 1.014393 0.302641
v 0.406981 1.350000 0.300503
v 0.388893 1.335000 0.301127
v 0.411976 1.335000 0.317898
v 0.395424 1.345607 0.302641
v 0.400498 1.343660 0.309425
v 0.399306 1.335000 0.311066
v 0.408518 1.345607 0.312155
v 0.361852 1.010000 0.238389
v 0.355669 1.025000 0.255398
v 0.346852 1.025000 0.228262
v 0.356247 1.014393 0.248719
v 0.351363 1.016340 0.241797
v 0.349434 1.025000 0.242423
v 0.351245 1.014393 0.233325
v 0.361852 1.350000 0.238389
v 0.346852 1.335000 0.228262
v 0.355669 1.335000 0.255398
v 0.351245 1.345607 0.233325
v 0.351363 1.343660 0.241797
v 0.349434 1.335000 0.242423
v 0.356247 1.345607 0.248719
v 0.361852 1.010000 0.161611
v 0.346852 1.025000 0.171738
v 0.355669 1.025000 0.144602
v 0.351245 1.014393 0.166675
v 0.351363 1.016340 0.158203
v 0.349434 1.025000 0.157577
v 0.356247 1.014393 0.151281
v 0.361852 1.350000 0.161611
v 0.355669 1.335000 0.144602
v 0.346852 1.335000 0.171738
v 0.356247 1.345607 0.151281
v 0.351363 1.343660 0.158203
v 0.349434 1.335000 0.157577
v 0.351245 1.345607 0.166675
v 0.406981 1.010000 0.099497
v 0.388893 1.025000 0.098873
v 0.411976 1.025000 0.082102
v 0.395424 1.014393 0.097359
v 0.400498 1.016340 0.090575
v 0.399306 1.025000 0.088934
v 0.408518 1.014393 0.087845
v 0.406981 1.350000 0.099497
v 0.411976 1.335000 0.082102
v 0.388893 1.335000 0.098873
v 0.408518 1.345607 0.087845
v 0.400498 1.343660 0.090575
v 0.399306 1.335000 0.088934
v 0.395424 1.345607 0.097359
v 0.480000 1.010000 0.075772
v 0.465734 1.025000 0.064635
v 0.494266 1.025000 0.064635
v 0.471907 1.014393 0.067249
v 0.480000 1.016340 0.064743
v 0.480000 1.025000 0.062715
v 0.488093 1.014393 0.067249
v 0.480000 1.350000 0.075772
v 0.494266 1.335000 0.064635
v 0.465734 1.335000 0.064635
v 0.488093 1.345607 0.067249
v 0.480000 1.343660 0.064743
v 0.480000 1.335000 0.062715
v 0.471907 1.345607 0.067249
v 0.553019 1.010000 0.099497
v 0.548024 1.025000 0.082102
v 0.571107 1.025000 0.098873
v 0.551482 1.014393 0.087845
v 0.559502 1.016340 0.090575
v 0.560694 1.025000 0.088934
v 0.564576 1.014393 0.097359
v 0.553019 1.350000 0.099497
v 0.571107 1.335000 0.098873
v 0.548024 1.335000 0.082102
v 0.564576 1.345607 0.097359
v 0.559502 1.343660 0.090575
v 0.560694 1.335000 0.088934
v 0.551482 1.345607 0.087845
v 0.598148 1.010000 0.161611
v 0.604331 1.025000 0.144602
v 0.613148 1.025000 0.171738
v 0.603753 1.014393 0.151281
v 0.608637 1.016340 0.158203
v 0.610566 1.025000 0.157577
v 0.608755 1.014393 0.166675
v 0.598148 1.350000 0.161611
v 0.613148 1.335000 0.171738
v 0.604331 1.335000 0.144602
v 0.608755 1.345607 0.166675
v 0.608637 1.343660 0.158203
v 0.610566 1.335000 0.157577
v 0.603753 1.345607 0.151281
v 0.598148 1.010000 0.238389
v 0.613148 1.025000 0.228262
v 0.604331 1.025000 0.255398
v 0.608755 1.014393 0.233325
v 0.608637 1.016340 0.241797
v 0.610566 1.025000 0.242423
v 0.603753 1.014393 0.248719
v 0.598148 1.350000 0.238389
v 0.604331 1.335000 0.255398
v 0.613148 1.335000 0.228262
v 0.603753 1.345607 0.248719
v 0.608637 1.343660 0.241797
v 0.610566 1.335000 0.242423
v 0.608755 1.345607 0.233325
v 0.553019 1.010000 0.300503
v 0.571107 1.025000 0.301127
v 0.548024 1.025000 0.317898
v 0.564576 1.014393 0.302641
v 0.559502 1.016340 0.309425
v 0.560694 1.025000 0.311066
v 0.551482 1.014393 0.312155
v 0.553019 1.350000 0.300503
v 0.548024 1.335000 0.317898
v 0.571107 1.335000 0.301127
v 0.551482 1.345607 0.312155
v 0.559502 1.343660 0.309425
v 0.560694 1.335000 0.311066
v 0.564576 1.345607 0.302641
vn 0.0541 -0.8657 0.4976
vn 0.1270 -0.3064 0.9434
vn -0.1270 -0.3064 0.9434
vn -0.0541 0.8657 0.4976
vn -0.1270 0.3064 0.9434
vn 0.1270 0.3064 0.9434
vn -0.2487 -0.8657 0.4344
vn -0.4518 -0.3064 0.8379
vn -0.6572 -0.3064 0.6886
vn -0.3363 0.8657 0.3708
vn -0.6572 0.3064 0.6886
vn -0.4518 0.3064 0.8379
vn -0.4565 -0.8657 0.2052
vn -0.8580 -0.3064 0.4123
vn -0.9365 -0.3064 0.1708
vn -0.4900 0.8657 0.1023
vn -0.9365 0.3064 0.1708
vn -0.8580 0.3064 0.4123
vn -0.4900 -0.8657 -0.1023
vn -0.9365 -0.3064 -0.1708
vn -0.8580 -0.3064 -0.4123
vn -0.4565 0.8657 -0.2052
vn -0.8580 0.3064 -0.4123
vn -0.9365 0.3064 -0.1708
vn -0.3363 -0.8657 -0.3708
vn -0.6572 -0.3064 -0.6886
vn -0.4518 -0.3064 -0.8379
vn -0.2487 0.8657 -0.4344
vn -0.4518 0.3064 -0.8379
vn -0.6572 0.3064 -0.6886
vn -0.0541 -0.8657 -0.4976
vn -0.1270 -0.3064 -0.9434
vn 0.1270 -0.3064 -0.9434
vn 0.0541 0.8657 -0.4976
vn 0.1270 0.3064 -0.9434
vn -0.1270 0.3064 -0.9434
vn 0.2487 -0.8657 -0.4344
vn 0.4518 -0.3064 -0.8379
vn 0.6572 -0.3064 -0.6886
vn 0.3363 0.8657 -0.3708
vn 0.6572 0.3064 -0.6886
vn 0.4518 0.3064 -0.8379
vn 0.4565 -0.8657 -0.2052
vn 0.8580 -0.3064 -0.4123
vn 0.9365 -0.3064 -0.1708
vn 0.4900 0.8657 -0.1023
vn 0.9365 0.3064 -0.1708
vn 0.8580 0.3064 -0.4123
vn 0.4900 -0.8657 0.1023
vn 0.9365 -0.3064 0.1708
vn 0.8580 -0.3064 0.4123
vn 0.4565 0.8657 0.2052
vn 0.8580 0.3064 0.4123
vn 0.9365 0.3064 0.1708
vn 0.3363 -0.8657 0.3708
vn 0.6572 -0.3064 0.6886
vn 0.4518 -0.3064 0.8379
vn 0.2487 0.8657 0.4344
vn 0.4518 0.3064 0.8379
vn 0.6572 0.3064 0.6886
vn -0.2855 -0.3827 0.8787
vn -0.1183 -0.9239 0.3640
vn -0.2855 0.3827 0.8787
vn -0.1183 0.9239 0.3640
vn 0.1334 -0.0000 0.9911
vn -0.1334 -0.0000 0.9911
vn -0.6904 -0.0000 0.7234
vn -0.4746 -0.0000 0.8802
vn -0.7474 -0.3827 0.5430
vn -0.3096 -0.9239 0.2249
vn -0.7474 0.3827 0.5430
vn -0.3096 0.9239 0.2249
vn -0.9838 -0.0000 0.1794
vn -0.9013 -0.0000 0.4331
vn -0.9239 -0.3827 -0.0000
vn -0.3827 -0.9239 -0.0000
vn -0.9239 0.3827 -0.0000
vn -0.3827 0.9239 -0.0000
vn -0.9013 -0.0000 -0.4331
vn -0.9838 -0.0000 -0.1794
vn -0.7474 -0.3827 -0.5430
vn -0.3096 -0.9239 -0.2249
vn -0.7474 0.3827 -0.5430
vn -0.3096 0.9239 -0.2249
vn -0.4746 -0.0000 -0.8802
vn -0.6904 -0.0000 -0.7234
vn -0.2855 -0.3827 -0.8787
vn -0.1183 -0.9239 -0.3640
vn -0.2855 0.3827 -0.8787
vn -0.1183 0.9239 -0.3640
vn 0.1334 -0.0000 -0.9911
vn -0.1334 -0.0000 -0.9911
vn 0.2855 -0.3827 -0.8787
vn 0.1183 -0.9239 -0.3640
vn 0.2855 0.3827 -0.8787
vn 0.1183 0.9239 -0.3640
vn 0.6904 -0.0000 -0.7234
vn 0.4746 -0.0000 -0.8802
vn 0.7474 -0.3827 -0.5430
vn 0.3096 -0.9239 -0.2249
vn 0.7474 0.3827 -0.5430
vn 0.3096 0.9239 -0.2249
vn 0.9838 -0.0000 -0.1794
vn 0.9013 -0.0000 -0.4331
vn 0.9239 -0.3827 -0.0000
vn 0.3827 -0.9239 -0.0000
vn 0.9239 0.3827 -0.0000
vn 0.3827 0.9239 -0.0000
vn 0.9013 -0.0000 0.4331
vn 0.9838 -0.0000 0.1794
vn 0.7474 -0.3827 0.5430
vn 0.3096 -0.9239 0.2249
vn 0.7474 0.3827 0.5430
vn 0.3096 0.9239 0.2249
vn 0.4746 -0.0000 0.8802
vn 0.6904 -0.0000 0.7234
vn 0.2855 -0.3827 0.8787
vn 0.1183 -0.9239 0.3640
vn 0.2855 0.3827 0.8787
vn 0.1183 0.9239 0.3640
vn -0.0000 -1.0000 -0.0000
vn -0.3090 -0.0000 0.9511
vn 0.3090 -0.0000 0.9511
vn -0.0000 1.0000 -0.0000
vn -0.8090 -0.0000 0.5878
vn -1.0000 -0.0000 -0.0000
vn -0.8090 -0.0000 -0.5878
vn -0.3090 -0.0000 -0.9511
vn 0.3090 -0.0000 -0.9511
vn 0.8090 -0.0000 -0.5878
vn 1.0000 -0.0000 -0.0000
vn 0.8090 -0.0000 0.5878
vn -0.0541 -0.8657 0.4976
vn 0.2395 -0.2213 0.9453
vn -0.2395 -0.2213 0.9453
vn 0.0541 0.8657 0.4976
vn -0.2395 0.2213 0.9453
vn 0.2395 0.2213 0.9453
vn -0.3363 -0.8657 0.3708
vn -0.3619 -0.2213 0.9056
vn -0.7494 -0.2213 0.6240
vn -0.2487 0.8657 0.4344
vn -0.7494 0.2213 0.6240
vn -0.3619 0.2213 0.9056
vn -0.4900 -0.8657 0.1023
vn -0.8251 -0.2213 0.5199
vn -0.9731 -0.2213 0.0643
vn -0.4565 0.8657 0.2052
vn -0.9731 0.2213 0.0643
vn -0.8251 0.2213 0.5199
vn -0.4565 -0.8657 -0.2052
vn -0.9731 -0.2213 -0.0643
vn -0.8251 -0.2213 -0.5199
vn -0.4900 0.8657 -0.1023
vn -0.8251 0.2213 -0.5199
vn -0.9731 0.2213 -0.0643
vn -0.2487 -0.8657 -0.4344
vn -0.7494 -0.2213 -0.6240
vn -0.3619 -0.2213 -0.9056
vn -0.3363 0.8657 -0.3708
vn -0.3619 0.2213 -0.9056
vn -0.7494 0.2213 -0.6240
vn 0.0541 -0.8657 -0.4976
vn -0.2395 -0.2213 -0.9453
vn 0.2395 -0.2213 -0.9453
vn -0.0541 0.8657 -0.4976
vn 0.2395 0.2213 -0.9453
vn -0.2395 0.2213 -0.9453
vn 0.3363 -0.8657 -0.3708
vn 0.3619 -0.2213 -0.9056
vn 0.7494 -0.2213 -0.6240
vn 0.2487 0.8657 -0.4344
vn 0.7494 0.2213 -0.6240
vn 0.3619 0.2213 -0.9056
vn 0.4900 -0.8657 -0.1023
vn 0.8251 -0.2213 -0.5199
vn 0.9731 -0.2213 -0.0643
vn 0.4565 0.8657 -0.2052
vn 0.9731 0.2213 -0.0643
vn 0.8251 0.2213 -0.5199
vn 0.4565 -0.8657 0.2052
vn 0.9731 -0.2213 0.0643
vn 0.8251 -0.2213 0.5199
vn 0.4900 0.8657 0.1023
vn 0.8251 0.2213 0.5199
vn 0.9731 0.2213 0.0643
vn 0.2487 -0.8657 0.4344
vn 0.7494 -0.2213 0.6240
vn 0.3619 -0.2213 0.9056
vn 0.3363 0.8657 0.3708
vn 0.3619 0.2213 0.9056
vn 0.7494 0.2213 0.6240
s 0
g rts_barracks_vent_0_M_orange
usemtl M_orange
f 505/565/703 509/563/703 511/568/703
f 505/565/835 508/562/835 509/563/835
f 506/7/819 508/5/819 637/19/819
f 506/7/819 637/19/819 633/17/819
f 508/562/820 505/565/820 631/475/820
f 508/562/820 631/475/820 637/519/820
f 510/2/704 508/5/704 506/7/704
f 510/2/836 509/1/836 508/5/836
f 511/568/764 519/634/764 505/565/764
f 511/568/764 522/617/764 519/634/764
f 511/661/705 510/664/705 507/659/705
f 511/661/837 509/663/837 510/664/837
f 512/103/706 516/104/706 518/100/706
f 512/103/826 638/34/826 624/16/826
f 512/103/838 515/106/838 516/104/838
f 513/660/765 515/662/765 532/648/765
f 513/660/765 532/648/765 528/650/765
f 513/660/824 520/649/824 507/659/824
f 513/660/824 528/650/824 520/649/824
f 514/8/767 510/2/767 506/7/767
f 514/8/767 517/3/767 510/2/767
f 515/106/766 512/103/766 526/191/766
f 515/106/766 526/191/766 532/149/766
f 517/665/707 515/662/707 513/660/707
f 517/665/768 507/659/768 510/664/768
f 517/665/768 513/660/768 507/659/768
f 517/665/839 516/666/839 515/662/839
f 518/100/822 638/34/822 512/103/822
f 518/100/822 641/51/822 638/34/822
f 518/6/708 517/3/708 514/8/708
f 518/6/840 516/4/840 517/3/840
f 519/634/709 523/639/709 525/646/709
f 519/634/823 533/652/823 547/651/823
f 519/634/841 522/617/841 523/639/841
f 520/649/763 511/661/763 507/659/763
f 520/649/763 522/647/763 511/661/763
f 524/642/710 522/647/710 520/649/710
f 524/642/770 520/649/770 528/650/770
f 524/642/770 528/650/770 531/643/770
f 524/642/842 523/641/842 522/647/842
f 525/637/711 524/642/711 521/635/711
f 525/637/843 523/641/843 524/642/843
f 526/191/712 530/260/712 532/149/712
f 526/191/844 529/293/844 530/260/844
f 527/636/769 521/635/769 524/642/769
f 527/636/769 524/642/769 531/643/769
f 527/636/773 529/638/773 546/578/773
f 527/636/773 546/578/773 542/580/773
f 527/636/827 534/579/827 521/635/827
f 527/636/827 542/580/827 534/579/827
f 529/293/774 526/191/774 540/320/774
f 529/293/774 540/320/774 546/322/774
f 531/643/713 529/638/713 527/636/713
f 531/643/845 530/644/845 529/638/845
f 532/648/714 531/643/714 528/650/714
f 532/648/846 530/644/846 531/643/846
f 533/652/715 537/655/715 539/658/715
f 533/652/847 536/654/847 537/655/847
f 534/579/771 525/637/771 521/635/771
f 534/579/771 536/577/771 525/637/771
f 535/569/775 538/574/775 545/575/775
f 535/569/775 545/575/775 541/570/775
f 535/569/777 548/559/777 550/557/777
f 535/569/777 550/557/777 539/571/777
f 536/654/772 519/634/772 525/646/772
f 536/654/772 533/652/772 519/634/772
f 538/574/716 536/577/716 534/579/716
f 538/574/776 534/579/776 542/580/776
f 538/574/776 542/580/776 545/575/776
f 538/574/848 537/573/848 536/577/848
f 539/571/717 538/574/717 535/569/717
f 539/571/849 537/573/849 538/574/849
f 540/320/718 544/326/718 546/322/718
f 540/320/826 512/103/826 624/16/826
f 540/320/826 526/191/826 512/103/826
f 540/320/850 543/325/850 544/326/850
f 541/570/828 548/559/828 535/569/828
f 541/570/828 556/560/828 548/559/828
f 543/325/780 540/320/780 554/319/780
f 543/325/780 554/319/780 560/324/780
f 545/575/719 543/572/719 541/570/719
f 545/575/851 544/576/851 543/572/851
f 546/578/720 545/575/720 542/580/720
f 546/578/852 544/576/852 545/575/852
f 547/651/721 551/656/721 553/653/721
f 547/651/823 561/633/823 575/564/823
f 547/651/823 575/564/823 603/345/823
f 547/651/823 603/345/823 631/475/823
f 547/651/853 550/657/853 551/656/853
f 549/549/781 552/554/781 559/555/781
f 549/549/781 559/555/781 555/550/781
f 550/657/778 533/652/778 539/658/778
f 550/657/778 547/651/778 533/652/778
f 552/554/722 550/557/722 548/559/722
f 552/554/782 548/559/782 556/560/782
f 552/554/782 556/560/782 559/555/782
f 552/554/854 551/553/854 550/557/854
f 553/551/723 552/554/723 549/549/723
f 553/551/855 551/553/855 552/554/855
f 554/319/724 558/323/724 560/324/724
f 554/319/856 557/321/856 558/323/856
f 555/550/785 557/552/785 574/408/785
f 555/550/785 574/408/785 570/427/785
f 555/550/829 562/426/829 549/549/829
f 555/550/829 570/427/829 562/426/829
f 556/560/779 541/570/779 543/572/779
f 556/560/779 543/572/779 560/558/779
f 557/321/786 554/319/786 568/190/786
f 557/321/786 568/190/786 574/292/786
f 559/555/725 557/552/725 555/550/725
f 559/555/857 558/556/857 557/552/857
f 560/558/726 559/555/726 556/560/726
f 560/558/858 558/556/858 559/555/858
f 561/633/727 565/640/727 567/616/727
f 561/633/859 564/645/859 565/640/859
f 562/426/783 553/551/783 549/549/783
f 562/426/783 564/407/783 553/551/783
f 563/368/787 566/375/787 573/376/787
f 563/368/787 573/376/787 569/369/787
f 564/645/784 547/651/784 553/653/784
f 564/645/784 561/633/784 547/651/784
f 566/375/728 564/407/728 562/426/728
f 566/375/788 562/426/788 570/427/788
f 566/375/788 570/427/788 573/376/788
f 566/375/860 565/374/860 564/407/860
f 567/370/729 566/375/729 563/368/729
f 567/370/861 565/374/861 566/375/861
f 568/190/730 572/259/730 574/292/730
f 568/190/826 554/319/826 540/320/826
f 568/190/862 571/148/862 572/259/862
f 569/369/791 571/371/791 588/336/791
f 569/369/791 588/336/791 584/338/791
f 569/369/830 576/337/830 563/368/830
f 569/369/830 584/338/830 576/337/830
f 573/376/731 571/371/731 569/369/731
f 573/376/863 572/377/863 571/371/863
f 574/408/732 573/376/732 570/427/732
f 574/408/864 572/377/864 573/376/864
f 575/564/733 579/566/733 581/561/733
f 575/564/823 589/474/823 603/345/823
f 575/564/865 578/567/865 579/566/865
f 576/337/789 567/370/789 563/368/789
f 576/337/789 578/335/789 567/370/789
f 577/327/793 580/332/793 587/333/793
f 577/327/793 587/333/793 583/328/793
f 578/567/790 561/633/790 567/616/790
f 578/567/790 575/564/790 561/633/790
f 580/332/734 578/335/734 576/337/734
f 580/332/794 576/337/794 584/338/794
f 580/332/794 584/338/794 587/333/794
f 580/332/866 579/331/866 578/335/866
f 581/329/735 580/332/735 577/327/735
f 581/329/867 579/331/867 580/332/867
f 581/561/796 589/474/796 575/564/796
f 581/561/796 592/518/796 589/474/796
f 582/102/736 586/101/736 588/105/736
f 582/102/868 585/99/868 586/101/868
f 583/328/797 585/330/797 602/295/797
f 583/328/797 602/295/797 598/297/797
f 583/328/831 590/296/831 577/327/831
f 583/328/831 598/297/831 590/296/831
f 585/99/798 582/102/798 596/33/798
f 585/99/798 596/33/798 602/50/798
f 587/333/737 585/330/737 583/328/737
f 587/333/869 586/334/869 585/330/869
f 588/105/792 568/190/792 582/102/792
f 588/105/792 571/148/792 568/190/792
f 588/336/738 587/333/738 584/338/738
f 588/336/870 586/334/870 587/333/870
f 589/474/739 593/406/739 595/372/739
f 589/474/871 592/518/871 593/406/871
f 590/296/795 581/329/795 577/327/795
f 590/296/795 592/294/795 581/329/795
f 594/289/740 592/294/740 590/296/740
f 594/289/800 590/296/800 598/297/800
f 594/289/800 598/297/800 601/290/800
f 594/289/872 593/288/872 592/294/872
f 595/257/741 594/289/741 591/238/741
f 595/257/873 593/288/873 594/289/873
f 596/33/742 600/27/742 602/50/742
f 596/33/826 582/102/826 568/190/826
f 596/33/874 599/21/874 600/27/874
f 597/239/799 591/238/799 594/289/799
f 597/239/799 594/289/799 601/290/799
f 597/239/803 599/258/803 616/116/803
f 597/239/803 616/116/803 612/118/803
f 597/239/832 604/117/832 591/238/832
f 597/239/832 612/118/832 604/117/832
f 599/21/804 596/33/804 610/15/804
f 599/21/804 610/15/804 616/13/804
f 601/290/743 599/258/743 597/239/743
f 601/290/875 600/291/875 599/258/875
f 602/295/744 601/290/744 598/297/744
f 602/295/876 600/291/876 601/290/876
f 603/345/745 607/342/745 609/339/745
f 603/345/823 617/346/823 631/475/823
f 603/345/877 606/343/877 607/342/877
f 604/117/801 595/257/801 591/238/801
f 604/117/801 606/115/801 595/257/801
f 605/107/805 608/112/805 615/113/805
f 605/107/805 615/113/805 611/108/805
f 605/107/807 618/97/807 620/95/807
f 605/107/807 620/95/807 609/109/807
f 606/343/802 589/474/802 595/372/802
f 606/343/802 603/345/802 589/474/802
f 608/112/746 606/115/746 604/117/746
f 608/112/806 604/117/806 612/118/806
f 608/112/806 612/118/806 615/113/806
f 608/112/878 607/111/878 606/115/878
f 609/109/747 608/112/747 605/107/747
f 609/109/879 607/111/879 608/112/879
f 610/15/748 614/9/748 616/13/748
f 610/15/880 613/10/880 614/9/880
f 611/108/833 618/97/833 605/107/833
f 611/108/833 626/98/833 618/97/833
f 613/10/810 610/15/810 624/16/810
f 613/10/810 624/16/810 630/11/810
f 615/113/749 613/110/749 611/108/749
f 615/113/881 614/114/881 613/110/881
f 616/116/750 615/113/750 612/118/750
f 616/116/882 614/114/882 615/113/882
f 617/346/751 621/341/751 623/344/751
f 617/346/883 620/340/883 621/341/883
f 619/87/811 622/92/811 629/93/811
f 619/87/811 629/93/811 625/88/811
f 620/340/808 603/345/808 609/339/808
f 620/340/808 617/346/808 603/345/808
f 622/92/752 620/95/752 618/97/752
f 622/92/812 618/97/812 626/98/812
f 622/92/812 626/98/812 629/93/812
f 622/92/884 621/91/884 620/95/884
f 623/89/753 622/92/753 619/87/753
f 623/89/885 621/91/885 622/92/885
f 624/16/754 628/12/754 630/11/754
f 624/16/826 568/190/826 540/320/826
f 624/16/826 596/33/826 568/190/826
f 624/16/826 610/15/826 596/33/826
f 624/16/886 627/14/886 628/12/886
f 625/88/815 627/90/815 644/30/815
f 625/88/815 644/30/815 640/32/815
f 625/88/834 632/31/834 619/87/834
f 625/88/834 640/32/834 632/31/834
f 626/98/809 611/108/809 613/110/809
f 626/98/809 613/110/809 630/96/809
f 627/14/816 624/16/816 638/34/816
f 627/14/816 638/34/816 644/22/816
f 629/93/755 627/90/755 625/88/755
f 629/93/887 628/94/887 627/90/887
f 630/96/756 629/93/756 626/98/756
f 630/96/888 628/94/888 629/93/888
f 631/475/757 635/405/757 637/519/757
f 631/475/823 505/565/823 519/634/823
f 631/475/823 519/634/823 547/651/823
f 631/475/889 634/373/889 635/405/889
f 632/31/813 623/89/813 619/87/813
f 632/31/813 634/29/813 623/89/813
f 633/17/817 636/24/817 643/25/817
f 633/17/817 643/25/817 639/18/817
f 634/373/814 617/346/814 623/344/814
f 634/373/814 631/475/814 617/346/814
f 636/24/758 634/29/758 632/31/758
f 636/24/818 632/31/818 640/32/818
f 636/24/818 640/32/818 643/25/818
f 636/24/890 635/23/890 634/29/890
f 637/19/759 636/24/759 633/17/759
f 637/19/891 635/23/891 636/24/891
f 638/34/760 642/28/760 644/22/760
f 638/34/892 641/51/892 642/28/892
f 639/18/821 518/6/821 514/8/821
f 639/18/821 641/20/821 518/6/821
f 639/18/825 506/7/825 633/17/825
f 639/18/825 514/8/825 506/7/825
f 643/25/761 641/20/761 639/18/761
f 643/25/893 642/26/893 641/20/893
f 644/30/762 643/25/762 640/32/762
f 644/30/894 642/26/894 643/25/894
g rts_barracks_vent_1_Cylinder.090
v -0.480000 1.010000 0.324228
v -0.465734 1.025000 0.335365
v -0.494266 1.025000 0.335365
v -0.471907 1.014393 0.332751
v -0.480000 1.016340 0.335257
v -0.480000 1.025000 0.337285
v -0.488093 1.014393 0.332751
v -0.480000 1.350000 0.324228
v -0.494266 1.335000 0.335365
v -0.465734 1.335000 0.335365
v -0.488093 1.345607 0.332751
v -0.480000 1.343660 0.335257
v -0.480000 1.335000 0.337285
v -0.471907 1.345607 0.332751
v -0.553019 1.010000 0.300503
v -0.548024 1.025000 0.317898
v -0.571107 1.025000 0.301127
v -0.551482 1.014393 0.312155
v -0.559502 1.016340 0.309425
v -0.560694 1.025000 0.311066
v -0.564576 1.014393 0.302641
v -0.553019 1.350000 0.300503
v -0.571107 1.335000 0.301127
v -0.548024 1.335000 0.317898
v -0.564576 1.345607 0.302641
v -0.559502 1.343660 0.309425
v -0.560694 1.335000 0.311066
v -0.551482 1.345607 0.312155
v -0.598148 1.010000 0.238389
v -0.604331 1.025000 0.255398
v -0.613148 1.025000 0.228262
v -0.603753 1.014393 0.248719
v -0.608637 1.016340 0.241797
v -0.610566 1.025000 0.242423
v -0.608755 1.014393 0.233325
v -0.598148 1.350000 0.238389
v -0.613148 1.335000 0.228262
v -0.604331 1.335000 0.255398
v -0.608755 1.345607 0.233325
v -0.608637 1.343660 0.241797
v -0.610566 1.335000 0.242423
v -0.603753 1.345607 0.248719
v -0.598148 1.010000 0.161611
v -0.613148 1.025000 0.171738
v -0.604331 1.025000 0.144602
v -0.608755 1.014393 0.166675
v -0.608637 1.016340 0.158203
v -0.610566 1.025000 0.157577
v -0.603753 1.014393 0.151281
v -0.598148 1.350000 0.161611
v -0.604331 1.335000 0.144602
v -0.613148 1.335000 0.171738
v -0.603753 1.345607 0.151281
v -0.608637 1.343660 0.158203
v -0.610566 1.335000 0.157577
v -0.608755 1.345607 0.166675
v -0.553019 1.010000 0.099497
v -0.571107 1.025000 0.098873
v -0.548024 1.025000 0.082102
v -0.564576 1.014393 0.097359
v -0.559502 1.016340 0.090575
v -0.560694 1.025000 0.088934
v -0.551482 1.014393 0.087845
v -0.553019 1.350000 0.099497
v -0.548024 1.335000 0.082102
v -0.571107 1.335000 0.098873
v -0.551482 1.345607 0.087845
v -0.559502 1.343660 0.090575
v -0.560694 1.335000 0.088934
v -0.564576 1.345607 0.097359
v -0.480000 1.010000 0.075772
v -0.494266 1.025000 0.064635
v -0.465734 1.025000 0.064635
v -0.488093 1.014393 0.067249
v -0.480000 1.016340 0.064743
v -0.480000 1.025000 0.062715
v -0.471907 1.014393 0.067249
v -0.480000 1.350000 0.075772
v -0.465734 1.335000 0.064635
v -0.494266 1.335000 0.064635
v -0.471907 1.345607 0.067249
v -0.480000 1.343660 0.064743
v -0.480000 1.335000 0.062715
v -0.488093 1.345607 0.067249
v -0.406981 1.010000 0.099497
v -0.411976 1.025000 0.082102
v -0.388893 1.025000 0.098873
v -0.408518 1.014393 0.087845
v -0.400498 1.016340 0.090575
v -0.399306 1.025000 0.088934
v -0.395424 1.014393 0.097359
v -0.406981 1.350000 0.099497
v -0.388893 1.335000 0.098873
v -0.411976 1.335000 0.082102
v -0.395424 1.345607 0.097359
v -0.400498 1.343660 0.090575
v -0.399306 1.335000 0.088934
v -0.408518 1.345607 0.087845
v -0.361852 1.010000 0.161611
v -0.355669 1.025000 0.144602
v -0.346852 1.025000 0.171738
v -0.356247 1.014393 0.151281
v -0.351363 1.016340 0.158203
v -0.349434 1.025000 0.157577
v -0.351245 1.014393 0.166675
v -0.361852 1.350000 0.161611
v -0.346852 1.335000 0.171738
v -0.355669 1.335000 0.144602
v -0.351245 1.345607 0.166675
v -0.351363 1.343660 0.158203
v -0.349434 1.335000 0.157577
v -0.356247 1.345607 0.151281
v -0.361852 1.010000 0.238389
v -0.346852 1.025000 0.228262
v -0.355669 1.025000 0.255398
v -0.351245 1.014393 0.233325
v -0.351363 1.016340 0.241797
v -0.349434 1.025000 0.242423
v -0.356247 1.014393 0.248719
v -0.361852 1.350000 0.238389
v -0.355669 1.335000 0.255398
v -0.346852 1.335000 0.228262
v -0.356247 1.345607 0.248719
v -0.351363 1.343660 0.241797
v -0.349434 1.335000 0.242423
v -0.351245 1.345607 0.233325
v -0.406981 1.010000 0.300503
v -0.388893 1.025000 0.301127
v -0.411976 1.025000 0.317898
v -0.395424 1.014393 0.302641
v -0.400498 1.016340 0.309425
v -0.399306 1.025000 0.311066
v -0.408518 1.014393 0.312155
v -0.406981 1.350000 0.300503
v -0.411976 1.335000 0.317898
v -0.388893 1.335000 0.301127
v -0.408518 1.345607 0.312155
v -0.400498 1.343660 0.309425
v -0.399306 1.335000 0.311066
v -0.395424 1.345607 0.302641
vn 0.0541 -0.8657 0.4976
vn 0.1270 -0.3064 0.9434
vn -0.1270 -0.3064 0.9434
vn -0.0541 0.8657 0.4976
vn -0.1270 0.3064 0.9434
vn 0.1270 0.3064 0.9434
vn -0.2487 -0.8657 0.4344
vn -0.4518 -0.3064 0.8379
vn -0.6572 -0.3064 0.6886
vn -0.3363 0.8657 0.3708
vn -0.6572 0.3064 0.6886
vn -0.4518 0.3064 0.8379
vn -0.4565 -0.8657 0.2052
vn -0.8580 -0.3064 0.4123
vn -0.9365 -0.3064 0.1708
vn -0.4900 0.8657 0.1023
vn -0.9365 0.3064 0.1708
vn -0.8580 0.3064 0.4123
vn -0.4900 -0.8657 -0.1023
vn -0.9365 -0.3064 -0.1708
vn -0.8580 -0.3064 -0.4123
vn -0.4565 0.8657 -0.2052
vn -0.8580 0.3064 -0.4123
vn -0.9365 0.3064 -0.1708
vn -0.3363 -0.8657 -0.3708
vn -0.6572 -0.3064 -0.6886
vn -0.4518 -0.3064 -0.8379
vn -0.2487 0.8657 -0.4344
vn -0.4518 0.3064 -0.8379
vn -0.6572 0.3064 -0.6886
vn -0.0541 -0.8657 -0.4976
vn -0.1270 -0.3064 -0.9434
vn 0.1270 -0.3064 -0.9434
vn 0.0541 0.8657 -0.4976
vn 0.1270 0.3064 -0.9434
vn -0.1270 0.3064 -0.9434
vn 0.2487 -0.8657 -0.4344
vn 0.4518 -0.3064 -0.8379
vn 0.6572 -0.3064 -0.6886
vn 0.3363 0.8657 -0.3708
vn 0.6572 0.3064 -0.6886
vn 0.4518 0.3064 -0.8379
vn 0.4565 -0.8657 -0.2052
vn 0.8580 -0.3064 -0.4123
vn 0.9365 -0.3064 -0.1708
vn 0.4900 0.8657 -0.1023
vn 0.9365 0.3064 -0.1708
vn 0.8580 0.3064 -0.4123
vn 0.4900 -0.8657 0.1023
vn 0.9365 -0.3064 0.1708
vn 0.8580 -0.3064 0.4123
vn 0.4565 0.8657 0.2052
vn 0.8580 0.3064 0.4123
vn 0.9365 0.3064 0.1708
vn 0.3363 -0.8657 0.3708
vn 0.6572 -0.3064 0.6886
vn 0.4518 -0.3064 0.8379
vn 0.2487 0.8657 0.4344
vn 0.4518 0.3064 0.8379
vn 0.6572 0.3064 0.6886
vn -0.2855 -0.3827 0.8787
vn -0.1183 -0.9239 0.3640
vn -0.2855 0.3827 0.8787
vn -0.1183 0.9239 0.3640
vn 0.1334 -0.0000 0.9911
vn -0.1334 -0.0000 0.9911
vn -0.6904 -0.0000 0.7234
vn -0.4746 -0.0000 0.8802
vn -0.7474 -0.3827 0.5430
vn -0.3096 -0.9239 0.2249
vn -0.7474 0.3827 0.5430
vn -0.3096 0.9239 0.2249
vn -0.9838 -0.0000 0.1794
vn -0.9013 -0.0000 0.4331
vn -0.9239 -0.3827 -0.0000
vn -0.3827 -0.9239 -0.0000
vn -0.9239 0.3827 -0.0000
vn -0.3827 0.9239 -0.0000
vn -0.9013 -0.0000 -0.4331
vn -0.9838 -0.0000 -0.1794
vn -0.7474 -0.3827 -0.5430
vn -0.3096 -0.9239 -0.2249
vn -0.7474 0.3827 -0.5430
vn -0.3096 0.9239 -0.2249
vn -0.4746 -0.0000 -0.8802
vn -0.6904 -0.0000 -0.7234
vn -0.2855 -0.3827 -0.8787
vn -0.1183 -0.9239 -0.3640
vn -0.2855 0.3827 -0.8787
vn -0.1183 0.9239 -0.3640
vn 0.1334 -0.0000 -0.9911
vn -0.1334 -0.0000 -0.9911
vn 0.2855 -0.3827 -0.8787
vn 0.1183 -0.9239 -0.3640
vn 0.2855 0.3827 -0.8787
vn 0.1183 0.9239 -0.3640
vn 0.6904 -0.0000 -0.7234
vn 0.4746 -0.0000 -0.8802
vn 0.7474 -0.3827 -0.5430
vn 0.3096 -0.9239 -0.2249
vn 0.7474 0.3827 -0.5430
vn 0.3096 0.9239 -0.2249
vn 0.9838 -0.0000 -0.1794
vn 0.9013 -0.0000 -0.4331
vn 0.9239 -0.3827 -0.0000
vn 0.3827 -0.9239 -0.0000
vn 0.9239 0.3827 -0.0000
vn 0.3827 0.9239 -0.0000
vn 0.9013 -0.0000 0.4331
vn 0.9838 -0.0000 0.1794
vn 0.7474 -0.3827 0.5430
vn 0.3096 -0.9239 0.2249
vn 0.7474 0.3827 0.5430
vn 0.3096 0.9239 0.2249
vn 0.4746 -0.0000 0.8802
vn 0.6904 -0.0000 0.7234
vn 0.2855 -0.3827 0.8787
vn 0.1183 -0.9239 0.3640
vn 0.2855 0.3827 0.8787
vn 0.1183 0.9239 0.3640
vn -0.0000 -1.0000 -0.0000
vn -0.3090 -0.0000 0.9511
vn 0.3090 -0.0000 0.9511
vn -0.0000 1.0000 -0.0000
vn -0.8090 -0.0000 0.5878
vn -1.0000 -0.0000 -0.0000
vn -0.8090 -0.0000 -0.5878
vn -0.3090 -0.0000 -0.9511
vn 0.3090 -0.0000 -0.9511
vn 0.8090 -0.0000 -0.5878
vn 1.0000 -0.0000 -0.0000
vn 0.8090 -0.0000 0.5878
vn -0.0541 -0.8657 0.4976
vn 0.2395 -0.2213 0.9453
vn -0.2395 -0.2213 0.9453
vn 0.0541 0.8657 0.4976
vn -0.2395 0.2213 0.9453
vn 0.2395 0.2213 0.9453
vn -0.3363 -0.8657 0.3708
vn -0.3619 -0.2213 0.9056
vn -0.7494 -0.2213 0.6240
vn -0.2487 0.8657 0.4344
vn -0.7494 0.2213 0.6240
vn -0.3619 0.2213 0.9056
vn -0.4900 -0.8657 0.1023
vn -0.8251 -0.2213 0.5199
vn -0.9731 -0.2213 0.0643
vn -0.4565 0.8657 0.2052
vn -0.9731 0.2213 0.0643
vn -0.8251 0.2213 0.5199
vn -0.4565 -0.8657 -0.2052
vn -0.9731 -0.2213 -0.0643
vn -0.8251 -0.2213 -0.5199
vn -0.4900 0.8657 -0.1023
vn -0.8251 0.2213 -0.5199
vn -0.9731 0.2213 -0.0643
vn -0.2487 -0.8657 -0.4344
vn -0.7494 -0.2213 -0.6240
vn -0.3619 -0.2213 -0.9056
vn -0.3363 0.8657 -0.3708
vn -0.3619 0.2213 -0.9056
vn -0.7494 0.2213 -0.6240
vn 0.0541 -0.8657 -0.4976
vn -0.2395 -0.2213 -0.9453
vn 0.2395 -0.2213 -0.9453
vn -0.0541 0.8657 -0.4976
vn 0.2395 0.2213 -0.9453
vn -0.2395 0.2213 -0.9453
vn 0.3363 -0.8657 -0.3708
vn 0.3619 -0.2213 -0.9056
vn 0.7494 -0.2213 -0.6240
vn 0.2487 0.8657 -0.4344
vn 0.7494 0.2213 -0.6240
vn 0.3619 0.2213 -0.9056
vn 0.4900 -0.8657 -0.1023
vn 0.8251 -0.2213 -0.5199
vn 0.9731 -0.2213 -0.0643
vn 0.4565 0.8657 -0.2052
vn 0.9731 0.2213 -0.0643
vn 0.8251 0.2213 -0.5199
vn 0.4565 -0.8657 0.2052
vn 0.9731 -0.2213 0.0643
vn 0.8251 -0.2213 0.5199
vn 0.4900 0.8657 0.1023
vn 0.8251 0.2213 0.5199
vn 0.9731 0.2213 0.0643
vn 0.2487 -0.8657 0.4344
vn 0.7494 -0.2213 0.6240
vn 0.3619 -0.2213 0.9056
vn 0.3363 0.8657 0.3708
vn 0.3619 0.2213 0.9056
vn 0.7494 0.2213 0.6240
s 0
g rts_barracks_vent_1_M_orange
usemtl M_orange
f 645/565/1027 648/562/1027 649/563/1027
f 645/565/895 649/563/895 651/568/895
f 646/7/1011 648/5/1011 777/19/1011
f 646/7/1011 777/19/1011 773/17/1011
f 648/562/1012 645/565/1012 771/475/1012
f 648/562/1012 771/475/1012 777/519/1012
f 650/2/1028 649/1/1028 648/5/1028
f 650/2/896 648/5/896 646/7/896
f 651/568/956 659/634/956 645/565/956
f 651/568/956 662/617/956 659/634/956
f 651/661/1029 649/663/1029 650/664/1029
f 651/661/897 650/664/897 647/659/897
f 652/103/1018 778/34/1018 764/16/1018
f 652/103/1030 655/106/1030 656/104/1030
f 652/103/898 656/104/898 658/100/898
f 653/660/1016 660/649/1016 647/659/1016
f 653/660/1016 668/650/1016 660/649/1016
f 653/660/957 655/662/957 672/648/957
f 653/660/957 672/648/957 668/650/957
f 654/8/959 650/2/959 646/7/959
f 654/8/959 657/3/959 650/2/959
f 655/106/958 652/103/958 666/191/958
f 655/106/958 666/191/958 672/149/958
f 657/665/1031 656/666/1031 655/662/1031
f 657/665/899 655/662/899 653/660/899
f 657/665/960 647/659/960 650/664/960
f 657/665/960 653/660/960 647/659/960
f 658/100/1014 778/34/1014 652/103/1014
f 658/100/1014 781/51/1014 778/34/1014
f 658/6/1032 656/4/1032 657/3/1032
f 658/6/900 657/3/900 654/8/900
f 659/634/1015 673/652/1015 687/651/1015
f 659/634/1033 662/617/1033 663/639/1033
f 659/634/901 663/639/901 665/646/901
f 660/649/955 651/661/955 647/659/955
f 660/649/955 662/647/955 651/661/955
f 664/642/1034 663/641/1034 662/647/1034
f 664/642/902 662/647/902 660/649/902
f 664/642/962 660/649/962 668/650/962
f 664/642/962 668/650/962 671/643/962
f 665/637/1035 663/641/1035 664/642/1035
f 665/637/903 664/642/903 661/635/903
f 666/191/1036 669/293/1036 670/260/1036
f 666/191/904 670/260/904 672/149/904
f 667/636/1019 674/579/1019 661/635/1019
f 667/636/1019 682/580/1019 674/579/1019
f 667/636/961 661/635/961 664/642/961
f 667/636/961 664/642/961 671/643/961
f 667/636/965 669/638/965 686/578/965
f 667/636/965 686/578/965 682/580/965
f 669/293/966 666/191/966 680/320/966
f 669/293/966 680/320/966 686/322/966
f 671/643/1037 670/644/1037 669/638/1037
f 671/643/905 669/638/905 667/636/905
f 672/648/1038 670/644/1038 671/643/1038
f 672/648/906 671/643/906 668/650/906
f 673/652/1039 676/654/1039 677/655/1039
f 673/652/907 677/655/907 679/658/907
f 674/579/963 665/637/963 661/635/963
f 674/579/963 676/577/963 665/637/963
f 675/569/967 678/574/967 685/575/967
f 675/569/967 685/575/967 681/570/967
f 675/569/969 688/559/969 690/557/969
f 675/569/969 690/557/969 679/571/969
f 676/654/964 659/634/964 665/646/964
f 676/654/964 673/652/964 659/634/964
f 678/574/1040 677/573/1040 676/577/1040
f 678/574/908 676/577/908 674/579/908
f 678/574/968 674/579/968 682/580/968
f 678/574/968 682/580/968 685/575/968
f 679/571/1041 677/573/1041 678/574/1041
f 679/571/909 678/574/909 675/569/909
f 680/320/1018 652/103/1018 764/16/1018
f 680/320/1018 666/191/1018 652/103/1018
f 680/320/1042 683/325/1042 684/326/1042
f 680/320/910 684/326/910 686/322/910
f 681/570/1020 688/559/1020 675/569/1020
f 681/570/1020 696/560/1020 688/559/1020
f 683/325/972 680/320/972 694/319/972
f 683/325/972 694/319/972 700/324/972
f 685/575/1043 684/576/1043 683/572/1043
f 685/575/911 683/572/911 681/570/911
f 686/578/1044 684/576/1044 685/575/1044
f 686/578/912 685/575/912 682/580/912
f 687/651/1015 701/633/1015 715/564/1015
f 687/651/1015 715/564/1015 743/345/1015
f 687/651/1015 743/345/1015 771/475/1015
f 687/651/1045 690/657/1045 691/656/1045
f 687/651/913 691/656/913 693/653/913
f 689/549/973 692/554/973 699/555/973
f 689/549/973 699/555/973 695/550/973
f 690/657/970 673/652/970 679/658/970
f 690/657/970 687/651/970 673/652/970
f 692/554/1046 691/553/1046 690/557/1046
f 692/554/914 690/557/914 688/559/914
f 692/554/974 688/559/974 696/560/974
f 692/554/974 696/560/974 699/555/974
f 693/551/1047 691/553/1047 692/554/1047
f 693/551/915 692/554/915 689/549/915
f 694/319/1048 697/321/1048 698/323/1048
f 694/319/916 698/323/916 700/324/916
f 695/550/1021 702/426/1021 689/549/1021
f 695/550/1021 710/427/1021 702/426/1021
f 695/550/977 697/552/977 714/408/977
f 695/550/977 714/408/977 710/427/977
f 696/560/971 681/570/971 683/572/971
f 696/560/971 683/572/971 700/558/971
f 697/321/978 694/319/978 708/190/978
f 697/321/978 708/190/978 714/292/978
f 699/555/1049 698/556/1049 697/552/1049
f 699/555/917 697/552/917 695/550/917
f 700/558/1050 698/556/1050 699/555/1050
f 700/558/918 699/555/918 696/560/918
f 701/633/1051 704/645/1051 705/640/1051
f 701/633/919 705/640/919 707/616/919
f 702/426/975 693/551/975 689/549/975
f 702/426/975 704/407/975 693/551/975
f 703/368/979 706/375/979 713/376/979
f 703/368/979 713/376/979 709/369/979
f 704/645/976 687/651/976 693/653/976
f 704/645/976 701/633/976 687/651/976
f 706/375/1052 705/374/1052 704/407/1052
f 706/375/920 704/407/920 702/426/920
f 706/375/980 702/426/980 710/427/980
f 706/375/980 710/427/980 713/376/980
f 707/370/1053 705/374/1053 706/375/1053
f 707/370/921 706/375/921 703/368/921
f 708/190/1018 694/319/1018 680/320/1018
f 708/190/1054 711/148/1054 712/259/1054
f 708/190/922 712/259/922 714/292/922
f 709/369/1022 716/337/1022 703/368/1022
f 709/369/1022 724/338/1022 716/337/1022
f 709/369/983 711/371/983 728/336/983
f 709/369/983 728/336/983 724/338/983
f 713/376/1055 712/377/1055 711/371/1055
f 713/376/923 711/371/923 709/369/923
f 714/408/1056 712/377/1056 713/376/1056
f 714/408/924 713/376/924 710/427/924
f 715/564/1015 729/474/1015 743/345/1015
f 715/564/1057 718/567/1057 719/566/1057
f 715/564/925 719/566/925 721/561/925
f 716/337/981 707/370/981 703/368/981
f 716/337/981 718/335/981 707/370/981
f 717/327/985 720/332/985 727/333/985
f 717/327/985 727/333/985 723/328/985
f 718/567/982 701/633/982 707/616/982
f 718/567/982 715/564/982 701/633/982
f 720/332/1058 719/331/1058 718/335/1058
f 720/332/926 718/335/926 716/337/926
f 720/332/986 716/337/986 724/338/986
f 720/332/986 724/338/986 727/333/986
f 721/329/1059 719/331/1059 720/332/1059
f 721/329/927 720/332/927 717/327/927
f 721/561/988 729/474/988 715/564/988
f 721/561/988 732/518/988 729/474/988
f 722/102/1060 725/99/1060 726/101/1060
f 722/102/928 726/101/928 728/105/928
f 723/328/1023 730/296/1023 717/327/1023
f 723/328/1023 738/297/1023 730/296/1023
f 723/328/989 725/330/989 742/295/989
f 723/328/989 742/295/989 738/297/989
f 725/99/990 722/102/990 736/33/990
f 725/99/990 736/33/990 742/50/990
f 727/333/1061 726/334/1061 725/330/1061
f 727/333/929 725/330/929 723/328/929
f 728/105/984 708/190/984 722/102/984
f 728/105/984 711/148/984 708/190/984
f 728/336/1062 726/334/1062 727/333/1062
f 728/336/930 727/333/930 724/338/930
f 729/474/1063 732/518/1063 733/406/1063
f 729/474/931 733/406/931 735/372/931
f 730/296/987 721/329/987 717/327/987
f 730/296/987 732/294/987 721/329/987
f 734/289/1064 733/288/1064 732/294/1064
f 734/289/932 732/294/932 730/296/932
f 734/289/992 730/296/992 738/297/992
f 734/289/992 738/297/992 741/290/992
f 735/257/1065 733/288/1065 734/289/1065
f 735/257/933 734/289/933 731/238/933
f 736/33/1018 722/102/1018 708/190/1018
f 736/33/1066 739/21/1066 740/27/1066
f 736/33/934 740/27/934 742/50/934
f 737/239/1024 744/117/1024 731/238/1024
f 737/239/1024 752/118/1024 744/117/1024
f 737/239/991 731/238/991 734/289/991
f 737/239/991 734/289/991 741/290/991
f 737/239/995 739/258/995 756/116/995
f 737/239/995 756/116/995 752/118/995
f 739/21/996 736/33/996 750/15/996
f 739/21/996 750/15/996 756/13/996
f 741/290/1067 740/291/1067 739/258/1067
f 741/290/935 739/258/935 737/239/935
f 742/295/1068 740/291/1068 741/290/1068
f 742/295/936 741/290/936 738/297/936
f 743/345/1015 757/346/1015 771/475/1015
f 743/345/1069 746/343/1069 747/342/1069
f 743/345/937 747/342/937 749/339/937
f 744/117/993 735/257/993 731/238/993
f 744/117/993 746/115/993 735/257/993
f 745/107/997 748/112/997 755/113/997
f 745/107/997 755/113/997 751/108/997
f 745/107/999 758/97/999 760/95/999
f 745/107/999 760/95/999 749/109/999
f 746/343/994 729/474/994 735/372/994
f 746/343/994 743/345/994 729/474/994
f 748/112/1070 747/111/1070 746/115/1070
f 748/112/938 746/115/938 744/117/938
f 748/112/998 744/117/998 752/118/998
f 748/112/998 752/118/998 755/113/998
f 749/109/1071 747/111/1071 748/112/1071
f 749/109/939 748/112/939 745/107/939
f 750/15/1072 753/10/1072 754/9/1072
f 750/15/940 754/9/940 756/13/940
f 751/108/1025 758/97/1025 745/107/1025
f 751/108/1025 766/98/1025 758/97/1025
f 753/10/1002 750/15/1002 764/16/1002
f 753/10/1002 764/16/1002 770/11/1002
f 755/113/1073 754/114/1073 753/110/1073
f 755/113/941 753/110/941 751/108/941
f 756/116/1074 754/114/1074 755/113/1074
f 756/116/942 755/113/942 752/118/942
f 757/346/1075 760/340/1075 761/341/1075
f 757/346/943 761/341/943 763/344/943
f 759/87/1003 762/92/1003 769/93/1003
f 759/87/1003 769/93/1003 765/88/1003
f 760/340/1000 743/345/1000 749/339/1000
f 760/340/1000 757/346/1000 743/345/1000
f 762/92/1004 758/97/1004 766/98/1004
f 762/92/1004 766/98/1004 769/93/1004
f 762/92/1076 761/91/1076 760/95/1076
f 762/92/944 760/95/944 758/97/944
f 763/89/1077 761/91/1077 762/92/1077
f 763/89/945 762/92/945 759/87/945
f 764/16/1018 708/190/1018 680/320/1018
f 764/16/1018 736/33/1018 708/190/1018
f 764/16/1018 750/15/1018 736/33/1018
f 764/16/1078 767/14/1078 768/12/1078
f 764/16/946 768/12/946 770/11/946
f 765/88/1007 767/90/1007 784/30/1007
f 765/88/1007 784/30/1007 780/32/1007
f 765/88/1026 772/31/1026 759/87/1026
f 765/88/1026 780/32/1026 772/31/1026
f 766/98/1001 751/108/1001 753/110/1001
f 766/98/1001 753/110/1001 770/96/1001
f 767/14/1008 764/16/1008 778/34/1008
f 767/14/1008 778/34/1008 784/22/1008
f 769/93/1079 768/94/1079 767/90/1079
f 769/93/947 767/90/947 765/88/947
f 770/96/1080 768/94/1080 769/93/1080
f 770/96/948 769/93/948 766/98/948
f 771/475/1015 645/565/1015 659/634/1015
f 771/475/1015 659/634/1015 687/651/1015
f 771/475/1081 774/373/1081 775/405/1081
f 771/475/949 775/405/949 777/519/949
f 772/31/1005 763/89/1005 759/87/1005
f 772/31/1005 774/29/1005 763/89/1005
f 773/17/1009 776/24/1009 783/25/1009
f 773/17/1009 783/25/1009 779/18/1009
f 774/373/1006 757/346/1006 763/344/1006
f 774/373/1006 771/475/1006 757/346/1006
f 776/24/1010 772/31/1010 780/32/1010
f 776/24/1010 780/32/1010 783/25/1010
f 776/24/1082 775/23/1082 774/29/1082
f 776/24/950 774/29/950 772/31/950
f 777/19/1083 775/23/1083 776/24/1083
f 777/19/951 776/24/951 773/17/951
f 778/34/1084 781/51/1084 782/28/1084
f 778/34/952 782/28/952 784/22/952
f 779/18/1013 658/6/1013 654/8/1013
f 779/18/1013 781/20/1013 658/6/1013
f 779/18/1017 646/7/1017 773/17/1017
f 779/18/1017 654/8/1017 646/7/1017
f 783/25/1085 782/26/1085 781/20/1085
f 783/25/953 781/20/953 779/18/953
f 784/30/1086 782/26/1086 783/25/1086
f 784/30/954 783/25/954 780/32/954
g rts_barracks_faction_mark_Cube.189
v -0.316300 0.340000 -0.581200
v -0.316300 0.346300 -0.587500
v -0.310000 0.346300 -0.581200
v -0.316300 0.341845 -0.585655
v -0.312663 0.342663 -0.584837
v -0.311845 0.346300 -0.585655
v -0.311845 0.341845 -0.581200
v -0.316300 0.613700 -0.587500
v -0.316300 0.620000 -0.581200
v -0.310000 0.613700 -0.581200
v -0.316300 0.618155 -0.585655
v -0.312663 0.617337 -0.584837
v -0.311845 0.618155 -0.581200
v -0.311845 0.613700 -0.585655
v -0.316300 0.340000 -0.558800
v -0.310000 0.346300 -0.558800
v -0.316300 0.346300 -0.552500
v -0.311845 0.341845 -0.558800
v -0.312663 0.342663 -0.555163
v -0.311845 0.346300 -0.554345
v -0.316300 0.341845 -0.554345
v -0.316300 0.620000 -0.558800
v -0.316300 0.613700 -0.552500
v -0.310000 0.613700 -0.558800
v -0.316300 0.618155 -0.554345
v -0.312663 0.617337 -0.555163
v -0.311845 0.613700 -0.554345
v -0.311845 0.618155 -0.558800
v -0.683700 0.340000 -0.581200
v -0.690000 0.346300 -0.581200
v -0.683700 0.346300 -0.587500
v -0.688155 0.341845 -0.581200
v -0.687337 0.342663 -0.584837
v -0.688155 0.346300 -0.585655
v -0.683700 0.341845 -0.585655
v -0.683700 0.620000 -0.581200
v -0.683700 0.613700 -0.587500
v -0.690000 0.613700 -0.581200
v -0.683700 0.618155 -0.585655
v -0.687337 0.617337 -0.584837
v -0.688155 0.613700 -0.585655
v -0.688155 0.618155 -0.581200
v -0.683700 0.340000 -0.558800
v -0.683700 0.346300 -0.552500
v -0.690000 0.346300 -0.558800
v -0.683700 0.341845 -0.554345
v -0.687337 0.342663 -0.555163
v -0.688155 0.346300 -0.554345
v -0.688155 0.341845 -0.558800
v -0.683700 0.620000 -0.558800
v -0.690000 0.613700 -0.558800
v -0.683700 0.613700 -0.552500
v -0.688155 0.618155 -0.558800
v -0.687337 0.617337 -0.555163
v -0.688155 0.613700 -0.554345
v -0.683700 0.618155 -0.554345
vn 0.3672 -0.8865 -0.2818
vn 0.2817 -0.3672 -0.8865
vn 0.8865 -0.2817 -0.3672
vn 0.3672 0.2817 -0.8865
vn 0.2817 0.8865 -0.3672
vn 0.8865 0.3672 -0.2817
vn 0.2817 -0.8865 0.3672
vn 0.8865 -0.3672 0.2817
vn 0.3672 -0.2817 0.8865
vn 0.3672 0.8865 0.2818
vn 0.2817 0.3672 0.8865
vn 0.8865 0.2817 0.3672
vn -0.2817 -0.8865 -0.3672
vn -0.8865 -0.3672 -0.2817
vn -0.3672 -0.2817 -0.8865
vn -0.3672 0.8865 -0.2818
vn -0.2817 0.3672 -0.8865
vn -0.8865 0.2817 -0.3672
vn -0.3672 -0.8865 0.2818
vn -0.2817 -0.3672 0.8865
vn -0.8865 -0.2817 0.3672
vn -0.2817 0.8865 0.3672
vn -0.8865 0.3672 0.2817
vn -0.3672 0.2817 0.8865
vn 0.3827 -0.9239 -0.0000
vn 0.9239 -0.3827 -0.0000
vn 0.3827 -0.0000 -0.9239
vn 0.9239 -0.0000 -0.3827
vn 0.3827 0.9239 -0.0000
vn 0.9239 0.3827 -0.0000
vn 0.3827 -0.0000 0.9239
vn 0.9239 -0.0000 0.3827
vn -0.0000 -0.9239 0.3827
vn -0.0000 -0.3827 0.9239
vn -0.0000 0.9239 0.3827
vn -0.0000 0.3827 0.9239
vn -0.9239 -0.0000 0.3827
vn -0.3827 -0.0000 0.9239
vn -0.3827 -0.9239 -0.0000
vn -0.9239 -0.3827 -0.0000
vn -0.3827 0.9239 -0.0000
vn -0.9239 0.3827 -0.0000
vn -0.3827 -0.0000 -0.9239
vn -0.9239 -0.0000 -0.3827
vn -0.0000 -0.9239 -0.3827
vn -0.0000 -0.3827 -0.9239
vn -0.0000 0.9239 -0.3827
vn -0.0000 0.3827 -0.9239
vn -0.0000 -1.0000 -0.0000
vn 1.0000 -0.0000 -0.0000
vn -0.0000 -0.0000 -1.0000
vn -0.0000 1.0000 -0.0000
vn -0.0000 -0.0000 1.0000
vn -1.0000 -0.0000 -0.0000
vn 0.2817 -0.8865 -0.3672
vn 0.3672 -0.2817 -0.8865
vn 0.8865 -0.3672 -0.2817
vn 0.2817 0.3672 -0.8865
vn 0.3672 0.8865 -0.2818
vn 0.8865 0.2817 -0.3672
vn 0.3672 -0.8865 0.2818
vn 0.8865 -0.2817 0.3672
vn 0.2817 -0.3672 0.8865
vn 0.2817 0.8865 0.3672
vn 0.3672 0.2817 0.8865
vn 0.8865 0.3672 0.2817
vn -0.3672 -0.8865 -0.2818
vn -0.8865 -0.2817 -0.3672
vn -0.2817 -0.3672 -0.8865
vn -0.2817 0.8865 -0.3672
vn -0.3672 0.2817 -0.8865
vn -0.8865 0.3672 -0.2817
vn -0.2817 -0.8865 0.3672
vn -0.3672 -0.2817 0.8865
vn -0.8865 -0.3672 0.2817
vn -0.3672 0.8865 0.2818
vn -0.8865 0.2817 0.3672
vn -0.2817 0.3672 0.8865
s 0
g rts_barracks_faction_mark_M_gold
usemtl M_gold
f 785/63/1087 789/53/1087 791/45/1087
f 785/63/1111 791/45/1111 802/44/1111
f 785/63/1111 802/44/1111 799/62/1111
f 785/63/1141 788/64/1141 789/53/1141
f 786/232/1088 789/201/1088 788/188/1088
f 786/232/1142 790/233/1142 789/201/1142
f 787/222/1089 789/158/1089 790/221/1089
f 787/222/1143 791/160/1143 789/158/1143
f 791/160/1112 787/222/1112 800/223/1112
f 791/160/1112 800/223/1112 802/161/1112
f 792/443/1090 796/515/1090 798/444/1090
f 792/443/1113 790/233/1113 786/232/1113
f 792/443/1113 798/444/1113 790/233/1113
f 792/443/1144 795/510/1144 796/515/1144
f 793/605/1091 796/625/1091 795/606/1091
f 793/605/1133 795/606/1133 823/523/1133
f 793/605/1133 823/523/1133 820/533/1133
f 793/605/1145 797/623/1145 796/625/1145
f 794/433/1092 796/464/1092 797/480/1092
f 794/433/1136 800/223/1136 787/222/1136
f 794/433/1136 808/434/1136 800/223/1136
f 794/433/1146 798/432/1146 796/464/1146
f 795/510/1134 792/443/1134 821/442/1134
f 795/510/1134 821/442/1134 823/523/1134
f 798/432/1114 787/222/1114 790/221/1114
f 798/432/1114 794/433/1114 787/222/1114
f 799/62/1093 803/42/1093 805/61/1093
f 799/62/1119 805/61/1119 830/144/1119
f 799/62/1119 830/144/1119 827/134/1119
f 799/62/1147 802/44/1147 803/42/1147
f 800/223/1094 803/196/1094 802/161/1094
f 800/223/1148 804/224/1148 803/196/1148
f 801/225/1095 803/196/1095 804/224/1095
f 801/225/1117 804/224/1117 811/435/1117
f 801/225/1117 811/435/1117 807/436/1117
f 801/225/1149 805/167/1149 803/196/1149
f 804/224/1118 800/223/1118 808/434/1118
f 804/224/1118 808/434/1118 811/435/1118
f 805/167/1120 801/225/1120 828/226/1120
f 805/167/1120 828/226/1120 830/144/1120
f 806/604/1096 810/614/1096 812/622/1096
f 806/604/1115 797/623/1115 793/605/1115
f 806/604/1115 812/622/1115 797/623/1115
f 806/604/1138 793/605/1138 820/533/1138
f 806/604/1138 820/533/1138 834/532/1138
f 806/604/1150 809/603/1150 810/614/1150
f 807/436/1097 810/469/1097 809/487/1097
f 807/436/1139 828/226/1139 801/225/1139
f 807/436/1139 836/437/1139 828/226/1139
f 807/436/1151 811/435/1151 810/469/1151
f 808/434/1098 810/469/1098 811/435/1098
f 808/434/1152 812/481/1152 810/469/1152
f 812/481/1116 794/433/1116 797/480/1116
f 812/481/1116 808/434/1116 794/433/1116
f 813/135/1099 817/195/1099 819/145/1099
f 813/135/1131 788/64/1131 785/63/1131
f 813/135/1131 819/145/1131 788/64/1131
f 813/135/1153 816/178/1153 817/195/1153
f 814/229/1100 817/195/1100 816/178/1100
f 814/229/1154 818/230/1154 817/195/1154
f 815/231/1101 817/195/1101 818/230/1101
f 815/231/1129 818/230/1129 825/441/1129
f 815/231/1129 825/441/1129 821/442/1129
f 815/231/1155 819/145/1155 817/195/1155
f 818/230/1130 814/229/1130 822/440/1130
f 818/230/1130 822/440/1130 825/441/1130
f 819/145/1132 786/232/1132 788/188/1132
f 819/145/1132 815/231/1132 786/232/1132
f 820/533/1102 824/473/1102 826/498/1102
f 820/533/1127 826/498/1127 837/497/1127
f 820/533/1127 837/497/1127 834/532/1127
f 820/533/1156 823/523/1156 824/473/1156
f 821/442/1103 824/473/1103 823/523/1103
f 821/442/1137 786/232/1137 815/231/1137
f 821/442/1137 792/443/1137 786/232/1137
f 821/442/1157 825/441/1157 824/473/1157
f 822/440/1104 824/473/1104 825/441/1104
f 822/440/1158 826/498/1158 824/473/1158
f 826/498/1128 822/440/1128 835/439/1128
f 826/498/1128 835/439/1128 837/497/1128
f 827/134/1105 831/192/1105 833/177/1105
f 827/134/1125 816/178/1125 813/135/1125
f 827/134/1125 833/177/1125 816/178/1125
f 827/134/1135 785/63/1135 799/62/1135
f 827/134/1135 813/135/1135 785/63/1135
f 827/134/1159 830/144/1159 831/192/1159
f 828/226/1106 831/192/1106 830/144/1106
f 828/226/1160 832/227/1160 831/192/1160
f 829/228/1107 831/192/1107 832/227/1107
f 829/228/1123 832/227/1123 839/438/1123
f 829/228/1123 839/438/1123 835/439/1123
f 829/228/1161 833/177/1161 831/192/1161
f 832/227/1124 828/226/1124 836/437/1124
f 832/227/1124 836/437/1124 839/438/1124
f 833/177/1126 814/229/1126 816/178/1126
f 833/177/1126 829/228/1126 814/229/1126
f 834/532/1108 838/470/1108 840/522/1108
f 834/532/1121 809/603/1121 806/604/1121
f 834/532/1121 840/522/1121 809/603/1121
f 834/532/1162 837/497/1162 838/470/1162
f 835/439/1109 838/470/1109 837/497/1109
f 835/439/1140 814/229/1140 829/228/1140
f 835/439/1140 822/440/1140 814/229/1140
f 835/439/1163 839/438/1163 838/470/1163
f 836/437/1110 838/470/1110 839/438/1110
f 836/437/1164 840/522/1164 838/470/1164
f 840/522/1122 807/436/1122 809/487/1122
f 840/522/1122 836/437/1122 807/436/1122
