# Blender 5.2.0 LTS
# www.blender.org
mtllib power_generator_array.mtl
g rts_generator_base_Cylinder.091
v 0.000000 0.000000 0.724706
v 0.000000 0.015000 0.740000
v 0.000000 0.004393 0.735521
v -0.000000 0.160000 0.724706
v 0.000000 0.145000 0.740000
v -0.000000 0.155607 0.735521
v -0.277333 0.000000 0.669541
v -0.283186 0.015000 0.683671
v -0.281472 0.004393 0.679532
v -0.277333 0.160000 0.669541
v -0.283186 0.145000 0.683671
v -0.281472 0.155607 0.679532
v -0.512445 0.000000 0.512445
v -0.523259 0.015000 0.523259
v -0.520092 0.004393 0.520092
v -0.512445 0.160000 0.512445
v -0.523259 0.145000 0.523259
v -0.520092 0.155607 0.520092
v -0.669541 0.000000 0.277333
v -0.683671 0.015000 0.283186
v -0.679532 0.004393 0.281472
v -0.669541 0.160000 0.277333
v -0.683671 0.145000 0.283186
v -0.679532 0.155607 0.281472
v -0.724706 0.000000 0.000000
v -0.740000 0.015000 0.000000
v -0.735521 0.004393 0.000000
v -0.724706 0.160000 -0.000000
v -0.740000 0.145000 0.000000
v -0.735521 0.155607 -0.000000
v -0.669541 0.000000 -0.277333
v -0.683671 0.015000 -0.283186
v -0.679532 0.004393 -0.281472
v -0.669541 0.160000 -0.277333
v -0.683671 0.145000 -0.283186
v -0.679532 0.155607 -0.281472
v -0.512445 0.000000 -0.512445
v -0.523259 0.015000 -0.523259
v -0.520092 0.004393 -0.520092
v -0.512445 0.160000 -0.512445
v -0.523259 0.145000 -0.523259
v -0.520092 0.155607 -0.520092
v -0.277333 0.000000 -0.669541
v -0.283186 0.015000 -0.683671
v -0.281472 0.004393 -0.679532
v -0.277333 0.160000 -0.669541
v -0.283186 0.145000 -0.683671
v -0.281472 0.155607 -0.679532
v -0.000000 0.000000 -0.724706
v 0.000000 0.015000 -0.740000
v -0.000000 0.004393 -0.735521
v 0.000000 0.160000 -0.724706
v 0.000000 0.145000 -0.740000
v 0.000000 0.155607 -0.735521
v 0.277333 0.000000 -0.669541
v 0.283186 0.015000 -0.683671
v 0.281472 0.004393 -0.679532
v 0.277333 0.160000 -0.669541
v 0.283186 0.145000 -0.683671
v 0.281472 0.155607 -0.679532
v 0.512445 0.000000 -0.512445
v 0.523259 0.015000 -0.523259
v 0.520092 0.004393 -0.520092
v 0.512445 0.160000 -0.512445
v 0.523259 0.145000 -0.523259
v 0.520092 0.155607 -0.520092
v 0.669541 0.000000 -0.277333
v 0.683671 0.015000 -0.283186
v 0.679532 0.004393 -0.281472
v 0.669541 0.160000 -0.277333
v 0.683671 0.145000 -0.283186
v 0.679532 0.155607 -0.281472
v 0.724706 0.000000 -0.000000
v 0.740000 0.015000 0.000000
v 0.735521 0.004393 -0.000000
v 0.724706 0.160000 0.000000
v 0.740000 0.145000 0.000000
v 0.735521 0.155607 0.000000
v 0.669541 0.000000 0.277333
v 0.683671 0.015000 0.283186
v 0.679532 0.004393 0.281472
v 0.669541 0.160000 0.277333
v 0.683671 0.145000 0.283186
v 0.679532 0.155607 0.281472
v 0.512445 0.000000 0.512445
v 0.523259 0.015000 0.523259
v 0.520092 0.004393 0.520092
v 0.512445 0.160000 0.512445
v 0.523259 0.145000 0.523259
v 0.520092 0.155607 0.520092
v 0.277333 0.000000 0.669541
v 0.283186 0.015000 0.683671
v 0.281472 0.004393 0.679532
v 0.277333 0.160000 0.669541
v 0.283186 0.145000 0.683671
v 0.281472 0.155607 0.679532
vn -0.1802 -0.3827 0.9061
vn -0.0747 -0.9239 0.3753
vn -0.1802 0.3827 0.9061
vn -0.0747 0.9239 0.3753
vn -0.5133 -0.3827 0.7682
vn -0.2126 -0.9239 0.3182
vn -0.5133 0.3827 0.7682
vn -0.2126 0.9239 0.3182
vn -0.7682 -0.3827 0.5133
vn -0.3182 -0.9239 0.2126
vn -0.7682 0.3827 0.5133
vn -0.3182 0.9239 0.2126
vn -0.9061 -0.3827 0.1802
vn -0.3753 -0.9239 0.0747
vn -0.9061 0.3827 0.1802
vn -0.3753 0.9239 0.0747
vn -0.9061 -0.3827 -0.1802
vn -0.3753 -0.9239 -0.0747
vn -0.9061 0.3827 -0.1802
vn -0.3753 0.9239 -0.0747
vn -0.7682 -0.3827 -0.5133
vn -0.3182 -0.9239 -0.2126
vn -0.7682 0.3827 -0.5133
vn -0.3182 0.9239 -0.2126
vn -0.5133 -0.3827 -0.7682
vn -0.2126 -0.9239 -0.3182
vn -0.5133 0.3827 -0.7682
vn -0.2126 0.9239 -0.3182
vn -0.1802 -0.3827 -0.9061
vn -0.0747 -0.9239 -0.3753
vn -0.1802 0.3827 -0.9061
vn -0.0747 0.9239 -0.3753
vn 0.1802 -0.3827 -0.9061
vn 0.0747 -0.9239 -0.3753
vn 0.1802 0.3827 -0.9061
vn 0.0747 0.9239 -0.3753
vn 0.5133 -0.3827 -0.7682
vn 0.2126 -0.9239 -0.3182
vn 0.5133 0.3827 -0.7682
vn 0.2126 0.9239 -0.3182
vn 0.7682 -0.3827 -0.5133
vn 0.3182 -0.9239 -0.2126
vn 0.7682 0.3827 -0.5133
vn 0.3182 0.9239 -0.2126
vn 0.9061 -0.3827 -0.1802
vn 0.3753 -0.9239 -0.0747
vn 0.9061 0.3827 -0.1802
vn 0.3753 0.9239 -0.0747
vn 0.9061 -0.3827 0.1802
vn 0.3753 -0.9239 0.0747
vn 0.9061 0.3827 0.1802
vn 0.3753 0.9239 0.0747
vn 0.7682 -0.3827 0.5133
vn 0.3182 -0.9239 0.2126
vn 0.7682 0.3827 0.5133
vn 0.3182 0.9239 0.2126
vn 0.5133 -0.3827 0.7682
vn 0.2126 -0.9239 0.3182
vn 0.5133 0.3827 0.7682
vn 0.2126 0.9239 0.3182
vn 0.1802 -0.3827 0.9061
vn 0.0747 -0.9239 0.3753
vn 0.1802 0.3827 0.9061
vn 0.0747 0.9239 0.3753
vn -0.0000 -1.0000 -0.0000
vn -0.1951 -0.0000 0.9808
vn 0.1951 -0.0000 0.9808
vn -0.0000 1.0000 -0.0000
vn -0.5556 -0.0000 0.8315
vn -0.8315 -0.0000 0.5556
vn -0.9808 -0.0000 0.1951
vn -0.9808 -0.0000 -0.1951
vn -0.8315 -0.0000 -0.5556
vn -0.5556 -0.0000 -0.8315
vn -0.1951 -0.0000 -0.9808
vn 0.1951 -0.0000 -0.9808
vn 0.5556 -0.0000 -0.8315
vn 0.8315 -0.0000 -0.5556
vn 0.9808 -0.0000 -0.1951
vn 0.9808 -0.0000 0.1951
vn 0.8315 -0.0000 0.5556
vn 0.5556 -0.0000 0.8315
vt 0.00000 0.00000
vt 0.00000 0.12500
vt 0.00000 0.16667
vt 0.00000 0.25000
vt 0.00000 0.33333
vt 0.00000 0.37500
vt 0.00000 0.50000
vt 0.00000 0.50694
vt 0.00000 0.54688
vt 0.00000 0.62500
vt 0.00000 0.66667
vt 0.00000 0.75000
vt 0.00000 0.83333
vt 0.00000 0.87500
vt 0.00000 0.95312
vt 0.00000 0.99306
vt 0.00000 1.00000
vt 0.00019 0.50000
vt 0.00019 1.00000
vt 0.00057 0.50000
vt 0.00057 1.00000
vt 0.01000 0.25000
vt 0.01005 0.25000
vt 0.01022 0.25000
vt 0.01496 0.25000
vt 0.02129 0.25000
vt 0.02832 0.15818
vt 0.02832 0.34182
vt 0.03285 0.16005
vt 0.03285 0.33995
vt 0.03571 0.00000
vt 0.03571 1.00000
vt 0.04235 0.13011
vt 0.04235 0.36989
vt 0.05000 0.00000
vt 0.05000 0.12500
vt 0.05000 0.25000
vt 0.05000 0.37500
vt 0.05000 0.50000
vt 0.05000 0.62500
vt 0.05000 0.75000
vt 0.05000 0.87500
vt 0.05000 1.00000
vt 0.05194 0.13565
vt 0.05194 0.36435
vt 0.06250 0.50000
vt 0.06250 0.54688
vt 0.06250 0.95312
vt 0.06250 1.00000
vt 0.07143 0.12500
vt 0.07143 0.25000
vt 0.07143 0.37500
vt 0.07143 0.50000
vt 0.07143 0.62500
vt 0.07143 0.75000
vt 0.07143 0.87500
vt 0.08029 0.08029
vt 0.08029 0.41971
vt 0.08033 0.08033
vt 0.08033 0.41967
vt 0.08333 0.50000
vt 0.08333 0.50694
vt 0.08333 0.99306
vt 0.08333 1.00000
vt 0.08380 0.08380
vt 0.08380 0.41620
vt 0.10000 0.00000
vt 0.10000 0.12500
vt 0.10000 0.16667
vt 0.10000 0.25000
vt 0.10000 0.33333
vt 0.10000 0.37500
vt 0.10000 0.50000
vt 0.10000 0.62500
vt 0.10000 0.66667
vt 0.10000 0.75000
vt 0.10000 0.83333
vt 0.10000 0.87500
vt 0.10000 1.00000
vt 0.10714 0.00000
vt 0.10714 1.00000
vt 0.12500 0.50000
vt 0.12500 0.54688
vt 0.12500 0.95312
vt 0.12500 1.00000
vt 0.13011 0.04235
vt 0.13011 0.45765
vt 0.13565 0.05194
vt 0.13565 0.44806
vt 0.14286 0.12500
vt 0.14286 0.25000
vt 0.14286 0.37500
vt 0.14286 0.50000
vt 0.14286 0.62500
vt 0.14286 0.75000
vt 0.14286 0.87500
vt 0.15000 0.00000
vt 0.15000 0.12500
vt 0.15000 0.25000
vt 0.15000 0.37500
vt 0.15000 0.50000
vt 0.15000 0.62500
vt 0.15000 0.75000
vt 0.15000 0.87500
vt 0.15000 1.00000
vt 0.15818 0.02832
vt 0.15818 0.47168
vt 0.16005 0.03285
vt 0.16005 0.46715
vt 0.16667 0.50000
vt 0.16667 0.50694
vt 0.16667 0.99306
vt 0.16667 1.00000
vt 0.17857 0.00000
vt 0.17857 1.00000
vt 0.18750 0.50000
vt 0.18750 0.54688
vt 0.18750 0.95312
vt 0.18750 1.00000
vt 0.20000 0.00000
vt 0.20000 0.12500
vt 0.20000 0.16667
vt 0.20000 0.25000
vt 0.20000 0.33333
vt 0.20000 0.37500
vt 0.20000 0.50000
vt 0.20000 0.62500
vt 0.20000 0.66667
vt 0.20000 0.75000
vt 0.20000 0.83333
vt 0.20000 0.87500
vt 0.20000 1.00000
vt 0.21429 0.12500
vt 0.21429 0.25000
vt 0.21429 0.37500
vt 0.21429 0.50000
vt 0.21429 0.62500
vt 0.21429 0.75000
vt 0.21429 0.87500
vt 0.25000 0.00000
vt 0.25000 0.01000
vt 0.25000 0.01005
vt 0.25000 0.01022
vt 0.25000 0.01496
vt 0.25000 0.02129
vt 0.25000 0.12500
vt 0.25000 0.25000
vt 0.25000 0.37500
vt 0.25000 0.47871
vt 0.25000 0.48504
vt 0.25000 0.48978
vt 0.25000 0.48995
vt 0.25000 0.49000
vt 0.25000 0.50000
vt 0.25000 0.50694
vt 0.25000 0.54688
vt 0.25000 0.62500
vt 0.25000 0.75000
vt 0.25000 0.87500
vt 0.25000 0.95312
vt 0.25000 0.99306
vt 0.25000 1.00000
vt 0.28571 0.12500
vt 0.28571 0.25000
vt 0.28571 0.37500
vt 0.28571 0.50000
vt 0.28571 0.62500
vt 0.28571 0.75000
vt 0.28571 0.87500
vt 0.30000 0.00000
vt 0.30000 0.12500
vt 0.30000 0.16667
vt 0.30000 0.25000
vt 0.30000 0.33333
vt 0.30000 0.37500
vt 0.30000 0.50000
vt 0.30000 0.62500
vt 0.30000 0.66667
vt 0.30000 0.75000
vt 0.30000 0.83333
vt 0.30000 0.87500
vt 0.30000 1.00000
vt 0.31250 0.50000
vt 0.31250 0.54688
vt 0.31250 0.95312
vt 0.31250 1.00000
vt 0.32143 0.00000
vt 0.32143 1.00000
vt 0.33333 0.50000
vt 0.33333 0.50694
vt 0.33333 0.99306
vt 0.33333 1.00000
vt 0.33995 0.03285
vt 0.33995 0.46715
vt 0.34182 0.02832
vt 0.34182 0.47168
vt 0.35000 0.00000
vt 0.35000 0.12500
vt 0.35000 0.25000
vt 0.35000 0.37500
vt 0.35000 0.50000
vt 0.35000 0.62500
vt 0.35000 0.75000
vt 0.35000 0.87500
vt 0.35000 1.00000
vt 0.35714 0.12500
vt 0.35714 0.25000
vt 0.35714 0.37500
vt 0.35714 0.50000
vt 0.35714 0.62500
vt 0.35714 0.75000
vt 0.35714 0.87500
vt 0.36435 0.05194
vt 0.36435 0.44806
vt 0.36989 0.04235
vt 0.36989 0.45765
vt 0.37500 0.50000
vt 0.37500 0.54688
vt 0.37500 0.95312
vt 0.37500 1.00000
vt 0.39286 0.00000
vt 0.39286 1.00000
vt 0.40000 0.00000
vt 0.40000 0.12500
vt 0.40000 0.16667
vt 0.40000 0.25000
vt 0.40000 0.33333
vt 0.40000 0.37500
vt 0.40000 0.50000
vt 0.40000 0.62500
vt 0.40000 0.66667
vt 0.40000 0.75000
vt 0.40000 0.83333
vt 0.40000 0.87500
vt 0.40000 1.00000
vt 0.41620 0.08380
vt 0.41620 0.41620
vt 0.41667 0.50000
vt 0.41667 0.50694
vt 0.41667 0.99306
vt 0.41667 1.00000
vt 0.41967 0.08033
vt 0.41967 0.41967
vt 0.41971 0.08029
vt 0.41971 0.41971
vt 0.42857 0.12500
vt 0.42857 0.25000
vt 0.42857 0.37500
vt 0.42857 0.50000
vt 0.42857 0.62500
vt 0.42857 0.75000
vt 0.42857 0.87500
vt 0.43750 0.50000
vt 0.43750 0.54688
vt 0.43750 0.95312
vt 0.43750 1.00000
vt 0.44806 0.13565
vt 0.44806 0.36435
vt 0.45000 0.00000
vt 0.45000 0.12500
vt 0.45000 0.25000
vt 0.45000 0.37500
vt 0.45000 0.50000
vt 0.45000 0.62500
vt 0.45000 0.75000
vt 0.45000 0.87500
vt 0.45000 1.00000
vt 0.45765 0.13011
vt 0.45765 0.36989
vt 0.46429 0.00000
vt 0.46429 1.00000
vt 0.46715 0.16005
vt 0.46715 0.33995
vt 0.47168 0.15818
vt 0.47168 0.34182
vt 0.47871 0.25000
vt 0.48504 0.25000
vt 0.48978 0.25000
vt 0.48995 0.25000
vt 0.49000 0.25000
vt 0.50000 0.00000
vt 0.50000 0.12500
vt 0.50000 0.16667
vt 0.50000 0.25000
vt 0.50000 0.33333
vt 0.50000 0.37500
vt 0.50000 0.50000
vt 0.50000 0.50694
vt 0.50000 0.54688
vt 0.50000 0.62500
vt 0.50000 0.66667
vt 0.50000 0.75000
vt 0.50000 0.83333
vt 0.50000 0.87500
vt 0.50000 0.95312
vt 0.50000 0.99306
vt 0.50000 1.00000
vt 0.51000 0.25000
vt 0.51006 0.25000
vt 0.51022 0.25000
vt 0.51496 0.25000
vt 0.52129 0.25000
vt 0.52832 0.15818
vt 0.52832 0.34182
vt 0.53285 0.16005
vt 0.53285 0.33995
vt 0.53571 0.00000
vt 0.53571 1.00000
vt 0.54235 0.13011
vt 0.54235 0.36989
vt 0.55000 0.00000
vt 0.55000 0.12500
vt 0.55000 0.25000
vt 0.55000 0.37500
vt 0.55000 0.50000
vt 0.55000 0.62500
vt 0.55000 0.75000
vt 0.55000 0.87500
vt 0.55000 1.00000
vt 0.55193 0.13565
vt 0.55193 0.36435
vt 0.56250 0.50000
vt 0.56250 0.54688
vt 0.56250 0.95312
vt 0.56250 1.00000
vt 0.57143 0.12500
vt 0.57143 0.25000
vt 0.57143 0.37500
vt 0.57143 0.50000
vt 0.57143 0.62500
vt 0.57143 0.75000
vt 0.57143 0.87500
vt 0.58029 0.08029
vt 0.58029 0.41971
vt 0.58033 0.08033
vt 0.58033 0.41967
vt 0.58333 0.50000
vt 0.58333 0.50694
vt 0.58333 0.99306
vt 0.58333 1.00000
vt 0.58380 0.08380
vt 0.58380 0.41620
vt 0.60000 0.00000
vt 0.60000 0.12500
vt 0.60000 0.16667
vt 0.60000 0.25000
vt 0.60000 0.33333
vt 0.60000 0.37500
vt 0.60000 0.50000
vt 0.60000 0.62500
vt 0.60000 0.66667
vt 0.60000 0.75000
vt 0.60000 0.83333
vt 0.60000 0.87500
vt 0.60000 1.00000
vt 0.60714 0.00000
vt 0.60714 1.00000
vt 0.62500 0.50000
vt 0.62500 0.54688
vt 0.62500 0.95312
vt 0.62500 1.00000
vt 0.63011 0.04235
vt 0.63011 0.45765
vt 0.63565 0.05194
vt 0.63565 0.44806
vt 0.64286 0.12500
vt 0.64286 0.25000
vt 0.64286 0.37500
vt 0.64286 0.50000
vt 0.64286 0.62500
vt 0.64286 0.75000
vt 0.64286 0.87500
vt 0.65000 0.00000
vt 0.65000 0.12500
vt 0.65000 0.25000
vt 0.65000 0.37500
vt 0.65000 0.50000
vt 0.65000 0.62500
vt 0.65000 0.75000
vt 0.65000 0.87500
vt 0.65000 1.00000
vt 0.65818 0.02832
vt 0.65818 0.47168
vt 0.66005 0.03285
vt 0.66005 0.46715
vt 0.66667 0.50000
vt 0.66667 0.50694
vt 0.66667 0.99306
vt 0.66667 1.00000
vt 0.67857 0.00000
vt 0.67857 1.00000
vt 0.68750 0.50000
vt 0.68750 0.54688
vt 0.68750 0.95312
vt 0.68750 1.00000
vt 0.70000 0.00000
vt 0.70000 0.12500
vt 0.70000 0.16667
vt 0.70000 0.25000
vt 0.70000 0.33333
vt 0.70000 0.37500
vt 0.70000 0.50000
vt 0.70000 0.62500
vt 0.70000 0.66667
vt 0.70000 0.75000
vt 0.70000 0.83333
vt 0.70000 0.87500
vt 0.70000 1.00000
vt 0.71429 0.12500
vt 0.71429 0.25000
vt 0.71429 0.37500
vt 0.71429 0.50000
vt 0.71429 0.62500
vt 0.71429 0.75000
vt 0.71429 0.87500
vt 0.75000 0.00000
vt 0.75000 0.01000
vt 0.75000 0.01005
vt 0.75000 0.01022
vt 0.75000 0.01496
vt 0.75000 0.02129
vt 0.75000 0.12500
vt 0.75000 0.25000
vt 0.75000 0.37500
vt 0.75000 0.47871
vt 0.75000 0.48504
vt 0.75000 0.48978
vt 0.75000 0.48995
vt 0.75000 0.49000
vt 0.75000 0.50000
vt 0.75000 0.50694
vt 0.75000 0.54688
vt 0.75000 0.62500
vt 0.75000 0.75000
vt 0.75000 0.87500
vt 0.75000 0.95312
vt 0.75000 0.99306
vt 0.75000 1.00000
vt 0.78571 0.12500
vt 0.78571 0.25000
vt 0.78571 0.37500
vt 0.78571 0.50000
vt 0.78571 0.62500
vt 0.78571 0.75000
vt 0.78571 0.87500
vt 0.80000 0.00000
vt 0.80000 0.12500
vt 0.80000 0.16667
vt 0.80000 0.25000
vt 0.80000 0.33333
vt 0.80000 0.37500
vt 0.80000 0.50000
vt 0.80000 0.62500
vt 0.80000 0.66667
vt 0.80000 0.75000
vt 0.80000 0.83333
vt 0.80000 0.87500
vt 0.80000 1.00000
vt 0.81250 0.50000
vt 0.81250 0.54688
vt 0.81250 0.95312
vt 0.81250 1.00000
vt 0.82143 0.00000
vt 0.82143 1.00000
vt 0.83333 0.50000
vt 0.83333 0.50694
vt 0.83333 0.99306
vt 0.83333 1.00000
vt 0.83995 0.03285
vt 0.83995 0.46715
vt 0.84182 0.02832
vt 0.84182 0.47168
vt 0.85000 0.00000
vt 0.85000 0.12500
vt 0.85000 0.25000
vt 0.85000 0.37500
vt 0.85000 0.50000
vt 0.85000 0.62500
vt 0.85000 0.75000
vt 0.85000 0.87500
vt 0.85000 1.00000
vt 0.85714 0.12500
vt 0.85714 0.25000
vt 0.85714 0.37500
vt 0.85714 0.50000
vt 0.85714 0.62500
vt 0.85714 0.75000
vt 0.85714 0.87500
vt 0.86435 0.05194
vt 0.86435 0.44806
vt 0.86989 0.04235
vt 0.86989 0.45765
vt 0.87500 0.50000
vt 0.87500 0.54688
vt 0.87500 0.95312
vt 0.87500 1.00000
vt 0.89286 0.00000
vt 0.89286 1.00000
vt 0.90000 0.00000
vt 0.90000 0.12500
vt 0.90000 0.16667
vt 0.90000 0.25000
vt 0.90000 0.33333
vt 0.90000 0.37500
vt 0.90000 0.50000
vt 0.90000 0.62500
vt 0.90000 0.66667
vt 0.90000 0.75000
vt 0.90000 0.83333
vt 0.90000 0.87500
vt 0.90000 1.00000
vt 0.91620 0.08380
vt 0.91620 0.41620
vt 0.91667 0.50000
vt 0.91667 0.50694
vt 0.91667 0.99306
vt 0.91667 1.00000
vt 0.91967 0.08033
vt 0.91967 0.41967
vt 0.91971 0.08029
vt 0.91971 0.41971
vt 0.92857 0.12500
vt 0.92857 0.25000
vt 0.92857 0.37500
vt 0.92857 0.50000
vt 0.92857 0.62500
vt 0.92857 0.75000
vt 0.92857 0.87500
vt 0.93750 0.50000
vt 0.93750 0.54688
vt 0.93750 0.95312
vt 0.93750 1.00000
vt 0.94807 0.13565
vt 0.94807 0.36435
vt 0.95000 0.00000
vt 0.95000 0.12500
vt 0.95000 0.25000
vt 0.95000 0.37500
vt 0.95000 0.50000
vt 0.95000 0.62500
vt 0.95000 0.75000
vt 0.95000 0.87500
vt 0.95000 1.00000
vt 0.95765 0.13011
vt 0.95765 0.36989
vt 0.96429 0.00000
vt 0.96429 1.00000
vt 0.96715 0.16005
vt 0.96715 0.33995
vt 0.97168 0.15818
vt 0.97168 0.34182
vt 0.97871 0.25000
vt 0.98504 0.25000
vt 0.98978 0.25000
vt 0.98994 0.25000
vt 0.99000 0.25000
vt 0.99943 0.50000
vt 0.99943 1.00000
vt 0.99981 0.50000
vt 0.99981 1.00000
vt 1.00000 0.00000
vt 1.00000 0.12500
vt 1.00000 0.16667
vt 1.00000 0.25000
vt 1.00000 0.33333
vt 1.00000 0.37500
vt 1.00000 0.50000
vt 1.00000 0.50694
vt 1.00000 0.54688
vt 1.00000 0.62500
vt 1.00000 0.66667
vt 1.00000 0.75000
vt 1.00000 0.83333
vt 1.00000 0.87500
vt 1.00000 0.95312
vt 1.00000 0.99306
vt 1.00000 1.00000
s 0
g rts_generator_base_M_black
usemtl M_black
f 11/531/69 14/494/69 8/530/69
f 11/531/69 17/495/69 14/494/69
f 11/531/7 12/532/7 18/496/7
f 11/531/7 18/496/7 17/495/7
f 12/196/4 4/150/4 10/194/4
f 12/196/4 6/152/4 4/150/4
f 12/196/8 10/194/8 16/237/8
f 12/196/8 16/237/8 18/243/8
f 14/494/5 15/493/5 9/529/5
f 14/494/5 9/529/5 8/530/5
f 15/519/6 13/513/6 7/470/6
f 15/519/6 7/470/6 9/472/6
f 16/237/68 10/194/68 4/150/68
f 16/237/68 4/150/68 88/66/68
f 16/237/68 88/66/68 64/65/68
f 17/495/11 18/496/11 24/462/11
f 17/495/11 24/462/11 23/461/11
f 17/495/70 20/460/70 14/494/70
f 17/495/70 23/461/70 20/460/70
f 18/243/12 16/237/12 22/273/12
f 18/243/12 22/273/12 24/275/12
f 19/549/65 25/553/65 31/548/65
f 19/549/65 31/548/65 43/469/65
f 2/9/61 3/18/61 93/46/61
f 2/9/61 93/46/61 92/47/61
f 20/460/9 15/493/9 14/494/9
f 20/460/9 21/459/9 15/493/9
f 21/551/10 13/513/10 15/519/10
f 21/551/10 19/549/10 13/513/10
f 21/551/14 25/553/14 19/549/14
f 21/551/14 27/555/14 25/553/14
f 23/461/15 24/462/15 30/438/15
f 23/461/15 30/438/15 29/436/15
f 23/461/71 26/432/71 20/460/71
f 23/461/71 29/436/71 26/432/71
f 24/275/16 22/273/16 28/277/16
f 24/275/16 28/277/16 30/279/16
f 26/432/13 21/459/13 20/460/13
f 26/432/13 27/430/13 21/459/13
f 28/277/68 22/273/68 16/237/68
f 29/436/19 30/438/19 36/395/19
f 29/436/19 36/395/19 35/394/19
f 29/436/72 32/393/72 26/432/72
f 29/436/72 35/394/72 32/393/72
f 31/548/65 37/512/65 43/469/65
f 32/393/17 27/430/17 26/432/17
f 32/393/17 33/392/17 27/430/17
f 33/550/18 25/553/18 27/555/18
f 33/550/18 31/548/18 25/553/18
f 35/394/23 36/395/23 42/361/23
f 35/394/23 42/361/23 41/360/23
f 35/394/73 38/359/73 32/393/73
f 35/394/73 41/360/73 38/359/73
f 36/274/20 28/277/20 34/272/20
f 36/274/20 30/279/20 28/277/20
f 36/274/24 34/272/24 40/236/24
f 36/274/24 40/236/24 42/242/24
f 38/359/21 33/392/21 32/393/21
f 38/359/21 39/358/21 33/392/21
f 39/518/22 31/548/22 33/550/22
f 39/518/22 37/512/22 31/548/22
f 4/150/68 94/109/68 88/66/68
f 40/236/68 28/277/68 16/237/68
f 40/236/68 34/272/68 28/277/68
f 41/360/27 42/361/27 48/325/27
f 41/360/27 48/325/27 47/324/27
f 41/360/74 44/323/74 38/359/74
f 41/360/74 47/324/74 44/323/74
f 42/242/28 40/236/28 46/193/28
f 42/242/28 46/193/28 48/195/28
f 43/469/65 49/420/65 55/384/65
f 43/469/65 55/384/65 67/305/65
f 43/469/65 67/305/65 91/385/65
f 44/323/25 39/358/25 38/359/25
f 44/323/25 45/322/25 39/358/25
f 45/471/26 37/512/26 39/518/26
f 45/471/26 43/469/26 37/512/26
f 45/471/30 49/420/30 43/469/30
f 45/471/30 51/418/30 49/420/30
f 47/324/31 48/325/31 54/297/31
f 47/324/31 54/297/31 53/295/31
f 47/324/75 50/289/75 44/323/75
f 47/324/75 53/295/75 50/289/75
f 48/195/32 46/193/32 52/144/32
f 48/195/32 52/144/32 54/142/32
f 5/575/3 12/532/3 11/531/3
f 5/575/3 6/560/3 12/532/3
f 5/575/66 11/531/66 8/530/66
f 5/575/66 8/530/66 2/569/66
f 50/289/29 45/322/29 44/323/29
f 50/289/29 51/287/29 45/322/29
f 52/144/68 46/193/68 40/236/68
f 53/295/35 54/297/35 60/256/35
f 53/295/35 60/256/35 59/255/35
f 53/295/76 56/254/76 50/289/76
f 53/295/76 59/255/76 56/254/76
f 55/384/65 61/341/65 67/305/65
f 56/254/33 51/287/33 50/289/33
f 56/254/33 57/253/33 51/287/33
f 57/382/34 49/420/34 51/418/34
f 57/382/34 55/384/34 49/420/34
f 59/255/39 60/256/39 66/220/39
f 59/255/39 66/220/39 65/219/39
f 59/255/77 62/218/77 56/254/77
f 59/255/77 65/219/77 62/218/77
f 60/106/36 52/144/36 58/108/36
f 60/106/36 54/142/36 52/144/36
f 60/106/40 58/108/40 64/65/40
f 60/106/40 64/65/40 66/59/40
f 62/218/37 57/253/37 56/254/37
f 62/218/37 63/217/37 57/253/37
f 63/335/38 55/384/38 57/382/38
f 63/335/38 61/341/38 55/384/38
f 64/65/68 40/236/68 16/237/68
f 64/65/68 52/144/68 40/236/68
f 64/65/68 58/108/68 52/144/68
f 65/219/43 66/220/43 72/186/43
f 65/219/43 72/186/43 71/185/43
f 65/219/78 68/184/78 62/218/78
f 65/219/78 71/185/78 68/184/78
f 66/59/44 64/65/44 70/29/44
f 66/59/44 70/29/44 72/27/44
f 67/305/65 73/301/65 79/306/65
f 67/305/65 79/306/65 91/385/65
f 68/184/41 63/217/41 62/218/41
f 68/184/41 69/183/41 63/217/41
f 69/303/42 61/341/42 63/335/42
f 69/303/42 67/305/42 61/341/42
f 69/303/46 73/301/46 67/305/46
f 69/303/46 75/299/46 73/301/46
f 7/470/65 13/513/65 19/549/65
f 71/185/47 72/186/47 78/162/47
f 71/185/47 78/162/47 77/160/47
f 71/185/79 74/156/79 68/184/79
f 71/185/79 77/160/79 74/156/79
f 72/27/48 70/29/48 76/25/48
f 72/27/48 76/25/48 78/23/48
f 74/156/45 69/183/45 68/184/45
f 74/156/45 75/154/45 69/183/45
f 76/25/68 70/29/68 64/65/68
f 77/160/51 78/162/51 84/119/51
f 77/160/51 84/119/51 83/118/51
f 77/160/80 80/117/80 74/156/80
f 77/160/80 83/118/80 80/117/80
f 79/306/65 85/342/65 91/385/65
f 8/530/1 3/559/1 2/569/1
f 8/530/1 9/529/1 3/559/1
f 80/117/49 75/154/49 74/156/49
f 80/117/49 81/116/49 75/154/49
f 81/304/50 73/301/50 75/299/50
f 81/304/50 79/306/50 73/301/50
f 83/118/55 84/119/55 90/85/55
f 83/118/55 90/85/55 89/84/55
f 83/118/81 86/83/81 80/117/81
f 83/118/81 89/84/81 86/83/81
f 84/28/52 76/25/52 82/30/52
f 84/28/52 78/23/52 76/25/52
f 84/28/56 82/30/56 88/66/56
f 84/28/56 88/66/56 90/60/56
f 86/83/53 81/116/53 80/117/53
f 86/83/53 87/82/53 81/116/53
f 87/336/54 79/306/54 81/304/54
f 87/336/54 85/342/54 79/306/54
f 88/66/68 76/25/68 64/65/68
f 88/66/68 82/30/68 76/25/68
f 89/84/59 90/85/59 96/49/59
f 89/84/59 96/49/59 95/48/59
f 89/84/82 92/47/82 86/83/82
f 89/84/82 95/48/82 92/47/82
f 9/472/2 1/426/2 3/428/2
f 9/472/2 7/470/2 1/426/2
f 90/60/60 88/66/60 94/109/60
f 90/60/60 94/109/60 96/107/60
f 91/385/65 1/426/65 7/470/65
f 91/385/65 19/549/65 43/469/65
f 91/385/65 7/470/65 19/549/65
f 92/47/57 87/82/57 86/83/57
f 92/47/57 93/46/57 87/82/57
f 93/383/58 85/342/58 87/336/58
f 93/383/58 91/385/58 85/342/58
f 93/383/62 1/426/62 91/385/62
f 93/383/62 3/428/62 1/426/62
f 95/48/63 6/19/63 5/15/63
f 95/48/63 96/49/63 6/19/63
f 95/48/67 2/9/67 92/47/67
f 95/48/67 5/15/67 2/9/67
f 96/107/64 4/150/64 6/152/64
f 96/107/64 94/109/64 4/150/64
g rts_generator_core_Cylinder.092
v 0.000000 0.160000 0.314471
v 0.000000 0.175000 0.330000
v 0.000000 0.164393 0.325452
v 0.000000 1.240000 0.314471
v 0.000000 1.225000 0.330000
v 0.000000 1.235607 0.325452
v -0.157235 0.160000 0.272340
v -0.165000 0.175000 0.285788
v -0.162726 0.164393 0.281849
v -0.157235 1.240000 0.272340
v -0.165000 1.225000 0.285788
v -0.162726 1.235607 0.281849
v -0.272340 0.160000 0.157235
v -0.285788 0.175000 0.165000
v -0.281849 0.164393 0.162726
v -0.272340 1.240000 0.157235
v -0.285788 1.225000 0.165000
v -0.281849 1.235607 0.162726
v -0.314471 0.160000 0.000000
v -0.330000 0.175000 0.000000
v -0.325452 0.164393 0.000000
v -0.314471 1.240000 0.000000
v -0.330000 1.225000 0.000000
v -0.325452 1.235607 0.000000
v -0.272340 0.160000 -0.157235
v -0.285788 0.175000 -0.165000
v -0.281849 0.164393 -0.162726
v -0.272340 1.240000 -0.157235
v -0.285788 1.225000 -0.165000
v -0.281849 1.235607 -0.162726
v -0.157235 0.160000 -0.272340
v -0.165000 0.175000 -0.285788
v -0.162726 0.164393 -0.281849
v -0.157235 1.240000 -0.272340
v -0.165000 1.225000 -0.285788
v -0.162726 1.235607 -0.281849
v 0.000000 0.160000 -0.314471
v 0.000000 0.175000 -0.330000
v 0.000000 0.164393 -0.325452
v 0.000000 1.240000 -0.314471
v 0.000000 1.225000 -0.330000
v 0.000000 1.235607 -0.325452
v 0.157235 0.160000 -0.272340
v 0.165000 0.175000 -0.285788
v 0.162726 0.164393 -0.281849
v 0.157235 1.240000 -0.272340
v 0.165000 1.225000 -0.285788
v 0.162726 1.235607 -0.281849
v 0.272340 0.160000 -0.157235
v 0.285788 0.175000 -0.165000
v 0.281849 0.164393 -0.162726
v 0.272340 1.240000 -0.157235
v 0.285788 1.225000 -0.165000
v 0.281849 1.235607 -0.162726
v 0.314471 0.160000 0.000000
v 0.330000 0.175000 0.000000
v 0.325452 0.164393 0.000000
v 0.314471 1.240000 0.000000
v 0.330000 1.225000 0.000000
v 0.325452 1.235607 0.000000
v 0.272340 0.160000 0.157235
v 0.285788 0.175000 0.165000
v 0.281849 0.164393 0.162726
v 0.272340 1.240000 0.157235
v 0.285788 1.225000 0.165000
v 0.281849 1.235607 0.162726
v 0.157235 0.160000 0.272340
v 0.165000 0.175000 0.285788
v 0.162726 0.164393 0.281849
v 0.157235 1.240000 0.272340
v 0.165000 1.225000 0.285788
v 0.162726 1.235607 0.281849
vn -0.2391 -0.3827 0.8924
vn -0.0990 -0.9239 0.3696
vn -0.2391 0.3827 0.8924
vn -0.0990 0.9239 0.3696
vn -0.6533 -0.3827 0.6533
vn -0.2706 -0.9239 0.2706
vn -0.6533 0.3827 0.6533
vn -0.2706 0.9239 0.2706
vn -0.8924 -0.3827 0.2391
vn -0.3696 -0.9239 0.0990
vn -0.8924 0.3827 0.2391
vn -0.3696 0.9239 0.0990
vn -0.8924 -0.3827 -0.2391
vn -0.3696 -0.9239 -0.0990
vn -0.8924 0.3827 -0.2391
vn -0.3696 0.9239 -0.0990
vn -0.6533 -0.3827 -0.6533
vn -0.2706 -0.9239 -0.2706
vn -0.6533 0.3827 -0.6533
vn -0.2706 0.9239 -0.2706
vn -0.2391 -0.3827 -0.8924
vn -0.0990 -0.9239 -0.3696
vn -0.2391 0.3827 -0.8924
vn -0.0990 0.9239 -0.3696
vn 0.2391 -0.3827 -0.8924
vn 0.0990 -0.9239 -0.3696
vn 0.2391 0.3827 -0.8924
vn 0.0990 0.9239 -0.3696
vn 0.6533 -0.3827 -0.6533
vn 0.2706 -0.9239 -0.2706
vn 0.6533 0.3827 -0.6533
vn 0.2706 0.9239 -0.2706
vn 0.8924 -0.3827 -0.2391
vn 0.3696 -0.9239 -0.0990
vn 0.8924 0.3827 -0.2391
vn 0.3696 0.9239 -0.0990
vn 0.8924 -0.3827 0.2391
vn 0.3696 -0.9239 0.0990
vn 0.8924 0.3827 0.2391
vn 0.3696 0.9239 0.0990
vn 0.6533 -0.3827 0.6533
vn 0.2706 -0.9239 0.2706
vn 0.6533 0.3827 0.6533
vn 0.2706 0.9239 0.2706
vn 0.2391 -0.3827 0.8924
vn 0.0990 -0.9239 0.3696
vn 0.2391 0.3827 0.8924
vn 0.0990 0.9239 0.3696
vn -0.0000 -1.0000 -0.0000
vn -0.2588 -0.0000 0.9659
vn 0.2588 -0.0000 0.9659
vn -0.0000 1.0000 -0.0000
vn -0.7071 -0.0000 0.7071
vn -0.9659 -0.0000 0.2588
vn -0.9659 -0.0000 -0.2588
vn -0.7071 -0.0000 -0.7071
vn -0.2588 -0.0000 -0.9659
vn 0.2588 -0.0000 -0.9659
vn 0.7071 -0.0000 -0.7071
vn 0.9659 -0.0000 -0.2588
vn 0.9659 -0.0000 0.2588
vn 0.7071 -0.0000 0.7071
s 0
g rts_generator_core_M_gunmetal
usemtl M_gunmetal
f 100/149/134 166/89/134 160/45/134
f 101/16/129 167/63/129 168/64/129
f 101/16/129 168/64/129 102/21/129
f 101/576/132 104/515/132 98/568/132
f 101/576/132 107/516/132 104/515/132
f 101/576/85 102/558/85 108/517/85
f 101/576/85 108/517/85 107/516/85
f 102/151/86 100/149/86 106/214/86
f 102/151/86 106/214/86 108/216/86
f 103/490/131 109/534/131 115/552/131
f 105/492/84 103/490/84 97/425/84
f 105/492/84 97/425/84 99/427/84
f 107/516/135 110/466/135 104/515/135
f 107/516/135 113/467/135 110/466/135
f 107/516/89 108/517/89 114/468/89
f 107/516/89 114/468/89 113/467/89
f 108/216/90 106/214/90 112/258/90
f 108/216/90 112/258/90 114/269/90
f 110/466/87 105/514/87 104/515/87
f 110/466/87 111/465/87 105/514/87
f 111/545/88 103/490/88 105/492/88
f 111/545/88 109/534/88 103/490/88
f 112/258/134 100/149/134 160/45/134
f 112/258/134 106/214/134 100/149/134
f 113/467/136 116/431/136 110/466/136
f 113/467/136 119/437/136 116/431/136
f 114/269/94 112/258/94 118/276/94
f 114/269/94 118/276/94 120/278/94
f 115/552/131 121/533/131 127/489/131
f 115/552/131 127/489/131 139/364/131
f 115/552/131 139/364/131 163/365/131
f 116/431/91 111/465/91 110/466/91
f 116/431/91 117/430/91 111/465/91
f 116/431/95 122/387/95 123/386/95
f 116/431/95 123/386/95 117/430/95
f 117/554/92 109/534/92 111/545/92
f 117/554/92 115/552/92 109/534/92
f 119/437/137 122/387/137 116/431/137
f 119/437/137 125/388/137 122/387/137
f 119/437/93 113/467/93 114/468/93
f 119/437/93 114/468/93 120/438/93
f 119/437/97 120/438/97 126/389/97
f 119/437/97 126/389/97 125/388/97
f 120/278/98 118/276/98 124/257/98
f 120/278/98 124/257/98 126/268/98
f 123/544/96 115/552/96 117/554/96
f 123/544/96 121/533/96 115/552/96
f 124/257/134 118/276/134 112/258/134
f 125/388/101 126/389/101 132/340/101
f 125/388/101 132/340/101 131/339/101
f 125/388/138 128/338/138 122/387/138
f 125/388/138 131/339/138 128/338/138
f 126/268/102 124/257/102 130/213/102
f 126/268/102 130/213/102 132/215/102
f 127/489/131 133/421/131 139/364/131
f 128/338/99 123/386/99 122/387/99
f 128/338/99 129/337/99 123/386/99
f 129/491/100 121/533/100 123/544/100
f 129/491/100 127/489/100 121/533/100
f 131/339/139 134/288/139 128/338/139
f 131/339/139 137/296/139 134/288/139
f 132/215/106 130/213/106 136/145/106
f 132/215/106 136/145/106 138/143/106
f 134/288/103 129/337/103 128/338/103
f 134/288/103 135/287/103 129/337/103
f 134/288/107 140/239/107 141/238/107
f 134/288/107 141/238/107 135/287/107
f 135/419/104 127/489/104 129/491/104
f 135/419/104 133/421/104 127/489/104
f 136/145/134 124/257/134 112/258/134
f 136/145/134 130/213/134 124/257/134
f 137/296/105 131/339/105 132/340/105
f 137/296/105 132/340/105 138/297/105
f 137/296/109 138/297/109 144/241/109
f 137/296/109 144/241/109 143/240/109
f 137/296/140 140/239/140 134/288/140
f 137/296/140 143/240/140 140/239/140
f 138/143/110 136/145/110 142/88/110
f 138/143/110 142/88/110 144/86/110
f 139/364/131 145/320/131 151/302/131
f 139/364/131 151/302/131 163/365/131
f 141/362/108 133/421/108 135/419/108
f 141/362/108 139/364/108 133/421/108
f 143/240/113 144/241/113 150/192/113
f 143/240/113 150/192/113 149/191/113
f 143/240/141 146/190/141 140/239/141
f 143/240/141 149/191/141 146/190/141
f 144/86/114 142/88/114 148/44/114
f 144/86/114 148/44/114 150/33/114
f 146/190/111 141/238/111 140/239/111
f 146/190/111 147/189/111 141/238/111
f 147/309/112 139/364/112 141/362/112
f 147/309/112 145/320/112 139/364/112
f 148/44/134 142/88/134 136/145/134
f 149/191/142 152/155/142 146/190/142
f 149/191/142 155/161/142 152/155/142
f 150/33/118 148/44/118 154/26/118
f 150/33/118 154/26/118 156/24/118
f 151/302/131 157/321/131 163/365/131
f 152/155/115 147/189/115 146/190/115
f 152/155/115 153/154/115 147/189/115
f 152/155/119 158/111/119 159/110/119
f 152/155/119 159/110/119 153/154/119
f 153/300/116 145/320/116 147/309/116
f 153/300/116 151/302/116 145/320/116
f 155/161/117 149/191/117 150/192/117
f 155/161/117 150/192/117 156/162/117
f 155/161/121 156/162/121 162/113/121
f 155/161/121 162/113/121 161/112/121
f 155/161/143 158/111/143 152/155/143
f 155/161/143 161/112/143 158/111/143
f 156/24/122 154/26/122 160/45/122
f 156/24/122 160/45/122 162/34/122
f 159/310/120 151/302/120 153/300/120
f 159/310/120 157/321/120 151/302/120
f 160/45/134 136/145/134 112/258/134
f 160/45/134 148/44/134 136/145/134
f 160/45/134 154/26/134 148/44/134
f 161/112/125 162/113/125 168/64/125
f 161/112/125 168/64/125 167/63/125
f 161/112/144 164/62/144 158/111/144
f 161/112/144 167/63/144 164/62/144
f 162/34/126 160/45/126 166/89/126
f 162/34/126 166/89/126 168/87/126
f 163/365/131 103/490/131 115/552/131
f 163/365/131 97/425/131 103/490/131
f 164/62/123 159/110/123 158/111/123
f 164/62/123 165/61/123 159/110/123
f 165/363/124 157/321/124 159/310/124
f 165/363/124 163/365/124 157/321/124
f 167/63/133 101/16/133 98/8/133
f 167/63/133 98/8/133 164/62/133
f 168/87/130 100/149/130 102/151/130
f 168/87/130 166/89/130 100/149/130
f 98/568/83 104/515/83 105/514/83
f 98/568/83 105/514/83 99/557/83
f 98/8/127 165/61/127 164/62/127
f 98/8/127 99/20/127 165/61/127
f 99/427/128 163/365/128 165/363/128
f 99/427/128 97/425/128 163/365/128
g rts_generator_coil_0_Torus.022
v -0.485000 0.340000 0.000000
v -0.468891 0.378891 0.000000
v -0.430000 0.395000 0.000000
v -0.391109 0.378891 0.000000
v -0.375000 0.340000 0.000000
v -0.391109 0.301109 0.000000
v -0.430000 0.285000 0.000000
v -0.468891 0.301109 0.000000
v -0.461262 0.340000 0.149873
v -0.445942 0.378891 0.144895
v -0.408954 0.395000 0.132877
v -0.371967 0.378891 0.120859
v -0.356646 0.340000 0.115881
v -0.371967 0.301109 0.120859
v -0.408954 0.285000 0.132877
v -0.445942 0.301109 0.144895
v -0.392373 0.340000 0.285076
v -0.379341 0.378891 0.275607
v -0.347877 0.395000 0.252748
v -0.316414 0.378891 0.229888
v -0.303381 0.340000 0.220419
v -0.316414 0.301109 0.229888
v -0.347877 0.285000 0.252748
v -0.379341 0.301109 0.275607
v -0.285076 0.340000 0.392373
v -0.275607 0.378891 0.379341
v -0.252748 0.395000 0.347877
v -0.229888 0.378891 0.316414
v -0.220419 0.340000 0.303381
v -0.229888 0.301109 0.316414
v -0.252748 0.285000 0.347877
v -0.275607 0.301109 0.379341
v -0.149873 0.340000 0.461262
v -0.144895 0.378891 0.445942
v -0.132877 0.395000 0.408954
v -0.120859 0.378891 0.371967
v -0.115881 0.340000 0.356646
v -0.120859 0.301109 0.371967
v -0.132877 0.285000 0.408954
v -0.144895 0.301109 0.445942
v -0.000000 0.340000 0.485000
v -0.000000 0.378891 0.468891
v -0.000000 0.395000 0.430000
v -0.000000 0.378891 0.391109
v -0.000000 0.340000 0.375000
v -0.000000 0.301109 0.391109
v -0.000000 0.285000 0.430000
v -0.000000 0.301109 0.468891
v 0.149873 0.340000 0.461262
v 0.144895 0.378891 0.445942
v 0.132877 0.395000 0.408954
v 0.120859 0.378891 0.371967
v 0.115881 0.340000 0.356646
v 0.120859 0.301109 0.371967
v 0.132877 0.285000 0.408954
v 0.144895 0.301109 0.445942
v 0.285076 0.340000 0.392373
v 0.275607 0.378891 0.379341
v 0.252748 0.395000 0.347877
v 0.229888 0.378891 0.316414
v 0.220420 0.340000 0.303381
v 0.229888 0.301109 0.316414
v 0.252748 0.285000 0.347877
v 0.275607 0.301109 0.379341
v 0.392373 0.340000 0.285076
v 0.379341 0.378891 0.275607
v 0.347877 0.395000 0.252748
v 0.316414 0.378891 0.229888
v 0.303381 0.340000 0.220419
v 0.316414 0.301109 0.229888
v 0.347877 0.285000 0.252748
v 0.379341 0.301109 0.275607
v 0.461262 0.340000 0.149873
v 0.445942 0.378891 0.144895
v 0.408954 0.395000 0.132877
v 0.371967 0.378891 0.120859
v 0.356646 0.340000 0.115881
v 0.371967 0.301109 0.120859
v 0.408954 0.285000 0.132877
v 0.445942 0.301109 0.144895
v 0.485000 0.340000 0.000000
v 0.468891 0.378891 0.000000
v 0.430000 0.395000 0.000000
v 0.391109 0.378891 0.000000
v 0.375000 0.340000 0.000000
v 0.391109 0.301109 0.000000
v 0.430000 0.285000 0.000000
v 0.468891 0.301109 0.000000
v 0.461262 0.340000 -0.149873
v 0.445942 0.378891 -0.144895
v 0.408954 0.395000 -0.132877
v 0.371967 0.378891 -0.120859
v 0.356646 0.340000 -0.115881
v 0.371967 0.301109 -0.120859
v 0.408954 0.285000 -0.132877
v 0.445942 0.301109 -0.144895
v 0.392373 0.340000 -0.285076
v 0.379341 0.378891 -0.275607
v 0.347877 0.395000 -0.252748
v 0.316414 0.378891 -0.229888
v 0.303381 0.340000 -0.220419
v 0.316414 0.301109 -0.229888
v 0.347877 0.285000 -0.252748
v 0.379341 0.301109 -0.275607
v 0.285076 0.340000 -0.392373
v 0.275607 0.378891 -0.379341
v 0.252748 0.395000 -0.347877
v 0.229888 0.378891 -0.316414
v 0.220420 0.340000 -0.303381
v 0.229888 0.301109 -0.316414
v 0.252748 0.285000 -0.347877
v 0.275607 0.301109 -0.379341
v 0.149873 0.340000 -0.461262
v 0.144895 0.378891 -0.445942
v 0.132877 0.395000 -0.408954
v 0.120859 0.378891 -0.371967
v 0.115881 0.340000 -0.356646
v 0.120859 0.301109 -0.371967
v 0.132877 0.285000 -0.408954
v 0.144895 0.301109 -0.445942
v -0.000000 0.340000 -0.485000
v -0.000000 0.378891 -0.468891
v -0.000000 0.395000 -0.430000
v -0.000000 0.378891 -0.391109
v -0.000000 0.340000 -0.375000
v -0.000000 0.301109 -0.391109
v -0.000000 0.285000 -0.430000
v -0.000000 0.301109 -0.468891
v -0.149873 0.340000 -0.461262
v -0.144895 0.378891 -0.445942
v -0.132877 0.395000 -0.408954
v -0.120859 0.378891 -0.371967
v -0.115881 0.340000 -0.356646
v -0.120859 0.301109 -0.371967
v -0.132877 0.285000 -0.408954
v -0.144895 0.301109 -0.445942
v -0.285076 0.340000 -0.392373
v -0.275607 0.378891 -0.379341
v -0.252747 0.395000 -0.347877
v -0.229888 0.378891 -0.316414
v -0.220419 0.340000 -0.303382
v -0.229888 0.301109 -0.316414
v -0.252747 0.285000 -0.347877
v -0.275607 0.301109 -0.379341
v -0.392373 0.340000 -0.285076
v -0.379341 0.378891 -0.275607
v -0.347877 0.395000 -0.252748
v -0.316414 0.378891 -0.229888
v -0.303381 0.340000 -0.220420
v -0.316414 0.301109 -0.229888
v -0.347877 0.285000 -0.252748
v -0.379341 0.301109 -0.275607
v -0.461262 0.340000 -0.149873
v -0.445942 0.378891 -0.144895
v -0.408954 0.395000 -0.132877
v -0.371967 0.378891 -0.120860
v -0.356646 0.340000 -0.115882
v -0.371967 0.301109 -0.120860
v -0.408954 0.285000 -0.132877
v -0.445942 0.301109 -0.144895
vn -1.0000 -0.0000 -0.0000
vn -0.7252 0.6885 -0.0000
vn -0.0382 0.9993 -0.0000
vn 0.6870 0.7267 -0.0000
vn 1.0000 -0.0000 -0.0000
vn 0.6870 -0.7267 -0.0000
vn -0.0382 -0.9993 -0.0000
vn -0.7252 -0.6885 -0.0000
vn -0.9511 -0.0000 0.3090
vn -0.6897 0.6885 0.2241
vn -0.0364 0.9993 0.0118
vn 0.6533 0.7267 -0.2123
vn 0.9511 -0.0000 -0.3090
vn 0.6533 -0.7267 -0.2123
vn -0.0363 -0.9993 0.0118
vn -0.6897 -0.6885 0.2241
vn -0.8090 -0.0000 0.5878
vn -0.5867 0.6885 0.4263
vn -0.0309 0.9993 0.0225
vn 0.5558 0.7267 -0.4038
vn 0.8090 -0.0000 -0.5878
vn 0.5558 -0.7267 -0.4038
vn -0.0309 -0.9993 0.0225
vn -0.5867 -0.6885 0.4263
vn -0.5878 -0.0000 0.8090
vn -0.4263 0.6885 0.5867
vn -0.0225 0.9993 0.0309
vn 0.4038 0.7267 -0.5558
vn 0.5878 -0.0000 -0.8090
vn 0.4038 -0.7267 -0.5558
vn -0.0225 -0.9993 0.0309
vn -0.4263 -0.6885 0.5867
vn -0.3090 -0.0000 0.9511
vn -0.2241 0.6885 0.6897
vn -0.0118 0.9993 0.0363
vn 0.2123 0.7267 -0.6533
vn 0.3090 -0.0000 -0.9511
vn 0.2123 -0.7267 -0.6533
vn -0.0118 -0.9993 0.0363
vn -0.2241 -0.6885 0.6897
vn -0.0000 -0.0000 1.0000
vn -0.0000 0.6885 0.7252
vn -0.0000 0.9993 0.0382
vn -0.0000 0.7267 -0.6870
vn -0.0000 -0.0000 -1.0000
vn -0.0000 -0.7267 -0.6870
vn -0.0000 -0.9993 0.0382
vn -0.0000 -0.6885 0.7252
vn 0.3090 -0.0000 0.9511
vn 0.2241 0.6885 0.6897
vn 0.0118 0.9993 0.0364
vn -0.2123 0.7267 -0.6533
vn -0.3090 -0.0000 -0.9511
vn -0.2123 -0.7267 -0.6533
vn 0.0118 -0.9993 0.0364
vn 0.2241 -0.6885 0.6897
vn 0.5878 -0.0000 0.8090
vn 0.4263 0.6885 0.5867
vn 0.0225 0.9993 0.0309
vn -0.4038 0.7267 -0.5558
vn -0.5878 -0.0000 -0.8090
vn -0.4038 -0.7267 -0.5558
vn 0.0225 -0.9993 0.0309
vn 0.4263 -0.6885 0.5867
vn 0.8090 -0.0000 0.5878
vn 0.5867 0.6885 0.4263
vn 0.0309 0.9993 0.0225
vn -0.5558 0.7267 -0.4038
vn -0.8090 -0.0000 -0.5878
vn -0.5558 -0.7267 -0.4038
vn 0.0309 -0.9993 0.0225
vn 0.5867 -0.6885 0.4263
vn 0.9511 -0.0000 0.3090
vn 0.6897 0.6885 0.2241
vn 0.0363 0.9993 0.0118
vn -0.6533 0.7267 -0.2123
vn -0.9511 -0.0000 -0.3090
vn -0.6533 -0.7267 -0.2123
vn 0.0364 -0.9993 0.0118
vn 0.6897 -0.6885 0.2241
vn 0.7252 0.6885 -0.0000
vn 0.0382 0.9993 -0.0000
vn -0.6870 0.7267 -0.0000
vn -0.6869 -0.7267 -0.0000
vn 0.0382 -0.9993 -0.0000
vn 0.7252 -0.6885 -0.0000
vn 0.6897 0.6885 -0.2241
vn 0.0363 0.9993 -0.0118
vn -0.6533 0.7267 0.2123
vn -0.6533 -0.7267 0.2123
vn 0.0363 -0.9993 -0.0118
vn 0.6897 -0.6885 -0.2241
vn 0.5867 0.6885 -0.4263
vn 0.0309 0.9993 -0.0225
vn -0.5558 0.7267 0.4038
vn -0.5558 -0.7267 0.4038
vn 0.0309 -0.9993 -0.0225
vn 0.5867 -0.6885 -0.4263
vn 0.4263 0.6885 -0.5867
vn 0.0225 0.9993 -0.0309
vn -0.4038 0.7267 0.5558
vn -0.4038 -0.7267 0.5558
vn 0.0225 -0.9993 -0.0309
vn 0.4263 -0.6885 -0.5867
vn 0.2241 0.6885 -0.6897
vn 0.0118 0.9993 -0.0364
vn -0.2123 0.7267 0.6533
vn -0.2123 -0.7267 0.6533
vn 0.0118 -0.9993 -0.0364
vn 0.2241 -0.6885 -0.6897
vn -0.0000 0.6885 -0.7252
vn -0.0000 0.9993 -0.0382
vn -0.0000 0.7267 0.6869
vn -0.0000 -0.7267 0.6870
vn -0.0000 -0.9993 -0.0382
vn -0.0000 -0.6885 -0.7252
vn -0.2241 0.6885 -0.6897
vn -0.0118 0.9993 -0.0363
vn 0.2123 0.7267 0.6533
vn 0.2123 -0.7267 0.6533
vn -0.0118 -0.9993 -0.0363
vn -0.2241 -0.6885 -0.6897
vn -0.4263 0.6885 -0.5867
vn -0.0225 0.9993 -0.0309
vn 0.4038 0.7267 0.5558
vn 0.4038 -0.7267 0.5558
vn -0.0225 -0.9993 -0.0309
vn -0.4263 -0.6885 -0.5867
vn -0.5867 0.6885 -0.4263
vn -0.0309 0.9993 -0.0225
vn 0.5558 0.7267 0.4038
vn 0.5558 -0.7267 0.4038
vn -0.0309 -0.9993 -0.0225
vn -0.5867 -0.6885 -0.4263
vn -0.6897 0.6885 -0.2241
vn -0.0363 0.9993 -0.0118
vn 0.6533 0.7267 0.2123
vn 0.6533 -0.7267 0.2123
vn -0.0363 -0.9993 -0.0118
vn -0.6897 -0.6885 -0.2241
s 1
g rts_generator_coil_0_M_cyan
usemtl M_cyan
f 169/315/145 170/316/146 322/290/279
f 169/315/145 177/349/153 178/350/154
f 169/315/145 178/350/154 170/316/146
f 169/315/145 322/290/279 321/287/221
f 170/316/146 171/317/147 323/292/280
f 170/316/146 323/292/280 322/290/279
f 171/317/147 172/318/148 324/294/281
f 171/317/147 324/294/281 323/292/280
f 172/318/148 173/319/149 325/297/217
f 172/318/148 325/297/217 324/294/281
f 173/311/149 174/312/150 326/282/282
f 173/311/149 181/343/157 182/344/158
f 173/311/149 182/344/158 174/312/150
f 173/311/149 326/282/282 325/281/217
f 175/313/151 176/314/152 328/286/284
f 175/313/151 328/286/284 327/284/283
f 176/314/152 169/315/145 321/287/221
f 176/314/152 321/287/221 328/286/284
f 178/350/154 171/317/147 170/316/146
f 178/350/154 179/352/155 171/317/147
f 179/352/155 172/318/148 171/317/147
f 179/352/155 180/354/156 172/318/148
f 179/352/155 187/379/163 188/380/164
f 179/352/155 188/380/164 180/354/156
f 180/354/156 173/319/149 172/318/148
f 180/354/156 181/355/157 173/319/149
f 182/344/158 175/313/151 174/312/150
f 182/344/158 183/346/159 175/313/151
f 183/346/159 176/314/152 175/313/151
f 183/346/159 184/348/160 176/314/152
f 184/348/160 169/315/145 176/314/152
f 184/348/160 177/349/153 169/315/145
f 185/377/161 178/350/154 177/349/153
f 185/377/161 186/378/162 178/350/154
f 186/378/162 179/352/155 178/350/154
f 186/378/162 187/379/163 179/352/155
f 188/380/164 181/355/157 180/354/156
f 188/380/164 189/381/165 181/355/157
f 188/380/164 196/407/172 197/408/173
f 188/380/164 197/408/173 189/381/165
f 189/373/165 182/344/158 181/343/157
f 189/373/165 190/374/166 182/344/158
f 190/374/166 183/346/159 182/344/158
f 190/374/166 191/375/167 183/346/159
f 191/375/167 184/348/160 183/346/159
f 191/375/167 192/376/168 184/348/160
f 192/376/168 177/349/153 184/348/160
f 192/376/168 185/377/161 177/349/153
f 192/376/168 193/402/169 185/377/161
f 192/376/168 200/401/176 193/402/169
f 193/402/169 186/378/162 185/377/161
f 193/402/169 194/403/170 186/378/162
f 194/403/170 187/379/163 186/378/162
f 194/403/170 195/405/171 187/379/163
f 195/405/171 188/380/164 187/379/163
f 195/405/171 196/407/172 188/380/164
f 197/396/173 190/374/166 189/373/165
f 197/396/173 198/397/174 190/374/166
f 198/397/174 191/375/167 190/374/166
f 198/397/174 199/399/175 191/375/167
f 199/399/175 192/376/168 191/375/167
f 199/399/175 200/401/176 192/376/168
f 199/399/175 207/423/183 208/424/184
f 199/399/175 208/424/184 200/401/176
f 201/430/177 194/403/170 193/402/169
f 201/430/177 202/433/178 194/403/170
f 201/430/177 209/452/185 210/453/186
f 201/430/177 210/453/186 202/433/178
f 202/433/178 195/405/171 194/403/170
f 202/433/178 203/434/179 195/405/171
f 203/434/179 196/407/172 195/405/171
f 203/434/179 204/435/180 196/407/172
f 204/435/180 197/408/173 196/407/172
f 204/435/180 205/438/181 197/408/173
f 205/416/181 198/397/174 197/396/173
f 205/416/181 206/422/182 198/397/174
f 206/422/182 199/399/175 198/397/174
f 206/422/182 207/423/183 199/399/175
f 207/423/183 215/449/191 216/451/192
f 207/423/183 216/451/192 208/424/184
f 208/424/184 193/402/169 200/401/176
f 208/424/184 201/430/177 193/402/169
f 210/453/186 203/434/179 202/433/178
f 210/453/186 211/455/187 203/434/179
f 210/453/186 218/478/194 219/479/195
f 210/453/186 219/479/195 211/455/187
f 211/455/187 204/435/180 203/434/179
f 211/455/187 212/457/188 204/435/180
f 212/457/188 205/438/181 204/435/180
f 212/457/188 213/458/189 205/438/181
f 213/446/189 206/422/182 205/416/181
f 213/446/189 214/447/190 206/422/182
f 214/447/190 207/423/183 206/422/182
f 214/447/190 215/449/191 207/423/183
f 214/447/190 222/474/198 223/475/199
f 214/447/190 223/475/199 215/449/191
f 216/451/192 201/430/177 208/424/184
f 216/451/192 209/452/185 201/430/177
f 217/477/193 210/453/186 209/452/185
f 217/477/193 218/478/194 210/453/186
f 218/478/194 226/506/202 227/508/203
f 218/478/194 227/508/203 219/479/195
f 219/479/195 212/457/188 211/455/187
f 219/479/195 220/480/196 212/457/188
f 219/479/195 227/508/203 228/510/204
f 219/479/195 228/510/204 220/480/196
f 220/480/196 213/458/189 212/457/188
f 220/480/196 221/481/197 213/458/189
f 221/473/197 214/447/190 213/446/189
f 221/473/197 222/474/198 214/447/190
f 223/475/199 216/451/192 215/449/191
f 223/475/199 224/476/200 216/451/192
f 224/476/200 209/452/185 216/451/192
f 224/476/200 217/477/193 209/452/185
f 225/505/201 218/478/194 217/477/193
f 225/505/201 226/506/202 218/478/194
f 228/510/204 221/481/197 220/480/196
f 228/510/204 229/511/205 221/481/197
f 229/499/205 222/474/198 221/473/197
f 229/499/205 230/500/206 222/474/198
f 230/500/206 223/475/199 222/474/198
f 230/500/206 231/502/207 223/475/199
f 231/502/207 224/476/200 223/475/199
f 231/502/207 232/504/208 224/476/200
f 231/502/207 239/537/215 240/538/216
f 231/502/207 240/538/216 232/504/208
f 232/504/208 217/477/193 224/476/200
f 232/504/208 225/505/201 217/477/193
f 233/539/209 226/506/202 225/505/201
f 233/539/209 234/540/210 226/506/202
f 234/540/210 227/508/203 226/506/202
f 234/540/210 235/541/211 227/508/203
f 235/541/211 228/510/204 227/508/203
f 235/541/211 236/542/212 228/510/204
f 236/542/212 229/511/205 228/510/204
f 236/542/212 237/543/213 229/511/205
f 236/542/212 244/574/220 245/577/221
f 236/542/212 245/577/221 237/543/213
f 237/535/213 230/500/206 229/499/205
f 237/535/213 238/536/214 230/500/206
f 238/536/214 231/502/207 230/500/206
f 238/536/214 239/537/215 231/502/207
f 238/536/214 246/562/222 247/564/223
f 238/536/214 247/564/223 239/537/215
f 239/537/215 247/564/223 248/566/224
f 239/537/215 248/566/224 240/538/216
f 240/538/216 225/505/201 232/504/208
f 240/538/216 233/539/209 225/505/201
f 241/567/217 234/540/210 233/539/209
f 241/567/217 242/570/218 234/540/210
f 241/7/217 249/39/149 250/40/225
f 241/7/217 250/40/225 242/10/218
f 242/570/218 235/541/211 234/540/210
f 242/570/218 243/572/219 235/541/211
f 243/572/219 236/542/212 235/541/211
f 243/572/219 244/574/220 236/542/212
f 245/1/221 253/35/145 254/36/228
f 245/1/221 254/36/228 246/2/222
f 245/561/221 238/536/214 237/535/213
f 245/561/221 246/562/222 238/536/214
f 248/566/224 233/539/209 240/538/216
f 248/566/224 241/567/217 233/539/209
f 250/40/225 243/12/219 242/10/218
f 250/40/225 251/41/226 243/12/219
f 251/41/226 244/14/220 243/12/219
f 251/41/226 252/42/227 244/14/220
f 251/41/226 259/76/232 260/78/233
f 251/41/226 260/78/233 252/42/227
f 252/42/227 245/17/221 244/14/220
f 252/42/227 253/43/145 245/17/221
f 254/36/228 247/4/223 246/2/222
f 254/36/228 255/37/229 247/4/223
f 255/37/229 248/6/224 247/4/223
f 255/37/229 256/38/230 248/6/224
f 256/38/230 241/7/217 248/6/224
f 256/38/230 249/39/149 241/7/217
f 257/73/157 250/40/225 249/39/149
f 257/73/157 258/74/231 250/40/225
f 258/74/231 251/41/226 250/40/225
f 258/74/231 259/76/232 251/41/226
f 260/78/233 253/43/145 252/42/227
f 260/78/233 261/79/153 253/43/145
f 261/67/153 254/36/228 253/35/145
f 261/67/153 262/68/234 254/36/228
f 261/67/153 269/97/161 270/98/240
f 261/67/153 270/98/240 262/68/234
f 262/68/234 255/37/229 254/36/228
f 262/68/234 263/70/235 255/37/229
f 263/70/235 256/38/230 255/37/229
f 263/70/235 264/72/236 256/38/230
f 264/72/236 249/39/149 256/38/230
f 264/72/236 257/73/157 249/39/149
f 265/101/165 258/74/231 257/73/157
f 265/101/165 266/102/237 258/74/231
f 266/102/237 259/76/232 258/74/231
f 266/102/237 267/103/238 259/76/232
f 267/103/238 260/78/233 259/76/232
f 267/103/238 268/104/239 260/78/233
f 268/104/239 261/79/153 260/78/233
f 268/104/239 269/105/161 261/79/153
f 270/98/240 263/70/235 262/68/234
f 270/98/240 271/99/241 263/70/235
f 271/99/241 264/72/236 263/70/235
f 271/99/241 272/100/242 264/72/236
f 272/100/242 257/73/157 264/72/236
f 272/100/242 265/101/165 257/73/157
f 273/126/173 266/102/237 265/101/165
f 273/126/173 274/127/243 266/102/237
f 274/127/243 267/103/238 266/102/237
f 274/127/243 275/129/244 267/103/238
f 275/129/244 268/104/239 267/103/238
f 275/129/244 276/131/245 268/104/239
f 276/131/245 269/105/161 268/104/239
f 276/131/245 277/132/169 269/105/161
f 277/120/169 270/98/240 269/97/161
f 277/120/169 278/121/246 270/98/240
f 278/121/246 271/99/241 270/98/240
f 278/121/246 279/123/247 271/99/241
f 278/121/246 286/146/252 287/147/253
f 278/121/246 287/147/253 279/123/247
f 279/123/247 272/100/242 271/99/241
f 279/123/247 280/125/248 272/100/242
f 279/123/247 287/147/253 288/148/254
f 279/123/247 288/148/254 280/125/248
f 280/125/248 265/101/165 272/100/242
f 280/125/248 273/126/173 265/101/165
f 281/154/181 274/127/243 273/126/173
f 281/154/181 282/157/249 274/127/243
f 282/157/249 275/129/244 274/127/243
f 282/157/249 283/158/250 275/129/244
f 283/158/250 276/131/245 275/129/244
f 283/158/250 284/159/251 276/131/245
f 283/158/250 291/179/256 292/181/257
f 283/158/250 292/181/257 284/159/251
f 284/159/251 277/132/169 276/131/245
f 284/159/251 285/162/177 277/132/169
f 285/140/177 278/121/246 277/120/169
f 285/140/177 286/146/252 278/121/246
f 288/148/254 273/126/173 280/125/248
f 288/148/254 281/154/181 273/126/173
f 289/176/189 282/157/249 281/154/181
f 289/176/189 290/177/255 282/157/249
f 290/177/255 283/158/250 282/157/249
f 290/177/255 291/179/256 283/158/250
f 290/177/255 298/202/261 299/203/262
f 290/177/255 299/203/262 291/179/256
f 292/181/257 285/162/177 284/159/251
f 292/181/257 293/182/185 285/162/177
f 292/181/257 300/204/263 301/205/193
f 292/181/257 301/205/193 293/182/185
f 293/170/185 286/146/252 285/140/177
f 293/170/185 294/171/258 286/146/252
f 294/171/258 287/147/253 286/146/252
f 294/171/258 295/173/259 287/147/253
f 295/173/259 288/148/254 287/147/253
f 295/173/259 296/175/260 288/148/254
f 296/175/260 281/154/181 288/148/254
f 296/175/260 289/176/189 281/154/181
f 297/201/197 290/177/255 289/176/189
f 297/201/197 298/202/261 290/177/255
f 297/201/197 305/229/205 306/230/267
f 297/201/197 306/230/267 298/202/261
f 299/203/262 292/181/257 291/179/256
f 299/203/262 300/204/263 292/181/257
f 301/197/193 294/171/258 293/170/185
f 301/197/193 302/198/264 294/171/258
f 302/198/264 295/173/259 294/171/258
f 302/198/264 303/199/265 295/173/259
f 303/199/265 296/175/260 295/173/259
f 303/199/265 304/200/266 296/175/260
f 303/199/265 311/226/271 312/228/272
f 303/199/265 312/228/272 304/200/266
f 304/200/266 289/176/189 296/175/260
f 304/200/266 297/201/197 289/176/189
f 306/230/267 299/203/262 298/202/261
f 306/230/267 307/232/268 299/203/262
f 307/232/268 300/204/263 299/203/262
f 307/232/268 308/234/269 300/204/263
f 308/234/269 301/205/193 300/204/263
f 308/234/269 309/235/201 301/205/193
f 309/223/201 302/198/264 301/197/193
f 309/223/201 310/224/270 302/198/264
f 309/223/201 317/259/209 318/260/276
f 309/223/201 318/260/276 310/224/270
f 310/224/270 303/199/265 302/198/264
f 310/224/270 311/226/271 303/199/265
f 310/224/270 318/260/276 319/261/277
f 310/224/270 319/261/277 311/226/271
f 311/226/271 319/261/277 320/262/278
f 311/226/271 320/262/278 312/228/272
f 312/228/272 297/201/197 304/200/266
f 312/228/272 305/229/205 297/201/197
f 313/263/213 306/230/267 305/229/205
f 313/263/213 314/264/273 306/230/267
f 314/264/273 307/232/268 306/230/267
f 314/264/273 315/265/274 307/232/268
f 315/265/274 308/234/269 307/232/268
f 315/265/274 316/266/275 308/234/269
f 316/266/275 309/235/201 308/234/269
f 316/266/275 317/267/209 309/235/201
f 316/266/275 324/294/281 325/297/217
f 316/266/275 325/297/217 317/267/209
f 317/259/209 325/281/217 326/282/282
f 317/259/209 326/282/282 318/260/276
f 320/262/278 305/229/205 312/228/272
f 320/262/278 313/263/213 305/229/205
f 321/287/221 314/264/273 313/263/213
f 321/287/221 322/290/279 314/264/273
f 322/290/279 315/265/274 314/264/273
f 322/290/279 323/292/280 315/265/274
f 323/292/280 316/266/275 315/265/274
f 323/292/280 324/294/281 316/266/275
f 326/282/282 174/312/150 175/313/151
f 326/282/282 175/313/151 327/284/283
f 326/282/282 319/261/277 318/260/276
f 326/282/282 327/284/283 319/261/277
f 327/284/283 320/262/278 319/261/277
f 327/284/283 328/286/284 320/262/278
f 328/286/284 313/263/213 320/262/278
f 328/286/284 321/287/221 313/263/213
g rts_generator_coil_1_Torus.023
v -0.485000 0.680000 0.000000
v -0.468891 0.718891 0.000000
v -0.430000 0.735000 0.000000
v -0.391109 0.718891 0.000000
v -0.375000 0.680000 0.000000
v -0.391109 0.641109 0.000000
v -0.430000 0.625000 0.000000
v -0.468891 0.641109 0.000000
v -0.461262 0.680000 0.149873
v -0.445942 0.718891 0.144895
v -0.408954 0.735000 0.132877
v -0.371967 0.718891 0.120859
v -0.356646 0.680000 0.115881
v -0.371967 0.641109 0.120859
v -0.408954 0.625000 0.132877
v -0.445942 0.641109 0.144895
v -0.392373 0.680000 0.285076
v -0.379341 0.718891 0.275607
v -0.347877 0.735000 0.252748
v -0.316414 0.718891 0.229888
v -0.303381 0.680000 0.220419
v -0.316414 0.641109 0.229888
v -0.347877 0.625000 0.252748
v -0.379341 0.641109 0.275607
v -0.285076 0.680000 0.392373
v -0.275607 0.718891 0.379341
v -0.252748 0.735000 0.347877
v -0.229888 0.718891 0.316414
v -0.220419 0.680000 0.303381
v -0.229888 0.641109 0.316414
v -0.252748 0.625000 0.347877
v -0.275607 0.641109 0.379341
v -0.149873 0.680000 0.461262
v -0.144895 0.718891 0.445942
v -0.132877 0.735000 0.408954
v -0.120859 0.718891 0.371967
v -0.115881 0.680000 0.356646
v -0.120859 0.641109 0.371967
v -0.132877 0.625000 0.408954
v -0.144895 0.641109 0.445942
v -0.000000 0.680000 0.485000
v -0.000000 0.718891 0.468891
v -0.000000 0.735000 0.430000
v -0.000000 0.718891 0.391109
v -0.000000 0.680000 0.375000
v -0.000000 0.641109 0.391109
v -0.000000 0.625000 0.430000
v -0.000000 0.641109 0.468891
v 0.149873 0.680000 0.461262
v 0.144895 0.718891 0.445942
v 0.132877 0.735000 0.408954
v 0.120859 0.718891 0.371967
v 0.115881 0.680000 0.356646
v 0.120859 0.641109 0.371967
v 0.132877 0.625000 0.408954
v 0.144895 0.641109 0.445942
v 0.285076 0.680000 0.392373
v 0.275607 0.718891 0.379341
v 0.252748 0.735000 0.347877
v 0.229888 0.718891 0.316414
v 0.220420 0.680000 0.303381
v 0.229888 0.641109 0.316414
v 0.252748 0.625000 0.347877
v 0.275607 0.641109 0.379341
v 0.392373 0.680000 0.285076
v 0.379341 0.718891 0.275607
v 0.347877 0.735000 0.252748
v 0.316414 0.718891 0.229888
v 0.303381 0.680000 0.220419
v 0.316414 0.641109 0.229888
v 0.347877 0.625000 0.252748
v 0.379341 0.641109 0.275607
v 0.461262 0.680000 0.149873
v 0.445942 0.718891 0.144895
v 0.408954 0.735000 0.132877
v 0.371967 0.718891 0.120859
v 0.356646 0.680000 0.115881
v 0.371967 0.641109 0.120859
v 0.408954 0.625000 0.132877
v 0.445942 0.641109 0.144895
v 0.485000 0.680000 0.000000
v 0.468891 0.718891 0.000000
v 0.430000 0.735000 0.000000
v 0.391109 0.718891 0.000000
v 0.375000 0.680000 0.000000
v 0.391109 0.641109 0.000000
v 0.430000 0.625000 0.000000
v 0.468891 0.641109 0.000000
v 0.461262 0.680000 -0.149873
v 0.445942 0.718891 -0.144895
v 0.408954 0.735000 -0.132877
v 0.371967 0.718891 -0.120859
v 0.356646 0.680000 -0.115881
v 0.371967 0.641109 -0.120859
v 0.408954 0.625000 -0.132877
v 0.445942 0.641109 -0.144895
v 0.392373 0.680000 -0.285076
v 0.379341 0.718891 -0.275607
v 0.347877 0.735000 -0.252748
v 0.316414 0.718891 -0.229888
v 0.303381 0.680000 -0.220419
v 0.316414 0.641109 -0.229888
v 0.347877 0.625000 -0.252748
v 0.379341 0.641109 -0.275607
v 0.285076 0.680000 -0.392373
v 0.275607 0.718891 -0.379341
v 0.252748 0.735000 -0.347877
v 0.229888 0.718891 -0.316414
v 0.220420 0.680000 -0.303381
v 0.229888 0.641109 -0.316414
v 0.252748 0.625000 -0.347877
v 0.275607 0.641109 -0.379341
v 0.149873 0.680000 -0.461262
v 0.144895 0.718891 -0.445942
v 0.132877 0.735000 -0.408954
v 0.120859 0.718891 -0.371967
v 0.115881 0.680000 -0.356646
v 0.120859 0.641109 -0.371967
v 0.132877 0.625000 -0.408954
v 0.144895 0.641109 -0.445942
v -0.000000 0.680000 -0.485000
v -0.000000 0.718891 -0.468891
v -0.000000 0.735000 -0.430000
v -0.000000 0.718891 -0.391109
v -0.000000 0.680000 -0.375000
v -0.000000 0.641109 -0.391109
v -0.000000 0.625000 -0.430000
v -0.000000 0.641109 -0.468891
v -0.149873 0.680000 -0.461262
v -0.144895 0.718891 -0.445942
v -0.132877 0.735000 -0.408954
v -0.120859 0.718891 -0.371967
v -0.115881 0.680000 -0.356646
v -0.120859 0.641109 -0.371967
v -0.132877 0.625000 -0.408954
v -0.144895 0.641109 -0.445942
v -0.285076 0.680000 -0.392373
v -0.275607 0.718891 -0.379341
v -0.252747 0.735000 -0.347877
v -0.229888 0.718891 -0.316414
v -0.220419 0.680000 -0.303382
v -0.229888 0.641109 -0.316414
v -0.252747 0.625000 -0.347877
v -0.275607 0.641109 -0.379341
v -0.392373 0.680000 -0.285076
v -0.379341 0.718891 -0.275607
v -0.347877 0.735000 -0.252748
v -0.316414 0.718891 -0.229888
v -0.303381 0.680000 -0.220420
v -0.316414 0.641109 -0.229888
v -0.347877 0.625000 -0.252748
v -0.379341 0.641109 -0.275607
v -0.461262 0.680000 -0.149873
v -0.445942 0.718891 -0.144895
v -0.408954 0.735000 -0.132877
v -0.371967 0.718891 -0.120860
v -0.356646 0.680000 -0.115882
v -0.371967 0.641109 -0.120860
v -0.408954 0.625000 -0.132877
v -0.445942 0.641109 -0.144895
vn -1.0000 -0.0000 -0.0000
vn -0.7252 0.6885 -0.0000
vn -0.0382 0.9993 -0.0000
vn 0.6870 0.7267 -0.0000
vn 1.0000 -0.0000 -0.0000
vn 0.6870 -0.7267 -0.0000
vn -0.0382 -0.9993 -0.0000
vn -0.7252 -0.6885 -0.0000
vn -0.9511 -0.0000 0.3090
vn -0.6897 0.6885 0.2241
vn -0.0364 0.9993 0.0118
vn 0.6533 0.7267 -0.2123
vn 0.9511 -0.0000 -0.3090
vn 0.6533 -0.7267 -0.2123
vn -0.0363 -0.9993 0.0118
vn -0.6897 -0.6885 0.2241
vn -0.8090 -0.0000 0.5878
vn -0.5867 0.6885 0.4263
vn -0.0309 0.9993 0.0225
vn 0.5558 0.7267 -0.4038
vn 0.8090 -0.0000 -0.5878
vn 0.5558 -0.7267 -0.4038
vn -0.0309 -0.9993 0.0225
vn -0.5867 -0.6885 0.4263
vn -0.5878 -0.0000 0.8090
vn -0.4263 0.6885 0.5867
vn -0.0225 0.9993 0.0309
vn 0.4038 0.7267 -0.5558
vn 0.5878 -0.0000 -0.8090
vn 0.4038 -0.7267 -0.5558
vn -0.0225 -0.9993 0.0309
vn -0.4263 -0.6885 0.5867
vn -0.3090 -0.0000 0.9511
vn -0.2241 0.6885 0.6897
vn -0.0118 0.9993 0.0363
vn 0.2123 0.7267 -0.6533
vn 0.3090 -0.0000 -0.9511
vn 0.2123 -0.7267 -0.6533
vn -0.0118 -0.9993 0.0363
vn -0.2241 -0.6885 0.6897
vn -0.0000 -0.0000 1.0000
vn -0.0000 0.6885 0.7252
vn -0.0000 0.9993 0.0382
vn -0.0000 0.7267 -0.6870
vn -0.0000 -0.0000 -1.0000
vn -0.0000 -0.7267 -0.6870
vn -0.0000 -0.9993 0.0382
vn -0.0000 -0.6885 0.7252
vn 0.3090 -0.0000 0.9511
vn 0.2241 0.6885 0.6897
vn 0.0118 0.9993 0.0364
vn -0.2123 0.7267 -0.6533
vn -0.3090 -0.0000 -0.9511
vn -0.2123 -0.7267 -0.6533
vn 0.0118 -0.9993 0.0364
vn 0.2241 -0.6885 0.6897
vn 0.5878 -0.0000 0.8090
vn 0.4263 0.6885 0.5867
vn 0.0225 0.9993 0.0309
vn -0.4038 0.7267 -0.5558
vn -0.5878 -0.0000 -0.8090
vn -0.4038 -0.7267 -0.5558
vn 0.0225 -0.9993 0.0309
vn 0.4263 -0.6885 0.5867
vn 0.8090 -0.0000 0.5878
vn 0.5867 0.6885 0.4263
vn 0.0309 0.9993 0.0225
vn -0.5558 0.7267 -0.4038
vn -0.8090 -0.0000 -0.5878
vn -0.5558 -0.7267 -0.4038
vn 0.0309 -0.9993 0.0225
vn 0.5867 -0.6885 0.4263
vn 0.9511 -0.0000 0.3090
vn 0.6897 0.6885 0.2241
vn 0.0363 0.9993 0.0118
vn -0.6533 0.7267 -0.2123
vn -0.9511 -0.0000 -0.3090
vn -0.6533 -0.7267 -0.2123
vn 0.0364 -0.9993 0.0118
vn 0.6897 -0.6885 0.2241
vn 0.7252 0.6885 -0.0000
vn 0.0382 0.9993 -0.0000
vn -0.6870 0.7267 -0.0000
vn -0.6869 -0.7267 -0.0000
vn 0.0382 -0.9993 -0.0000
vn 0.7252 -0.6885 -0.0000
vn 0.6897 0.6885 -0.2241
vn 0.0363 0.9993 -0.0118
vn -0.6533 0.7267 0.2123
vn -0.6533 -0.7267 0.2123
vn 0.0363 -0.9993 -0.0118
vn 0.6897 -0.6885 -0.2241
vn 0.5867 0.6885 -0.4263
vn 0.0309 0.9993 -0.0225
vn -0.5558 0.7267 0.4038
vn -0.5558 -0.7267 0.4038
vn 0.0309 -0.9993 -0.0225
vn 0.5867 -0.6885 -0.4263
vn 0.4263 0.6885 -0.5867
vn 0.0225 0.9993 -0.0309
vn -0.4038 0.7267 0.5558
vn -0.4038 -0.7267 0.5558
vn 0.0225 -0.9993 -0.0309
vn 0.4263 -0.6885 -0.5867
vn 0.2241 0.6885 -0.6897
vn 0.0118 0.9993 -0.0364
vn -0.2123 0.7267 0.6533
vn -0.2123 -0.7267 0.6533
vn 0.0118 -0.9993 -0.0364
vn 0.2241 -0.6885 -0.6897
vn -0.0000 0.6885 -0.7252
vn -0.0000 0.9993 -0.0382
vn -0.0000 0.7267 0.6869
vn -0.0000 -0.7267 0.6870
vn -0.0000 -0.9993 -0.0382
vn -0.0000 -0.6885 -0.7252
vn -0.2241 0.6885 -0.6897
vn -0.0118 0.9993 -0.0363
vn 0.2123 0.7267 0.6533
vn 0.2123 -0.7267 0.6533
vn -0.0118 -0.9993 -0.0363
vn -0.2241 -0.6885 -0.6897
vn -0.4263 0.6885 -0.5867
vn -0.0225 0.9993 -0.0309
vn 0.4038 0.7267 0.5558
vn 0.4038 -0.7267 0.5558
vn -0.0225 -0.9993 -0.0309
vn -0.4263 -0.6885 -0.5867
vn -0.5867 0.6885 -0.4263
vn -0.0309 0.9993 -0.0225
vn 0.5558 0.7267 0.4038
vn 0.5558 -0.7267 0.4038
vn -0.0309 -0.9993 -0.0225
vn -0.5867 -0.6885 -0.4263
vn -0.6897 0.6885 -0.2241
vn -0.0363 0.9993 -0.0118
vn 0.6533 0.7267 0.2123
vn 0.6533 -0.7267 0.2123
vn -0.0363 -0.9993 -0.0118
vn -0.6897 -0.6885 -0.2241
s 1
g rts_generator_coil_1_M_azure
usemtl M_azure
f 329/315/285 330/316/286 482/290/419
f 329/315/285 337/349/293 338/350/294
f 329/315/285 338/350/294 330/316/286
f 329/315/285 482/290/419 481/287/361
f 330/316/286 331/317/287 483/292/420
f 330/316/286 483/292/420 482/290/419
f 331/317/287 332/318/288 484/294/421
f 331/317/287 484/294/421 483/292/420
f 332/318/288 333/319/289 485/297/357
f 332/318/288 485/297/357 484/294/421
f 333/311/289 334/312/290 486/282/422
f 333/311/289 341/343/297 342/344/298
f 333/311/289 342/344/298 334/312/290
f 333/311/289 486/282/422 485/281/357
f 335/313/291 336/314/292 488/286/424
f 335/313/291 488/286/424 487/284/423
f 336/314/292 329/315/285 481/287/361
f 336/314/292 481/287/361 488/286/424
f 338/350/294 331/317/287 330/316/286
f 338/350/294 339/352/295 331/317/287
f 339/352/295 332/318/288 331/317/287
f 339/352/295 340/354/296 332/318/288
f 339/352/295 347/379/303 348/380/304
f 339/352/295 348/380/304 340/354/296
f 340/354/296 333/319/289 332/318/288
f 340/354/296 341/355/297 333/319/289
f 342/344/298 335/313/291 334/312/290
f 342/344/298 343/346/299 335/313/291
f 343/346/299 336/314/292 335/313/291
f 343/346/299 344/348/300 336/314/292
f 344/348/300 329/315/285 336/314/292
f 344/348/300 337/349/293 329/315/285
f 345/377/301 338/350/294 337/349/293
f 345/377/301 346/378/302 338/350/294
f 346/378/302 339/352/295 338/350/294
f 346/378/302 347/379/303 339/352/295
f 348/380/304 341/355/297 340/354/296
f 348/380/304 349/381/305 341/355/297
f 348/380/304 356/407/312 357/408/313
f 348/380/304 357/408/313 349/381/305
f 349/373/305 342/344/298 341/343/297
f 349/373/305 350/374/306 342/344/298
f 350/374/306 343/346/299 342/344/298
f 350/374/306 351/375/307 343/346/299
f 351/375/307 344/348/300 343/346/299
f 351/375/307 352/376/308 344/348/300
f 352/376/308 337/349/293 344/348/300
f 352/376/308 345/377/301 337/349/293
f 352/376/308 353/402/309 345/377/301
f 352/376/308 360/401/316 353/402/309
f 353/402/309 346/378/302 345/377/301
f 353/402/309 354/403/310 346/378/302
f 354/403/310 347/379/303 346/378/302
f 354/403/310 355/405/311 347/379/303
f 355/405/311 348/380/304 347/379/303
f 355/405/311 356/407/312 348/380/304
f 357/396/313 350/374/306 349/373/305
f 357/396/313 358/397/314 350/374/306
f 358/397/314 351/375/307 350/374/306
f 358/397/314 359/399/315 351/375/307
f 359/399/315 352/376/308 351/375/307
f 359/399/315 360/401/316 352/376/308
f 359/399/315 367/423/323 368/424/324
f 359/399/315 368/424/324 360/401/316
f 361/430/317 354/403/310 353/402/309
f 361/430/317 362/433/318 354/403/310
f 361/430/317 369/452/325 370/453/326
f 361/430/317 370/453/326 362/433/318
f 362/433/318 355/405/311 354/403/310
f 362/433/318 363/434/319 355/405/311
f 363/434/319 356/407/312 355/405/311
f 363/434/319 364/435/320 356/407/312
f 364/435/320 357/408/313 356/407/312
f 364/435/320 365/438/321 357/408/313
f 365/416/321 358/397/314 357/396/313
f 365/416/321 366/422/322 358/397/314
f 366/422/322 359/399/315 358/397/314
f 366/422/322 367/423/323 359/399/315
f 367/423/323 375/449/331 376/451/332
f 367/423/323 376/451/332 368/424/324
f 368/424/324 353/402/309 360/401/316
f 368/424/324 361/430/317 353/402/309
f 370/453/326 363/434/319 362/433/318
f 370/453/326 371/455/327 363/434/319
f 370/453/326 378/478/334 379/479/335
f 370/453/326 379/479/335 371/455/327
f 371/455/327 364/435/320 363/434/319
f 371/455/327 372/457/328 364/435/320
f 372/457/328 365/438/321 364/435/320
f 372/457/328 373/458/329 365/438/321
f 373/446/329 366/422/322 365/416/321
f 373/446/329 374/447/330 366/422/322
f 374/447/330 367/423/323 366/422/322
f 374/447/330 375/449/331 367/423/323
f 374/447/330 382/474/338 383/475/339
f 374/447/330 383/475/339 375/449/331
f 376/451/332 361/430/317 368/424/324
f 376/451/332 369/452/325 361/430/317
f 377/477/333 370/453/326 369/452/325
f 377/477/333 378/478/334 370/453/326
f 378/478/334 386/506/342 387/508/343
f 378/478/334 387/508/343 379/479/335
f 379/479/335 372/457/328 371/455/327
f 379/479/335 380/480/336 372/457/328
f 379/479/335 387/508/343 388/510/344
f 379/479/335 388/510/344 380/480/336
f 380/480/336 373/458/329 372/457/328
f 380/480/336 381/481/337 373/458/329
f 381/473/337 374/447/330 373/446/329
f 381/473/337 382/474/338 374/447/330
f 383/475/339 376/451/332 375/449/331
f 383/475/339 384/476/340 376/451/332
f 384/476/340 369/452/325 376/451/332
f 384/476/340 377/477/333 369/452/325
f 385/505/341 378/478/334 377/477/333
f 385/505/341 386/506/342 378/478/334
f 388/510/344 381/481/337 380/480/336
f 388/510/344 389/511/345 381/481/337
f 389/499/345 382/474/338 381/473/337
f 389/499/345 390/500/346 382/474/338
f 390/500/346 383/475/339 382/474/338
f 390/500/346 391/502/347 383/475/339
f 391/502/347 384/476/340 383/475/339
f 391/502/347 392/504/348 384/476/340
f 391/502/347 399/537/355 400/538/356
f 391/502/347 400/538/356 392/504/348
f 392/504/348 377/477/333 384/476/340
f 392/504/348 385/505/341 377/477/333
f 393/539/349 386/506/342 385/505/341
f 393/539/349 394/540/350 386/506/342
f 394/540/350 387/508/343 386/506/342
f 394/540/350 395/541/351 387/508/343
f 395/541/351 388/510/344 387/508/343
f 395/541/351 396/542/352 388/510/344
f 396/542/352 389/511/345 388/510/344
f 396/542/352 397/543/353 389/511/345
f 396/542/352 404/574/360 405/577/361
f 396/542/352 405/577/361 397/543/353
f 397/535/353 390/500/346 389/499/345
f 397/535/353 398/536/354 390/500/346
f 398/536/354 391/502/347 390/500/346
f 398/536/354 399/537/355 391/502/347
f 398/536/354 406/562/362 407/564/363
f 398/536/354 407/564/363 399/537/355
f 399/537/355 407/564/363 408/566/364
f 399/537/355 408/566/364 400/538/356
f 400/538/356 385/505/341 392/504/348
f 400/538/356 393/539/349 385/505/341
f 401/567/357 394/540/350 393/539/349
f 401/567/357 402/570/358 394/540/350
f 401/7/357 409/39/289 410/40/365
f 401/7/357 410/40/365 402/10/358
f 402/570/358 395/541/351 394/540/350
f 402/570/358 403/572/359 395/541/351
f 403/572/359 396/542/352 395/541/351
f 403/572/359 404/574/360 396/542/352
f 405/1/361 413/35/285 414/36/368
f 405/1/361 414/36/368 406/2/362
f 405/561/361 398/536/354 397/535/353
f 405/561/361 406/562/362 398/536/354
f 408/566/364 393/539/349 400/538/356
f 408/566/364 401/567/357 393/539/349
f 410/40/365 403/12/359 402/10/358
f 410/40/365 411/41/366 403/12/359
f 411/41/366 404/14/360 403/12/359
f 411/41/366 412/42/367 404/14/360
f 411/41/366 419/76/372 420/78/373
f 411/41/366 420/78/373 412/42/367
f 412/42/367 405/17/361 404/14/360
f 412/42/367 413/43/285 405/17/361
f 414/36/368 407/4/363 406/2/362
f 414/36/368 415/37/369 407/4/363
f 415/37/369 408/6/364 407/4/363
f 415/37/369 416/38/370 408/6/364
f 416/38/370 401/7/357 408/6/364
f 416/38/370 409/39/289 401/7/357
f 417/73/297 410/40/365 409/39/289
f 417/73/297 418/74/371 410/40/365
f 418/74/371 411/41/366 410/40/365
f 418/74/371 419/76/372 411/41/366
f 420/78/373 413/43/285 412/42/367
f 420/78/373 421/79/293 413/43/285
f 421/67/293 414/36/368 413/35/285
f 421/67/293 422/68/374 414/36/368
f 421/67/293 429/97/301 430/98/380
f 421/67/293 430/98/380 422/68/374
f 422/68/374 415/37/369 414/36/368
f 422/68/374 423/70/375 415/37/369
f 423/70/375 416/38/370 415/37/369
f 423/70/375 424/72/376 416/38/370
f 424/72/376 409/39/289 416/38/370
f 424/72/376 417/73/297 409/39/289
f 425/101/305 418/74/371 417/73/297
f 425/101/305 426/102/377 418/74/371
f 426/102/377 419/76/372 418/74/371
f 426/102/377 427/103/378 419/76/372
f 427/103/378 420/78/373 419/76/372
f 427/103/378 428/104/379 420/78/373
f 428/104/379 421/79/293 420/78/373
f 428/104/379 429/105/301 421/79/293
f 430/98/380 423/70/375 422/68/374
f 430/98/380 431/99/381 423/70/375
f 431/99/381 424/72/376 423/70/375
f 431/99/381 432/100/382 424/72/376
f 432/100/382 417/73/297 424/72/376
f 432/100/382 425/101/305 417/73/297
f 433/126/313 426/102/377 425/101/305
f 433/126/313 434/127/383 426/102/377
f 434/127/383 427/103/378 426/102/377
f 434/127/383 435/129/384 427/103/378
f 435/129/384 428/104/379 427/103/378
f 435/129/384 436/131/385 428/104/379
f 436/131/385 429/105/301 428/104/379
f 436/131/385 437/132/309 429/105/301
f 437/120/309 430/98/380 429/97/301
f 437/120/309 438/121/386 430/98/380
f 438/121/386 431/99/381 430/98/380
f 438/121/386 439/123/387 431/99/381
f 438/121/386 446/146/392 447/147/393
f 438/121/386 447/147/393 439/123/387
f 439/123/387 432/100/382 431/99/381
f 439/123/387 440/125/388 432/100/382
f 439/123/387 447/147/393 448/148/394
f 439/123/387 448/148/394 440/125/388
f 440/125/388 425/101/305 432/100/382
f 440/125/388 433/126/313 425/101/305
f 441/154/321 434/127/383 433/126/313
f 441/154/321 442/157/389 434/127/383
f 442/157/389 435/129/384 434/127/383
f 442/157/389 443/158/390 435/129/384
f 443/158/390 436/131/385 435/129/384
f 443/158/390 444/159/391 436/131/385
f 443/158/390 451/179/396 452/181/397
f 443/158/390 452/181/397 444/159/391
f 444/159/391 437/132/309 436/131/385
f 444/159/391 445/162/317 437/132/309
f 445/140/317 438/121/386 437/120/309
f 445/140/317 446/146/392 438/121/386
f 448/148/394 433/126/313 440/125/388
f 448/148/394 441/154/321 433/126/313
f 449/176/329 442/157/389 441/154/321
f 449/176/329 450/177/395 442/157/389
f 450/177/395 443/158/390 442/157/389
f 450/177/395 451/179/396 443/158/390
f 450/177/395 458/202/401 459/203/402
f 450/177/395 459/203/402 451/179/396
f 452/181/397 445/162/317 444/159/391
f 452/181/397 453/182/325 445/162/317
f 452/181/397 460/204/403 461/205/333
f 452/181/397 461/205/333 453/182/325
f 453/170/325 446/146/392 445/140/317
f 453/170/325 454/171/398 446/146/392
f 454/171/398 447/147/393 446/146/392
f 454/171/398 455/173/399 447/147/393
f 455/173/399 448/148/394 447/147/393
f 455/173/399 456/175/400 448/148/394
f 456/175/400 441/154/321 448/148/394
f 456/175/400 449/176/329 441/154/321
f 457/201/337 450/177/395 449/176/329
f 457/201/337 458/202/401 450/177/395
f 457/201/337 465/229/345 466/230/407
f 457/201/337 466/230/407 458/202/401
f 459/203/402 452/181/397 451/179/396
f 459/203/402 460/204/403 452/181/397
f 461/197/333 454/171/398 453/170/325
f 461/197/333 462/198/404 454/171/398
f 462/198/404 455/173/399 454/171/398
f 462/198/404 463/199/405 455/173/399
f 463/199/405 456/175/400 455/173/399
f 463/199/405 464/200/406 456/175/400
f 463/199/405 471/226/411 472/228/412
f 463/199/405 472/228/412 464/200/406
f 464/200/406 449/176/329 456/175/400
f 464/200/406 457/201/337 449/176/329
f 466/230/407 459/203/402 458/202/401
f 466/230/407 467/232/408 459/203/402
f 467/232/408 460/204/403 459/203/402
f 467/232/408 468/234/409 460/204/403
f 468/234/409 461/205/333 460/204/403
f 468/234/409 469/235/341 461/205/333
f 469/223/341 462/198/404 461/197/333
f 469/223/341 470/224/410 462/198/404
f 469/223/341 477/259/349 478/260/416
f 469/223/341 478/260/416 470/224/410
f 470/224/410 463/199/405 462/198/404
f 470/224/410 471/226/411 463/199/405
f 470/224/410 478/260/416 479/261/417
f 470/224/410 479/261/417 471/226/411
f 471/226/411 479/261/417 480/262/418
f 471/226/411 480/262/418 472/228/412
f 472/228/412 457/201/337 464/200/406
f 472/228/412 465/229/345 457/201/337
f 473/263/353 466/230/407 465/229/345
f 473/263/353 474/264/413 466/230/407
f 474/264/413 467/232/408 466/230/407
f 474/264/413 475/265/414 467/232/408
f 475/265/414 468/234/409 467/232/408
f 475/265/414 476/266/415 468/234/409
f 476/266/415 469/235/341 468/234/409
f 476/266/415 477/267/349 469/235/341
f 476/266/415 484/294/421 485/297/357
f 476/266/415 485/297/357 477/267/349
f 477/259/349 485/281/357 486/282/422
f 477/259/349 486/282/422 478/260/416
f 480/262/418 465/229/345 472/228/412
f 480/262/418 473/263/353 465/229/345
f 481/287/361 474/264/413 473/263/353
f 481/287/361 482/290/419 474/264/413
f 482/290/419 475/265/414 474/264/413
f 482/290/419 483/292/420 475/265/414
f 483/292/420 476/266/415 475/265/414
f 483/292/420 484/294/421 476/266/415
f 486/282/422 334/312/290 335/313/291
f 486/282/422 335/313/291 487/284/423
f 486/282/422 479/261/417 478/260/416
f 486/282/422 487/284/423 479/261/417
f 487/284/423 480/262/418 479/261/417
f 487/284/423 488/286/424 480/262/418
f 488/286/424 473/263/353 480/262/418
f 488/286/424 481/287/361 473/263/353
g rts_generator_coil_2_Torus.024
v -0.485000 1.020000 0.000000
v -0.468891 1.058891 0.000000
v -0.430000 1.075000 0.000000
v -0.391109 1.058891 0.000000
v -0.375000 1.020000 0.000000
v -0.391109 0.981109 0.000000
v -0.430000 0.965000 0.000000
v -0.468891 0.981109 0.000000
v -0.461262 1.020000 0.149873
v -0.445942 1.058891 0.144895
v -0.408954 1.075000 0.132877
v -0.371967 1.058891 0.120859
v -0.356646 1.020000 0.115881
v -0.371967 0.981109 0.120859
v -0.408954 0.965000 0.132877
v -0.445942 0.981109 0.144895
v -0.392373 1.020000 0.285076
v -0.379341 1.058891 0.275607
v -0.347877 1.075000 0.252748
v -0.316414 1.058891 0.229888
v -0.303381 1.020000 0.220419
v -0.316414 0.981109 0.229888
v -0.347877 0.965000 0.252748
v -0.379341 0.981109 0.275607
v -0.285076 1.020000 0.392373
v -0.275607 1.058891 0.379341
v -0.252748 1.075000 0.347877
v -0.229888 1.058891 0.316414
v -0.220419 1.020000 0.303381
v -0.229888 0.981109 0.316414
v -0.252748 0.965000 0.347877
v -0.275607 0.981109 0.379341
v -0.149873 1.020000 0.461262
v -0.144895 1.058891 0.445942
v -0.132877 1.075000 0.408954
v -0.120859 1.058891 0.371967
v -0.115881 1.020000 0.356646
v -0.120859 0.981109 0.371967
v -0.132877 0.965000 0.408954
v -0.144895 0.981109 0.445942
v -0.000000 1.020000 0.485000
v -0.000000 1.058891 0.468891
v -0.000000 1.075000 0.430000
v -0.000000 1.058891 0.391109
v -0.000000 1.020000 0.375000
v -0.000000 0.981109 0.391109
v -0.000000 0.965000 0.430000
v -0.000000 0.981109 0.468891
v 0.149873 1.020000 0.461262
v 0.144895 1.058891 0.445942
v 0.132877 1.075000 0.408954
v 0.120859 1.058891 0.371967
v 0.115881 1.020000 0.356646
v 0.120859 0.981109 0.371967
v 0.132877 0.965000 0.408954
v 0.144895 0.981109 0.445942
v 0.285076 1.020000 0.392373
v 0.275607 1.058891 0.379341
v 0.252748 1.075000 0.347877
v 0.229888 1.058891 0.316414
v 0.220420 1.020000 0.303381
v 0.229888 0.981109 0.316414
v 0.252748 0.965000 0.347877
v 0.275607 0.981109 0.379341
v 0.392373 1.020000 0.285076
v 0.379341 1.058891 0.275607
v 0.347877 1.075000 0.252748
v 0.316414 1.058891 0.229888
v 0.303381 1.020000 0.220419
v 0.316414 0.981109 0.229888
v 0.347877 0.965000 0.252748
v 0.379341 0.981109 0.275607
v 0.461262 1.020000 0.149873
v 0.445942 1.058891 0.144895
v 0.408954 1.075000 0.132877
v 0.371967 1.058891 0.120859
v 0.356646 1.020000 0.115881
v 0.371967 0.981109 0.120859
v 0.408954 0.965000 0.132877
v 0.445942 0.981109 0.144895
v 0.485000 1.020000 0.000000
v 0.468891 1.058891 0.000000
v 0.430000 1.075000 0.000000
v 0.391109 1.058891 0.000000
v 0.375000 1.020000 0.000000
v 0.391109 0.981109 0.000000
v 0.430000 0.965000 0.000000
v 0.468891 0.981109 0.000000
v 0.461262 1.020000 -0.149873
v 0.445942 1.058891 -0.144895
v 0.408954 1.075000 -0.132877
v 0.371967 1.058891 -0.120859
v 0.356646 1.020000 -0.115881
v 0.371967 0.981109 -0.120859
v 0.408954 0.965000 -0.132877
v 0.445942 0.981109 -0.144895
v 0.392373 1.020000 -0.285076
v 0.379341 1.058891 -0.275607
v 0.347877 1.075000 -0.252748
v 0.316414 1.058891 -0.229888
v 0.303381 1.020000 -0.220419
v 0.316414 0.981109 -0.229888
v 0.347877 0.965000 -0.252748
v 0.379341 0.981109 -0.275607
v 0.285076 1.020000 -0.392373
v 0.275607 1.058891 -0.379341
v 0.252748 1.075000 -0.347877
v 0.229888 1.058891 -0.316414
v 0.220420 1.020000 -0.303381
v 0.229888 0.981109 -0.316414
v 0.252748 0.965000 -0.347877
v 0.275607 0.981109 -0.379341
v 0.149873 1.020000 -0.461262
v 0.144895 1.058891 -0.445942
v 0.132877 1.075000 -0.408954
v 0.120859 1.058891 -0.371967
v 0.115881 1.020000 -0.356646
v 0.120859 0.981109 -0.371967
v 0.132877 0.965000 -0.408954
v 0.144895 0.981109 -0.445942
v -0.000000 1.020000 -0.485000
v -0.000000 1.058891 -0.468891
v -0.000000 1.075000 -0.430000
v -0.000000 1.058891 -0.391109
v -0.000000 1.020000 -0.375000
v -0.000000 0.981109 -0.391109
v -0.000000 0.965000 -0.430000
v -0.000000 0.981109 -0.468891
v -0.149873 1.020000 -0.461262
v -0.144895 1.058891 -0.445942
v -0.132877 1.075000 -0.408954
v -0.120859 1.058891 -0.371967
v -0.115881 1.020000 -0.356646
v -0.120859 0.981109 -0.371967
v -0.132877 0.965000 -0.408954
v -0.144895 0.981109 -0.445942
v -0.285076 1.020000 -0.392373
v -0.275607 1.058891 -0.379341
v -0.252747 1.075000 -0.347877
v -0.229888 1.058891 -0.316414
v -0.220419 1.020000 -0.303382
v -0.229888 0.981109 -0.316414
v -0.252747 0.965000 -0.347877
v -0.275607 0.981109 -0.379341
v -0.392373 1.020000 -0.285076
v -0.379341 1.058891 -0.275607
v -0.347877 1.075000 -0.252748
v -0.316414 1.058891 -0.229888
v -0.303381 1.020000 -0.220420
v -0.316414 0.981109 -0.229888
v -0.347877 0.965000 -0.252748
v -0.379341 0.981109 -0.275607
v -0.461262 1.020000 -0.149873
v -0.445942 1.058891 -0.144895
v -0.408954 1.075000 -0.132877
v -0.371967 1.058891 -0.120860
v -0.356646 1.020000 -0.115882
v -0.371967 0.981109 -0.120860
v -0.408954 0.965000 -0.132877
v -0.445942 0.981109 -0.144895
vn -1.0000 -0.0000 -0.0000
vn -0.7252 0.6885 -0.0000
vn -0.0382 0.9993 -0.0000
vn 0.6870 0.7267 -0.0000
vn 1.0000 -0.0000 -0.0000
vn 0.6870 -0.7267 -0.0000
vn -0.0382 -0.9993 -0.0000
vn -0.7252 -0.6885 -0.0000
vn -0.9511 -0.0000 0.3090
vn -0.6897 0.6885 0.2241
vn -0.0364 0.9993 0.0118
vn 0.6533 0.7267 -0.2123
vn 0.9511 -0.0000 -0.3090
vn 0.6533 -0.7267 -0.2123
vn -0.0363 -0.9993 0.0118
vn -0.6897 -0.6885 0.2241
vn -0.8090 -0.0000 0.5878
vn -0.5867 0.6885 0.4263
vn -0.0309 0.9993 0.0225
vn 0.5558 0.7267 -0.4038
vn 0.8090 -0.0000 -0.5878
vn 0.5558 -0.7267 -0.4038
vn -0.0309 -0.9993 0.0225
vn -0.5867 -0.6885 0.4263
vn -0.5878 -0.0000 0.8090
vn -0.4263 0.6885 0.5867
vn -0.0225 0.9993 0.0309
vn 0.4038 0.7267 -0.5558
vn 0.5878 -0.0000 -0.8090
vn 0.4038 -0.7267 -0.5558
vn -0.0225 -0.9993 0.0309
vn -0.4263 -0.6885 0.5867
vn -0.3090 -0.0000 0.9511
vn -0.2241 0.6885 0.6897
vn -0.0118 0.9993 0.0363
vn 0.2123 0.7267 -0.6533
vn 0.3090 -0.0000 -0.9511
vn 0.2123 -0.7267 -0.6533
vn -0.0118 -0.9993 0.0363
vn -0.2241 -0.6885 0.6897
vn -0.0000 -0.0000 1.0000
vn -0.0000 0.6885 0.7252
vn -0.0000 0.9993 0.0382
vn -0.0000 0.7267 -0.6870
vn -0.0000 -0.0000 -1.0000
vn -0.0000 -0.7267 -0.6870
vn -0.0000 -0.9993 0.0382
vn -0.0000 -0.6885 0.7252
vn 0.3090 -0.0000 0.9511
vn 0.2241 0.6885 0.6897
vn 0.0118 0.9993 0.0364
vn -0.2123 0.7267 -0.6533
vn -0.3090 -0.0000 -0.9511
vn -0.2123 -0.7267 -0.6533
vn 0.0118 -0.9993 0.0364
vn 0.2241 -0.6885 0.6897
vn 0.5878 -0.0000 0.8090
vn 0.4263 0.6885 0.5867
vn 0.0225 0.9993 0.0309
vn -0.4038 0.7267 -0.5558
vn -0.5878 -0.0000 -0.8090
vn -0.4038 -0.7267 -0.5558
vn 0.0225 -0.9993 0.0309
vn 0.4263 -0.6885 0.5867
vn 0.8090 -0.0000 0.5878
vn 0.5867 0.6885 0.4263
vn 0.0309 0.9993 0.0225
vn -0.5558 0.7267 -0.4038
vn -0.8090 -0.0000 -0.5878
vn -0.5558 -0.7267 -0.4038
vn 0.0309 -0.9993 0.0225
vn 0.5867 -0.6885 0.4263
vn 0.9511 -0.0000 0.3090
vn 0.6897 0.6885 0.2241
vn 0.0363 0.9993 0.0118
vn -0.6533 0.7267 -0.2123
vn -0.9511 -0.0000 -0.3090
vn -0.6533 -0.7267 -0.2123
vn 0.0364 -0.9993 0.0118
vn 0.6897 -0.6885 0.2241
vn 0.7252 0.6885 -0.0000
vn 0.0382 0.9993 -0.0000
vn -0.6870 0.7267 -0.0000
vn -0.6869 -0.7267 -0.0000
vn 0.0382 -0.9993 -0.0000
vn 0.7252 -0.6885 -0.0000
vn 0.6897 0.6885 -0.2241
vn 0.0363 0.9993 -0.0118
vn -0.6533 0.7267 0.2123
vn -0.6533 -0.7267 0.2123
vn 0.0363 -0.9993 -0.0118
vn 0.6897 -0.6885 -0.2241
vn 0.5867 0.6885 -0.4263
vn 0.0309 0.9993 -0.0225
vn -0.5558 0.7267 0.4038
vn -0.5558 -0.7267 0.4038
vn 0.0309 -0.9993 -0.0225
vn 0.5867 -0.6885 -0.4263
vn 0.4263 0.6885 -0.5867
vn 0.0225 0.9993 -0.0309
vn -0.4038 0.7267 0.5558
vn -0.4038 -0.7267 0.5558
vn 0.0225 -0.9993 -0.0309
vn 0.4263 -0.6885 -0.5867
vn 0.2241 0.6885 -0.6897
vn 0.0118 0.9993 -0.0364
vn -0.2123 0.7267 0.6533
vn -0.2123 -0.7267 0.6533
vn 0.0118 -0.9993 -0.0364
vn 0.2241 -0.6885 -0.6897
vn -0.0000 0.6885 -0.7252
vn -0.0000 0.9993 -0.0382
vn -0.0000 0.7267 0.6869
vn -0.0000 -0.7267 0.6870
vn -0.0000 -0.9993 -0.0382
vn -0.0000 -0.6885 -0.7252
vn -0.2241 0.6885 -0.6897
vn -0.0118 0.9993 -0.0363
vn 0.2123 0.7267 0.6533
vn 0.2123 -0.7267 0.6533
vn -0.0118 -0.9993 -0.0363
vn -0.2241 -0.6885 -0.6897
vn -0.4263 0.6885 -0.5867
vn -0.0225 0.9993 -0.0309
vn 0.4038 0.7267 0.5558
vn 0.4038 -0.7267 0.5558
vn -0.0225 -0.9993 -0.0309
vn -0.4263 -0.6885 -0.5867
vn -0.5867 0.6885 -0.4263
vn -0.0309 0.9993 -0.0225
vn 0.5558 0.7267 0.4038
vn 0.5558 -0.7267 0.4038
vn -0.0309 -0.9993 -0.0225
vn -0.5867 -0.6885 -0.4263
vn -0.6897 0.6885 -0.2241
vn -0.0363 0.9993 -0.0118
vn 0.6533 0.7267 0.2123
vn 0.6533 -0.7267 0.2123
vn -0.0363 -0.9993 -0.0118
vn -0.6897 -0.6885 -0.2241
s 1
g rts_generator_coil_2_M_cyan
usemtl M_cyan
f 489/315/425 490/316/426 642/290/559
f 489/315/425 497/349/433 498/350/434
f 489/315/425 498/350/434 490/316/426
f 489/315/425 642/290/559 641/287/501
f 490/316/426 491/317/427 643/292/560
f 490/316/426 643/292/560 642/290/559
f 491/317/427 492/318/428 644/294/561
f 491/317/427 644/294/561 643/292/560
f 492/318/428 493/319/429 645/297/497
f 492/318/428 645/297/497 644/294/561
f 493/311/429 494/312/430 646/282/562
f 493/311/429 501/343/437 502/344/438
f 493/311/429 502/344/438 494/312/430
f 493/311/429 646/282/562 645/281/497
f 495/313/431 496/314/432 648/286/564
f 495/313/431 648/286/564 647/284/563
f 496/314/432 489/315/425 641/287/501
f 496/314/432 641/287/501 648/286/564
f 498/350/434 491/317/427 490/316/426
f 498/350/434 499/352/435 491/317/427
f 499/352/435 492/318/428 491/317/427
f 499/352/435 500/354/436 492/318/428
f 499/352/435 507/379/443 508/380/444
f 499/352/435 508/380/444 500/354/436
f 500/354/436 493/319/429 492/318/428
f 500/354/436 501/355/437 493/319/429
f 502/344/438 495/313/431 494/312/430
f 502/344/438 503/346/439 495/313/431
f 503/346/439 496/314/432 495/313/431
f 503/346/439 504/348/440 496/314/432
f 504/348/440 489/315/425 496/314/432
f 504/348/440 497/349/433 489/315/425
f 505/377/441 498/350/434 497/349/433
f 505/377/441 506/378/442 498/350/434
f 506/378/442 499/352/435 498/350/434
f 506/378/442 507/379/443 499/352/435
f 508/380/444 501/355/437 500/354/436
f 508/380/444 509/381/445 501/355/437
f 508/380/444 516/407/452 517/408/453
f 508/380/444 517/408/453 509/381/445
f 509/373/445 502/344/438 501/343/437
f 509/373/445 510/374/446 502/344/438
f 510/374/446 503/346/439 502/344/438
f 510/374/446 511/375/447 503/346/439
f 511/375/447 504/348/440 503/346/439
f 511/375/447 512/376/448 504/348/440
f 512/376/448 497/349/433 504/348/440
f 512/376/448 505/377/441 497/349/433
f 512/376/448 513/402/449 505/377/441
f 512/376/448 520/401/456 513/402/449
f 513/402/449 506/378/442 505/377/441
f 513/402/449 514/403/450 506/378/442
f 514/403/450 507/379/443 506/378/442
f 514/403/450 515/405/451 507/379/443
f 515/405/451 508/380/444 507/379/443
f 515/405/451 516/407/452 508/380/444
f 517/396/453 510/374/446 509/373/445
f 517/396/453 518/397/454 510/374/446
f 518/397/454 511/375/447 510/374/446
f 518/397/454 519/399/455 511/375/447
f 519/399/455 512/376/448 511/375/447
f 519/399/455 520/401/456 512/376/448
f 519/399/455 527/423/463 528/424/464
f 519/399/455 528/424/464 520/401/456
f 521/430/457 514/403/450 513/402/449
f 521/430/457 522/433/458 514/403/450
f 521/430/457 529/452/465 530/453/466
f 521/430/457 530/453/466 522/433/458
f 522/433/458 515/405/451 514/403/450
f 522/433/458 523/434/459 515/405/451
f 523/434/459 516/407/452 515/405/451
f 523/434/459 524/435/460 516/407/452
f 524/435/460 517/408/453 516/407/452
f 524/435/460 525/438/461 517/408/453
f 525/416/461 518/397/454 517/396/453
f 525/416/461 526/422/462 518/397/454
f 526/422/462 519/399/455 518/397/454
f 526/422/462 527/423/463 519/399/455
f 527/423/463 535/449/471 536/451/472
f 527/423/463 536/451/472 528/424/464
f 528/424/464 513/402/449 520/401/456
f 528/424/464 521/430/457 513/402/449
f 530/453/466 523/434/459 522/433/458
f 530/453/466 531/455/467 523/434/459
f 530/453/466 538/478/474 539/479/475
f 530/453/466 539/479/475 531/455/467
f 531/455/467 524/435/460 523/434/459
f 531/455/467 532/457/468 524/435/460
f 532/457/468 525/438/461 524/435/460
f 532/457/468 533/458/469 525/438/461
f 533/446/469 526/422/462 525/416/461
f 533/446/469 534/447/470 526/422/462
f 534/447/470 527/423/463 526/422/462
f 534/447/470 535/449/471 527/423/463
f 534/447/470 542/474/478 543/475/479
f 534/447/470 543/475/479 535/449/471
f 536/451/472 521/430/457 528/424/464
f 536/451/472 529/452/465 521/430/457
f 537/477/473 530/453/466 529/452/465
f 537/477/473 538/478/474 530/453/466
f 538/478/474 546/506/482 547/508/483
f 538/478/474 547/508/483 539/479/475
f 539/479/475 532/457/468 531/455/467
f 539/479/475 540/480/476 532/457/468
f 539/479/475 547/508/483 548/510/484
f 539/479/475 548/510/484 540/480/476
f 540/480/476 533/458/469 532/457/468
f 540/480/476 541/481/477 533/458/469
f 541/473/477 534/447/470 533/446/469
f 541/473/477 542/474/478 534/447/470
f 543/475/479 536/451/472 535/449/471
f 543/475/479 544/476/480 536/451/472
f 544/476/480 529/452/465 536/451/472
f 544/476/480 537/477/473 529/452/465
f 545/505/481 538/478/474 537/477/473
f 545/505/481 546/506/482 538/478/474
f 548/510/484 541/481/477 540/480/476
f 548/510/484 549/511/485 541/481/477
f 549/499/485 542/474/478 541/473/477
f 549/499/485 550/500/486 542/474/478
f 550/500/486 543/475/479 542/474/478
f 550/500/486 551/502/487 543/475/479
f 551/502/487 544/476/480 543/475/479
f 551/502/487 552/504/488 544/476/480
f 551/502/487 559/537/495 560/538/496
f 551/502/487 560/538/496 552/504/488
f 552/504/488 537/477/473 544/476/480
f 552/504/488 545/505/481 537/477/473
f 553/539/489 546/506/482 545/505/481
f 553/539/489 554/540/490 546/506/482
f 554/540/490 547/508/483 546/506/482
f 554/540/490 555/541/491 547/508/483
f 555/541/491 548/510/484 547/508/483
f 555/541/491 556/542/492 548/510/484
f 556/542/492 549/511/485 548/510/484
f 556/542/492 557/543/493 549/511/485
f 556/542/492 564/574/500 565/577/501
f 556/542/492 565/577/501 557/543/493
f 557/535/493 550/500/486 549/499/485
f 557/535/493 558/536/494 550/500/486
f 558/536/494 551/502/487 550/500/486
f 558/536/494 559/537/495 551/502/487
f 558/536/494 566/562/502 567/564/503
f 558/536/494 567/564/503 559/537/495
f 559/537/495 567/564/503 568/566/504
f 559/537/495 568/566/504 560/538/496
f 560/538/496 545/505/481 552/504/488
f 560/538/496 553/539/489 545/505/481
f 561/567/497 554/540/490 553/539/489
f 561/567/497 562/570/498 554/540/490
f 561/7/497 569/39/429 570/40/505
f 561/7/497 570/40/505 562/10/498
f 562/570/498 555/541/491 554/540/490
f 562/570/498 563/572/499 555/541/491
f 563/572/499 556/542/492 555/541/491
f 563/572/499 564/574/500 556/542/492
f 565/1/501 573/35/425 574/36/508
f 565/1/501 574/36/508 566/2/502
f 565/561/501 558/536/494 557/535/493
f 565/561/501 566/562/502 558/536/494
f 568/566/504 553/539/489 560/538/496
f 568/566/504 561/567/497 553/539/489
f 570/40/505 563/12/499 562/10/498
f 570/40/505 571/41/506 563/12/499
f 571/41/506 564/14/500 563/12/499
f 571/41/506 572/42/507 564/14/500
f 571/41/506 579/76/512 580/78/513
f 571/41/506 580/78/513 572/42/507
f 572/42/507 565/17/501 564/14/500
f 572/42/507 573/43/425 565/17/501
f 574/36/508 567/4/503 566/2/502
f 574/36/508 575/37/509 567/4/503
f 575/37/509 568/6/504 567/4/503
f 575/37/509 576/38/510 568/6/504
f 576/38/510 561/7/497 568/6/504
f 576/38/510 569/39/429 561/7/497
f 577/73/437 570/40/505 569/39/429
f 577/73/437 578/74/511 570/40/505
f 578/74/511 571/41/506 570/40/505
f 578/74/511 579/76/512 571/41/506
f 580/78/513 573/43/425 572/42/507
f 580/78/513 581/79/433 573/43/425
f 581/67/433 574/36/508 573/35/425
f 581/67/433 582/68/514 574/36/508
f 581/67/433 589/97/441 590/98/520
f 581/67/433 590/98/520 582/68/514
f 582/68/514 575/37/509 574/36/508
f 582/68/514 583/70/515 575/37/509
f 583/70/515 576/38/510 575/37/509
f 583/70/515 584/72/516 576/38/510
f 584/72/516 569/39/429 576/38/510
f 584/72/516 577/73/437 569/39/429
f 585/101/445 578/74/511 577/73/437
f 585/101/445 586/102/517 578/74/511
f 586/102/517 579/76/512 578/74/511
f 586/102/517 587/103/518 579/76/512
f 587/103/518 580/78/513 579/76/512
f 587/103/518 588/104/519 580/78/513
f 588/104/519 581/79/433 580/78/513
f 588/104/519 589/105/441 581/79/433
f 590/98/520 583/70/515 582/68/514
f 590/98/520 591/99/521 583/70/515
f 591/99/521 584/72/516 583/70/515
f 591/99/521 592/100/522 584/72/516
f 592/100/522 577/73/437 584/72/516
f 592/100/522 585/101/445 577/73/437
f 593/126/453 586/102/517 585/101/445
f 593/126/453 594/127/523 586/102/517
f 594/127/523 587/103/518 586/102/517
f 594/127/523 595/129/524 587/103/518
f 595/129/524 588/104/519 587/103/518
f 595/129/524 596/131/525 588/104/519
f 596/131/525 589/105/441 588/104/519
f 596/131/525 597/132/449 589/105/441
f 597/120/449 590/98/520 589/97/441
f 597/120/449 598/121/526 590/98/520
f 598/121/526 591/99/521 590/98/520
f 598/121/526 599/123/527 591/99/521
f 598/121/526 606/146/532 607/147/533
f 598/121/526 607/147/533 599/123/527
f 599/123/527 592/100/522 591/99/521
f 599/123/527 600/125/528 592/100/522
f 599/123/527 607/147/533 608/148/534
f 599/123/527 608/148/534 600/125/528
f 600/125/528 585/101/445 592/100/522
f 600/125/528 593/126/453 585/101/445
f 601/154/461 594/127/523 593/126/453
f 601/154/461 602/157/529 594/127/523
f 602/157/529 595/129/524 594/127/523
f 602/157/529 603/158/530 595/129/524
f 603/158/530 596/131/525 595/129/524
f 603/158/530 604/159/531 596/131/525
f 603/158/530 611/179/536 612/181/537
f 603/158/530 612/181/537 604/159/531
f 604/159/531 597/132/449 596/131/525
f 604/159/531 605/162/457 597/132/449
f 605/140/457 598/121/526 597/120/449
f 605/140/457 606/146/532 598/121/526
f 608/148/534 593/126/453 600/125/528
f 608/148/534 601/154/461 593/126/453
f 609/176/469 602/157/529 601/154/461
f 609/176/469 610/177/535 602/157/529
f 610/177/535 603/158/530 602/157/529
f 610/177/535 611/179/536 603/158/530
f 610/177/535 618/202/541 619/203/542
f 610/177/535 619/203/542 611/179/536
f 612/181/537 605/162/457 604/159/531
f 612/181/537 613/182/465 605/162/457
f 612/181/537 620/204/543 621/205/473
f 612/181/537 621/205/473 613/182/465
f 613/170/465 606/146/532 605/140/457
f 613/170/465 614/171/538 606/146/532
f 614/171/538 607/147/533 606/146/532
f 614/171/538 615/173/539 607/147/533
f 615/173/539 608/148/534 607/147/533
f 615/173/539 616/175/540 608/148/534
f 616/175/540 601/154/461 608/148/534
f 616/175/540 609/176/469 601/154/461
f 617/201/477 610/177/535 609/176/469
f 617/201/477 618/202/541 610/177/535
f 617/201/477 625/229/485 626/230/547
f 617/201/477 626/230/547 618/202/541
f 619/203/542 612/181/537 611/179/536
f 619/203/542 620/204/543 612/181/537
f 621/197/473 614/171/538 613/170/465
f 621/197/473 622/198/544 614/171/538
f 622/198/544 615/173/539 614/171/538
f 622/198/544 623/199/545 615/173/539
f 623/199/545 616/175/540 615/173/539
f 623/199/545 624/200/546 616/175/540
f 623/199/545 631/226/551 632/228/552
f 623/199/545 632/228/552 624/200/546
f 624/200/546 609/176/469 616/175/540
f 624/200/546 617/201/477 609/176/469
f 626/230/547 619/203/542 618/202/541
f 626/230/547 627/232/548 619/203/542
f 627/232/548 620/204/543 619/203/542
f 627/232/548 628/234/549 620/204/543
f 628/234/549 621/205/473 620/204/543
f 628/234/549 629/235/481 621/205/473
f 629/223/481 622/198/544 621/197/473
f 629/223/481 630/224/550 622/198/544
f 629/223/481 637/259/489 638/260/556
f 629/223/481 638/260/556 630/224/550
f 630/224/550 623/199/545 622/198/544
f 630/224/550 631/226/551 623/199/545
f 630/224/550 638/260/556 639/261/557
f 630/224/550 639/261/557 631/226/551
f 631/226/551 639/261/557 640/262/558
f 631/226/551 640/262/558 632/228/552
f 632/228/552 617/201/477 624/200/546
f 632/228/552 625/229/485 617/201/477
f 633/263/493 626/230/547 625/229/485
f 633/263/493 634/264/553 626/230/547
f 634/264/553 627/232/548 626/230/547
f 634/264/553 635/265/554 627/232/548
f 635/265/554 628/234/549 627/232/548
f 635/265/554 636/266/555 628/234/549
f 636/266/555 629/235/481 628/234/549
f 636/266/555 637/267/489 629/235/481
f 636/266/555 644/294/561 645/297/497
f 636/266/555 645/297/497 637/267/489
f 637/259/489 645/281/497 646/282/562
f 637/259/489 646/282/562 638/260/556
f 640/262/558 625/229/485 632/228/552
f 640/262/558 633/263/493 625/229/485
f 641/287/501 634/264/553 633/263/493
f 641/287/501 642/290/559 634/264/553
f 642/290/559 635/265/554 634/264/553
f 642/290/559 643/292/560 635/265/554
f 643/292/560 636/266/555 635/265/554
f 643/292/560 644/294/561 636/266/555
f 646/282/562 494/312/430 495/313/431
f 646/282/562 495/313/431 647/284/563
f 646/282/562 639/261/557 638/260/556
f 646/282/562 647/284/563 639/261/557
f 647/284/563 640/262/558 639/261/557
f 647/284/563 648/286/564 640/262/558
f 648/286/564 633/263/493 640/262/558
f 648/286/564 641/287/501 633/263/493
g rts_generator_cap_Sphere.022
v 0.000000 1.510000 0.000000
v 0.000000 1.300000 0.300000
v 0.000000 1.219636 0.277164
v 0.000000 1.105985 0.114805
v 0.000000 1.090000 0.000000
v -0.049812 1.494015 0.103436
v -0.092041 1.448492 0.191124
v -0.120257 1.380363 0.249716
v -0.130165 1.300000 0.270291
v -0.120257 1.219636 0.249716
v -0.092041 1.151507 0.191124
v -0.049812 1.105985 0.103436
v -0.089758 1.494015 0.071580
v -0.165852 1.448492 0.132262
v -0.216695 1.380363 0.172809
v -0.234549 1.300000 0.187047
v -0.216695 1.219636 0.172809
v -0.165852 1.151507 0.132262
v -0.089758 1.105985 0.071580
v -0.111927 1.494015 0.025547
v -0.206813 1.448492 0.047204
v -0.270215 1.380363 0.061675
v -0.292478 1.300000 0.066756
v -0.270215 1.219636 0.061675
v -0.206813 1.151507 0.047204
v -0.111927 1.105985 0.025547
v -0.111927 1.494015 -0.025547
v -0.206813 1.448492 -0.047204
v -0.270215 1.380363 -0.061675
v -0.292478 1.300000 -0.066756
v -0.270215 1.219636 -0.061675
v -0.206813 1.151507 -0.047204
v -0.111927 1.105985 -0.025547
v -0.089758 1.494015 -0.071580
v -0.165851 1.448492 -0.132262
v -0.216695 1.380363 -0.172809
v -0.234549 1.300000 -0.187047
v -0.216695 1.219636 -0.172809
v -0.165851 1.151507 -0.132262
v -0.089758 1.105985 -0.071580
v -0.049812 1.494015 -0.103436
v -0.092041 1.448492 -0.191124
v -0.120257 1.380363 -0.249716
v -0.130165 1.300000 -0.270291
v -0.120257 1.219636 -0.249716
v -0.092041 1.151507 -0.191124
v -0.049812 1.105985 -0.103436
v 0.000000 1.494015 -0.114805
v 0.000000 1.448492 -0.212132
v 0.000000 1.380363 -0.277164
v 0.000000 1.300000 -0.300000
v 0.000000 1.219636 -0.277164
v 0.000000 1.151507 -0.212132
v 0.000000 1.105985 -0.114805
v 0.049812 1.494015 -0.103436
v 0.092041 1.448492 -0.191124
v 0.120257 1.380363 -0.249716
v 0.130165 1.300000 -0.270291
v 0.120257 1.219636 -0.249716
v 0.092041 1.151507 -0.191124
v 0.049812 1.105985 -0.103436
v 0.089758 1.494015 -0.071580
v 0.165852 1.448492 -0.132262
v 0.216695 1.380363 -0.172809
v 0.234549 1.300000 -0.187047
v 0.216695 1.219636 -0.172809
v 0.165852 1.151507 -0.132262
v 0.089758 1.105985 -0.071580
v 0.111927 1.494015 -0.025547
v 0.206813 1.448492 -0.047204
v 0.270215 1.380363 -0.061675
v 0.292478 1.300000 -0.066756
v 0.270215 1.219636 -0.061675
v 0.206813 1.151507 -0.047204
v 0.111927 1.105985 -0.025547
v 0.111927 1.494015 0.025547
v 0.206813 1.448492 0.047204
v 0.270215 1.380363 0.061675
v 0.292478 1.300000 0.066756
v 0.270215 1.219636 0.061675
v 0.206813 1.151507 0.047204
v 0.111927 1.105985 0.025547
v 0.089758 1.494015 0.071580
v 0.165851 1.448492 0.132262
v 0.216695 1.380363 0.172809
v 0.234549 1.300000 0.187047
v 0.216695 1.219636 0.172809
v 0.165851 1.151507 0.132262
v 0.089758 1.105985 0.071580
v 0.049812 1.494015 0.103436
v 0.092041 1.448492 0.191124
v 0.120257 1.380363 0.249716
v 0.130165 1.300000 0.270291
v 0.120257 1.219636 0.249716
v 0.092041 1.151507 0.191124
v 0.049812 1.105985 0.103436
v -0.000000 1.494015 0.114805
v -0.000000 1.448492 0.212132
v -0.000000 1.380363 0.277164
v -0.000000 1.151507 0.212132
vn -0.0000 1.0000 -0.0000
vn -0.0000 -0.0000 1.0000
vn -0.0000 -0.4823 0.8760
vn -0.0000 -0.9529 0.3033
vn -0.0000 -1.0000 -0.0000
vn -0.1316 0.9529 0.2732
vn -0.2605 0.7997 0.5409
vn -0.3801 0.4823 0.7893
vn -0.4339 -0.0000 0.9010
vn -0.3801 -0.4823 0.7892
vn -0.2605 -0.7997 0.5409
vn -0.1316 -0.9529 0.2732
vn -0.2371 0.9529 0.1891
vn -0.4694 0.7997 0.3743
vn -0.6849 0.4823 0.5462
vn -0.7818 -0.0000 0.6235
vn -0.6849 -0.4823 0.5462
vn -0.4694 -0.7997 0.3743
vn -0.2371 -0.9529 0.1891
vn -0.2957 0.9529 0.0675
vn -0.5853 0.7997 0.1336
vn -0.8540 0.4823 0.1949
vn -0.9749 -0.0000 0.2225
vn -0.8540 -0.4823 0.1949
vn -0.5853 -0.7997 0.1336
vn -0.2957 -0.9529 0.0675
vn -0.2957 0.9529 -0.0675
vn -0.5853 0.7997 -0.1336
vn -0.8540 0.4823 -0.1949
vn -0.9749 -0.0000 -0.2225
vn -0.8540 -0.4823 -0.1949
vn -0.5853 -0.7997 -0.1336
vn -0.2957 -0.9529 -0.0675
vn -0.2371 0.9529 -0.1891
vn -0.4694 0.7997 -0.3743
vn -0.6849 0.4823 -0.5462
vn -0.7818 -0.0000 -0.6235
vn -0.6849 -0.4823 -0.5462
vn -0.4694 -0.7997 -0.3743
vn -0.2371 -0.9529 -0.1891
vn -0.1316 0.9529 -0.2732
vn -0.2605 0.7997 -0.5409
vn -0.3801 0.4823 -0.7893
vn -0.4339 -0.0000 -0.9010
vn -0.3801 -0.4823 -0.7893
vn -0.2605 -0.7997 -0.5409
vn -0.1316 -0.9529 -0.2732
vn -0.0000 0.9529 -0.3033
vn -0.0000 0.7997 -0.6003
vn -0.0000 0.4823 -0.8760
vn -0.0000 -0.0000 -1.0000
vn -0.0000 -0.4823 -0.8760
vn -0.0000 -0.7997 -0.6004
vn -0.0000 -0.9529 -0.3033
vn 0.1316 0.9529 -0.2732
vn 0.2605 0.7997 -0.5409
vn 0.3801 0.4823 -0.7892
vn 0.4339 -0.0000 -0.9010
vn 0.3801 -0.4823 -0.7893
vn 0.2605 -0.7997 -0.5409
vn 0.1316 -0.9529 -0.2732
vn 0.2371 0.9529 -0.1891
vn 0.4694 0.7997 -0.3743
vn 0.6849 0.4823 -0.5462
vn 0.7818 -0.0000 -0.6235
vn 0.6849 -0.4823 -0.5462
vn 0.4694 -0.7997 -0.3743
vn 0.2371 -0.9529 -0.1891
vn 0.2957 0.9529 -0.0675
vn 0.5853 0.7997 -0.1336
vn 0.8540 0.4823 -0.1949
vn 0.9749 -0.0000 -0.2225
vn 0.8540 -0.4823 -0.1949
vn 0.5853 -0.7997 -0.1336
vn 0.2957 -0.9529 -0.0675
vn 0.2957 0.9529 0.0675
vn 0.5853 0.7997 0.1336
vn 0.8540 0.4823 0.1949
vn 0.9749 -0.0000 0.2225
vn 0.8540 -0.4823 0.1949
vn 0.5853 -0.7997 0.1336
vn 0.2957 -0.9529 0.0675
vn 0.2371 0.9529 0.1891
vn 0.4694 0.7997 0.3743
vn 0.6849 0.4823 0.5462
vn 0.7818 -0.0000 0.6235
vn 0.6849 -0.4823 0.5462
vn 0.4694 -0.7997 0.3743
vn 0.2371 -0.9529 0.1891
vn 0.1316 0.9529 0.2732
vn 0.2605 0.7997 0.5409
vn 0.3801 0.4823 0.7893
vn 0.4339 -0.0000 0.9010
vn 0.3801 -0.4823 0.7893
vn 0.2605 -0.7997 0.5409
vn 0.1316 -0.9529 0.2732
vn -0.0000 0.9529 0.3033
vn -0.0000 0.7997 0.6004
vn -0.0000 0.4823 0.8760
vn -0.0000 -0.7997 0.6004
s 1
g rts_generator_cap_M_orange
usemtl M_orange
f 651/411/567 650/412/566 657/369/573
f 651/411/567 657/369/573 658/368/574
f 653/114/569 702/133/618 709/90/625
f 653/140/569 695/163/611 702/133/618
f 653/187/569 688/206/604 695/163/611
f 653/221/569 681/246/597 688/206/604
f 653/270/569 674/282/590 681/246/597
f 653/307/569 667/326/583 674/282/590
f 653/31/569 716/50/632 723/2/639
f 653/356/569 660/366/576 667/326/583
f 653/390/569 652/409/568 660/366/576
f 653/416/569 744/439/660 652/409/568
f 653/463/569 737/482/653 744/439/660
f 653/497/569 730/522/646 737/482/653
f 653/546/569 723/562/639 730/522/646
f 653/80/569 709/90/625 716/50/632
f 654/372/570 649/357/565 661/332/577
f 655/371/571 654/372/570 661/332/577
f 655/371/571 661/332/577 662/331/578
f 655/371/571 662/331/578 663/330/579
f 655/371/571 663/330/579 656/370/572
f 656/370/572 663/330/579 664/329/580
f 656/370/572 664/329/580 657/369/573
f 657/369/573 664/329/580 665/328/581
f 657/369/573 665/328/581 658/368/574
f 658/368/574 665/328/581 666/327/582
f 658/368/574 666/327/582 659/367/575
f 660/366/576 659/367/575 666/327/582
f 660/366/576 666/327/582 667/326/583
f 661/332/577 649/308/565 668/294/584
f 662/331/578 661/332/577 668/294/584
f 662/331/578 668/294/584 669/292/585
f 662/331/578 669/292/585 670/290/586
f 662/331/578 670/290/586 663/330/579
f 663/330/579 670/290/586 671/287/587
f 663/330/579 671/287/587 664/329/580
f 665/328/581 664/329/580 671/287/587
f 665/328/581 671/287/587 672/286/588
f 665/328/581 672/286/588 673/284/589
f 665/328/581 673/284/589 666/327/582
f 667/326/583 666/327/582 673/284/589
f 667/326/583 673/284/589 674/282/590
f 668/294/584 649/271/565 675/252/591
f 669/292/585 668/294/584 675/252/591
f 669/292/585 675/252/591 676/251/592
f 669/292/585 676/251/592 677/250/593
f 669/292/585 677/250/593 670/290/586
f 670/290/586 677/250/593 678/249/594
f 670/290/586 678/249/594 671/287/587
f 672/286/588 671/287/587 678/249/594
f 672/286/588 678/249/594 679/248/595
f 672/286/588 679/248/595 680/247/596
f 672/286/588 680/247/596 673/284/589
f 673/284/589 680/247/596 681/246/597
f 673/284/589 681/246/597 674/282/590
f 675/252/591 649/222/565 682/212/598
f 675/252/591 682/212/598 683/211/599
f 675/252/591 683/211/599 676/251/592
f 677/250/593 676/251/592 683/211/599
f 677/250/593 683/211/599 684/210/600
f 677/250/593 684/210/600 685/209/601
f 677/250/593 685/209/601 678/249/594
f 679/248/595 678/249/594 685/209/601
f 679/248/595 685/209/601 686/208/602
f 679/248/595 686/208/602 687/207/603
f 679/248/595 687/207/603 680/247/596
f 680/247/596 687/207/603 688/206/604
f 680/247/596 688/206/604 681/246/597
f 682/212/598 649/188/565 689/169/605
f 682/212/598 689/169/605 690/168/606
f 682/212/598 690/168/606 683/211/599
f 683/211/599 690/168/606 691/167/607
f 683/211/599 691/167/607 684/210/600
f 684/210/600 691/167/607 692/166/608
f 684/210/600 692/166/608 685/209/601
f 686/208/602 685/209/601 692/166/608
f 686/208/602 692/166/608 693/165/609
f 686/208/602 693/165/609 694/164/610
f 686/208/602 694/164/610 687/207/603
f 687/207/603 694/164/610 695/163/611
f 687/207/603 695/163/611 688/206/604
f 689/169/605 649/162/565 696/139/612
f 689/169/605 696/139/612 697/138/613
f 689/169/605 697/138/613 690/168/606
f 690/168/606 697/138/613 698/137/614
f 690/168/606 698/137/614 691/167/607
f 691/167/607 698/137/614 699/136/615
f 691/167/607 699/136/615 692/166/608
f 693/165/609 692/166/608 699/136/615
f 693/165/609 699/136/615 700/135/616
f 693/165/609 700/135/616 701/134/617
f 693/165/609 701/134/617 694/164/610
f 694/164/610 701/134/617 702/133/618
f 694/164/610 702/133/618 695/163/611
f 696/139/612 649/115/565 703/96/619
f 696/139/612 703/96/619 704/95/620
f 696/139/612 704/95/620 697/138/613
f 698/137/614 697/138/613 704/95/620
f 698/137/614 704/95/620 705/94/621
f 698/137/614 705/94/621 706/93/622
f 698/137/614 706/93/622 699/136/615
f 699/136/615 706/93/622 707/92/623
f 699/136/615 707/92/623 700/135/616
f 700/135/616 707/92/623 708/91/624
f 700/135/616 708/91/624 701/134/617
f 701/134/617 708/91/624 709/90/625
f 701/134/617 709/90/625 702/133/618
f 703/96/619 649/81/565 710/56/626
f 703/96/619 710/56/626 711/55/627
f 703/96/619 711/55/627 704/95/620
f 705/94/621 704/95/620 711/55/627
f 705/94/621 711/55/627 712/54/628
f 705/94/621 712/54/628 713/53/629
f 705/94/621 713/53/629 706/93/622
f 707/92/623 706/93/622 713/53/629
f 707/92/623 713/53/629 714/52/630
f 707/92/623 714/52/630 715/51/631
f 707/92/623 715/51/631 708/91/624
f 708/91/624 715/51/631 716/50/632
f 708/91/624 716/50/632 709/90/625
f 710/56/626 649/32/565 717/14/633
f 710/56/626 717/14/633 718/12/634
f 710/56/626 718/12/634 711/55/627
f 712/54/628 711/55/627 718/12/634
f 712/54/628 718/12/634 719/10/635
f 712/54/628 719/10/635 720/7/636
f 712/54/628 720/7/636 713/53/629
f 714/52/630 713/53/629 720/7/636
f 714/52/630 720/7/636 721/6/637
f 714/52/630 721/6/637 722/4/638
f 714/52/630 722/4/638 715/51/631
f 715/51/631 722/4/638 723/2/639
f 715/51/631 723/2/639 716/50/632
f 717/574/633 649/547/565 724/528/640
f 717/574/633 724/528/640 725/527/641
f 717/574/633 725/527/641 718/572/634
f 719/570/635 718/572/634 725/527/641
f 719/570/635 725/527/641 726/526/642
f 719/570/635 726/526/642 727/525/643
f 719/570/635 727/525/643 720/567/636
f 721/566/637 720/567/636 727/525/643
f 721/566/637 727/525/643 728/524/644
f 721/566/637 728/524/644 729/523/645
f 721/566/637 729/523/645 722/564/638
f 722/564/638 729/523/645 730/522/646
f 722/564/638 730/522/646 723/562/639
f 724/528/640 649/498/565 731/488/647
f 724/528/640 731/488/647 732/487/648
f 724/528/640 732/487/648 725/527/641
f 726/526/642 725/527/641 732/487/648
f 726/526/642 732/487/648 733/486/649
f 726/526/642 733/486/649 734/485/650
f 726/526/642 734/485/650 727/525/643
f 728/524/644 727/525/643 734/485/650
f 728/524/644 734/485/650 735/484/651
f 728/524/644 735/484/651 736/483/652
f 728/524/644 736/483/652 729/523/645
f 729/523/645 736/483/652 737/482/653
f 729/523/645 737/482/653 730/522/646
f 731/488/647 649/464/565 738/445/654
f 732/487/648 731/488/647 738/445/654
f 732/487/648 738/445/654 739/444/655
f 733/486/649 732/487/648 739/444/655
f 733/486/649 739/444/655 740/443/656
f 733/486/649 740/443/656 741/442/657
f 733/486/649 741/442/657 734/485/650
f 735/484/651 734/485/650 741/442/657
f 735/484/651 741/442/657 742/441/658
f 735/484/651 742/441/658 743/440/659
f 735/484/651 743/440/659 736/483/652
f 736/483/652 743/440/659 744/439/660
f 736/483/652 744/439/660 737/482/653
f 738/445/654 649/438/565 745/415/661
f 739/444/655 738/445/654 745/415/661
f 739/444/655 745/415/661 746/414/662
f 740/443/656 650/412/566 741/442/657
f 740/443/656 739/444/655 746/414/662
f 740/443/656 746/414/662 747/413/663
f 740/443/656 747/413/663 650/412/566
f 742/441/658 650/412/566 651/411/567
f 742/441/658 741/442/657 650/412/566
f 743/440/659 651/411/567 748/410/664
f 743/440/659 652/409/568 744/439/660
f 743/440/659 742/441/658 651/411/567
f 743/440/659 748/410/664 652/409/568
f 745/415/661 649/391/565 654/372/570
f 746/414/662 654/372/570 655/371/571
f 746/414/662 745/415/661 654/372/570
f 747/413/663 655/371/571 656/370/572
f 747/413/663 656/370/572 657/369/573
f 747/413/663 657/369/573 650/412/566
f 747/413/663 746/414/662 655/371/571
f 748/410/664 651/411/567 658/368/574
f 748/410/664 658/368/574 659/367/575
f 748/410/664 659/367/575 660/366/576
f 748/410/664 660/366/576 652/409/568
g rts_generator_pylon_0_Cone.036
v -0.550000 0.130000 0.160000
v -0.550000 1.030000 0.070000
v -0.663137 0.130000 0.113137
v -0.599497 1.030000 0.049497
v -0.710000 0.130000 0.000000
v -0.620000 1.030000 0.000000
v -0.663137 0.130000 -0.113137
v -0.599497 1.030000 -0.049497
v -0.550000 0.130000 -0.160000
v -0.550000 1.030000 -0.070000
v -0.436863 0.130000 -0.113137
v -0.500503 1.030000 -0.049497
v -0.390000 0.130000 0.000000
v -0.480000 1.030000 0.000000
v -0.436863 0.130000 0.113137
v -0.500503 1.030000 0.049497
vn -0.3811 0.0920 0.9200
vn -0.9200 0.0920 0.3811
vn -0.9200 0.0920 -0.3811
vn -0.3811 0.0920 -0.9200
vn 0.3811 0.0920 -0.9200
vn 0.9200 0.0920 -0.3811
vn -0.0000 1.0000 -0.0000
vn 0.9200 0.0920 0.3811
vn 0.3811 0.0920 0.9200
vn -0.0000 -1.0000 -0.0000
s 0
g rts_generator_pylon_0_M_steel
usemtl M_steel
f 750/153/671 764/58/671 762/22/671
f 750/577/665 751/493/665 749/567/665
f 750/577/665 752/496/665 751/493/665
f 751/521/674 753/556/674 755/520/674
f 752/496/666 753/430/666 751/493/666
f 752/496/666 754/438/666 753/430/666
f 754/280/671 750/153/671 762/22/671
f 754/280/671 752/245/671 750/153/671
f 754/438/667 755/358/667 753/430/667
f 754/438/667 756/361/667 755/358/667
f 755/520/674 757/417/674 759/333/674
f 755/520/674 759/333/674 763/334/674
f 756/361/668 757/287/668 755/358/668
f 756/361/668 758/297/668 757/287/668
f 758/141/671 756/244/671 754/280/671
f 758/297/669 759/217/669 757/287/669
f 758/297/669 760/220/669 759/217/669
f 759/333/674 761/298/674 763/334/674
f 760/220/670 761/154/670 759/217/670
f 760/220/670 762/162/670 761/154/670
f 762/162/672 763/82/672 761/154/672
f 762/162/672 764/85/672 763/82/672
f 762/22/671 758/141/671 754/280/671
f 762/22/671 760/57/671 758/141/671
f 763/334/674 749/429/674 751/521/674
f 763/334/674 751/521/674 755/520/674
f 764/85/673 749/7/673 763/82/673
f 764/85/673 750/17/673 749/7/673
g rts_generator_pylon_1_Cone.037
v -0.000000 0.130000 0.710000
v -0.000000 1.030000 0.620000
v -0.113137 0.130000 0.663137
v -0.049497 1.030000 0.599497
v -0.160000 0.130000 0.550000
v -0.070000 1.030000 0.550000
v -0.113137 0.130000 0.436863
v -0.049497 1.030000 0.500503
v -0.000000 0.130000 0.390000
v -0.000000 1.030000 0.480000
v 0.113137 0.130000 0.436863
v 0.049497 1.030000 0.500503
v 0.160000 0.130000 0.550000
v 0.070000 1.030000 0.550000
v 0.113137 0.130000 0.663137
v 0.049497 1.030000 0.599497
vn -0.3811 0.0920 0.9200
vn -0.9200 0.0920 0.3811
vn -0.9200 0.0920 -0.3811
vn -0.3811 0.0920 -0.9200
vn 0.3811 0.0920 -0.9200
vn 0.9200 0.0920 -0.3811
vn -0.0000 1.0000 -0.0000
vn 0.9200 0.0920 0.3811
vn 0.3811 0.0920 0.9200
vn -0.0000 -1.0000 -0.0000
s 0
g rts_generator_pylon_1_M_steel
usemtl M_steel
f 766/153/681 780/58/681 778/22/681
f 766/577/675 767/493/675 765/567/675
f 766/577/675 768/496/675 767/493/675
f 767/521/684 769/556/684 771/520/684
f 768/496/676 769/430/676 767/493/676
f 768/496/676 770/438/676 769/430/676
f 770/280/681 766/153/681 778/22/681
f 770/280/681 768/245/681 766/153/681
f 770/438/677 771/358/677 769/430/677
f 770/438/677 772/361/677 771/358/677
f 771/520/684 773/417/684 775/333/684
f 771/520/684 775/333/684 779/334/684
f 772/361/678 773/287/678 771/358/678
f 772/361/678 774/297/678 773/287/678
f 774/141/681 772/244/681 770/280/681
f 774/297/679 775/217/679 773/287/679
f 774/297/679 776/220/679 775/217/679
f 775/333/684 777/298/684 779/334/684
f 776/220/680 777/154/680 775/217/680
f 776/220/680 778/162/680 777/154/680
f 778/162/682 779/82/682 777/154/682
f 778/162/682 780/85/682 779/82/682
f 778/22/681 774/141/681 770/280/681
f 778/22/681 776/57/681 774/141/681
f 779/334/684 765/429/684 767/521/684
f 779/334/684 767/521/684 771/520/684
f 780/85/683 765/7/683 779/82/683
f 780/85/683 766/17/683 765/7/683
g rts_generator_pylon_2_Cone.038
v 0.550000 0.130000 0.160000
v 0.550000 1.030000 0.070000
v 0.436863 0.130000 0.113137
v 0.500503 1.030000 0.049497
v 0.390000 0.130000 0.000000
v 0.480000 1.030000 0.000000
v 0.436863 0.130000 -0.113137
v 0.500503 1.030000 -0.049497
v 0.550000 0.130000 -0.160000
v 0.550000 1.030000 -0.070000
v 0.663137 0.130000 -0.113137
v 0.599497 1.030000 -0.049497
v 0.710000 0.130000 0.000000
v 0.620000 1.030000 0.000000
v 0.663137 0.130000 0.113137
v 0.599497 1.030000 0.049497
vn -0.3811 0.0920 0.9200
vn -0.9200 0.0920 0.3811
vn -0.9200 0.0920 -0.3811
vn -0.3811 0.0920 -0.9200
vn 0.3811 0.0920 -0.9200
vn 0.9200 0.0920 -0.3811
vn -0.0000 1.0000 -0.0000
vn 0.9200 0.0920 0.3811
vn 0.3811 0.0920 0.9200
vn -0.0000 -1.0000 -0.0000
s 0
g rts_generator_pylon_2_M_steel
usemtl M_steel
f 782/153/691 796/58/691 794/22/691
f 782/577/685 783/493/685 781/567/685
f 782/577/685 784/496/685 783/493/685
f 783/521/694 785/556/694 787/520/694
f 784/496/686 785/430/686 783/493/686
f 784/496/686 786/438/686 785/430/686
f 786/280/691 782/153/691 794/22/691
f 786/280/691 784/245/691 782/153/691
f 786/438/687 787/358/687 785/430/687
f 786/438/687 788/361/687 787/358/687
f 787/520/694 789/417/694 791/333/694
f 787/520/694 791/333/694 795/334/694
f 788/361/688 789/287/688 787/358/688
f 788/361/688 790/297/688 789/287/688
f 790/141/691 788/244/691 786/280/691
f 790/297/689 791/217/689 789/287/689
f 790/297/689 792/220/689 791/217/689
f 791/333/694 793/298/694 795/334/694
f 792/220/690 793/154/690 791/217/690
f 792/220/690 794/162/690 793/154/690
f 794/162/692 795/82/692 793/154/692
f 794/162/692 796/85/692 795/82/692
f 794/22/691 790/141/691 786/280/691
f 794/22/691 792/57/691 790/141/691
f 795/334/694 781/429/694 783/521/694
f 795/334/694 783/521/694 787/520/694
f 796/85/693 781/7/693 795/82/693
f 796/85/693 782/17/693 781/7/693
g rts_generator_pylon_3_Cone.039
v 0.000000 0.130000 -0.390000
v 0.000000 1.030000 -0.480000
v -0.113137 0.130000 -0.436863
v -0.049497 1.030000 -0.500503
v -0.160000 0.130000 -0.550000
v -0.070000 1.030000 -0.550000
v -0.113137 0.130000 -0.663137
v -0.049497 1.030000 -0.599497
v 0.000000 0.130000 -0.710000
v 0.000000 1.030000 -0.620000
v 0.113137 0.130000 -0.663137
v 0.049497 1.030000 -0.599497
v 0.160000 0.130000 -0.550000
v 0.070000 1.030000 -0.550000
v 0.113137 0.130000 -0.436863
v 0.049497 1.030000 -0.500503
vn -0.3811 0.0920 0.9200
vn -0.9200 0.0920 0.3811
vn -0.9200 0.0920 -0.3811
vn -0.3811 0.0920 -0.9200
vn 0.3811 0.0920 -0.9200
vn 0.9200 0.0920 -0.3811
vn -0.0000 1.0000 -0.0000
vn 0.9200 0.0920 0.3811
vn 0.3811 0.0920 0.9200
vn -0.0000 -1.0000 -0.0000
s 0
g rts_generator_pylon_3_M_steel
usemtl M_steel
f 798/153/701 812/58/701 810/22/701
f 798/577/695 799/493/695 797/567/695
f 798/577/695 800/496/695 799/493/695
f 799/521/704 801/556/704 803/520/704
f 800/496/696 801/430/696 799/493/696
f 800/496/696 802/438/696 801/430/696
f 802/280/701 798/153/701 810/22/701
f 802/280/701 800/245/701 798/153/701
f 802/438/697 803/358/697 801/430/697
f 802/438/697 804/361/697 803/358/697
f 803/520/704 805/417/704 807/333/704
f 803/520/704 807/333/704 811/334/704
f 804/361/698 805/287/698 803/358/698
f 804/361/698 806/297/698 805/287/698
f 806/141/701 804/244/701 802/280/701
f 806/297/699 807/217/699 805/287/699
f 806/297/699 808/220/699 807/217/699
f 807/333/704 809/298/704 811/334/704
f 808/220/700 809/154/700 807/217/700
f 808/220/700 810/162/700 809/154/700
f 810/162/702 811/82/702 809/154/702
f 810/162/702 812/85/702 811/82/702
f 810/22/701 806/141/701 802/280/701
f 810/22/701 808/57/701 806/141/701
f 811/334/704 797/429/704 799/521/704
f 811/334/704 799/521/704 803/520/704
f 812/85/703 797/7/703 811/82/703
f 812/85/703 798/17/703 797/7/703
g rts_generator_node_0_Sphere.023
v -0.550000 1.145000 0.000000
v -0.550000 0.955000 0.000000
v -0.577920 1.132272 0.038428
v -0.598359 1.097500 0.066560
v -0.605840 1.050000 0.076857
v -0.598359 1.002500 0.066560
v -0.577920 0.967728 0.038428
v -0.595175 1.132272 0.014678
v -0.628246 1.097500 0.025424
v -0.640350 1.050000 0.029357
v -0.628246 1.002500 0.025424
v -0.595175 0.967728 0.014678
v -0.595175 1.132272 -0.014678
v -0.628246 1.097500 -0.025424
v -0.640350 1.050000 -0.029357
v -0.628246 1.002500 -0.025424
v -0.595175 0.967728 -0.014678
v -0.577920 1.132272 -0.038428
v -0.598359 1.097500 -0.066560
v -0.605840 1.050000 -0.076857
v -0.598359 1.002500 -0.066560
v -0.577920 0.967728 -0.038428
v -0.550000 1.132272 -0.047500
v -0.550000 1.097500 -0.082272
v -0.550000 1.050000 -0.095000
v -0.550000 1.002500 -0.082272
v -0.550000 0.967728 -0.047500
v -0.522080 1.132272 -0.038428
v -0.501642 1.097500 -0.066560
v -0.494160 1.050000 -0.076857
v -0.501642 1.002500 -0.066560
v -0.522080 0.967728 -0.038428
v -0.504825 1.132272 -0.014678
v -0.471754 1.097500 -0.025424
v -0.459650 1.050000 -0.029357
v -0.471754 1.002500 -0.025424
v -0.504825 0.967728 -0.014678
v -0.504825 1.132272 0.014678
v -0.471754 1.097500 0.025424
v -0.459650 1.050000 0.029357
v -0.471754 1.002500 0.025424
v -0.504825 0.967728 0.014678
v -0.522080 1.132272 0.038428
v -0.501642 1.097500 0.066560
v -0.494160 1.050000 0.076857
v -0.501642 1.002500 0.066560
v -0.522080 0.967728 0.038428
v -0.550000 1.132272 0.047500
v -0.550000 1.097500 0.082272
v -0.550000 1.050000 0.095000
v -0.550000 1.002500 0.082272
v -0.550000 0.967728 0.047500
vn -0.0000 1.0000 -0.0000
vn -0.0000 -1.0000 -0.0000
vn -0.3155 0.8438 0.4342
vn -0.5159 0.4791 0.7101
vn -0.5878 -0.0000 0.8090
vn -0.5159 -0.4791 0.7101
vn -0.3155 -0.8438 0.4342
vn -0.5104 0.8438 0.1659
vn -0.8348 0.4791 0.2713
vn -0.9511 -0.0000 0.3090
vn -0.8348 -0.4791 0.2713
vn -0.5104 -0.8438 0.1659
vn -0.5104 0.8438 -0.1659
vn -0.8348 0.4791 -0.2712
vn -0.9511 -0.0000 -0.3090
vn -0.8348 -0.4791 -0.2712
vn -0.5104 -0.8438 -0.1659
vn -0.3155 0.8438 -0.4342
vn -0.5159 0.4791 -0.7101
vn -0.5878 -0.0000 -0.8090
vn -0.5159 -0.4791 -0.7101
vn -0.3155 -0.8438 -0.4342
vn -0.0000 0.8438 -0.5367
vn -0.0000 0.4791 -0.8778
vn -0.0000 -0.0000 -1.0000
vn -0.0000 -0.4791 -0.8778
vn -0.0000 -0.8438 -0.5367
vn 0.3155 0.8438 -0.4342
vn 0.5159 0.4791 -0.7101
vn 0.5878 -0.0000 -0.8090
vn 0.5159 -0.4791 -0.7101
vn 0.3155 -0.8438 -0.4342
vn 0.5104 0.8438 -0.1659
vn 0.8348 0.4791 -0.2712
vn 0.9511 -0.0000 -0.3090
vn 0.8348 -0.4791 -0.2712
vn 0.5104 -0.8438 -0.1659
vn 0.5104 0.8438 0.1659
vn 0.8348 0.4791 0.2713
vn 0.9511 -0.0000 0.3090
vn 0.8348 -0.4791 0.2712
vn 0.5104 -0.8438 0.1659
vn 0.3155 0.8438 0.4342
vn 0.5159 0.4791 0.7101
vn 0.5878 -0.0000 0.8090
vn 0.5159 -0.4791 0.7101
vn 0.3155 -0.8438 0.4342
vn -0.0000 0.8438 0.5367
vn -0.0000 0.4791 0.8778
vn -0.0000 -0.0000 1.0000
vn -0.0000 -0.4791 0.8778
vn -0.0000 -0.8438 0.5367
s 1
g rts_generator_node_0_M_cyan
usemtl M_cyan
f 814/140/706 834/172/726 839/122/731
f 814/197/706 829/225/721 834/172/726
f 814/259/706 824/283/716 829/225/721
f 814/311/706 819/345/711 824/283/716
f 814/35/706 844/69/736 849/3/741
f 814/373/706 864/398/756 819/345/711
f 814/416/706 859/448/751 864/398/756
f 814/473/706 854/501/746 859/448/751
f 814/535/706 849/563/741 854/501/746
f 814/97/706 839/122/731 844/69/736
f 815/353/707 813/319/705 820/293/712
f 815/353/707 820/293/712 821/291/713
f 815/353/707 821/291/713 816/351/708
f 817/349/709 816/351/708 821/291/713
f 817/349/709 821/291/713 822/287/714
f 817/349/709 822/287/714 823/285/715
f 817/349/709 823/285/715 818/347/710
f 818/347/710 823/285/715 824/283/716
f 818/347/710 824/283/716 819/345/711
f 820/293/712 813/267/705 825/233/717
f 820/293/712 825/233/717 826/231/718
f 820/293/712 826/231/718 821/291/713
f 822/287/714 821/291/713 826/231/718
f 822/287/714 826/231/718 827/229/719
f 822/287/714 827/229/719 828/227/720
f 822/287/714 828/227/720 823/285/715
f 823/285/715 828/227/720 829/225/721
f 823/285/715 829/225/721 824/283/716
f 825/233/717 813/205/705 830/180/722
f 825/233/717 830/180/722 831/178/723
f 825/233/717 831/178/723 826/231/718
f 826/231/718 831/178/723 832/176/724
f 826/231/718 832/176/724 827/229/719
f 827/229/719 832/176/724 833/174/725
f 827/229/719 833/174/725 828/227/720
f 828/227/720 833/174/725 834/172/726
f 828/227/720 834/172/726 829/225/721
f 830/180/722 813/162/705 835/130/727
f 830/180/722 835/130/727 836/128/728
f 830/180/722 836/128/728 831/178/723
f 831/178/723 836/128/728 837/126/729
f 831/178/723 837/126/729 832/176/724
f 832/176/724 837/126/729 838/124/730
f 832/176/724 838/124/730 833/174/725
f 833/174/725 838/124/730 839/122/731
f 833/174/725 839/122/731 834/172/726
f 835/130/727 813/105/705 840/77/732
f 835/130/727 840/77/732 841/75/733
f 835/130/727 841/75/733 836/128/728
f 836/128/728 841/75/733 842/73/734
f 836/128/728 842/73/734 837/126/729
f 837/126/729 842/73/734 843/71/735
f 837/126/729 843/71/735 838/124/730
f 838/124/730 843/71/735 844/69/736
f 838/124/730 844/69/736 839/122/731
f 840/77/732 813/43/705 845/13/737
f 841/75/733 840/77/732 845/13/737
f 841/75/733 845/13/737 846/11/738
f 841/75/733 846/11/738 847/7/739
f 841/75/733 847/7/739 842/73/734
f 843/71/735 842/73/734 847/7/739
f 843/71/735 847/7/739 848/5/740
f 844/69/736 843/71/735 848/5/740
f 844/69/736 848/5/740 849/3/741
f 845/573/737 813/543/705 850/509/742
f 845/573/737 850/509/742 851/507/743
f 845/573/737 851/507/743 846/571/738
f 846/571/738 851/507/743 852/505/744
f 846/571/738 852/505/744 847/567/739
f 847/567/739 852/505/744 853/503/745
f 847/567/739 853/503/745 848/565/740
f 848/565/740 853/503/745 854/501/746
f 848/565/740 854/501/746 849/563/741
f 850/509/742 813/481/705 855/456/747
f 850/509/742 855/456/747 856/454/748
f 850/509/742 856/454/748 851/507/743
f 851/507/743 856/454/748 857/452/749
f 851/507/743 857/452/749 852/505/744
f 852/505/744 857/452/749 858/450/750
f 852/505/744 858/450/750 853/503/745
f 853/503/745 858/450/750 859/448/751
f 853/503/745 859/448/751 854/501/746
f 855/456/747 813/438/705 860/406/752
f 855/456/747 860/406/752 861/404/753
f 855/456/747 861/404/753 856/454/748
f 856/454/748 861/404/753 862/402/754
f 856/454/748 862/402/754 857/452/749
f 857/452/749 862/402/754 863/400/755
f 857/452/749 863/400/755 858/450/750
f 859/448/751 858/450/750 863/400/755
f 859/448/751 863/400/755 864/398/756
f 860/406/752 813/381/705 815/353/707
f 860/406/752 815/353/707 816/351/708
f 860/406/752 816/351/708 861/404/753
f 861/404/753 816/351/708 817/349/709
f 861/404/753 817/349/709 862/402/754
f 862/402/754 817/349/709 818/347/710
f 862/402/754 818/347/710 863/400/755
f 863/400/755 818/347/710 819/345/711
f 863/400/755 819/345/711 864/398/756
g rts_generator_node_1_Sphere.024
v -0.000000 1.145000 0.550000
v -0.000000 0.955000 0.550000
v -0.027920 1.132272 0.588428
v -0.048359 1.097500 0.616560
v -0.055840 1.050000 0.626857
v -0.048359 1.002500 0.616560
v -0.027920 0.967728 0.588428
v -0.045175 1.132272 0.564678
v -0.078246 1.097500 0.575424
v -0.090350 1.050000 0.579357
v -0.078246 1.002500 0.575424
v -0.045175 0.967728 0.564678
v -0.045175 1.132272 0.535322
v -0.078246 1.097500 0.524576
v -0.090350 1.050000 0.520643
v -0.078246 1.002500 0.524576
v -0.045175 0.967728 0.535322
v -0.027920 1.132272 0.511572
v -0.048359 1.097500 0.483440
v -0.055840 1.050000 0.473143
v -0.048359 1.002500 0.483440
v -0.027920 0.967728 0.511572
v -0.000000 1.132272 0.502500
v -0.000000 1.097500 0.467728
v -0.000000 1.050000 0.455000
v -0.000000 1.002500 0.467728
v -0.000000 0.967728 0.502500
v 0.027920 1.132272 0.511572
v 0.048359 1.097500 0.483440
v 0.055840 1.050000 0.473143
v 0.048359 1.002500 0.483440
v 0.027920 0.967728 0.511572
v 0.045175 1.132272 0.535322
v 0.078246 1.097500 0.524576
v 0.090350 1.050000 0.520643
v 0.078246 1.002500 0.524576
v 0.045175 0.967728 0.535322
v 0.045175 1.132272 0.564678
v 0.078246 1.097500 0.575424
v 0.090350 1.050000 0.579357
v 0.078246 1.002500 0.575424
v 0.045175 0.967728 0.564678
v 0.027920 1.132272 0.588428
v 0.048359 1.097500 0.616560
v 0.055840 1.050000 0.626857
v 0.048359 1.002500 0.616560
v 0.027920 0.967728 0.588428
v 0.000000 1.132272 0.597500
v 0.000000 1.097500 0.632272
v 0.000000 1.050000 0.645000
v 0.000000 1.002500 0.632272
v 0.000000 0.967728 0.597500
vn -0.0000 1.0000 -0.0000
vn -0.0000 -1.0000 -0.0000
vn -0.3155 0.8438 0.4342
vn -0.5159 0.4791 0.7101
vn -0.5878 -0.0000 0.8090
vn -0.5159 -0.4791 0.7101
vn -0.3155 -0.8438 0.4342
vn -0.5104 0.8438 0.1659
vn -0.8348 0.4791 0.2713
vn -0.9511 -0.0000 0.3090
vn -0.8348 -0.4791 0.2713
vn -0.5104 -0.8438 0.1659
vn -0.5104 0.8438 -0.1659
vn -0.8348 0.4791 -0.2712
vn -0.9511 -0.0000 -0.3090
vn -0.8348 -0.4791 -0.2712
vn -0.5104 -0.8438 -0.1659
vn -0.3155 0.8438 -0.4342
vn -0.5159 0.4791 -0.7101
vn -0.5878 -0.0000 -0.8090
vn -0.5159 -0.4791 -0.7101
vn -0.3155 -0.8438 -0.4342
vn -0.0000 0.8438 -0.5367
vn -0.0000 0.4791 -0.8778
vn -0.0000 -0.0000 -1.0000
vn -0.0000 -0.4791 -0.8778
vn -0.0000 -0.8438 -0.5367
vn 0.3155 0.8438 -0.4342
vn 0.5159 0.4791 -0.7101
vn 0.5878 -0.0000 -0.8090
vn 0.5159 -0.4791 -0.7101
vn 0.3155 -0.8438 -0.4342
vn 0.5104 0.8438 -0.1659
vn 0.8348 0.4791 -0.2712
vn 0.9511 -0.0000 -0.3090
vn 0.8348 -0.4791 -0.2712
vn 0.5104 -0.8438 -0.1659
vn 0.5104 0.8438 0.1659
vn 0.8348 0.4791 0.2713
vn 0.9511 -0.0000 0.3090
vn 0.8348 -0.4791 0.2712
vn 0.5104 -0.8438 0.1659
vn 0.3155 0.8438 0.4342
vn 0.5159 0.4791 0.7101
vn 0.5878 -0.0000 0.8090
vn 0.5159 -0.4791 0.7101
vn 0.3155 -0.8438 0.4342
vn -0.0000 0.8438 0.5367
vn -0.0000 0.4791 0.8778
vn -0.0000 -0.0000 1.0000
vn -0.0000 -0.4791 0.8778
vn -0.0000 -0.8438 0.5367
s 1
g rts_generator_node_1_M_cyan
usemtl M_cyan
f 866/140/758 886/172/778 891/122/783
f 866/197/758 881/225/773 886/172/778
f 866/259/758 876/283/768 881/225/773
f 866/311/758 871/345/763 876/283/768
f 866/35/758 896/69/788 901/3/793
f 866/373/758 916/398/808 871/345/763
f 866/416/758 911/448/803 916/398/808
f 866/473/758 906/501/798 911/448/803
f 866/535/758 901/563/793 906/501/798
f 866/97/758 891/122/783 896/69/788
f 867/353/759 865/319/757 872/293/764
f 867/353/759 872/293/764 873/291/765
f 867/353/759 873/291/765 868/351/760
f 869/349/761 868/351/760 873/291/765
f 869/349/761 873/291/765 874/287/766
f 869/349/761 874/287/766 875/285/767
f 869/349/761 875/285/767 870/347/762
f 870/347/762 875/285/767 876/283/768
f 870/347/762 876/283/768 871/345/763
f 872/293/764 865/267/757 877/233/769
f 872/293/764 877/233/769 878/231/770
f 872/293/764 878/231/770 873/291/765
f 874/287/766 873/291/765 878/231/770
f 874/287/766 878/231/770 879/229/771
f 874/287/766 879/229/771 880/227/772
f 874/287/766 880/227/772 875/285/767
f 875/285/767 880/227/772 881/225/773
f 875/285/767 881/225/773 876/283/768
f 877/233/769 865/205/757 882/180/774
f 877/233/769 882/180/774 883/178/775
f 877/233/769 883/178/775 878/231/770
f 878/231/770 883/178/775 884/176/776
f 878/231/770 884/176/776 879/229/771
f 879/229/771 884/176/776 885/174/777
f 879/229/771 885/174/777 880/227/772
f 880/227/772 885/174/777 886/172/778
f 880/227/772 886/172/778 881/225/773
f 882/180/774 865/162/757 887/130/779
f 882/180/774 887/130/779 888/128/780
f 882/180/774 888/128/780 883/178/775
f 883/178/775 888/128/780 889/126/781
f 883/178/775 889/126/781 884/176/776
f 884/176/776 889/126/781 890/124/782
f 884/176/776 890/124/782 885/174/777
f 885/174/777 890/124/782 891/122/783
f 885/174/777 891/122/783 886/172/778
f 887/130/779 865/105/757 892/77/784
f 887/130/779 892/77/784 893/75/785
f 887/130/779 893/75/785 888/128/780
f 888/128/780 893/75/785 894/73/786
f 888/128/780 894/73/786 889/126/781
f 889/126/781 894/73/786 895/71/787
f 889/126/781 895/71/787 890/124/782
f 890/124/782 895/71/787 896/69/788
f 890/124/782 896/69/788 891/122/783
f 892/77/784 865/43/757 897/13/789
f 893/75/785 892/77/784 897/13/789
f 893/75/785 897/13/789 898/11/790
f 893/75/785 898/11/790 899/7/791
f 893/75/785 899/7/791 894/73/786
f 895/71/787 894/73/786 899/7/791
f 895/71/787 899/7/791 900/5/792
f 896/69/788 895/71/787 900/5/792
f 896/69/788 900/5/792 901/3/793
f 897/573/789 865/543/757 902/509/794
f 897/573/789 902/509/794 903/507/795
f 897/573/789 903/507/795 898/571/790
f 898/571/790 903/507/795 904/505/796
f 898/571/790 904/505/796 899/567/791
f 899/567/791 904/505/796 905/503/797
f 899/567/791 905/503/797 900/565/792
f 900/565/792 905/503/797 906/501/798
f 900/565/792 906/501/798 901/563/793
f 902/509/794 865/481/757 907/456/799
f 902/509/794 907/456/799 908/454/800
f 902/509/794 908/454/800 903/507/795
f 903/507/795 908/454/800 909/452/801
f 903/507/795 909/452/801 904/505/796
f 904/505/796 909/452/801 910/450/802
f 904/505/796 910/450/802 905/503/797
f 905/503/797 910/450/802 911/448/803
f 905/503/797 911/448/803 906/501/798
f 907/456/799 865/438/757 912/406/804
f 907/456/799 912/406/804 913/404/805
f 907/456/799 913/404/805 908/454/800
f 908/454/800 913/404/805 914/402/806
f 908/454/800 914/402/806 909/452/801
f 909/452/801 914/402/806 915/400/807
f 909/452/801 915/400/807 910/450/802
f 911/448/803 910/450/802 915/400/807
f 911/448/803 915/400/807 916/398/808
f 912/406/804 865/381/757 867/353/759
f 912/406/804 867/353/759 868/351/760
f 912/406/804 868/351/760 913/404/805
f 913/404/805 868/351/760 869/349/761
f 913/404/805 869/349/761 914/402/806
f 914/402/806 869/349/761 870/347/762
f 914/402/806 870/347/762 915/400/807
f 915/400/807 870/347/762 871/345/763
f 915/400/807 871/345/763 916/398/808
g rts_generator_node_2_Sphere.025
v 0.550000 1.145000 0.000000
v 0.550000 0.955000 0.000000
v 0.522080 1.132272 0.038428
v 0.501642 1.097500 0.066560
v 0.494160 1.050000 0.076857
v 0.501642 1.002500 0.066560
v 0.522080 0.967728 0.038428
v 0.504825 1.132272 0.014678
v 0.471754 1.097500 0.025424
v 0.459650 1.050000 0.029357
v 0.471754 1.002500 0.025424
v 0.504825 0.967728 0.014678
v 0.504825 1.132272 -0.014678
v 0.471754 1.097500 -0.025424
v 0.459650 1.050000 -0.029357
v 0.471754 1.002500 -0.025424
v 0.504825 0.967728 -0.014678
v 0.522080 1.132272 -0.038428
v 0.501642 1.097500 -0.066560
v 0.494160 1.050000 -0.076857
v 0.501642 1.002500 -0.066560
v 0.522080 0.967728 -0.038428
v 0.550000 1.132272 -0.047500
v 0.550000 1.097500 -0.082272
v 0.550000 1.050000 -0.095000
v 0.550000 1.002500 -0.082272
v 0.550000 0.967728 -0.047500
v 0.577920 1.132272 -0.038428
v 0.598359 1.097500 -0.066560
v 0.605840 1.050000 -0.076857
v 0.598359 1.002500 -0.066560
v 0.577920 0.967728 -0.038428
v 0.595175 1.132272 -0.014678
v 0.628246 1.097500 -0.025424
v 0.640350 1.050000 -0.029357
v 0.628246 1.002500 -0.025424
v 0.595175 0.967728 -0.014678
v 0.595175 1.132272 0.014678
v 0.628246 1.097500 0.025424
v 0.640350 1.050000 0.029357
v 0.628246 1.002500 0.025424
v 0.595175 0.967728 0.014678
v 0.577920 1.132272 0.038428
v 0.598359 1.097500 0.066560
v 0.605840 1.050000 0.076857
v 0.598359 1.002500 0.066560
v 0.577920 0.967728 0.038428
v 0.550000 1.132272 0.047500
v 0.550000 1.097500 0.082272
v 0.550000 1.050000 0.095000
v 0.550000 1.002500 0.082272
v 0.550000 0.967728 0.047500
vn -0.0000 1.0000 -0.0000
vn -0.0000 -1.0000 -0.0000
vn -0.3155 0.8438 0.4342
vn -0.5159 0.4791 0.7101
vn -0.5878 -0.0000 0.8090
vn -0.5159 -0.4791 0.7101
vn -0.3155 -0.8438 0.4342
vn -0.5104 0.8438 0.1659
vn -0.8348 0.4791 0.2713
vn -0.9511 -0.0000 0.3090
vn -0.8348 -0.4791 0.2713
vn -0.5104 -0.8438 0.1659
vn -0.5104 0.8438 -0.1659
vn -0.8348 0.4791 -0.2712
vn -0.9511 -0.0000 -0.3090
vn -0.8348 -0.4791 -0.2712
vn -0.5104 -0.8438 -0.1659
vn -0.3155 0.8438 -0.4342
vn -0.5159 0.4791 -0.7101
vn -0.5878 -0.0000 -0.8090
vn -0.5159 -0.4791 -0.7101
vn -0.3155 -0.8438 -0.4342
vn -0.0000 0.8438 -0.5367
vn -0.0000 0.4791 -0.8778
vn -0.0000 -0.0000 -1.0000
vn -0.0000 -0.4791 -0.8778
vn -0.0000 -0.8438 -0.5367
vn 0.3155 0.8438 -0.4342
vn 0.5159 0.4791 -0.7101
vn 0.5878 -0.0000 -0.8090
vn 0.5159 -0.4791 -0.7101
vn 0.3155 -0.8438 -0.4342
vn 0.5104 0.8438 -0.1659
vn 0.8348 0.4791 -0.2712
vn 0.9511 -0.0000 -0.3090
vn 0.8348 -0.4791 -0.2712
vn 0.5104 -0.8438 -0.1659
vn 0.5104 0.8438 0.1659
vn 0.8348 0.4791 0.2713
vn 0.9511 -0.0000 0.3090
vn 0.8348 -0.4791 0.2712
vn 0.5104 -0.8438 0.1659
vn 0.3155 0.8438 0.4342
vn 0.5159 0.4791 0.7101
vn 0.5878 -0.0000 0.8090
vn 0.5159 -0.4791 0.7101
vn 0.3155 -0.8438 0.4342
vn -0.0000 0.8438 0.5367
vn -0.0000 0.4791 0.8778
vn -0.0000 -0.0000 1.0000
vn -0.0000 -0.4791 0.8778
vn -0.0000 -0.8438 0.5367
s 1
g rts_generator_node_2_M_cyan
usemtl M_cyan
f 918/140/810 938/172/830 943/122/835
f 918/197/810 933/225/825 938/172/830
f 918/259/810 928/283/820 933/225/825
f 918/311/810 923/345/815 928/283/820
f 918/35/810 948/69/840 953/3/845
f 918/373/810 968/398/860 923/345/815
f 918/416/810 963/448/855 968/398/860
f 918/473/810 958/501/850 963/448/855
f 918/535/810 953/563/845 958/501/850
f 918/97/810 943/122/835 948/69/840
f 919/353/811 917/319/809 924/293/816
f 919/353/811 924/293/816 925/291/817
f 919/353/811 925/291/817 920/351/812
f 921/349/813 920/351/812 925/291/817
f 921/349/813 925/291/817 926/287/818
f 921/349/813 926/287/818 927/285/819
f 921/349/813 927/285/819 922/347/814
f 922/347/814 927/285/819 928/283/820
f 922/347/814 928/283/820 923/345/815
f 924/293/816 917/267/809 929/233/821
f 924/293/816 929/233/821 930/231/822
f 924/293/816 930/231/822 925/291/817
f 926/287/818 925/291/817 930/231/822
f 926/287/818 930/231/822 931/229/823
f 926/287/818 931/229/823 932/227/824
f 926/287/818 932/227/824 927/285/819
f 927/285/819 932/227/824 933/225/825
f 927/285/819 933/225/825 928/283/820
f 929/233/821 917/205/809 934/180/826
f 929/233/821 934/180/826 935/178/827
f 929/233/821 935/178/827 930/231/822
f 930/231/822 935/178/827 936/176/828
f 930/231/822 936/176/828 931/229/823
f 931/229/823 936/176/828 937/174/829
f 931/229/823 937/174/829 932/227/824
f 932/227/824 937/174/829 938/172/830
f 932/227/824 938/172/830 933/225/825
f 934/180/826 917/162/809 939/130/831
f 934/180/826 939/130/831 940/128/832
f 934/180/826 940/128/832 935/178/827
f 935/178/827 940/128/832 941/126/833
f 935/178/827 941/126/833 936/176/828
f 936/176/828 941/126/833 942/124/834
f 936/176/828 942/124/834 937/174/829
f 937/174/829 942/124/834 943/122/835
f 937/174/829 943/122/835 938/172/830
f 939/130/831 917/105/809 944/77/836
f 939/130/831 944/77/836 945/75/837
f 939/130/831 945/75/837 940/128/832
f 940/128/832 945/75/837 946/73/838
f 940/128/832 946/73/838 941/126/833
f 941/126/833 946/73/838 947/71/839
f 941/126/833 947/71/839 942/124/834
f 942/124/834 947/71/839 948/69/840
f 942/124/834 948/69/840 943/122/835
f 944/77/836 917/43/809 949/13/841
f 945/75/837 944/77/836 949/13/841
f 945/75/837 949/13/841 950/11/842
f 945/75/837 950/11/842 951/7/843
f 945/75/837 951/7/843 946/73/838
f 947/71/839 946/73/838 951/7/843
f 947/71/839 951/7/843 952/5/844
f 948/69/840 947/71/839 952/5/844
f 948/69/840 952/5/844 953/3/845
f 949/573/841 917/543/809 954/509/846
f 949/573/841 954/509/846 955/507/847
f 949/573/841 955/507/847 950/571/842
f 950/571/842 955/507/847 956/505/848
f 950/571/842 956/505/848 951/567/843
f 951/567/843 956/505/848 957/503/849
f 951/567/843 957/503/849 952/565/844
f 952/565/844 957/503/849 958/501/850
f 952/565/844 958/501/850 953/563/845
f 954/509/846 917/481/809 959/456/851
f 954/509/846 959/456/851 960/454/852
f 954/509/846 960/454/852 955/507/847
f 955/507/847 960/454/852 961/452/853
f 955/507/847 961/452/853 956/505/848
f 956/505/848 961/452/853 962/450/854
f 956/505/848 962/450/854 957/503/849
f 957/503/849 962/450/854 963/448/855
f 957/503/849 963/448/855 958/501/850
f 959/456/851 917/438/809 964/406/856
f 959/456/851 964/406/856 965/404/857
f 959/456/851 965/404/857 960/454/852
f 960/454/852 965/404/857 966/402/858
f 960/454/852 966/402/858 961/452/853
f 961/452/853 966/402/858 967/400/859
f 961/452/853 967/400/859 962/450/854
f 963/448/855 962/450/854 967/400/859
f 963/448/855 967/400/859 968/398/860
f 964/406/856 917/381/809 919/353/811
f 964/406/856 919/353/811 920/351/812
f 964/406/856 920/351/812 965/404/857
f 965/404/857 920/351/812 921/349/813
f 965/404/857 921/349/813 966/402/858
f 966/402/858 921/349/813 922/347/814
f 966/402/858 922/347/814 967/400/859
f 967/400/859 922/347/814 923/345/815
f 967/400/859 923/345/815 968/398/860
g rts_generator_node_3_Sphere.026
v 0.000000 1.145000 -0.550000
v 0.000000 0.955000 -0.550000
v -0.027920 1.132272 -0.511572
v -0.048359 1.097500 -0.483440
v -0.055840 1.050000 -0.473143
v -0.048359 1.002500 -0.483440
v -0.027920 0.967728 -0.511572
v -0.045175 1.132272 -0.535322
v -0.078246 1.097500 -0.524576
v -0.090350 1.050000 -0.520643
v -0.078246 1.002500 -0.524576
v -0.045175 0.967728 -0.535322
v -0.045175 1.132272 -0.564678
v -0.078246 1.097500 -0.575424
v -0.090350 1.050000 -0.579357
v -0.078246 1.002500 -0.575424
v -0.045175 0.967728 -0.564678
v -0.027920 1.132272 -0.588428
v -0.048359 1.097500 -0.616560
v -0.055840 1.050000 -0.626857
v -0.048359 1.002500 -0.616560
v -0.027920 0.967728 -0.588428
v -0.000000 1.132272 -0.597500
v -0.000000 1.097500 -0.632272
v -0.000000 1.050000 -0.645000
v -0.000000 1.002500 -0.632272
v -0.000000 0.967728 -0.597500
v 0.027920 1.132272 -0.588428
v 0.048359 1.097500 -0.616560
v 0.055840 1.050000 -0.626857
v 0.048359 1.002500 -0.616560
v 0.027920 0.967728 -0.588428
v 0.045175 1.132272 -0.564678
v 0.078246 1.097500 -0.575424
v 0.090350 1.050000 -0.579357
v 0.078246 1.002500 -0.575424
v 0.045175 0.967728 -0.564678
v 0.045175 1.132272 -0.535322
v 0.078246 1.097500 -0.524576
v 0.090350 1.050000 -0.520643
v 0.078246 1.002500 -0.524576
v 0.045175 0.967728 -0.535322
v 0.027920 1.132272 -0.511572
v 0.048359 1.097500 -0.483440
v 0.055840 1.050000 -0.473143
v 0.048359 1.002500 -0.483440
v 0.027920 0.967728 -0.511572
v 0.000000 1.132272 -0.502500
v 0.000000 1.097500 -0.467728
v 0.000000 1.050000 -0.455000
v 0.000000 1.002500 -0.467728
v 0.000000 0.967728 -0.502500
vn -0.0000 1.0000 -0.0000
vn -0.0000 -1.0000 -0.0000
vn -0.3155 0.8438 0.4342
vn -0.5159 0.4791 0.7101
vn -0.5878 -0.0000 0.8090
vn -0.5159 -0.4791 0.7101
vn -0.3155 -0.8438 0.4342
vn -0.5104 0.8438 0.1659
vn -0.8348 0.4791 0.2713
vn -0.9511 -0.0000 0.3090
vn -0.8348 -0.4791 0.2713
vn -0.5104 -0.8438 0.1659
vn -0.5104 0.8438 -0.1659
vn -0.8348 0.4791 -0.2712
vn -0.9511 -0.0000 -0.3090
vn -0.8348 -0.4791 -0.2712
vn -0.5104 -0.8438 -0.1659
vn -0.3155 0.8438 -0.4342
vn -0.5159 0.4791 -0.7101
vn -0.5878 -0.0000 -0.8090
vn -0.5159 -0.4791 -0.7101
vn -0.3155 -0.8438 -0.4342
vn -0.0000 0.8438 -0.5367
vn -0.0000 0.4791 -0.8778
vn -0.0000 -0.0000 -1.0000
vn -0.0000 -0.4791 -0.8778
vn -0.0000 -0.8438 -0.5367
vn 0.3155 0.8438 -0.4342
vn 0.5159 0.4791 -0.7101
vn 0.5878 -0.0000 -0.8090
vn 0.5159 -0.4791 -0.7101
vn 0.3155 -0.8438 -0.4342
vn 0.5104 0.8438 -0.1659
vn 0.8348 0.4791 -0.2712
vn 0.9511 -0.0000 -0.3090
vn 0.8348 -0.4791 -0.2712
vn 0.5104 -0.8438 -0.1659
vn 0.5104 0.8438 0.1659
vn 0.8348 0.4791 0.2713
vn 0.9511 -0.0000 0.3090
vn 0.8348 -0.4791 0.2712
vn 0.5104 -0.8438 0.1659
vn 0.3155 0.8438 0.4342
vn 0.5159 0.4791 0.7101
vn 0.5878 -0.0000 0.8090
vn 0.5159 -0.4791 0.7101
vn 0.3155 -0.8438 0.4342
vn -0.0000 0.8438 0.5367
vn -0.0000 0.4791 0.8778
vn -0.0000 -0.0000 1.0000
vn -0.0000 -0.4791 0.8778
vn -0.0000 -0.8438 0.5367
s 1
g rts_generator_node_3_M_cyan
usemtl M_cyan
f 1000/69/892 1004/5/896 1005/3/897
f 1000/69/892 999/71/891 1004/5/896
f 1001/573/893 1006/509/898 1007/507/899
f 1001/573/893 1007/507/899 1002/571/894
f 1001/573/893 969/543/861 1006/509/898
f 1002/571/894 1007/507/899 1008/505/900
f 1002/571/894 1008/505/900 1003/567/895
f 1003/567/895 1008/505/900 1009/503/901
f 1003/567/895 1009/503/901 1004/565/896
f 1004/565/896 1009/503/901 1010/501/902
f 1004/565/896 1010/501/902 1005/563/897
f 1006/509/898 1011/456/903 1012/454/904
f 1006/509/898 1012/454/904 1007/507/899
f 1006/509/898 969/481/861 1011/456/903
f 1007/507/899 1012/454/904 1013/452/905
f 1007/507/899 1013/452/905 1008/505/900
f 1008/505/900 1013/452/905 1014/450/906
f 1008/505/900 1014/450/906 1009/503/901
f 1009/503/901 1014/450/906 1015/448/907
f 1009/503/901 1015/448/907 1010/501/902
f 1011/456/903 1016/406/908 1017/404/909
f 1011/456/903 1017/404/909 1012/454/904
f 1011/456/903 969/438/861 1016/406/908
f 1012/454/904 1017/404/909 1018/402/910
f 1012/454/904 1018/402/910 1013/452/905
f 1013/452/905 1018/402/910 1019/400/911
f 1013/452/905 1019/400/911 1014/450/906
f 1015/448/907 1014/450/906 1019/400/911
f 1015/448/907 1019/400/911 1020/398/912
f 1016/406/908 969/381/861 971/353/863
f 1016/406/908 971/353/863 972/351/864
f 1016/406/908 972/351/864 1017/404/909
f 1017/404/909 972/351/864 973/349/865
f 1017/404/909 973/349/865 1018/402/910
f 1018/402/910 973/349/865 974/347/866
f 1018/402/910 974/347/866 1019/400/911
f 1019/400/911 974/347/866 975/345/867
f 1019/400/911 975/345/867 1020/398/912
f 970/140/862 990/172/882 995/122/887
f 970/197/862 985/225/877 990/172/882
f 970/259/862 980/283/872 985/225/877
f 970/311/862 975/345/867 980/283/872
f 970/35/862 1000/69/892 1005/3/897
f 970/373/862 1020/398/912 975/345/867
f 970/416/862 1015/448/907 1020/398/912
f 970/473/862 1010/501/902 1015/448/907
f 970/535/862 1005/563/897 1010/501/902
f 970/97/862 995/122/887 1000/69/892
f 971/353/863 969/319/861 976/293/868
f 971/353/863 976/293/868 977/291/869
f 971/353/863 977/291/869 972/351/864
f 973/349/865 972/351/864 977/291/869
f 973/349/865 977/291/869 978/287/870
f 973/349/865 978/287/870 979/285/871
f 973/349/865 979/285/871 974/347/866
f 974/347/866 979/285/871 980/283/872
f 974/347/866 980/283/872 975/345/867
f 976/293/868 969/267/861 981/233/873
f 976/293/868 981/233/873 982/231/874
f 976/293/868 982/231/874 977/291/869
f 978/287/870 977/291/869 982/231/874
f 978/287/870 982/231/874 983/229/875
f 978/287/870 983/229/875 984/227/876
f 978/287/870 984/227/876 979/285/871
f 979/285/871 984/227/876 985/225/877
f 979/285/871 985/225/877 980/283/872
f 981/233/873 969/205/861 986/180/878
f 981/233/873 986/180/878 987/178/879
f 981/233/873 987/178/879 982/231/874
f 982/231/874 987/178/879 988/176/880
f 982/231/874 988/176/880 983/229/875
f 983/229/875 988/176/880 989/174/881
f 983/229/875 989/174/881 984/227/876
f 984/227/876 989/174/881 990/172/882
f 984/227/876 990/172/882 985/225/877
f 986/180/878 969/162/861 991/130/883
f 986/180/878 991/130/883 992/128/884
f 986/180/878 992/128/884 987/178/879
f 987/178/879 992/128/884 993/126/885
f 987/178/879 993/126/885 988/176/880
f 988/176/880 993/126/885 994/124/886
f 988/176/880 994/124/886 989/174/881
f 989/174/881 994/124/886 995/122/887
f 989/174/881 995/122/887 990/172/882
f 991/130/883 969/105/861 996/77/888
f 991/130/883 996/77/888 997/75/889
f 991/130/883 997/75/889 992/128/884
f 992/128/884 997/75/889 998/73/890
f 992/128/884 998/73/890 993/126/885
f 993/126/885 998/73/890 999/71/891
f 993/126/885 999/71/891 994/124/886
f 994/124/886 1000/69/892 995/122/887
f 994/124/886 999/71/891 1000/69/892
f 996/77/888 969/43/861 1001/13/893
f 997/75/889 1001/13/893 1002/11/894
f 997/75/889 1002/11/894 1003/7/895
f 997/75/889 1003/7/895 998/73/890
f 997/75/889 996/77/888 1001/13/893
f 999/71/891 1003/7/895 1004/5/896
f 999/71/891 998/73/890 1003/7/895
