# Blender 4.0.2
# www.blender.org
mtllib start_gantry.mtl
o start_gantry
v 6.970000 0.000000 -0.570000
v 6.970000 0.030000 -0.600000
v 7.000000 0.030000 -0.570000
v 6.970000 0.370000 -0.600000
v 6.970000 0.400000 -0.570000
v 7.000000 0.370000 -0.570000
v 6.970000 0.000000 0.570000
v 7.000000 0.030000 0.570000
v 6.970000 0.030000 0.600000
v 6.970000 0.400000 0.570000
v 6.970000 0.370000 0.600000
v 7.000000 0.370000 0.570000
v 6.030000 0.000000 -0.570000
v 6.000000 0.030000 -0.570000
v 6.030000 0.030000 -0.600000
v 6.030000 0.400000 -0.570000
v 6.030000 0.370000 -0.600000
v 6.000000 0.370000 -0.570000
v 6.030000 0.000000 0.570000
v 6.030000 0.030000 0.600000
v 6.000000 0.030000 0.570000
v 6.030000 0.400000 0.570000
v 6.000000 0.370000 0.570000
v 6.030000 0.370000 0.600000
v 6.870000 0.400000 -0.370000
v 6.870000 0.430000 -0.400000
v 6.900000 0.430000 -0.370000
v 6.870000 1.020000 -0.400000
v 6.870000 1.050000 -0.370000
v 6.900000 1.020000 -0.370000
v 6.870000 0.400000 0.370000
v 6.900000 0.430000 0.370000
v 6.870000 0.430000 0.400000
v 6.870000 1.050000 0.370000
v 6.870000 1.020000 0.400000
v 6.900000 1.020000 0.370000
v 6.130000 0.400000 -0.370000
v 6.100000 0.430000 -0.370000
v 6.130000 0.430000 -0.400000
v 6.130000 1.050000 -0.370000
v 6.130000 1.020000 -0.400000
v 6.100000 1.020000 -0.370000
v 6.130000 0.400000 0.370000
v 6.130000 0.430000 0.400000
v 6.100000 0.430000 0.370000
v 6.130000 1.050000 0.370000
v 6.100000 1.020000 0.370000
v 6.130000 1.020000 0.400000
v 6.870000 1.050000 -0.370000
v 6.870000 1.080000 -0.400000
v 6.900000 1.080000 -0.370000
v 6.870000 1.670000 -0.400000
v 6.870000 1.700000 -0.370000
v 6.900000 1.670000 -0.370000
v 6.870000 1.050000 0.370000
v 6.900000 1.080000 0.370000
v 6.870000 1.080000 0.400000
v 6.870000 1.700000 0.370000
v 6.870000 1.670000 0.400000
v 6.900000 1.670000 0.370000
v 6.130000 1.050000 -0.370000
v 6.100000 1.080000 -0.370000
v 6.130000 1.080000 -0.400000
v 6.130000 1.700000 -0.370000
v 6.130000 1.670000 -0.400000
v 6.100000 1.670000 -0.370000
v 6.130000 1.050000 0.370000
v 6.130000 1.080000 0.400000
v 6.100000 1.080000 0.370000
v 6.130000 1.700000 0.370000
v 6.100000 1.670000 0.370000
v 6.130000 1.670000 0.400000
v 6.870000 1.700000 -0.370000
v 6.870000 1.730000 -0.400000
v 6.900000 1.730000 -0.370000
v 6.870000 2.320000 -0.400000
v 6.870000 2.350000 -0.370000
v 6.900000 2.320000 -0.370000
v 6.870000 1.700000 0.370000
v 6.900000 1.730000 0.370000
v 6.870000 1.730000 0.400000
v 6.870000 2.350000 0.370000
v 6.870000 2.320000 0.400000
v 6.900000 2.320000 0.370000
v 6.130000 1.700000 -0.370000
v 6.100000 1.730000 -0.370000
v 6.130000 1.730000 -0.400000
v 6.130000 2.350000 -0.370000
v 6.130000 2.320000 -0.400000
v 6.100000 2.320000 -0.370000
v 6.130000 1.700000 0.370000
v 6.130000 1.730000 0.400000
v 6.100000 1.730000 0.370000
v 6.130000 2.350000 0.370000
v 6.100000 2.320000 0.370000
v 6.130000 2.320000 0.400000
v 6.870000 2.350000 -0.370000
v 6.870000 2.380000 -0.400000
v 6.900000 2.380000 -0.370000
v 6.870000 2.970000 -0.400000
v 6.870000 3.000000 -0.370000
v 6.900000 2.970000 -0.370000
v 6.870000 2.350000 0.370000
v 6.900000 2.380000 0.370000
v 6.870000 2.380000 0.400000
v 6.870000 3.000000 0.370000
v 6.870000 2.970000 0.400000
v 6.900000 2.970000 0.370000
v 6.130000 2.350000 -0.370000
v 6.100000 2.380000 -0.370000
v 6.130000 2.380000 -0.400000
v 6.130000 3.000000 -0.370000
v 6.130000 2.970000 -0.400000
v 6.100000 2.970000 -0.370000
v 6.130000 2.350000 0.370000
v 6.130000 2.380000 0.400000
v 6.100000 2.380000 0.370000
v 6.130000 3.000000 0.370000
v 6.100000 2.970000 0.370000
v 6.130000 2.970000 0.400000
v 6.870000 3.000000 -0.370000
v 6.870000 3.030000 -0.400000
v 6.900000 3.030000 -0.370000
v 6.870000 3.620000 -0.400000
v 6.870000 3.650000 -0.370000
v 6.900000 3.620000 -0.370000
v 6.870000 3.000000 0.370000
v 6.900000 3.030000 0.370000
v 6.870000 3.030000 0.400000
v 6.870000 3.650000 0.370000
v 6.870000 3.620000 0.400000
v 6.900000 3.620000 0.370000
v 6.130000 3.000000 -0.370000
v 6.100000 3.030000 -0.370000
v 6.130000 3.030000 -0.400000
v 6.130000 3.650000 -0.370000
v 6.130000 3.620000 -0.400000
v 6.100000 3.620000 -0.370000
v 6.130000 3.000000 0.370000
v 6.130000 3.030000 0.400000
v 6.100000 3.030000 0.370000
v 6.130000 3.650000 0.370000
v 6.100000 3.620000 0.370000
v 6.130000 3.620000 0.400000
v 6.870000 3.650000 -0.370000
v 6.870000 3.680000 -0.400000
v 6.900000 3.680000 -0.370000
v 6.870000 4.270000 -0.400000
v 6.870000 4.300000 -0.370000
v 6.900000 4.270000 -0.370000
v 6.870000 3.650000 0.370000
v 6.900000 3.680000 0.370000
v 6.870000 3.680000 0.400000
v 6.870000 4.300000 0.370000
v 6.870000 4.270000 0.400000
v 6.900000 4.270000 0.370000
v 6.130000 3.650000 -0.370000
v 6.100000 3.680000 -0.370000
v 6.130000 3.680000 -0.400000
v 6.130000 4.300000 -0.370000
v 6.130000 4.270000 -0.400000
v 6.100000 4.270000 -0.370000
v 6.130000 3.650000 0.370000
v 6.130000 3.680000 0.400000
v 6.100000 3.680000 0.370000
v 6.130000 4.300000 0.370000
v 6.100000 4.270000 0.370000
v 6.130000 4.270000 0.400000
v 6.870000 4.300000 -0.370000
v 6.870000 4.330000 -0.400000
v 6.900000 4.330000 -0.370000
v 6.870000 4.920000 -0.400000
v 6.870000 4.950000 -0.370000
v 6.900000 4.920000 -0.370000
v 6.870000 4.300000 0.370000
v 6.900000 4.330000 0.370000
v 6.870000 4.330000 0.400000
v 6.870000 4.950000 0.370000
v 6.870000 4.920000 0.400000
v 6.900000 4.920000 0.370000
v 6.130000 4.300000 -0.370000
v 6.100000 4.330000 -0.370000
v 6.130000 4.330000 -0.400000
v 6.130000 4.950000 -0.370000
v 6.130000 4.920000 -0.400000
v 6.100000 4.920000 -0.370000
v 6.130000 4.300000 0.370000
v 6.130000 4.330000 0.400000
v 6.100000 4.330000 0.370000
v 6.130000 4.950000 0.370000
v 6.100000 4.920000 0.370000
v 6.130000 4.920000 0.400000
v 6.870000 4.950000 -0.370000
v 6.870000 4.980000 -0.400000
v 6.900000 4.980000 -0.370000
v 6.870000 5.570000 -0.400000
v 6.870000 5.600000 -0.370000
v 6.900000 5.570000 -0.370000
v 6.870000 4.950000 0.370000
v 6.900000 4.980000 0.370000
v 6.870000 4.980000 0.400000
v 6.870000 5.600000 0.370000
v 6.870000 5.570000 0.400000
v 6.900000 5.570000 0.370000
v 6.130000 4.950000 -0.370000
v 6.100000 4.980000 -0.370000
v 6.130000 4.980000 -0.400000
v 6.130000 5.600000 -0.370000
v 6.130000 5.570000 -0.400000
v 6.100000 5.570000 -0.370000
v 6.130000 4.950000 0.370000
v 6.130000 4.980000 0.400000
v 6.100000 4.980000 0.370000
v 6.130000 5.600000 0.370000
v 6.100000 5.570000 0.370000
v 6.130000 5.570000 0.400000
v -6.030000 0.000000 -0.570000
v -6.030000 0.030000 -0.600000
v -6.000000 0.030000 -0.570000
v -6.030000 0.370000 -0.600000
v -6.030000 0.400000 -0.570000
v -6.000000 0.370000 -0.570000
v -6.030000 0.000000 0.570000
v -6.000000 0.030000 0.570000
v -6.030000 0.030000 0.600000
v -6.030000 0.400000 0.570000
v -6.030000 0.370000 0.600000
v -6.000000 0.370000 0.570000
v -6.970000 0.000000 -0.570000
v -7.000000 0.030000 -0.570000
v -6.970000 0.030000 -0.600000
v -6.970000 0.400000 -0.570000
v -6.970000 0.370000 -0.600000
v -7.000000 0.370000 -0.570000
v -6.970000 0.000000 0.570000
v -6.970000 0.030000 0.600000
v -7.000000 0.030000 0.570000
v -6.970000 0.400000 0.570000
v -7.000000 0.370000 0.570000
v -6.970000 0.370000 0.600000
v -6.130000 0.400000 -0.370000
v -6.130000 0.430000 -0.400000
v -6.100000 0.430000 -0.370000
v -6.130000 1.020000 -0.400000
v -6.130000 1.050000 -0.370000
v -6.100000 1.020000 -0.370000
v -6.130000 0.400000 0.370000
v -6.100000 0.430000 0.370000
v -6.130000 0.430000 0.400000
v -6.130000 1.050000 0.370000
v -6.130000 1.020000 0.400000
v -6.100000 1.020000 0.370000
v -6.870000 0.400000 -0.370000
v -6.900000 0.430000 -0.370000
v -6.870000 0.430000 -0.400000
v -6.870000 1.050000 -0.370000
v -6.870000 1.020000 -0.400000
v -6.900000 1.020000 -0.370000
v -6.870000 0.400000 0.370000
v -6.870000 0.430000 0.400000
v -6.900000 0.430000 0.370000
v -6.870000 1.050000 0.370000
v -6.900000 1.020000 0.370000
v -6.870000 1.020000 0.400000
v -6.130000 1.050000 -0.370000
v -6.130000 1.080000 -0.400000
v -6.100000 1.080000 -0.370000
v -6.130000 1.670000 -0.400000
v -6.130000 1.700000 -0.370000
v -6.100000 1.670000 -0.370000
v -6.130000 1.050000 0.370000
v -6.100000 1.080000 0.370000
v -6.130000 1.080000 0.400000
v -6.130000 1.700000 0.370000
v -6.130000 1.670000 0.400000
v -6.100000 1.670000 0.370000
v -6.870000 1.050000 -0.370000
v -6.900000 1.080000 -0.370000
v -6.870000 1.080000 -0.400000
v -6.870000 1.700000 -0.370000
v -6.870000 1.670000 -0.400000
v -6.900000 1.670000 -0.370000
v -6.870000 1.050000 0.370000
v -6.870000 1.080000 0.400000
v -6.900000 1.080000 0.370000
v -6.870000 1.700000 0.370000
v -6.900000 1.670000 0.370000
v -6.870000 1.670000 0.400000
v -6.130000 1.700000 -0.370000
v -6.130000 1.730000 -0.400000
v -6.100000 1.730000 -0.370000
v -6.130000 2.320000 -0.400000
v -6.130000 2.350000 -0.370000
v -6.100000 2.320000 -0.370000
v -6.130000 1.700000 0.370000
v -6.100000 1.730000 0.370000
v -6.130000 1.730000 0.400000
v -6.130000 2.350000 0.370000
v -6.130000 2.320000 0.400000
v -6.100000 2.320000 0.370000
v -6.870000 1.700000 -0.370000
v -6.900000 1.730000 -0.370000
v -6.870000 1.730000 -0.400000
v -6.870000 2.350000 -0.370000
v -6.870000 2.320000 -0.400000
v -6.900000 2.320000 -0.370000
v -6.870000 1.700000 0.370000
v -6.870000 1.730000 0.400000
v -6.900000 1.730000 0.370000
v -6.870000 2.350000 0.370000
v -6.900000 2.320000 0.370000
v -6.870000 2.320000 0.400000
v -6.130000 2.350000 -0.370000
v -6.130000 2.380000 -0.400000
v -6.100000 2.380000 -0.370000
v -6.130000 2.970000 -0.400000
v -6.130000 3.000000 -0.370000
v -6.100000 2.970000 -0.370000
v -6.130000 2.350000 0.370000
v -6.100000 2.380000 0.370000
v -6.130000 2.380000 0.400000
v -6.130000 3.000000 0.370000
v -6.130000 2.970000 0.400000
v -6.100000 2.970000 0.370000
v -6.870000 2.350000 -0.370000
v -6.900000 2.380000 -0.370000
v -6.870000 2.380000 -0.400000
v -6.870000 3.000000 -0.370000
v -6.870000 2.970000 -0.400000
v -6.900000 2.970000 -0.370000
v -6.870000 2.350000 0.370000
v -6.870000 2.380000 0.400000
v -6.900000 2.380000 0.370000
v -6.870000 3.000000 0.370000
v -6.900000 2.970000 0.370000
v -6.870000 2.970000 0.400000
v -6.130000 3.000000 -0.370000
v -6.130000 3.030000 -0.400000
v -6.100000 3.030000 -0.370000
v -6.130000 3.620000 -0.400000
v -6.130000 3.650000 -0.370000
v -6.100000 3.620000 -0.370000
v -6.130000 3.000000 0.370000
v -6.100000 3.030000 0.370000
v -6.130000 3.030000 0.400000
v -6.130000 3.650000 0.370000
v -6.130000 3.620000 0.400000
v -6.100000 3.620000 0.370000
v -6.870000 3.000000 -0.370000
v -6.900000 3.030000 -0.370000
v -6.870000 3.030000 -0.400000
v -6.870000 3.650000 -0.370000
v -6.870000 3.620000 -0.400000
v -6.900000 3.620000 -0.370000
v -6.870000 3.000000 0.370000
v -6.870000 3.030000 0.400000
v -6.900000 3.030000 0.370000
v -6.870000 3.650000 0.370000
v -6.900000 3.620000 0.370000
v -6.870000 3.620000 0.400000
v -6.130000 3.650000 -0.370000
v -6.130000 3.680000 -0.400000
v -6.100000 3.680000 -0.370000
v -6.130000 4.270000 -0.400000
v -6.130000 4.300000 -0.370000
v -6.100000 4.270000 -0.370000
v -6.130000 3.650000 0.370000
v -6.100000 3.680000 0.370000
v -6.130000 3.680000 0.400000
v -6.130000 4.300000 0.370000
v -6.130000 4.270000 0.400000
v -6.100000 4.270000 0.370000
v -6.870000 3.650000 -0.370000
v -6.900000 3.680000 -0.370000
v -6.870000 3.680000 -0.400000
v -6.870000 4.300000 -0.370000
v -6.870000 4.270000 -0.400000
v -6.900000 4.270000 -0.370000
v -6.870000 3.650000 0.370000
v -6.870000 3.680000 0.400000
v -6.900000 3.680000 0.370000
v -6.870000 4.300000 0.370000
v -6.900000 4.270000 0.370000
v -6.870000 4.270000 0.400000
v -6.130000 4.300000 -0.370000
v -6.130000 4.330000 -0.400000
v -6.100000 4.330000 -0.370000
v -6.130000 4.920000 -0.400000
v -6.130000 4.950000 -0.370000
v -6.100000 4.920000 -0.370000
v -6.130000 4.300000 0.370000
v -6.100000 4.330000 0.370000
v -6.130000 4.330000 0.400000
v -6.130000 4.950000 0.370000
v -6.130000 4.920000 0.400000
v -6.100000 4.920000 0.370000
v -6.870000 4.300000 -0.370000
v -6.900000 4.330000 -0.370000
v -6.870000 4.330000 -0.400000
v -6.870000 4.950000 -0.370000
v -6.870000 4.920000 -0.400000
v -6.900000 4.920000 -0.370000
v -6.870000 4.300000 0.370000
v -6.870000 4.330000 0.400000
v -6.900000 4.330000 0.370000
v -6.870000 4.950000 0.370000
v -6.900000 4.920000 0.370000
v -6.870000 4.920000 0.400000
v -6.130000 4.950000 -0.370000
v -6.130000 4.980000 -0.400000
v -6.100000 4.980000 -0.370000
v -6.130000 5.570000 -0.400000
v -6.130000 5.600000 -0.370000
v -6.100000 5.570000 -0.370000
v -6.130000 4.950000 0.370000
v -6.100000 4.980000 0.370000
v -6.130000 4.980000 0.400000
v -6.130000 5.600000 0.370000
v -6.130000 5.570000 0.400000
v -6.100000 5.570000 0.370000
v -6.870000 4.950000 -0.370000
v -6.900000 4.980000 -0.370000
v -6.870000 4.980000 -0.400000
v -6.870000 5.600000 -0.370000
v -6.870000 5.570000 -0.400000
v -6.900000 5.570000 -0.370000
v -6.870000 4.950000 0.370000
v -6.870000 4.980000 0.400000
v -6.900000 4.980000 0.370000
v -6.870000 5.600000 0.370000
v -6.900000 5.570000 0.370000
v -6.870000 5.570000 0.400000
v 6.970000 5.600000 -0.320000
v 6.970000 5.630000 -0.350000
v 7.000000 5.630000 -0.320000
v 6.970000 5.770000 -0.350000
v 6.970000 5.800000 -0.320000
v 7.000000 5.770000 -0.320000
v 6.970000 5.600000 0.320000
v 7.000000 5.630000 0.320000
v 6.970000 5.630000 0.350000
v 6.970000 5.800000 0.320000
v 6.970000 5.770000 0.350000
v 7.000000 5.770000 0.320000
v -6.970000 5.600000 -0.320000
v -7.000000 5.630000 -0.320000
v -6.970000 5.630000 -0.350000
v -6.970000 5.800000 -0.320000
v -6.970000 5.770000 -0.350000
v -7.000000 5.770000 -0.320000
v -6.970000 5.600000 0.320000
v -6.970000 5.630000 0.350000
v -7.000000 5.630000 0.320000
v -6.970000 5.800000 0.320000
v -7.000000 5.770000 0.320000
v -6.970000 5.770000 0.350000
v 6.970000 6.800000 -0.320000
v 6.970000 6.830000 -0.350000
v 7.000000 6.830000 -0.320000
v 6.970000 6.970000 -0.350000
v 6.970000 7.000000 -0.320000
v 7.000000 6.970000 -0.320000
v 6.970000 6.800000 0.320000
v 7.000000 6.830000 0.320000
v 6.970000 6.830000 0.350000
v 6.970000 7.000000 0.320000
v 6.970000 6.970000 0.350000
v 7.000000 6.970000 0.320000
v -6.970000 6.800000 -0.320000
v -7.000000 6.830000 -0.320000
v -6.970000 6.830000 -0.350000
v -6.970000 7.000000 -0.320000
v -6.970000 6.970000 -0.350000
v -7.000000 6.970000 -0.320000
v -6.970000 6.800000 0.320000
v -6.970000 6.830000 0.350000
v -7.000000 6.830000 0.320000
v -6.970000 7.000000 0.320000
v -7.000000 6.970000 0.320000
v -6.970000 6.970000 0.350000
v 6.040000 5.800000 -0.040000
v 6.040000 5.820000 -0.060000
v 6.060000 5.820000 -0.040000
v 6.040000 6.780000 -0.060000
v 6.040000 6.800000 -0.040000
v 6.060000 6.780000 -0.040000
v 6.040000 5.800000 0.040000
v 6.060000 5.820000 0.040000
v 6.040000 5.820000 0.060000
v 6.040000 6.800000 0.040000
v 6.040000 6.780000 0.060000
v 6.060000 6.780000 0.040000
v 5.960000 5.800000 -0.040000
v 5.940000 5.820000 -0.040000
v 5.960000 5.820000 -0.060000
v 5.960000 6.800000 -0.040000
v 5.960000 6.780000 -0.060000
v 5.940000 6.780000 -0.040000
v 5.960000 5.800000 0.040000
v 5.960000 5.820000 0.060000
v 5.940000 5.820000 0.040000
v 5.960000 6.800000 0.040000
v 5.940000 6.780000 0.040000
v 5.960000 6.780000 0.060000
v 6.013416 5.826833 -0.030000
v 5.995528 5.835777 -0.050000
v 6.004472 5.853666 -0.030000
v 4.031305 6.817889 -0.050000
v 4.013416 6.826833 -0.030000
v 4.040249 6.835777 -0.030000
v 6.013416 5.826833 0.030000
v 6.004472 5.853666 0.030000
v 5.995528 5.835777 0.050000
v 4.013416 6.826833 0.030000
v 4.031305 6.817889 0.050000
v 4.040249 6.835777 0.030000
v 5.986584 5.773168 -0.030000
v 5.959751 5.764223 -0.030000
v 5.968695 5.782112 -0.050000
v 3.986583 6.773167 -0.030000
v 4.004472 6.764223 -0.050000
v 3.995528 6.746335 -0.030000
v 5.986584 5.773168 0.030000
v 5.968695 5.782112 0.050000
v 5.959751 5.764223 0.030000
v 3.986583 6.773167 0.030000
v 3.995528 6.746335 0.030000
v 4.004472 6.764223 0.050000
v 4.040000 5.800000 -0.040000
v 4.040000 5.820000 -0.060000
v 4.060000 5.820000 -0.040000
v 4.040000 6.780000 -0.060000
v 4.040000 6.800000 -0.040000
v 4.060000 6.780000 -0.040000
v 4.040000 5.800000 0.040000
v 4.060000 5.820000 0.040000
v 4.040000 5.820000 0.060000
v 4.040000 6.800000 0.040000
v 4.040000 6.780000 0.060000
v 4.060000 6.780000 0.040000
v 3.960000 5.800000 -0.040000
v 3.940000 5.820000 -0.040000
v 3.960000 5.820000 -0.060000
v 3.960000 6.800000 -0.040000
v 3.960000 6.780000 -0.060000
v 3.940000 6.780000 -0.040000
v 3.960000 5.800000 0.040000
v 3.960000 5.820000 0.060000
v 3.940000 5.820000 0.040000
v 3.960000 6.800000 0.040000
v 3.940000 6.780000 0.040000
v 3.960000 6.780000 0.060000
v 2.013416 5.773168 -0.030000
v 2.031305 5.782112 -0.050000
v 2.040249 5.764223 -0.030000
v 3.995528 6.764223 -0.050000
v 4.013416 6.773167 -0.030000
v 4.004472 6.746335 -0.030000
v 2.013416 5.773168 0.030000
v 2.040249 5.764223 0.030000
v 2.031305 5.782112 0.050000
v 4.013416 6.773167 0.030000
v 3.995528 6.764223 0.050000
v 4.004472 6.746335 0.030000
v 1.986583 5.826833 -0.030000
v 1.995528 5.853666 -0.030000
v 2.004472 5.835777 -0.050000
v 3.986584 6.826833 -0.030000
v 3.968695 6.817889 -0.050000
v 3.959751 6.835777 -0.030000
v 1.986583 5.826833 0.030000
v 2.004472 5.835777 0.050000
v 1.995528 5.853666 0.030000
v 3.986584 6.826833 0.030000
v 3.959751 6.835777 0.030000
v 3.968695 6.817889 0.050000
v 2.040000 5.800000 -0.040000
v 2.040000 5.820000 -0.060000
v 2.060000 5.820000 -0.040000
v 2.040000 6.780000 -0.060000
v 2.040000 6.800000 -0.040000
v 2.060000 6.780000 -0.040000
v 2.040000 5.800000 0.040000
v 2.060000 5.820000 0.040000
v 2.040000 5.820000 0.060000
v 2.040000 6.800000 0.040000
v 2.040000 6.780000 0.060000
v 2.060000 6.780000 0.040000
v 1.960000 5.800000 -0.040000
v 1.940000 5.820000 -0.040000
v 1.960000 5.820000 -0.060000
v 1.960000 6.800000 -0.040000
v 1.960000 6.780000 -0.060000
v 1.940000 6.780000 -0.040000
v 1.960000 5.800000 0.040000
v 1.960000 5.820000 0.060000
v 1.940000 5.820000 0.040000
v 1.960000 6.800000 0.040000
v 1.940000 6.780000 0.040000
v 1.960000 6.780000 0.060000
v 2.013417 5.826833 -0.030000
v 1.995528 5.835777 -0.050000
v 2.004472 5.853666 -0.030000
v 0.031305 6.817889 -0.050000
v 0.013416 6.826833 -0.030000
v 0.040249 6.835777 -0.030000
v 2.013417 5.826833 0.030000
v 2.004472 5.853666 0.030000
v 1.995528 5.835777 0.050000
v 0.013416 6.826833 0.030000
v 0.031305 6.817889 0.050000
v 0.040249 6.835777 0.030000
v 1.986584 5.773168 -0.030000
v 1.959751 5.764223 -0.030000
v 1.968695 5.782112 -0.050000
v -0.013417 6.773167 -0.030000
v 0.004472 6.764223 -0.050000
v -0.004472 6.746335 -0.030000
v 1.986584 5.773168 0.030000
v 1.968695 5.782112 0.050000
v 1.959751 5.764223 0.030000
v -0.013417 6.773167 0.030000
v -0.004472 6.746335 0.030000
v 0.004472 6.764223 0.050000
v 0.040000 5.800000 -0.040000
v 0.040000 5.820000 -0.060000
v 0.060000 5.820000 -0.040000
v 0.040000 6.780000 -0.060000
v 0.040000 6.800000 -0.040000
v 0.060000 6.780000 -0.040000
v 0.040000 5.800000 0.040000
v 0.060000 5.820000 0.040000
v 0.040000 5.820000 0.060000
v 0.040000 6.800000 0.040000
v 0.040000 6.780000 0.060000
v 0.060000 6.780000 0.040000
v -0.040000 5.800000 -0.040000
v -0.060000 5.820000 -0.040000
v -0.040000 5.820000 -0.060000
v -0.040000 6.800000 -0.040000
v -0.040000 6.780000 -0.060000
v -0.060000 6.780000 -0.040000
v -0.040000 5.800000 0.040000
v -0.040000 5.820000 0.060000
v -0.060000 5.820000 0.040000
v -0.040000 6.800000 0.040000
v -0.060000 6.780000 0.040000
v -0.040000 6.780000 0.060000
v -1.986584 5.773168 -0.030000
v -1.968695 5.782112 -0.050000
v -1.959751 5.764223 -0.030000
v -0.004472 6.764223 -0.050000
v 0.013417 6.773167 -0.030000
v 0.004472 6.746335 -0.030000
v -1.986584 5.773168 0.030000
v -1.959751 5.764223 0.030000
v -1.968695 5.782112 0.050000
v 0.013417 6.773167 0.030000
v -0.004472 6.764223 0.050000
v 0.004472 6.746335 0.030000
v -2.013417 5.826833 -0.030000
v -2.004472 5.853666 -0.030000
v -1.995528 5.835777 -0.050000
v -0.013416 6.826833 -0.030000
v -0.031305 6.817889 -0.050000
v -0.040249 6.835777 -0.030000
v -2.013417 5.826833 0.030000
v -1.995528 5.835777 0.050000
v -2.004472 5.853666 0.030000
v -0.013416 6.826833 0.030000
v -0.040249 6.835777 0.030000
v -0.031305 6.817889 0.050000
v -1.960000 5.800000 -0.040000
v -1.960000 5.820000 -0.060000
v -1.940000 5.820000 -0.040000
v -1.960000 6.780000 -0.060000
v -1.960000 6.800000 -0.040000
v -1.940000 6.780000 -0.040000
v -1.960000 5.800000 0.040000
v -1.940000 5.820000 0.040000
v -1.960000 5.820000 0.060000
v -1.960000 6.800000 0.040000
v -1.960000 6.780000 0.060000
v -1.940000 6.780000 0.040000
v -2.040000 5.800000 -0.040000
v -2.060000 5.820000 -0.040000
v -2.040000 5.820000 -0.060000
v -2.040000 6.800000 -0.040000
v -2.040000 6.780000 -0.060000
v -2.060000 6.780000 -0.040000
v -2.040000 5.800000 0.040000
v -2.040000 5.820000 0.060000
v -2.060000 5.820000 0.040000
v -2.040000 6.800000 0.040000
v -2.060000 6.780000 0.040000
v -2.040000 6.780000 0.060000
v -1.986583 5.826833 -0.030000
v -2.004472 5.835777 -0.050000
v -1.995528 5.853666 -0.030000
v -3.968695 6.817889 -0.050000
v -3.986584 6.826833 -0.030000
v -3.959751 6.835777 -0.030000
v -1.986583 5.826833 0.030000
v -1.995528 5.853666 0.030000
v -2.004472 5.835777 0.050000
v -3.986584 6.826833 0.030000
v -3.968695 6.817889 0.050000
v -3.959751 6.835777 0.030000
v -2.013416 5.773168 -0.030000
v -2.040249 5.764223 -0.030000
v -2.031305 5.782112 -0.050000
v -4.013416 6.773167 -0.030000
v -3.995528 6.764223 -0.050000
v -4.004472 6.746335 -0.030000
v -2.013416 5.773168 0.030000
v -2.031305 5.782112 0.050000
v -2.040249 5.764223 0.030000
v -4.013416 6.773167 0.030000
v -4.004472 6.746335 0.030000
v -3.995528 6.764223 0.050000
v -3.960000 5.800000 -0.040000
v -3.960000 5.820000 -0.060000
v -3.940000 5.820000 -0.040000
v -3.960000 6.780000 -0.060000
v -3.960000 6.800000 -0.040000
v -3.940000 6.780000 -0.040000
v -3.960000 5.800000 0.040000
v -3.940000 5.820000 0.040000
v -3.960000 5.820000 0.060000
v -3.960000 6.800000 0.040000
v -3.960000 6.780000 0.060000
v -3.940000 6.780000 0.040000
v -4.040000 5.800000 -0.040000
v -4.060000 5.820000 -0.040000
v -4.040000 5.820000 -0.060000
v -4.040000 6.800000 -0.040000
v -4.040000 6.780000 -0.060000
v -4.060000 6.780000 -0.040000
v -4.040000 5.800000 0.040000
v -4.040000 5.820000 0.060000
v -4.060000 5.820000 0.040000
v -4.040000 6.800000 0.040000
v -4.060000 6.780000 0.040000
v -4.040000 6.780000 0.060000
v -5.986584 5.773168 -0.030000
v -5.968695 5.782112 -0.050000
v -5.959751 5.764223 -0.030000
v -4.004472 6.764223 -0.050000
v -3.986583 6.773167 -0.030000
v -3.995528 6.746335 -0.030000
v -5.986584 5.773168 0.030000
v -5.959751 5.764223 0.030000
v -5.968695 5.782112 0.050000
v -3.986583 6.773167 0.030000
v -4.004472 6.764223 0.050000
v -3.995528 6.746335 0.030000
v -6.013416 5.826833 -0.030000
v -6.004472 5.853666 -0.030000
v -5.995528 5.835777 -0.050000
v -4.013416 6.826833 -0.030000
v -4.031305 6.817889 -0.050000
v -4.040249 6.835777 -0.030000
v -6.013416 5.826833 0.030000
v -5.995528 5.835777 0.050000
v -6.004472 5.853666 0.030000
v -4.013416 6.826833 0.030000
v -4.040249 6.835777 0.030000
v -4.031305 6.817889 0.050000
v -5.960000 5.800000 -0.040000
v -5.960000 5.820000 -0.060000
v -5.940000 5.820000 -0.040000
v -5.960000 6.780000 -0.060000
v -5.960000 6.800000 -0.040000
v -5.940000 6.780000 -0.040000
v -5.960000 5.800000 0.040000
v -5.940000 5.820000 0.040000
v -5.960000 5.820000 0.060000
v -5.960000 6.800000 0.040000
v -5.960000 6.780000 0.060000
v -5.940000 6.780000 0.040000
v -6.040000 5.800000 -0.040000
v -6.060000 5.820000 -0.040000
v -6.040000 5.820000 -0.060000
v -6.040000 6.800000 -0.040000
v -6.040000 6.780000 -0.060000
v -6.060000 6.780000 -0.040000
v -6.040000 5.800000 0.040000
v -6.040000 5.820000 0.060000
v -6.060000 5.820000 0.040000
v -6.040000 6.800000 0.040000
v -6.060000 6.780000 0.040000
v -6.040000 6.780000 0.060000
v 3.480000 5.850000 0.380000
v 3.480000 5.870000 0.360000
v 3.500000 5.870000 0.380000
v 3.480000 6.730000 0.360000
v 3.480000 6.750000 0.380000
v 3.500000 6.730000 0.380000
v 3.480000 5.850000 0.420000
v 3.500000 5.870000 0.420000
v 3.480000 5.870000 0.440000
v 3.480000 6.750000 0.420000
v 3.480000 6.730000 0.440000
v 3.500000 6.730000 0.420000
v -3.480000 5.850000 0.380000
v -3.500000 5.870000 0.380000
v -3.480000 5.870000 0.360000
v -3.480000 6.750000 0.380000
v -3.480000 6.730000 0.360000
v -3.500000 6.730000 0.380000
v -3.480000 5.850000 0.420000
v -3.480000 5.870000 0.440000
v -3.500000 5.870000 0.420000
v -3.480000 6.750000 0.420000
v -3.500000 6.730000 0.420000
v -3.480000 6.730000 0.440000
v 2.220000 4.700000 -0.145000
v 2.220000 4.730000 -0.175000
v 2.250000 4.730000 -0.145000
v 2.220000 5.570000 -0.175000
v 2.220000 5.600000 -0.145000
v 2.250000 5.570000 -0.145000
v 2.220000 4.700000 0.145000
v 2.250000 4.730000 0.145000
v 2.220000 4.730000 0.175000
v 2.220000 5.600000 0.145000
v 2.220000 5.570000 0.175000
v 2.250000 5.570000 0.145000
v 1.780000 4.700000 -0.145000
v 1.750000 4.730000 -0.145000
v 1.780000 4.730000 -0.175000
v 1.780000 5.600000 -0.145000
v 1.780000 5.570000 -0.175000
v 1.750000 5.570000 -0.145000
v 1.780000 4.700000 0.145000
v 1.780000 4.730000 0.175000
v 1.750000 4.730000 0.145000
v 1.780000 5.600000 0.145000
v 1.750000 5.570000 0.145000
v 1.780000 5.570000 0.175000
v 2.000000 5.220000 0.170000
v 2.000000 5.220000 0.230000
v 1.917710 5.246738 0.170000
v 1.917710 5.246738 0.230000
v 1.866852 5.316738 0.170000
v 1.866852 5.316738 0.230000
v 1.866852 5.403263 0.170000
v 1.866852 5.403263 0.230000
v 1.917710 5.473262 0.170000
v 1.917710 5.473262 0.230000
v 2.000000 5.500000 0.170000
v 2.000000 5.500000 0.230000
v 2.082290 5.473262 0.170000
v 2.082290 5.473262 0.230000
v 2.133148 5.403263 0.170000
v 2.133148 5.403263 0.230000
v 2.133148 5.316738 0.170000
v 2.133148 5.316738 0.230000
v 2.082290 5.246738 0.170000
v 2.082290 5.246738 0.230000
v 2.000000 4.800000 0.170000
v 2.000000 4.800000 0.230000
v 1.917710 4.826738 0.170000
v 1.917710 4.826738 0.230000
v 1.866852 4.896738 0.170000
v 1.866852 4.896738 0.230000
v 1.866852 4.983263 0.170000
v 1.866852 4.983263 0.230000
v 1.917710 5.053262 0.170000
v 1.917710 5.053262 0.230000
v 2.000000 5.080000 0.170000
v 2.000000 5.080000 0.230000
v 2.082290 5.053262 0.170000
v 2.082290 5.053262 0.230000
v 2.133148 4.983263 0.170000
v 2.133148 4.983263 0.230000
v 2.133148 4.896738 0.170000
v 2.133148 4.896738 0.230000
v 2.082290 4.826738 0.170000
v 2.082290 4.826738 0.230000
v 1.220000 4.700000 -0.145000
v 1.220000 4.730000 -0.175000
v 1.250000 4.730000 -0.145000
v 1.220000 5.570000 -0.175000
v 1.220000 5.600000 -0.145000
v 1.250000 5.570000 -0.145000
v 1.220000 4.700000 0.145000
v 1.250000 4.730000 0.145000
v 1.220000 4.730000 0.175000
v 1.220000 5.600000 0.145000
v 1.220000 5.570000 0.175000
v 1.250000 5.570000 0.145000
v 0.780000 4.700000 -0.145000
v 0.750000 4.730000 -0.145000
v 0.780000 4.730000 -0.175000
v 0.780000 5.600000 -0.145000
v 0.780000 5.570000 -0.175000
v 0.750000 5.570000 -0.145000
v 0.780000 4.700000 0.145000
v 0.780000 4.730000 0.175000
v 0.750000 4.730000 0.145000
v 0.780000 5.600000 0.145000
v 0.750000 5.570000 0.145000
v 0.780000 5.570000 0.175000
v 1.000000 5.220000 0.170000
v 1.000000 5.220000 0.230000
v 0.917710 5.246738 0.170000
v 0.917710 5.246738 0.230000
v 0.866852 5.316738 0.170000
v 0.866852 5.316738 0.230000
v 0.866852 5.403263 0.170000
v 0.866852 5.403263 0.230000
v 0.917710 5.473262 0.170000
v 0.917710 5.473262 0.230000
v 1.000000 5.500000 0.170000
v 1.000000 5.500000 0.230000
v 1.082290 5.473262 0.170000
v 1.082290 5.473262 0.230000
v 1.133148 5.403263 0.170000
v 1.133148 5.403263 0.230000
v 1.133148 5.316738 0.170000
v 1.133148 5.316738 0.230000
v 1.082290 5.246738 0.170000
v 1.082290 5.246738 0.230000
v 1.000000 4.800000 0.170000
v 1.000000 4.800000 0.230000
v 0.917710 4.826738 0.170000
v 0.917710 4.826738 0.230000
v 0.866852 4.896738 0.170000
v 0.866852 4.896738 0.230000
v 0.866852 4.983263 0.170000
v 0.866852 4.983263 0.230000
v 0.917710 5.053262 0.170000
v 0.917710 5.053262 0.230000
v 1.000000 5.080000 0.170000
v 1.000000 5.080000 0.230000
v 1.082290 5.053262 0.170000
v 1.082290 5.053262 0.230000
v 1.133148 4.983263 0.170000
v 1.133148 4.983263 0.230000
v 1.133148 4.896738 0.170000
v 1.133148 4.896738 0.230000
v 1.082290 4.826738 0.170000
v 1.082290 4.826738 0.230000
v 0.220000 4.700000 -0.145000
v 0.220000 4.730000 -0.175000
v 0.250000 4.730000 -0.145000
v 0.220000 5.570000 -0.175000
v 0.220000 5.600000 -0.145000
v 0.250000 5.570000 -0.145000
v 0.220000 4.700000 0.145000
v 0.250000 4.730000 0.145000
v 0.220000 4.730000 0.175000
v 0.220000 5.600000 0.145000
v 0.220000 5.570000 0.175000
v 0.250000 5.570000 0.145000
v -0.220000 4.700000 -0.145000
v -0.250000 4.730000 -0.145000
v -0.220000 4.730000 -0.175000
v -0.220000 5.600000 -0.145000
v -0.220000 5.570000 -0.175000
v -0.250000 5.570000 -0.145000
v -0.220000 4.700000 0.145000
v -0.220000 4.730000 0.175000
v -0.250000 4.730000 0.145000
v -0.220000 5.600000 0.145000
v -0.250000 5.570000 0.145000
v -0.220000 5.570000 0.175000
v 0.000000 5.220000 0.170000
v 0.000000 5.220000 0.230000
v -0.082290 5.246738 0.170000
v -0.082290 5.246738 0.230000
v -0.133148 5.316738 0.170000
v -0.133148 5.316738 0.230000
v -0.133148 5.403263 0.170000
v -0.133148 5.403263 0.230000
v -0.082290 5.473262 0.170000
v -0.082290 5.473262 0.230000
v 0.000000 5.500000 0.170000
v 0.000000 5.500000 0.230000
v 0.082290 5.473262 0.170000
v 0.082290 5.473262 0.230000
v 0.133148 5.403263 0.170000
v 0.133148 5.403263 0.230000
v 0.133148 5.316738 0.170000
v 0.133148 5.316738 0.230000
v 0.082290 5.246738 0.170000
v 0.082290 5.246738 0.230000
v 0.000000 4.800000 0.170000
v 0.000000 4.800000 0.230000
v -0.082290 4.826738 0.170000
v -0.082290 4.826738 0.230000
v -0.133148 4.896738 0.170000
v -0.133148 4.896738 0.230000
v -0.133148 4.983263 0.170000
v -0.133148 4.983263 0.230000
v -0.082290 5.053262 0.170000
v -0.082290 5.053262 0.230000
v 0.000000 5.080000 0.170000
v 0.000000 5.080000 0.230000
v 0.082290 5.053262 0.170000
v 0.082290 5.053262 0.230000
v 0.133148 4.983263 0.170000
v 0.133148 4.983263 0.230000
v 0.133148 4.896738 0.170000
v 0.133148 4.896738 0.230000
v 0.082290 4.826738 0.170000
v 0.082290 4.826738 0.230000
v -0.780000 4.700000 -0.145000
v -0.780000 4.730000 -0.175000
v -0.750000 4.730000 -0.145000
v -0.780000 5.570000 -0.175000
v -0.780000 5.600000 -0.145000
v -0.750000 5.570000 -0.145000
v -0.780000 4.700000 0.145000
v -0.750000 4.730000 0.145000
v -0.780000 4.730000 0.175000
v -0.780000 5.600000 0.145000
v -0.780000 5.570000 0.175000
v -0.750000 5.570000 0.145000
v -1.220000 4.700000 -0.145000
v -1.250000 4.730000 -0.145000
v -1.220000 4.730000 -0.175000
v -1.220000 5.600000 -0.145000
v -1.220000 5.570000 -0.175000
v -1.250000 5.570000 -0.145000
v -1.220000 4.700000 0.145000
v -1.220000 4.730000 0.175000
v -1.250000 4.730000 0.145000
v -1.220000 5.600000 0.145000
v -1.250000 5.570000 0.145000
v -1.220000 5.570000 0.175000
v -1.000000 5.220000 0.170000
v -1.000000 5.220000 0.230000
v -1.082290 5.246738 0.170000
v -1.082290 5.246738 0.230000
v -1.133148 5.316738 0.170000
v -1.133148 5.316738 0.230000
v -1.133148 5.403263 0.170000
v -1.133148 5.403263 0.230000
v -1.082290 5.473262 0.170000
v -1.082290 5.473262 0.230000
v -1.000000 5.500000 0.170000
v -1.000000 5.500000 0.230000
v -0.917710 5.473262 0.170000
v -0.917710 5.473262 0.230000
v -0.866852 5.403263 0.170000
v -0.866852 5.403263 0.230000
v -0.866852 5.316738 0.170000
v -0.866852 5.316738 0.230000
v -0.917710 5.246738 0.170000
v -0.917710 5.246738 0.230000
v -1.000000 4.800000 0.170000
v -1.000000 4.800000 0.230000
v -1.082290 4.826738 0.170000
v -1.082290 4.826738 0.230000
v -1.133148 4.896738 0.170000
v -1.133148 4.896738 0.230000
v -1.133148 4.983263 0.170000
v -1.133148 4.983263 0.230000
v -1.082290 5.053262 0.170000
v -1.082290 5.053262 0.230000
v -1.000000 5.080000 0.170000
v -1.000000 5.080000 0.230000
v -0.917710 5.053262 0.170000
v -0.917710 5.053262 0.230000
v -0.866852 4.983263 0.170000
v -0.866852 4.983263 0.230000
v -0.866852 4.896738 0.170000
v -0.866852 4.896738 0.230000
v -0.917710 4.826738 0.170000
v -0.917710 4.826738 0.230000
v -1.780000 4.700000 -0.145000
v -1.780000 4.730000 -0.175000
v -1.750000 4.730000 -0.145000
v -1.780000 5.570000 -0.175000
v -1.780000 5.600000 -0.145000
v -1.750000 5.570000 -0.145000
v -1.780000 4.700000 0.145000
v -1.750000 4.730000 0.145000
v -1.780000 4.730000 0.175000
v -1.780000 5.600000 0.145000
v -1.780000 5.570000 0.175000
v -1.750000 5.570000 0.145000
v -2.220000 4.700000 -0.145000
v -2.250000 4.730000 -0.145000
v -2.220000 4.730000 -0.175000
v -2.220000 5.600000 -0.145000
v -2.220000 5.570000 -0.175000
v -2.250000 5.570000 -0.145000
v -2.220000 4.700000 0.145000
v -2.220000 4.730000 0.175000
v -2.250000 4.730000 0.145000
v -2.220000 5.600000 0.145000
v -2.250000 5.570000 0.145000
v -2.220000 5.570000 0.175000
v -2.000000 5.220000 0.170000
v -2.000000 5.220000 0.230000
v -2.082290 5.246738 0.170000
v -2.082290 5.246738 0.230000
v -2.133148 5.316738 0.170000
v -2.133148 5.316738 0.230000
v -2.133148 5.403263 0.170000
v -2.133148 5.403263 0.230000
v -2.082290 5.473262 0.170000
v -2.082290 5.473262 0.230000
v -2.000000 5.500000 0.170000
v -2.000000 5.500000 0.230000
v -1.917710 5.473262 0.170000
v -1.917710 5.473262 0.230000
v -1.866852 5.403263 0.170000
v -1.866852 5.403263 0.230000
v -1.866852 5.316738 0.170000
v -1.866852 5.316738 0.230000
v -1.917710 5.246738 0.170000
v -1.917710 5.246738 0.230000
v -2.000000 4.800000 0.170000
v -2.000000 4.800000 0.230000
v -2.082290 4.826738 0.170000
v -2.082290 4.826738 0.230000
v -2.133148 4.896738 0.170000
v -2.133148 4.896738 0.230000
v -2.133148 4.983263 0.170000
v -2.133148 4.983263 0.230000
v -2.082290 5.053262 0.170000
v -2.082290 5.053262 0.230000
v -2.000000 5.080000 0.170000
v -2.000000 5.080000 0.230000
v -1.917710 5.053262 0.170000
v -1.917710 5.053262 0.230000
v -1.866852 4.983263 0.170000
v -1.866852 4.983263 0.230000
v -1.866852 4.896738 0.170000
v -1.866852 4.896738 0.230000
v -1.917710 4.826738 0.170000
v -1.917710 4.826738 0.230000
vn -0.0000 -0.0000 -1.0000
vn -1.0000 -0.0000 -0.0000
vn -0.0000 1.0000 -0.0000
vn 1.0000 -0.0000 -0.0000
vn -0.0000 -0.0000 1.0000
vn 0.5774 -0.5774 -0.5773
vn 0.5774 0.5774 -0.5773
vn 0.5774 -0.5774 0.5773
vn 0.5774 0.5774 0.5773
vn -0.5774 -0.5774 -0.5773
vn -0.5774 0.5774 -0.5773
vn -0.5774 -0.5774 0.5773
vn -0.5774 0.5774 0.5773
vn 0.7071 -0.7071 -0.0000
vn 0.7071 -0.0000 -0.7071
vn 0.7071 0.7071 -0.0000
vn 0.7071 -0.0000 0.7071
vn -0.0000 -0.7071 0.7071
vn -0.0000 0.7071 0.7071
vn -0.7071 -0.0000 0.7071
vn -0.7071 -0.7071 -0.0000
vn -0.7071 0.7071 -0.0000
vn -0.7071 -0.0000 -0.7071
vn -0.0000 -0.7071 -0.7071
vn -0.0000 0.7071 -0.7071
vn -0.0000 -1.0000 -0.0000
vn 0.5773 -0.5773 -0.5774
vn 0.5773 0.5773 -0.5774
vn 0.5773 -0.5773 0.5774
vn 0.5773 0.5773 0.5774
vn -0.5773 -0.5773 -0.5774
vn -0.5773 0.5773 -0.5774
vn -0.5773 -0.5773 0.5774
vn -0.5773 0.5773 0.5774
vn 0.5773 0.5774 -0.5773
vn 0.5773 0.5774 0.5773
vn -0.5773 0.5774 -0.5773
vn -0.5773 0.5774 0.5773
vn 0.5773 -0.5774 -0.5773
vn 0.5773 -0.5774 0.5773
vn -0.5773 -0.5774 -0.5773
vn -0.5773 -0.5774 0.5773
vn 0.5773 0.5774 -0.5774
vn 0.5773 0.5774 0.5774
vn -0.5773 0.5774 -0.5774
vn -0.5773 0.5774 0.5774
vn 0.5773 -0.5774 -0.5774
vn 0.5773 -0.5774 0.5774
vn -0.5773 -0.5774 -0.5774
vn -0.5773 -0.5774 0.5774
vn -0.4472 -0.8944 -0.0000
vn -0.8944 0.4472 -0.0000
vn 0.4472 0.8944 -0.0000
vn 0.7746 0.2582 -0.5774
vn -0.2582 0.7746 -0.5773
vn 0.7746 0.2582 0.5774
vn -0.2582 0.7746 0.5773
vn 0.2582 -0.7746 -0.5773
vn -0.7746 -0.2582 -0.5774
vn 0.2582 -0.7746 0.5773
vn -0.7746 -0.2582 0.5774
vn 0.9487 0.3162 -0.0000
vn 0.3162 0.6325 -0.7071
vn -0.3162 0.9487 -0.0000
vn 0.3162 0.6325 0.7071
vn 0.6325 -0.3162 0.7071
vn -0.6325 0.3162 0.7071
vn -0.3162 -0.6325 0.7071
vn 0.3162 -0.9487 -0.0000
vn -0.9487 -0.3162 -0.0000
vn -0.3162 -0.6325 -0.7071
vn 0.6325 -0.3162 -0.7071
vn -0.6325 0.3162 -0.7071
vn 0.8944 -0.4472 -0.0000
vn -0.4472 0.8944 -0.0000
vn 0.8944 0.4472 -0.0000
vn 0.4472 -0.8944 -0.0000
vn -0.2582 -0.7746 -0.5774
vn 0.7746 -0.2582 -0.5774
vn -0.2582 -0.7746 0.5774
vn 0.7746 -0.2582 0.5774
vn -0.7746 0.2582 -0.5773
vn 0.2582 0.7746 -0.5773
vn -0.7746 0.2582 0.5774
vn 0.2582 0.7746 0.5773
vn -0.3162 -0.9487 -0.0000
vn 0.3162 -0.6325 -0.7071
vn 0.9487 -0.3162 -0.0000
vn 0.3162 -0.6325 0.7071
vn -0.6325 -0.3162 0.7071
vn 0.6325 0.3162 0.7071
vn -0.3162 0.6325 0.7071
vn -0.9487 0.3162 -0.0000
vn 0.3162 0.9487 -0.0000
vn -0.3162 0.6325 -0.7071
vn -0.6325 -0.3162 -0.7071
vn 0.6325 0.3162 -0.7071
vn -0.8944 -0.4472 -0.0000
vn -0.2582 0.7746 -0.5774
vn -0.2582 0.7746 0.5774
vn -0.2582 -0.7746 -0.5773
vn -0.2582 -0.7746 0.5773
vn -0.7746 0.2582 -0.5774
vn 0.2582 0.7746 -0.5774
vn 0.2582 0.7746 0.5774
vn 0.7746 0.2582 0.5773
vn 0.2582 -0.7746 -0.5774
vn 0.2582 -0.7746 0.5774
vn 0.5774 -0.5773 -0.5774
vn 0.5774 0.5773 -0.5774
vn 0.5774 -0.5773 0.5774
vn 0.5774 0.5773 0.5774
vn -0.3090 -0.9511 -0.0000
vn -0.8090 -0.5878 -0.0000
vn -0.8090 0.5878 -0.0000
vn -0.3090 0.9511 -0.0000
vn 0.3090 0.9511 -0.0000
vn 0.8090 0.5878 -0.0000
vn 0.8090 -0.5878 -0.0000
vn 0.3090 -0.9511 -0.0000
vn -0.5774 -0.5773 -0.5774
vn -0.5774 0.5773 -0.5774
vn -0.5774 -0.5773 0.5774
vn -0.5774 0.5773 0.5774
vt 0.00000 0.00182
vt 0.00000 0.84628
vt 0.00000 0.86285
vt 0.00000 0.86466
vt 0.00000 0.90949
vt 0.00000 0.91131
vt 0.00000 0.92606
vt 0.00000 0.97089
vt 0.00000 0.98563
vt 0.00000 0.99062
vt 0.00000 0.99560
vt 0.00182 0.00000
vt 0.00182 0.00182
vt 0.00182 0.84628
vt 0.00182 0.84810
vt 0.00363 0.98563
vt 0.00363 0.99062
vt 0.00363 0.99560
vt 0.01837 0.98563
vt 0.01837 0.99062
vt 0.01837 0.99560
vt 0.02200 0.98563
vt 0.02200 0.99062
vt 0.02200 0.99560
vt 0.03571 0.86285
vt 0.03571 0.86466
vt 0.03571 0.90949
vt 0.03571 0.91131
vt 0.03571 0.92606
vt 0.03571 0.97089
vt 0.03674 0.98563
vt 0.03674 0.99062
vt 0.03674 0.99560
vt 0.04037 0.98563
vt 0.04037 0.99062
vt 0.04037 0.99560
vt 0.04056 0.00000
vt 0.04056 0.00182
vt 0.04056 0.84628
vt 0.04056 0.84810
vt 0.04237 0.00182
vt 0.04237 0.84628
vt 0.05045 0.86285
vt 0.05045 0.86466
vt 0.05045 0.90949
vt 0.05045 0.91131
vt 0.05045 0.92606
vt 0.05045 0.97089
vt 0.05511 0.98685
vt 0.05511 0.99169
vt 0.05632 0.98563
vt 0.05632 0.98685
vt 0.05632 0.99169
vt 0.05632 0.99290
vt 0.05711 0.00182
vt 0.05711 0.84628
vt 0.05893 0.00000
vt 0.05893 0.00182
vt 0.05893 0.84628
vt 0.05893 0.84810
vt 0.06116 0.98563
vt 0.06116 0.98685
vt 0.06116 0.99169
vt 0.06116 0.99290
vt 0.06237 0.98685
vt 0.06237 0.99169
vt 0.07711 0.98685
vt 0.07711 0.99169
vt 0.07832 0.98563
vt 0.07832 0.98685
vt 0.07832 0.99169
vt 0.07832 0.99290
vt 0.08316 0.98563
vt 0.08316 0.98685
vt 0.08316 0.99169
vt 0.08316 0.99290
vt 0.08437 0.98685
vt 0.08437 0.99169
vt 0.08617 0.86285
vt 0.08617 0.86466
vt 0.08617 0.90949
vt 0.08617 0.91131
vt 0.08617 0.92606
vt 0.08617 0.97089
vt 0.09767 0.00000
vt 0.09767 0.00182
vt 0.09767 0.84628
vt 0.09767 0.84810
vt 0.09948 0.00182
vt 0.09948 0.84628
vt 0.10090 0.86285
vt 0.10090 0.86466
vt 0.10090 0.90949
vt 0.10090 0.91131
vt 0.10090 0.92606
vt 0.10090 0.97089
vt 0.10090 0.98685
vt 0.10090 0.99169
vt 0.10211 0.98563
vt 0.10211 0.98685
vt 0.10211 0.99169
vt 0.10211 0.99290
vt 0.10696 0.98563
vt 0.10696 0.98685
vt 0.10696 0.99169
vt 0.10696 0.99290
vt 0.10817 0.98685
vt 0.10817 0.99169
vt 0.11422 0.00182
vt 0.11422 0.84628
vt 0.11604 0.00000
vt 0.11604 0.00182
vt 0.11604 0.84628
vt 0.11604 0.84810
vt 0.12291 0.98685
vt 0.12291 0.99169
vt 0.12412 0.98563
vt 0.12412 0.98685
vt 0.12412 0.99169
vt 0.12412 0.99290
vt 0.12896 0.98563
vt 0.12896 0.98685
vt 0.12896 0.99169
vt 0.12896 0.99290
vt 0.13017 0.98685
vt 0.13017 0.99169
vt 0.13662 0.86285
vt 0.13662 0.86466
vt 0.13662 0.90949
vt 0.13662 0.91131
vt 0.13662 0.92606
vt 0.13662 0.97089
vt 0.14491 0.98685
vt 0.14491 0.99169
vt 0.14612 0.98563
vt 0.14612 0.98685
vt 0.14612 0.99169
vt 0.14612 0.99290
vt 0.15096 0.98563
vt 0.15096 0.98685
vt 0.15096 0.99169
vt 0.15096 0.99290
vt 0.15135 0.86285
vt 0.15135 0.86466
vt 0.15135 0.90949
vt 0.15135 0.91131
vt 0.15135 0.92606
vt 0.15135 0.97089
vt 0.15217 0.98685
vt 0.15217 0.99169
vt 0.15478 0.00000
vt 0.15478 0.00182
vt 0.15478 0.84628
vt 0.15478 0.84810
vt 0.15659 0.00182
vt 0.15660 0.84628
vt 0.16691 0.98685
vt 0.16691 0.99169
vt 0.16812 0.98563
vt 0.16812 0.98685
vt 0.16812 0.99169
vt 0.16812 0.99290
vt 0.17133 0.00182
vt 0.17133 0.84628
vt 0.17296 0.98563
vt 0.17296 0.98685
vt 0.17296 0.99169
vt 0.17296 0.99290
vt 0.17315 0.00000
vt 0.17315 0.00182
vt 0.17315 0.84628
vt 0.17315 0.84810
vt 0.17417 0.98685
vt 0.17417 0.99169
vt 0.18707 0.86285
vt 0.18707 0.86466
vt 0.18707 0.90949
vt 0.18707 0.91131
vt 0.18707 0.92606
vt 0.18707 0.97089
vt 0.18891 0.98685
vt 0.18891 0.99169
vt 0.19012 0.98563
vt 0.19012 0.98685
vt 0.19012 0.99169
vt 0.19012 0.99290
vt 0.19496 0.98563
vt 0.19496 0.98685
vt 0.19496 0.99169
vt 0.19496 0.99290
vt 0.19617 0.98685
vt 0.19617 0.99169
vt 0.20181 0.86285
vt 0.20181 0.86466
vt 0.20181 0.90949
vt 0.20181 0.91131
vt 0.20181 0.92606
vt 0.20181 0.97089
vt 0.21091 0.98685
vt 0.21091 0.99169
vt 0.21189 0.00000
vt 0.21189 0.00182
vt 0.21189 0.84628
vt 0.21189 0.84810
vt 0.21212 0.98563
vt 0.21212 0.98685
vt 0.21212 0.99169
vt 0.21212 0.99290
vt 0.21371 0.00182
vt 0.21371 0.84628
vt 0.21696 0.98563
vt 0.21696 0.98685
vt 0.21696 0.99169
vt 0.21696 0.99290
vt 0.21817 0.98685
vt 0.21817 0.99169
vt 0.22844 0.00000
vt 0.22844 0.00182
vt 0.22844 0.84628
vt 0.22844 0.84810
vt 0.23291 0.98685
vt 0.23291 0.99169
vt 0.23412 0.98563
vt 0.23412 0.98685
vt 0.23412 0.99169
vt 0.23412 0.99290
vt 0.23692 0.00000
vt 0.23692 0.00182
vt 0.23692 0.84628
vt 0.23692 0.84810
vt 0.23752 0.86285
vt 0.23752 0.86466
vt 0.23752 0.90949
vt 0.23752 0.91131
vt 0.23752 0.92606
vt 0.23752 0.97089
vt 0.23896 0.98563
vt 0.23896 0.98685
vt 0.23896 0.99169
vt 0.23896 0.99290
vt 0.24017 0.98685
vt 0.24017 0.99169
vt 0.25165 0.00000
vt 0.25165 0.00182
vt 0.25165 0.84628
vt 0.25165 0.84810
vt 0.25226 0.86285
vt 0.25226 0.86466
vt 0.25226 0.90949
vt 0.25226 0.91131
vt 0.25226 0.92606
vt 0.25226 0.97089
vt 0.25491 0.98685
vt 0.25491 0.99169
vt 0.25612 0.98563
vt 0.25612 0.98685
vt 0.25612 0.99169
vt 0.25612 0.99290
vt 0.26013 0.00000
vt 0.26013 0.00182
vt 0.26013 0.84628
vt 0.26013 0.84810
vt 0.26096 0.98563
vt 0.26096 0.98685
vt 0.26096 0.99169
vt 0.26096 0.99290
vt 0.26217 0.98685
vt 0.26217 0.99169
vt 0.27487 0.00000
vt 0.27487 0.00182
vt 0.27487 0.84628
vt 0.27487 0.84810
vt 0.27691 0.98685
vt 0.27691 0.99169
vt 0.27812 0.98563
vt 0.27812 0.98685
vt 0.27812 0.99169
vt 0.27812 0.99290
vt 0.28297 0.98563
vt 0.28297 0.98685
vt 0.28297 0.99169
vt 0.28297 0.99290
vt 0.28334 0.00000
vt 0.28334 0.00182
vt 0.28334 0.84628
vt 0.28334 0.84810
vt 0.28418 0.98685
vt 0.28418 0.99169
vt 0.28797 0.86285
vt 0.28797 0.86466
vt 0.28797 0.90949
vt 0.28797 0.91131
vt 0.28797 0.92606
vt 0.28797 0.97089
vt 0.29808 0.00000
vt 0.29808 0.00182
vt 0.29808 0.84628
vt 0.29808 0.84810
vt 0.30271 0.86285
vt 0.30271 0.86709
vt 0.30271 0.87233
vt 0.30271 0.87657
vt 0.30271 0.89132
vt 0.30271 0.89556
vt 0.30271 0.90080
vt 0.30271 0.90504
vt 0.30271 0.91979
vt 0.30271 0.92477
vt 0.30271 0.92976
vt 0.30271 0.94451
vt 0.30271 0.94949
vt 0.30271 0.95448
vt 0.30271 0.96922
vt 0.30271 0.97421
vt 0.30271 0.97919
vt 0.30271 0.99515
vt 0.30271 0.99879
vt 0.30596 0.99515
vt 0.30596 0.99879
vt 0.30634 0.86285
vt 0.30634 0.86709
vt 0.30634 0.87233
vt 0.30634 0.87657
vt 0.30634 0.89132
vt 0.30634 0.89556
vt 0.30634 0.90080
vt 0.30634 0.90504
vt 0.30634 0.91979
vt 0.30634 0.92477
vt 0.30634 0.92976
vt 0.30634 0.94451
vt 0.30634 0.94949
vt 0.30634 0.95448
vt 0.30634 0.96922
vt 0.30634 0.97421
vt 0.30634 0.97919
vt 0.30650 0.99394
vt 0.30650 1.00000
vt 0.30655 0.00000
vt 0.30655 0.00182
vt 0.30655 0.84628
vt 0.30655 0.84810
vt 0.30758 0.99515
vt 0.30758 0.99879
vt 0.32129 0.00121
vt 0.32129 0.42284
vt 0.32129 0.43988
vt 0.32129 0.57598
vt 0.32129 0.63292
vt 0.32129 0.64949
vt 0.32129 0.68826
vt 0.32250 0.00000
vt 0.32250 0.00121
vt 0.32250 0.42284
vt 0.32250 0.42405
vt 0.32250 0.43880
vt 0.32250 0.44042
vt 0.32250 0.55941
vt 0.32310 0.57416
vt 0.32310 0.57598
vt 0.32310 0.63292
vt 0.32310 0.63474
vt 0.32492 0.00000
vt 0.32492 0.00121
vt 0.32492 0.42284
vt 0.32492 0.42405
vt 0.32613 0.00121
vt 0.32613 0.42284
vt 0.32613 0.43880
vt 0.32613 0.44042
vt 0.32613 0.55941
vt 0.32734 0.43988
vt 0.32976 0.64949
vt 0.32976 0.68826
vt 0.33260 0.72300
vt 0.33260 0.76782
vt 0.33260 0.78621
vt 0.33260 0.83103
vt 0.33260 0.84760
vt 0.33260 0.84942
vt 0.33260 0.89425
vt 0.33260 0.89606
vt 0.33260 0.91081
vt 0.33260 0.95564
vt 0.33260 0.97625
vt 0.33260 0.98149
vt 0.33442 0.72118
vt 0.33442 0.72300
vt 0.33442 0.76782
vt 0.33442 0.76964
vt 0.33442 0.78439
vt 0.33442 0.78621
vt 0.33442 0.83103
vt 0.33442 0.83285
vt 0.33568 0.97201
vt 0.33568 0.98573
vt 0.34066 0.97039
vt 0.34066 0.98735
vt 0.34087 0.00121
vt 0.34087 0.42284
vt 0.34208 0.00000
vt 0.34208 0.00121
vt 0.34208 0.42284
vt 0.34208 0.42405
vt 0.34208 0.43880
vt 0.34208 0.44304
vt 0.34208 0.44828
vt 0.34208 0.45252
vt 0.34208 0.46727
vt 0.34208 0.47151
vt 0.34208 0.47675
vt 0.34208 0.48099
vt 0.34208 0.49574
vt 0.34208 0.49998
vt 0.34208 0.50522
vt 0.34208 0.50946
vt 0.34208 0.52421
vt 0.34208 0.52845
vt 0.34208 0.53369
vt 0.34208 0.53793
vt 0.34369 0.57416
vt 0.34369 0.57598
vt 0.34369 0.63292
vt 0.34369 0.63474
vt 0.34450 0.00000
vt 0.34450 0.00121
vt 0.34450 0.42284
vt 0.34450 0.42405
vt 0.34550 0.57598
vt 0.34550 0.63292
vt 0.34564 0.97201
vt 0.34564 0.98573
vt 0.34571 0.00121
vt 0.34571 0.42284
vt 0.34571 0.43880
vt 0.34571 0.44304
vt 0.34571 0.44828
vt 0.34571 0.45252
vt 0.34571 0.46727
vt 0.34571 0.47151
vt 0.34571 0.47675
vt 0.34571 0.48099
vt 0.34571 0.49574
vt 0.34571 0.49998
vt 0.34571 0.50522
vt 0.34571 0.50946
vt 0.34571 0.52421
vt 0.34571 0.52845
vt 0.34571 0.53369
vt 0.34571 0.53793
vt 0.34872 0.97625
vt 0.34872 0.98149
vt 0.35440 0.65555
vt 0.35440 0.70643
vt 0.36045 0.00000
vt 0.36045 0.42163
vt 0.36045 0.55591
vt 0.36045 0.57174
vt 0.36045 0.64080
vt 0.36166 0.43637
vt 0.36166 0.55536
vt 0.36166 0.55699
vt 0.36346 0.97039
vt 0.36346 0.97537
vt 0.36346 0.98036
vt 0.36529 0.43637
vt 0.36529 0.55536
vt 0.36529 0.55699
vt 0.36650 0.55591
vt 0.36709 0.97039
vt 0.36709 0.97537
vt 0.36709 0.98036
vt 0.36832 0.84760
vt 0.36832 0.84942
vt 0.36832 0.89425
vt 0.36832 0.89606
vt 0.36832 0.91081
vt 0.36832 0.95564
vt 0.37013 0.84942
vt 0.37013 0.89425
vt 0.37921 0.72118
vt 0.37921 0.72300
vt 0.37921 0.76782
vt 0.37921 0.76964
vt 0.37921 0.78439
vt 0.37921 0.78621
vt 0.37921 0.83103
vt 0.37921 0.83285
vt 0.38103 0.57174
vt 0.38103 0.64080
vt 0.38103 0.65555
vt 0.38103 0.70643
vt 0.38103 0.72300
vt 0.38103 0.76782
vt 0.38103 0.78621
vt 0.38103 0.83103
vt 0.38124 0.55591
vt 0.38245 0.43637
vt 0.38245 0.55536
vt 0.38245 0.55699
vt 0.38305 0.91667
vt 0.38305 0.92191
vt 0.38305 0.94838
vt 0.38305 0.95362
vt 0.38305 0.98009
vt 0.38305 0.98533
vt 0.38608 0.43637
vt 0.38608 0.55536
vt 0.38608 0.55699
vt 0.38613 0.91243
vt 0.38613 0.92615
vt 0.38613 0.94414
vt 0.38613 0.95786
vt 0.38613 0.97585
vt 0.38613 0.98957
vt 0.38729 0.55591
vt 0.39111 0.91081
vt 0.39111 0.92777
vt 0.39111 0.94252
vt 0.39111 0.95948
vt 0.39111 0.97423
vt 0.39111 0.99119
vt 0.39577 0.57356
vt 0.39577 0.63050
vt 0.39577 0.64706
vt 0.39577 0.69916
vt 0.39577 0.71391
vt 0.39577 0.71815
vt 0.39577 0.72339
vt 0.39577 0.72763
vt 0.39577 0.74238
vt 0.39577 0.74662
vt 0.39577 0.75186
vt 0.39577 0.75610
vt 0.39577 0.77085
vt 0.39577 0.77509
vt 0.39577 0.78033
vt 0.39577 0.78457
vt 0.39577 0.79932
vt 0.39577 0.80356
vt 0.39577 0.80880
vt 0.39577 0.81304
vt 0.39577 0.82779
vt 0.39577 0.83203
vt 0.39577 0.83727
vt 0.39577 0.84151
vt 0.39577 0.85626
vt 0.39577 0.86050
vt 0.39577 0.86574
vt 0.39577 0.86999
vt 0.39577 0.88473
vt 0.39577 0.88972
vt 0.39577 0.89470
vt 0.39610 0.91243
vt 0.39610 0.92615
vt 0.39610 0.94414
vt 0.39610 0.95786
vt 0.39610 0.97585
vt 0.39610 0.98957
vt 0.39698 0.64706
vt 0.39698 0.69916
vt 0.39758 0.57174
vt 0.39758 0.57356
vt 0.39758 0.63050
vt 0.39758 0.63232
vt 0.39918 0.91667
vt 0.39918 0.92191
vt 0.39918 0.94838
vt 0.39918 0.95362
vt 0.39918 0.98009
vt 0.39918 0.98533
vt 0.39940 0.64706
vt 0.39940 0.69916
vt 0.39940 0.71391
vt 0.39940 0.71815
vt 0.39940 0.72339
vt 0.39940 0.72763
vt 0.39940 0.74238
vt 0.39940 0.74662
vt 0.39940 0.75186
vt 0.39940 0.75610
vt 0.39940 0.77085
vt 0.39940 0.77509
vt 0.39940 0.78033
vt 0.39940 0.78457
vt 0.39940 0.79932
vt 0.39940 0.80356
vt 0.39940 0.80880
vt 0.39940 0.81304
vt 0.39940 0.82779
vt 0.39940 0.83203
vt 0.39940 0.83727
vt 0.39940 0.84151
vt 0.39940 0.85626
vt 0.39940 0.86050
vt 0.39940 0.86574
vt 0.39940 0.86999
vt 0.39940 0.88473
vt 0.39940 0.88972
vt 0.39940 0.89470
vt 0.40061 0.64706
vt 0.40061 0.69916
vt 0.40203 0.43746
vt 0.40324 0.43637
vt 0.40324 0.43800
vt 0.40324 0.55699
vt 0.40687 0.43637
vt 0.40687 0.43800
vt 0.40687 0.55699
vt 0.40808 0.43746
vt 0.41251 0.00000
vt 0.41251 0.42163
vt 0.41535 0.64706
vt 0.41535 0.69795
vt 0.41535 0.71452
vt 0.41535 0.75934
vt 0.41535 0.77773
vt 0.41535 0.82255
vt 0.41535 0.84094
vt 0.41535 0.88577
vt 0.41535 0.90233
vt 0.41535 0.90415
vt 0.41535 0.94898
vt 0.41535 0.95079
vt 0.41535 0.97140
vt 0.41535 0.97664
vt 0.41716 0.71270
vt 0.41716 0.71452
vt 0.41716 0.75934
vt 0.41716 0.76116
vt 0.41716 0.77591
vt 0.41716 0.77773
vt 0.41716 0.82255
vt 0.41716 0.82437
vt 0.41716 0.83912
vt 0.41716 0.84094
vt 0.41716 0.88577
vt 0.41716 0.88758
vt 0.41817 0.57174
vt 0.41817 0.57356
vt 0.41817 0.63050
vt 0.41817 0.63232
vt 0.41843 0.96716
vt 0.41843 0.98088
vt 0.41998 0.57356
vt 0.41998 0.63050
vt 0.42282 0.55591
vt 0.42341 0.96554
vt 0.42341 0.98250
vt 0.42403 0.43637
vt 0.42403 0.55536
vt 0.42403 0.55699
vt 0.42724 0.00000
vt 0.42724 0.42163
vt 0.42766 0.43637
vt 0.42766 0.55536
vt 0.42766 0.55699
vt 0.42839 0.96716
vt 0.42839 0.98088
vt 0.42887 0.55591
vt 0.43147 0.97140
vt 0.43147 0.97664
vt 0.43472 0.57356
vt 0.43472 0.63050
vt 0.43653 0.57174
vt 0.43653 0.57356
vt 0.43653 0.63050
vt 0.43653 0.63232
vt 0.44198 0.64706
vt 0.44198 0.69795
vt 0.44361 0.43746
vt 0.44482 0.43637
vt 0.44482 0.43800
vt 0.44482 0.55699
vt 0.44620 0.97140
vt 0.44620 0.97664
vt 0.44845 0.43637
vt 0.44845 0.43800
vt 0.44845 0.55699
vt 0.44928 0.96716
vt 0.44928 0.98088
vt 0.44966 0.43746
vt 0.45106 0.90233
vt 0.45106 0.90415
vt 0.45106 0.94898
vt 0.45106 0.95079
vt 0.45288 0.83912
vt 0.45288 0.84094
vt 0.45288 0.88577
vt 0.45288 0.88758
vt 0.45426 0.96554
vt 0.45426 0.98250
vt 0.45469 0.84094
vt 0.45469 0.88577
vt 0.45711 0.57174
vt 0.45711 0.57356
vt 0.45711 0.63050
vt 0.45711 0.63232
vt 0.45893 0.57356
vt 0.45893 0.63050
vt 0.45925 0.96716
vt 0.45925 0.98088
vt 0.46196 0.71270
vt 0.46196 0.71452
vt 0.46196 0.75934
vt 0.46196 0.76116
vt 0.46196 0.77591
vt 0.46196 0.77773
vt 0.46196 0.82255
vt 0.46196 0.82437
vt 0.46232 0.97140
vt 0.46232 0.97664
vt 0.46377 0.71452
vt 0.46377 0.75934
vt 0.46377 0.77773
vt 0.46377 0.82255
vt 0.46440 0.55591
vt 0.46561 0.43637
vt 0.46561 0.55536
vt 0.46561 0.55699
vt 0.46924 0.43637
vt 0.46924 0.55536
vt 0.46924 0.55699
vt 0.46943 0.83912
vt 0.46943 0.84336
vt 0.46943 0.84860
vt 0.46943 0.85284
vt 0.46943 0.86759
vt 0.46943 0.87183
vt 0.46943 0.87707
vt 0.46943 0.88131
vt 0.46943 0.89606
vt 0.46943 0.90105
vt 0.46943 0.90603
vt 0.46943 0.92078
vt 0.46943 0.92576
vt 0.46943 0.93075
vt 0.47045 0.55591
vt 0.47306 0.83912
vt 0.47306 0.84336
vt 0.47306 0.84860
vt 0.47306 0.85284
vt 0.47306 0.86759
vt 0.47306 0.87183
vt 0.47306 0.87707
vt 0.47306 0.88131
vt 0.47306 0.89606
vt 0.47306 0.90105
vt 0.47306 0.90603
vt 0.47306 0.92078
vt 0.47306 0.92576
vt 0.47306 0.93075
vt 0.47367 0.57174
vt 0.47367 0.62989
vt 0.47367 0.64464
vt 0.47367 0.69674
vt 0.47488 0.64464
vt 0.47488 0.69674
vt 0.47730 0.64464
vt 0.47730 0.69674
vt 0.47851 0.57174
vt 0.47851 0.62989
vt 0.47851 0.64464
vt 0.47851 0.69674
vt 0.47930 0.00000
vt 0.47930 0.42163
vt 0.49404 0.00121
vt 0.49404 0.13425
vt 0.49404 0.15142
vt 0.49404 0.28445
vt 0.49404 0.30162
vt 0.49404 0.43466
vt 0.49404 0.45170
vt 0.49404 0.58598
vt 0.49404 0.64414
vt 0.49404 0.65888
vt 0.49404 0.70977
vt 0.49404 0.72633
vt 0.49404 0.77116
vt 0.49404 0.78955
vt 0.49404 0.83437
vt 0.49404 0.85094
vt 0.49404 0.85276
vt 0.49404 0.89758
vt 0.49404 0.89940
vt 0.49404 0.91415
vt 0.49404 0.95898
vt 0.49404 0.97959
vt 0.49404 0.98483
vt 0.49525 0.00000
vt 0.49525 0.00121
vt 0.49525 0.13425
vt 0.49525 0.13546
vt 0.49525 0.15021
vt 0.49525 0.15142
vt 0.49525 0.28445
vt 0.49525 0.28566
vt 0.49525 0.30041
vt 0.49525 0.30162
vt 0.49525 0.43466
vt 0.49525 0.43587
vt 0.49525 0.45062
vt 0.49525 0.45224
vt 0.49525 0.57123
vt 0.49525 0.58598
vt 0.49525 0.64414
vt 0.49586 0.72452
vt 0.49586 0.72633
vt 0.49586 0.77116
vt 0.49586 0.77298
vt 0.49586 0.78773
vt 0.49586 0.78955
vt 0.49586 0.83437
vt 0.49586 0.83619
vt 0.49712 0.97535
vt 0.49712 0.98907
vt 0.49888 0.00000
vt 0.49888 0.00121
vt 0.49888 0.13425
vt 0.49888 0.13546
vt 0.49888 0.15021
vt 0.49888 0.15142
vt 0.49888 0.28445
vt 0.49888 0.28566
vt 0.49888 0.30041
vt 0.49888 0.30162
vt 0.49888 0.43466
vt 0.49888 0.43587
vt 0.49888 0.45062
vt 0.49888 0.45224
vt 0.49888 0.57123
vt 0.50009 0.00121
vt 0.50009 0.13425
vt 0.50009 0.15142
vt 0.50009 0.28445
vt 0.50009 0.30162
vt 0.50009 0.43466
vt 0.50009 0.45170
vt 0.50009 0.58598
vt 0.50009 0.64414
vt 0.50130 0.58598
vt 0.50130 0.64414
vt 0.50210 0.97373
vt 0.50210 0.99069
vt 0.50708 0.97535
vt 0.50708 0.98907
vt 0.51016 0.97959
vt 0.51016 0.98483
vt 0.51483 0.00121
vt 0.51483 0.13425
vt 0.51483 0.15142
vt 0.51483 0.28445
vt 0.51483 0.30162
vt 0.51483 0.43466
vt 0.51483 0.45170
vt 0.51604 0.00000
vt 0.51604 0.00121
vt 0.51604 0.13425
vt 0.51604 0.13546
vt 0.51604 0.15021
vt 0.51604 0.15142
vt 0.51604 0.28445
vt 0.51604 0.28566
vt 0.51604 0.30041
vt 0.51604 0.30162
vt 0.51604 0.43466
vt 0.51604 0.43587
vt 0.51604 0.45062
vt 0.51604 0.45224
vt 0.51604 0.57123
vt 0.51604 0.58598
vt 0.51604 0.64414
vt 0.51725 0.58598
vt 0.51725 0.64414
vt 0.51967 0.00000
vt 0.51967 0.00121
vt 0.51967 0.13425
vt 0.51967 0.13546
vt 0.51967 0.15021
vt 0.51967 0.15142
vt 0.51967 0.28445
vt 0.51967 0.28566
vt 0.51967 0.30041
vt 0.51967 0.30162
vt 0.51967 0.43466
vt 0.51967 0.43587
vt 0.51967 0.45062
vt 0.51967 0.45224
vt 0.51967 0.57123
vt 0.52067 0.65888
vt 0.52067 0.70977
vt 0.52088 0.00121
vt 0.52088 0.13425
vt 0.52088 0.15142
vt 0.52088 0.28445
vt 0.52088 0.30162
vt 0.52088 0.43466
vt 0.52088 0.45170
vt 0.52209 0.58598
vt 0.52209 0.64414
vt 0.52331 0.58598
vt 0.52331 0.64414
vt 0.52490 0.97373
vt 0.52490 0.97871
vt 0.52490 0.98370
vt 0.52853 0.97373
vt 0.52853 0.97871
vt 0.52853 0.98370
vt 0.52975 0.85094
vt 0.52975 0.85276
vt 0.52975 0.89758
vt 0.52975 0.89940
vt 0.52975 0.91415
vt 0.52975 0.95898
vt 0.53157 0.85276
vt 0.53157 0.89758
vt 0.53541 0.65888
vt 0.53541 0.70977
vt 0.53562 0.00121
vt 0.53562 0.13425
vt 0.53562 0.15142
vt 0.53562 0.28445
vt 0.53562 0.30162
vt 0.53562 0.43466
vt 0.53562 0.57015
vt 0.53683 0.00000
vt 0.53683 0.00121
vt 0.53683 0.13425
vt 0.53683 0.13546
vt 0.53683 0.15021
vt 0.53683 0.15142
vt 0.53683 0.28445
vt 0.53683 0.28566
vt 0.53683 0.30041
vt 0.53683 0.30162
vt 0.53683 0.43466
vt 0.53683 0.43587
vt 0.53683 0.45062
vt 0.53683 0.56961
vt 0.53683 0.57123
vt 0.53804 0.58598
vt 0.53804 0.64414
vt 0.53925 0.58598
vt 0.53925 0.64414
vt 0.54046 0.00000
vt 0.54046 0.00121
vt 0.54046 0.13425
vt 0.54046 0.13546
vt 0.54046 0.15021
vt 0.54046 0.15142
vt 0.54046 0.28445
vt 0.54046 0.28566
vt 0.54046 0.30041
vt 0.54046 0.30162
vt 0.54046 0.43466
vt 0.54046 0.43587
vt 0.54046 0.45062
vt 0.54046 0.56961
vt 0.54046 0.57123
vt 0.54065 0.72452
vt 0.54065 0.72633
vt 0.54065 0.77116
vt 0.54065 0.77298
vt 0.54065 0.78773
vt 0.54065 0.78955
vt 0.54065 0.83437
vt 0.54065 0.83619
vt 0.54167 0.00121
vt 0.54167 0.13425
vt 0.54167 0.30162
vt 0.54167 0.43466
vt 0.54167 0.57015
vt 0.54168 0.15142
vt 0.54168 0.28445
vt 0.54247 0.72633
vt 0.54247 0.77116
vt 0.54247 0.78955
vt 0.54247 0.83437
vt 0.54410 0.58598
vt 0.54410 0.64414
vt 0.54531 0.58598
vt 0.54531 0.64414
vt 0.54631 0.85680
vt 0.54631 0.86204
vt 0.54631 0.88851
vt 0.54631 0.89375
vt 0.54631 0.92022
vt 0.54631 0.92546
vt 0.54631 0.95193
vt 0.54631 0.95717
vt 0.54631 0.97778
vt 0.54631 0.98276
vt 0.54631 0.98775
vt 0.54939 0.85256
vt 0.54939 0.86628
vt 0.54939 0.88427
vt 0.54939 0.89799
vt 0.54939 0.91598
vt 0.54939 0.92970
vt 0.54939 0.94769
vt 0.54939 0.96141
vt 0.54994 0.97778
vt 0.54994 0.98276
vt 0.54994 0.98775
vt 0.55437 0.85094
vt 0.55437 0.86790
vt 0.55437 0.88265
vt 0.55437 0.89961
vt 0.55437 0.91436
vt 0.55437 0.93132
vt 0.55437 0.94607
vt 0.55437 0.96303
vt 0.55641 0.00121
vt 0.55641 0.13425
vt 0.55641 0.15142
vt 0.55641 0.28445
vt 0.55641 0.30162
vt 0.55641 0.43466
vt 0.55641 0.45170
vt 0.55720 0.72452
vt 0.55720 0.72876
vt 0.55720 0.73400
vt 0.55720 0.73824
vt 0.55720 0.75299
vt 0.55720 0.75723
vt 0.55720 0.76247
vt 0.55720 0.76671
vt 0.55720 0.78146
vt 0.55720 0.78570
vt 0.55720 0.79094
vt 0.55720 0.79518
vt 0.55720 0.80993
vt 0.55720 0.81417
vt 0.55720 0.81941
vt 0.55720 0.82365
vt 0.55762 0.00000
vt 0.55762 0.00121
vt 0.55762 0.13425
vt 0.55762 0.13546
vt 0.55762 0.15021
vt 0.55762 0.15142
vt 0.55762 0.28445
vt 0.55762 0.28566
vt 0.55762 0.30041
vt 0.55762 0.30162
vt 0.55762 0.43466
vt 0.55762 0.43587
vt 0.55762 0.45062
vt 0.55762 0.45224
vt 0.55762 0.57123
vt 0.55935 0.85256
vt 0.55935 0.86628
vt 0.55935 0.88427
vt 0.55935 0.89799
vt 0.55935 0.91598
vt 0.55935 0.92970
vt 0.55935 0.94769
vt 0.55935 0.96141
vt 0.56084 0.72452
vt 0.56084 0.72876
vt 0.56084 0.73400
vt 0.56084 0.73824
vt 0.56084 0.75299
vt 0.56084 0.75723
vt 0.56084 0.76247
vt 0.56084 0.76671
vt 0.56084 0.78146
vt 0.56084 0.78570
vt 0.56084 0.79094
vt 0.56084 0.79518
vt 0.56084 0.80993
vt 0.56084 0.81417
vt 0.56084 0.81941
vt 0.56084 0.82365
vt 0.56125 0.00000
vt 0.56125 0.00121
vt 0.56125 0.13425
vt 0.56125 0.13546
vt 0.56125 0.15021
vt 0.56125 0.15142
vt 0.56125 0.28445
vt 0.56125 0.28566
vt 0.56125 0.30041
vt 0.56125 0.30162
vt 0.56125 0.43466
vt 0.56125 0.43587
vt 0.56125 0.45062
vt 0.56125 0.45224
vt 0.56125 0.57123
vt 0.56205 0.65888
vt 0.56205 0.70977
vt 0.56243 0.85680
vt 0.56243 0.86204
vt 0.56243 0.88851
vt 0.56243 0.89375
vt 0.56243 0.92022
vt 0.56243 0.92546
vt 0.56243 0.95193
vt 0.56243 0.95717
vt 0.56246 0.00121
vt 0.56246 0.13425
vt 0.56246 0.15142
vt 0.56246 0.28445
vt 0.56246 0.30162
vt 0.56246 0.43466
vt 0.56246 0.45170
vt 0.57720 0.11953
vt 0.57720 0.13536
vt 0.57720 0.20442
vt 0.57720 0.22099
vt 0.57720 0.27793
vt 0.57720 0.30041
vt 0.57720 0.36947
vt 0.57720 0.38422
vt 0.57720 0.45328
vt 0.57720 0.46803
vt 0.57720 0.53709
vt 0.57720 0.55183
vt 0.57720 0.62089
vt 0.57720 0.63564
vt 0.57720 0.69380
vt 0.57720 0.71036
vt 0.57720 0.75519
vt 0.57720 0.77357
vt 0.57720 0.81840
vt 0.57720 0.83678
vt 0.57720 0.88161
vt 0.57720 0.89818
vt 0.57720 0.89999
vt 0.57720 0.94482
vt 0.57720 0.94664
vt 0.57720 0.96320
vt 0.57720 0.98986
vt 0.57841 0.00000
vt 0.57841 0.11899
vt 0.57841 0.12061
vt 0.57902 0.13536
vt 0.57902 0.20442
vt 0.57902 0.21917
vt 0.57902 0.22099
vt 0.57902 0.27793
vt 0.57902 0.27975
vt 0.57902 0.30041
vt 0.57902 0.36947
vt 0.57902 0.38422
vt 0.57902 0.45328
vt 0.57902 0.46803
vt 0.57902 0.53709
vt 0.57902 0.70854
vt 0.57902 0.71036
vt 0.57902 0.75519
vt 0.57902 0.75701
vt 0.57902 0.77176
vt 0.57902 0.77357
vt 0.57902 0.81840
vt 0.57902 0.82022
vt 0.57902 0.83497
vt 0.57902 0.83678
vt 0.57902 0.88161
vt 0.57902 0.88343
vt 0.57902 0.96139
vt 0.57902 0.96320
vt 0.57902 0.98986
vt 0.57902 0.99168
vt 0.58205 0.00000
vt 0.58205 0.11899
vt 0.58205 0.12061
vt 0.58205 0.63564
vt 0.58205 0.69380
vt 0.58325 0.11953
vt 0.59657 0.96139
vt 0.59657 0.96320
vt 0.59657 0.98986
vt 0.59657 0.99168
vt 0.59678 0.63564
vt 0.59678 0.69380
vt 0.59778 0.55183
vt 0.59778 0.62089
vt 0.59799 0.00000
vt 0.59799 0.06906
vt 0.59799 0.08967
vt 0.59799 0.09491
vt 0.59839 0.96320
vt 0.59839 0.98986
vt 0.59960 0.21917
vt 0.59960 0.22099
vt 0.59960 0.27793
vt 0.59960 0.27975
vt 0.60107 0.08543
vt 0.60107 0.09915
vt 0.60142 0.22099
vt 0.60142 0.27793
vt 0.60162 0.63564
vt 0.60162 0.69380
vt 0.60605 0.08381
vt 0.60605 0.10077
vt 0.61103 0.08543
vt 0.61103 0.09915
vt 0.61252 0.55183
vt 0.61252 0.62089
vt 0.61292 0.89818
vt 0.61292 0.89999
vt 0.61292 0.94482
vt 0.61292 0.94664
vt 0.61313 0.96725
vt 0.61313 0.97249
vt 0.61313 0.99431
vt 0.61313 0.99794
vt 0.61411 0.08967
vt 0.61411 0.09491
vt 0.61421 0.99310
vt 0.61421 0.99916
vt 0.61473 0.83497
vt 0.61473 0.83678
vt 0.61473 0.88161
vt 0.61473 0.88343
vt 0.61475 0.99431
vt 0.61475 0.99794
vt 0.61615 0.21917
vt 0.61615 0.27733
vt 0.61620 0.96301
vt 0.61620 0.97673
vt 0.61636 0.63564
vt 0.61636 0.69380
vt 0.61655 0.83678
vt 0.61655 0.88161
vt 0.61736 0.21917
vt 0.61736 0.27733
vt 0.61800 0.99431
vt 0.61800 0.99794
vt 0.61857 0.00000
vt 0.61857 0.06906
vt 0.62119 0.96139
vt 0.62119 0.97835
vt 0.62120 0.63564
vt 0.62120 0.69380
vt 0.62221 0.21917
vt 0.62221 0.27733
vt 0.62342 0.21917
vt 0.62342 0.27733
vt 0.62381 0.70854
vt 0.62381 0.71036
vt 0.62381 0.75519
vt 0.62381 0.75701
vt 0.62381 0.77176
vt 0.62381 0.77357
vt 0.62381 0.81840
vt 0.62381 0.82022
vt 0.62563 0.71036
vt 0.62563 0.75519
vt 0.62563 0.77357
vt 0.62563 0.81840
vt 0.62617 0.96301
vt 0.62617 0.97673
vt 0.62765 0.89818
vt 0.62765 0.90316
vt 0.62765 0.90815
vt 0.62765 0.92290
vt 0.62765 0.92788
vt 0.62765 0.93287
vt 0.62925 0.96725
vt 0.62925 0.97249
vt 0.63129 0.89818
vt 0.63129 0.90316
vt 0.63129 0.90815
vt 0.63129 0.92290
vt 0.63129 0.92788
vt 0.63129 0.93287
vt 0.63310 0.55183
vt 0.63310 0.62089
vt 0.63331 0.00000
vt 0.63331 0.05815
vt 0.63331 0.07290
vt 0.63331 0.11773
vt 0.63452 0.00000
vt 0.63452 0.05815
vt 0.63592 0.13536
vt 0.63592 0.20442
vt 0.63592 0.30041
vt 0.63592 0.36947
vt 0.63592 0.38422
vt 0.63592 0.45328
vt 0.63592 0.46803
vt 0.63592 0.53709
vt 0.63774 0.13536
vt 0.63774 0.20442
vt 0.63774 0.30041
vt 0.63774 0.36947
vt 0.63774 0.38422
vt 0.63774 0.45328
vt 0.63774 0.46803
vt 0.63774 0.53709
vt 0.63815 0.21917
vt 0.63815 0.27733
vt 0.63936 0.00000
vt 0.63936 0.05815
vt 0.63936 0.21917
vt 0.63936 0.27733
vt 0.64058 0.00000
vt 0.64058 0.05815
vt 0.64421 0.21917
vt 0.64421 0.27733
vt 0.64542 0.21917
vt 0.64542 0.27733
vt 0.64784 0.55183
vt 0.64784 0.60999
vt 0.64784 0.62474
vt 0.64784 0.68289
vt 0.64784 0.69764
vt 0.64784 0.74853
vt 0.64784 0.76509
vt 0.64784 0.80992
vt 0.64784 0.82649
vt 0.64784 0.82830
vt 0.64784 0.87313
vt 0.64784 0.87495
vt 0.64784 0.88970
vt 0.64784 0.89151
vt 0.64784 0.93634
vt 0.64784 0.93816
vt 0.64784 0.95291
vt 0.64784 0.99774
vt 0.64905 0.55183
vt 0.64905 0.60999
vt 0.64965 0.69764
vt 0.64965 0.74853
vt 0.64965 0.76328
vt 0.64965 0.76509
vt 0.64965 0.80992
vt 0.64965 0.81174
vt 0.65247 0.13536
vt 0.65247 0.19352
vt 0.65247 0.30041
vt 0.65247 0.35857
vt 0.65247 0.37332
vt 0.65247 0.43147
vt 0.65247 0.44622
vt 0.65247 0.50437
vt 0.65247 0.52498
vt 0.65247 0.53022
vt 0.65268 0.62474
vt 0.65268 0.68289
vt 0.65368 0.13536
vt 0.65368 0.19352
vt 0.65368 0.30041
vt 0.65368 0.35857
vt 0.65368 0.37332
vt 0.65368 0.43147
vt 0.65368 0.44622
vt 0.65368 0.50437
vt 0.65389 0.55183
vt 0.65389 0.60999
vt 0.65510 0.55183
vt 0.65510 0.60999
vt 0.65531 0.00000
vt 0.65531 0.05815
vt 0.65555 0.52074
vt 0.65555 0.53446
vt 0.65652 0.00000
vt 0.65652 0.05815
vt 0.65853 0.13536
vt 0.65853 0.19352
vt 0.65853 0.30041
vt 0.65853 0.35857
vt 0.65853 0.37332
vt 0.65853 0.43147
vt 0.65853 0.44622
vt 0.65853 0.50437
vt 0.65974 0.13536
vt 0.65974 0.19352
vt 0.65974 0.30041
vt 0.65974 0.35857
vt 0.65974 0.37332
vt 0.65974 0.43147
vt 0.65974 0.44622
vt 0.65974 0.50437
vt 0.66016 0.21917
vt 0.66016 0.27733
vt 0.66053 0.51912
vt 0.66053 0.53608
vt 0.66136 0.00000
vt 0.66136 0.05815
vt 0.66136 0.21917
vt 0.66136 0.27733
vt 0.66258 0.00000
vt 0.66258 0.05815
vt 0.66551 0.52074
vt 0.66551 0.53446
vt 0.66621 0.21917
vt 0.66621 0.27733
vt 0.66721 0.69764
vt 0.66721 0.74853
vt 0.66742 0.21917
vt 0.66742 0.27733
vt 0.66742 0.62474
vt 0.66742 0.68289
vt 0.66859 0.52498
vt 0.66859 0.53022
vt 0.66903 0.07290
vt 0.66903 0.11773
vt 0.66903 0.69764
vt 0.66903 0.74853
vt 0.66984 0.55183
vt 0.66984 0.60999
vt 0.67105 0.55183
vt 0.67105 0.60999
vt 0.67226 0.62474
vt 0.67226 0.68289
vt 0.67447 0.13536
vt 0.67447 0.19352
vt 0.67447 0.30041
vt 0.67447 0.35857
vt 0.67447 0.37332
vt 0.67447 0.43147
vt 0.67447 0.44622
vt 0.67447 0.50437
vt 0.67589 0.55183
vt 0.67589 0.60999
vt 0.67710 0.55183
vt 0.67710 0.60999
vt 0.67731 0.00000
vt 0.67731 0.05815
vt 0.67932 0.13536
vt 0.67932 0.19352
vt 0.67932 0.30041
vt 0.67932 0.35857
vt 0.67932 0.37332
vt 0.67932 0.43147
vt 0.67932 0.44622
vt 0.67932 0.50437
vt 0.68216 0.00000
vt 0.68216 0.05815
vt 0.68216 0.21917
vt 0.68216 0.27733
vt 0.68355 0.88970
vt 0.68355 0.89151
vt 0.68355 0.93634
vt 0.68355 0.93816
vt 0.68355 0.95291
vt 0.68355 0.99774
vt 0.68376 0.69764
vt 0.68376 0.70188
vt 0.68376 0.70712
vt 0.68376 0.71136
vt 0.68376 0.72611
vt 0.68376 0.73035
vt 0.68376 0.73559
vt 0.68376 0.73983
vt 0.68700 0.21917
vt 0.68700 0.27733
vt 0.68700 0.62474
vt 0.68700 0.68289
vt 0.68739 0.69764
vt 0.68739 0.70188
vt 0.68739 0.70712
vt 0.68739 0.71136
vt 0.68739 0.72611
vt 0.68739 0.73035
vt 0.68739 0.73559
vt 0.68739 0.73983
vt 0.69184 0.55183
vt 0.69184 0.60999
vt 0.69184 0.62474
vt 0.69184 0.68289
vt 0.69263 0.82649
vt 0.69263 0.82830
vt 0.69263 0.87313
vt 0.69263 0.87495
vt 0.69405 0.13536
vt 0.69405 0.18625
vt 0.69405 0.30041
vt 0.69405 0.35130
vt 0.69405 0.36605
vt 0.69405 0.41693
vt 0.69405 0.43168
vt 0.69405 0.48257
vt 0.69405 0.49731
vt 0.69405 0.53608
vt 0.69445 0.76328
vt 0.69445 0.76509
vt 0.69445 0.80992
vt 0.69445 0.81174
vt 0.69627 0.76509
vt 0.69627 0.80992
vt 0.69668 0.55183
vt 0.69668 0.60999
vt 0.69689 0.00000
vt 0.69689 0.05089
vt 0.69689 0.06563
vt 0.69689 0.11652
vt 0.69829 0.89151
vt 0.69829 0.91817
vt 0.69829 0.93655
vt 0.69829 0.96320
vt 0.69829 0.97977
vt 0.69829 0.98476
vt 0.69829 0.98974
vt 0.70011 0.88970
vt 0.70011 0.89151
vt 0.70011 0.91817
vt 0.70011 0.91999
vt 0.70011 0.93473
vt 0.70011 0.93655
vt 0.70011 0.96320
vt 0.70011 0.96502
vt 0.70173 0.21917
vt 0.70173 0.27006
vt 0.70192 0.97977
vt 0.70192 0.98476
vt 0.70192 0.98974
vt 0.70253 0.49731
vt 0.70253 0.53608
vt 0.70355 0.21917
vt 0.70355 0.27006
vt 0.70658 0.62474
vt 0.70658 0.67562
vt 0.70658 0.69037
vt 0.70658 0.74126
vt 0.70839 0.62474
vt 0.70839 0.67562
vt 0.70839 0.69037
vt 0.70839 0.74126
vt 0.71142 0.55183
vt 0.71142 0.60272
vt 0.71164 0.76187
vt 0.71164 0.76711
vt 0.71164 0.79358
vt 0.71164 0.79882
vt 0.71164 0.82529
vt 0.71164 0.83053
vt 0.71164 0.85699
vt 0.71164 0.86224
vt 0.71324 0.55183
vt 0.71324 0.60272
vt 0.71472 0.75762
vt 0.71472 0.77135
vt 0.71472 0.78934
vt 0.71472 0.80306
vt 0.71472 0.82105
vt 0.71472 0.83477
vt 0.71472 0.85276
vt 0.71472 0.86648
vt 0.71666 0.97977
vt 0.71666 0.98476
vt 0.71666 0.98974
vt 0.71727 0.49731
vt 0.71727 0.53608
vt 0.71766 0.88970
vt 0.71766 0.89151
vt 0.71766 0.91817
vt 0.71766 0.91999
vt 0.71766 0.93473
vt 0.71766 0.93655
vt 0.71766 0.96320
vt 0.71766 0.96502
vt 0.71948 0.89151
vt 0.71948 0.91817
vt 0.71948 0.93655
vt 0.71948 0.96320
vt 0.71971 0.75601
vt 0.71971 0.77297
vt 0.71971 0.78772
vt 0.71971 0.80468
vt 0.71971 0.81942
vt 0.71971 0.83639
vt 0.71971 0.85113
vt 0.71971 0.86810
vt 0.72029 0.97977
vt 0.72029 0.98476
vt 0.72029 0.98974
vt 0.72069 0.13536
vt 0.72069 0.18625
vt 0.72069 0.30041
vt 0.72069 0.35130
vt 0.72069 0.36605
vt 0.72069 0.41693
vt 0.72069 0.43168
vt 0.72069 0.48257
vt 0.72111 0.21917
vt 0.72111 0.27006
vt 0.72292 0.21917
vt 0.72292 0.27006
vt 0.72353 0.00000
vt 0.72353 0.05089
vt 0.72353 0.06563
vt 0.72353 0.11652
vt 0.72469 0.75762
vt 0.72469 0.77135
vt 0.72469 0.78934
vt 0.72469 0.80306
vt 0.72469 0.82105
vt 0.72469 0.83477
vt 0.72469 0.85276
vt 0.72469 0.86648
vt 0.72574 0.49731
vt 0.72574 0.53608
vt 0.72595 0.62474
vt 0.72595 0.67562
vt 0.72595 0.69037
vt 0.72595 0.74126
vt 0.72776 0.62474
vt 0.72776 0.67562
vt 0.72776 0.69037
vt 0.72776 0.74126
vt 0.72776 0.76187
vt 0.72776 0.76711
vt 0.72776 0.79358
vt 0.72776 0.79882
vt 0.72776 0.82529
vt 0.72776 0.83053
vt 0.72776 0.85699
vt 0.72776 0.86224
vt 0.73079 0.55183
vt 0.73079 0.60272
vt 0.73261 0.55183
vt 0.73261 0.60272
vt 0.73542 0.13536
vt 0.73542 0.18625
vt 0.73542 0.30041
vt 0.73542 0.35130
vt 0.73542 0.36605
vt 0.73542 0.41693
vt 0.73542 0.43168
vt 0.73542 0.48257
vt 0.73724 0.13536
vt 0.73724 0.18625
vt 0.73724 0.30041
vt 0.73724 0.35130
vt 0.73724 0.36605
vt 0.73724 0.41693
vt 0.73724 0.43168
vt 0.73724 0.48257
vt 0.73766 0.21917
vt 0.73766 0.27006
vt 0.73826 0.00182
vt 0.73826 0.04664
vt 0.73826 0.06503
vt 0.73826 0.10986
vt 0.73947 0.21917
vt 0.73947 0.27006
vt 0.74008 0.00000
vt 0.74008 0.00182
vt 0.74008 0.04664
vt 0.74008 0.04846
vt 0.74008 0.06321
vt 0.74008 0.06503
vt 0.74008 0.10986
vt 0.74008 0.11167
vt 0.74048 0.49731
vt 0.74048 0.53608
vt 0.74250 0.62655
vt 0.74250 0.67138
vt 0.74250 0.68976
vt 0.74250 0.73459
vt 0.74250 0.75298
vt 0.74250 0.79780
vt 0.74250 0.81437
vt 0.74250 0.81619
vt 0.74250 0.86101
vt 0.74250 0.86283
vt 0.74250 0.87758
vt 0.74250 0.87940
vt 0.74250 0.92423
vt 0.74250 0.92604
vt 0.74250 0.94079
vt 0.74250 0.98562
vt 0.74432 0.62474
vt 0.74432 0.62655
vt 0.74432 0.67138
vt 0.74432 0.67320
vt 0.74432 0.68795
vt 0.74432 0.68976
vt 0.74432 0.73459
vt 0.74432 0.73641
vt 0.74432 0.75116
vt 0.74432 0.75298
vt 0.74432 0.79780
vt 0.74432 0.79962
vt 0.74735 0.55365
vt 0.74735 0.59848
vt 0.74895 0.49731
vt 0.74895 0.53608
vt 0.74916 0.55183
vt 0.74916 0.55365
vt 0.74916 0.59848
vt 0.74916 0.60030
vt 0.75480 0.13536
vt 0.75480 0.18625
vt 0.75480 0.30041
vt 0.75480 0.35130
vt 0.75480 0.36605
vt 0.75480 0.41693
vt 0.75480 0.43168
vt 0.75480 0.48257
vt 0.75661 0.13536
vt 0.75661 0.18625
vt 0.75661 0.30041
vt 0.75661 0.35130
vt 0.75661 0.36605
vt 0.75661 0.41693
vt 0.75661 0.43168
vt 0.75661 0.48257
vt 0.75703 0.21917
vt 0.75703 0.27006
vt 0.75885 0.21917
vt 0.75885 0.27006
vt 0.77135 0.13718
vt 0.77135 0.18201
vt 0.77135 0.30223
vt 0.77135 0.34706
vt 0.77135 0.36544
vt 0.77135 0.41027
vt 0.77135 0.42865
vt 0.77135 0.47348
vt 0.77135 0.49004
vt 0.77135 0.53487
vt 0.77316 0.13536
vt 0.77316 0.13718
vt 0.77316 0.18201
vt 0.77316 0.18383
vt 0.77316 0.30041
vt 0.77316 0.30223
vt 0.77316 0.34706
vt 0.77316 0.34887
vt 0.77316 0.36362
vt 0.77316 0.36544
vt 0.77316 0.41027
vt 0.77316 0.41208
vt 0.77316 0.42683
vt 0.77316 0.42865
vt 0.77316 0.47348
vt 0.77316 0.47530
vt 0.77358 0.22099
vt 0.77358 0.26582
vt 0.77540 0.21917
vt 0.77540 0.22099
vt 0.77540 0.26582
vt 0.77540 0.26763
vt 0.77822 0.87758
vt 0.77822 0.87940
vt 0.77822 0.92423
vt 0.77822 0.92604
vt 0.77822 0.94079
vt 0.77822 0.98562
vt 0.78487 0.00000
vt 0.78487 0.00182
vt 0.78487 0.04664
vt 0.78487 0.04846
vt 0.78487 0.06321
vt 0.78487 0.06503
vt 0.78487 0.10986
vt 0.78487 0.11167
vt 0.78669 0.00182
vt 0.78669 0.04664
vt 0.78669 0.06503
vt 0.78669 0.10986
vt 0.78730 0.81437
vt 0.78730 0.81619
vt 0.78730 0.86101
vt 0.78730 0.86283
vt 0.78911 0.62474
vt 0.78911 0.62655
vt 0.78911 0.67138
vt 0.78911 0.67320
vt 0.78911 0.68795
vt 0.78911 0.68976
vt 0.78911 0.73459
vt 0.78911 0.73641
vt 0.78911 0.75116
vt 0.78911 0.75298
vt 0.78911 0.79780
vt 0.78911 0.79962
vt 0.79093 0.62655
vt 0.79093 0.67138
vt 0.79093 0.68976
vt 0.79093 0.73459
vt 0.79093 0.75298
vt 0.79093 0.79780
vt 0.79295 0.87758
vt 0.79295 0.87940
vt 0.79295 0.92423
vt 0.79295 0.92604
vt 0.79295 0.94079
vt 0.79295 0.98562
vt 0.79395 0.55183
vt 0.79395 0.55365
vt 0.79395 0.59848
vt 0.79395 0.60030
vt 0.79577 0.55365
vt 0.79577 0.59848
vt 0.80143 0.00182
vt 0.80143 0.04664
vt 0.80143 0.06503
vt 0.80143 0.10986
vt 0.80203 0.81437
vt 0.80203 0.81619
vt 0.80203 0.86101
vt 0.80203 0.86283
vt 0.80324 0.00000
vt 0.80324 0.00182
vt 0.80324 0.04664
vt 0.80324 0.04846
vt 0.80324 0.06321
vt 0.80324 0.06503
vt 0.80324 0.10986
vt 0.80324 0.11167
vt 0.80567 0.62655
vt 0.80567 0.67138
vt 0.80567 0.68976
vt 0.80567 0.73459
vt 0.80567 0.75298
vt 0.80567 0.79780
vt 0.80706 0.49004
vt 0.80706 0.53487
vt 0.80748 0.62474
vt 0.80748 0.62655
vt 0.80748 0.67138
vt 0.80748 0.67320
vt 0.80748 0.68795
vt 0.80748 0.68976
vt 0.80748 0.73459
vt 0.80748 0.73641
vt 0.80748 0.75116
vt 0.80748 0.75298
vt 0.80748 0.79780
vt 0.80748 0.79962
vt 0.81051 0.55365
vt 0.81051 0.59848
vt 0.81232 0.55183
vt 0.81232 0.55365
vt 0.81232 0.59848
vt 0.81232 0.60030
vt 0.81796 0.13536
vt 0.81796 0.13718
vt 0.81796 0.18201
vt 0.81796 0.18383
vt 0.81796 0.30041
vt 0.81796 0.30223
vt 0.81796 0.34706
vt 0.81796 0.34887
vt 0.81796 0.36362
vt 0.81796 0.36544
vt 0.81796 0.41027
vt 0.81796 0.41208
vt 0.81796 0.42683
vt 0.81796 0.42865
vt 0.81796 0.47348
vt 0.81796 0.47530
vt 0.81978 0.13718
vt 0.81978 0.18201
vt 0.81978 0.30223
vt 0.81978 0.34706
vt 0.81978 0.36544
vt 0.81978 0.41027
vt 0.81978 0.42865
vt 0.81978 0.47348
vt 0.82019 0.21917
vt 0.82019 0.22099
vt 0.82019 0.26582
vt 0.82019 0.26763
vt 0.82180 0.49004
vt 0.82180 0.53487
vt 0.82201 0.22099
vt 0.82201 0.26582
vt 0.82867 0.87758
vt 0.82867 0.87940
vt 0.82867 0.92423
vt 0.82867 0.92604
vt 0.82867 0.94079
vt 0.82867 0.98562
vt 0.83451 0.13536
vt 0.83451 0.13718
vt 0.83451 0.18201
vt 0.83451 0.18383
vt 0.83451 0.30041
vt 0.83451 0.30223
vt 0.83451 0.34706
vt 0.83451 0.34887
vt 0.83451 0.36362
vt 0.83451 0.36544
vt 0.83451 0.41027
vt 0.83451 0.41208
vt 0.83451 0.42865
vt 0.83451 0.47348
vt 0.83633 0.42683
vt 0.83633 0.42865
vt 0.83633 0.47348
vt 0.83633 0.47530
vt 0.83675 0.22099
vt 0.83675 0.26582
vt 0.83856 0.21917
vt 0.83856 0.22099
vt 0.83856 0.26582
vt 0.83856 0.26763
vt 0.84341 0.87758
vt 0.84341 0.87940
vt 0.84341 0.92423
vt 0.84341 0.92604
vt 0.84341 0.94079
vt 0.84341 0.98562
vt 0.84683 0.81437
vt 0.84683 0.81619
vt 0.84683 0.86101
vt 0.84683 0.86283
vt 0.84804 0.00000
vt 0.84804 0.00182
vt 0.84804 0.04664
vt 0.84804 0.04846
vt 0.84804 0.06321
vt 0.84804 0.06503
vt 0.84804 0.10986
vt 0.84804 0.11167
vt 0.84986 0.00182
vt 0.84986 0.04664
vt 0.84986 0.06503
vt 0.84986 0.10986
vt 0.85228 0.62474
vt 0.85228 0.62655
vt 0.85228 0.67138
vt 0.85228 0.67320
vt 0.85228 0.68795
vt 0.85228 0.68976
vt 0.85228 0.73459
vt 0.85228 0.73641
vt 0.85228 0.75116
vt 0.85228 0.75298
vt 0.85228 0.79780
vt 0.85228 0.79962
vt 0.85409 0.62655
vt 0.85409 0.67138
vt 0.85409 0.68976
vt 0.85409 0.73459
vt 0.85409 0.75298
vt 0.85409 0.79780
vt 0.85712 0.55183
vt 0.85712 0.55365
vt 0.85712 0.59848
vt 0.85712 0.60030
vt 0.85752 0.49004
vt 0.85752 0.53487
vt 0.85894 0.55365
vt 0.85894 0.59848
vt 0.86157 0.81437
vt 0.86157 0.81619
vt 0.86157 0.86101
vt 0.86157 0.86283
vt 0.86459 0.00000
vt 0.86459 0.00182
vt 0.86459 0.04664
vt 0.86459 0.04846
vt 0.86459 0.06321
vt 0.86459 0.06503
vt 0.86459 0.10986
vt 0.86459 0.11167
vt 0.86883 0.62474
vt 0.86883 0.62655
vt 0.86883 0.67138
vt 0.86883 0.67320
vt 0.86883 0.68795
vt 0.86883 0.68976
vt 0.86883 0.73459
vt 0.86883 0.73641
vt 0.86883 0.75116
vt 0.86883 0.75298
vt 0.86883 0.79780
vt 0.86883 0.79962
vt 0.87204 0.42683
vt 0.87204 0.42865
vt 0.87204 0.47348
vt 0.87204 0.47530
vt 0.87225 0.49004
vt 0.87225 0.53487
vt 0.87367 0.55183
vt 0.87367 0.55365
vt 0.87367 0.59848
vt 0.87367 0.60030
vt 0.87386 0.42865
vt 0.87386 0.47348
vt 0.87428 0.21917
vt 0.87428 0.22099
vt 0.87428 0.26582
vt 0.87428 0.26763
vt 0.87609 0.22099
vt 0.87609 0.26582
vt 0.87912 0.87758
vt 0.87912 0.87940
vt 0.87912 0.92423
vt 0.87912 0.92604
vt 0.87912 0.94079
vt 0.87912 0.98562
vt 0.87931 0.13536
vt 0.87931 0.13718
vt 0.87931 0.18201
vt 0.87931 0.18383
vt 0.87931 0.30041
vt 0.87931 0.30223
vt 0.87931 0.34706
vt 0.87931 0.34887
vt 0.87931 0.36362
vt 0.87931 0.36544
vt 0.87931 0.41027
vt 0.87931 0.41208
vt 0.88860 0.42683
vt 0.88860 0.42865
vt 0.88860 0.47348
vt 0.88860 0.47530
vt 0.89083 0.21917
vt 0.89083 0.22099
vt 0.89083 0.26582
vt 0.89083 0.26763
vt 0.89386 0.87758
vt 0.89386 0.87940
vt 0.89386 0.92423
vt 0.89386 0.92604
vt 0.89386 0.94079
vt 0.89386 0.98562
vt 0.89404 0.13536
vt 0.89404 0.13718
vt 0.89404 0.18201
vt 0.89404 0.18383
vt 0.89404 0.30041
vt 0.89404 0.30223
vt 0.89404 0.34706
vt 0.89404 0.34887
vt 0.89404 0.36362
vt 0.89404 0.36544
vt 0.89404 0.41027
vt 0.89404 0.41208
vt 0.89728 0.81437
vt 0.89728 0.81619
vt 0.89728 0.86101
vt 0.89728 0.86283
vt 0.89910 0.81619
vt 0.89910 0.86101
vt 0.90031 0.00000
vt 0.90031 0.00182
vt 0.90031 0.04664
vt 0.90031 0.04846
vt 0.90031 0.06321
vt 0.90031 0.06503
vt 0.90031 0.10986
vt 0.90031 0.11167
vt 0.90212 0.00182
vt 0.90212 0.04664
vt 0.90454 0.62474
vt 0.90454 0.62655
vt 0.90454 0.67138
vt 0.90454 0.67320
vt 0.90454 0.68795
vt 0.90454 0.68976
vt 0.90454 0.73459
vt 0.90454 0.73641
vt 0.90454 0.75116
vt 0.90454 0.75298
vt 0.90454 0.79780
vt 0.90454 0.79962
vt 0.90797 0.49004
vt 0.90797 0.53487
vt 0.90939 0.55183
vt 0.90939 0.55365
vt 0.90939 0.59848
vt 0.90939 0.60030
vt 0.91383 0.81437
vt 0.91383 0.81619
vt 0.91383 0.86101
vt 0.91383 0.86283
vt 0.91504 0.06321
vt 0.91504 0.10804
vt 0.91686 0.00000
vt 0.91686 0.04483
vt 0.91928 0.62474
vt 0.91928 0.66956
vt 0.91928 0.68795
vt 0.91928 0.73278
vt 0.91928 0.74752
vt 0.91928 0.79235
vt 0.92270 0.49004
vt 0.92270 0.53487
vt 0.92412 0.55183
vt 0.92412 0.59666
vt 0.92431 0.42683
vt 0.92431 0.42865
vt 0.92431 0.47348
vt 0.92431 0.47530
vt 0.92654 0.21917
vt 0.92654 0.22099
vt 0.92654 0.26582
vt 0.92654 0.26763
vt 0.92957 0.87758
vt 0.92957 0.87940
vt 0.92957 0.92423
vt 0.92957 0.92604
vt 0.92957 0.94079
vt 0.92957 0.98562
vt 0.92976 0.13536
vt 0.92976 0.13718
vt 0.92976 0.18201
vt 0.92976 0.18383
vt 0.92976 0.30041
vt 0.92976 0.30223
vt 0.92976 0.34706
vt 0.92976 0.34887
vt 0.92976 0.36362
vt 0.92976 0.36544
vt 0.92976 0.41027
vt 0.92976 0.41208
vt 0.93905 0.42683
vt 0.93905 0.47166
vt 0.94128 0.21917
vt 0.94128 0.26400
vt 0.94128 0.27996
vt 0.94128 0.28359
vt 0.94431 0.87758
vt 0.94431 0.92241
vt 0.94431 0.93716
vt 0.94431 0.98198
vt 0.94450 0.13536
vt 0.94450 0.18019
vt 0.94450 0.19615
vt 0.94450 0.20100
vt 0.94450 0.30041
vt 0.94450 0.34524
vt 0.94450 0.36362
vt 0.94450 0.40845
vt 0.94453 0.27996
vt 0.94453 0.28359
vt 0.94507 0.27875
vt 0.94507 0.28480
vt 0.94571 0.19494
vt 0.94571 0.19615
vt 0.94571 0.20100
vt 0.94571 0.20221
vt 0.94615 0.27996
vt 0.94615 0.28359
vt 0.94955 0.81437
vt 0.94955 0.81619
vt 0.94955 0.86101
vt 0.94955 0.86283
vt 0.95055 0.19494
vt 0.95055 0.19615
vt 0.95055 0.20100
vt 0.95055 0.20221
vt 0.95076 0.06321
vt 0.95076 0.10804
vt 0.95176 0.19615
vt 0.95176 0.20100
vt 0.95257 0.00000
vt 0.95257 0.04483
vt 0.95500 0.62474
vt 0.95500 0.66956
vt 0.95500 0.68795
vt 0.95500 0.73278
vt 0.95500 0.74752
vt 0.95500 0.79235
vt 0.95842 0.49004
vt 0.95842 0.53487
vt 0.95984 0.55183
vt 0.95984 0.59666
vt 0.96089 0.27996
vt 0.96089 0.28359
vt 0.96198 0.27875
vt 0.96198 0.28480
vt 0.96252 0.27996
vt 0.96252 0.28359
vt 0.96428 0.81437
vt 0.96428 0.85920
vt 0.96550 0.06503
vt 0.96550 0.09168
vt 0.96550 0.10825
vt 0.96550 0.11323
vt 0.96550 0.11822
vt 0.96576 0.27996
vt 0.96576 0.28359
vt 0.96650 0.19615
vt 0.96650 0.20100
vt 0.96731 0.00182
vt 0.96731 0.02847
vt 0.96731 0.06321
vt 0.96731 0.06503
vt 0.96731 0.09168
vt 0.96731 0.09350
vt 0.96771 0.19494
vt 0.96771 0.19615
vt 0.96771 0.20100
vt 0.96771 0.20221
vt 0.96913 0.00000
vt 0.96913 0.00182
vt 0.96913 0.02847
vt 0.96913 0.03029
vt 0.96913 0.10825
vt 0.96913 0.11323
vt 0.96913 0.11822
vt 0.96973 0.62655
vt 0.96973 0.65321
vt 0.96973 0.67159
vt 0.96973 0.69825
vt 0.96973 0.71663
vt 0.96973 0.74328
vt 0.96973 0.76167
vt 0.96973 0.78832
vt 0.97155 0.62474
vt 0.97155 0.62655
vt 0.97155 0.65321
vt 0.97155 0.65503
vt 0.97155 0.66978
vt 0.97155 0.67159
vt 0.97155 0.69825
vt 0.97155 0.70006
vt 0.97155 0.71481
vt 0.97155 0.71663
vt 0.97155 0.74328
vt 0.97155 0.74510
vt 0.97155 0.75985
vt 0.97155 0.76167
vt 0.97155 0.78832
vt 0.97155 0.79014
vt 0.97255 0.19494
vt 0.97255 0.19615
vt 0.97255 0.20100
vt 0.97255 0.20221
vt 0.97316 0.49186
vt 0.97316 0.51852
vt 0.97376 0.19615
vt 0.97376 0.20100
vt 0.97458 0.55769
vt 0.97458 0.56294
vt 0.97458 0.58940
vt 0.97458 0.59465
vt 0.97476 0.42683
vt 0.97476 0.47166
vt 0.97497 0.49004
vt 0.97497 0.49186
vt 0.97497 0.51852
vt 0.97497 0.52033
vt 0.97700 0.21917
vt 0.97700 0.26400
vt 0.97765 0.55345
vt 0.97765 0.56718
vt 0.97765 0.58516
vt 0.97765 0.59889
vt 0.98002 0.87758
vt 0.98002 0.92241
vt 0.98002 0.93716
vt 0.98002 0.98198
vt 0.98021 0.13536
vt 0.98021 0.18019
vt 0.98021 0.30041
vt 0.98021 0.34524
vt 0.98021 0.36362
vt 0.98021 0.40845
vt 0.98050 0.27996
vt 0.98050 0.28359
vt 0.98264 0.55183
vt 0.98264 0.56880
vt 0.98264 0.58354
vt 0.98264 0.60051
vt 0.98375 0.27996
vt 0.98375 0.28359
vt 0.98386 0.10825
vt 0.98386 0.11323
vt 0.98386 0.11822
vt 0.98429 0.27875
vt 0.98429 0.28480
vt 0.98487 0.06321
vt 0.98487 0.06503
vt 0.98487 0.09168
vt 0.98487 0.09350
vt 0.98538 0.27996
vt 0.98538 0.28359
vt 0.98668 0.00000
vt 0.98668 0.00182
vt 0.98668 0.02847
vt 0.98668 0.03029
vt 0.98668 0.06503
vt 0.98668 0.09168
vt 0.98750 0.10825
vt 0.98750 0.11323
vt 0.98750 0.11822
vt 0.98762 0.55345
vt 0.98762 0.56718
vt 0.98762 0.58516
vt 0.98762 0.59889
vt 0.98850 0.00182
vt 0.98850 0.02847
vt 0.98850 0.19615
vt 0.98850 0.20100
vt 0.98910 0.62474
vt 0.98910 0.62655
vt 0.98910 0.65321
vt 0.98910 0.65503
vt 0.98910 0.66978
vt 0.98910 0.67159
vt 0.98910 0.69825
vt 0.98910 0.70006
vt 0.98910 0.71481
vt 0.98910 0.71663
vt 0.98910 0.74328
vt 0.98910 0.74510
vt 0.98910 0.75985
vt 0.98910 0.76167
vt 0.98910 0.78832
vt 0.98910 0.79014
vt 0.98950 0.42683
vt 0.98950 0.43182
vt 0.98950 0.43680
vt 0.98950 0.45155
vt 0.98950 0.45654
vt 0.98950 0.46152
vt 0.98971 0.19494
vt 0.98971 0.19615
vt 0.98971 0.20100
vt 0.98971 0.20221
vt 0.99070 0.55769
vt 0.99070 0.56294
vt 0.99070 0.58940
vt 0.99070 0.59465
vt 0.99092 0.62655
vt 0.99092 0.65321
vt 0.99092 0.67159
vt 0.99092 0.69825
vt 0.99092 0.71663
vt 0.99092 0.74328
vt 0.99092 0.76167
vt 0.99092 0.78832
vt 0.99173 0.22038
vt 0.99173 0.22402
vt 0.99173 0.24119
vt 0.99173 0.24482
vt 0.99253 0.49004
vt 0.99253 0.49186
vt 0.99253 0.51852
vt 0.99253 0.52033
vt 0.99282 0.21917
vt 0.99282 0.22523
vt 0.99313 0.42683
vt 0.99313 0.43182
vt 0.99313 0.43680
vt 0.99313 0.45155
vt 0.99313 0.45654
vt 0.99313 0.46152
vt 0.99336 0.22038
vt 0.99336 0.22402
vt 0.99434 0.49186
vt 0.99434 0.51852
vt 0.99455 0.19494
vt 0.99455 0.19615
vt 0.99455 0.20100
vt 0.99455 0.20221
vt 0.99476 0.87879
vt 0.99476 0.88243
vt 0.99476 0.89960
vt 0.99476 0.90323
vt 0.99476 0.92040
vt 0.99476 0.92404
vt 0.99476 0.94121
vt 0.99476 0.94484
vt 0.99476 0.96202
vt 0.99476 0.96565
vt 0.99498 0.24119
vt 0.99498 0.24482
vt 0.99552 0.23998
vt 0.99552 0.24603
vt 0.99576 0.19615
vt 0.99576 0.20100
vt 0.99584 0.87758
vt 0.99584 0.88364
vt 0.99584 0.91919
vt 0.99584 0.92525
vt 0.99584 0.96080
vt 0.99584 0.96686
vt 0.99638 0.87879
vt 0.99638 0.88243
vt 0.99638 0.92040
vt 0.99638 0.92404
vt 0.99638 0.96202
vt 0.99638 0.96565
vt 0.99661 0.22038
vt 0.99661 0.22402
vt 0.99661 0.24119
vt 0.99661 0.24482
vt 0.99801 0.89960
vt 0.99801 0.90323
vt 0.99801 0.94121
vt 0.99801 0.94484
vt 0.99855 0.89839
vt 0.99855 0.90444
vt 0.99855 0.94000
vt 0.99855 0.94606
vt 0.99963 0.87879
vt 0.99963 0.88243
vt 0.99963 0.89960
vt 0.99963 0.90323
vt 0.99963 0.92040
vt 0.99963 0.92404
vt 0.99963 0.94121
vt 0.99963 0.94484
vt 0.99963 0.96202
vt 0.99963 0.96565
vt 1.00000 0.81437
vt 1.00000 0.85920
s 0
usemtl Racing_asphalt
f 1/1191/6 2/1186/6 3/1185/6
f 1/1279/14 3/1287/14 8/1288/14
f 1/1279/14 8/1288/14 7/1280/14
f 10/1138/16 12/1109/16 6/1108/16
f 10/1138/16 6/1108/16 5/1137/16
f 10/1138/3 16/1277/3 22/1278/3
f 10/1138/3 5/1137/3 16/1277/3
f 10/524/9 11/564/9 12/565/9
f 1009/2214/14 1011/2213/14 1016/2299/14
f 1009/2214/14 1016/2299/14 1015/2300/14
f 1009/2214/6 1010/2199/6 1011/2213/6
f 1012/1621/15 1011/1630/15 1010/1622/15
f 1012/1621/15 1014/1629/15 1011/1630/15
f 1012/2198/7 1013/2211/7 1014/2212/7
f 1013/2211/25 1012/2198/25 1025/2197/25
f 1013/2211/25 1025/2197/25 1024/2210/25
f 1014/1629/4 1016/1692/4 1011/1630/4
f 1014/1629/4 1020/1691/4 1016/1692/4
f 1015/2300/18 1017/2323/18 1028/2324/18
f 1015/2300/18 1028/2324/18 1027/2301/18
f 1015/2300/8 1016/2299/8 1017/2323/8
f 1017/1700/17 1016/1692/17 1020/1691/17
f 1017/1700/17 1020/1691/17 1019/1699/17
f 1018/2297/16 1014/2212/16 1013/2211/16
f 1018/2297/16 1020/2298/16 1014/2212/16
f 1018/2297/3 1013/2211/3 1024/2210/3
f 1018/2297/3 1024/2210/3 1030/2296/3
f 1018/2297/9 1019/2322/9 1020/2298/9
f 1019/1471/5 1028/1574/5 1017/1472/5
f 1019/1471/5 1032/1573/5 1028/1574/5
f 1021/2215/10 1022/2216/10 1023/2200/10
f 1021/2215/24 1010/2199/24 1009/2214/24
f 1021/2215/24 1023/2200/24 1010/2199/24
f 1023/1698/23 1022/1690/23 1026/1689/23
f 1023/1698/23 1026/1689/23 1025/1697/23
f 1024/2210/11 1025/2197/11 1026/2209/11
f 1024/2210/22 1026/2209/22 1031/2295/22
f 1024/2210/22 1031/2295/22 1030/2296/22
f 1025/1469/1 1010/1572/1 1023/1470/1
f 1025/1469/1 1012/1571/1 1010/1572/1
f 1027/2301/12 1028/2324/12 1029/2302/12
f 1027/2301/21 1022/2216/21 1021/2215/21
f 1027/2301/21 1029/2302/21 1022/2216/21
f 1027/2301/26 1009/2214/26 1015/2300/26
f 1027/2301/26 1021/2215/26 1009/2214/26
f 1029/1628/20 1028/1620/20 1032/1619/20
f 1029/1628/20 1032/1619/20 1031/1627/20
f 1030/2296/13 1031/2295/13 1032/2321/13
f 1030/2296/19 1019/2322/19 1018/2297/19
f 1030/2296/19 1032/2321/19 1019/2322/19
f 1031/1627/2 1022/1690/2 1029/1628/2
f 1031/1627/2 1026/1689/2 1022/1690/2
f 1073/2232/14 1075/2231/14 1080/2329/14
f 1073/2232/14 1080/2329/14 1079/2330/14
f 1073/2232/6 1074/2221/6 1075/2231/6
f 1076/1133/7 1077/1163/7 1078/1164/7
f 1076/1633/15 1075/1640/15 1074/1634/15
f 1076/1633/15 1078/1639/15 1075/1640/15
f 1077/1163/25 1076/1133/25 1089/1132/25
f 1077/1163/25 1089/1132/25 1088/1162/25
f 1078/1639/4 1080/1704/4 1075/1640/4
f 1078/1639/4 1084/1703/4 1080/1704/4
f 1079/2330/18 1081/2343/18 1092/2344/18
f 1079/2330/18 1092/2344/18 1091/2331/18
f 1079/2330/8 1080/2329/8 1081/2343/8
f 1081/1706/17 1080/1704/17 1084/1703/17
f 1081/1706/17 1084/1703/17 1083/1705/17
f 1082/1173/16 1078/1164/16 1077/1163/16
f 1082/1173/16 1084/1174/16 1078/1164/16
f 1082/1173/3 1077/1163/3 1088/1162/3
f 1082/1173/3 1088/1162/3 1094/1172/3
f 1082/1173/9 1083/1184/9 1084/1174/9
f 1083/1475/5 1092/1578/5 1081/1476/5
f 1083/1475/5 1096/1577/5 1092/1578/5
f 1085/2233/121 1086/2234/121 1087/2222/121
f 1085/2233/24 1074/2221/24 1073/2232/24
f 1085/2233/24 1087/2222/24 1074/2221/24
f 1087/1702/23 1086/1694/23 1090/1693/23
f 1087/1702/23 1090/1693/23 1089/1701/23
f 1088/1162/122 1089/1132/122 1090/1161/122
f 1088/1162/22 1090/1161/22 1095/1171/22
f 1088/1162/22 1095/1171/22 1094/1172/22
f 1089/1473/1 1074/1576/1 1087/1474/1
f 1089/1473/1 1076/1575/1 1074/1576/1
f 1091/2331/123 1092/2344/123 1093/2332/123
f 1091/2331/21 1086/2234/21 1085/2233/21
f 1091/2331/21 1093/2332/21 1086/2234/21
f 1091/2331/26 1073/2232/26 1079/2330/26
f 1091/2331/26 1085/2233/26 1073/2232/26
f 1093/1632/20 1092/1624/20 1096/1623/20
f 1093/1632/20 1096/1623/20 1095/1631/20
f 1094/1172/124 1095/1171/124 1096/1183/124
f 1094/1172/19 1083/1184/19 1082/1173/19
f 1094/1172/19 1096/1183/19 1083/1184/19
f 1095/1631/2 1086/1694/2 1093/1632/2
f 1095/1631/2 1090/1693/2 1086/1694/2
f 11/564/5 20/640/5 9/641/5
f 11/564/5 24/563/5 20/640/5
f 13/1192/10 14/1188/10 15/1187/10
f 13/1192/24 15/1187/24 2/1186/24
f 13/1192/24 2/1186/24 1/1191/24
f 15/1187/23 14/1188/23 18/1142/23
f 15/1187/23 18/1142/23 17/1141/23
f 16/1111/11 17/1141/11 18/1142/11
f 16/1277/22 18/1285/22 23/1286/22
f 16/1277/22 23/1286/22 22/1278/22
f 17/1141/1 2/1186/1 15/1187/1
f 17/1141/1 4/1140/1 2/1186/1
f 19/1144/21 14/1112/21 13/1143/21
f 19/1144/21 21/1113/21 14/1112/21
f 19/1144/26 1/1279/26 7/1280/26
f 19/1144/26 13/1143/26 1/1279/26
f 19/645/12 20/640/12 21/639/12
f 21/639/20 20/640/20 24/563/20
f 21/639/20 24/563/20 23/562/20
f 217/1283/14 219/1291/14 224/1292/14
f 217/1283/14 224/1292/14 223/1284/14
f 217/699/6 218/696/6 219/695/6
f 22/523/13 23/562/13 24/563/13
f 22/523/19 11/564/19 10/524/19
f 22/523/19 24/563/19 11/564/19
f 220/666/15 219/695/15 218/696/15
f 220/666/15 222/665/15 219/695/15
f 220/666/7 221/663/7 222/665/7
f 221/663/25 220/666/25 233/667/25
f 221/663/25 233/667/25 232/664/25
f 222/459/4 224/489/4 219/490/4
f 222/459/4 228/458/4 224/489/4
f 223/430/18 225/423/18 236/422/18
f 223/430/18 236/422/18 235/429/18
f 223/430/8 224/424/8 225/423/8
f 225/423/17 224/424/17 228/362/17
f 225/423/17 228/362/17 227/361/17
f 226/1146/16 222/1114/16 221/1145/16
f 226/1146/16 228/1115/16 222/1114/16
f 226/1146/3 221/1145/3 232/1281/3
f 226/1146/3 232/1281/3 238/1282/3
f 226/349/9 227/361/9 228/362/9
f 227/361/5 236/422/5 225/423/5
f 227/361/5 240/360/5 236/422/5
f 229/700/10 230/698/10 231/697/10
f 229/700/24 218/696/24 217/699/24
f 229/700/24 231/697/24 218/696/24
f 23/1180/2 14/1231/2 21/1232/2
f 23/1180/2 18/1179/2 14/1231/2
f 231/697/23 230/698/23 234/668/23
f 231/697/23 234/668/23 233/667/23
f 232/1281/22 234/1289/22 239/1290/22
f 232/1281/22 239/1290/22 238/1282/22
f 232/664/11 233/667/11 234/668/11
f 233/667/1 218/696/1 231/697/1
f 233/667/1 220/666/1 218/696/1
f 235/1148/21 230/1116/21 229/1147/21
f 235/1148/21 237/1117/21 230/1116/21
f 235/1148/26 217/1283/26 223/1284/26
f 235/1148/26 229/1147/26 217/1283/26
f 235/429/12 236/422/12 237/421/12
f 237/421/20 236/422/20 240/360/20
f 237/421/20 240/360/20 239/359/20
f 238/348/13 239/359/13 240/360/13
f 238/348/19 227/361/19 226/349/19
f 238/348/19 240/360/19 227/361/19
f 239/1200/2 230/1269/2 237/1270/2
f 239/1200/2 234/1199/2 230/1269/2
f 4/1140/15 3/1185/15 2/1186/15
f 4/1140/15 6/1139/15 3/1185/15
f 4/1140/7 5/1110/7 6/1139/7
f 5/1110/25 17/1141/25 16/1111/25
f 5/1110/25 4/1140/25 17/1141/25
f 6/1119/4 12/1118/4 8/1177/4
f 6/1119/4 8/1177/4 3/1178/4
f 7/646/18 20/640/18 19/645/18
f 7/646/18 9/641/18 20/640/18
f 7/646/8 8/642/8 9/641/8
f 817/1503/109 818/1493/109 819/1502/109
f 817/1503/14 819/1502/14 824/1552/14
f 817/1503/14 824/1552/14 823/1553/14
f 820/1492/110 821/1500/110 822/1501/110
f 820/1515/15 819/1520/15 818/1516/15
f 820/1515/15 822/1519/15 819/1520/15
f 821/1500/25 820/1492/25 833/1491/25
f 821/1500/25 833/1491/25 832/1499/25
f 822/1519/4 824/1598/4 819/1520/4
f 822/1519/4 828/1597/4 824/1598/4
f 823/1553/111 824/1552/111 825/1558/111
f 823/1553/18 825/1558/18 836/1559/18
f 823/1553/18 836/1559/18 835/1554/18
f 825/1602/17 824/1598/17 828/1597/17
f 825/1602/17 828/1597/17 827/1601/17
f 826/1550/112 827/1557/112 828/1551/112
f 826/1550/16 822/1501/16 821/1500/16
f 826/1550/16 828/1551/16 822/1501/16
f 826/1550/3 821/1500/3 832/1499/3
f 826/1550/3 832/1499/3 838/1549/3
f 827/453/5 836/492/5 825/454/5
f 827/453/5 840/491/5 836/492/5
f 829/1504/10 830/1505/10 831/1494/10
f 829/1504/24 818/1493/24 817/1503/24
f 829/1504/24 831/1494/24 818/1493/24
f 831/1582/23 830/1580/23 834/1579/23
f 831/1582/23 834/1579/23 833/1581/23
f 832/1499/11 833/1491/11 834/1498/11
f 832/1499/22 834/1498/22 839/1548/22
f 832/1499/22 839/1548/22 838/1549/22
f 833/613/1 818/670/1 831/614/1
f 833/613/1 820/669/1 818/670/1
f 835/1554/12 836/1559/12 837/1555/12
f 835/1554/21 830/1505/21 829/1504/21
f 835/1554/21 837/1555/21 830/1505/21
f 835/1554/26 817/1503/26 823/1553/26
f 835/1554/26 829/1504/26 817/1503/26
f 837/1514/20 836/1507/20 840/1506/20
f 837/1514/20 840/1506/20 839/1513/20
f 838/1549/13 839/1548/13 840/1556/13
f 838/1549/19 827/1557/19 826/1550/19
f 838/1549/19 840/1556/19 827/1557/19
f 839/1513/2 830/1580/2 837/1514/2
f 839/1513/2 834/1579/2 830/1580/2
f 881/2187/14 883/2186/14 888/2270/14
f 881/2187/14 888/2270/14 887/2271/14
f 881/2187/6 882/2176/6 883/2186/6
f 884/1517/15 883/1522/15 882/1518/15
f 884/1517/15 886/1521/15 883/1522/15
f 884/2168/7 885/2180/7 886/2181/7
f 885/2180/25 884/2168/25 897/2167/25
f 885/2180/25 897/2167/25 896/2179/25
f 886/1521/4 888/1600/4 883/1522/4
f 886/1521/4 892/1599/4 888/1600/4
f 887/2271/18 889/2283/18 900/2284/18
f 887/2271/18 900/2284/18 899/2272/18
f 887/2271/8 888/2270/8 889/2283/8
f 889/1604/17 888/1600/17 892/1599/17
f 889/1604/17 892/1599/17 891/1603/17
f 890/2266/16 886/2181/16 885/2180/16
f 890/2266/16 892/2267/16 886/2181/16
f 890/2266/3 885/2180/3 896/2179/3
f 890/2266/3 896/2179/3 902/2265/3
f 890/2266/9 891/2275/9 892/2267/9
f 891/917/5 900/1091/5 889/918/5
f 891/917/5 904/1090/5 900/1091/5
f 893/2188/10 894/2189/10 895/2177/10
f 893/2188/24 882/2176/24 881/2187/24
f 893/2188/24 895/2177/24 882/2176/24
f 895/1616/23 894/1614/23 898/1613/23
f 895/1616/23 898/1613/23 897/1615/23
f 896/2179/11 897/2167/11 898/2178/11
f 896/2179/22 898/2178/22 903/2264/22
f 896/2179/22 903/2264/22 902/2265/22
f 897/776/1 882/891/1 895/777/1
f 897/776/1 884/890/1 882/891/1
f 899/2272/12 900/2284/12 901/2273/12
f 899/2272/21 894/2189/21 893/2188/21
f 899/2272/21 901/2273/21 894/2189/21
f 899/2272/26 881/2187/26 887/2271/26
f 899/2272/26 893/2188/26 881/2187/26
f 9/641/17 12/565/17 11/564/17
f 9/641/17 8/642/17 12/565/17
f 901/1534/20 900/1524/20 904/1523/20
f 901/1534/20 904/1523/20 903/1533/20
f 902/2265/13 903/2264/13 904/2274/13
f 902/2265/19 891/2275/19 890/2266/19
f 902/2265/19 904/2274/19 891/2275/19
f 903/1533/2 894/1614/2 901/1534/2
f 903/1533/2 898/1613/2 894/1614/2
f 945/2206/14 947/2205/14 952/2291/14
f 945/2206/14 952/2291/14 951/2292/14
f 945/2206/6 946/2195/6 947/2205/6
f 948/1617/15 947/1626/15 946/1618/15
f 948/1617/15 950/1625/15 947/1626/15
f 948/2194/7 949/2203/7 950/2204/7
f 949/2203/25 948/2194/25 961/2193/25
f 949/2203/25 961/2193/25 960/2202/25
f 950/1625/4 952/1688/4 947/1626/4
f 950/1625/4 956/1687/4 952/1688/4
f 951/2292/18 953/2319/18 964/2320/18
f 951/2292/18 964/2320/18 963/2293/18
f 951/2292/8 952/2291/8 953/2319/8
f 953/1696/17 952/1688/17 956/1687/17
f 953/1696/17 956/1687/17 955/1695/17
f 954/2289/16 950/2204/16 949/2203/16
f 954/2289/16 956/2290/16 950/2204/16
f 954/2289/3 949/2203/3 960/2202/3
f 954/2289/3 960/2202/3 966/2288/3
f 954/2289/9 955/2318/9 956/2290/9
f 955/1489/5 964/1586/5 953/1490/5
f 955/1489/5 968/1585/5 964/1586/5
f 957/2207/10 958/2208/10 959/2196/10
f 957/2207/24 946/2195/24 945/2206/24
f 957/2207/24 959/2196/24 946/2195/24
f 959/1402/23 958/1392/23 962/1391/23
f 959/1402/23 962/1391/23 961/1401/23
f 960/2202/11 961/2193/11 962/2201/11
f 960/2202/22 962/2201/22 967/2287/22
f 960/2202/22 967/2287/22 966/2288/22
f 961/1487/1 946/1584/1 959/1488/1
f 961/1487/1 948/1583/1 946/1584/1
f 963/2293/12 964/2320/12 965/2294/12
f 963/2293/21 958/2208/21 957/2207/21
f 963/2293/21 965/2294/21 958/2208/21
f 963/2293/26 945/2206/26 951/2292/26
f 963/2293/26 957/2207/26 945/2206/26
f 965/1326/20 964/1310/20 968/1309/20
f 965/1326/20 968/1309/20 967/1325/20
f 966/2288/13 967/2287/13 968/2317/13
f 966/2288/19 955/2318/19 954/2289/19
f 966/2288/19 968/2317/19 955/2318/19
f 967/1325/2 958/1392/2 965/1326/2
f 967/1325/2 962/1391/2 958/1392/2
usemtl Racing_kerb_red
f 1000/1003/117 1001/993/117 999/992/117
f 1000/1003/117 1002/1004/117 1001/993/117
f 1002/1067/118 1003/1029/118 1001/1028/118
f 1002/1067/118 1004/1068/118 1003/1029/118
f 1002/521/5 1000/558/5 998/570/5
f 1003/2314/1 1005/2280/1 1007/2254/1
f 1004/1068/4 1005/1030/4 1003/1029/4
f 1004/1068/4 1006/1069/4 1005/1030/4
f 1006/1069/119 1007/1031/119 1005/1030/119
f 1006/1069/119 1008/1070/119 1007/1031/119
f 1006/505/5 1002/521/5 998/570/5
f 1006/505/5 1004/514/5 1002/521/5
f 1006/505/5 998/570/5 994/559/5
f 1007/2254/1 989/2238/1 991/2226/1
f 1007/2254/1 991/2226/1 995/2237/1
f 1008/906/120 989/904/120 1007/903/120
f 1008/906/120 990/907/120 989/904/120
f 1034/2277/113 1035/2261/113 1033/2260/113
f 1034/2277/113 1036/2278/113 1035/2261/113
f 1034/999/5 1052/988/5 1050/987/5
f 1035/2256/1 1037/2240/1 1039/2228/1
f 1036/542/114 1037/588/114 1035/589/114
f 1036/542/114 1038/541/114 1037/588/114
f 1038/1056/5 1034/999/5 1050/987/5
f 1038/1056/5 1036/1010/5 1034/999/5
f 1038/541/2 1039/587/2 1037/588/2
f 1038/541/2 1040/540/2 1039/587/2
f 1039/2228/1 1041/2227/1 1043/2239/1
f 1039/2228/1 1043/2239/1 1047/2281/1
f 1039/2228/1 1047/2281/1 1051/2316/1
f 1040/540/115 1041/586/115 1039/587/115
f 1040/540/115 1042/539/115 1041/586/115
f 1042/1096/5 1040/1097/5 1038/1056/5
f 1042/1508/116 1043/1496/116 1041/1495/116
f 1042/1508/116 1044/1509/116 1043/1496/116
f 1043/2239/1 1045/2255/1 1047/2281/1
f 1044/1509/117 1045/1497/117 1043/1496/117
f 1044/1509/117 1046/1510/117 1045/1497/117
f 1046/1009/5 1044/1055/5 1042/1096/5
f 1046/1071/118 1047/1033/118 1045/1032/118
f 1046/1071/118 1048/1072/118 1047/1033/118
f 1047/2281/1 1049/2315/1 1051/2316/1
f 1048/1072/4 1049/1034/4 1047/1033/4
f 1048/1072/4 1050/1073/4 1049/1034/4
f 1050/1073/119 1051/1035/119 1049/1034/119
f 1050/1073/119 1052/1074/119 1051/1035/119
f 1050/987/5 1042/1096/5 1038/1056/5
f 1050/987/5 1046/1009/5 1042/1096/5
f 1050/987/5 1048/998/5 1046/1009/5
f 1051/2316/1 1033/2282/1 1035/2256/1
f 1051/2316/1 1035/2256/1 1039/2228/1
f 1052/2276/120 1033/2260/120 1051/2259/120
f 1052/2276/120 1034/2277/120 1033/2260/120
f 1054/1532/5 1072/1531/5 1070/1541/5
f 1054/1569/113 1055/1545/113 1053/1544/113
f 1054/1569/113 1056/1570/113 1055/1545/113
f 1055/1054/1 1057/1008/1 1059/997/1
f 1056/546/114 1057/592/114 1055/593/114
f 1056/546/114 1058/545/114 1057/592/114
f 1058/1567/5 1054/1532/5 1070/1541/5
f 1058/1567/5 1056/1542/5 1054/1532/5
f 1058/545/2 1059/591/2 1057/592/2
f 1058/545/2 1060/544/2 1059/591/2
f 1059/997/1 1061/986/1 1063/985/1
f 1059/997/1 1063/985/1 1067/1007/1
f 1059/997/1 1067/1007/1 1071/1094/1
f 1060/544/115 1061/590/115 1059/591/115
f 1060/544/115 1062/543/115 1061/590/115
f 1062/1612/5 1060/1594/5 1058/1567/5
f 1062/2335/116 1063/2304/116 1061/2303/116
f 1062/2335/116 1064/2336/116 1063/2304/116
f 1063/985/1 1065/996/1 1067/1007/1
f 1064/2336/117 1065/2305/117 1063/2304/117
f 1064/2336/117 1066/2337/117 1065/2305/117
f 1066/1593/5 1064/1611/5 1062/1612/5
f 1066/739/118 1067/725/118 1065/724/118
f 1066/739/118 1068/740/118 1067/725/118
f 1067/1007/1 1069/1053/1 1071/1094/1
f 1068/740/4 1069/726/4 1067/725/4
f 1068/740/4 1070/741/4 1069/726/4
f 1070/1541/5 1062/1612/5 1058/1567/5
f 1070/1541/5 1066/1593/5 1062/1612/5
f 1070/1541/5 1068/1566/5 1066/1593/5
f 1070/741/119 1071/727/119 1069/726/119
f 1070/741/119 1072/742/119 1071/727/119
f 1071/1094/1 1053/1095/1 1055/1054/1
f 1071/1094/1 1055/1054/1 1059/997/1
f 1072/1568/120 1053/1544/120 1071/1543/120
f 1072/1568/120 1054/1569/120 1053/1544/120
f 1098/1234/5 1116/1222/5 1114/1206/5
f 1098/2339/113 1099/2308/113 1097/2307/113
f 1098/2339/113 1100/2340/113 1099/2308/113
f 1099/644/1 1101/626/1 1103/625/1
f 1100/550/114 1101/596/114 1099/597/114
f 1100/550/114 1102/549/114 1101/596/114
f 1102/1262/5 1098/1234/5 1114/1206/5
f 1102/1262/5 1100/1254/5 1098/1234/5
f 1102/549/2 1103/595/2 1101/596/2
f 1102/549/2 1104/548/2 1103/595/2
f 1103/625/1 1105/643/1 1107/648/1
f 1103/625/1 1107/648/1 1111/661/1
f 1103/625/1 1111/661/1 1115/659/1
f 1104/548/115 1105/594/115 1103/595/115
f 1104/548/115 1106/547/115 1105/594/115
f 1106/1253/5 1104/1261/5 1102/1262/5
f 1106/16/116 1107/10/116 1105/9/116
f 1106/16/116 1108/17/116 1107/10/116
f 1107/648/1 1109/658/1 1111/661/1
f 1108/17/117 1109/11/117 1107/10/117
f 1108/17/117 1110/18/117 1109/11/117
f 1110/1221/5 1108/1233/5 1106/1253/5
f 1110/320/118 1111/300/118 1109/299/118
f 1110/320/118 1112/321/118 1111/300/118
f 1111/661/1 1113/662/1 1115/659/1
f 1112/321/4 1113/301/4 1111/300/4
f 1112/321/4 1114/322/4 1113/301/4
f 1114/1206/5 1106/1253/5 1102/1262/5
f 1114/1206/5 1110/1221/5 1106/1253/5
f 1114/1206/5 1112/1205/5 1110/1221/5
f 1114/322/119 1115/302/119 1113/301/119
f 1114/322/119 1116/323/119 1115/302/119
f 1115/659/1 1097/649/1 1099/644/1
f 1115/659/1 1099/644/1 1103/625/1
f 1116/2338/120 1097/2307/120 1115/2306/120
f 1116/2338/120 1098/2339/120 1097/2307/120
f 1118/1526/5 1136/1525/5 1134/1535/5
f 1118/23/113 1119/21/113 1117/20/113
f 1118/23/113 1120/24/113 1119/21/113
f 1119/1590/1 1121/1563/1 1123/1538/1
f 1120/731/114 1121/745/114 1119/746/114
f 1120/731/114 1122/730/114 1121/745/114
f 1122/1561/5 1118/1526/5 1134/1535/5
f 1122/1561/5 1120/1536/5 1118/1526/5
f 1122/730/2 1123/744/2 1121/745/2
f 1122/730/2 1124/729/2 1123/744/2
f 1123/1538/1 1125/1528/1 1127/1527/1
f 1123/1538/1 1127/1527/1 1131/1562/1
f 1123/1538/1 1131/1562/1 1135/1607/1
f 1124/729/115 1125/743/115 1123/744/115
f 1124/729/115 1126/728/115 1125/743/115
f 1126/1606/5 1124/1588/5 1122/1561/5
f 1126/34/116 1127/32/116 1125/31/116
f 1126/34/116 1128/35/116 1127/32/116
f 1127/1527/1 1129/1537/1 1131/1562/1
f 1128/35/117 1129/33/117 1127/32/117
f 1128/35/117 1130/36/117 1129/33/117
f 1130/1587/5 1128/1605/5 1126/1606/5
f 1130/324/118 1131/304/118 1129/303/118
f 1130/324/118 1132/325/118 1131/304/118
f 1131/1562/1 1133/1589/1 1135/1607/1
f 1132/325/4 1133/305/4 1131/304/4
f 1132/325/4 1134/326/4 1133/305/4
f 1134/1535/5 1126/1606/5 1122/1561/5
f 1134/1535/5 1130/1587/5 1126/1606/5
f 1134/1535/5 1132/1560/5 1130/1587/5
f 1134/326/119 1135/306/119 1133/305/119
f 1134/326/119 1136/327/119 1135/306/119
f 1135/1607/1 1117/1608/1 1119/1590/1
f 1135/1607/1 1119/1590/1 1123/1538/1
f 1136/22/120 1117/20/120 1135/19/120
f 1136/22/120 1118/23/120 1117/20/120
f 121/1668/14 123/1667/14 128/1761/14
f 121/1668/14 128/1761/14 127/1762/14
f 121/1668/27 122/1651/27 123/1667/27
f 124/144/15 123/175/15 122/176/15
f 124/144/15 126/143/15 123/175/15
f 124/1638/28 125/1647/28 126/1648/28
f 125/1647/25 124/1638/25 137/1637/25
f 125/1647/25 137/1637/25 136/1646/25
f 126/1972/4 128/2057/4 123/2058/4
f 126/1972/4 132/1971/4 128/2057/4
f 127/1762/18 129/1773/18 140/1774/18
f 127/1762/18 140/1774/18 139/1763/18
f 127/1762/29 128/1761/29 129/1773/29
f 129/233/17 128/234/17 132/196/17
f 129/233/17 132/196/17 131/195/17
f 130/1751/16 126/1648/16 125/1647/16
f 130/1751/16 132/1752/16 126/1648/16
f 130/1751/3 125/1647/3 136/1646/3
f 130/1751/3 136/1646/3 142/1750/3
f 130/1751/30 131/1756/30 132/1752/30
f 131/195/5 140/232/5 129/233/5
f 131/195/5 144/194/5 140/232/5
f 133/1669/24 122/1651/24 121/1668/24
f 133/1669/24 135/1652/24 122/1651/24
f 133/1669/31 134/1670/31 135/1652/31
f 135/177/23 134/178/23 138/146/23
f 135/177/23 138/146/23 137/145/23
f 136/1646/22 138/1645/22 143/1749/22
f 136/1646/22 143/1749/22 142/1750/22
f 136/1646/32 137/1637/32 138/1645/32
f 137/145/1 122/176/1 135/177/1
f 137/145/1 124/144/1 122/176/1
f 139/1763/21 134/1670/21 133/1669/21
f 139/1763/21 141/1764/21 134/1670/21
f 139/1763/26 121/1668/26 127/1762/26
f 139/1763/26 133/1669/26 121/1668/26
f 139/1763/33 140/1774/33 141/1764/33
f 141/231/20 140/232/20 144/194/20
f 141/231/20 144/194/20 143/193/20
f 142/1750/19 131/1756/19 130/1751/19
f 142/1750/19 144/1755/19 131/1756/19
f 142/1750/34 143/1749/34 144/1755/34
f 143/1862/2 134/1939/2 141/1940/2
f 143/1862/2 138/1861/2 134/1939/2
f 169/1328/14 171/1327/14 176/1479/14
f 169/1328/14 176/1479/14 175/1480/14
f 169/1328/39 170/1311/39 171/1327/39
f 172/1656/35 173/1677/35 174/1678/35
f 172/248/15 171/289/15 170/290/15
f 172/248/15 174/247/15 171/289/15
f 173/1677/25 172/1656/25 185/1655/25
f 173/1677/25 185/1655/25 184/1676/25
f 174/2072/4 176/2149/4 171/2150/4
f 174/2072/4 180/2071/4 176/2149/4
f 175/1480/18 177/1483/18 188/1484/18
f 175/1480/18 188/1484/18 187/1481/18
f 175/1480/40 176/1479/40 177/1483/40
f 177/2083/17 176/2084/17 180/2006/17
f 177/2083/17 180/2006/17 179/2005/17
f 178/1771/16 174/1678/16 173/1677/16
f 178/1771/16 180/1772/16 174/1678/16
f 178/1771/3 173/1677/3 184/1676/3
f 178/1771/3 184/1676/3 190/1770/3
f 178/1771/36 179/1778/36 180/1772/36
f 179/2005/5 188/2082/5 177/2083/5
f 179/2005/5 192/2004/5 188/2082/5
f 181/1329/24 170/1311/24 169/1328/24
f 181/1329/24 183/1312/24 170/1311/24
f 181/1329/41 182/1330/41 183/1312/41
f 183/291/23 182/292/23 186/250/23
f 183/291/23 186/250/23 185/249/23
f 184/1676/22 186/1675/22 191/1769/22
f 184/1676/22 191/1769/22 190/1770/22
f 184/1676/37 185/1655/37 186/1675/37
f 185/249/1 170/290/1 183/291/1
f 185/249/1 172/248/1 170/290/1
f 187/1481/21 182/1330/21 181/1329/21
f 187/1481/21 189/1482/21 182/1330/21
f 187/1481/26 169/1328/26 175/1480/26
f 187/1481/26 181/1329/26 169/1328/26
f 187/1481/42 188/1484/42 189/1482/42
f 189/2081/20 188/2082/20 192/2004/20
f 189/2081/20 192/2004/20 191/2003/20
f 190/1770/19 179/1778/19 178/1771/19
f 190/1770/19 192/1777/19 179/1778/19
f 190/1770/38 191/1769/38 192/1777/38
f 191/384/2 182/477/2 189/478/2
f 191/384/2 186/383/2 182/477/2
f 241/1726/14 243/1725/14 248/1841/14
f 241/1726/14 248/1841/14 247/1842/14
f 241/1726/27 242/1711/27 243/1725/27
f 244/1318/15 243/1435/15 242/1436/15
f 244/1318/15 246/1317/15 243/1435/15
f 244/1710/28 245/1723/28 246/1724/28
f 245/1723/25 244/1710/25 257/1709/25
f 245/1723/25 257/1709/25 256/1722/25
f 246/1784/4 248/1869/4 243/1870/4
f 246/1784/4 252/1783/4 248/1869/4
f 247/1842/18 249/1853/18 260/1854/18
f 247/1842/18 260/1854/18 259/1843/18
f 247/1842/29 248/1841/29 249/1853/29
f 249/1203/17 248/1204/17 252/1131/17
f 249/1203/17 252/1131/17 251/1130/17
f 25/628/14 27/627/14 32/703/14
f 25/628/14 32/703/14 31/704/14
f 25/628/27 26/615/27 27/627/27
f 250/1839/16 246/1724/16 245/1723/16
f 250/1839/16 252/1840/16 246/1724/16
f 250/1839/3 245/1723/3 256/1722/3
f 250/1839/3 256/1722/3 262/1838/3
f 250/1839/30 251/1852/30 252/1840/30
f 251/1130/5 260/1202/5 249/1203/5
f 251/1130/5 264/1129/5 260/1202/5
f 253/1727/24 242/1711/24 241/1726/24
f 253/1727/24 255/1712/24 242/1711/24
f 253/1727/31 254/1728/31 255/1712/31
f 255/1437/23 254/1438/23 258/1320/23
f 255/1437/23 258/1320/23 257/1319/23
f 256/1722/22 258/1721/22 263/1837/22
f 256/1722/22 263/1837/22 262/1838/22
f 256/1722/32 257/1709/32 258/1721/32
f 257/1319/1 242/1436/1 255/1437/1
f 257/1319/1 244/1318/1 242/1436/1
f 259/1843/21 254/1728/21 253/1727/21
f 259/1843/21 261/1844/21 254/1728/21
f 259/1843/26 241/1726/26 247/1842/26
f 259/1843/26 253/1727/26 241/1726/26
f 259/1843/33 260/1854/33 261/1844/33
f 261/1201/20 260/1202/20 264/1129/20
f 261/1201/20 264/1129/20 263/1128/20
f 262/1838/19 251/1852/19 250/1839/19
f 262/1838/19 264/1851/19 251/1852/19
f 262/1838/34 263/1837/34 264/1851/34
f 263/1666/2 254/1743/2 261/1744/2
f 263/1666/2 258/1665/2 254/1743/2
f 28/1123/28 29/1151/28 30/1152/28
f 28/2022/15 27/2099/15 26/2100/15
f 28/2022/15 30/2021/15 27/2099/15
f 289/1880/14 291/1879/14 296/1999/14
f 289/1880/14 296/1999/14 295/2000/14
f 289/915/27 290/910/27 291/909/27
f 29/1151/25 28/1123/25 41/1122/25
f 29/1151/25 41/1122/25 40/1150/25
f 292/1714/28 293/1731/28 294/1732/28
f 292/783/15 291/909/15 290/910/15
f 292/783/15 294/782/15 291/909/15
f 293/1731/25 292/1714/25 305/1713/25
f 293/1731/25 305/1713/25 304/1730/25
f 294/2122/4 296/2247/4 291/2248/4
f 294/2122/4 300/2121/4 296/2247/4
f 295/2044/18 297/2037/18 308/2036/18
f 295/2044/18 308/2036/18 307/2043/18
f 295/2044/29 296/2038/29 297/2037/29
f 297/2037/17 296/2038/17 300/1950/17
f 297/2037/17 300/1950/17 299/1949/17
f 298/1847/16 294/1732/16 293/1731/16
f 298/1847/16 300/1848/16 294/1732/16
f 298/1847/3 293/1731/3 304/1730/3
f 298/1847/3 304/1730/3 310/1846/3
f 298/1847/30 299/1856/30 300/1848/30
f 299/1949/5 308/2036/5 297/2037/5
f 299/1949/5 312/1948/5 308/2036/5
f 30/2116/4 32/2243/4 27/2244/4
f 30/2116/4 36/2115/4 32/2243/4
f 301/916/24 290/910/24 289/915/24
f 301/916/24 303/911/24 290/910/24
f 301/916/31 302/912/31 303/911/31
f 303/911/23 302/912/23 306/785/23
f 303/911/23 306/785/23 305/784/23
f 304/1730/22 306/1729/22 311/1845/22
f 304/1730/22 311/1845/22 310/1846/22
f 304/1730/32 305/1713/32 306/1729/32
f 305/784/1 290/910/1 303/911/1
f 305/784/1 292/783/1 290/910/1
f 307/2001/21 302/1882/21 301/1881/21
f 307/2001/21 309/2002/21 302/1882/21
f 307/2001/26 289/1880/26 295/2000/26
f 307/2001/26 301/1881/26 289/1880/26
f 307/2043/33 308/2036/33 309/2035/33
f 309/2035/20 308/2036/20 312/1948/20
f 309/2035/20 312/1948/20 311/1947/20
f 31/704/18 33/713/18 44/714/18
f 31/704/18 44/714/18 43/705/18
f 31/704/29 32/703/29 33/713/29
f 310/1846/19 299/1856/19 298/1847/19
f 310/1846/19 312/1855/19 299/1856/19
f 310/1846/34 311/1845/34 312/1855/34
f 311/2118/2 302/2245/2 309/2246/2
f 311/2118/2 306/2117/2 302/2245/2
f 33/2105/17 32/2106/17 36/2028/17
f 33/2105/17 36/2028/17 35/2027/17
f 337/812/14 339/811/14 344/964/14
f 337/812/14 344/964/14 343/965/14
f 337/812/27 338/780/27 339/811/27
f 34/1243/16 30/1152/16 29/1151/16
f 34/1243/16 36/1244/16 30/1152/16
f 34/1243/3 29/1151/3 40/1150/3
f 34/1243/3 40/1150/3 46/1242/3
f 34/1243/30 35/1250/30 36/1244/30
f 340/1896/15 339/1985/15 338/1986/15
f 340/1896/15 342/1895/15 339/1985/15
f 340/378/28 341/393/28 342/394/28
f 341/393/25 340/378/25 353/377/25
f 341/393/25 353/377/25 352/392/25
f 342/8/4 344/29/4 339/30/4
f 342/8/4 348/7/4 344/29/4
f 343/965/18 345/977/18 356/978/18
f 343/965/18 356/978/18 355/966/18
f 343/965/29 344/964/29 345/977/29
f 345/2087/17 344/2088/17 348/2010/17
f 345/2087/17 348/2010/17 347/2009/17
f 346/487/16 342/394/16 341/393/16
f 346/487/16 348/488/16 342/394/16
f 346/487/3 341/393/3 352/392/3
f 346/487/3 352/392/3 358/486/3
f 346/487/30 347/496/30 348/488/30
f 347/2009/5 356/2086/5 345/2087/5
f 347/2009/5 360/2008/5 356/2086/5
f 349/813/24 338/780/24 337/812/24
f 349/813/24 351/781/24 338/780/24
f 349/813/31 350/814/31 351/781/31
f 35/2027/5 44/2104/5 33/2105/5
f 35/2027/5 48/2026/5 44/2104/5
f 351/1987/23 350/1988/23 354/1898/23
f 351/1987/23 354/1898/23 353/1897/23
f 352/392/22 354/391/22 359/485/22
f 352/392/22 359/485/22 358/486/22
f 352/392/32 353/377/32 354/391/32
f 353/1897/1 338/1986/1 351/1987/1
f 353/1897/1 340/1896/1 338/1986/1
f 355/966/21 350/814/21 349/813/21
f 355/966/21 357/967/21 350/814/21
f 355/966/26 337/812/26 343/965/26
f 355/966/26 349/813/26 337/812/26
f 355/966/33 356/978/33 357/967/33
f 357/2085/20 356/2086/20 360/2008/20
f 357/2085/20 360/2008/20 359/2007/20
f 358/486/19 347/496/19 346/487/19
f 358/486/19 360/495/19 347/496/19
f 358/486/34 359/485/34 360/495/34
f 359/2080/2 350/2157/2 357/2158/2
f 359/2080/2 354/2079/2 350/2157/2
f 37/629/24 26/615/24 25/628/24
f 37/629/24 39/616/24 26/615/24
f 37/629/31 38/630/31 39/616/31
f 385/1820/14 387/1819/14 392/1921/14
f 385/1820/14 392/1921/14 391/1922/14
f 385/1820/39 386/1809/39 387/1819/39
f 388/1808/35 389/1817/35 390/1818/35
f 388/2012/15 387/2089/15 386/2090/15
f 388/2012/15 390/2011/15 387/2089/15
f 389/1817/25 388/1808/25 401/1807/25
f 389/1817/25 401/1807/25 400/1816/25
f 39/2101/23 38/2102/23 42/2024/23
f 39/2101/23 42/2024/23 41/2023/23
f 390/198/4 392/235/4 387/236/4
f 390/198/4 396/197/4 392/235/4
f 391/1922/18 393/1931/18 404/1932/18
f 391/1922/18 404/1932/18 403/1923/18
f 391/1922/40 392/1921/40 393/1931/40
f 393/2097/17 392/2098/17 396/2020/17
f 393/2097/17 396/2020/17 395/2019/17
f 394/1919/16 390/1818/16 389/1817/16
f 394/1919/16 396/1920/16 390/1818/16
f 394/1919/3 389/1817/3 400/1816/3
f 394/1919/3 400/1816/3 406/1918/3
f 394/1919/36 395/1930/36 396/1920/36
f 395/2019/5 404/2096/5 393/2097/5
f 395/2019/5 408/2018/5 404/2096/5
f 397/1821/24 386/1809/24 385/1820/24
f 397/1821/24 399/1810/24 386/1809/24
f 397/1821/41 398/1822/41 399/1810/41
f 399/2091/23 398/2092/23 402/2014/23
f 399/2091/23 402/2014/23 401/2013/23
f 40/1150/22 42/1149/22 47/1241/22
f 40/1150/22 47/1241/22 46/1242/22
f 40/1150/32 41/1122/32 42/1149/32
f 400/1816/22 402/1815/22 407/1917/22
f 400/1816/22 407/1917/22 406/1918/22
f 400/1816/37 401/1807/37 402/1815/37
f 401/2013/1 386/2090/1 399/2091/1
f 401/2013/1 388/2012/1 386/2090/1
f 403/1923/21 398/1822/21 397/1821/21
f 403/1923/21 405/1924/21 398/1822/21
f 403/1923/26 385/1820/26 391/1922/26
f 403/1923/26 397/1821/26 385/1820/26
f 403/1923/42 404/1932/42 405/1924/42
f 405/2095/20 404/2096/20 408/2018/20
f 405/2095/20 408/2018/20 407/2017/20
f 406/1918/19 395/1930/19 394/1919/19
f 406/1918/19 408/1929/19 395/1930/19
f 406/1918/38 407/1917/38 408/1929/38
f 407/148/2 398/179/2 405/180/2
f 407/148/2 402/147/2 398/179/2
f 41/2023/1 26/2100/1 39/2101/1
f 41/2023/1 28/2022/1 26/2100/1
f 43/705/21 38/630/21 37/629/21
f 43/705/21 45/706/21 38/630/21
f 43/705/26 25/628/26 31/704/26
f 43/705/26 37/629/26 25/628/26
f 43/705/33 44/714/33 45/706/33
f 45/2103/20 44/2104/20 48/2026/20
f 45/2103/20 48/2026/20 47/2025/20
f 46/1242/19 35/1250/19 34/1243/19
f 46/1242/19 48/1249/19 35/1250/19
f 46/1242/34 47/1241/34 48/1249/34
f 47/2124/2 38/2249/2 45/2250/2
f 47/2124/2 42/2123/2 38/2249/2
f 73/1314/14 75/1313/14 80/1465/14
f 73/1314/14 80/1465/14 79/1466/14
f 73/2033/27 74/2030/27 75/2029/27
f 76/1944/15 75/2029/15 74/2030/15
f 76/1944/15 78/1943/15 75/2029/15
f 76/376/28 77/389/28 78/390/28
f 77/389/25 76/376/25 89/375/25
f 77/389/25 89/375/25 88/388/25
f 78/2114/4 80/2241/4 75/2242/4
f 78/2114/4 84/2113/4 80/2241/4
f 79/480/18 81/475/18 92/474/18
f 79/480/18 92/474/18 91/479/18
f 79/480/29 80/476/29 81/475/29
f 81/475/17 80/476/17 84/382/17
f 81/475/17 84/382/17 83/381/17
f 82/483/16 78/390/16 77/389/16
f 82/483/16 84/484/16 78/390/16
f 82/483/3 77/389/3 88/388/3
f 82/483/3 88/388/3 94/482/3
f 82/483/30 83/494/30 84/484/30
f 83/381/5 92/474/5 81/475/5
f 83/381/5 96/380/5 92/474/5
f 842/520/5 860/513/5 858/504/5
f 842/599/113 843/553/113 841/552/113
f 842/599/113 844/600/113 843/553/113
f 843/1001/1 845/990/1 847/989/1
f 844/408/114 845/437/114 843/438/114
f 844/408/114 846/407/114 845/437/114
f 846/407/2 847/436/2 845/437/2
f 846/407/2 848/406/2 847/436/2
f 846/569/5 842/520/5 858/504/5
f 846/569/5 844/557/5 842/520/5
f 847/989/1 849/1000/1 851/1011/1
f 847/989/1 851/1011/1 855/1098/1
f 847/989/1 855/1098/1 859/1058/1
f 848/406/115 849/435/115 847/436/115
f 848/406/115 850/405/115 849/435/115
f 85/2034/24 74/2030/24 73/2033/24
f 85/2034/24 87/2031/24 74/2030/24
f 85/2034/31 86/2032/31 87/2031/31
f 850/556/5 848/568/5 846/569/5
f 850/747/116 851/733/116 849/732/116
f 850/747/116 852/748/116 851/733/116
f 851/1011/1 853/1057/1 855/1098/1
f 852/748/117 853/734/117 851/733/117
f 852/748/117 854/749/117 853/734/117
f 854/439/118 855/410/118 853/409/118
f 854/439/118 856/440/118 855/410/118
f 854/512/5 852/519/5 850/556/5
f 855/1098/1 857/1099/1 859/1058/1
f 856/440/4 857/411/4 855/410/4
f 856/440/4 858/441/4 857/411/4
f 858/441/119 859/412/119 857/411/119
f 858/441/119 860/442/119 859/412/119
f 858/504/5 850/556/5 846/569/5
f 858/504/5 854/512/5 850/556/5
f 858/504/5 856/503/5 854/512/5
f 859/1058/1 841/1012/1 843/1001/1
f 859/1058/1 843/1001/1 847/989/1
f 860/598/120 841/552/120 859/551/120
f 860/598/120 842/599/120 841/552/120
f 862/1210/5 880/1198/5 878/1196/5
f 862/1264/113 863/1257/113 861/1256/113
f 862/1264/113 864/1265/113 863/1257/113
f 863/1339/1 865/1357/1 867/1379/1
f 864/416/114 865/445/114 863/446/114
f 864/416/114 866/415/114 865/445/114
f 866/1197/5 862/1210/5 878/1196/5
f 866/1197/5 864/1209/5 862/1210/5
f 866/415/2 867/444/2 865/445/2
f 866/415/2 868/414/2 867/444/2
f 867/1379/1 869/1387/1 871/1397/1
f 867/1379/1 871/1397/1 875/1388/1
f 867/1379/1 875/1388/1 879/1358/1
f 868/414/115 869/443/115 867/444/115
f 868/414/115 870/413/115 869/443/115
f 87/2031/23 86/2032/23 90/1946/23
f 87/2031/23 90/1946/23 89/1945/23
f 870/1189/5 868/1195/5 866/1197/5
f 870/328/116 871/308/116 869/307/116
f 870/328/116 872/329/116 871/308/116
f 871/1397/1 873/1398/1 875/1388/1
f 872/329/117 873/309/117 871/308/117
f 872/329/117 874/330/117 873/309/117
f 874/1182/5 872/1181/5 870/1189/5
f 874/447/118 875/418/118 873/417/118
f 874/447/118 876/448/118 875/418/118
f 875/1388/1 877/1380/1 879/1358/1
f 876/448/4 877/419/4 875/418/4
f 876/448/4 878/449/4 877/419/4
f 878/1196/5 870/1189/5 866/1197/5
f 878/1196/5 874/1182/5 870/1189/5
f 878/1196/5 876/1190/5 874/1182/5
f 878/449/119 879/420/119 877/419/119
f 878/449/119 880/450/119 879/420/119
f 879/1358/1 861/1340/1 863/1339/1
f 879/1358/1 863/1339/1 867/1379/1
f 88/388/22 90/387/22 95/481/22
f 88/388/22 95/481/22 94/482/22
f 88/388/32 89/375/32 90/387/32
f 880/1263/120 861/1256/120 879/1255/120
f 880/1263/120 862/1264/120 861/1256/120
f 89/1945/1 74/2030/1 87/2031/1
f 89/1945/1 76/1944/1 74/2030/1
f 906/751/113 907/737/113 905/736/113
f 906/751/113 908/752/113 907/737/113
f 906/846/5 924/844/5 922/816/5
f 907/502/1 909/501/1 911/510/1
f 908/1444/114 909/1455/114 907/1456/114
f 908/1444/114 910/1443/114 909/1455/114
f 91/1467/21 86/1316/21 85/1315/21
f 91/1467/21 93/1468/21 86/1316/21
f 91/1467/26 73/1314/26 79/1466/26
f 91/1467/26 85/1315/26 73/1314/26
f 91/479/33 92/474/33 93/473/33
f 910/1443/2 911/1454/2 909/1455/2
f 910/1443/2 912/1442/2 911/1454/2
f 910/847/5 906/846/5 922/816/5
f 910/847/5 908/848/5 906/846/5
f 911/510/1 913/517/1 915/554/1
f 911/510/1 915/554/1 919/567/1
f 911/510/1 919/567/1 923/518/1
f 912/1442/115 913/1453/115 911/1454/115
f 912/1442/115 914/1441/115 913/1453/115
f 914/1266/116 915/1259/116 913/1258/116
f 914/1266/116 916/1267/116 915/1259/116
f 914/843/5 912/845/5 910/847/5
f 915/554/1 917/566/1 919/567/1
f 916/1267/117 917/1260/117 915/1259/117
f 916/1267/117 918/1268/117 917/1260/117
f 918/574/118 919/528/118 917/527/118
f 918/574/118 920/575/118 919/528/118
f 918/788/5 916/815/5 914/843/5
f 919/567/1 921/555/1 923/518/1
f 920/575/4 921/529/4 919/528/4
f 920/575/4 922/576/4 921/529/4
f 922/576/119 923/530/119 921/529/119
f 922/576/119 924/577/119 923/530/119
f 922/816/5 914/843/5 910/847/5
f 922/816/5 918/788/5 914/843/5
f 922/816/5 920/789/5 918/788/5
f 923/518/1 905/511/1 907/502/1
f 923/518/1 907/502/1 911/510/1
f 924/750/120 905/736/120 923/735/120
f 924/750/120 906/751/120 905/736/120
f 926/1610/5 944/1592/5 942/1565/5
f 926/332/113 927/312/113 925/311/113
f 926/332/113 928/333/113 927/312/113
f 927/983/1 929/994/1 931/1005/1
f 928/1023/114 929/1061/114 927/1062/114
f 928/1023/114 930/1022/114 929/1061/114
f 93/473/20 92/474/20 96/380/20
f 93/473/20 96/380/20 95/379/20
f 930/1022/2 931/1060/2 929/1061/2
f 930/1022/2 932/1021/2 931/1060/2
f 930/1591/5 926/1610/5 942/1565/5
f 930/1591/5 928/1609/5 926/1610/5
f 931/1005/1 933/1051/1 935/1092/1
f 931/1005/1 935/1092/1 939/1052/1
f 931/1005/1 939/1052/1 943/995/1
f 932/1021/115 933/1059/115 931/1060/115
f 932/1021/115 934/1020/115 933/1059/115
f 934/1539/5 932/1564/5 930/1591/5
f 934/2190/116 935/2170/116 933/2169/116
f 934/2190/116 936/2191/116 935/2170/116
f 935/1092/1 937/1093/1 939/1052/1
f 936/2191/117 937/2171/117 935/2170/117
f 936/2191/117 938/2192/117 937/2171/117
f 938/1457/118 939/1446/118 937/1445/118
f 938/1457/118 940/1458/118 939/1446/118
f 938/1530/5 936/1529/5 934/1539/5
f 939/1052/1 941/1006/1 943/995/1
f 94/482/19 83/494/19 82/483/19
f 94/482/19 96/493/19 83/494/19
f 94/482/34 95/481/34 96/493/34
f 940/1458/4 941/1447/4 939/1446/4
f 940/1458/4 942/1459/4 941/1447/4
f 942/1459/119 943/1448/119 941/1447/119
f 942/1459/119 944/1460/119 943/1448/119
f 942/1565/5 934/1539/5 930/1591/5
f 942/1565/5 938/1530/5 934/1539/5
f 942/1565/5 940/1540/5 938/1530/5
f 943/995/1 925/984/1 927/983/1
f 943/995/1 927/983/1 931/1005/1
f 944/331/120 925/311/120 943/310/120
f 944/331/120 926/332/120 925/311/120
f 95/2110/2 86/2235/2 93/2236/2
f 95/2110/2 90/2109/2 86/2235/2
f 970/335/113 971/315/113 969/314/113
f 970/335/113 972/336/113 971/315/113
f 970/692/5 988/681/5 986/676/5
f 971/396/1 973/386/1 975/385/1
f 972/534/114 973/580/114 971/581/114
f 972/534/114 974/533/114 973/580/114
f 974/533/2 975/579/2 973/580/2
f 974/533/2 976/532/2 975/579/2
f 974/712/5 970/692/5 986/676/5
f 974/712/5 972/702/5 970/692/5
f 975/385/1 977/395/1 979/397/1
f 975/385/1 979/397/1 983/451/1
f 975/385/1 983/451/1 987/432/1
f 976/532/115 977/578/115 975/579/115
f 976/532/115 978/531/115 977/578/115
f 978/470/116 979/464/116 977/463/116
f 978/470/116 980/471/116 979/464/116
f 978/701/5 976/711/5 974/712/5
f 979/397/1 981/431/1 983/451/1
f 980/471/117 981/465/117 979/464/117
f 980/471/117 982/472/117 981/465/117
f 982/1063/118 983/1025/118 981/1024/118
f 982/1063/118 984/1064/118 983/1025/118
f 982/680/5 980/691/5 978/701/5
f 983/451/1 985/452/1 987/432/1
f 984/1064/4 985/1026/4 983/1025/4
f 984/1064/4 986/1065/4 985/1026/4
f 986/1065/119 987/1027/119 985/1026/119
f 986/1065/119 988/1066/119 987/1027/119
f 986/676/5 978/701/5 974/712/5
f 986/676/5 982/680/5 978/701/5
f 986/676/5 984/675/5 982/680/5
f 987/432/1 969/398/1 971/396/1
f 987/432/1 971/396/1 975/385/1
f 988/334/120 969/314/120 987/313/120
f 988/334/120 970/335/120 969/314/120
f 990/515/5 1008/506/5 1006/505/5
f 990/907/113 991/905/113 989/904/113
f 990/907/113 992/908/113 991/905/113
f 991/2226/1 993/2225/1 995/2237/1
f 992/538/114 993/584/114 991/585/114
f 992/538/114 994/537/114 993/584/114
f 994/537/2 995/583/2 993/584/2
f 994/537/2 996/536/2 995/583/2
f 994/559/5 990/515/5 1006/505/5
f 994/559/5 992/522/5 990/515/5
f 995/2237/1 1003/2314/1 1007/2254/1
f 995/2237/1 997/2253/1 999/2279/1
f 995/2237/1 999/2279/1 1003/2314/1
f 996/536/115 997/582/115 995/583/115
f 996/536/115 998/535/115 997/582/115
f 998/1002/116 1000/1003/116 999/992/116
f 998/1002/116 999/992/116 997/991/116
f 998/570/5 996/571/5 994/559/5
f 999/2279/1 1001/2313/1 1003/2314/1
usemtl Racing_kerb_white
f 100/44/15 102/43/15 99/79/15
f 100/44/15 99/79/15 98/80/15
f 100/779/28 101/809/28 102/810/28
f 101/809/25 100/779/25 113/778/25
f 101/809/25 113/778/25 112/808/25
f 102/1716/4 104/1813/4 99/1814/4
f 102/1716/4 108/1715/4 104/1813/4
f 103/1746/18 105/1753/18 116/1754/18
f 103/1746/18 116/1754/18 115/1747/18
f 103/1746/29 104/1745/29 105/1753/29
f 105/129/17 104/130/17 108/94/17
f 105/129/17 108/94/17 107/93/17
f 106/962/16 102/810/16 101/809/16
f 106/962/16 108/963/16 102/810/16
f 106/962/3 101/809/3 112/808/3
f 106/962/3 112/808/3 118/961/3
f 106/962/30 107/976/30 108/963/30
f 107/93/5 116/128/5 105/129/5
f 107/93/5 120/92/5 116/128/5
f 109/1643/24 111/1636/24 98/1635/24
f 109/1643/24 98/1635/24 97/1642/24
f 109/1643/31 110/1644/31 111/1636/31
f 111/81/23 110/82/23 114/46/23
f 111/81/23 114/46/23 113/45/23
f 112/808/22 114/807/22 119/960/22
f 112/808/22 119/960/22 118/961/22
f 112/808/32 113/778/32 114/807/32
f 113/45/1 100/44/1 98/80/1
f 113/45/1 98/80/1 111/81/1
f 115/1747/21 110/1644/21 109/1643/21
f 115/1747/21 117/1748/21 110/1644/21
f 115/1747/26 109/1643/26 97/1642/26
f 115/1747/26 97/1642/26 103/1746/26
f 115/1747/33 116/1754/33 117/1748/33
f 117/127/20 116/128/20 120/92/20
f 117/127/20 120/92/20 119/91/20
f 118/961/19 107/976/19 106/962/19
f 118/961/19 120/975/19 107/976/19
f 118/961/34 119/960/34 120/975/34
f 119/1274/2 110/1399/2 117/1400/2
f 119/1274/2 114/1273/2 110/1399/2
f 145/1684/14 147/1683/14 152/1785/14
f 145/1684/14 152/1785/14 151/1786/14
f 145/1684/27 146/1679/27 147/1683/27
f 148/1654/35 149/1673/35 150/1674/35
f 148/1974/15 147/2059/15 146/2060/15
f 148/1974/15 150/1973/15 147/2059/15
f 149/1673/25 148/1654/25 161/1653/25
f 149/1673/25 161/1653/25 160/1672/25
f 150/2070/4 152/2147/4 147/2148/4
f 150/2070/4 156/2069/4 152/2147/4
f 151/1786/18 153/1789/18 164/1790/18
f 151/1786/18 164/1790/18 163/1787/18
f 151/1786/29 152/1785/29 153/1789/29
f 153/2137/17 152/2138/17 156/2066/17
f 153/2137/17 156/2066/17 155/2065/17
f 154/1767/16 150/1674/16 149/1673/16
f 154/1767/16 156/1768/16 150/1674/16
f 154/1767/3 149/1673/3 160/1672/3
f 154/1767/3 160/1672/3 166/1766/3
f 154/1767/36 155/1776/36 156/1768/36
f 155/2065/5 164/2136/5 153/2137/5
f 155/2065/5 168/2064/5 164/2136/5
f 157/1685/24 146/1679/24 145/1684/24
f 157/1685/24 159/1680/24 146/1679/24
f 157/1685/31 158/1686/31 159/1680/31
f 159/2061/23 158/2062/23 162/1976/23
f 159/2061/23 162/1976/23 161/1975/23
f 160/1672/22 162/1671/22 167/1765/22
f 160/1672/22 167/1765/22 166/1766/22
f 160/1672/37 161/1653/37 162/1671/37
f 161/1975/1 146/2060/1 159/2061/1
f 161/1975/1 148/1974/1 146/2060/1
f 163/1787/21 158/1686/21 157/1685/21
f 163/1787/21 165/1788/21 158/1686/21
f 163/1787/26 145/1684/26 151/1786/26
f 163/1787/26 157/1685/26 145/1684/26
f 163/1787/33 164/1790/33 165/1788/33
f 165/2135/20 164/2136/20 168/2064/20
f 165/2135/20 168/2064/20 167/2063/20
f 166/1766/19 155/1776/19 154/1767/19
f 166/1766/19 168/1775/19 155/1776/19
f 166/1766/38 167/1765/38 168/1775/38
f 167/2068/2 158/2143/2 165/2144/2
f 167/2068/2 162/2067/2 158/2143/2
f 193/1718/14 195/1717/14 200/1833/14
f 193/1718/14 200/1833/14 199/1834/14
f 193/1718/39 194/1707/39 195/1717/39
f 196/1125/35 197/1155/35 198/1156/35
f 196/1952/15 195/2039/15 194/2040/15
f 196/1952/15 198/1951/15 195/2039/15
f 197/1155/25 196/1125/25 209/1124/25
f 197/1155/25 209/1124/25 208/1154/25
f 198/2076/4 200/2153/4 195/2154/4
f 198/2076/4 204/2075/4 200/2153/4
f 199/1834/18 201/1849/18 212/1850/18
f 199/1834/18 212/1850/18 211/1835/18
f 199/1834/40 200/1833/40 201/1849/40
f 201/2047/17 200/2048/17 204/1958/17
f 201/2047/17 204/1958/17 203/1957/17
f 202/1247/16 198/1156/16 197/1155/16
f 202/1247/16 204/1248/16 198/1156/16
f 202/1247/3 197/1155/3 208/1154/3
f 202/1247/3 208/1154/3 214/1246/3
f 202/1247/36 203/1252/36 204/1248/36
f 203/1957/5 212/2046/5 201/2047/5
f 203/1957/5 216/1956/5 212/2046/5
f 205/1719/24 194/1707/24 193/1718/24
f 205/1719/24 207/1708/24 194/1707/24
f 205/1719/41 206/1720/41 207/1708/41
f 207/2041/23 206/2042/23 210/1954/23
f 207/2041/23 210/1954/23 209/1953/23
f 208/1154/22 210/1153/22 215/1245/22
f 208/1154/22 215/1245/22 214/1246/22
f 208/1154/37 209/1124/37 210/1153/37
f 209/1953/1 194/2040/1 207/2041/1
f 209/1953/1 196/1952/1 194/2040/1
f 211/1835/21 206/1720/21 205/1719/21
f 211/1835/21 213/1836/21 206/1720/21
f 211/1835/26 193/1718/26 199/1834/26
f 211/1835/26 205/1719/26 193/1718/26
f 211/1835/42 212/1850/42 213/1836/42
f 213/2045/20 212/2046/20 216/1956/20
f 213/2045/20 216/1956/20 215/1955/20
f 214/1246/19 203/1252/19 202/1247/19
f 214/1246/19 216/1251/19 203/1252/19
f 214/1246/38 215/1245/38 216/1251/38
f 215/2074/2 206/2151/2 213/2152/2
f 215/2074/2 210/2073/2 206/2151/2
f 265/1225/27 266/1214/27 267/1213/27
f 265/1876/14 267/1875/14 272/1995/14
f 265/1876/14 272/1995/14 271/1996/14
f 268/1158/15 267/1213/15 266/1214/15
f 268/1158/15 270/1157/15 267/1213/15
f 268/1158/28 269/1126/28 270/1157/28
f 269/1126/25 268/1158/25 281/1159/25
f 269/1126/25 281/1159/25 280/1127/25
f 270/2166/4 272/2399/4 267/2400/4
f 270/2166/4 276/2165/4 272/2399/4
f 271/694/18 273/689/18 284/688/18
f 271/694/18 284/688/18 283/693/18
f 271/694/29 272/690/29 273/689/29
f 273/689/17 272/690/17 276/638/17
f 273/689/17 276/638/17 275/637/17
f 274/1993/16 270/1874/16 269/1873/16
f 274/1993/16 276/1994/16 270/1874/16
f 274/1993/3 269/1873/3 280/1872/3
f 274/1993/3 280/1872/3 286/1992/3
f 274/620/30 275/637/30 276/638/30
f 275/637/5 284/688/5 273/689/5
f 275/637/5 288/636/5 284/688/5
f 277/1226/24 266/1214/24 265/1225/24
f 277/1226/24 279/1215/24 266/1214/24
f 277/1226/31 278/1216/31 279/1215/31
f 279/1215/23 278/1216/23 282/1160/23
f 279/1215/23 282/1160/23 281/1159/23
f 280/1127/32 281/1159/32 282/1160/32
f 280/1872/22 282/1871/22 287/1991/22
f 280/1872/22 287/1991/22 286/1992/22
f 281/1159/1 266/1214/1 279/1215/1
f 281/1159/1 268/1158/1 266/1214/1
f 283/1997/21 278/1878/21 277/1877/21
f 283/1997/21 285/1998/21 278/1878/21
f 283/1997/26 265/1876/26 271/1996/26
f 283/1997/26 277/1877/26 265/1876/26
f 283/693/33 284/688/33 285/687/33
f 285/687/20 284/688/20 288/636/20
f 285/687/20 288/636/20 287/635/20
f 286/619/19 275/637/19 274/620/19
f 286/619/19 288/636/19 275/637/19
f 286/619/34 287/635/34 288/636/34
f 287/1322/2 278/1439/2 285/1440/2
f 287/1322/2 282/1321/2 278/1439/2
f 313/632/14 315/631/14 320/707/14
f 313/632/14 320/707/14 319/708/14
f 313/632/27 314/617/27 315/631/27
f 316/1662/15 315/1739/15 314/1740/15
f 316/1662/15 318/1661/15 315/1739/15
f 316/1734/28 317/1737/28 318/1738/28
f 317/1737/25 316/1734/25 329/1733/25
f 317/1737/25 329/1733/25 328/1736/25
f 318/2078/4 320/2155/4 315/2156/4
f 318/2078/4 324/2077/4 320/2155/4
f 319/708/18 321/715/18 332/716/18
f 319/708/18 332/716/18 331/709/18
f 319/708/29 320/707/29 321/715/29
f 321/1867/17 320/1868/17 324/1782/17
f 321/1867/17 324/1782/17 323/1781/17
f 322/1859/16 318/1738/16 317/1737/16
f 322/1859/16 324/1860/16 318/1738/16
f 322/1859/3 317/1737/3 328/1736/3
f 322/1859/3 328/1736/3 334/1858/3
f 322/1859/30 323/1864/30 324/1860/30
f 323/1781/5 332/1866/5 321/1867/5
f 323/1781/5 336/1780/5 332/1866/5
f 325/633/24 314/617/24 313/632/24
f 325/633/24 327/618/24 314/617/24
f 325/633/31 326/634/31 327/618/31
f 327/1741/23 326/1742/23 330/1664/23
f 327/1741/23 330/1664/23 329/1663/23
f 328/1736/22 330/1735/22 335/1857/22
f 328/1736/22 335/1857/22 334/1858/22
f 328/1736/32 329/1733/32 330/1735/32
f 329/1663/1 314/1740/1 327/1741/1
f 329/1663/1 316/1662/1 314/1740/1
f 331/709/21 326/634/21 325/633/21
f 331/709/21 333/710/21 326/634/21
f 331/709/26 313/632/26 319/708/26
f 331/709/26 325/633/26 313/632/26
f 331/709/33 332/716/33 333/710/33
f 333/1865/20 332/1866/20 336/1780/20
f 333/1865/20 336/1780/20 335/1779/20
f 334/1858/19 323/1864/19 322/1859/19
f 334/1858/19 336/1863/19 323/1864/19
f 334/1858/34 335/1857/34 336/1863/34
f 335/787/2 326/913/2 333/914/2
f 335/787/2 330/786/2 326/913/2
f 361/1804/14 363/1803/14 368/1909/14
f 361/1804/14 368/1909/14 367/1910/14
f 361/1804/27 362/1793/27 363/1803/27
f 364/1792/35 365/1801/35 366/1802/35
f 364/622/15 363/683/15 362/684/15
f 364/622/15 366/621/15 363/683/15
f 365/1801/25 364/1792/25 377/1791/25
f 365/1801/25 377/1791/25 376/1800/25
f 366/96/4 368/131/4 363/132/4
f 366/96/4 372/95/4 368/131/4
f 367/1910/18 369/1915/18 380/1916/18
f 367/1910/18 380/1916/18 379/1911/18
f 367/1910/29 368/1909/29 369/1915/29
f 369/27/17 368/28/17 372/6/17
f 369/27/17 372/6/17 371/5/17
f 370/1907/16 366/1802/16 365/1801/16
f 370/1907/16 372/1908/16 366/1802/16
f 370/1907/3 365/1801/3 376/1800/3
f 370/1907/3 376/1800/3 382/1906/3
f 370/1907/36 371/1914/36 372/1908/36
f 371/5/5 380/26/5 369/27/5
f 371/5/5 384/4/5 380/26/5
f 373/1805/24 362/1793/24 361/1804/24
f 373/1805/24 375/1794/24 362/1793/24
f 373/1805/31 374/1806/31 375/1794/31
f 375/685/23 374/686/23 378/624/23
f 375/685/23 378/624/23 377/623/23
f 376/1800/22 378/1799/22 383/1905/22
f 376/1800/22 383/1905/22 382/1906/22
f 376/1800/37 377/1791/37 378/1799/37
f 377/623/1 362/684/1 375/685/1
f 377/623/1 364/622/1 362/684/1
f 379/1911/21 374/1806/21 373/1805/21
f 379/1911/21 381/1912/21 374/1806/21
f 379/1911/26 361/1804/26 367/1910/26
f 379/1911/26 373/1805/26 361/1804/26
f 379/1911/33 380/1916/33 381/1912/33
f 381/25/20 380/26/20 384/4/20
f 381/25/20 384/4/20 383/3/20
f 382/1906/19 371/1914/19 370/1907/19
f 382/1906/19 384/1913/19 371/1914/19
f 382/1906/38 383/1905/38 384/1913/38
f 383/48/2 374/83/2 381/84/2
f 383/48/2 378/47/2 374/83/2
f 409/1830/14 411/1829/14 416/1935/14
f 409/1830/14 416/1935/14 415/1936/14
f 409/1830/39 410/1827/39 411/1829/39
f 412/1812/35 413/1825/35 414/1826/35
f 412/1960/15 411/2049/15 410/2050/15
f 412/1960/15 414/1959/15 411/2049/15
f 413/1825/25 412/1812/25 425/1811/25
f 413/1825/25 425/1811/25 424/1824/25
f 414/2108/4 416/2229/4 411/2230/4
f 414/2108/4 420/2107/4 416/2229/4
f 415/1936/18 417/1941/18 428/1942/18
f 415/1936/18 428/1942/18 427/1937/18
f 415/1936/40 416/1935/40 417/1941/40
f 417/2055/17 416/2056/17 420/1966/17
f 417/2055/17 420/1966/17 419/1965/17
f 418/1927/16 414/1826/16 413/1825/16
f 418/1927/16 420/1928/16 414/1826/16
f 418/1927/3 413/1825/3 424/1824/3
f 418/1927/3 424/1824/3 430/1926/3
f 418/1927/36 419/1934/36 420/1928/36
f 419/1965/5 428/2054/5 417/2055/5
f 419/1965/5 432/1964/5 428/2054/5
f 421/1831/24 410/1827/24 409/1830/24
f 421/1831/24 423/1828/24 410/1827/24
f 421/1831/41 422/1832/41 423/1828/41
f 423/2051/23 422/2052/23 426/1962/23
f 423/2051/23 426/1962/23 425/1961/23
f 424/1824/22 426/1823/22 431/1925/22
f 424/1824/22 431/1925/22 430/1926/22
f 424/1824/37 425/1811/37 426/1823/37
f 425/1961/1 410/2050/1 423/2051/1
f 425/1961/1 412/1960/1 410/2050/1
f 427/1937/21 422/1832/21 421/1831/21
f 427/1937/21 429/1938/21 422/1832/21
f 427/1937/26 409/1830/26 415/1936/26
f 427/1937/26 421/1831/26 409/1830/26
f 427/1937/42 428/1942/42 429/1938/42
f 429/2053/20 428/2054/20 432/1964/20
f 429/2053/20 432/1964/20 431/1963/20
f 430/1926/19 419/1934/19 418/1927/19
f 430/1926/19 432/1933/19 419/1934/19
f 430/1926/38 431/1925/38 432/1933/38
f 431/252/2 422/293/2 429/294/2
f 431/252/2 426/251/2 422/293/2
f 49/1796/14 51/1795/14 56/1901/14
f 49/1796/14 56/1901/14 55/1902/14
f 49/1977/27 50/1968/27 51/1967/27
f 52/1886/15 51/1967/15 50/1968/15
f 52/1886/15 54/1885/15 51/1967/15
f 52/1886/28 53/1883/28 54/1885/28
f 53/1883/25 52/1886/25 65/1887/25
f 53/1883/25 65/1887/25 64/1884/25
f 54/2016/4 56/2093/4 51/2094/4
f 54/2016/4 60/2015/4 56/2093/4
f 55/1984/18 57/1981/18 68/1980/18
f 55/1984/18 68/1980/18 67/1983/18
f 55/1984/29 56/1982/29 57/1981/29
f 57/1981/17 56/1982/17 60/1894/17
f 57/1981/17 60/1894/17 59/1893/17
f 58/1759/16 54/1660/16 53/1659/16
f 58/1759/16 60/1760/16 54/1660/16
f 58/1759/3 53/1659/3 64/1658/3
f 58/1759/3 64/1658/3 70/1758/3
f 58/1890/30 59/1893/30 60/1894/30
f 59/1893/5 68/1980/5 57/1981/5
f 59/1893/5 72/1892/5 68/1980/5
f 61/1978/24 50/1968/24 49/1977/24
f 61/1978/24 63/1969/24 50/1968/24
f 61/1978/31 62/1970/31 63/1969/31
f 63/1969/23 62/1970/23 66/1888/23
f 63/1969/23 66/1888/23 65/1887/23
f 64/1658/22 66/1657/22 71/1757/22
f 64/1658/22 71/1757/22 70/1758/22
f 64/1884/32 65/1887/32 66/1888/32
f 65/1887/1 50/1968/1 63/1969/1
f 65/1887/1 52/1886/1 50/1968/1
f 67/1903/21 62/1798/21 61/1797/21
f 67/1903/21 69/1904/21 62/1798/21
f 67/1903/26 49/1796/26 55/1902/26
f 67/1903/26 61/1797/26 49/1796/26
f 67/1983/33 68/1980/33 69/1979/33
f 69/1979/20 68/1980/20 72/1892/20
f 69/1979/20 72/1892/20 71/1891/20
f 70/1889/19 59/1893/19 58/1890/19
f 70/1889/19 72/1892/19 59/1893/19
f 70/1889/34 71/1891/34 72/1892/34
f 71/1900/2 62/1989/2 69/1990/2
f 71/1900/2 66/1899/2 62/1989/2
f 97/1642/14 104/1745/14 103/1746/14
f 97/1642/14 99/1641/14 104/1745/14
f 97/1642/27 98/1635/27 99/1641/27
usemtl Racing_kerb_white_steel
f 433/58/14 435/57/14 440/85/14
f 433/58/14 440/85/14 439/86/14
f 433/58/39 434/55/39 435/57/39
f 436/2/35 437/14/35 438/15/35
f 436/218/15 435/227/15 434/228/15
f 436/218/15 438/217/15 435/227/15
f 437/14/25 436/2/25 449/1/25
f 437/14/25 449/1/25 448/13/25
f 438/1478/4 440/1511/4 435/1512/4
f 438/1478/4 444/1477/4 440/1511/4
f 439/86/18 441/89/18 452/90/18
f 439/86/18 452/90/18 451/87/18
f 439/86/40 440/85/40 441/89/40
f 441/261/17 440/262/17 444/246/17
f 441/261/17 444/246/17 443/245/17
f 442/39/16 438/15/16 437/14/16
f 442/39/16 444/40/16 438/15/16
f 442/39/3 437/14/3 448/13/3
f 442/39/3 448/13/3 454/38/3
f 442/39/36 443/42/36 444/40/36
f 443/245/5 452/260/5 441/261/5
f 443/245/5 456/244/5 452/260/5
f 445/59/24 434/55/24 433/58/24
f 445/59/24 447/56/24 434/55/24
f 445/59/41 446/60/41 447/56/41
f 447/229/23 446/230/23 450/220/23
f 447/229/23 450/220/23 449/219/23
f 448/13/22 450/12/22 455/37/22
f 448/13/22 455/37/22 454/38/22
f 448/13/37 449/1/37 450/12/37
f 449/219/1 434/228/1 447/229/1
f 449/219/1 436/218/1 434/228/1
f 451/87/21 446/60/21 445/59/21
f 451/87/21 453/88/21 446/60/21
f 451/87/26 433/58/26 439/86/26
f 451/87/26 445/59/26 433/58/26
f 451/87/42 452/90/42 453/88/42
f 453/259/20 452/260/20 456/244/20
f 453/259/20 456/244/20 455/243/20
f 454/38/19 443/42/19 442/39/19
f 454/38/19 456/41/19 443/42/19
f 454/38/38 455/37/38 456/41/38
f 455/351/2 446/373/2 453/374/2
f 455/351/2 450/350/2 446/373/2
f 457/170/14 459/169/14 464/201/14
f 457/170/14 464/201/14 463/202/14
f 457/170/39 458/163/39 459/169/39
f 460/110/43 461/113/43 462/114/43
f 460/270/15 459/283/15 458/284/15
f 460/270/15 462/269/15 459/283/15
f 461/113/25 460/110/25 473/109/25
f 461/113/25 473/109/25 472/112/25
f 462/1650/4 464/1681/4 459/1682/4
f 462/1650/4 468/1649/4 464/1681/4
f 463/202/18 465/209/18 476/210/18
f 463/202/18 476/210/18 475/203/18
f 463/202/40 464/201/40 465/209/40
f 465/341/17 464/342/17 468/298/17
f 465/341/17 468/298/17 467/297/17
f 466/153/16 462/114/16 461/113/16
f 466/153/16 468/154/16 462/114/16
f 466/153/3 461/113/3 472/112/3
f 466/153/3 472/112/3 478/152/3
f 466/153/44 467/156/44 468/154/44
f 467/297/5 476/340/5 465/341/5
f 467/297/5 480/296/5 476/340/5
f 469/171/24 458/163/24 457/170/24
f 469/171/24 471/164/24 458/163/24
f 469/171/41 470/172/41 471/164/41
f 471/285/23 470/286/23 474/272/23
f 471/285/23 474/272/23 473/271/23
f 472/112/22 474/111/22 479/151/22
f 472/112/22 479/151/22 478/152/22
f 472/112/45 473/109/45 474/111/45
f 473/271/1 458/284/1 471/285/1
f 473/271/1 460/270/1 458/284/1
f 475/203/21 470/172/21 469/171/21
f 475/203/21 477/204/21 470/172/21
f 475/203/26 457/170/26 463/202/26
f 475/203/26 469/171/26 457/170/26
f 475/203/42 476/210/42 477/204/42
f 477/339/20 476/340/20 480/296/20
f 477/339/20 480/296/20 479/295/20
f 478/152/19 467/156/19 466/153/19
f 478/152/19 480/155/19 467/156/19
f 478/152/46 479/151/46 480/155/46
f 479/1547/2 470/1595/2 477/1596/2
f 479/1547/2 474/1546/2 470/1595/2
f 481/74/14 483/77/14 488/78/14
f 481/74/14 488/78/14 487/75/14
f 481/74/47 482/73/47 483/77/47
f 484/1271/15 483/1276/15 482/1272/15
f 484/1271/15 486/1275/15 483/1276/15
f 484/51/43 485/52/43 486/49/43
f 485/52/25 484/51/25 497/61/25
f 485/52/25 497/61/25 496/62/25
f 486/1275/4 488/1296/4 483/1276/4
f 486/1275/4 492/1295/4 488/1296/4
f 487/75/18 489/76/18 500/72/18
f 487/75/18 500/72/18 499/71/18
f 487/75/48 488/78/48 489/76/48
f 489/1300/17 488/1296/17 492/1295/17
f 489/1300/17 492/1295/17 491/1299/17
f 490/53/16 486/49/16 485/52/16
f 490/53/16 492/50/16 486/49/16
f 490/53/3 485/52/3 496/62/3
f 490/53/3 496/62/3 502/63/3
f 490/53/44 491/54/44 492/50/44
f 491/1413/5 500/1428/5 489/1414/5
f 491/1413/5 504/1427/5 500/1428/5
f 493/70/24 482/73/24 481/74/24
f 493/70/24 495/69/24 482/73/24
f 493/70/49 494/67/49 495/69/49
f 495/1240/23 494/1238/23 498/1237/23
f 495/1240/23 498/1237/23 497/1239/23
f 496/62/22 498/65/22 503/66/22
f 496/62/22 503/66/22 502/63/22
f 496/62/45 497/61/45 498/65/45
f 497/1411/1 482/1426/1 495/1412/1
f 497/1411/1 484/1425/1 482/1426/1
f 499/71/21 494/67/21 493/70/21
f 499/71/21 501/68/21 494/67/21
f 499/71/26 481/74/26 487/75/26
f 499/71/26 493/70/26 481/74/26
f 499/71/50 500/72/50 501/68/50
f 501/1228/20 500/1220/20 504/1219/20
f 501/1228/20 504/1219/20 503/1227/20
f 502/63/19 491/54/19 490/53/19
f 502/63/19 504/64/19 491/54/19
f 502/63/46 503/66/46 504/64/46
f 503/1227/2 494/1238/2 501/1228/2
f 503/1227/2 498/1237/2 494/1238/2
f 505/2164/54 506/2162/54 507/2160/54
f 505/2164/62 507/2160/62 512/2159/62
f 505/2164/62 512/2159/62 511/2163/62
f 505/820/72 517/793/72 519/792/72
f 505/820/72 519/792/72 506/819/72
f 508/516/55 509/509/55 510/508/55
f 508/818/63 507/833/63 506/819/63
f 508/818/63 510/832/63 507/833/63
f 509/817/73 508/818/73 521/791/73
f 509/817/73 521/791/73 520/790/73
f 510/508/53 512/498/53 507/507/53
f 510/508/53 516/499/53 512/498/53
f 511/2163/56 512/2159/56 513/2161/56
f 513/796/65 512/770/65 516/769/65
f 513/796/65 516/769/65 515/795/65
f 514/2112/52 509/2111/52 520/2125/52
f 514/2112/52 520/2125/52 526/2126/52
f 514/500/57 515/497/57 516/499/57
f 514/500/64 510/508/64 509/509/64
f 514/500/64 516/499/64 510/508/64
f 514/794/67 526/821/67 528/822/67
f 514/794/67 528/822/67 515/795/67
f 515/795/5 524/823/5 513/796/5
f 515/795/5 528/822/5 524/823/5
f 517/468/58 518/467/58 519/469/58
f 520/2125/59 521/2127/59 522/2133/59
f 520/2125/70 522/2133/70 527/2134/70
f 520/2125/70 527/2134/70 526/2126/70
f 521/791/1 506/819/1 519/792/1
f 521/791/1 508/818/1 506/819/1
f 521/791/71 518/768/71 522/767/71
f 521/791/71 519/792/71 518/768/71
f 523/2172/74 505/2164/74 511/2163/74
f 523/2172/74 517/2173/74 505/2164/74
f 523/462/60 524/457/60 525/461/60
f 523/462/69 518/467/69 517/468/69
f 523/462/69 525/461/69 518/467/69
f 523/824/66 511/797/66 513/796/66
f 523/824/66 513/796/66 524/823/66
f 526/2126/61 527/2134/61 528/2128/61
f 527/460/51 518/467/51 525/461/51
f 527/460/51 522/466/51 518/467/51
f 527/834/68 524/823/68 528/822/68
f 527/834/68 525/835/68 524/823/68
f 529/122/14 531/125/14 536/126/14
f 529/122/14 536/126/14 535/123/14
f 529/122/47 530/121/47 531/125/47
f 532/871/15 531/874/15 530/872/15
f 532/871/15 534/873/15 531/874/15
f 532/99/43 533/100/43 534/97/43
f 533/100/25 532/99/25 545/103/25
f 533/100/25 545/103/25 544/104/25
f 534/873/4 536/900/4 531/874/4
f 534/873/4 540/899/4 536/900/4
f 535/123/18 537/124/18 548/120/18
f 535/123/18 548/120/18 547/119/18
f 535/123/48 536/126/48 537/124/48
f 537/902/17 536/900/17 540/899/17
f 537/902/17 540/899/17 539/901/17
f 538/101/16 534/97/16 533/100/16
f 538/101/16 540/98/16 534/97/16
f 538/101/3 533/100/3 544/104/3
f 538/101/3 544/104/3 550/105/3
f 538/101/44 539/102/44 540/98/44
f 539/1421/5 548/1432/5 537/1422/5
f 539/1421/5 552/1431/5 548/1432/5
f 541/118/24 530/121/24 529/122/24
f 541/118/24 543/117/24 530/121/24
f 541/118/41 542/115/41 543/117/41
f 543/842/23 542/840/23 546/839/23
f 543/842/23 546/839/23 545/841/23
f 544/104/22 546/107/22 551/108/22
f 544/104/22 551/108/22 550/105/22
f 544/104/45 545/103/45 546/107/45
f 545/1415/1 530/1430/1 543/1416/1
f 545/1415/1 532/1429/1 530/1430/1
f 547/119/21 542/115/21 541/118/21
f 547/119/21 549/116/21 542/115/21
f 547/119/26 529/122/26 535/123/26
f 547/119/26 541/118/26 529/122/26
f 547/119/42 548/120/42 549/116/42
f 549/806/20 548/775/20 552/774/20
f 549/806/20 552/774/20 551/805/20
f 550/105/19 539/102/19 538/101/19
f 550/105/19 552/106/19 539/102/19
f 550/105/46 551/108/46 552/106/46
f 551/805/2 542/840/2 549/806/2
f 551/805/2 546/839/2 542/840/2
f 553/607/78 554/610/78 555/608/78
f 553/607/86 555/608/86 560/605/86
f 553/607/86 560/605/86 559/604/86
f 553/956/96 565/937/96 567/936/96
f 553/956/96 567/936/96 554/955/96
f 554/955/87 556/954/87 558/970/87
f 554/955/87 558/970/87 555/971/87
f 556/2263/79 557/2258/79 558/2269/79
f 558/609/77 560/605/77 555/608/77
f 558/609/77 564/606/77 560/605/77
f 559/1039/90 561/1038/90 572/1077/90
f 559/1039/90 572/1077/90 571/1078/90
f 559/604/80 560/605/80 561/603/80
f 562/1036/91 574/1075/91 576/1076/91
f 562/1036/91 576/1076/91 563/1037/91
f 562/2257/76 557/2258/76 568/2252/76
f 562/2257/76 568/2252/76 574/2251/76
f 562/2257/81 563/2262/81 564/2268/81
f 562/2257/88 558/2269/88 557/2258/88
f 562/2257/88 564/2268/88 558/2269/88
f 563/1037/5 572/1077/5 561/1038/5
f 563/1037/5 576/1076/5 572/1077/5
f 563/1037/89 560/1014/89 564/1013/89
f 563/1037/89 561/1038/89 560/1014/89
f 565/2341/82 566/2325/82 567/2333/82
f 568/887/83 569/898/83 570/888/83
f 568/887/94 570/888/94 575/869/94
f 568/887/94 575/869/94 574/868/94
f 568/934/97 556/954/97 569/935/97
f 568/934/97 557/953/97 556/954/97
f 569/935/1 554/955/1 567/936/1
f 569/935/1 556/954/1 554/955/1
f 569/935/95 566/924/95 570/923/95
f 569/935/95 567/936/95 566/924/95
f 571/2342/84 572/2334/84 573/2326/84
f 571/2342/93 566/2325/93 565/2341/93
f 571/2342/93 573/2326/93 566/2325/93
f 571/2342/98 553/2377/98 559/2378/98
f 571/2342/98 565/2341/98 553/2377/98
f 574/868/85 575/869/85 576/855/85
f 575/1100/92 572/1077/92 576/1076/92
f 575/1100/92 573/1101/92 572/1077/92
f 575/869/75 566/889/75 573/870/75
f 575/869/75 570/888/75 566/889/75
f 577/166/14 579/173/14 584/174/14
f 577/166/14 584/174/14 583/167/14
f 577/166/47 578/165/47 579/173/47
f 580/1293/15 579/1298/15 578/1294/15
f 580/1293/15 582/1297/15 579/1298/15
f 580/135/43 581/136/43 582/133/43
f 581/136/25 580/135/25 593/139/25
f 581/136/25 593/139/25 592/140/25
f 582/1297/4 584/1302/4 579/1298/4
f 582/1297/4 588/1301/4 584/1302/4
f 583/167/18 585/168/18 596/162/18
f 583/167/18 596/162/18 595/161/18
f 583/167/48 584/174/48 585/168/48
f 585/1304/17 584/1302/17 588/1301/17
f 585/1304/17 588/1301/17 587/1303/17
f 586/137/16 582/133/16 581/136/16
f 586/137/16 588/134/16 582/133/16
f 586/137/3 581/136/3 592/140/3
f 586/137/3 592/140/3 598/141/3
f 586/137/44 587/138/44 588/134/44
f 587/1395/5 596/1408/5 585/1396/5
f 587/1395/5 600/1407/5 596/1408/5
f 589/160/24 578/165/24 577/166/24
f 589/160/24 591/159/24 578/165/24
f 589/160/49 590/157/49 591/159/49
f 591/982/23 590/980/23 594/979/23
f 591/982/23 594/979/23 593/981/23
f 592/140/22 594/149/22 599/150/22
f 592/140/22 599/150/22 598/141/22
f 592/140/45 593/139/45 594/149/45
f 593/1307/1 578/1342/1 591/1308/1
f 593/1307/1 580/1341/1 578/1342/1
f 595/161/21 590/157/21 589/160/21
f 595/161/21 597/158/21 590/157/21
f 595/161/26 577/166/26 583/167/26
f 595/161/26 589/160/26 577/166/26
f 595/161/50 596/162/50 597/158/50
f 597/944/20 596/942/20 600/941/20
f 597/944/20 600/941/20 599/943/20
f 598/141/19 587/138/19 586/137/19
f 598/141/19 600/142/19 587/138/19
f 598/141/46 599/150/46 600/142/46
f 599/943/2 590/980/2 597/944/2
f 599/943/2 594/979/2 590/980/2
f 601/1218/54 602/1212/54 603/1208/54
f 601/1218/62 603/1208/62 608/1207/62
f 601/1218/62 608/1207/62 607/1217/62
f 602/827/63 604/826/63 606/836/63
f 602/827/63 606/836/63 603/837/63
f 604/660/99 605/657/99 606/656/99
f 605/825/73 604/826/73 617/799/73
f 605/825/73 617/799/73 616/798/73
f 606/656/53 608/650/53 603/655/53
f 606/656/53 612/651/53 608/650/53
f 607/1217/56 608/1207/56 609/1211/56
f 610/2328/52 605/2327/52 616/2359/52
f 610/2328/52 616/2359/52 622/2360/52
f 610/652/100 611/647/100 612/651/100
f 610/652/64 606/656/64 605/657/64
f 610/652/64 612/651/64 606/656/64
f 610/856/67 622/875/67 624/876/67
f 610/856/67 624/876/67 611/857/67
f 611/857/5 620/877/5 609/858/5
f 611/857/5 624/876/5 620/877/5
f 611/857/65 608/850/65 612/849/65
f 611/857/65 609/858/65 608/850/65
f 613/801/72 602/827/72 601/828/72
f 613/801/72 615/800/72 602/827/72
f 613/959/58 614/958/58 615/972/58
f 615/800/71 614/772/71 618/771/71
f 615/800/71 618/771/71 617/799/71
f 616/2359/59 617/2361/59 618/2379/59
f 616/2359/70 618/2379/70 623/2380/70
f 616/2359/70 623/2380/70 622/2360/70
f 617/799/1 602/827/1 615/800/1
f 617/799/1 604/826/1 602/827/1
f 619/1229/74 601/1218/74 607/1217/74
f 619/1229/74 613/1230/74 601/1218/74
f 619/878/66 607/859/66 609/858/66
f 619/878/66 609/858/66 620/877/66
f 619/940/60 620/925/60 621/939/60
f 619/940/69 614/958/69 613/959/69
f 619/940/69 621/939/69 614/958/69
f 622/2360/61 623/2380/61 624/2362/61
f 623/892/68 620/877/68 624/876/68
f 623/892/68 621/893/68 620/877/68
f 623/938/51 614/958/51 621/939/51
f 623/938/51 618/957/51 614/958/51
f 625/2183/14 627/2182/14 632/2217/14
f 625/2183/14 632/2217/14 631/2218/14
f 625/2183/47 626/2174/47 627/2182/47
f 628/1331/15 627/1344/15 626/1332/15
f 628/1331/15 630/1343/15 627/1344/15
f 628/2120/43 629/2131/43 630/2132/43
f 629/2131/25 628/2120/25 641/2119/25
f 629/2131/25 641/2119/25 640/2130/25
f 630/1343/4 632/1362/4 627/1344/4
f 630/1343/4 636/1361/4 632/1362/4
f 631/2218/18 633/2223/18 644/2224/18
f 631/2218/18 644/2224/18 643/2219/18
f 631/2218/48 632/2217/48 633/2223/48
f 633/1370/17 632/1362/17 636/1361/17
f 633/1370/17 636/1361/17 635/1369/17
f 634/2141/16 630/2132/16 629/2131/16
f 634/2141/16 636/2142/16 630/2132/16
f 634/2141/3 629/2131/3 640/2130/3
f 634/2141/3 640/2130/3 646/2140/3
f 634/2141/44 635/2146/44 636/2142/44
f 635/1409/5 644/1424/5 633/1410/5
f 635/1409/5 648/1423/5 644/1424/5
f 637/2184/24 626/2174/24 625/2183/24
f 637/2184/24 639/2175/24 626/2174/24
f 637/2184/49 638/2185/49 639/2175/49
f 639/1354/23 638/1352/23 642/1351/23
f 639/1354/23 642/1351/23 641/1353/23
f 640/2130/22 642/2129/22 647/2139/22
f 640/2130/22 647/2139/22 646/2140/22
f 640/2130/45 641/2119/45 642/2129/45
f 641/753/1 626/762/1 639/754/1
f 641/753/1 628/761/1 626/762/1
f 643/2219/21 638/2185/21 637/2184/21
f 643/2219/21 645/2220/21 638/2185/21
f 643/2219/26 625/2183/26 631/2218/26
f 643/2219/26 637/2184/26 625/2183/26
f 643/2219/50 644/2224/50 645/2220/50
f 645/1324/20 644/1306/20 648/1305/20
f 645/1324/20 648/1305/20 647/1323/20
f 646/2140/19 635/2146/19 634/2141/19
f 646/2140/19 648/2145/19 635/2146/19
f 646/2140/46 647/2139/46 648/2145/46
f 647/1323/2 638/1352/2 645/1324/2
f 647/1323/2 642/1351/2 638/1352/2
f 649/1087/101 650/1106/101 651/1088/101
f 649/1087/86 651/1088/86 656/1049/86
f 649/1087/86 656/1049/86 655/1048/86
f 649/882/96 661/863/96 663/862/96
f 649/882/96 663/862/96 650/881/96
f 650/881/87 652/880/87 654/894/87
f 650/881/87 654/894/87 651/895/87
f 652/338/79 653/319/79 654/344/79
f 654/1089/77 656/1049/77 651/1088/77
f 654/1089/77 660/1050/77 656/1049/77
f 655/1048/102 656/1049/102 657/1019/102
f 655/867/90 657/866/90 668/885/90
f 655/867/90 668/885/90 667/886/90
f 657/866/89 656/854/89 660/853/89
f 657/866/89 660/853/89 659/865/89
f 658/318/76 653/319/76 664/317/76
f 658/318/76 664/317/76 670/316/76
f 658/318/81 659/337/81 660/343/81
f 658/318/88 654/344/88 653/319/88
f 658/318/88 660/343/88 654/344/88
f 659/865/5 668/885/5 657/866/5
f 659/865/5 672/884/5 668/885/5
f 661/2371/103 662/2349/103 663/2365/103
f 664/677/104 665/682/104 666/678/104
f 664/677/94 666/678/94 671/673/94
f 664/677/94 671/673/94 670/672/94
f 664/860/97 652/880/97 665/861/97
f 664/860/97 653/879/97 652/880/97
f 665/861/1 650/881/1 663/862/1
f 665/861/1 652/880/1 650/881/1
f 665/861/95 662/852/95 666/851/95
f 665/861/95 663/862/95 662/852/95
f 667/2372/84 668/2366/84 669/2350/84
f 667/2372/93 662/2349/93 661/2371/93
f 667/2372/93 669/2350/93 662/2349/93
f 667/2372/98 649/2389/98 655/2390/98
f 667/2372/98 661/2371/98 649/2389/98
f 670/672/105 671/673/105 672/671/105
f 670/883/91 659/865/91 658/864/91
f 670/883/91 672/884/91 659/865/91
f 671/673/75 662/679/75 669/674/75
f 671/673/75 666/678/75 662/679/75
f 671/896/92 668/885/92 672/884/92
f 671/896/92 669/897/92 668/885/92
f 673/212/14 675/215/14 680/216/14
f 673/212/14 680/216/14 679/213/14
f 673/212/47 674/211/47 675/215/47
f 676/1335/15 675/1348/15 674/1336/15
f 676/1335/15 678/1347/15 675/1348/15
f 676/183/43 677/184/43 678/181/43
f 677/184/25 676/183/25 689/187/25
f 677/184/25 689/187/25 688/188/25
f 678/1347/4 680/1366/4 675/1348/4
f 678/1347/4 684/1365/4 680/1366/4
f 679/213/18 681/214/18 692/208/18
f 679/213/18 692/208/18 691/207/18
f 679/213/48 680/216/48 681/214/48
f 681/1374/17 680/1366/17 684/1365/17
f 681/1374/17 684/1365/17 683/1373/17
f 682/185/16 678/181/16 677/184/16
f 682/185/16 684/182/16 678/181/16
f 682/185/3 677/184/3 688/188/3
f 682/185/3 688/188/3 694/189/3
f 682/185/44 683/186/44 684/182/44
f 683/1451/5 692/1464/5 681/1452/5
f 683/1451/5 696/1463/5 692/1464/5
f 685/206/24 674/211/24 673/212/24
f 685/206/24 687/205/24 674/211/24
f 685/206/49 686/199/49 687/205/49
f 687/1372/23 686/1364/23 690/1363/23
f 687/1372/23 690/1363/23 689/1371/23
f 688/188/22 690/191/22 695/192/22
f 688/188/22 695/192/22 694/189/22
f 688/188/45 689/187/45 690/191/45
f 689/1433/1 674/1450/1 687/1434/1
f 689/1433/1 676/1449/1 674/1450/1
f 691/207/21 686/199/21 685/206/21
f 691/207/21 693/200/21 686/199/21
f 691/207/26 673/212/26 679/213/26
f 691/207/26 685/206/26 673/212/26
f 691/207/50 692/208/50 693/200/50
f 693/1346/20 692/1334/20 696/1333/20
f 693/1346/20 696/1333/20 695/1345/20
f 694/189/19 683/186/19 682/185/19
f 694/189/19 696/190/19 683/186/19
f 694/189/46 695/192/46 696/190/46
f 695/1345/2 686/1364/2 693/1346/2
f 695/1345/2 690/1363/2 686/1364/2
f 697/2374/54 698/2368/54 699/2354/54
f 697/2374/62 699/2354/62 704/2353/62
f 697/2374/62 704/2353/62 703/2373/62
f 698/1081/63 700/1080/63 702/1102/63
f 698/1081/63 702/1102/63 699/1103/63
f 700/1170/99 701/1167/99 702/1166/99
f 702/1166/53 704/1134/53 699/1165/53
f 702/1166/53 708/1135/53 704/1134/53
f 703/2373/106 704/2353/106 705/2367/106
f 706/1044/67 718/1083/67 720/1084/67
f 706/1044/67 720/1084/67 707/1045/67
f 706/1136/57 707/1107/57 708/1135/57
f 706/1136/64 702/1166/64 701/1167/64
f 706/1136/64 708/1135/64 702/1166/64
f 706/2352/52 701/2351/52 712/2381/52
f 706/2352/52 712/2381/52 718/2382/52
f 707/1045/5 716/1085/5 705/1046/5
f 707/1045/5 720/1084/5 716/1085/5
f 707/1045/65 704/1018/65 708/1017/65
f 707/1045/65 705/1046/65 704/1018/65
f 709/1043/72 698/1081/72 697/1082/72
f 709/1043/72 711/1042/72 698/1081/72
f 709/723/107 710/722/107 711/738/107
f 712/1040/73 700/1080/73 713/1041/73
f 712/1040/73 701/1079/73 700/1080/73
f 712/2381/59 713/2385/59 714/2391/59
f 712/2381/70 714/2391/70 719/2392/70
f 712/2381/70 719/2392/70 718/2382/70
f 713/1041/1 698/1081/1 711/1042/1
f 713/1041/1 700/1080/1 698/1081/1
f 713/1041/71 710/1016/71 714/1015/71
f 713/1041/71 711/1042/71 710/1016/71
f 715/1086/66 703/1047/66 705/1046/66
f 715/1086/66 705/1046/66 716/1085/66
f 715/2393/74 697/2374/74 703/2373/74
f 715/2393/74 709/2394/74 697/2374/74
f 715/720/108 716/717/108 717/719/108
f 715/720/69 710/722/69 709/723/69
f 715/720/69 717/719/69 710/722/69
f 718/2382/61 719/2392/61 720/2386/61
f 719/1104/68 716/1085/68 720/1084/68
f 719/1104/68 717/1105/68 716/1085/68
f 719/718/51 710/722/51 717/719/51
f 719/718/51 714/721/51 710/722/51
f 721/264/14 723/267/14 728/268/14
f 721/264/14 728/268/14 727/265/14
f 721/264/39 722/263/39 723/267/39
f 724/1355/15 723/1360/15 722/1356/15
f 724/1355/15 726/1359/15 723/1360/15
f 724/223/43 725/224/43 726/221/43
f 725/224/25 724/223/25 737/237/25
f 725/224/25 737/237/25 736/238/25
f 726/1359/4 728/1382/4 723/1360/4
f 726/1359/4 732/1381/4 728/1382/4
f 727/265/18 729/266/18 740/258/18
f 727/265/18 740/258/18 739/257/18
f 727/265/40 728/268/40 729/266/40
f 729/1386/17 728/1382/17 732/1381/17
f 729/1386/17 732/1381/17 731/1385/17
f 730/225/16 726/221/16 725/224/16
f 730/225/16 732/222/16 726/221/16
f 730/225/3 725/224/3 736/238/3
f 730/225/3 736/238/3 742/239/3
f 730/225/44 731/226/44 732/222/44
f 731/1175/5 740/1194/5 729/1176/5
f 731/1175/5 744/1193/5 740/1194/5
f 733/256/24 722/263/24 721/264/24
f 733/256/24 735/255/24 722/263/24
f 733/256/49 734/253/49 735/255/49
f 735/1376/23 734/1368/23 738/1367/23
f 735/1376/23 738/1367/23 737/1375/23
f 736/238/22 738/241/22 743/242/22
f 736/238/22 743/242/22 742/239/22
f 736/238/45 737/237/45 738/241/45
f 737/1120/1 722/1169/1 735/1121/1
f 737/1120/1 724/1168/1 722/1169/1
f 739/257/21 734/253/21 733/256/21
f 739/257/21 741/254/21 734/253/21
f 739/257/26 721/264/26 727/265/26
f 739/257/26 733/256/26 721/264/26
f 739/257/50 740/258/50 741/254/50
f 741/1350/20 740/1338/20 744/1337/20
f 741/1350/20 744/1337/20 743/1349/20
f 742/239/19 731/226/19 730/225/19
f 742/239/19 744/240/19 731/226/19
f 742/239/46 743/242/46 744/240/46
f 743/1349/2 734/1368/2 741/1350/2
f 743/1349/2 738/1367/2 734/1368/2
f 745/829/101 746/838/101 747/830/101
f 745/829/86 747/830/86 752/803/86
f 745/829/86 752/803/86 751/802/86
f 745/948/96 757/929/96 759/928/96
f 745/948/96 759/928/96 746/947/96
f 748/2388/79 749/2384/79 750/2396/79
f 748/946/87 747/969/87 746/947/87
f 748/946/87 750/968/87 747/969/87
f 750/831/77 752/803/77 747/830/77
f 750/831/77 756/804/77 752/803/77
f 751/802/102 752/803/102 753/773/102
f 754/2383/76 749/2384/76 760/2356/76
f 754/2383/76 760/2356/76 766/2355/76
f 754/2383/81 755/2387/81 756/2395/81
f 754/2383/88 750/2396/88 749/2384/88
f 754/2383/88 756/2395/88 750/2396/88
f 755/931/5 764/951/5 753/932/5
f 755/931/5 768/950/5 764/951/5
f 755/931/89 752/922/89 756/921/89
f 755/931/89 753/932/89 752/922/89
f 757/2375/103 758/2357/103 759/2369/103
f 759/928/95 758/920/95 762/919/95
f 759/928/95 762/919/95 761/927/95
f 760/369/83 761/372/83 762/370/83
f 760/369/94 762/370/94 767/357/94
f 760/369/94 767/357/94 766/356/94
f 760/926/97 748/946/97 761/927/97
f 760/926/97 749/945/97 748/946/97
f 761/927/1 746/947/1 759/928/1
f 761/927/1 748/946/1 746/947/1
f 763/2376/84 764/2370/84 765/2358/84
f 763/2376/93 758/2357/93 757/2375/93
f 763/2376/93 765/2358/93 758/2357/93
f 763/2376/98 745/2397/98 751/2398/98
f 763/2376/98 757/2375/98 745/2397/98
f 763/952/90 751/933/90 753/932/90
f 763/952/90 753/932/90 764/951/90
f 765/974/92 764/951/92 768/950/92
f 765/974/92 768/950/92 767/973/92
f 766/356/85 767/357/85 768/347/85
f 766/949/91 755/931/91 754/930/91
f 766/949/91 768/950/91 755/931/91
f 767/357/75 758/371/75 765/358/75
f 767/357/75 762/370/75 758/371/75
f 769/2346/14 771/2363/14 776/2364/14
f 769/2346/14 776/2364/14 775/2347/14
f 769/2346/47 770/2345/47 771/2363/47
f 772/1403/15 771/1406/15 770/1404/15
f 772/1403/15 774/1405/15 771/1406/15
f 772/275/43 773/276/43 774/273/43
f 773/276/25 772/275/25 785/279/25
f 773/276/25 785/279/25 784/280/25
f 774/1405/4 776/1418/4 771/1406/4
f 774/1405/4 780/1417/4 776/1418/4
f 775/2347/18 777/2348/18 788/2312/18
f 775/2347/18 788/2312/18 787/2311/18
f 775/2347/48 776/2364/48 777/2348/48
f 777/1420/17 776/1418/17 780/1417/17
f 777/1420/17 780/1417/17 779/1419/17
f 778/277/16 774/273/16 773/276/16
f 778/277/16 780/274/16 774/273/16
f 778/277/3 773/276/3 784/280/3
f 778/277/3 784/280/3 790/281/3
f 778/277/44 779/278/44 780/274/44
f 779/1461/5 788/1486/5 777/1462/5
f 779/1461/5 792/1485/5 788/1486/5
f 781/2310/24 770/2345/24 769/2346/24
f 781/2310/24 783/2309/24 770/2345/24
f 781/2310/49 782/2285/49 783/2309/49
f 783/1394/23 782/1390/23 786/1389/23
f 783/1394/23 786/1389/23 785/1393/23
f 784/280/22 786/287/22 791/288/22
f 784/280/22 791/288/22 790/281/22
f 784/280/45 785/279/45 786/287/45
f 785/1223/1 770/1236/1 783/1224/1
f 785/1223/1 772/1235/1 770/1236/1
f 787/2311/21 782/2285/21 781/2310/21
f 787/2311/21 789/2286/21 782/2285/21
f 787/2311/26 769/2346/26 775/2347/26
f 787/2311/26 781/2310/26 769/2346/26
f 787/2311/50 788/2312/50 789/2286/50
f 789/1384/20 788/1378/20 792/1377/20
f 789/1384/20 792/1377/20 791/1383/20
f 790/281/19 779/278/19 778/277/19
f 790/281/19 792/282/19 779/278/19
f 790/281/46 791/288/46 792/282/46
f 791/1383/2 782/1390/2 789/1384/2
f 791/1383/2 786/1389/2 782/1390/2
usemtl Racing_sponsor_cyan
f 793/402/14 795/401/14 800/425/14
f 793/402/14 800/425/14 799/426/14
f 793/402/47 794/399/47 795/401/47
f 796/346/43 797/354/43 798/355/43
f 796/525/15 795/561/15 794/526/15
f 796/525/15 798/560/15 795/561/15
f 797/354/25 796/346/25 809/345/25
f 797/354/25 809/345/25 808/353/25
f 798/560/4 800/573/4 795/561/4
f 798/560/4 804/572/4 800/573/4
f 799/426/18 801/433/18 812/434/18
f 799/426/18 812/434/18 811/427/18
f 799/426/48 800/425/48 801/433/48
f 801/602/17 800/573/17 804/572/17
f 801/602/17 804/572/17 803/601/17
f 802/365/16 798/355/16 797/354/16
f 802/365/16 804/366/16 798/355/16
f 802/365/3 797/354/3 808/353/3
f 802/365/3 808/353/3 814/364/3
f 802/365/44 803/368/44 804/366/44
f 803/654/5 812/765/5 801/766/5
f 803/654/5 816/653/5 812/765/5
f 805/403/24 794/399/24 793/402/24
f 805/403/24 807/400/24 794/399/24
f 805/403/49 806/404/49 807/400/49
f 807/764/23 806/760/23 810/759/23
f 807/764/23 810/759/23 809/763/23
f 808/353/22 810/352/22 815/363/22
f 808/353/22 815/363/22 814/364/22
f 808/353/45 809/345/45 810/352/45
f 809/456/1 794/611/1 807/612/1
f 809/456/1 796/455/1 794/611/1
f 811/427/21 806/404/21 805/403/21
f 811/427/21 813/428/21 806/404/21
f 811/427/26 793/402/26 799/426/26
f 811/427/26 805/403/26 793/402/26
f 811/427/50 812/434/50 813/428/50
f 813/758/20 812/756/20 816/755/20
f 813/758/20 816/755/20 815/757/20
f 814/364/19 803/368/19 802/365/19
f 814/364/19 816/367/19 803/368/19
f 814/364/46 815/363/46 816/367/46
f 815/757/2 806/760/2 813/758/2
f 815/757/2 810/759/2 806/760/2
