# Blender 4.0.2
# www.blender.org
mtllib spike_trap.mtl
o spike_trap
v 0.880000 0.010000 -0.880000
v 0.880000 0.070000 -0.880000
v 0.880000 0.010000 0.880000
v 0.880000 0.070000 0.880000
v -0.880000 0.010000 -0.880000
v -0.880000 0.070000 -0.880000
v -0.880000 0.010000 0.880000
v -0.880000 0.070000 0.880000
v 0.970000 0.000000 0.870000
v 0.970000 0.030000 0.840000
v 1.000000 0.030000 0.870000
v 0.970000 0.110000 0.840000
v 0.970000 0.140000 0.870000
v 1.000000 0.110000 0.870000
v 0.970000 0.000000 0.970000
v 1.000000 0.030000 0.970000
v 0.970000 0.030000 1.000000
v 0.970000 0.140000 0.970000
v 0.970000 0.110000 1.000000
v 1.000000 0.110000 0.970000
v -0.970000 0.000000 0.870000
v -1.000000 0.030000 0.870000
v -0.970000 0.030000 0.840000
v -0.970000 0.140000 0.870000
v -0.970000 0.110000 0.840000
v -1.000000 0.110000 0.870000
v -0.970000 0.000000 0.970000
v -0.970000 0.030000 1.000000
v -1.000000 0.030000 0.970000
v -0.970000 0.140000 0.970000
v -1.000000 0.110000 0.970000
v -0.970000 0.110000 1.000000
v 0.570000 0.139500 0.895000
v 0.570000 0.149500 0.895000
v 0.570000 0.139500 0.945000
v 0.570000 0.149500 0.945000
v 0.270000 0.139500 0.895000
v 0.270000 0.149500 0.895000
v 0.270000 0.139500 0.945000
v 0.270000 0.149500 0.945000
v -0.270000 0.139500 0.895000
v -0.270000 0.149500 0.895000
v -0.270000 0.139500 0.945000
v -0.270000 0.149500 0.945000
v -0.570000 0.139500 0.895000
v -0.570000 0.149500 0.895000
v -0.570000 0.139500 0.945000
v -0.570000 0.149500 0.945000
v 0.970000 0.000000 -0.970000
v 0.970000 0.030000 -1.000000
v 1.000000 0.030000 -0.970000
v 0.970000 0.110000 -1.000000
v 0.970000 0.140000 -0.970000
v 1.000000 0.110000 -0.970000
v 0.970000 0.000000 -0.870000
v 1.000000 0.030000 -0.870000
v 0.970000 0.030000 -0.840000
v 0.970000 0.140000 -0.870000
v 0.970000 0.110000 -0.840000
v 1.000000 0.110000 -0.870000
v -0.970000 0.000000 -0.970000
v -1.000000 0.030000 -0.970000
v -0.970000 0.030000 -1.000000
v -0.970000 0.140000 -0.970000
v -0.970000 0.110000 -1.000000
v -1.000000 0.110000 -0.970000
v -0.970000 0.000000 -0.870000
v -0.970000 0.030000 -0.840000
v -1.000000 0.030000 -0.870000
v -0.970000 0.140000 -0.870000
v -1.000000 0.110000 -0.870000
v -0.970000 0.110000 -0.840000
v 0.570000 0.139500 -0.945000
v 0.570000 0.149500 -0.945000
v 0.570000 0.139500 -0.895000
v 0.570000 0.149500 -0.895000
v 0.270000 0.139500 -0.945000
v 0.270000 0.149500 -0.945000
v 0.270000 0.139500 -0.895000
v 0.270000 0.149500 -0.895000
v -0.270000 0.139500 -0.945000
v -0.270000 0.149500 -0.945000
v -0.270000 0.139500 -0.895000
v -0.270000 0.149500 -0.895000
v -0.570000 0.139500 -0.945000
v -0.570000 0.149500 -0.945000
v -0.570000 0.139500 -0.895000
v -0.570000 0.149500 -0.895000
v -0.870000 0.000000 -0.810000
v -0.870000 0.030000 -0.840000
v -0.840000 0.030000 -0.810000
v -0.870000 0.110000 -0.840000
v -0.870000 0.140000 -0.810000
v -0.840000 0.110000 -0.810000
v -0.870000 0.000000 0.810000
v -0.840000 0.030000 0.810000
v -0.870000 0.030000 0.840000
v -0.870000 0.140000 0.810000
v -0.870000 0.110000 0.840000
v -0.840000 0.110000 0.810000
v -0.970000 0.000000 -0.810000
v -1.000000 0.030000 -0.810000
v -0.970000 0.030000 -0.840000
v -0.970000 0.140000 -0.810000
v -0.970000 0.110000 -0.840000
v -1.000000 0.110000 -0.810000
v -0.970000 0.000000 0.810000
v -0.970000 0.030000 0.840000
v -1.000000 0.030000 0.810000
v -0.970000 0.140000 0.810000
v -1.000000 0.110000 0.810000
v -0.970000 0.110000 0.840000
v -0.945000 0.139500 -0.570000
v -0.945000 0.149500 -0.570000
v -0.895000 0.139500 -0.570000
v -0.895000 0.149500 -0.570000
v -0.945000 0.139500 -0.270000
v -0.945000 0.149500 -0.270000
v -0.895000 0.139500 -0.270000
v -0.895000 0.149500 -0.270000
v -0.945000 0.139500 0.270000
v -0.945000 0.149500 0.270000
v -0.895000 0.139500 0.270000
v -0.895000 0.149500 0.270000
v -0.945000 0.139500 0.570000
v -0.945000 0.149500 0.570000
v -0.895000 0.139500 0.570000
v -0.895000 0.149500 0.570000
v 0.970000 0.000000 -0.810000
v 0.970000 0.030000 -0.840000
v 1.000000 0.030000 -0.810000
v 0.970000 0.110000 -0.840000
v 0.970000 0.140000 -0.810000
v 1.000000 0.110000 -0.810000
v 0.970000 0.000000 0.810000
v 1.000000 0.030000 0.810000
v 0.970000 0.030000 0.840000
v 0.970000 0.140000 0.810000
v 0.970000 0.110000 0.840000
v 1.000000 0.110000 0.810000
v 0.870000 0.000000 -0.810000
v 0.840000 0.030000 -0.810000
v 0.870000 0.030000 -0.840000
v 0.870000 0.140000 -0.810000
v 0.870000 0.110000 -0.840000
v 0.840000 0.110000 -0.810000
v 0.870000 0.000000 0.810000
v 0.870000 0.030000 0.840000
v 0.840000 0.030000 0.810000
v 0.870000 0.140000 0.810000
v 0.840000 0.110000 0.810000
v 0.870000 0.110000 0.840000
v 0.895000 0.139500 -0.570000
v 0.895000 0.149500 -0.570000
v 0.945000 0.139500 -0.570000
v 0.945000 0.149500 -0.570000
v 0.895000 0.139500 -0.270000
v 0.895000 0.149500 -0.270000
v 0.945000 0.139500 -0.270000
v 0.945000 0.149500 -0.270000
v 0.895000 0.139500 0.270000
v 0.895000 0.149500 0.270000
v 0.945000 0.139500 0.270000
v 0.945000 0.149500 0.270000
v 0.895000 0.139500 0.570000
v 0.895000 0.149500 0.570000
v 0.945000 0.139500 0.570000
v 0.945000 0.149500 0.570000
v -0.030000 0.072007 0.050000
v -0.050000 0.052007 0.050000
v -0.050000 0.072007 0.030000
v -0.800000 0.072007 0.030000
v -0.800000 0.052007 0.050000
v -0.820000 0.072007 0.050000
v -0.800000 0.052007 0.061186
v -0.805239 0.072007 0.083495
v -0.484761 0.072007 0.376505
v -0.470000 0.052007 0.390000
v -0.457196 0.072007 0.405364
v -0.382804 0.072007 0.494636
v -0.370000 0.052007 0.510000
v -0.356092 0.072007 0.524372
v -0.083908 0.072007 0.805628
v -0.061523 0.052007 0.800000
v -0.030000 0.072007 0.800000
v -0.050000 0.072007 0.820000
v -0.050000 0.052007 0.800000
v -0.030000 0.112007 0.050000
v -0.050000 0.112007 0.030000
v -0.050000 0.132007 0.050000
v -0.820000 0.112007 0.050000
v -0.800000 0.132007 0.050000
v -0.800000 0.112007 0.030000
v -0.805239 0.112007 0.083495
v -0.800000 0.132007 0.061186
v -0.457196 0.112007 0.405364
v -0.470000 0.132007 0.390000
v -0.484761 0.112007 0.376505
v -0.356092 0.112007 0.524372
v -0.370000 0.132007 0.510000
v -0.382804 0.112007 0.494636
v -0.050000 0.112007 0.820000
v -0.061523 0.132007 0.800000
v -0.083908 0.112007 0.805628
v -0.030000 0.112007 0.800000
v -0.050000 0.132007 0.800000
v -0.135000 0.076007 0.820000
v -0.182124 0.046007 0.790000
v -0.127115 0.076007 0.799728
v -0.382885 0.076007 0.565272
v -0.405000 0.046007 0.545000
v -0.424206 0.076007 0.521953
v -0.485794 0.076007 0.448047
v -0.505000 0.046007 0.425000
v -0.526046 0.076007 0.403620
v -0.798954 0.076007 0.126380
v -0.790000 0.046007 0.178241
v -0.820000 0.076007 0.135000
v -0.790000 0.076007 0.820000
v -0.820000 0.076007 0.790000
v -0.790000 0.046007 0.790000
v -0.135000 0.096007 0.820000
v -0.127115 0.096007 0.799728
v -0.182124 0.126007 0.790000
v -0.424206 0.096007 0.521953
v -0.405000 0.126007 0.545000
v -0.382885 0.096007 0.565272
v -0.526046 0.096007 0.403620
v -0.505000 0.126007 0.425000
v -0.485794 0.096007 0.448047
v -0.820000 0.096007 0.135000
v -0.790000 0.126007 0.178241
v -0.798954 0.096007 0.126380
v -0.790000 0.096007 0.820000
v -0.790000 0.126007 0.790000
v -0.820000 0.096007 0.790000
v 0.820000 0.087284 0.060000
v 0.790000 0.057284 0.060000
v 0.790000 0.087284 0.030000
v 0.060000 0.087284 0.030000
v 0.060000 0.057284 0.060000
v 0.030000 0.087284 0.060000
v 0.030000 0.087284 0.790000
v 0.060000 0.057284 0.790000
v 0.060000 0.087284 0.820000
v 0.820000 0.087284 0.790000
v 0.790000 0.087284 0.820000
v 0.790000 0.057284 0.790000
v 0.820000 0.107284 0.060000
v 0.790000 0.107284 0.030000
v 0.790000 0.137284 0.060000
v 0.030000 0.107284 0.060000
v 0.060000 0.137284 0.060000
v 0.060000 0.107284 0.030000
v 0.060000 0.107284 0.820000
v 0.060000 0.137284 0.790000
v 0.030000 0.107284 0.790000
v 0.820000 0.107284 0.790000
v 0.790000 0.137284 0.790000
v 0.790000 0.107284 0.820000
v 0.820000 0.072735 -0.800000
v 0.800000 0.052735 -0.800000
v 0.800000 0.072735 -0.820000
v 0.050000 0.072735 -0.820000
v 0.050000 0.052735 -0.800000
v 0.030000 0.072735 -0.800000
v 0.050000 0.052735 -0.788814
v 0.044761 0.072735 -0.766505
v 0.365239 0.072735 -0.473495
v 0.380000 0.052735 -0.460000
v 0.392804 0.072735 -0.444636
v 0.467196 0.072735 -0.355364
v 0.480000 0.052735 -0.340000
v 0.493908 0.072735 -0.325628
v 0.766092 0.072735 -0.044372
v 0.788477 0.052735 -0.050000
v 0.820000 0.072735 -0.050000
v 0.800000 0.072735 -0.030000
v 0.800000 0.052735 -0.050000
v 0.820000 0.112735 -0.800000
v 0.800000 0.112735 -0.820000
v 0.800000 0.132735 -0.800000
v 0.030000 0.112735 -0.800000
v 0.050000 0.132735 -0.800000
v 0.050000 0.112735 -0.820000
v 0.044761 0.112735 -0.766505
v 0.050000 0.132735 -0.788814
v 0.392804 0.112735 -0.444636
v 0.380000 0.132735 -0.460000
v 0.365239 0.112735 -0.473495
v 0.493908 0.112735 -0.325628
v 0.480000 0.132735 -0.340000
v 0.467196 0.112735 -0.355364
v 0.800000 0.112735 -0.030000
v 0.788477 0.132735 -0.050000
v 0.766092 0.112735 -0.044372
v 0.820000 0.112735 -0.050000
v 0.800000 0.132735 -0.050000
v 0.715000 0.076735 -0.030000
v 0.667876 0.046735 -0.060000
v 0.722885 0.076735 -0.050272
v 0.467115 0.076735 -0.284728
v 0.445000 0.046735 -0.305000
v 0.425794 0.076735 -0.328047
v 0.364206 0.076735 -0.401953
v 0.345000 0.046735 -0.425000
v 0.323954 0.076735 -0.446380
v 0.051046 0.076735 -0.723620
v 0.060000 0.046735 -0.671759
v 0.030000 0.076735 -0.715000
v 0.060000 0.076735 -0.030000
v 0.030000 0.076735 -0.060000
v 0.060000 0.046735 -0.060000
v 0.715000 0.096735 -0.030000
v 0.722885 0.096735 -0.050272
v 0.667876 0.126735 -0.060000
v 0.425794 0.096735 -0.328047
v 0.445000 0.126735 -0.305000
v 0.467115 0.096735 -0.284728
v 0.323954 0.096735 -0.446380
v 0.345000 0.126735 -0.425000
v 0.364206 0.096735 -0.401953
v 0.030000 0.096735 -0.715000
v 0.060000 0.126735 -0.671759
v 0.051046 0.096735 -0.723620
v 0.060000 0.096735 -0.030000
v 0.060000 0.126735 -0.060000
v 0.030000 0.096735 -0.060000
v -0.030000 0.086959 -0.790000
v -0.060000 0.056959 -0.790000
v -0.060000 0.086959 -0.820000
v -0.790000 0.086959 -0.820000
v -0.790000 0.056959 -0.790000
v -0.820000 0.086959 -0.790000
v -0.820000 0.086959 -0.060000
v -0.790000 0.056959 -0.060000
v -0.790000 0.086959 -0.030000
v -0.030000 0.086959 -0.060000
v -0.060000 0.086959 -0.030000
v -0.060000 0.056959 -0.060000
v -0.030000 0.106959 -0.790000
v -0.060000 0.106959 -0.820000
v -0.060000 0.136959 -0.790000
v -0.820000 0.106959 -0.790000
v -0.790000 0.136959 -0.790000
v -0.790000 0.106959 -0.820000
v -0.790000 0.106959 -0.030000
v -0.790000 0.136959 -0.060000
v -0.820000 0.106959 -0.060000
v -0.030000 0.106959 -0.060000
v -0.060000 0.136959 -0.060000
v -0.060000 0.106959 -0.030000
v 0.000082 0.022050 0.054962
v 0.006492 0.181437 0.038999
v -0.047552 0.022939 0.027481
v -0.032481 0.182164 0.016514
v -0.047634 0.020889 -0.027481
v -0.032549 0.180487 -0.028454
v -0.000082 0.017950 -0.054962
v 0.006357 0.178082 -0.050939
v 0.047552 0.017061 -0.027481
v 0.045330 0.177355 -0.028454
v 0.047634 0.019111 0.027481
v 0.045398 0.179032 0.016514
v 0.006090 0.171452 0.039372
v 0.020337 0.525736 -0.012894
v -0.032883 0.172179 0.016888
v 0.015141 0.525833 -0.015892
v -0.032950 0.170502 -0.028081
v 0.015132 0.525610 -0.021888
v 0.005956 0.168097 -0.050565
v 0.020320 0.525289 -0.024886
v 0.044929 0.167370 -0.028081
v 0.025516 0.525192 -0.021888
v 0.044996 0.169047 0.016888
v 0.025525 0.525416 -0.015892
v -0.000234 0.025204 -0.565247
v -0.007344 0.183378 -0.590357
v -0.047700 0.020463 -0.592624
v -0.046180 0.179499 -0.612755
v -0.047466 0.015259 -0.647376
v -0.045989 0.175241 -0.657553
v 0.000234 0.014796 -0.674753
v -0.006961 0.174862 -0.679952
v 0.047700 0.019537 -0.647376
v 0.031875 0.178741 -0.657553
v 0.047466 0.024741 -0.592624
v 0.031683 0.182999 -0.612755
v -0.006897 0.173433 -0.589409
v -0.019177 0.446609 -0.654602
v -0.045733 0.169554 -0.611808
v -0.024355 0.446092 -0.657589
v -0.045542 0.165296 -0.656606
v -0.024330 0.445525 -0.663562
v -0.006514 0.164917 -0.679005
v -0.019126 0.445474 -0.666548
v 0.032322 0.168796 -0.656606
v -0.013948 0.445991 -0.663562
v 0.032130 0.173054 -0.611808
v -0.013973 0.446559 -0.657589
v 0.000043 0.018288 -0.165027
v -0.004007 0.178470 -0.170039
v -0.047595 0.017940 -0.192513
v -0.042984 0.178186 -0.192528
v -0.047638 0.019652 -0.247487
v -0.043019 0.179587 -0.237506
v -0.000043 0.021712 -0.274973
v -0.004078 0.181272 -0.259995
v 0.047595 0.022060 -0.247487
v 0.034898 0.181557 -0.237506
v 0.047638 0.020348 -0.192513
v 0.034934 0.180156 -0.192528
v -0.003755 0.168478 -0.170350
v -0.010499 0.435200 -0.201055
v -0.042731 0.168194 -0.192839
v -0.015696 0.435162 -0.204054
v -0.042767 0.169595 -0.237817
v -0.015701 0.435349 -0.210051
v -0.003826 0.171280 -0.260306
v -0.010509 0.435573 -0.213049
v 0.035151 0.171565 -0.237817
v -0.005312 0.435611 -0.210051
v 0.035186 0.170164 -0.192839
v -0.005307 0.435424 -0.204054
v -0.000509 0.014394 0.274711
v 0.013967 0.173922 0.281138
v -0.047691 0.021502 0.247356
v -0.024636 0.179737 0.258756
v -0.047182 0.027107 0.192644
v -0.024220 0.184324 0.213993
v 0.000509 0.025606 0.165289
v 0.014799 0.183095 0.191611
v 0.047691 0.018498 0.192644
v 0.053403 0.177280 0.213993
v 0.047182 0.012893 0.247356
v 0.052987 0.172694 0.258756
v 0.013068 0.164015 0.280115
v 0.042674 0.490279 0.274613
v -0.025535 0.169830 0.257733
v 0.037527 0.491054 0.271629
v -0.025119 0.174417 0.212969
v 0.037582 0.491666 0.265660
v 0.013901 0.173188 0.190587
v 0.042785 0.491502 0.262676
v 0.052504 0.167373 0.212969
v 0.047932 0.490727 0.265660
v 0.052088 0.162787 0.257733
v 0.047876 0.490115 0.271629
v -0.000222 0.017709 0.674952
v 0.015260 0.177237 0.671658
v -0.047520 0.023455 0.647476
v -0.023438 0.181939 0.649178
v -0.047297 0.025747 0.592524
v -0.023256 0.183814 0.604217
v 0.000222 0.022291 0.565048
v 0.015624 0.180987 0.581737
v 0.047520 0.016545 0.592524
v 0.054322 0.176285 0.604217
v 0.047297 0.014253 0.647476
v 0.054140 0.174410 0.649178
v 0.014295 0.167293 0.671239
v 0.038865 0.420457 0.642861
v -0.024403 0.171995 0.648759
v 0.033705 0.421084 0.639864
v -0.024221 0.173870 0.603799
v 0.033729 0.421334 0.633869
v 0.014659 0.171043 0.581318
v 0.038913 0.420957 0.630872
v 0.053357 0.166341 0.603799
v 0.044073 0.420330 0.633869
v 0.053175 0.164466 0.648759
v 0.044049 0.420080 0.639864
v 0.620231 0.022573 0.054939
v 0.634508 0.181286 0.037435
v 0.572676 0.025554 0.027470
v 0.595599 0.183725 0.014960
v 0.572444 0.022981 -0.027470
v 0.595410 0.181620 -0.029991
v 0.619769 0.017427 -0.054939
v 0.634130 0.177075 -0.052466
v 0.667324 0.014446 -0.027470
v 0.673039 0.174636 -0.029991
v 0.667556 0.017019 0.027470
v 0.673228 0.176742 0.014960
v 0.633614 0.171337 0.037904
v 0.656284 0.423359 -0.013038
v 0.594704 0.173776 0.015429
v 0.651096 0.423684 -0.016034
v 0.594515 0.171671 -0.029521
v 0.651071 0.423403 -0.022028
v 0.633235 0.167127 -0.051996
v 0.656234 0.422797 -0.025024
v 0.672144 0.164688 -0.029521
v 0.661421 0.422472 -0.022028
v 0.672333 0.166793 0.015429
v 0.661447 0.422753 -0.016034
v 0.219735 0.022841 0.054926
v 0.204918 0.181416 0.036640
v 0.172442 0.016989 0.027463
v 0.166224 0.176628 0.014170
v 0.172708 0.014148 -0.027463
v 0.166442 0.174304 -0.030770
v 0.220265 0.017159 -0.054926
v 0.205352 0.176767 -0.053239
v 0.267558 0.023011 -0.027463
v 0.244046 0.181555 -0.030770
v 0.267292 0.025852 0.027463
v 0.243829 0.183879 0.014170
v 0.205847 0.171473 0.037158
v 0.180306 0.444826 -0.016155
v 0.167153 0.166685 0.014689
v 0.175147 0.444187 -0.019151
v 0.167371 0.164361 -0.030251
v 0.175176 0.443877 -0.025143
v 0.206281 0.166824 -0.052720
v 0.180364 0.444206 -0.028139
v 0.244975 0.171612 -0.030251
v 0.185523 0.444844 -0.025143
v 0.244758 0.173936 0.014689
v 0.185494 0.445154 -0.019151
v -0.219877 0.018361 0.054975
v -0.231872 0.178138 0.049763
v -0.267436 0.015614 0.027488
v -0.270785 0.175891 0.027273
v -0.267559 0.017254 -0.027488
v -0.270885 0.177233 -0.017707
v -0.220123 0.021639 -0.054975
v -0.232074 0.180821 -0.040197
v -0.172564 0.024386 -0.027488
v -0.193162 0.183068 -0.017707
v -0.172441 0.022746 0.027488
v -0.193061 0.181727 0.027273
v -0.231124 0.168171 0.049464
v -0.256433 0.505280 0.020556
v -0.270036 0.165924 0.026974
v -0.261621 0.504981 0.017557
v -0.270137 0.167265 -0.018006
v -0.261635 0.505160 0.011560
v -0.231326 0.170854 -0.040496
v -0.256460 0.505638 0.008561
v -0.192413 0.173101 -0.018006
v -0.251272 0.505938 0.011560
v -0.192313 0.171759 0.026974
v -0.251258 0.505759 0.017557
v -0.619992 0.019676 0.054999
v -0.623923 0.179684 0.045942
v -0.667613 0.018668 0.027500
v -0.662886 0.178859 0.023443
v -0.667621 0.018992 -0.027500
v -0.662892 0.179124 -0.021557
v -0.620008 0.020324 -0.054999
v -0.623936 0.180214 -0.044056
v -0.572387 0.021332 -0.027500
v -0.584973 0.181039 -0.021557
v -0.572379 0.021008 0.027500
v -0.584967 0.180774 0.023443
v -0.623677 0.169687 0.045883
v -0.631093 0.471548 0.008662
v -0.662640 0.168862 0.023384
v -0.636288 0.471438 0.005662
v -0.662647 0.169128 -0.021616
v -0.636289 0.471473 -0.000338
v -0.623690 0.170217 -0.044115
v -0.631095 0.471619 -0.003337
v -0.584728 0.171042 -0.021616
v -0.625900 0.471729 -0.000338
v -0.584721 0.170777 0.023384
v -0.625899 0.471693 0.005662
v -0.500445 0.015030 0.574773
v -0.486167 0.174641 0.579329
v -0.547664 0.021759 0.547387
v -0.524801 0.180146 0.556922
v -0.547220 0.026729 0.492613
v -0.524438 0.184212 0.512108
v -0.499555 0.024970 0.465227
v -0.485440 0.182773 0.489700
v -0.452336 0.018241 0.492613
v -0.446805 0.177267 0.512108
v -0.452780 0.013271 0.547387
v -0.447169 0.173201 0.556922
v -0.487054 0.164721 0.578422
v -0.458302 0.486151 0.568658
v -0.525689 0.170227 0.556015
v -0.463453 0.486885 0.565670
v -0.525325 0.174293 0.511200
v -0.463404 0.487428 0.559695
v -0.486327 0.172853 0.488793
v -0.458205 0.487236 0.556707
v -0.447693 0.167348 0.511200
v -0.453053 0.486502 0.559695
v -0.448056 0.163282 0.556015
v -0.453102 0.485959 0.565670
v 0.499504 0.024182 -0.465161
v 0.480790 0.181840 -0.487385
v 0.452452 0.016477 -0.492581
v 0.442294 0.175536 -0.509819
v 0.452949 0.012295 -0.547419
v 0.442700 0.172114 -0.554686
v 0.500496 0.015818 -0.574838
v 0.481603 0.174996 -0.577120
v 0.547548 0.023523 -0.547419
v 0.520099 0.181301 -0.554686
v 0.547051 0.027705 -0.492581
v 0.519693 0.184723 -0.509819
v 0.481966 0.171939 -0.486619
v 0.447519 0.462149 -0.548179
v 0.443469 0.165635 -0.509053
v 0.442386 0.461309 -0.551171
v 0.443875 0.162213 -0.553921
v 0.442441 0.460853 -0.557153
v 0.482778 0.165095 -0.576355
v 0.447628 0.461237 -0.560144
v 0.521274 0.171399 -0.553921
v 0.452760 0.462077 -0.557153
v 0.520868 0.174821 -0.509053
v 0.452706 0.462534 -0.551171
v -0.550009 0.020092 -0.395000
v -0.566467 0.179226 -0.405269
v -0.597383 0.015146 -0.422500
v -0.605228 0.175180 -0.427769
v -0.597374 0.015054 -0.477500
v -0.605220 0.175104 -0.472769
v -0.549990 0.019908 -0.505000
v -0.566452 0.179076 -0.495269
v -0.502617 0.024854 -0.477500
v -0.527691 0.183122 -0.472769
v -0.502626 0.024946 -0.422500
v -0.527699 0.183198 -0.427769
v -0.565438 0.169279 -0.405252
v -0.592258 0.428602 -0.444691
v -0.604199 0.165233 -0.427752
v -0.597426 0.428063 -0.447691
v -0.604191 0.165157 -0.472752
v -0.597425 0.428053 -0.453691
v -0.565423 0.169129 -0.495252
v -0.592256 0.428582 -0.456691
v -0.526662 0.173175 -0.472752
v -0.587088 0.429122 -0.453691
v -0.526670 0.173251 -0.427752
v -0.587089 0.429132 -0.447691
v 0.449971 0.017815 0.604957
v 0.452112 0.178072 0.601322
v 0.402358 0.019544 0.577478
v 0.413157 0.179486 0.578840
v 0.402387 0.021729 0.522522
v 0.413181 0.181274 0.533875
v 0.450029 0.022185 0.495043
v 0.452160 0.181647 0.511393
v 0.497642 0.020456 0.522522
v 0.491116 0.180233 0.533875
v 0.497613 0.018271 0.577478
v 0.491092 0.178445 0.578840
v 0.451979 0.168080 0.600924
v 0.455900 0.461501 0.573562
v 0.413023 0.169495 0.578442
v 0.450706 0.461690 0.570565
v 0.413047 0.171283 0.533478
v 0.450709 0.461928 0.564569
v 0.452027 0.171656 0.510996
v 0.455906 0.461978 0.561572
v 0.490982 0.170241 0.533478
v 0.461100 0.461789 0.564569
v 0.490958 0.168454 0.578442
v 0.461097 0.461551 0.570565
v -0.866588 0.131086 0.971892
v -0.915593 0.356134 0.961263
v -0.972652 0.131022 0.972652
v -0.924078 0.356129 0.961324
v -0.973412 0.148914 0.868108
v -0.924139 0.357560 0.952960
v -0.867348 0.148978 0.867348
v -0.915654 0.357565 0.952900
v 0.971892 0.131086 0.973412
v 0.961263 0.356134 0.924407
v 0.867348 0.148978 0.972652
v 0.952900 0.357565 0.924346
v 0.868108 0.148914 0.866588
v 0.952960 0.357560 0.915861
v 0.972652 0.131022 0.867348
v 0.961324 0.356129 0.915922
v 0.973412 0.148914 -0.868108
v 0.924139 0.357560 -0.952960
v 0.867348 0.148978 -0.867348
v 0.915654 0.357565 -0.952900
v 0.866588 0.131086 -0.971892
v 0.915593 0.356134 -0.961263
v 0.972652 0.131022 -0.972652
v 0.924078 0.356129 -0.961324
v -0.868108 0.148914 -0.866588
v -0.952960 0.357560 -0.915861
v -0.972652 0.131022 -0.867348
v -0.961324 0.356129 -0.915922
v -0.971892 0.131086 -0.973412
v -0.961263 0.356134 -0.924407
v -0.867348 0.148978 -0.972652
v -0.952900 0.357565 -0.924346
vn 1.0000 -0.0000 -0.0000
vn -0.0000 -0.0000 1.0000
vn -1.0000 -0.0000 -0.0000
vn -0.0000 -0.0000 -1.0000
vn -0.0000 -1.0000 -0.0000
vn -0.0000 1.0000 -0.0000
vn 0.5774 -0.5774 -0.5773
vn 0.5774 0.5774 -0.5773
vn 0.5774 -0.5774 0.5773
vn 0.5774 0.5774 0.5773
vn -0.5774 -0.5774 -0.5773
vn -0.5774 0.5774 -0.5773
vn -0.5774 -0.5774 0.5773
vn -0.5774 0.5774 0.5773
vn 0.7071 -0.7071 -0.0000
vn 0.7071 -0.0000 -0.7071
vn 0.7071 0.7071 -0.0000
vn 0.7071 -0.0000 0.7071
vn -0.0000 -0.7071 0.7071
vn -0.0000 0.7071 0.7071
vn -0.7071 -0.0000 0.7071
vn -0.7071 -0.7071 -0.0000
vn -0.7071 0.7071 -0.0000
vn -0.7071 -0.0000 -0.7071
vn -0.0000 -0.7071 -0.7071
vn -0.0000 0.7071 -0.7071
vn 0.5774 -0.5773 -0.5774
vn 0.5774 0.5773 -0.5773
vn 0.5774 -0.5773 0.5774
vn 0.5774 0.5773 0.5773
vn -0.5774 -0.5773 -0.5773
vn -0.5774 0.5773 -0.5773
vn -0.5774 -0.5773 0.5773
vn -0.5774 0.5773 0.5773
vn 0.5774 -0.5773 -0.5773
vn 0.5774 -0.5773 0.5773
vn -0.5774 -0.5773 -0.5774
vn -0.5774 -0.5773 0.5774
vn -0.6748 -0.0000 0.7380
vn -0.7682 -0.0000 0.6402
vn -0.7186 -0.0000 0.6954
vn 0.5774 -0.5774 -0.5774
vn -0.7534 -0.5677 0.3320
vn -0.7215 -0.0675 0.6891
vn -0.7434 0.0371 0.6678
vn -0.3203 -0.5712 0.7557
vn 0.5774 0.5774 -0.5774
vn -0.7534 0.5677 0.3320
vn -0.7215 0.0675 0.6891
vn -0.7434 -0.0371 0.6678
vn -0.3203 0.5712 0.7557
vn 0.5774 0.5773 0.5774
vn -0.4771 -0.7071 0.5219
vn -0.6842 -0.0472 0.7278
vn -0.5081 0.7071 0.4917
vn -0.7052 0.0429 0.7077
vn -0.9151 -0.0000 0.4033
vn -0.7232 -0.0000 0.6907
vn -0.7439 -0.0000 0.6683
vn -0.3902 -0.0000 0.9207
vn 0.7682 -0.0000 -0.6402
vn 0.7127 -0.0000 -0.7015
vn 0.6757 -0.0000 -0.7372
vn 0.4476 -0.8771 0.1741
vn 0.7220 -0.0669 -0.6887
vn 0.7404 0.0413 -0.6709
vn -0.1911 -0.8636 -0.4666
vn 0.4476 0.8771 0.1741
vn 0.7220 0.0669 -0.6887
vn 0.7404 -0.0413 -0.6709
vn -0.1911 0.8636 -0.4666
vn -0.5774 0.5773 0.5774
vn 0.4778 -0.7071 -0.5212
vn 0.6525 -0.0793 -0.7536
vn 0.5039 0.7071 -0.4960
vn 0.7367 0.0902 -0.6702
vn 0.9320 -0.0000 0.3625
vn 0.7236 -0.0000 -0.6902
vn 0.7411 -0.0000 -0.6714
vn -0.3790 -0.0000 -0.9254
vn -0.5774 -0.5774 -0.5774
vn 0.5774 0.5773 -0.5774
vn -0.5774 0.5774 -0.5774
vn -0.5773 -0.5774 -0.5773
vn 0.5773 -0.5773 0.5774
vn -0.5774 -0.5774 0.5774
vn -0.5774 0.5774 0.5774
vn 0.5774 -0.5774 0.5774
vn -0.5774 0.5773 -0.5774
vn 0.5774 0.5774 0.5774
vn -0.4954 0.1063 0.8621
vn -0.9956 0.0941 -0.0020
vn -0.4980 0.0418 -0.8662
vn 0.4997 0.0017 -0.8662
vn 0.0402 0.9985 -0.0373
vn 0.9999 0.0138 -0.0020
vn 0.5023 0.0661 0.8621
vn -0.0402 -0.9985 0.0373
vn -0.4923 0.1464 0.8580
vn -0.9909 0.1342 -0.0035
vn -0.4949 0.0821 -0.8651
vn 0.4999 0.0421 -0.8651
vn 0.0401 0.9985 -0.0373
vn 0.9985 0.0542 -0.0035
vn 0.5024 0.1064 0.8580
vn -0.5049 0.1132 0.8558
vn -0.9999 0.0089 -0.0051
vn -0.4975 -0.0505 -0.8660
vn 0.5000 -0.0057 -0.8660
vn -0.0447 0.9945 -0.0947
vn 0.9951 0.0986 -0.0051
vn 0.4927 0.1580 0.8558
vn 0.0447 -0.9945 0.0947
vn -0.5049 0.1788 0.8445
vn -0.9971 0.0752 -0.0114
vn -0.4976 0.0161 -0.8673
vn 0.4941 0.0607 -0.8673
vn 0.9863 0.1644 -0.0114
vn 0.4868 0.2234 0.8445
vn -0.4998 0.0145 0.8660
vn -0.9996 0.0288 0.0017
vn -0.5012 0.0683 -0.8627
vn 0.4971 0.0936 -0.8627
vn -0.0253 0.9992 0.0311
vn 0.9969 0.0792 0.0017
vn 0.4984 0.0397 0.8660
vn 0.0253 -0.9992 -0.0311
vn -0.4984 0.0867 0.8626
vn -0.9949 0.1009 0.0039
vn -0.4997 0.1402 -0.8548
vn 0.4920 0.1653 -0.8548
vn 0.9885 0.1511 0.0039
vn 0.4933 0.1118 0.8626
vn -0.5004 0.0105 0.8658
vn -0.9896 0.1438 0.0055
vn -0.4844 0.1868 -0.8547
vn 0.5101 0.0966 -0.8547
vn 0.0899 0.9907 0.1023
vn 0.9993 -0.0367 0.0055
vn 0.4941 -0.0797 0.8658
vn -0.0899 -0.9907 -0.1023
vn -0.4940 0.0595 0.8674
vn -0.9813 0.1922 0.0106
vn -0.4780 0.2350 -0.8463
vn 0.5125 0.1452 -0.8463
vn 0.9999 0.0124 0.0106
vn 0.4966 -0.0304 0.8674
vn -0.4952 0.0659 0.8663
vn -0.9887 0.1502 0.0023
vn -0.4882 0.1380 -0.8617
vn 0.5056 0.0415 -0.8617
vn 0.0965 0.9945 0.0419
vn 0.9991 -0.0427 0.0023
vn 0.4987 -0.0305 0.8663
vn -0.0965 -0.9945 -0.0419
vn -0.4840 0.1437 0.8632
vn -0.9738 0.2274 0.0055
vn -0.4770 0.2153 -0.8521
vn 0.5095 0.1195 -0.8521
vn 0.9993 0.0359 0.0055
vn 0.5026 0.0480 0.8632
vn -0.4888 0.1390 0.8613
vn -0.9897 0.1432 -0.0025
vn -0.4961 0.0580 -0.8663
vn 0.4985 -0.0314 -0.8663
vn 0.0895 0.9949 -0.0470
vn 0.9994 -0.0357 -0.0025
vn 0.5057 0.0495 0.8613
vn -0.0895 -0.9949 0.0470
vn -0.4783 0.2151 0.8514
vn -0.9756 0.2194 -0.0062
vn -0.4856 0.1348 -0.8638
vn 0.5018 0.0460 -0.8638
vn 0.9991 0.0417 -0.0062
vn 0.5090 0.1263 0.8514
vn -0.5063 0.0520 0.8608
vn -0.9992 -0.0392 -0.0028
vn -0.4980 -0.0374 -0.8664
vn 0.4963 0.0555 -0.8664
vn -0.0929 0.9943 -0.0519
vn 0.9892 0.1466 -0.0028
vn 0.4879 0.1449 0.8608
vn 0.0929 -0.9943 0.0519
vn -0.5096 0.1186 0.8522
vn -0.9996 0.0280 -0.0063
vn -0.5013 0.0298 -0.8648
vn 0.4871 0.1221 -0.8648
vn 0.9771 0.2127 -0.0063
vn 0.4788 0.2109 0.8522
vn -0.5000 -0.0093 0.8660
vn -0.9998 -0.0209 0.0016
vn -0.5038 0.0423 -0.8628
vn 0.4919 0.1170 -0.8628
vn -0.0748 0.9967 0.0299
vn 0.9917 0.1286 0.0016
vn 0.4958 0.0655 0.8660
vn 0.0748 -0.9967 -0.0299
vn -0.5016 0.0365 0.8643
vn -0.9997 0.0249 0.0030
vn -0.5055 0.0878 -0.8583
vn 0.4867 0.1623 -0.8583
vn 0.9848 0.1739 0.0030
vn 0.4906 0.1109 0.8643
vn -0.5003 0.0367 0.8651
vn -0.9996 0.0295 0.0003
vn -0.5006 0.0469 -0.8644
vn 0.4977 0.0714 -0.8644
vn -0.0246 0.9997 0.0059
vn 0.9969 0.0786 0.0003
vn 0.4979 0.0612 0.8651
vn 0.0246 -0.9997 -0.0059
vn -0.4994 0.0939 0.8613
vn -0.9962 0.0868 0.0007
vn -0.4996 0.1041 -0.8600
vn 0.4939 0.1285 -0.8600
vn 0.9908 0.1356 0.0007
vn 0.4941 0.1183 0.8613
vn -0.4995 0.0200 0.8661
vn -0.9898 0.1426 0.0049
vn -0.4855 0.1762 -0.8563
vn 0.5091 0.0873 -0.8563
vn 0.0887 0.9919 0.0907
vn 0.9994 -0.0354 0.0049
vn 0.4951 -0.0690 0.8661
vn -0.0887 -0.9919 -0.0907
vn -0.4929 0.0704 0.8672
vn -0.9812 0.1926 0.0095
vn -0.4790 0.2261 -0.8482
vn 0.5115 0.1375 -0.8482
vn 0.9998 0.0153 0.0095
vn 0.4976 -0.0182 0.8672
vn -0.5099 0.0604 0.8581
vn -0.9979 -0.0642 -0.0041
vn -0.4943 -0.0711 -0.8664
vn 0.4972 0.0466 -0.8664
vn -0.1175 0.9901 -0.0766
vn 0.9852 0.1712 -0.0041
vn 0.4816 0.1781 0.8581
vn 0.1175 -0.9901 0.0766
vn -0.5144 0.1191 0.8492
vn -1.0000 -0.0049 -0.0087
vn -0.4989 -0.0118 -0.8666
vn 0.4878 0.1053 -0.8666
vn 0.9733 0.2293 -0.0087
vn 0.4722 0.2362 0.8492
vn -0.5023 0.0038 0.8647
vn -0.9988 -0.0490 -0.0001
vn -0.5020 0.0010 -0.8649
vn 0.4912 0.1037 -0.8648
vn -0.1029 0.9947 -0.0017
vn 0.9877 0.1565 -0.0001
vn 0.4909 0.1066 0.8647
vn 0.1029 -0.9947 0.0017
vn -0.5066 0.0782 0.8586
vn -0.9997 0.0257 -0.0002
vn -0.5063 0.0753 -0.8591
vn 0.4802 0.1773 -0.8591
vn 0.9732 0.2298 -0.0002
vn 0.4799 0.1802 0.8586
vn -0.4990 0.0263 0.8662
vn -0.9977 0.0673 0.0021
vn -0.4980 0.0950 -0.8619
vn 0.5004 0.0817 -0.8619
vn 0.0134 0.9991 0.0397
vn 0.9992 0.0407 0.0021
vn 0.4995 0.0130 0.8662
vn -0.0134 -0.9991 -0.0397
vn -0.4956 0.0872 0.8642
vn -0.9918 0.1280 0.0046
vn -0.4947 0.1556 -0.8551
vn 0.4986 0.1423 -0.8551
vn 0.9948 0.1015 0.0046
vn 0.4977 0.0739 0.8642
vn 0.0071 0.0487 0.9988
vn -0.9761 0.2128 0.0435
vn 0.0006 0.9857 0.1687
vn -0.0069 0.3781 -0.9257
vn 0.9764 0.2140 0.0295
vn -0.0006 -0.9857 -0.1687
vn 0.0295 0.2140 0.9764
vn -0.9257 0.3781 -0.0069
vn 0.1687 0.9857 0.0006
vn 0.0435 0.2128 -0.9761
vn 0.9988 0.0487 0.0071
vn -0.1687 -0.9857 -0.0006
vn 0.0069 0.3781 0.9257
vn -0.9764 0.2140 -0.0295
vn -0.0006 0.9857 -0.1687
vn -0.0071 0.0487 -0.9988
vn 0.9761 0.2128 -0.0435
vn 0.0006 -0.9857 0.1687
vn -0.0435 0.2128 0.9761
vn -0.9988 0.0487 -0.0071
vn -0.1687 0.9857 -0.0006
vn -0.0295 0.2140 -0.9764
vn 0.9257 0.3781 0.0069
vn 0.1687 -0.9857 0.0006
vn -0.7052 -0.0429 0.7077
vn -0.5081 -0.7071 0.4917
vn -0.6842 0.0472 0.7278
vn -0.4771 0.7071 0.5219
vn 0.7367 -0.0902 -0.6702
vn 0.5039 -0.7071 -0.4960
vn 0.6525 0.0793 -0.7536
vn 0.4778 0.7071 -0.5212
vn 0.4971 0.0935 -0.8627
vn -0.4940 0.0594 0.8674
vn -0.4855 0.1348 -0.8638
vn 0.5091 0.1263 0.8514
vn -0.4993 0.0939 0.8613
vn -0.9962 0.0868 0.0006
vn -0.0245 0.9997 0.0059
vn -0.5020 0.0010 -0.8648
vn -0.9918 0.1280 0.0045
vn -0.4947 0.1556 -0.8550
vn 0.0133 0.9991 0.0397
vt 0.00000 0.00000
vt 0.00000 0.43314
vt 0.00000 0.53091
vt 0.00000 0.63160
vt 0.00001 0.44983
vt 0.00008 0.55776
vt 0.00350 0.52743
vt 0.00350 0.53435
vt 0.00352 0.63540
vt 0.00354 0.44590
vt 0.00356 0.55433
vt 0.00357 0.56124
vt 0.00360 0.62925
vt 0.00361 0.45164
vt 0.00685 0.19734
vt 0.00721 0.73451
vt 0.00721 0.83548
vt 0.00721 0.88789
vt 0.00721 0.93898
vt 0.00721 0.97967
vt 0.00722 0.74192
vt 0.00834 0.95171
vt 0.01047 0.00003
vt 0.01047 0.43317
vt 0.01048 0.52745
vt 0.01048 0.53437
vt 0.01051 0.63542
vt 0.01052 0.44592
vt 0.01054 0.55435
vt 0.01055 0.56126
vt 0.01059 0.45165
vt 0.01059 0.62926
vt 0.01082 0.73821
vt 0.01397 0.53095
vt 0.01397 0.63164
vt 0.01398 0.44987
vt 0.01404 0.55780
vt 0.01594 0.83548
vt 0.01594 0.88789
vt 0.01609 0.95172
vt 0.01667 0.97967
vt 0.01732 0.19737
vt 0.01893 0.90073
vt 0.02006 0.90062
vt 0.02102 0.90073
vt 0.02113 0.95171
vt 0.02128 0.93769
vt 0.02284 0.97967
vt 0.02867 0.83548
vt 0.02867 0.88789
vt 0.03005 0.00524
vt 0.03005 0.34416
vt 0.03005 0.62557
vt 0.03333 0.93898
vt 0.03515 0.62218
vt 0.03521 0.62956
vt 0.03529 0.00000
vt 0.03529 0.34940
vt 0.03535 0.00520
vt 0.03535 0.34412
vt 0.03557 0.97967
vt 0.03569 0.64077
vt 0.03664 0.95171
vt 0.03741 0.83548
vt 0.03741 0.88789
vt 0.04053 0.36221
vt 0.04445 0.95172
vt 0.04511 0.97968
vt 0.04911 0.62210
vt 0.04915 0.95171
vt 0.04918 0.62948
vt 0.04966 0.64069
vt 0.05014 0.83548
vt 0.05014 0.88789
vt 0.05014 0.90062
vt 0.05014 0.90797
vt 0.05014 0.92129
vt 0.05014 0.92234
vt 0.05086 0.97967
vt 0.05104 0.92078
vt 0.05104 0.92287
vt 0.05188 0.90069
vt 0.05188 0.90804
vt 0.05194 0.92131
vt 0.05194 0.92235
vt 0.05276 0.00000
vt 0.05281 0.00520
vt 0.05281 0.34412
vt 0.05450 0.36213
vt 0.05450 0.62543
vt 0.05800 0.00524
vt 0.05800 0.34416
vt 0.05887 0.83548
vt 0.05887 0.88789
vt 0.06723 0.62557
vt 0.07074 0.00524
vt 0.07074 0.34416
vt 0.07161 0.88748
vt 0.07161 0.93862
vt 0.07161 0.97934
vt 0.07232 0.62218
vt 0.07239 0.62956
vt 0.07259 0.95140
vt 0.07287 0.64077
vt 0.07552 0.83552
vt 0.07598 0.00000
vt 0.07598 0.34940
vt 0.07603 0.00520
vt 0.07603 0.34412
vt 0.07655 0.83552
vt 0.07722 0.83548
vt 0.07771 0.36221
vt 0.07937 0.88748
vt 0.08034 0.95135
vt 0.08108 0.97928
vt 0.08331 0.90030
vt 0.08435 0.88715
vt 0.08446 0.90021
vt 0.08537 0.95140
vt 0.08540 0.90030
vt 0.08593 0.93761
vt 0.08598 0.81322
vt 0.08629 0.62210
vt 0.08629 0.66255
vt 0.08635 0.62948
vt 0.08683 0.64069
vt 0.08722 0.97934
vt 0.08801 0.65350
vt 0.08820 0.82274
vt 0.08865 0.75542
vt 0.09109 0.72824
vt 0.09121 0.72300
vt 0.09167 0.36213
vt 0.09167 0.62543
vt 0.09167 0.65503
vt 0.09167 0.82121
vt 0.09344 0.00000
vt 0.09349 0.00520
vt 0.09349 0.34412
vt 0.09708 0.83548
vt 0.09708 0.83696
vt 0.09708 0.84970
vt 0.09708 0.85118
vt 0.09708 0.86392
vt 0.09708 0.86540
vt 0.09708 0.87814
vt 0.09708 0.87962
vt 0.09768 0.93862
vt 0.09854 0.83548
vt 0.09854 0.83696
vt 0.09854 0.84970
vt 0.09854 0.85119
vt 0.09854 0.86392
vt 0.09854 0.86540
vt 0.09854 0.87814
vt 0.09854 0.87962
vt 0.09868 0.00524
vt 0.09868 0.34416
vt 0.11142 0.00524
vt 0.11142 0.34414
vt 0.11142 0.64854
vt 0.11142 0.67121
vt 0.11142 0.79861
vt 0.11142 0.81654
vt 0.11142 0.87367
vt 0.11142 0.93061
vt 0.11142 0.97131
vt 0.11142 0.98807
vt 0.11142 0.99588
vt 0.11154 0.66661
vt 0.11246 0.81649
vt 0.11287 0.94334
vt 0.11306 0.81631
vt 0.11490 0.67105
vt 0.11503 0.66645
vt 0.11578 0.88641
vt 0.11631 0.79777
vt 0.11634 0.36681
vt 0.11634 0.64789
vt 0.11665 0.36222
vt 0.11665 0.65371
vt 0.11666 0.00000
vt 0.11666 0.34939
vt 0.11672 0.00531
vt 0.11672 0.34421
vt 0.11681 0.88641
vt 0.11684 0.80357
vt 0.11748 0.88641
vt 0.11820 0.98423
vt 0.11820 0.99985
vt 0.11916 0.93061
vt 0.11922 0.87326
vt 0.11980 0.79761
vt 0.12033 0.80341
vt 0.12046 0.67141
vt 0.12068 0.94349
vt 0.12096 0.97149
vt 0.12375 0.87192
vt 0.12420 0.93060
vt 0.12498 0.98820
vt 0.12498 0.99601
vt 0.12535 0.79798
vt 0.12538 0.94334
vt 0.12670 0.97131
vt 0.13029 0.36672
vt 0.13029 0.64780
vt 0.13060 0.36212
vt 0.13060 0.65361
vt 0.13412 0.00000
vt 0.13412 0.34938
vt 0.13419 0.00530
vt 0.13419 0.34421
vt 0.13583 0.36729
vt 0.13583 0.64837
vt 0.13809 0.67121
vt 0.13809 0.79861
vt 0.13809 0.87342
vt 0.13809 0.93045
vt 0.13821 0.66661
vt 0.13936 0.00524
vt 0.13936 0.34414
vt 0.14147 0.88619
vt 0.14157 0.67105
vt 0.14170 0.66645
vt 0.14194 0.81636
vt 0.14250 0.88616
vt 0.14297 0.81636
vt 0.14298 0.79777
vt 0.14317 0.88619
vt 0.14351 0.80357
vt 0.14365 0.81631
vt 0.14582 0.93019
vt 0.14583 0.87342
vt 0.14647 0.79761
vt 0.14700 0.80341
vt 0.14713 0.67141
vt 0.14856 0.64854
vt 0.15088 0.87307
vt 0.15088 0.93045
vt 0.15202 0.79798
vt 0.15210 0.00524
vt 0.15210 0.34414
vt 0.15349 0.36681
vt 0.15349 0.64789
vt 0.15379 0.36222
vt 0.15379 0.65371
vt 0.15734 0.00000
vt 0.15734 0.34939
vt 0.15740 0.00531
vt 0.15740 0.34421
vt 0.16214 0.97530
vt 0.16214 0.98485
vt 0.16476 0.80012
vt 0.16476 0.87514
vt 0.16476 0.91617
vt 0.16476 0.95736
vt 0.16681 0.92943
vt 0.16732 0.88853
vt 0.16744 0.36672
vt 0.16744 0.64780
vt 0.16774 0.36212
vt 0.16774 0.65361
vt 0.16804 0.66956
vt 0.16804 0.79969
vt 0.16824 0.66649
vt 0.16824 0.80357
vt 0.16851 0.81631
vt 0.16955 0.81630
vt 0.17017 0.81631
vt 0.17045 0.97049
vt 0.17045 0.98960
vt 0.17256 0.87508
vt 0.17298 0.36729
vt 0.17298 0.64837
vt 0.17434 0.91669
vt 0.17434 0.95775
vt 0.17465 0.92975
vt 0.17480 0.00000
vt 0.17480 0.34938
vt 0.17487 0.00530
vt 0.17487 0.34421
vt 0.17501 0.66951
vt 0.17501 0.79964
vt 0.17516 0.88896
vt 0.17522 0.66645
vt 0.17522 0.80352
vt 0.17726 0.87514
vt 0.17827 0.92943
vt 0.17871 0.66989
vt 0.17871 0.80002
vt 0.17877 0.95736
vt 0.17877 0.97524
vt 0.17877 0.98479
vt 0.17884 0.88787
vt 0.17884 0.91536
vt 0.18004 0.00524
vt 0.18004 0.34414
vt 0.19278 0.00005
vt 0.19278 0.30750
vt 0.19278 0.32026
vt 0.19278 0.62773
vt 0.19278 0.72129
vt 0.19278 0.72870
vt 0.19278 0.82768
vt 0.19278 0.95521
vt 0.19278 0.97319
vt 0.19278 0.99172
vt 0.19642 0.72499
vt 0.19802 0.82244
vt 0.19802 0.96045
vt 0.19807 0.82764
vt 0.19807 0.95517
vt 0.21100 0.97323
vt 0.21100 0.99176
vt 0.22373 0.97323
vt 0.22373 0.99176
vt 0.24195 0.97319
vt 0.24195 0.99172
vt 0.25469 0.97322
vt 0.25469 0.99175
vt 0.27158 0.64998
vt 0.27189 0.80064
vt 0.27299 0.97319
vt 0.27299 0.99172
vt 0.27358 0.80970
vt 0.27377 0.64046
vt 0.27425 0.70778
vt 0.27669 0.73496
vt 0.27725 0.64199
vt 0.27725 0.80817
vt 0.28572 0.97319
vt 0.28572 0.99172
vt 0.28998 0.72870
vt 0.28999 0.72129
vt 0.29363 0.72499
vt 0.30402 0.97322
vt 0.30402 0.99175
vt 0.31675 0.97713
vt 0.31675 0.98499
vt 0.32353 0.97319
vt 0.32353 0.98891
vt 0.32553 0.82245
vt 0.32558 0.82765
vt 0.32558 0.95518
vt 0.33031 0.97711
vt 0.33031 0.98497
vt 0.33076 0.82769
vt 0.33076 0.95522
vt 0.34350 0.82244
vt 0.34350 0.87485
vt 0.34350 0.92022
vt 0.34350 0.96856
vt 0.34350 0.98543
vt 0.34350 0.99326
vt 0.34511 0.94060
vt 0.35030 0.98154
vt 0.35030 0.99721
vt 0.35223 0.82244
vt 0.35223 0.87485
vt 0.35286 0.94080
vt 0.35297 0.96881
vt 0.35625 0.92632
vt 0.35709 0.98549
vt 0.35709 0.99332
vt 0.35785 0.94060
vt 0.35907 0.96856
vt 0.36497 0.82244
vt 0.36497 0.87485
vt 0.36650 0.88758
vt 0.36751 0.88807
vt 0.36850 0.88819
vt 0.36850 0.92787
vt 0.36879 0.64998
vt 0.36910 0.80064
vt 0.37079 0.80970
vt 0.37098 0.64046
vt 0.37145 0.70778
vt 0.37180 0.94079
vt 0.37180 0.96857
vt 0.37180 0.98549
vt 0.37180 0.99332
vt 0.37370 0.82244
vt 0.37370 0.87485
vt 0.37389 0.73496
vt 0.37445 0.64199
vt 0.37445 0.80817
vt 0.37861 0.98157
vt 0.37861 0.99723
vt 0.37965 0.94060
vt 0.38123 0.88760
vt 0.38123 0.89627
vt 0.38123 0.90953
vt 0.38123 0.91057
vt 0.38123 0.92435
vt 0.38123 0.92539
vt 0.38140 0.96833
vt 0.38213 0.90901
vt 0.38213 0.91110
vt 0.38213 0.92384
vt 0.38213 0.92592
vt 0.38297 0.88758
vt 0.38297 0.89626
vt 0.38304 0.90953
vt 0.38304 0.91058
vt 0.38304 0.92437
vt 0.38304 0.92541
vt 0.38322 0.94102
vt 0.38542 0.98549
vt 0.38542 0.99331
vt 0.38576 0.96884
vt 0.38719 0.72147
vt 0.38720 0.72888
vt 0.39080 0.72517
vt 0.39852 0.82244
vt 0.39852 0.87485
vt 0.39852 0.92043
vt 0.39852 0.96862
vt 0.39852 0.98556
vt 0.39852 0.99339
vt 0.40009 0.94065
vt 0.40529 0.98158
vt 0.40529 0.99724
vt 0.40725 0.82244
vt 0.40725 0.87485
vt 0.40783 0.94084
vt 0.40798 0.96884
vt 0.41179 0.92632
vt 0.41206 0.98543
vt 0.41206 0.99326
vt 0.41288 0.94065
vt 0.41415 0.96862
vt 0.41998 0.82244
vt 0.41998 0.87485
vt 0.42148 0.88758
vt 0.42254 0.88806
vt 0.42347 0.88818
vt 0.42347 0.92792
vt 0.42872 0.82244
vt 0.42872 0.87485
vt 0.43354 0.97445
vt 0.43354 0.98402
vt 0.43621 0.91551
vt 0.43621 0.95661
vt 0.43795 0.92865
vt 0.43829 0.88758
vt 0.44145 0.82244
vt 0.44145 0.87485
vt 0.44185 0.96964
vt 0.44185 0.98879
vt 0.44579 0.92890
vt 0.44580 0.91592
vt 0.44580 0.95690
vt 0.44613 0.88792
vt 0.44937 0.92865
vt 0.44972 0.88758
vt 0.45017 0.95661
vt 0.45017 0.97440
vt 0.45017 0.98398
vt 0.45019 0.82244
vt 0.45019 0.87485
vt 0.45019 0.91551
vt 0.46292 0.82244
vt 0.46292 0.87485
vt 0.46292 0.92657
vt 0.46292 0.96726
vt 0.46292 0.98423
vt 0.46292 0.99207
vt 0.46457 0.93930
vt 0.46596 0.80018
vt 0.46627 0.64951
vt 0.46799 0.64046
vt 0.46818 0.80970
vt 0.46863 0.74238
vt 0.46969 0.98026
vt 0.46969 0.99596
vt 0.47107 0.71520
vt 0.47119 0.70996
vt 0.47165 0.64199
vt 0.47165 0.80817
vt 0.47165 0.82244
vt 0.47165 0.87485
vt 0.47201 0.88758
vt 0.47231 0.93952
vt 0.47238 0.96752
vt 0.47348 0.88758
vt 0.47646 0.98414
vt 0.47646 0.99199
vt 0.47735 0.93930
vt 0.47855 0.96726
vt 0.48133 0.92657
vt 0.48439 0.73190
vt 0.48439 0.82178
vt 0.48439 0.87419
vt 0.48875 0.64058
vt 0.48938 0.72837
vt 0.48965 0.73574
vt 0.49224 0.64046
vt 0.49287 0.72825
vt 0.49312 0.82178
vt 0.49312 0.87419
vt 0.49314 0.73563
vt 0.49406 0.88758
vt 0.49406 0.89493
vt 0.49485 0.80905
vt 0.49580 0.88765
vt 0.49580 0.89500
vt 0.49834 0.73143
vt 0.49834 0.80893
vt 0.50018 0.00000
vt 0.50018 0.30746
vt 0.50020 0.32024
vt 0.50020 0.62770
vt 0.50594 0.96457
vt 0.50594 0.97417
vt 0.50721 0.94629
vt 0.50973 0.90577
vt 0.50999 0.91859
vt 0.51108 0.64061
vt 0.51108 0.70320
vt 0.51108 0.71609
vt 0.51108 0.77535
vt 0.51108 0.84445
vt 0.51146 0.78813
vt 0.51212 0.64055
vt 0.51213 0.71603
vt 0.51251 0.78808
vt 0.51260 0.64046
vt 0.51260 0.71593
vt 0.51292 0.00007
vt 0.51292 0.30545
vt 0.51294 0.32024
vt 0.51294 0.37265
vt 0.51294 0.38538
vt 0.51294 0.43779
vt 0.51294 0.45053
vt 0.51294 0.50294
vt 0.51294 0.51568
vt 0.51294 0.56809
vt 0.51294 0.62106
vt 0.51299 0.78813
vt 0.51325 0.58086
vt 0.51325 0.62666
vt 0.51385 0.85719
vt 0.51422 0.95979
vt 0.51422 0.97900
vt 0.51468 0.62103
vt 0.51489 0.85718
vt 0.51499 0.58082
vt 0.51499 0.62663
vt 0.51556 0.85719
vt 0.51673 0.94706
vt 0.51747 0.90572
vt 0.51778 0.91922
vt 0.51892 0.70278
vt 0.51892 0.77490
vt 0.51892 0.84410
vt 0.52167 0.32024
vt 0.52167 0.37265
vt 0.52167 0.38539
vt 0.52167 0.43780
vt 0.52167 0.45053
vt 0.52167 0.50294
vt 0.52167 0.51568
vt 0.52167 0.56809
vt 0.52246 0.70211
vt 0.52250 0.84445
vt 0.52250 0.90577
vt 0.52250 0.91851
vt 0.52250 0.94620
vt 0.52250 0.96463
vt 0.52250 0.97423
vt 0.52252 0.77418
vt 0.52338 0.00000
vt 0.52338 0.30538
vt 0.53612 0.28825
vt 0.53612 0.59447
vt 0.53612 0.69025
vt 0.53612 0.80268
vt 0.53612 0.82071
vt 0.53612 0.94824
vt 0.53612 0.97098
vt 0.53612 0.98058
vt 0.53614 0.00524
vt 0.53614 0.31146
vt 0.53721 0.79883
vt 0.53828 0.61245
vt 0.53828 0.71745
vt 0.53857 0.80023
vt 0.53924 0.61635
vt 0.54068 0.61494
vt 0.54106 0.80273
vt 0.54129 0.82078
vt 0.54129 0.94830
vt 0.54132 0.28820
vt 0.54132 0.59442
vt 0.54134 0.00519
vt 0.54134 0.31141
vt 0.54136 0.29349
vt 0.54136 0.59971
vt 0.54136 0.81547
vt 0.54136 0.95348
vt 0.54138 0.00000
vt 0.54138 0.30622
vt 0.54437 0.96623
vt 0.54437 0.98543
vt 0.55261 0.97108
vt 0.55261 0.98068
vt 0.55878 0.28820
vt 0.55878 0.59442
vt 0.55880 0.00519
vt 0.55880 0.31141
vt 0.55882 0.29349
vt 0.55882 0.59971
vt 0.55884 0.00000
vt 0.55884 0.30622
vt 0.56406 0.28825
vt 0.56406 0.59447
vt 0.56535 0.97098
vt 0.56535 0.98057
vt 0.57363 0.96623
vt 0.57363 0.98542
vt 0.57680 0.00524
vt 0.57680 0.28824
vt 0.57680 0.31146
vt 0.57680 0.59446
vt 0.58190 0.97108
vt 0.58190 0.98067
vt 0.58197 0.00531
vt 0.58197 0.28830
vt 0.58197 0.31152
vt 0.58197 0.59452
vt 0.58204 0.00000
vt 0.58204 0.29348
vt 0.58204 0.30622
vt 0.58204 0.59970
vt 0.59464 0.97102
vt 0.59464 0.98061
vt 0.59944 0.00531
vt 0.59944 0.28831
vt 0.59944 0.31153
vt 0.59944 0.59453
vt 0.59950 0.00000
vt 0.59950 0.29348
vt 0.59950 0.30622
vt 0.59950 0.59970
vt 0.60296 0.96623
vt 0.60296 0.98541
vt 0.60474 0.00524
vt 0.60474 0.28824
vt 0.60474 0.31146
vt 0.60474 0.59446
vt 0.61128 0.97103
vt 0.61128 0.98062
vt 0.61748 0.00000
vt 0.61748 0.28771
vt 0.61748 0.30622
vt 0.61748 0.59393
vt 0.62279 0.29222
vt 0.62279 0.59844
vt 0.62303 0.28498
vt 0.62303 0.59120
vt 0.62401 0.97109
vt 0.62401 0.98067
vt 0.63142 0.00028
vt 0.63142 0.30650
vt 0.63225 0.70864
vt 0.63228 0.96623
vt 0.63228 0.98539
vt 0.63473 0.71114
vt 0.63479 0.70620
vt 0.63674 0.29250
vt 0.63674 0.59872
vt 0.63698 0.28526
vt 0.63698 0.59148
vt 0.64056 0.97096
vt 0.64056 0.98054
vt 0.64188 0.28820
vt 0.64188 0.59442
vt 0.65330 0.97097
vt 0.65330 0.98055
vt 0.65461 0.00000
vt 0.65461 0.25859
vt 0.65461 0.27174
vt 0.65461 0.45739
vt 0.65461 0.48704
vt 0.65461 0.67269
vt 0.65461 0.70251
vt 0.65461 0.76512
vt 0.65461 0.78327
vt 0.65461 0.79722
vt 0.65565 0.70246
vt 0.65628 0.70234
vt 0.65902 0.77786
vt 0.65902 0.80227
vt 0.65950 0.47419
vt 0.65950 0.68949
vt 0.65995 0.46080
vt 0.65995 0.67610
vt 0.65999 0.45341
vt 0.65999 0.66871
vt 0.66159 0.96623
vt 0.66159 0.98539
vt 0.66186 0.78336
vt 0.66186 0.79731
vt 0.66241 0.76470
vt 0.66507 0.00041
vt 0.66507 0.25900
vt 0.66708 0.76381
vt 0.66858 0.27185
vt 0.66858 0.48715
vt 0.66880 0.82080
vt 0.66880 0.94832
vt 0.66886 0.81549
vt 0.66886 0.95350
vt 0.66988 0.97107
vt 0.66988 0.98065
vt 0.67346 0.47430
vt 0.67346 0.68960
vt 0.67392 0.46091
vt 0.67392 0.67620
vt 0.67396 0.45352
vt 0.67396 0.66882
vt 0.67410 0.82073
vt 0.67410 0.94826
vt 0.67654 0.78278
vt 0.67654 0.79673
vt 0.67780 0.00006
vt 0.67780 0.11248
vt 0.67780 0.25864
vt 0.67860 0.20306
vt 0.67887 0.00390
vt 0.67906 0.45758
vt 0.67906 0.67288
vt 0.67965 0.20302
vt 0.67996 0.08528
vt 0.67999 0.19029
vt 0.68013 0.20306
vt 0.68024 0.00250
vt 0.68093 0.18638
vt 0.68237 0.18779
vt 0.68274 0.00000
vt 0.68493 0.19023
vt 0.68564 0.25834
vt 0.68922 0.25864
vt 0.69179 0.27179
vt 0.69179 0.38422
vt 0.69179 0.56484
vt 0.69179 0.67727
vt 0.69179 0.69530
vt 0.69179 0.82282
vt 0.69179 0.89114
vt 0.69179 0.94237
vt 0.69179 0.95991
vt 0.69179 0.96952
vt 0.69286 0.27564
vt 0.69288 0.67342
vt 0.69395 0.35701
vt 0.69395 0.48704
vt 0.69395 0.59204
vt 0.69398 0.46203
vt 0.69423 0.27424
vt 0.69425 0.67482
vt 0.69491 0.49094
vt 0.69493 0.45812
vt 0.69635 0.48953
vt 0.69636 0.45953
vt 0.69673 0.27174
vt 0.69673 0.67732
vt 0.69697 0.69537
vt 0.69697 0.82289
vt 0.69703 0.69006
vt 0.69703 0.82807
vt 0.69892 0.46197
vt 0.69952 0.89224
vt 0.70011 0.95511
vt 0.70011 0.97432
vt 0.70166 0.90512
vt 0.70196 0.25519
vt 0.70257 0.84082
vt 0.70313 0.90512
vt 0.70360 0.84097
vt 0.70423 0.84098
vt 0.70423 0.89238
vt 0.70843 0.95991
vt 0.70843 0.96952
vt 0.70975 0.25617
vt 0.71021 0.94237
vt 0.71186 0.20302
vt 0.71289 0.20315
vt 0.71338 0.20315
vt 0.71338 0.25615
vt 0.71696 0.89219
vt 0.71949 0.84086
vt 0.72053 0.84082
vt 0.72115 0.84086
vt 0.72477 0.89190
vt 0.72596 0.90493
vt 0.72596 0.90884
vt 0.72596 0.92214
vt 0.72596 0.92318
vt 0.72611 0.25602
vt 0.72687 0.92161
vt 0.72687 0.92370
vt 0.72777 0.92213
vt 0.72777 0.92317
vt 0.72945 0.89219
vt 0.72945 0.90497
vt 0.72945 0.90888
vt 0.73001 0.20307
vt 0.73104 0.20307
vt 0.73171 0.20302
vt 0.73386 0.25602
vt 0.73890 0.25566
vt 0.74218 0.89215
vt 0.74218 0.94232
vt 0.74218 0.95986
vt 0.74218 0.96947
vt 0.74286 0.90489
vt 0.74411 0.90489
vt 0.74608 0.84087
vt 0.74711 0.84087
vt 0.74778 0.84082
vt 0.74992 0.89215
vt 0.75050 0.95506
vt 0.75050 0.97427
vt 0.75163 0.25594
vt 0.75497 0.89178
vt 0.75549 0.20306
vt 0.75653 0.20306
vt 0.75715 0.20302
vt 0.75783 0.94232
vt 0.75882 0.95986
vt 0.75882 0.96947
vt 0.75944 0.25594
vt 0.76413 0.25571
vt 0.76770 0.89199
vt 0.77087 0.84084
vt 0.77192 0.84084
vt 0.77239 0.84082
vt 0.77392 0.09408
vt 0.77555 0.89199
vt 0.77566 0.90472
vt 0.77566 0.90863
vt 0.77566 0.92192
vt 0.77566 0.92297
vt 0.77643 0.09158
vt 0.77648 0.09652
vt 0.77657 0.92140
vt 0.77657 0.92349
vt 0.77747 0.92193
vt 0.77747 0.92297
vt 0.77915 0.89184
vt 0.77915 0.90476
vt 0.77915 0.90867
vt 0.78791 0.36581
vt 0.78792 0.58322
vt 0.78922 0.08500
vt 0.78922 0.18570
vt 0.78922 0.20249
vt 0.78922 0.25879
vt 0.78923 0.00392
vt 0.78929 0.11186
vt 0.79026 0.20243
vt 0.79041 0.36331
vt 0.79041 0.58573
vt 0.79046 0.58079
vt 0.79047 0.36825
vt 0.79086 0.20225
vt 0.79188 0.84107
vt 0.79188 0.88991
vt 0.79188 0.94073
vt 0.79188 0.95887
vt 0.79188 0.97282
vt 0.79271 0.08152
vt 0.79272 0.08845
vt 0.79274 0.18950
vt 0.79275 0.00000
vt 0.79278 0.10843
vt 0.79279 0.11534
vt 0.79282 0.18334
vt 0.79283 0.00573
vt 0.79292 0.84099
vt 0.79340 0.84082
vt 0.79353 0.90264
vt 0.79477 0.90264
vt 0.79628 0.95347
vt 0.79628 0.97788
vt 0.79702 0.25837
vt 0.79912 0.95897
vt 0.79912 0.97292
vt 0.79970 0.08154
vt 0.79970 0.08847
vt 0.79971 0.88935
vt 0.79973 0.18952
vt 0.79974 0.00002
vt 0.79976 0.10845
vt 0.79977 0.11536
vt 0.79980 0.18336
vt 0.79981 0.00575
vt 0.80156 0.25705
vt 0.80318 0.08504
vt 0.80318 0.18574
vt 0.80319 0.00396
vt 0.80320 0.58847
vt 0.80321 0.37317
vt 0.80321 0.47204
vt 0.80321 0.47309
vt 0.80325 0.88804
vt 0.80326 0.11190
vt 0.80411 0.47152
vt 0.80411 0.47362
vt 0.80502 0.47205
vt 0.80502 0.47309
vt 0.80736 0.94073
vt 0.80819 0.48713
vt 0.80820 0.27183
vt 0.80822 0.58497
vt 0.80823 0.36967
vt 0.80844 0.37705
vt 0.80844 0.59235
vt 0.81168 0.48704
vt 0.81169 0.27174
vt 0.81171 0.58488
vt 0.81172 0.36958
vt 0.81193 0.37696
vt 0.81193 0.59226
vt 0.81367 0.67409
vt 0.81368 0.45879
vt 0.81380 0.95839
vt 0.81380 0.97234
vt 0.81429 0.25722
vt 0.81429 0.25827
vt 0.81520 0.25670
vt 0.81520 0.25879
vt 0.81598 0.88949
vt 0.81599 0.09144
vt 0.81599 0.24347
vt 0.81611 0.25722
vt 0.81611 0.25827
vt 0.81716 0.58810
vt 0.81716 0.67399
vt 0.81717 0.37280
vt 0.81717 0.45869
vt 0.81990 0.84087
vt 0.81994 0.18133
vt 0.82036 0.00012
vt 0.82093 0.84087
vt 0.82098 0.18132
vt 0.82099 0.08790
vt 0.82126 0.09528
vt 0.82160 0.84082
vt 0.82165 0.18133
vt 0.82373 0.24338
vt 0.82373 0.88949
vt 0.82385 0.00000
vt 0.82447 0.69538
vt 0.82447 0.82291
vt 0.82448 0.08779
vt 0.82454 0.69008
vt 0.82454 0.82808
vt 0.82475 0.09517
vt 0.82646 0.16859
vt 0.82699 0.90223
vt 0.82699 0.90957
vt 0.82699 0.92290
vt 0.82699 0.92394
vt 0.82790 0.92238
vt 0.82790 0.92446
vt 0.82873 0.88914
vt 0.82873 0.90229
vt 0.82873 0.90964
vt 0.82878 0.24349
vt 0.82881 0.92290
vt 0.82881 0.92394
vt 0.82884 0.25722
vt 0.82884 0.25827
vt 0.82975 0.25670
vt 0.82975 0.25879
vt 0.82978 0.69532
vt 0.82978 0.82284
vt 0.82989 0.49228
vt 0.82989 0.61981
vt 0.82989 0.67715
vt 0.82990 0.40541
vt 0.82990 0.42187
vt 0.82990 0.47391
vt 0.82995 0.09097
vt 0.82995 0.16847
vt 0.83066 0.25722
vt 0.83066 0.25827
vt 0.83095 0.42180
vt 0.83142 0.42159
vt 0.83318 0.27485
vt 0.83318 0.40498
vt 0.83339 0.27178
vt 0.83339 0.40886
vt 0.83513 0.48704
vt 0.83513 0.62505
vt 0.83519 0.49224
vt 0.83519 0.61977
vt 0.83774 0.47337
vt 0.83829 0.97168
vt 0.83829 0.98829
vt 0.83829 0.99608
vt 0.83832 0.63779
vt 0.83878 0.94385
vt 0.83980 0.63779
vt 0.84016 0.27480
vt 0.84016 0.40493
vt 0.84037 0.27174
vt 0.84037 0.40881
vt 0.84126 0.47184
vt 0.84251 0.69006
vt 0.84251 0.80206
vt 0.84251 0.87404
vt 0.84251 0.93085
vt 0.84269 0.00000
vt 0.84269 0.11200
vt 0.84269 0.23727
vt 0.84339 0.25723
vt 0.84339 0.25827
vt 0.84385 0.27518
vt 0.84385 0.40531
vt 0.84430 0.25670
vt 0.84430 0.25879
vt 0.84485 0.88679
vt 0.84509 0.98442
vt 0.84509 1.00000
vt 0.84520 0.25722
vt 0.84520 0.25827
vt 0.84590 0.88677
vt 0.84610 0.80502
vt 0.84619 0.80019
vt 0.84627 0.11496
vt 0.84637 0.11013
vt 0.84637 0.88679
vt 0.84645 0.81784
vt 0.84652 0.94359
vt 0.84749 0.81784
vt 0.84771 0.24210
vt 0.84774 0.97136
vt 0.84816 0.81780
vt 0.84831 0.67715
vt 0.84840 0.23489
vt 0.84948 0.69010
vt 0.84966 0.00004
vt 0.85025 0.87404
vt 0.85036 0.93073
vt 0.85118 0.24239
vt 0.85158 0.94385
vt 0.85188 0.23518
vt 0.85190 0.98834
vt 0.85190 0.99613
vt 0.85307 0.80506
vt 0.85311 0.12774
vt 0.85316 0.80023
vt 0.85325 0.11500
vt 0.85334 0.11017
vt 0.85393 0.93085
vt 0.85393 0.97168
vt 0.85399 0.47234
vt 0.85399 0.47338
vt 0.85490 0.47181
vt 0.85490 0.47391
vt 0.85530 0.87374
vt 0.85581 0.47234
vt 0.85581 0.47338
vt 0.85646 0.80215
vt 0.85659 0.12803
vt 0.85659 0.23843
vt 0.85659 0.38126
vt 0.85659 0.45736
vt 0.85664 0.11209
vt 0.86104 0.67714
vt 0.86160 0.38610
vt 0.86230 0.37889
vt 0.86426 0.45837
vt 0.86508 0.38639
vt 0.86578 0.37918
vt 0.86701 0.27174
vt 0.86764 0.39913
vt 0.86803 0.81780
vt 0.86803 0.87021
vt 0.86803 0.92781
vt 0.86803 0.96851
vt 0.86803 0.98547
vt 0.86803 0.99331
vt 0.86866 0.39926
vt 0.86874 0.63779
vt 0.86919 0.73662
vt 0.86932 0.17430
vt 0.86932 0.24778
vt 0.86932 0.25646
vt 0.86934 0.39926
vt 0.86934 0.45833
vt 0.86937 0.00000
vt 0.86937 0.05241
vt 0.86937 0.06540
vt 0.86937 0.11447
vt 0.86941 0.75543
vt 0.86954 0.19311
vt 0.86965 0.79347
vt 0.86968 0.94055
vt 0.86978 0.23115
vt 0.86999 0.63779
vt 0.87041 0.06533
vt 0.87048 0.27203
vt 0.87048 0.38243
vt 0.87088 0.06514
vt 0.87106 0.24777
vt 0.87106 0.25644
vt 0.87125 0.88299
vt 0.87229 0.88299
vt 0.87277 0.88294
vt 0.87435 0.79369
vt 0.87438 0.69031
vt 0.87441 0.73295
vt 0.87445 0.73985
vt 0.87447 0.23137
vt 0.87451 0.12799
vt 0.87453 0.17063
vt 0.87458 0.17753
vt 0.87459 0.75143
vt 0.87461 0.75812
vt 0.87467 0.79735
vt 0.87472 0.18912
vt 0.87474 0.19580
vt 0.87480 0.23503
vt 0.87481 0.98151
vt 0.87481 0.99720
vt 0.87588 0.92781
vt 0.87670 0.67714
vt 0.87677 0.81780
vt 0.87677 0.87021
vt 0.87720 0.11391
vt 0.87743 0.94076
vt 0.87750 0.96877
vt 0.87782 0.79343
vt 0.87786 0.69006
vt 0.87789 0.73269
vt 0.87793 0.73960
vt 0.87795 0.23111
vt 0.87798 0.12774
vt 0.87801 0.17038
vt 0.87806 0.17728
vt 0.87807 0.75118
vt 0.87809 0.75787
vt 0.87810 0.00000
vt 0.87810 0.05241
vt 0.87815 0.79710
vt 0.87819 0.18886
vt 0.87821 0.19555
vt 0.87828 0.23478
vt 0.87945 0.92746
vt 0.88068 0.11253
vt 0.88160 0.98539
vt 0.88160 0.99323
vt 0.88207 0.39914
vt 0.88207 0.45119
vt 0.88207 0.46394
vt 0.88207 0.47262
vt 0.88243 0.94055
vt 0.88311 0.73560
vt 0.88322 0.27175
vt 0.88322 0.32380
vt 0.88322 0.38519
vt 0.88323 0.17328
vt 0.88333 0.75441
vt 0.88345 0.19209
vt 0.88356 0.69848
vt 0.88356 0.79245
vt 0.88362 0.96851
vt 0.88369 0.13616
vt 0.88369 0.23013
vt 0.88380 0.24778
vt 0.88380 0.25646
vt 0.88382 0.39913
vt 0.88382 0.45118
vt 0.88382 0.46393
vt 0.88382 0.47260
vt 0.88496 0.27174
vt 0.88496 0.32379
vt 0.88554 0.24777
vt 0.88554 0.25644
vt 0.88728 0.33654
vt 0.88832 0.33654
vt 0.88895 0.33654
vt 0.88943 0.67713
vt 0.88950 0.81781
vt 0.88950 0.86986
vt 0.89084 0.00001
vt 0.89084 0.05207
vt 0.89102 0.38519
vt 0.89124 0.81780
vt 0.89124 0.86985
vt 0.89258 0.00000
vt 0.89258 0.05205
vt 0.89342 0.11335
vt 0.89573 0.38517
vt 0.89587 0.63779
vt 0.89630 0.73563
vt 0.89630 0.79657
vt 0.89643 0.17438
vt 0.89643 0.18734
vt 0.89643 0.23340
vt 0.89655 0.44385
vt 0.89655 0.46193
vt 0.89655 0.46980
vt 0.89664 0.06517
vt 0.89713 0.63779
vt 0.89747 0.18726
vt 0.89768 0.06514
vt 0.89770 0.31710
vt 0.89795 0.18712
vt 0.89828 0.24777
vt 0.89828 0.25512
vt 0.89830 0.06517
vt 0.89953 0.74991
vt 0.90002 0.24784
vt 0.90002 0.25518
vt 0.90029 0.12777
vt 0.90058 0.74991
vt 0.90068 0.96151
vt 0.90068 0.97846
vt 0.90068 0.98632
vt 0.90090 0.27176
vt 0.90106 0.74987
vt 0.90122 0.11318
vt 0.90133 0.12777
vt 0.90194 0.27174
vt 0.90196 0.12774
vt 0.90235 0.93356
vt 0.90257 0.27176
vt 0.90336 0.45800
vt 0.90336 0.47373
vt 0.90395 0.73683
vt 0.90398 0.81805
vt 0.90398 0.86314
vt 0.90398 0.87614
vt 0.90398 0.92082
vt 0.90415 0.79657
vt 0.90420 0.44511
vt 0.90423 0.17438
vt 0.90426 0.23282
vt 0.90501 0.81798
vt 0.90502 0.87606
vt 0.90515 0.67713
vt 0.90531 0.04024
vt 0.90550 0.31691
vt 0.90562 0.87587
vt 0.90563 0.00003
vt 0.90563 0.04584
vt 0.90563 0.81780
vt 0.90591 0.11335
vt 0.90706 0.04021
vt 0.90731 0.69006
vt 0.90737 0.00000
vt 0.90737 0.04581
vt 0.90749 0.97452
vt 0.90749 0.99024
vt 0.90755 0.39913
vt 0.90776 0.79623
vt 0.90784 0.23175
vt 0.90833 0.69022
vt 0.90846 0.37678
vt 0.90857 0.39930
vt 0.90877 0.33657
vt 0.90877 0.38238
vt 0.90892 0.17413
vt 0.90900 0.69026
vt 0.90900 0.73713
vt 0.90924 0.39932
vt 0.90924 0.44527
vt 0.91009 0.93378
vt 0.91014 0.96179
vt 0.91016 0.46193
vt 0.91016 0.46980
vt 0.91020 0.31710
vt 0.91021 0.37674
vt 0.91052 0.33654
vt 0.91052 0.38235
vt 0.91176 0.86256
vt 0.91177 0.92025
vt 0.91275 0.24829
vt 0.91275 0.24934
vt 0.91365 0.24777
vt 0.91365 0.24986
vt 0.91430 0.97845
vt 0.91430 0.98630
vt 0.91456 0.24830
vt 0.91456 0.24934
vt 0.91514 0.93356
vt 0.91632 0.91883
vt 0.91632 0.96151
vt 0.91640 0.86125
vt 0.91789 0.67651
vt 0.91865 0.10538
vt 0.91896 0.06518
vt 0.91896 0.11099
vt 0.92011 0.00000
vt 0.92011 0.04408
vt 0.92039 0.10535
vt 0.92049 0.74987
vt 0.92049 0.79394
vt 0.92057 0.18712
vt 0.92057 0.23120
vt 0.92071 0.06514
vt 0.92071 0.11095
vt 0.92166 0.12774
vt 0.92166 0.17182
vt 0.92174 0.69006
vt 0.92174 0.73041
vt 0.92185 0.00007
vt 0.92185 0.04415
vt 0.92197 0.39913
vt 0.92197 0.43948
vt 0.92209 0.72371
vt 0.92223 0.74994
vt 0.92223 0.79401
vt 0.92231 0.18719
vt 0.92231 0.23126
vt 0.92233 0.43278
vt 0.92294 0.27174
vt 0.92294 0.31209
vt 0.92326 0.33654
vt 0.92326 0.37689
vt 0.92329 0.30539
vt 0.92340 0.12781
vt 0.92340 0.17189
vt 0.92348 0.69011
vt 0.92348 0.73045
vt 0.92361 0.37019
vt 0.92372 0.39918
vt 0.92372 0.43952
vt 0.92384 0.72376
vt 0.92408 0.43283
vt 0.92468 0.27178
vt 0.92468 0.31213
vt 0.92500 0.33659
vt 0.92500 0.37693
vt 0.92504 0.30544
vt 0.92536 0.37024
vt 0.92727 0.63779
vt 0.92874 0.63779
vt 0.92906 0.90409
vt 0.92906 0.94515
vt 0.92906 0.96257
vt 0.92906 0.97044
vt 0.92914 0.84596
vt 0.92914 0.85976
vt 0.92914 0.86080
vt 0.93005 0.85923
vt 0.93005 0.86132
vt 0.93095 0.85975
vt 0.93095 0.86079
vt 0.93161 0.87637
vt 0.93170 0.81821
vt 0.93183 0.91745
vt 0.93344 0.09294
vt 0.93458 0.02776
vt 0.93497 0.77784
vt 0.93505 0.21500
vt 0.93505 0.25616
vt 0.93586 0.95865
vt 0.93586 0.97437
vt 0.93614 0.15564
vt 0.93621 0.06523
vt 0.93625 0.67651
vt 0.93657 0.71799
vt 0.93681 0.42707
vt 0.93681 0.46285
vt 0.93715 0.22826
vt 0.93724 0.18712
vt 0.93729 0.00000
vt 0.93753 0.75000
vt 0.93777 0.29442
vt 0.93809 0.36445
vt 0.93829 0.12774
vt 0.93853 0.69006
vt 0.93859 0.94591
vt 0.93864 0.90461
vt 0.93866 0.39913
vt 0.93872 0.84650
vt 0.93944 0.87680
vt 0.93954 0.81865
vt 0.93962 0.91807
vt 0.94026 0.33654
vt 0.94173 0.44486
vt 0.94173 0.46221
vt 0.94204 0.44026
vt 0.94204 0.46802
vt 0.94266 0.96258
vt 0.94266 0.97044
vt 0.94270 0.27643
vt 0.94270 0.29378
vt 0.94297 0.09370
vt 0.94300 0.27183
vt 0.94300 0.29959
vt 0.94307 0.87587
vt 0.94307 0.90348
vt 0.94321 0.81780
vt 0.94321 0.84546
vt 0.94400 0.06585
vt 0.94409 0.02849
vt 0.94428 0.91735
vt 0.94428 0.94503
vt 0.94450 0.21553
vt 0.94451 0.25665
vt 0.94455 0.77839
vt 0.94490 0.22867
vt 0.94497 0.18755
vt 0.94506 0.00060
vt 0.94537 0.75046
vt 0.94566 0.15613
vt 0.94609 0.12814
vt 0.94611 0.71839
vt 0.94627 0.42743
vt 0.94633 0.69038
vt 0.94640 0.39943
vt 0.94768 0.36489
vt 0.94810 0.33689
vt 0.94868 0.06514
vt 0.94868 0.09284
vt 0.94898 0.66574
vt 0.94906 0.74987
vt 0.94906 0.77767
vt 0.94986 0.00000
vt 0.94993 0.22826
vt 0.94995 0.02776
vt 0.95003 0.18713
vt 0.95064 0.63779
vt 0.95066 0.25616
vt 0.95068 0.21501
vt 0.95083 0.12774
vt 0.95103 0.69006
vt 0.95145 0.39913
vt 0.95146 0.15564
vt 0.95176 0.33654
vt 0.95185 0.71799
vt 0.95215 0.36445
vt 0.95245 0.42707
vt 0.95569 0.44476
vt 0.95569 0.46211
vt 0.95581 0.90383
vt 0.95594 0.84576
vt 0.95599 0.44017
vt 0.95599 0.46793
vt 0.95665 0.27633
vt 0.95665 0.29368
vt 0.95695 0.27174
vt 0.95695 0.29950
vt 0.95702 0.91755
vt 0.95702 0.94536
vt 0.95702 0.96308
vt 0.95702 0.97268
vt 0.95743 0.81780
vt 0.95749 0.87587
vt 0.95837 0.63800
vt 0.95844 0.66601
vt 0.96122 0.44534
vt 0.96122 0.46269
vt 0.96141 0.09325
vt 0.96162 0.06544
vt 0.96179 0.77793
vt 0.96219 0.27691
vt 0.96219 0.29426
vt 0.96230 0.75006
vt 0.96264 0.48705
vt 0.96268 0.02806
vt 0.96269 0.49225
vt 0.96269 0.61978
vt 0.96323 0.00017
vt 0.96339 0.25627
vt 0.96341 0.21508
vt 0.96343 0.63779
vt 0.96419 0.15573
vt 0.96432 0.22835
vt 0.96458 0.18712
vt 0.96458 0.71809
vt 0.96462 0.66574
vt 0.96486 0.91735
vt 0.96488 0.34131
vt 0.96488 0.35091
vt 0.96488 0.37239
vt 0.96488 0.38025
vt 0.96490 0.69018
vt 0.96508 0.12779
vt 0.96518 0.40388
vt 0.96518 0.41348
vt 0.96523 0.81796
vt 0.96533 0.95827
vt 0.96533 0.97748
vt 0.96534 0.87610
vt 0.96540 0.90411
vt 0.96548 0.84596
vt 0.96661 0.94512
vt 0.96788 0.49229
vt 0.96788 0.61982
vt 0.96844 0.91769
vt 0.96895 0.87587
vt 0.96943 0.06514
vt 0.96982 0.90383
vt 0.96993 0.81780
vt 0.97011 0.74987
vt 0.97095 0.09289
vt 0.97097 0.94553
vt 0.97104 0.00000
vt 0.97122 0.84576
vt 0.97133 0.77770
vt 0.97168 0.36847
vt 0.97168 0.38419
vt 0.97206 0.22826
vt 0.97222 0.02785
vt 0.97244 0.18721
vt 0.97274 0.69006
vt 0.97285 0.25617
vt 0.97289 0.12774
vt 0.97301 0.21520
vt 0.97319 0.33654
vt 0.97319 0.35573
vt 0.97343 0.39913
vt 0.97343 0.41833
vt 0.97365 0.96307
vt 0.97365 0.97267
vt 0.97373 0.15567
vt 0.97396 0.44410
vt 0.97396 0.45196
vt 0.97411 0.06544
vt 0.97417 0.71794
vt 0.97481 0.75006
vt 0.97492 0.27567
vt 0.97492 0.28353
vt 0.97492 0.30412
vt 0.97492 0.31198
vt 0.97573 0.00017
vt 0.97603 0.18712
vt 0.97632 0.69018
vt 0.97667 0.09325
vt 0.97708 0.77793
vt 0.97711 0.22837
vt 0.97736 0.64173
vt 0.97736 0.64959
vt 0.97740 0.21508
vt 0.97759 0.12779
vt 0.97795 0.02806
vt 0.97849 0.37240
vt 0.97849 0.38026
vt 0.97854 0.71809
vt 0.97902 0.25629
vt 0.97948 0.15573
vt 0.98062 0.49099
vt 0.98062 0.49885
vt 0.98062 0.51944
vt 0.98062 0.52729
vt 0.98062 0.54788
vt 0.98062 0.55573
vt 0.98062 0.57629
vt 0.98062 0.58414
vt 0.98062 0.60471
vt 0.98062 0.61256
vt 0.98076 0.44017
vt 0.98076 0.45589
vt 0.98150 0.34136
vt 0.98150 0.35096
vt 0.98168 0.40397
vt 0.98168 0.41357
vt 0.98172 0.30019
vt 0.98172 0.31591
vt 0.98173 0.27174
vt 0.98173 0.28746
vt 0.98255 0.87983
vt 0.98255 0.88767
vt 0.98371 0.92123
vt 0.98371 0.92905
vt 0.98396 0.82171
vt 0.98396 0.82953
vt 0.98396 0.85011
vt 0.98396 0.85792
vt 0.98411 0.63779
vt 0.98411 0.65351
vt 0.98638 0.96215
vt 0.98638 0.96994
vt 0.98738 0.48704
vt 0.98738 0.50275
vt 0.98738 0.60082
vt 0.98738 0.61652
vt 0.98740 0.51549
vt 0.98740 0.53120
vt 0.98741 0.57238
vt 0.98741 0.58808
vt 0.98742 0.54394
vt 0.98742 0.55964
vt 0.98757 0.44409
vt 0.98757 0.45195
vt 0.98852 0.30413
vt 0.98852 0.31199
vt 0.98853 0.27567
vt 0.98853 0.28353
vt 0.98934 0.87587
vt 0.98934 0.89156
vt 0.99050 0.91735
vt 0.99050 0.93301
vt 0.99076 0.81780
vt 0.99076 0.83344
vt 0.99076 0.84618
vt 0.99076 0.86181
vt 0.99086 0.64170
vt 0.99086 0.64956
vt 0.99319 0.95827
vt 0.99319 0.97384
vt 0.99414 0.60479
vt 0.99414 0.61264
vt 0.99415 0.49094
vt 0.99415 0.49880
vt 0.99418 0.51940
vt 0.99418 0.52725
vt 0.99421 0.57632
vt 0.99421 0.58418
vt 0.99422 0.54785
vt 0.99422 0.55570
vt 0.99613 0.87976
vt 0.99613 0.88760
vt 0.99730 0.92130
vt 0.99730 0.92913
vt 0.99756 0.85006
vt 0.99756 0.85788
vt 0.99757 0.82171
vt 0.99757 0.82953
vt 1.00000 0.96217
vt 1.00000 0.96995
s 0
usemtl ARPG_ember
f 2/573/1 3/530/1 1/529/1
f 2/573/1 4/574/1 3/530/1
f 4/2/2 7/42/2 3/24/2
f 4/2/2 8/15/2 7/42/2
f 4/511/6 2/512/6 6/301/6
f 4/511/6 6/301/6 8/300/6
f 6/682/4 1/706/4 5/707/4
f 6/682/4 2/681/4 1/706/4
f 7/510/5 1/298/5 3/509/5
f 7/510/5 5/299/5 1/298/5
f 8/15/3 5/23/3 7/42/3
f 8/15/3 6/1/3 5/23/3
usemtl ARPG_obsidian_iron
f 101/628/25 103/632/25 90/642/25
f 101/628/25 90/642/25 89/638/25
f 101/694/31 102/690/31 103/704/31
f 103/704/24 102/690/24 106/689/24
f 103/704/24 106/689/24 105/703/24
f 104/594/23 106/575/23 111/583/23
f 104/594/23 111/583/23 110/596/23
f 104/693/32 105/703/32 106/689/32
f 105/703/4 90/726/4 103/704/4
f 105/703/4 92/725/4 90/726/4
f 107/629/22 102/622/22 101/628/22
f 107/629/22 109/623/22 102/622/22
f 107/629/5 101/628/5 89/638/5
f 107/629/5 89/638/5 95/639/5
f 107/733/33 108/720/33 109/722/33
f 109/722/21 108/720/21 112/698/21
f 109/722/21 112/698/21 111/700/21
f 110/596/20 112/602/20 99/614/20
f 110/596/20 99/614/20 98/610/20
f 110/686/34 111/700/34 112/698/34
f 111/700/3 102/710/3 109/722/3
f 111/700/3 106/685/3 102/710/3
f 12/1450/16 11/1394/16 10/1397/16
f 12/1450/16 14/1448/16 11/1394/16
f 12/52/8 13/60/8 14/58/8
f 129/640/15 131/650/15 136/651/15
f 129/640/15 136/651/15 135/641/15
f 129/640/35 130/644/35 131/650/35
f 13/60/26 12/52/26 25/51/26
f 13/60/26 25/51/26 24/59/26
f 132/261/16 131/243/16 130/245/16
f 132/261/16 134/259/16 131/243/16
f 132/613/28 133/609/28 134/617/28
f 133/609/26 132/613/26 145/599/26
f 133/609/26 145/599/26 144/595/26
f 134/259/1 136/244/1 131/243/1
f 134/259/1 140/260/1 136/244/1
f 135/237/36 136/244/36 137/246/36
f 135/641/19 137/645/19 148/635/19
f 135/641/19 148/635/19 147/631/19
f 137/246/18 136/244/18 140/260/18
f 137/246/18 140/260/18 139/262/18
f 138/274/17 134/259/17 133/273/17
f 138/274/17 140/260/17 134/259/17
f 138/274/30 139/262/30 140/260/30
f 138/611/6 133/609/6 144/595/6
f 138/611/6 144/595/6 150/597/6
f 139/695/2 148/719/2 137/717/2
f 139/695/2 152/697/2 148/719/2
f 14/1448/1 16/1395/1 11/1394/1
f 14/1448/1 20/1449/1 16/1395/1
f 141/630/25 130/644/25 129/640/25
f 141/630/25 143/634/25 130/644/25
f 141/887/37 142/873/37 143/890/37
f 143/890/24 142/873/24 146/872/24
f 143/890/24 146/872/24 145/889/24
f 144/595/23 146/576/23 151/584/23
f 144/595/23 151/584/23 150/597/23
f 144/886/32 145/889/32 146/872/32
f 145/889/4 130/930/4 143/890/4
f 145/889/4 132/929/4 130/930/4
f 147/631/22 142/624/22 141/630/22
f 147/631/22 149/625/22 142/624/22
f 147/631/5 129/640/5 135/641/5
f 147/631/5 141/630/5 129/640/5
f 147/732/38 148/719/38 149/721/38
f 149/721/21 148/719/21 152/697/21
f 149/721/21 152/697/21 151/699/21
f 15/1376/9 16/1395/9 17/1398/9
f 15/211/19 17/220/19 28/221/19
f 15/211/19 28/221/19 27/212/19
f 150/597/20 139/615/20 138/611/20
f 150/597/20 152/603/20 139/615/20
f 150/684/34 151/699/34 152/697/34
f 151/699/3 142/709/3 149/721/3
f 151/699/3 146/683/3 142/709/3
f 17/1398/18 16/1395/18 20/1449/18
f 17/1398/18 20/1449/18 19/1451/18
f 18/1466/10 19/1451/10 20/1449/10
f 18/1466/17 14/1448/17 13/1465/17
f 18/1466/17 20/1449/17 14/1448/17
f 18/88/6 13/60/6 24/59/6
f 18/88/6 24/59/6 30/87/6
f 19/133/2 28/101/2 17/112/2
f 19/133/2 32/123/2 28/101/2
f 21/185/25 10/159/25 9/184/25
f 21/185/25 23/160/25 10/159/25
f 21/677/11 22/671/11 23/673/11
f 23/673/24 22/671/24 26/658/24
f 23/673/24 26/658/24 25/660/24
f 24/59/23 26/57/23 31/86/23
f 24/59/23 31/86/23 30/87/23
f 24/655/12 25/660/12 26/658/12
f 25/660/4 10/664/4 23/673/4
f 25/660/4 12/654/4 10/664/4
f 27/212/22 22/183/22 21/185/22
f 27/212/22 29/210/22 22/183/22
f 27/212/5 21/185/5 9/184/5
f 27/212/5 9/184/5 15/211/5
f 27/95/13 28/101/13 29/102/13
f 29/102/21 28/101/21 32/123/21
f 29/102/21 32/123/21 31/125/21
f 30/134/14 31/125/14 32/123/14
f 30/87/20 19/92/20 18/88/20
f 30/87/20 32/91/20 19/92/20
f 31/125/3 22/104/3 29/102/3
f 31/125/3 26/126/3 22/104/3
f 354/1477/91 355/1516/91 353/1473/91
f 354/1477/91 356/1512/91 355/1516/91
f 354/1547/95 362/1485/95 358/1510/95
f 354/1547/95 364/1511/95 362/1485/95
f 355/1483/98 357/1482/98 359/1519/98
f 355/1483/98 359/1519/98 363/1564/98
f 356/1512/92 357/1549/92 355/1516/92
f 356/1512/92 358/1540/92 357/1549/92
f 358/1510/95 356/1546/95 354/1547/95
f 358/445/93 359/451/93 357/442/93
f 358/445/93 360/453/93 359/451/93
f 359/1519/98 361/1563/98 363/1564/98
f 360/453/94 361/461/94 359/451/94
f 360/453/94 362/455/94 361/461/94
f 361/1366/96 362/1378/96 364/1415/96
f 361/1366/96 364/1415/96 363/1414/96
f 362/1485/95 360/1484/95 358/1510/95
f 363/1564/98 353/1520/98 355/1483/98
f 364/1415/97 353/1437/97 363/1414/97
f 364/1415/97 354/1434/97 353/1437/97
f 378/103/106 379/115/106 377/100/106
f 378/103/106 380/114/106 379/115/106
f 378/356/110 386/364/110 382/354/110
f 378/356/110 388/363/110 386/364/110
f 379/252/113 381/251/113 383/270/113
f 379/252/113 383/270/113 387/293/113
f 380/114/107 381/127/107 379/115/107
f 380/114/107 382/119/107 381/127/107
f 382/1356/108 383/1381/108 381/1345/108
f 382/1356/108 384/1384/108 383/1381/108
f 382/354/110 380/353/110 378/356/110
f 383/270/113 385/292/113 387/293/113
f 384/1384/109 385/1400/109 383/1381/109
f 384/1384/109 386/1399/109 385/1400/109
f 385/61/111 386/63/111 388/67/111
f 385/61/111 388/67/111 387/68/111
f 386/364/110 384/357/110 382/354/110
f 387/293/113 377/271/113 379/252/113
f 388/67/112 377/79/112 387/68/112
f 388/67/112 378/70/112 377/79/112
f 401/1370/120 402/1382/120 404/1419/120
f 401/1370/120 404/1419/120 403/1417/120
f 402/1393/124 410/1348/124 406/1364/124
f 402/1393/124 412/1365/124 410/1348/124
f 403/1417/121 404/1419/121 406/1436/121
f 403/1417/121 406/1436/121 405/1441/121
f 403/754/127 405/753/127 407/775/127
f 403/754/127 407/775/127 411/785/127
f 405/1444/122 406/1457/122 408/1493/122
f 405/1444/122 408/1493/122 407/1494/122
f 406/1364/124 404/1392/124 402/1393/124
f 407/1494/123 410/1500/123 409/1502/123
f 407/1494/306 408/1493/306 410/1500/306
f 407/775/127 409/784/127 411/785/127
f 410/1348/124 408/1347/124 406/1364/124
f 410/1456/125 411/1495/125 409/1445/125
f 410/1456/125 412/1490/125 411/1495/125
f 411/1495/126 402/1503/126 401/1508/126
f 411/1495/126 412/1490/126 402/1503/126
f 411/785/127 401/776/127 403/754/127
f 426/1431/134 427/1459/134 425/1424/134
f 426/1431/134 428/1458/134 427/1459/134
f 426/189/138 434/201/138 430/169/138
f 426/189/138 436/200/138 434/201/138
f 427/1522/141 429/1489/141 431/1488/141
f 427/1522/141 431/1488/141 435/1565/141
f 428/1458/135 429/1480/135 427/1459/135
f 428/1458/135 430/1475/135 429/1480/135
f 430/169/138 428/168/138 426/189/138
f 430/378/136 431/396/136 429/379/136
f 430/378/136 432/389/136 431/396/136
f 431/1488/141 433/1521/141 435/1565/141
f 432/389/137 433/410/137 431/396/137
f 432/389/137 434/407/137 433/410/137
f 434/1358/139 435/1380/139 433/1346/139
f 434/1358/139 436/1386/139 435/1380/139
f 434/201/138 432/190/138 430/169/138
f 435/1380/140 426/1405/140 425/1406/140
f 435/1380/140 436/1386/140 426/1405/140
f 435/1565/141 425/1566/141 427/1522/141
f 449/20/148 450/22/148 452/40/148
f 449/20/148 452/40/148 451/41/148
f 450/1628/152 458/1576/152 454/1603/152
f 450/1628/152 460/1604/152 458/1576/152
f 451/702/155 453/680/155 455/679/155
f 451/702/155 455/679/155 459/715/155
f 452/40/149 453/48/149 451/41/149
f 452/40/149 454/46/149 453/48/149
f 454/1486/150 455/1529/150 453/1479/150
f 454/1486/150 456/1515/150 455/1529/150
f 454/1603/152 452/1627/152 450/1628/152
f 455/679/155 457/701/155 459/715/155
f 456/1515/151 457/1548/151 455/1529/151
f 456/1515/151 458/1537/151 457/1548/151
f 457/515/153 458/517/153 460/553/153
f 457/515/153 460/553/153 459/551/153
f 458/1576/152 456/1575/152 454/1603/152
f 459/551/154 450/568/154 449/569/154
f 459/551/154 460/553/154 450/568/154
f 459/715/155 449/716/155 451/702/155
f 474/1006/162 475/1041/162 473/1002/162
f 474/1006/162 476/1038/162 475/1041/162
f 474/1587/166 482/1616/166 478/1554/166
f 474/1587/166 484/1615/166 482/1616/166
f 475/1041/163 476/1038/163 478/1050/163
f 475/1041/163 478/1050/163 477/1060/163
f 475/619/169 477/618/169 479/620/169
f 475/619/169 479/620/169 483/627/169
f 477/443/164 478/444/164 480/450/164
f 477/443/164 480/450/164 479/452/164
f 478/1554/166 476/1553/166 474/1587/166
f 479/452/165 480/450/165 482/454/165
f 479/452/165 482/454/165 481/456/165
f 479/620/169 481/626/169 483/627/169
f 482/1374/167 483/1404/167 481/1360/167
f 482/1374/167 484/1412/167 483/1404/167
f 482/1616/166 480/1588/166 478/1554/166
f 483/627/169 473/621/169 475/619/169
f 484/1412/168 473/1429/168 483/1404/168
f 484/1412/168 474/1427/168 473/1429/168
f 49/249/15 51/247/15 56/278/15
f 49/249/15 56/278/15 55/280/15
f 49/249/7 50/241/7 51/247/7
f 498/1103/176 499/1137/176 497/1085/176
f 498/1103/176 500/1136/176 499/1137/176
f 498/1156/180 506/1130/180 502/1086/180
f 498/1156/180 508/1157/180 506/1130/180
f 499/545/183 501/514/183 503/513/183
f 499/545/183 503/513/183 507/570/183
f 500/1136/177 501/1172/177 499/1137/177
f 500/1136/177 502/1162/177 501/1172/177
f 501/1349/178 502/1357/178 504/1385/178
f 501/1349/178 504/1385/178 503/1383/178
f 502/1086/180 500/1129/180 498/1156/180
f 503/513/183 505/544/183 507/570/183
f 504/1385/179 505/1402/179 503/1383/179
f 504/1385/179 506/1401/179 505/1402/179
f 506/1130/180 504/1087/180 502/1086/180
f 506/1472/181 507/1513/181 505/1469/181
f 506/1472/181 508/1507/181 507/1513/181
f 507/570/183 497/571/183 499/545/183
f 508/1507/182 497/1545/182 507/1513/182
f 508/1507/182 498/1535/182 497/1545/182
f 52/1446/16 51/1388/16 50/1390/16
f 52/1446/16 54/1442/16 51/1388/16
f 52/97/8 53/109/8 54/107/8
f 521/1362/190 522/1373/190 524/1411/190
f 521/1362/190 524/1411/190 523/1407/190
f 522/408/194 530/388/194 526/380/194
f 522/408/194 532/409/194 530/388/194
f 523/1407/191 524/1411/191 526/1430/191
f 523/1407/191 526/1430/191 525/1433/191
f 523/647/197 525/637/197 527/636/197
f 523/647/197 527/636/197 531/652/197
f 526/1387/192 527/1420/192 525/1377/192
f 526/1387/192 528/1421/192 527/1420/192
f 526/380/194 524/387/194 522/408/194
f 527/1420/193 528/1421/193 530/1438/193
f 527/1420/193 530/1438/193 529/1440/193
f 527/636/197 529/646/197 531/652/197
f 53/109/26 52/97/26 65/96/26
f 53/109/26 65/96/26 64/108/26
f 530/1487/195 531/1525/195 529/1476/195
f 530/1487/195 532/1517/195 531/1525/195
f 530/388/194 528/381/194 526/380/194
f 531/652/197 521/653/197 523/647/197
f 532/1517/196 521/1550/196 531/1525/196
f 532/1517/196 522/1544/196 521/1550/196
f 54/1442/1 56/1389/1 51/1388/1
f 54/1442/1 60/1443/1 56/1389/1
f 546/1561/208 554/1594/208 550/1527/208
f 546/1561/208 556/1593/208 554/1594/208
f 546/468/204 547/484/204 545/465/204
f 546/468/204 548/483/204 547/484/204
f 547/484/205 548/483/205 550/488/205
f 547/484/205 550/488/205 549/489/205
f 547/825/211 549/817/211 551/816/211
f 547/825/211 551/816/211 555/832/211
f 549/256/206 550/257/206 552/277/206
f 549/256/206 552/277/206 551/276/206
f 55/1371/9 56/1389/9 57/1391/9
f 55/280/19 57/296/19 68/297/19
f 55/280/19 68/297/19 67/281/19
f 550/1527/208 548/1526/208 546/1561/208
f 551/276/207 552/277/207 554/288/207
f 551/276/207 554/288/207 553/291/207
f 551/816/211 553/824/211 555/832/211
f 554/1594/208 552/1562/208 550/1527/208
f 554/172/209 555/197/209 553/167/209
f 554/172/209 556/196/209 555/197/209
f 555/197/210 546/203/210 545/204/210
f 555/197/210 556/196/210 546/203/210
f 555/832/211 545/833/211 547/825/211
f 569/417/218 570/420/218 572/425/218
f 569/417/218 572/425/218 571/426/218
f 57/1391/18 56/1389/18 60/1443/18
f 57/1391/18 60/1443/18 59/1447/18
f 570/1607/222 578/1580/222 574/1541/222
f 570/1607/222 580/1608/222 578/1580/222
f 571/663/225 573/662/225 575/667/225
f 571/663/225 575/667/225 579/676/225
f 572/425/219 573/431/219 571/426/219
f 572/425/219 574/430/219 573/431/219
f 574/1452/220 575/1496/220 573/1453/220
f 574/1452/220 576/1481/220 575/1496/220
f 574/1541/222 572/1579/222 570/1607/222
f 575/667/225 577/675/225 579/676/225
f 576/1481/221 577/1506/221 575/1496/221
f 576/1481/221 578/1499/221 577/1506/221
f 578/1367/223 579/1396/223 577/1359/223
f 578/1367/223 580/1403/223 579/1396/223
f 578/1580/222 576/1542/222 574/1541/222
f 579/676/225 569/668/225 571/663/225
f 58/139/6 53/109/6 64/108/6
f 58/139/6 64/108/6 70/138/6
f 58/1461/10 59/1447/10 60/1443/10
f 58/1461/17 54/1442/17 53/1460/17
f 58/1461/17 60/1443/17 54/1442/17
f 580/1403/224 569/1423/224 579/1396/224
f 580/1403/224 570/1422/224 569/1423/224
f 59/89/2 68/55/2 57/66/2
f 59/89/2 72/69/2 68/55/2
f 594/1630/236 602/1582/236 598/1609/236
f 594/1630/236 604/1610/236 602/1582/236
f 594/355/232 595/361/232 593/352/232
f 594/355/232 596/360/232 595/361/232
f 595/605/239 597/582/239 599/581/239
f 595/605/239 599/581/239 603/606/239
f 596/360/233 597/366/233 595/361/233
f 596/360/233 598/365/233 597/366/233
f 598/1609/236 596/1629/236 594/1630/236
f 598/258/234 599/275/234 597/255/234
f 598/258/234 600/284/234 599/275/234
f 599/581/239 601/604/239 603/606/239
f 600/284/235 601/295/235 599/275/235
f 600/284/235 602/294/235 601/295/235
f 602/1463/237 603/1505/237 601/1462/237
f 602/1463/237 604/1501/237 603/1505/237
f 602/1582/236 600/1581/236 598/1609/236
f 603/606/239 593/607/239 595/605/239
f 604/1501/238 593/1538/238 603/1505/238
f 604/1501/238 594/1528/238 593/1538/238
f 61/250/25 50/241/25 49/249/25
f 61/250/25 63/242/25 50/241/25
f 61/678/11 62/672/11 63/674/11
f 618/1372/246 619/1408/246 617/1363/246
f 618/1372/246 620/1410/246 619/1408/246
f 618/1624/250 626/1574/250 622/1601/250
f 618/1624/250 628/1602/250 626/1574/250
f 619/458/253 621/449/253 623/441/253
f 619/458/253 623/441/253 627/448/253
f 620/1410/247 621/1432/247 619/1408/247
f 620/1410/247 622/1428/247 621/1432/247
f 622/1375/248 623/1409/248 621/1361/248
f 622/1375/313 624/1413/313 623/1409/313
f 622/1601/250 620/1623/250 618/1624/250
f 623/1409/249 624/1413/249 626/1425/249
f 623/1409/249 626/1425/249 625/1426/249
f 623/441/253 625/440/253 627/448/253
f 626/1467/251 627/1509/251 625/1464/251
f 626/1467/251 628/1504/251 627/1509/251
f 626/1574/250 624/1573/250 622/1601/250
f 627/1509/252 618/1530/252 617/1539/252
f 627/1509/252 628/1504/252 618/1530/252
f 627/448/253 617/457/253 619/458/253
f 63/674/24 62/672/24 66/659/24
f 63/674/24 66/659/24 65/661/24
f 64/108/23 66/106/23 71/137/23
f 64/108/23 71/137/23 70/138/23
f 64/657/12 65/661/12 66/659/12
f 642/1232/260 643/1275/260 641/1223/260
f 642/1232/260 644/1274/260 643/1275/260
f 642/1595/264 650/1568/264 646/1533/264
f 642/1595/264 652/1596/264 650/1568/264
f 643/1455/267 645/1454/267 647/1491/267
f 643/1455/267 647/1491/267 651/1524/267
f 644/1274/261 645/1294/261 643/1275/261
f 644/1274/261 646/1292/261 645/1294/261
f 646/1478/262 647/1518/262 645/1474/262
f 646/1478/262 648/1514/262 647/1518/262
f 646/1533/264 644/1567/264 642/1595/264
f 647/1491/267 649/1523/267 651/1524/267
f 648/1514/263 649/1543/263 647/1518/263
f 648/1514/263 650/1536/263 649/1543/263
f 65/661/4 50/665/4 63/674/4
f 65/661/4 52/656/4 50/665/4
f 650/1379/265 651/1416/265 649/1369/265
f 650/1379/265 652/1418/265 651/1416/265
f 650/1568/264 648/1534/264 646/1533/264
f 651/1524/267 641/1492/267 643/1455/267
f 652/1418/266 641/1439/266 651/1416/266
f 652/1418/266 642/1435/266 641/1439/266
f 665/336/279 667/337/279 669/332/279
f 665/336/279 669/332/279 671/331/279
f 666/154/276 670/144/276 668/153/276
f 666/154/276 672/145/276 670/144/276
f 666/369/274 667/362/274 665/351/274
f 666/369/274 668/370/274 667/362/274
f 667/362/275 668/370/275 670/371/275
f 667/362/275 670/371/275 669/372/275
f 67/281/22 62/248/22 61/250/22
f 67/281/22 69/279/22 62/248/22
f 67/281/5 49/249/5 55/280/5
f 67/281/5 61/250/5 49/249/5
f 67/53/13 68/55/13 69/56/13
f 670/818/277 671/831/277 669/815/277
f 670/818/277 672/819/277 671/831/277
f 672/482/278 665/490/278 671/464/278
f 672/482/278 666/485/278 665/490/278
f 673/314/285 675/307/285 677/306/285
f 673/314/285 677/306/285 679/313/285
f 673/99/280 674/116/280 676/118/280
f 673/99/280 676/118/280 675/121/280
f 674/151/282 678/143/282 676/142/282
f 674/151/282 680/152/282 678/143/282
f 676/118/281 677/148/281 675/121/281
f 676/118/281 678/120/281 677/148/281
f 678/884/283 679/914/283 677/871/283
f 678/884/283 680/885/283 679/914/283
f 680/1005/284 673/1043/284 679/983/284
f 680/1005/284 674/1007/284 673/1043/284
f 681/317/291 683/318/291 685/316/291
f 681/317/291 685/316/291 687/315/291
f 682/156/288 686/146/288 684/155/288
f 682/156/288 688/147/288 686/146/288
f 682/43/286 683/47/286 681/19/286
f 682/43/286 684/44/286 683/47/286
f 684/44/287 685/54/287 683/47/287
f 684/44/287 686/45/287 685/54/287
f 686/1089/289 687/1132/289 685/1074/289
f 686/1089/289 688/1105/289 687/1132/289
f 687/1296/290 682/1344/290 681/1368/290
f 687/1296/290 688/1343/290 682/1344/290
f 689/324/297 691/320/297 693/319/297
f 689/324/297 693/319/297 695/323/297
f 69/56/21 68/55/21 72/69/21
f 69/56/21 72/69/21 71/71/21
f 690/149/294 694/141/294 692/140/294
f 690/149/294 696/150/294 694/141/294
f 690/434/292 691/427/292 689/416/292
f 690/434/292 692/435/292 691/427/292
f 692/435/293 693/437/293 691/427/293
f 692/435/293 694/436/293 693/437/293
f 693/1188/295 694/1200/295 696/1210/295
f 693/1188/295 696/1210/295 695/1247/295
f 696/777/296 689/787/296 695/752/296
f 696/777/296 690/780/296 689/787/296
f 70/138/20 59/158/20 58/139/20
f 70/138/20 72/157/20 59/158/20
f 70/90/14 71/71/14 72/69/14
f 71/71/3 62/62/3 69/56/3
f 71/71/3 66/72/3 62/62/3
f 89/638/15 91/648/15 96/649/15
f 89/638/15 96/649/15 95/639/15
f 89/638/27 90/642/27 91/648/27
f 9/184/15 11/182/15 16/209/15
f 9/184/15 16/209/15 15/211/15
f 9/184/7 10/159/7 11/182/7
f 92/207/16 91/178/16 90/180/16
f 92/207/16 94/205/16 91/178/16
f 92/612/28 93/608/28 94/616/28
f 93/608/26 105/598/26 104/594/26
f 93/608/26 92/612/26 105/598/26
f 94/205/1 100/206/1 96/179/1
f 94/205/1 96/179/1 91/178/1
f 95/161/29 96/179/29 97/181/29
f 95/639/19 108/633/19 107/629/19
f 95/639/19 97/643/19 108/633/19
f 97/181/18 100/206/18 99/208/18
f 97/181/18 96/179/18 100/206/18
f 98/214/17 100/206/17 94/205/17
f 98/214/17 94/205/17 93/213/17
f 98/214/30 99/208/30 100/206/30
f 98/610/6 104/594/6 110/596/6
f 98/610/6 93/608/6 104/594/6
f 99/696/2 108/720/2 97/718/2
f 99/696/2 112/698/2 108/720/2
usemtl ARPG_arcane
f 114/964/4 115/970/4 113/971/4
f 114/964/4 116/963/4 115/970/4
f 115/1148/5 117/1097/5 113/1096/5
f 115/1148/5 119/1149/5 117/1097/5
f 116/1177/1 119/1159/1 115/1158/1
f 116/1177/1 120/1178/1 119/1159/1
f 116/481/6 114/463/6 118/462/6
f 116/481/6 118/462/6 120/480/6
f 118/1317/3 113/1330/3 117/1335/3
f 118/1317/3 114/1311/3 113/1330/3
f 120/1312/2 117/1335/2 119/1331/2
f 120/1312/2 118/1317/2 117/1335/2
f 122/503/4 123/505/4 121/506/4
f 122/503/4 124/502/4 123/505/4
f 123/93/5 125/74/5 121/73/5
f 123/93/5 127/94/5 125/74/5
f 124/1181/1 127/1165/1 123/1164/1
f 124/1181/1 128/1182/1 127/1165/1
f 124/359/6 122/350/6 126/349/6
f 124/359/6 126/349/6 128/358/6
f 126/1332/3 121/1339/3 125/1342/3
f 126/1332/3 122/1325/3 121/1339/3
f 128/1326/2 125/1342/2 127/1340/2
f 128/1326/2 126/1332/2 125/1342/2
f 154/1216/4 155/1219/4 153/1220/4
f 154/1216/4 156/1215/4 155/1219/4
f 155/38/5 157/18/5 153/17/5
f 155/38/5 159/39/5 157/18/5
f 156/1194/1 159/1190/1 155/1189/1
f 156/1194/1 160/1195/1 159/1190/1
f 156/500/6 154/493/6 158/492/6
f 156/500/6 158/492/6 160/499/6
f 158/1322/3 153/1333/3 157/1336/3
f 158/1322/3 154/1315/3 153/1333/3
f 160/1316/2 157/1336/2 159/1334/2
f 160/1316/2 158/1322/2 157/1336/2
f 162/76/4 163/82/4 161/83/4
f 162/76/4 164/75/4 163/82/4
f 163/64/5 165/50/5 161/49/5
f 163/64/5 167/65/5 165/50/5
f 164/1196/1 167/1192/1 163/1191/1
f 164/1196/1 168/1197/1 167/1192/1
f 164/383/6 162/368/6 166/367/6
f 164/383/6 166/367/6 168/382/6
f 166/1327/3 161/1337/3 165/1341/3
f 166/1327/3 162/1323/3 161/1337/3
f 168/1324/2 165/1341/2 167/1338/2
f 168/1324/2 166/1327/2 165/1341/2
f 34/401/1 35/391/1 33/390/1
f 34/401/1 36/402/1 35/391/1
f 36/1280/2 39/1265/2 35/1267/2
f 36/1280/2 40/1279/2 39/1265/2
f 36/560/6 34/534/6 38/533/6
f 36/560/6 38/533/6 40/559/6
f 38/1310/4 33/1328/4 37/1329/4
f 38/1310/4 34/1309/4 33/1328/4
f 39/460/5 33/446/5 35/459/5
f 39/460/5 37/447/5 33/446/5
f 40/1279/3 37/1268/3 39/1265/3
f 40/1279/3 38/1281/3 37/1268/3
f 42/1110/1 43/1093/1 41/1092/1
f 42/1110/1 44/1111/1 43/1093/1
f 44/1257/2 47/1248/2 43/1251/2
f 44/1257/2 48/1255/2 47/1248/2
f 44/564/6 42/538/6 46/537/6
f 44/564/6 46/537/6 48/563/6
f 46/1304/4 41/1318/4 45/1319/4
f 46/1304/4 42/1303/4 41/1318/4
f 47/439/5 41/432/5 43/438/5
f 47/439/5 45/433/5 41/432/5
f 48/1255/3 45/1252/3 47/1248/3
f 48/1255/3 46/1258/3 45/1252/3
f 74/1179/1 75/1161/1 73/1160/1
f 74/1179/1 76/1180/1 75/1161/1
f 76/548/2 79/539/2 75/541/2
f 76/548/2 80/546/2 79/539/2
f 76/558/6 74/532/6 78/531/6
f 76/558/6 78/531/6 80/557/6
f 78/1301/4 73/1313/4 77/1314/4
f 78/1301/4 74/1300/4 73/1313/4
f 79/424/5 73/414/5 75/423/5
f 79/424/5 77/415/5 73/414/5
f 80/546/3 77/542/3 79/539/3
f 80/546/3 78/549/3 77/542/3
f 82/1183/1 83/1176/1 81/1175/1
f 82/1183/1 84/1184/1 83/1176/1
f 84/1307/2 87/1297/2 83/1298/2
f 84/1307/2 88/1302/2 87/1297/2
f 84/562/6 82/536/6 86/535/6
f 84/562/6 86/535/6 88/561/6
f 86/1306/4 81/1320/4 85/1321/4
f 86/1306/4 82/1305/4 81/1320/4
f 87/1134/5 81/1082/5 83/1133/5
f 87/1134/5 85/1083/5 81/1082/5
f 88/1302/3 85/1299/3 87/1297/3
f 88/1302/3 86/1308/3 85/1299/3
usemtl ARPG_obsidian_slab
f 169/263/1 188/282/1 205/283/1
f 169/263/1 205/283/1 185/264/1
f 169/263/16 171/265/16 189/285/16
f 169/263/16 189/285/16 188/282/16
f 169/867/42 170/855/42 171/864/42
f 170/855/15 169/867/15 185/773/15
f 170/855/15 185/773/15 187/766/15
f 172/1056/11 173/1068/11 174/1054/11
f 172/1056/4 189/1013/4 171/1045/4
f 172/1056/4 193/1033/4 189/1013/4
f 173/761/22 175/755/22 174/745/22
f 173/761/25 171/864/25 170/855/25
f 173/761/25 172/767/25 171/864/25
f 173/761/5 170/855/5 187/766/5
f 174/28/43 175/36/43 176/31/43
f 175/36/298 178/34/298 177/25/298
f 175/36/53 177/25/53 176/31/53
f 176/31/57 191/10/57 174/28/57
f 176/31/57 194/14/57 191/10/57
f 177/25/39 194/14/39 176/31/39
f 177/25/39 198/7/39 194/14/39
f 177/25/44 178/34/44 179/26/44
f 178/34/40 180/29/40 179/26/40
f 178/34/40 181/37/40 180/29/40
f 178/757/5 175/755/5 173/761/5
f 180/29/40 196/8/40 179/26/40
f 180/29/40 201/11/40 196/8/40
f 180/29/45 181/37/45 182/30/45
f 183/32/41 199/12/41 182/30/41
f 183/32/41 204/13/41 199/12/41
f 183/32/46 184/35/46 186/27/46
f 184/35/299 183/32/299 182/30/299
f 184/35/54 182/30/54 181/37/54
f 184/764/19 187/766/19 186/760/19
f 185/264/29 186/266/29 187/253/29
f 187/766/5 178/757/5 173/761/5
f 187/766/5 181/746/5 178/757/5
f 187/766/5 184/764/5 181/746/5
f 188/866/47 189/865/47 190/856/47
f 190/856/26 189/865/26 193/768/26
f 190/856/26 193/768/26 192/762/26
f 190/856/6 192/762/6 195/756/6
f 190/856/6 195/756/6 197/759/6
f 190/856/6 197/759/6 203/763/6
f 191/1032/12 192/1014/12 193/1033/12
f 191/1032/24 172/1056/24 174/1054/24
f 191/1032/24 193/1033/24 172/1056/24
f 194/14/48 195/5/48 191/10/48
f 195/5/301 194/14/301 198/7/301
f 195/5/56 198/7/56 197/3/56
f 195/756/23 192/762/23 191/748/23
f 196/8/49 197/3/49 198/7/49
f 196/8/58 177/25/58 179/26/58
f 196/8/58 198/7/58 177/25/58
f 197/3/40 196/8/40 201/11/40
f 197/3/40 201/11/40 200/6/40
f 197/759/6 200/747/6 203/763/6
f 199/12/50 200/6/50 201/11/50
f 199/12/59 180/29/59 182/30/59
f 199/12/59 201/11/59 180/29/59
f 202/9/51 203/4/51 204/13/51
f 202/9/60 183/32/60 186/27/60
f 202/9/60 204/13/60 183/32/60
f 203/4/300 200/6/300 199/12/300
f 203/4/55 199/12/55 204/13/55
f 203/763/6 206/765/6 190/856/6
f 205/283/18 186/266/18 185/264/18
f 205/283/18 202/286/18 186/266/18
f 205/283/52 206/290/52 202/286/52
f 206/290/17 188/282/17 190/289/17
f 206/290/17 205/283/17 188/282/17
f 206/765/20 203/763/20 202/758/20
f 207/1128/77 209/1119/77 223/1142/77
f 207/1128/77 223/1142/77 222/1153/77
f 207/129/64 208/122/64 209/136/64
f 207/494/2 222/497/2 234/498/2
f 207/494/2 234/498/2 219/495/2
f 208/1104/302 211/1101/302 210/1127/302
f 208/1104/73 210/1127/73 209/1119/73
f 208/122/19 207/129/19 219/21/19
f 208/122/19 219/21/19 221/33/19
f 210/1127/63 223/1142/63 209/1119/63
f 210/1127/63 227/1152/63 223/1142/63
f 210/1127/65 211/1101/65 212/1126/65
f 211/1101/61 213/1122/61 212/1126/61
f 211/1101/61 214/1091/61 213/1122/61
f 211/130/5 208/122/5 221/33/5
f 212/1126/78 225/1151/78 227/1152/78
f 212/1126/78 227/1152/78 210/1127/78
f 213/1122/61 225/1151/61 212/1126/61
f 213/1122/61 230/1145/61 225/1151/61
f 213/1122/66 214/1091/66 215/1121/66
f 216/1120/62 228/1144/62 215/1121/62
f 216/1120/62 233/1143/62 228/1144/62
f 216/135/67 217/124/67 218/128/67
f 217/124/22 220/16/22 218/128/22
f 217/124/22 221/33/22 220/16/22
f 217/124/303 216/135/303 215/132/303
f 217/124/74 215/132/74 214/131/74
f 219/495/38 220/496/38 221/491/38
f 220/496/3 231/508/3 218/504/3
f 220/496/3 236/501/3 231/508/3
f 221/33/5 214/131/5 211/130/5
f 221/33/5 217/124/5 214/131/5
f 222/326/68 223/329/68 224/321/68
f 224/1174/305 223/1142/305 227/1152/305
f 224/1174/76 227/1152/76 226/1169/76
f 224/321/20 234/302/20 222/326/20
f 224/321/20 235/308/20 234/302/20
f 224/321/6 226/327/6 232/322/6
f 225/1151/69 226/1169/69 227/1152/69
f 226/327/6 229/328/6 232/322/6
f 228/1144/70 229/1167/70 230/1145/70
f 228/1144/79 213/1122/79 215/1121/79
f 228/1144/79 230/1145/79 213/1122/79
f 229/1167/61 225/1151/61 230/1145/61
f 229/1167/61 226/1169/61 225/1151/61
f 231/325/71 232/322/71 233/330/71
f 231/798/80 216/807/80 218/808/80
f 231/798/80 233/797/80 216/807/80
f 232/1173/304 229/1167/304 228/1144/304
f 232/1173/75 228/1144/75 233/1143/75
f 232/322/23 231/325/23 236/303/23
f 232/322/23 236/303/23 235/308/23
f 232/322/6 235/308/6 224/321/6
f 234/498/21 220/496/21 219/495/21
f 234/498/21 236/501/21 220/496/21
f 234/498/72 235/507/72 236/501/72
f 237/162/1 249/174/1 258/193/1
f 237/162/1 258/193/1 246/177/1
f 237/162/16 239/170/16 250/175/16
f 237/162/16 250/175/16 249/174/16
f 237/979/27 238/956/27 239/959/27
f 238/956/15 237/979/15 246/980/15
f 238/956/15 246/980/15 248/957/15
f 240/1051/4 250/1055/4 239/1069/4
f 240/1051/4 254/1044/4 250/1055/4
f 240/1051/81 241/1070/81 242/1049/81
f 241/769/25 239/959/25 238/956/25
f 241/769/25 240/771/25 239/959/25
f 243/920/3 252/941/3 242/927/3
f 243/920/3 257/926/3 252/941/3
f 243/920/38 244/904/38 245/917/38
f 244/770/22 242/749/22 241/769/22
f 244/770/22 243/750/22 242/749/22
f 246/177/29 247/187/29 248/163/29
f 247/915/2 255/923/2 245/917/2
f 247/915/2 260/921/2 255/923/2
f 248/957/19 245/772/19 244/770/19
f 248/957/19 247/960/19 245/772/19
f 248/957/5 241/769/5 238/956/5
f 248/957/5 244/770/5 241/769/5
f 249/998/82 250/982/82 251/1000/82
f 251/1000/26 250/982/26 254/981/26
f 251/1000/26 254/981/26 253/999/26
f 251/1000/6 253/999/6 256/1470/6
f 251/1000/6 256/1470/6 259/1471/6
f 252/1040/24 240/1051/24 242/1049/24
f 252/1040/24 254/1044/24 240/1051/24
f 252/1040/83 253/1019/83 254/1044/83
f 253/999/23 252/997/23 257/1468/23
f 253/999/23 257/1468/23 256/1470/23
f 255/923/21 243/920/21 245/917/21
f 255/923/21 257/926/21 243/920/21
f 255/923/72 256/940/72 257/926/72
f 256/1470/20 255/1497/20 260/1498/20
f 256/1470/20 260/1498/20 259/1471/20
f 258/193/18 247/187/18 246/177/18
f 258/193/18 260/194/18 247/187/18
f 258/193/52 259/202/52 260/194/52
f 259/202/17 249/174/17 251/195/17
f 259/202/17 258/193/17 249/174/17
f 261/847/35 262/840/35 263/846/35
f 261/993/1 280/1008/1 297/1009/1
f 261/993/1 297/1009/1 277/994/1
f 261/993/16 263/995/16 281/1010/16
f 261/993/16 281/1010/16 280/1008/16
f 262/840/15 261/847/15 277/742/15
f 262/840/15 277/742/15 279/740/15
f 264/1058/4 281/1017/4 263/1046/4
f 264/1058/4 285/1035/4 281/1017/4
f 264/1058/84 265/1073/84 266/1057/84
f 265/738/22 267/731/22 266/727/22
f 265/738/25 263/846/25 262/840/25
f 265/738/25 264/741/25 263/846/25
f 265/738/5 262/840/5 279/740/5
f 266/895/43 267/903/43 268/899/43
f 267/903/298 270/901/298 269/891/298
f 267/903/53 269/891/53 268/899/53
f 269/891/39 286/881/39 268/899/39
f 269/891/39 290/874/39 286/881/39
f 269/891/44 270/901/44 271/892/44
f 270/735/5 267/731/5 265/738/5
f 272/896/40 288/875/40 271/892/40
f 272/896/40 293/878/40 288/875/40
f 272/896/45 273/909/45 274/897/45
f 273/909/40 271/892/40 270/901/40
f 273/909/40 272/896/40 271/892/40
f 275/898/41 291/879/41 274/897/41
f 275/898/41 296/880/41 291/879/41
f 275/898/46 276/902/46 278/894/46
f 276/739/19 279/740/19 278/736/19
f 276/902/299 275/898/299 274/897/299
f 276/902/54 274/897/54 273/909/54
f 277/994/85 278/996/85 279/984/85
f 278/894/60 294/876/60 296/880/60
f 278/894/60 296/880/60 275/898/60
f 279/740/5 270/735/5 265/738/5
f 279/740/5 273/728/5 270/735/5
f 279/740/5 276/739/5 273/728/5
f 280/670/82 281/669/82 282/666/82
f 282/666/26 281/669/26 285/591/26
f 282/666/26 285/591/26 284/588/26
f 282/666/6 284/588/6 287/585/6
f 282/666/6 287/585/6 289/587/6
f 282/666/6 289/587/6 295/589/6
f 283/1034/12 284/1018/12 285/1035/12
f 283/1034/24 264/1058/24 266/1057/24
f 283/1034/24 285/1035/24 264/1058/24
f 286/881/48 287/861/48 283/877/48
f 286/881/57 266/895/57 268/899/57
f 286/881/57 283/877/57 266/895/57
f 287/585/23 284/588/23 283/578/23
f 287/861/301 286/881/301 290/874/301
f 287/861/56 290/874/56 289/857/56
f 288/875/49 289/857/49 290/874/49
f 288/875/58 269/891/58 271/892/58
f 288/875/58 290/874/58 269/891/58
f 289/587/6 292/577/6 295/589/6
f 289/857/40 288/875/40 293/878/40
f 289/857/40 293/878/40 292/862/40
f 291/879/50 292/862/50 293/878/50
f 291/879/59 272/896/59 274/897/59
f 291/879/59 293/878/59 272/896/59
f 294/876/51 295/858/51 296/880/51
f 295/589/6 298/590/6 282/666/6
f 295/858/300 292/862/300 291/879/300
f 295/858/55 291/879/55 296/880/55
f 297/1009/10 298/1023/10 294/1011/10
f 297/1009/18 278/996/18 277/994/18
f 297/1009/18 294/1011/18 278/996/18
f 298/1023/17 280/1008/17 282/1022/17
f 298/1023/17 297/1009/17 280/1008/17
f 298/590/20 295/589/20 294/586/20
f 299/472/64 300/469/64 301/479/64
f 299/946/2 314/955/2 326/958/2
f 299/946/2 326/958/2 311/949/2
f 300/1102/302 303/1100/302 302/1124/302
f 300/1102/73 302/1124/73 301/1115/73
f 300/469/19 299/472/19 311/412/19
f 300/469/19 311/412/19 313/413/19
f 302/1124/63 315/1138/63 301/1115/63
f 302/1124/63 319/1147/63 315/1138/63
f 302/1124/65 303/1100/65 304/1123/65
f 303/473/5 300/469/5 313/413/5
f 304/1123/61 305/1118/61 322/1141/61
f 304/1123/61 322/1141/61 317/1146/61
f 305/1118/66 306/1090/66 307/1117/66
f 306/1090/61 304/1123/61 303/1100/61
f 306/1090/61 305/1118/61 304/1123/61
f 308/1116/62 320/1140/62 307/1117/62
f 308/1116/62 325/1139/62 320/1140/62
f 308/478/67 309/470/67 310/471/67
f 309/470/22 312/411/22 310/471/22
f 309/470/22 313/413/22 312/411/22
f 309/470/303 308/478/303 307/477/303
f 309/470/74 307/477/74 306/476/74
f 311/949/86 312/950/86 313/936/86
f 312/950/3 323/988/3 310/962/3
f 312/950/3 328/961/3 323/988/3
f 313/413/5 306/476/5 303/473/5
f 313/413/5 309/470/5 306/476/5
f 314/1150/77 299/1125/77 301/1115/77
f 314/1150/77 301/1115/77 315/1138/77
f 314/376/68 315/385/68 316/373/68
f 316/1171/305 315/1138/305 319/1147/305
f 316/1171/76 319/1147/76 318/1168/76
f 316/373/20 326/334/20 314/376/20
f 316/373/20 327/335/20 326/334/20
f 316/373/6 318/377/6 324/374/6
f 317/1146/69 318/1168/69 319/1147/69
f 317/1146/78 302/1124/78 304/1123/78
f 317/1146/78 319/1147/78 302/1124/78
f 318/377/6 321/384/6 324/374/6
f 320/1140/70 321/1163/70 322/1141/70
f 320/1140/79 305/1118/79 307/1117/79
f 320/1140/79 322/1141/79 305/1118/79
f 321/1163/61 317/1146/61 322/1141/61
f 321/1163/61 318/1168/61 317/1146/61
f 323/375/71 324/374/71 325/386/71
f 323/843/80 308/853/80 310/854/80
f 323/843/80 325/842/80 308/853/80
f 324/1170/304 321/1163/304 320/1140/304
f 324/1170/75 320/1140/75 325/1139/75
f 324/374/23 323/375/23 328/333/23
f 324/374/23 328/333/23 327/335/23
f 324/374/6 327/335/6 316/373/6
f 326/958/21 312/950/21 311/949/21
f 326/958/21 328/961/21 312/950/21
f 326/958/87 327/987/87 328/961/87
f 329/215/1 341/223/1 350/234/1
f 329/215/1 350/234/1 338/228/1
f 329/215/16 331/219/16 342/224/16
f 329/215/16 342/224/16 341/223/16
f 329/723/27 330/711/27 331/713/27
f 330/711/15 329/723/15 338/724/15
f 330/711/15 338/724/15 340/712/15
f 332/1079/37 333/1108/37 334/1078/37
f 332/1079/4 342/1080/4 331/1107/4
f 332/1079/4 346/1076/4 342/1080/4
f 333/592/25 331/713/25 330/711/25
f 333/592/25 332/600/25 331/713/25
f 335/919/3 344/943/3 334/928/3
f 335/919/3 349/925/3 344/943/3
f 335/919/38 336/905/38 337/918/38
f 336/593/22 334/579/22 333/592/22
f 336/593/22 335/580/22 334/579/22
f 338/228/88 339/230/88 340/216/88
f 339/916/2 347/924/2 337/918/2
f 339/916/2 352/922/2 347/924/2
f 340/712/19 337/601/19 336/593/19
f 340/712/19 339/714/19 337/601/19
f 340/712/5 333/592/5 330/711/5
f 340/712/5 336/593/5 333/592/5
f 341/310/82 342/305/82 343/312/82
f 343/312/26 342/305/26 346/304/26
f 343/312/26 346/304/26 345/311/26
f 343/312/6 345/311/6 348/343/6
f 343/312/6 348/343/6 351/344/6
f 344/1075/24 332/1079/24 334/1078/24
f 344/1075/24 346/1076/24 332/1079/24
f 344/1075/89 345/1071/89 346/1076/89
f 345/311/23 344/309/23 349/342/23
f 345/311/23 349/342/23 348/343/23
f 347/924/21 335/919/21 337/918/21
f 347/924/21 349/925/21 335/919/21
f 347/924/72 348/942/72 349/925/72
f 348/343/20 347/347/20 352/348/20
f 348/343/20 352/348/20 351/344/20
f 350/234/18 339/230/18 338/228/18
f 350/234/18 352/235/18 339/230/18
f 350/234/90 351/240/90 352/235/90
f 351/240/17 341/223/17 343/236/17
f 351/240/17 350/234/17 341/223/17
usemtl ARPG_bone
f 365/937/99 366/945/99 368/948/99
f 365/937/99 368/948/99 367/953/99
f 366/933/103 374/939/103 370/932/103
f 366/933/95 376/938/95 374/939/95
f 367/1558/98 369/1557/98 371/1589/98
f 367/1558/98 371/1589/98 375/1618/98
f 368/948/100 369/972/100 367/953/100
f 368/948/100 370/952/100 369/972/100
f 370/518/101 371/554/101 369/519/101
f 370/518/101 372/524/101 371/554/101
f 370/932/95 368/931/95 366/933/95
f 371/1589/98 373/1617/98 375/1618/98
f 372/524/102 373/565/102 371/554/102
f 372/524/102 374/527/102 373/565/102
f 374/687/104 375/705/104 373/688/104
f 374/687/104 376/691/104 375/705/104
f 374/939/95 372/934/95 370/932/95
f 375/1618/98 365/1590/98 367/1558/98
f 376/691/105 365/708/105 375/705/105
f 376/691/105 366/692/105 365/708/105
f 390/543/114 391/552/114 389/516/114
f 390/543/114 392/547/114 391/552/114
f 390/848/110 398/851/110 394/845/110
f 390/848/110 400/850/110 398/851/110
f 391/1578/113 393/1577/113 395/1605/113
f 391/1578/113 395/1605/113 399/1626/113
f 391/552/115 392/547/115 394/550/115
f 391/552/115 394/550/115 393/567/115
f 394/1098/116 395/1135/116 393/1099/116
f 394/1098/116 396/1106/116 395/1135/116
f 394/845/110 392/844/110 390/848/110
f 395/1605/113 397/1625/113 399/1626/113
f 396/1106/117 397/1155/117 395/1135/117
f 396/1106/117 398/1109/117 397/1155/117
f 398/1185/118 399/1193/118 397/1166/118
f 398/1185/118 400/1186/118 399/1193/118
f 398/851/110 396/849/110 394/845/110
f 399/1193/119 390/1187/119 389/1199/119
f 399/1193/119 400/1186/119 390/1187/119
f 399/1626/113 389/1606/113 391/1578/113
f 414/1066/124 422/1064/124 418/1061/124
f 414/1066/124 424/1067/124 422/1064/124
f 414/1256/128 415/1236/128 413/1201/128
f 414/1256/128 416/1264/128 415/1236/128
f 415/1236/129 416/1264/129 418/1270/129
f 415/1236/129 418/1270/129 417/1271/129
f 415/1570/127 417/1532/127 419/1531/127
f 415/1570/127 419/1531/127 423/1597/127
f 417/1202/130 418/1218/130 420/1222/130
f 417/1202/130 420/1222/130 419/1241/130
f 418/1061/124 416/1063/124 414/1066/124
f 419/1241/131 420/1222/131 422/1227/131
f 419/1241/131 422/1227/131 421/1262/131
f 419/1531/127 421/1569/127 423/1597/127
f 422/1064/124 420/1062/124 418/1061/124
f 422/1221/132 423/1243/132 421/1203/132
f 422/1221/132 424/1229/132 423/1243/132
f 423/1243/133 414/1231/133 413/1269/133
f 423/1243/133 424/1229/133 414/1231/133
f 423/1597/127 413/1598/127 415/1570/127
f 438/225/142 439/233/142 437/217/142
f 438/225/307 440/227/307 439/233/307
f 438/399/138 446/406/138 442/395/138
f 438/399/138 448/405/138 446/406/138
f 439/1053/141 441/1028/141 443/1004/141
f 439/1053/141 443/1004/141 447/1027/141
f 440/227/143 441/238/143 439/233/143
f 440/227/143 442/231/143 441/238/143
f 441/522/144 442/523/144 444/526/144
f 441/522/144 444/526/144 443/556/144
f 442/395/138 440/394/138 438/399/138
f 443/1004/141 445/1003/141 447/1027/141
f 444/526/145 445/566/145 443/556/145
f 444/526/145 446/540/145 445/566/145
f 445/165/146 446/164/146 448/171/146
f 445/165/146 448/171/146 447/192/146
f 446/406/138 444/400/138 442/395/138
f 447/1027/141 437/1052/141 439/1053/141
f 447/192/147 438/173/147 437/198/147
f 447/192/147 448/171/147 438/173/147
f 462/1286/152 470/1291/152 466/1285/152
f 462/1286/152 472/1290/152 470/1291/152
f 462/176/156 463/191/156 461/166/156
f 462/176/156 464/186/156 463/191/156
f 463/1552/155 465/1551/155 467/1583/155
f 463/1552/155 467/1583/155 471/1614/155
f 463/191/157 464/186/157 466/188/157
f 463/191/157 466/188/157 465/199/157
f 466/1026/158 467/1048/158 465/1016/158
f 466/1026/158 468/1031/158 467/1048/158
f 466/1285/152 464/1284/152 462/1286/152
f 467/1048/159 468/1031/159 470/1036/159
f 467/1048/159 470/1036/159 469/1059/159
f 467/1583/155 469/1613/155 471/1614/155
f 470/1239/160 471/1283/160 469/1240/160
f 470/1239/160 472/1246/160 471/1283/160
f 470/1291/152 468/1287/152 466/1285/152
f 471/1283/161 462/1250/161 461/1293/161
f 471/1283/161 472/1246/161 462/1250/161
f 471/1614/155 461/1584/155 463/1552/155
f 486/1024/166 494/1030/166 490/1021/166
f 486/1024/166 496/1029/166 494/1030/166
f 486/222/170 487/232/170 485/218/170
f 486/222/170 488/226/170 487/232/170
f 487/487/169 489/475/169 491/467/169
f 487/487/169 491/467/169 495/474/169
f 488/226/171 489/239/171 487/232/171
f 488/226/171 490/229/171 489/239/171
f 489/1084/172 492/1113/172 491/1131/172
f 489/1084/308 490/1112/308 492/1113/308
f 490/1021/166 488/1020/166 486/1024/166
f 491/467/169 493/466/169 495/474/169
f 492/1113/173 493/1154/173 491/1131/173
f 492/1113/173 494/1114/173 493/1154/173
f 494/1030/166 492/1025/166 490/1021/166
f 494/1237/174 495/1282/174 493/1238/174
f 494/1237/174 496/1245/174 495/1282/174
f 495/474/169 485/486/169 487/487/169
f 496/1245/175 485/1295/175 495/1282/175
f 496/1245/309 486/1253/309 485/1295/309
f 510/944/184 511/954/184 509/935/184
f 510/944/184 512/947/184 511/954/184
f 510/974/180 518/966/180 514/967/180
f 510/974/180 520/968/180 518/966/180
f 511/1572/183 513/1571/183 515/1599/183
f 511/1572/183 515/1599/183 519/1622/183
f 512/947/185 513/969/185 511/954/185
f 512/947/185 514/951/185 513/969/185
f 514/869/186 515/893/186 513/870/186
f 514/869/186 516/882/186 515/893/186
f 514/967/180 512/973/180 510/974/180
f 515/1599/183 517/1621/183 519/1622/183
f 516/882/187 517/908/187 515/893/187
f 516/882/187 518/883/187 517/908/187
f 517/1198/188 518/1209/188 520/1212/188
f 517/1198/188 520/1212/188 519/1228/188
f 518/966/180 516/965/180 514/967/180
f 519/1622/183 509/1600/183 511/1572/183
f 520/1212/189 509/1254/189 519/1228/189
f 520/1212/189 510/1217/189 509/1254/189
f 534/1081/198 535/1077/198 533/1072/198
f 534/1081/198 536/1088/198 535/1077/198
f 534/404/194 542/393/194 538/397/194
f 534/404/194 544/398/194 542/393/194
f 535/1620/197 537/1592/197 539/1556/197
f 535/1620/197 539/1556/197 543/1591/197
f 536/1088/199 537/1095/199 535/1077/199
f 536/1088/199 538/1094/199 537/1095/199
f 537/521/200 538/520/200 540/525/200
f 537/521/200 540/525/200 539/555/200
f 538/397/194 536/403/194 534/404/194
f 539/1556/197 541/1555/197 543/1591/197
f 540/525/201 541/572/201 539/555/201
f 540/525/201 542/528/201 541/572/201
f 541/254/202 542/267/202 544/268/202
f 541/254/202 544/268/202 543/272/202
f 542/393/194 540/392/194 538/397/194
f 543/1591/197 533/1619/197 535/1620/197
f 543/272/203 534/269/203 533/287/203
f 543/272/203 544/268/203 534/269/203
f 557/801/212 560/810/212 559/812/212
f 557/801/310 558/809/310 560/810/310
f 558/989/208 566/978/208 562/975/208
f 558/989/208 568/990/208 566/978/208
f 559/1208/211 561/1207/211 563/1234/211
f 559/1208/211 563/1234/211 567/1277/211
f 560/810/213 561/813/213 559/812/213
f 560/810/311 562/811/311 561/813/311
f 562/788/214 563/786/214 561/778/214
f 562/788/214 564/789/214 563/786/214
f 562/975/312 560/977/312 558/989/312
f 563/1234/211 565/1276/211 567/1277/211
f 563/786/215 564/789/215 566/790/215
f 563/786/215 566/790/215 565/791/215
f 566/828/216 567/834/216 565/826/216
f 566/828/216 568/829/216 567/834/216
f 566/978/208 564/976/208 562/975/208
f 567/1277/211 557/1235/211 559/1208/211
f 568/829/217 557/835/217 567/834/217
f 568/829/217 558/830/217 557/835/217
f 582/1037/226 583/1047/226 581/1015/226
f 582/1037/226 584/1039/226 583/1047/226
f 582/1355/222 590/1351/222 586/1352/222
f 582/1355/222 592/1353/222 590/1351/222
f 583/1586/225 585/1560/225 587/1559/225
f 583/1586/225 587/1559/225 591/1611/225
f 584/1039/227 585/1065/227 583/1047/227
f 584/1039/227 586/1042/227 585/1065/227
f 586/1352/222 584/1354/222 582/1355/222
f 586/730/228 587/743/228 585/729/228
f 586/730/228 588/734/228 587/743/228
f 587/1559/225 589/1585/225 591/1611/225
f 587/743/229 588/734/229 590/737/229
f 587/743/229 590/737/229 589/744/229
f 589/860/230 590/859/230 592/863/230
f 589/860/230 592/863/230 591/888/230
f 590/1351/222 588/1350/222 586/1352/222
f 591/1611/225 581/1612/225 583/1586/225
f 592/863/231 581/900/231 591/888/231
f 592/863/231 582/868/231 581/900/231
f 606/105/240 607/113/240 605/98/240
f 606/105/240 608/110/240 607/113/240
f 606/80/236 614/85/236 610/78/236
f 606/80/236 616/84/236 614/85/236
f 607/113/241 608/110/241 610/111/241
f 607/113/241 610/111/241 609/117/241
f 607/419/239 609/418/239 611/421/239
f 607/419/239 611/421/239 615/429/239
f 610/78/236 608/77/236 606/80/236
f 610/985/242 611/1001/242 609/986/242
f 610/985/242 612/991/242 611/1001/242
f 611/1001/243 612/991/243 614/992/243
f 611/1001/243 614/992/243 613/1012/243
f 611/421/239 613/428/239 615/429/239
f 613/792/244 614/793/244 616/794/244
f 613/792/244 616/794/244 615/796/244
f 614/85/236 612/81/236 610/78/236
f 615/429/239 605/422/239 607/419/239
f 616/794/245 605/806/245 615/796/245
f 616/794/245 606/795/245 605/806/245
f 629/1206/254 630/1261/254 632/1266/254
f 629/1206/254 632/1266/254 631/1242/254
f 630/804/250 638/803/250 634/799/250
f 630/804/250 640/805/250 638/803/250
f 631/1242/255 632/1266/255 634/1272/255
f 631/1242/255 634/1272/255 633/1273/255
f 631/339/253 633/338/253 635/340/253
f 631/339/253 635/340/253 639/346/253
f 633/1205/256 634/1204/256 636/1211/256
f 633/1205/256 636/1211/256 635/1244/256
f 634/799/250 632/802/250 630/804/250
f 635/340/253 637/345/253 639/346/253
f 636/1211/257 637/1263/257 635/1244/257
f 636/1211/257 638/1214/257 637/1263/257
f 638/1226/258 639/1249/258 637/1213/258
f 638/1226/258 640/1230/258 639/1249/258
f 638/803/250 636/800/250 634/799/250
f 639/346/253 629/341/253 631/339/253
f 640/1230/259 629/1278/259 639/1249/259
f 640/1230/259 630/1233/259 629/1278/259
f 653/814/268 654/820/268 656/821/268
f 653/814/268 656/821/268 655/823/268
f 654/912/264 662/911/264 658/906/264
f 654/912/264 664/913/264 662/911/264
f 655/1225/267 657/1224/267 659/1259/267
f 655/1225/267 659/1259/267 663/1289/267
f 656/821/269 657/827/269 655/823/269
f 656/821/314 658/822/314 657/827/314
f 658/837/270 659/841/270 657/836/270
f 658/837/315 660/838/315 659/841/315
f 658/906/316 656/910/316 654/912/316
f 659/1259/267 661/1288/267 663/1289/267
f 660/838/271 661/852/271 659/841/271
f 660/838/271 662/839/271 661/852/271
f 662/779/272 663/774/272 661/751/272
f 662/779/272 664/781/272 663/774/272
f 662/911/264 660/907/264 658/906/264
f 663/1289/267 653/1260/267 655/1225/267
f 664/781/273 653/783/273 663/774/273
f 664/781/273 654/782/273 653/783/273
