# Blender 5.2.0 LTS
# www.blender.org
mtllib necrotic_combat_pillar.mtl
g arpg_pillar_foot_Cylinder.064
v 0.000000 0.000000 0.484471
v 0.000000 0.015000 0.500000
v 0.000000 0.004393 0.495452
v -0.000000 0.160000 0.484471
v 0.000000 0.145000 0.500000
v -0.000000 0.155607 0.495452
v -0.242235 0.000000 0.419564
v -0.250000 0.015000 0.433013
v -0.247726 0.004393 0.429074
v -0.242235 0.160000 0.419564
v -0.250000 0.145000 0.433013
v -0.247726 0.155607 0.429074
v -0.419564 0.000000 0.242235
v -0.433013 0.015000 0.250000
v -0.429074 0.004393 0.247726
v -0.419564 0.160000 0.242235
v -0.433013 0.145000 0.250000
v -0.429074 0.155607 0.247726
v -0.484471 0.000000 0.000000
v -0.500000 0.015000 0.000000
v -0.495452 0.004393 0.000000
v -0.484471 0.160000 -0.000000
v -0.500000 0.145000 0.000000
v -0.495452 0.155607 -0.000000
v -0.419564 0.000000 -0.242235
v -0.433013 0.015000 -0.250000
v -0.429074 0.004393 -0.247726
v -0.419564 0.160000 -0.242235
v -0.433013 0.145000 -0.250000
v -0.429074 0.155607 -0.247726
v -0.242235 0.000000 -0.419564
v -0.250000 0.015000 -0.433013
v -0.247726 0.004393 -0.429074
v -0.242235 0.160000 -0.419564
v -0.250000 0.145000 -0.433013
v -0.247726 0.155607 -0.429074
v -0.000000 0.000000 -0.484471
v 0.000000 0.015000 -0.500000
v -0.000000 0.004393 -0.495452
v 0.000000 0.160000 -0.484471
v 0.000000 0.145000 -0.500000
v 0.000000 0.155607 -0.495452
v 0.242235 0.000000 -0.419564
v 0.250000 0.015000 -0.433013
v 0.247726 0.004393 -0.429074
v 0.242235 0.160000 -0.419564
v 0.250000 0.145000 -0.433013
v 0.247726 0.155607 -0.429074
v 0.419564 0.000000 -0.242235
v 0.433013 0.015000 -0.250000
v 0.429074 0.004393 -0.247726
v 0.419564 0.160000 -0.242235
v 0.433013 0.145000 -0.250000
v 0.429074 0.155607 -0.247726
v 0.484471 0.000000 -0.000000
v 0.500000 0.015000 0.000000
v 0.495452 0.004393 -0.000000
v 0.484471 0.160000 0.000000
v 0.500000 0.145000 0.000000
v 0.495452 0.155607 0.000000
v 0.419564 0.000000 0.242235
v 0.433013 0.015000 0.250000
v 0.429074 0.004393 0.247726
v 0.419564 0.160000 0.242235
v 0.433013 0.145000 0.250000
v 0.429074 0.155607 0.247726
v 0.242235 0.000000 0.419564
v 0.250000 0.015000 0.433013
v 0.247726 0.004393 0.429074
v 0.242235 0.160000 0.419564
v 0.250000 0.145000 0.433013
v 0.247726 0.155607 0.429074
vn -0.2391 -0.3827 0.8924
vn -0.0990 -0.9239 0.3696
vn -0.2391 0.3827 0.8924
vn -0.0990 0.9239 0.3696
vn -0.6533 -0.3827 0.6533
vn -0.2706 -0.9239 0.2706
vn -0.6533 0.3827 0.6533
vn -0.2706 0.9239 0.2706
vn -0.8924 -0.3827 0.2391
vn -0.3696 -0.9239 0.0990
vn -0.8924 0.3827 0.2391
vn -0.3696 0.9239 0.0990
vn -0.8924 -0.3827 -0.2391
vn -0.3696 -0.9239 -0.0990
vn -0.8924 0.3827 -0.2391
vn -0.3696 0.9239 -0.0990
vn -0.6533 -0.3827 -0.6533
vn -0.2706 -0.9239 -0.2706
vn -0.6533 0.3827 -0.6533
vn -0.2706 0.9239 -0.2706
vn -0.2391 -0.3827 -0.8924
vn -0.0990 -0.9239 -0.3696
vn -0.2391 0.3827 -0.8924
vn -0.0990 0.9239 -0.3696
vn 0.2391 -0.3827 -0.8924
vn 0.0990 -0.9239 -0.3696
vn 0.2391 0.3827 -0.8924
vn 0.0990 0.9239 -0.3696
vn 0.6533 -0.3827 -0.6533
vn 0.2706 -0.9239 -0.2706
vn 0.6533 0.3827 -0.6533
vn 0.2706 0.9239 -0.2706
vn 0.8924 -0.3827 -0.2391
vn 0.3696 -0.9239 -0.0990
vn 0.8924 0.3827 -0.2391
vn 0.3696 0.9239 -0.0990
vn 0.8924 -0.3827 0.2391
vn 0.3696 -0.9239 0.0990
vn 0.8924 0.3827 0.2391
vn 0.3696 0.9239 0.0990
vn 0.6533 -0.3827 0.6533
vn 0.2706 -0.9239 0.2706
vn 0.6533 0.3827 0.6533
vn 0.2706 0.9239 0.2706
vn 0.2391 -0.3827 0.8924
vn 0.0990 -0.9239 0.3696
vn 0.2391 0.3827 0.8924
vn 0.0990 0.9239 0.3696
vn -0.0000 -1.0000 -0.0000
vn -0.2588 -0.0000 0.9659
vn 0.2588 -0.0000 0.9659
vn -0.0000 1.0000 -0.0000
vn -0.7071 -0.0000 0.7071
vn -0.9659 -0.0000 0.2588
vn -0.9659 -0.0000 -0.2588
vn -0.7071 -0.0000 -0.7071
vn -0.2588 -0.0000 -0.9659
vn 0.2588 -0.0000 -0.9659
vn 0.7071 -0.0000 -0.7071
vn 0.9659 -0.0000 -0.2588
vn 0.9659 -0.0000 0.2588
vn 0.7071 -0.0000 0.7071
vt 0.00000 0.00000
vt 0.00000 0.10000
vt 0.00000 0.12500
vt 0.00000 0.20000
vt 0.00000 0.25000
vt 0.00000 0.30000
vt 0.00000 0.37500
vt 0.00000 0.40000
vt 0.00000 0.50000
vt 0.00000 0.51441
vt 0.00000 0.53409
vt 0.00000 0.54688
vt 0.00000 0.60000
vt 0.00000 0.62500
vt 0.00000 0.70000
vt 0.00000 0.75000
vt 0.00000 0.80000
vt 0.00000 0.87500
vt 0.00000 0.90000
vt 0.00000 0.95312
vt 0.00000 0.96591
vt 0.00000 1.00000
vt 0.00038 0.50000
vt 0.00038 1.00000
vt 0.00061 1.00000
vt 0.00412 0.50000
vt 0.00412 1.00000
vt 0.00622 0.53409
vt 0.00622 0.96591
vt 0.01000 0.25000
vt 0.01015 0.25000
vt 0.01745 0.25000
vt 0.02175 0.17674
vt 0.02175 0.18195
vt 0.02175 0.31805
vt 0.02228 0.32489
vt 0.02534 0.17089
vt 0.02534 0.32911
vt 0.03098 0.17883
vt 0.03098 0.32116
vt 0.03125 0.00000
vt 0.03125 1.00000
vt 0.04215 0.13000
vt 0.04215 0.37000
vt 0.04228 0.13007
vt 0.04228 0.36993
vt 0.04861 0.13373
vt 0.04861 0.36627
vt 0.05000 0.00000
vt 0.05000 0.12500
vt 0.05000 0.25000
vt 0.05000 0.37500
vt 0.05000 0.50000
vt 0.05000 0.62500
vt 0.05000 0.75000
vt 0.05000 0.87500
vt 0.05000 1.00000
vt 0.06250 0.10000
vt 0.06250 0.20000
vt 0.06250 0.30000
vt 0.06250 0.40000
vt 0.06250 0.50000
vt 0.06250 0.60000
vt 0.06250 0.70000
vt 0.06250 0.80000
vt 0.06250 0.90000
vt 0.08029 0.08029
vt 0.08029 0.41971
vt 0.08333 0.50000
vt 0.08333 0.54688
vt 0.08333 0.95312
vt 0.08333 1.00000
vt 0.09375 0.00000
vt 0.09375 1.00000
vt 0.09378 0.53409
vt 0.09378 0.96591
vt 0.09588 0.50000
vt 0.09588 1.00000
vt 0.09970 0.50720
vt 0.10000 0.00000
vt 0.10000 0.12500
vt 0.10000 0.25000
vt 0.10000 0.37500
vt 0.10000 0.50000
vt 0.10000 0.53409
vt 0.10000 0.62500
vt 0.10000 0.75000
vt 0.10000 0.87500
vt 0.10000 0.96591
vt 0.10000 1.00000
vt 0.10030 0.99280
vt 0.10412 0.50000
vt 0.10412 1.00000
vt 0.10534 0.06078
vt 0.10534 0.43922
vt 0.10622 0.53409
vt 0.10622 0.96591
vt 0.10840 0.05657
vt 0.10979 0.44444
vt 0.11464 0.06369
vt 0.11464 0.43631
vt 0.11475 0.05395
vt 0.11475 0.44605
vt 0.12500 0.10000
vt 0.12500 0.20000
vt 0.12500 0.30000
vt 0.12500 0.40000
vt 0.12500 0.50000
vt 0.12500 0.60000
vt 0.12500 0.70000
vt 0.12500 0.80000
vt 0.12500 0.90000
vt 0.12500 1.00000
vt 0.13007 0.04228
vt 0.13007 0.45772
vt 0.13373 0.04861
vt 0.13373 0.45139
vt 0.15000 0.00000
vt 0.15000 0.12500
vt 0.15000 0.25000
vt 0.15000 0.37500
vt 0.15000 0.50000
vt 0.15000 0.62500
vt 0.15000 0.75000
vt 0.15000 0.87500
vt 0.15000 1.00000
vt 0.15625 0.00000
vt 0.15625 1.00000
vt 0.16667 0.50000
vt 0.16667 0.54688
vt 0.16667 0.95312
vt 0.16667 1.00000
vt 0.18750 0.10000
vt 0.18750 0.20000
vt 0.18750 0.30000
vt 0.18750 0.40000
vt 0.18750 0.50000
vt 0.18750 0.60000
vt 0.18750 0.70000
vt 0.18750 0.80000
vt 0.18750 0.90000
vt 0.19378 0.53409
vt 0.19378 0.96591
vt 0.19588 0.50000
vt 0.19588 1.00000
vt 0.19970 0.50720
vt 0.20000 0.00000
vt 0.20000 0.12500
vt 0.20000 0.25000
vt 0.20000 0.37500
vt 0.20000 0.50000
vt 0.20000 0.53409
vt 0.20000 0.62500
vt 0.20000 0.75000
vt 0.20000 0.87500
vt 0.20000 0.96591
vt 0.20000 1.00000
vt 0.20030 0.99280
vt 0.20412 0.50000
vt 0.20412 1.00000
vt 0.20622 0.53409
vt 0.20622 0.96591
vt 0.21875 0.00000
vt 0.21875 1.00000
vt 0.24418 0.01189
vt 0.24418 0.48811
vt 0.24914 0.01028
vt 0.25000 0.00000
vt 0.25000 0.01000
vt 0.25000 0.01015
vt 0.25000 0.01745
vt 0.25000 0.01971
vt 0.25000 0.10000
vt 0.25000 0.12500
vt 0.25000 0.20000
vt 0.25000 0.25000
vt 0.25000 0.30000
vt 0.25000 0.37500
vt 0.25000 0.40000
vt 0.25000 0.48029
vt 0.25000 0.48255
vt 0.25000 0.48985
vt 0.25000 0.49000
vt 0.25000 0.50000
vt 0.25000 0.54688
vt 0.25000 0.60000
vt 0.25000 0.62500
vt 0.25000 0.70000
vt 0.25000 0.75000
vt 0.25000 0.80000
vt 0.25000 0.87500
vt 0.25000 0.90000
vt 0.25000 0.95312
vt 0.25000 1.00000
vt 0.25086 0.48972
vt 0.25582 0.01189
vt 0.25582 0.48811
vt 0.28125 0.00000
vt 0.28125 1.00000
vt 0.29378 0.53409
vt 0.29378 0.96591
vt 0.29588 0.50000
vt 0.29588 1.00000
vt 0.29970 0.50720
vt 0.30000 0.00000
vt 0.30000 0.12500
vt 0.30000 0.25000
vt 0.30000 0.37500
vt 0.30000 0.50000
vt 0.30000 0.53409
vt 0.30000 0.62500
vt 0.30000 0.75000
vt 0.30000 0.87500
vt 0.30000 0.96591
vt 0.30000 1.00000
vt 0.30030 0.99280
vt 0.30412 0.50000
vt 0.30412 1.00000
vt 0.30622 0.53409
vt 0.30622 0.96591
vt 0.31250 0.10000
vt 0.31250 0.20000
vt 0.31250 0.30000
vt 0.31250 0.40000
vt 0.31250 0.50000
vt 0.31250 0.60000
vt 0.31250 0.70000
vt 0.31250 0.80000
vt 0.31250 0.90000
vt 0.33333 0.50000
vt 0.33333 0.54688
vt 0.33333 0.95312
vt 0.33333 1.00000
vt 0.34375 0.00000
vt 0.34375 1.00000
vt 0.35000 0.00000
vt 0.35000 0.12500
vt 0.35000 0.25000
vt 0.35000 0.37500
vt 0.35000 0.50000
vt 0.35000 0.62500
vt 0.35000 0.75000
vt 0.35000 0.87500
vt 0.35000 1.00000
vt 0.36627 0.04861
vt 0.36627 0.45139
vt 0.36993 0.04228
vt 0.36993 0.45772
vt 0.37500 0.10000
vt 0.37500 0.20000
vt 0.37500 0.30000
vt 0.37500 0.40000
vt 0.37500 0.50000
vt 0.37500 0.60000
vt 0.37500 0.70000
vt 0.37500 0.80000
vt 0.37500 0.90000
vt 0.37500 1.00000
vt 0.38525 0.05395
vt 0.38525 0.44605
vt 0.38536 0.06369
vt 0.38536 0.43631
vt 0.39021 0.05556
vt 0.39160 0.44343
vt 0.39378 0.53409
vt 0.39378 0.96591
vt 0.39466 0.06078
vt 0.39466 0.43922
vt 0.39588 0.50000
vt 0.39588 1.00000
vt 0.39970 0.50720
vt 0.40000 0.00000
vt 0.40000 0.12500
vt 0.40000 0.25000
vt 0.40000 0.37500
vt 0.40000 0.50000
vt 0.40000 0.53409
vt 0.40000 0.62500
vt 0.40000 0.75000
vt 0.40000 0.87500
vt 0.40000 0.96591
vt 0.40000 1.00000
vt 0.40030 0.99280
vt 0.40412 0.50000
vt 0.40412 1.00000
vt 0.40622 0.53409
vt 0.40622 0.96591
vt 0.40625 0.00000
vt 0.40625 1.00000
vt 0.41667 0.50000
vt 0.41667 0.54688
vt 0.41667 0.95312
vt 0.41667 1.00000
vt 0.41971 0.08029
vt 0.41971 0.41971
vt 0.43750 0.10000
vt 0.43750 0.20000
vt 0.43750 0.30000
vt 0.43750 0.40000
vt 0.43750 0.50000
vt 0.43750 0.60000
vt 0.43750 0.70000
vt 0.43750 0.80000
vt 0.43750 0.90000
vt 0.45000 0.00000
vt 0.45000 0.12500
vt 0.45000 0.25000
vt 0.45000 0.37500
vt 0.45000 0.50000
vt 0.45000 0.62500
vt 0.45000 0.75000
vt 0.45000 0.87500
vt 0.45000 1.00000
vt 0.45139 0.13373
vt 0.45139 0.36627
vt 0.45772 0.13007
vt 0.45772 0.36993
vt 0.45785 0.13000
vt 0.45785 0.37000
vt 0.46875 0.00000
vt 0.46875 1.00000
vt 0.46902 0.17883
vt 0.46902 0.32116
vt 0.47466 0.17089
vt 0.47466 0.32911
vt 0.47772 0.17511
vt 0.47825 0.18195
vt 0.47825 0.31805
vt 0.47825 0.32326
vt 0.48255 0.25000
vt 0.48985 0.25000
vt 0.49000 0.25000
vt 0.49378 0.53409
vt 0.49378 0.96591
vt 0.49588 0.50000
vt 0.49588 1.00000
vt 0.49970 0.50720
vt 0.50000 0.00000
vt 0.50000 0.10000
vt 0.50000 0.12500
vt 0.50000 0.20000
vt 0.50000 0.25000
vt 0.50000 0.30000
vt 0.50000 0.37500
vt 0.50000 0.40000
vt 0.50000 0.50000
vt 0.50000 0.53409
vt 0.50000 0.54688
vt 0.50000 0.60000
vt 0.50000 0.62500
vt 0.50000 0.70000
vt 0.50000 0.75000
vt 0.50000 0.80000
vt 0.50000 0.87500
vt 0.50000 0.90000
vt 0.50000 0.95312
vt 0.50000 0.96591
vt 0.50000 1.00000
vt 0.50030 0.99280
vt 0.50412 0.50000
vt 0.50412 1.00000
vt 0.50622 0.53409
vt 0.50622 0.96591
vt 0.51000 0.25000
vt 0.51015 0.25000
vt 0.51745 0.25000
vt 0.52175 0.18195
vt 0.52175 0.31805
vt 0.52175 0.32326
vt 0.52228 0.17511
vt 0.52534 0.17089
vt 0.52534 0.32911
vt 0.53098 0.17883
vt 0.53098 0.32116
vt 0.53125 0.00000
vt 0.53125 1.00000
vt 0.54215 0.13000
vt 0.54215 0.37000
vt 0.54228 0.13007
vt 0.54228 0.36993
vt 0.54861 0.13373
vt 0.54861 0.36627
vt 0.55000 0.00000
vt 0.55000 0.12500
vt 0.55000 0.25000
vt 0.55000 0.37500
vt 0.55000 0.50000
vt 0.55000 0.62500
vt 0.55000 0.75000
vt 0.55000 0.87500
vt 0.55000 1.00000
vt 0.56250 0.10000
vt 0.56250 0.20000
vt 0.56250 0.30000
vt 0.56250 0.40000
vt 0.56250 0.50000
vt 0.56250 0.60000
vt 0.56250 0.70000
vt 0.56250 0.80000
vt 0.56250 0.90000
vt 0.58029 0.08029
vt 0.58029 0.41971
vt 0.58333 0.50000
vt 0.58333 0.54688
vt 0.58333 0.95312
vt 0.58333 1.00000
vt 0.59375 0.00000
vt 0.59375 1.00000
vt 0.59378 0.53409
vt 0.59378 0.96591
vt 0.59588 0.50000
vt 0.59588 1.00000
vt 0.59970 0.50720
vt 0.60000 0.00000
vt 0.60000 0.12500
vt 0.60000 0.25000
vt 0.60000 0.37500
vt 0.60000 0.50000
vt 0.60000 0.53409
vt 0.60000 0.62500
vt 0.60000 0.75000
vt 0.60000 0.87500
vt 0.60000 0.96591
vt 0.60000 1.00000
vt 0.60030 0.99280
vt 0.60412 0.50000
vt 0.60412 1.00000
vt 0.60534 0.06078
vt 0.60534 0.43922
vt 0.60622 0.53409
vt 0.60622 0.96591
vt 0.60840 0.44343
vt 0.60979 0.05556
vt 0.61464 0.06369
vt 0.61464 0.43631
vt 0.61475 0.05395
vt 0.61475 0.44605
vt 0.62500 0.10000
vt 0.62500 0.20000
vt 0.62500 0.30000
vt 0.62500 0.40000
vt 0.62500 0.50000
vt 0.62500 0.60000
vt 0.62500 0.70000
vt 0.62500 0.80000
vt 0.62500 0.90000
vt 0.62500 1.00000
vt 0.63007 0.04228
vt 0.63007 0.45772
vt 0.63373 0.04861
vt 0.63373 0.45139
vt 0.65000 0.00000
vt 0.65000 0.12500
vt 0.65000 0.25000
vt 0.65000 0.37500
vt 0.65000 0.50000
vt 0.65000 0.62500
vt 0.65000 0.75000
vt 0.65000 0.87500
vt 0.65000 1.00000
vt 0.65625 0.00000
vt 0.65625 1.00000
vt 0.66667 0.50000
vt 0.66667 0.54688
vt 0.66667 0.95312
vt 0.66667 1.00000
vt 0.68750 0.10000
vt 0.68750 0.20000
vt 0.68750 0.30000
vt 0.68750 0.40000
vt 0.68750 0.50000
vt 0.68750 0.60000
vt 0.68750 0.70000
vt 0.68750 0.80000
vt 0.68750 0.90000
vt 0.69378 0.53409
vt 0.69378 0.96591
vt 0.69588 0.50000
vt 0.69588 1.00000
vt 0.69970 0.50720
vt 0.70000 0.00000
vt 0.70000 0.12500
vt 0.70000 0.25000
vt 0.70000 0.37500
vt 0.70000 0.50000
vt 0.70000 0.53409
vt 0.70000 0.62500
vt 0.70000 0.75000
vt 0.70000 0.87500
vt 0.70000 0.96591
vt 0.70000 1.00000
vt 0.70030 0.99280
vt 0.70412 0.50000
vt 0.70412 1.00000
vt 0.70622 0.53409
vt 0.70622 0.96591
vt 0.71875 0.00000
vt 0.71875 1.00000
vt 0.74418 0.01189
vt 0.74418 0.48811
vt 0.74914 0.48972
vt 0.75000 0.00000
vt 0.75000 0.01000
vt 0.75000 0.01015
vt 0.75000 0.01745
vt 0.75000 0.01971
vt 0.75000 0.10000
vt 0.75000 0.12500
vt 0.75000 0.20000
vt 0.75000 0.25000
vt 0.75000 0.30000
vt 0.75000 0.37500
vt 0.75000 0.40000
vt 0.75000 0.48029
vt 0.75000 0.48255
vt 0.75000 0.48985
vt 0.75000 0.49000
vt 0.75000 0.50000
vt 0.75000 0.54688
vt 0.75000 0.60000
vt 0.75000 0.62500
vt 0.75000 0.70000
vt 0.75000 0.75000
vt 0.75000 0.80000
vt 0.75000 0.87500
vt 0.75000 0.90000
vt 0.75000 0.95312
vt 0.75000 1.00000
vt 0.75086 0.01028
vt 0.75582 0.01189
vt 0.75582 0.48811
vt 0.78125 0.00000
vt 0.78125 1.00000
vt 0.79378 0.53409
vt 0.79378 0.96591
vt 0.79588 0.50000
vt 0.79588 1.00000
vt 0.79970 0.50720
vt 0.80000 0.00000
vt 0.80000 0.12500
vt 0.80000 0.25000
vt 0.80000 0.37500
vt 0.80000 0.50000
vt 0.80000 0.53409
vt 0.80000 0.62500
vt 0.80000 0.75000
vt 0.80000 0.87500
vt 0.80000 0.96591
vt 0.80000 1.00000
vt 0.80030 0.99280
vt 0.80412 0.50000
vt 0.80412 1.00000
vt 0.80622 0.53409
vt 0.80622 0.96591
vt 0.81250 0.10000
vt 0.81250 0.20000
vt 0.81250 0.30000
vt 0.81250 0.40000
vt 0.81250 0.50000
vt 0.81250 0.60000
vt 0.81250 0.70000
vt 0.81250 0.80000
vt 0.81250 0.90000
vt 0.83333 0.50000
vt 0.83333 0.54688
vt 0.83333 0.95312
vt 0.83333 1.00000
vt 0.84375 0.00000
vt 0.84375 1.00000
vt 0.85000 0.00000
vt 0.85000 0.12500
vt 0.85000 0.25000
vt 0.85000 0.37500
vt 0.85000 0.50000
vt 0.85000 0.62500
vt 0.85000 0.75000
vt 0.85000 0.87500
vt 0.85000 1.00000
vt 0.86627 0.04861
vt 0.86627 0.45139
vt 0.86993 0.04228
vt 0.86993 0.45772
vt 0.87500 0.10000
vt 0.87500 0.20000
vt 0.87500 0.30000
vt 0.87500 0.40000
vt 0.87500 0.50000
vt 0.87500 0.60000
vt 0.87500 0.70000
vt 0.87500 0.80000
vt 0.87500 0.90000
vt 0.87500 1.00000
vt 0.88525 0.05395
vt 0.88525 0.44605
vt 0.88536 0.06369
vt 0.88536 0.43631
vt 0.89021 0.44444
vt 0.89160 0.05657
vt 0.89378 0.53409
vt 0.89378 0.96591
vt 0.89466 0.06078
vt 0.89466 0.43922
vt 0.89588 0.50000
vt 0.89588 1.00000
vt 0.89970 0.50720
vt 0.90000 0.00000
vt 0.90000 0.12500
vt 0.90000 0.25000
vt 0.90000 0.37500
vt 0.90000 0.50000
vt 0.90000 0.53409
vt 0.90000 0.62500
vt 0.90000 0.75000
vt 0.90000 0.87500
vt 0.90000 0.96591
vt 0.90000 1.00000
vt 0.90030 0.99280
vt 0.90412 0.50000
vt 0.90412 1.00000
vt 0.90622 0.53409
vt 0.90622 0.96591
vt 0.90625 0.00000
vt 0.90625 1.00000
vt 0.91667 0.50000
vt 0.91667 0.54688
vt 0.91667 0.95312
vt 0.91667 1.00000
vt 0.91971 0.08029
vt 0.91971 0.41971
vt 0.93750 0.10000
vt 0.93750 0.20000
vt 0.93750 0.30000
vt 0.93750 0.40000
vt 0.93750 0.50000
vt 0.93750 0.60000
vt 0.93750 0.70000
vt 0.93750 0.80000
vt 0.93750 0.90000
vt 0.95000 0.00000
vt 0.95000 0.12500
vt 0.95000 0.25000
vt 0.95000 0.37500
vt 0.95000 0.50000
vt 0.95000 0.62500
vt 0.95000 0.75000
vt 0.95000 0.87500
vt 0.95000 1.00000
vt 0.95139 0.13373
vt 0.95139 0.36627
vt 0.95772 0.13007
vt 0.95772 0.36993
vt 0.95785 0.13000
vt 0.95785 0.37000
vt 0.96875 0.00000
vt 0.96875 1.00000
vt 0.96902 0.17883
vt 0.96902 0.32116
vt 0.97466 0.17089
vt 0.97466 0.32911
vt 0.97772 0.32489
vt 0.97825 0.17674
vt 0.97825 0.18195
vt 0.97825 0.31805
vt 0.98255 0.25000
vt 0.98985 0.25000
vt 0.99000 0.25000
vt 0.99378 0.53409
vt 0.99378 0.96591
vt 0.99588 0.50000
vt 0.99588 1.00000
vt 0.99939 0.50000
vt 0.99962 0.50000
vt 0.99962 1.00000
vt 1.00000 0.00000
vt 1.00000 0.10000
vt 1.00000 0.12500
vt 1.00000 0.20000
vt 1.00000 0.25000
vt 1.00000 0.30000
vt 1.00000 0.37500
vt 1.00000 0.40000
vt 1.00000 0.50000
vt 1.00000 0.53409
vt 1.00000 0.54688
vt 1.00000 0.60000
vt 1.00000 0.62500
vt 1.00000 0.70000
vt 1.00000 0.75000
vt 1.00000 0.80000
vt 1.00000 0.87500
vt 1.00000 0.90000
vt 1.00000 0.95312
vt 1.00000 0.96591
vt 1.00000 0.98559
vt 1.00000 1.00000
s 0
g arpg_pillar_foot_M_stone
usemtl M_stone
f 11/626/53 14/565/53 8/625/53
f 11/626/53 17/566/53 14/565/53
f 11/626/7 12/627/7 18/567/7
f 11/626/7 18/567/7 17/566/7
f 12/248/4 4/181/4 10/246/4
f 12/248/4 6/182/4 4/181/4
f 14/565/5 15/564/5 9/624/5
f 14/565/5 9/624/5 8/625/5
f 15/651/10 19/664/10 13/649/10
f 15/651/10 21/665/10 19/664/10
f 16/315/52 10/246/52 4/181/52
f 16/315/52 4/181/52 64/48/52
f 17/566/54 20/519/54 14/565/54
f 17/566/54 23/527/54 20/519/54
f 18/317/12 16/315/12 22/330/12
f 18/317/12 22/330/12 24/331/12
f 18/317/8 10/246/8 16/315/8
f 18/317/8 12/248/8 10/246/8
f 19/664/49 25/648/49 31/579/49
f 19/664/49 31/579/49 43/450/49
f 19/664/49 43/450/49 67/451/49
f 2/12/45 3/23/45 69/69/45
f 2/12/45 69/69/45 68/70/45
f 2/684/1 8/625/1 9/624/1
f 2/684/1 9/624/1 3/672/1
f 20/519/13 26/464/13 27/463/13
f 20/519/13 27/463/13 21/518/13
f 20/519/9 15/564/9 14/565/9
f 20/519/9 21/518/9 15/564/9
f 23/527/11 17/566/11 18/567/11
f 23/527/11 18/567/11 24/528/11
f 23/527/15 24/528/15 30/466/15
f 23/527/15 30/466/15 29/465/15
f 23/527/55 26/464/55 20/519/55
f 23/527/55 29/465/55 26/464/55
f 27/650/14 19/664/14 21/665/14
f 27/650/14 25/648/14 19/664/14
f 27/650/18 31/579/18 25/648/18
f 27/650/18 33/581/18 31/579/18
f 28/314/52 22/330/52 16/315/52
f 29/465/19 30/466/19 36/406/19
f 29/465/19 36/406/19 35/405/19
f 29/465/56 32/404/56 26/464/56
f 29/465/56 35/405/56 32/404/56
f 30/316/16 22/330/16 28/314/16
f 30/316/16 24/331/16 22/330/16
f 31/579/49 37/505/49 43/450/49
f 32/404/17 27/463/17 26/464/17
f 32/404/17 33/403/17 27/463/17
f 33/581/22 37/505/22 31/579/22
f 33/581/22 39/504/22 37/505/22
f 35/405/57 38/348/57 32/404/57
f 35/405/57 41/356/57 38/348/57
f 36/247/20 28/314/20 34/245/20
f 36/247/20 30/316/20 28/314/20
f 36/247/24 34/245/24 40/171/24
f 36/247/24 40/171/24 42/170/24
f 38/348/21 33/403/21 32/404/21
f 38/348/21 39/346/21 33/403/21
f 38/348/25 44/291/25 45/290/25
f 38/348/25 45/290/25 39/346/25
f 4/181/52 70/117/52 64/48/52
f 40/171/52 28/314/52 16/315/52
f 40/171/52 34/245/52 28/314/52
f 41/356/23 35/405/23 36/406/23
f 41/356/23 36/406/23 42/358/23
f 41/356/27 42/358/27 48/293/27
f 41/356/27 48/293/27 47/292/27
f 41/356/58 44/291/58 38/348/58
f 41/356/58 47/292/58 44/291/58
f 43/450/49 49/381/49 55/366/49
f 43/450/49 55/366/49 67/451/49
f 45/448/26 37/505/26 39/504/26
f 45/448/26 43/450/26 37/505/26
f 45/448/30 49/381/30 43/450/30
f 45/448/30 51/379/30 49/381/30
f 47/292/31 48/293/31 54/233/31
f 47/292/31 54/233/31 53/232/31
f 47/292/59 50/231/59 44/291/59
f 47/292/59 53/232/59 50/231/59
f 48/114/28 40/171/28 46/116/28
f 48/114/28 42/170/28 40/171/28
f 5/20/47 71/71/47 72/72/47
f 5/20/47 72/72/47 6/24/47
f 5/692/3 12/627/3 11/626/3
f 5/692/3 6/673/3 12/627/3
f 5/692/50 11/626/50 8/625/50
f 5/692/50 8/625/50 2/684/50
f 50/231/29 45/290/29 44/291/29
f 50/231/29 51/230/29 45/290/29
f 51/379/34 55/366/34 49/381/34
f 51/379/34 57/365/34 55/366/34
f 52/47/52 46/116/52 40/171/52
f 53/232/60 56/185/60 50/231/60
f 53/232/60 59/193/60 56/185/60
f 54/45/32 46/116/32 52/47/32
f 54/45/32 48/114/32 46/116/32
f 54/45/36 52/47/36 58/32/36
f 54/45/36 58/32/36 60/31/36
f 55/366/49 61/382/49 67/451/49
f 56/185/33 51/230/33 50/231/33
f 56/185/33 57/184/33 51/230/33
f 56/185/37 62/130/37 63/129/37
f 56/185/37 63/129/37 57/184/37
f 59/193/35 53/232/35 54/233/35
f 59/193/35 54/233/35 60/194/35
f 59/193/39 60/194/39 66/132/39
f 59/193/39 66/132/39 65/131/39
f 59/193/61 62/130/61 56/185/61
f 59/193/61 65/131/61 62/130/61
f 63/380/38 55/366/38 57/365/38
f 63/380/38 61/382/38 55/366/38
f 63/380/42 67/451/42 61/382/42
f 63/380/42 69/449/42 67/451/42
f 64/48/52 40/171/52 16/315/52
f 64/48/52 52/47/52 40/171/52
f 64/48/52 58/32/52 52/47/52
f 65/131/43 66/132/43 72/72/43
f 65/131/43 72/72/43 71/71/43
f 65/131/62 68/70/62 62/130/62
f 65/131/62 71/71/62 68/70/62
f 66/46/40 58/32/40 64/48/40
f 66/46/40 60/31/40 58/32/40
f 67/451/49 1/515/49 7/580/49
f 67/451/49 7/580/49 19/664/49
f 68/70/41 63/129/41 62/130/41
f 68/70/41 69/69/41 63/129/41
f 69/449/46 1/515/46 67/451/46
f 69/449/46 3/516/46 1/515/46
f 7/580/49 13/649/49 19/664/49
f 71/71/51 2/12/51 68/70/51
f 71/71/51 5/20/51 2/12/51
f 72/115/44 64/48/44 70/117/44
f 72/115/44 66/46/44 64/48/44
f 72/115/48 4/181/48 6/182/48
f 72/115/48 70/117/48 4/181/48
f 9/582/2 1/515/2 3/516/2
f 9/582/2 7/580/2 1/515/2
f 9/582/6 13/649/6 7/580/6
f 9/582/6 15/651/6 13/649/6
g arpg_pillar_plinth_Cylinder.065
v -0.000000 0.140000 0.374228
v 0.014266 0.155000 0.385365
v -0.014266 0.155000 0.385365
v 0.008093 0.144393 0.382751
v -0.000000 0.146340 0.385257
v -0.000000 0.155000 0.387285
v -0.008093 0.144393 0.382751
v 0.000000 0.360000 0.374228
v -0.014266 0.345000 0.385365
v 0.014266 0.345000 0.385365
v -0.008093 0.355607 0.382751
v 0.000000 0.353660 0.385257
v 0.000000 0.345000 0.387285
v 0.008093 0.355607 0.382751
v -0.219966 0.140000 0.302757
v -0.214970 0.155000 0.320152
v -0.238053 0.155000 0.303381
v -0.218428 0.144393 0.314409
v -0.226448 0.146340 0.311679
v -0.227640 0.155000 0.313320
v -0.231523 0.144393 0.304895
v -0.219966 0.360000 0.302757
v -0.238053 0.345000 0.303381
v -0.214970 0.345000 0.320152
v -0.231523 0.355607 0.304895
v -0.226448 0.353660 0.311680
v -0.227640 0.345000 0.313320
v -0.218428 0.355607 0.314409
v -0.355912 0.140000 0.115643
v -0.362095 0.155000 0.132652
v -0.370912 0.155000 0.105517
v -0.361517 0.144393 0.125973
v -0.366401 0.146340 0.119051
v -0.368330 0.155000 0.119678
v -0.366519 0.144393 0.110580
v -0.355912 0.360000 0.115643
v -0.370912 0.345000 0.105517
v -0.362095 0.345000 0.132652
v -0.366519 0.355607 0.110580
v -0.366401 0.353660 0.119051
v -0.368330 0.345000 0.119678
v -0.361517 0.355607 0.125973
v -0.355912 0.140000 -0.115643
v -0.370912 0.155000 -0.105517
v -0.362095 0.155000 -0.132652
v -0.366519 0.144393 -0.110580
v -0.366401 0.146340 -0.119051
v -0.368330 0.155000 -0.119678
v -0.361517 0.144393 -0.125973
v -0.355912 0.360000 -0.115643
v -0.362095 0.345000 -0.132652
v -0.370912 0.345000 -0.105517
v -0.361517 0.355607 -0.125973
v -0.366401 0.353660 -0.119051
v -0.368330 0.345000 -0.119678
v -0.366519 0.355607 -0.110580
v -0.219966 0.140000 -0.302757
v -0.238053 0.155000 -0.303381
v -0.214970 0.155000 -0.320152
v -0.231523 0.144393 -0.304895
v -0.226448 0.146340 -0.311680
v -0.227640 0.155000 -0.313320
v -0.218428 0.144393 -0.314409
v -0.219966 0.360000 -0.302757
v -0.214970 0.345000 -0.320152
v -0.238053 0.345000 -0.303381
v -0.218428 0.355607 -0.314409
v -0.226448 0.353660 -0.311679
v -0.227640 0.345000 -0.313320
v -0.231523 0.355607 -0.304895
v 0.000000 0.140000 -0.374228
v -0.014266 0.155000 -0.385365
v 0.014266 0.155000 -0.385365
v -0.008093 0.144393 -0.382751
v 0.000000 0.146340 -0.385257
v 0.000000 0.155000 -0.387285
v 0.008093 0.144393 -0.382751
v -0.000000 0.360000 -0.374228
v 0.014266 0.345000 -0.385365
v -0.014266 0.345000 -0.385365
v 0.008093 0.355607 -0.382751
v -0.000000 0.353660 -0.385257
v -0.000000 0.345000 -0.387285
v -0.008093 0.355607 -0.382751
v 0.219966 0.140000 -0.302757
v 0.214970 0.155000 -0.320152
v 0.238053 0.155000 -0.303381
v 0.218428 0.144393 -0.314409
v 0.226448 0.146340 -0.311679
v 0.227640 0.155000 -0.313320
v 0.231523 0.144393 -0.304895
v 0.219966 0.360000 -0.302757
v 0.238053 0.345000 -0.303381
v 0.214970 0.345000 -0.320152
v 0.231523 0.355607 -0.304895
v 0.226448 0.353660 -0.311680
v 0.227640 0.345000 -0.313320
v 0.218428 0.355607 -0.314409
v 0.355912 0.140000 -0.115643
v 0.362095 0.155000 -0.132652
v 0.370912 0.155000 -0.105517
v 0.361517 0.144393 -0.125973
v 0.366401 0.146340 -0.119051
v 0.368330 0.155000 -0.119678
v 0.366519 0.144393 -0.110580
v 0.355912 0.360000 -0.115643
v 0.370912 0.345000 -0.105517
v 0.362095 0.345000 -0.132652
v 0.366519 0.355607 -0.110580
v 0.366401 0.353660 -0.119051
v 0.368330 0.345000 -0.119678
v 0.361517 0.355607 -0.125973
v 0.355912 0.140000 0.115643
v 0.370912 0.155000 0.105517
v 0.362095 0.155000 0.132652
v 0.366519 0.144393 0.110580
v 0.366401 0.146340 0.119051
v 0.368330 0.155000 0.119678
v 0.361517 0.144393 0.125973
v 0.355912 0.360000 0.115643
v 0.362095 0.345000 0.132652
v 0.370912 0.345000 0.105517
v 0.361517 0.355607 0.125973
v 0.366401 0.353660 0.119051
v 0.368330 0.345000 0.119678
v 0.366519 0.355607 0.110580
v 0.219966 0.140000 0.302757
v 0.238053 0.155000 0.303381
v 0.214970 0.155000 0.320152
v 0.231523 0.144393 0.304895
v 0.226448 0.146340 0.311680
v 0.227640 0.155000 0.313320
v 0.218428 0.144393 0.314409
v 0.219966 0.360000 0.302757
v 0.214970 0.345000 0.320152
v 0.238053 0.345000 0.303381
v 0.218428 0.355607 0.314409
v 0.226448 0.353660 0.311679
v 0.227640 0.345000 0.313320
v 0.231523 0.355607 0.304895
vn 0.0541 -0.8657 0.4976
vn 0.1270 -0.3064 0.9434
vn -0.1270 -0.3064 0.9434
vn -0.0541 0.8657 0.4976
vn -0.1270 0.3064 0.9434
vn 0.1270 0.3064 0.9434
vn -0.2487 -0.8657 0.4344
vn -0.4518 -0.3064 0.8379
vn -0.6572 -0.3064 0.6886
vn -0.3363 0.8657 0.3708
vn -0.6572 0.3064 0.6886
vn -0.4518 0.3064 0.8379
vn -0.4566 -0.8657 0.2052
vn -0.8580 -0.3064 0.4123
vn -0.9365 -0.3064 0.1708
vn -0.4900 0.8657 0.1023
vn -0.9365 0.3064 0.1708
vn -0.8580 0.3064 0.4123
vn -0.4900 -0.8657 -0.1023
vn -0.9365 -0.3064 -0.1708
vn -0.8580 -0.3064 -0.4123
vn -0.4566 0.8657 -0.2052
vn -0.8580 0.3064 -0.4123
vn -0.9365 0.3064 -0.1708
vn -0.3363 -0.8657 -0.3708
vn -0.6572 -0.3064 -0.6886
vn -0.4518 -0.3064 -0.8379
vn -0.2487 0.8657 -0.4344
vn -0.4518 0.3064 -0.8379
vn -0.6572 0.3064 -0.6886
vn -0.0541 -0.8657 -0.4976
vn -0.1270 -0.3064 -0.9434
vn 0.1270 -0.3064 -0.9434
vn 0.0541 0.8657 -0.4976
vn 0.1270 0.3064 -0.9434
vn -0.1270 0.3064 -0.9434
vn 0.2487 -0.8657 -0.4344
vn 0.4518 -0.3064 -0.8379
vn 0.6572 -0.3064 -0.6886
vn 0.3363 0.8657 -0.3708
vn 0.6572 0.3064 -0.6886
vn 0.4518 0.3064 -0.8379
vn 0.4566 -0.8657 -0.2052
vn 0.8580 -0.3064 -0.4123
vn 0.9365 -0.3064 -0.1708
vn 0.4900 0.8657 -0.1023
vn 0.9365 0.3064 -0.1708
vn 0.8580 0.3064 -0.4123
vn 0.4900 -0.8657 0.1023
vn 0.9365 -0.3064 0.1708
vn 0.8580 -0.3064 0.4123
vn 0.4566 0.8657 0.2052
vn 0.8580 0.3064 0.4123
vn 0.9365 0.3064 0.1708
vn 0.3363 -0.8657 0.3708
vn 0.6572 -0.3064 0.6886
vn 0.4518 -0.3064 0.8379
vn 0.2487 0.8657 0.4344
vn 0.4518 0.3064 0.8379
vn 0.6572 0.3064 0.6886
vn -0.2855 -0.3827 0.8787
vn -0.1183 -0.9239 0.3640
vn -0.2855 0.3827 0.8787
vn -0.1183 0.9239 0.3640
vn 0.1334 -0.0000 0.9911
vn -0.1334 -0.0000 0.9911
vn -0.6904 -0.0000 0.7234
vn -0.4746 -0.0000 0.8802
vn -0.7474 -0.3827 0.5430
vn -0.3096 -0.9239 0.2249
vn -0.7474 0.3827 0.5430
vn -0.3096 0.9239 0.2249
vn -0.9838 -0.0000 0.1794
vn -0.9013 -0.0000 0.4331
vn -0.9239 -0.3827 -0.0000
vn -0.3827 -0.9239 -0.0000
vn -0.9239 0.3827 -0.0000
vn -0.3827 0.9239 -0.0000
vn -0.9013 -0.0000 -0.4331
vn -0.9838 -0.0000 -0.1794
vn -0.7474 -0.3827 -0.5430
vn -0.3096 -0.9239 -0.2249
vn -0.7474 0.3827 -0.5430
vn -0.3096 0.9239 -0.2249
vn -0.4746 -0.0000 -0.8802
vn -0.6904 -0.0000 -0.7234
vn -0.2855 -0.3827 -0.8787
vn -0.1183 -0.9239 -0.3640
vn -0.2855 0.3827 -0.8787
vn -0.1183 0.9239 -0.3640
vn 0.1334 -0.0000 -0.9911
vn -0.1334 -0.0000 -0.9911
vn 0.2855 -0.3827 -0.8787
vn 0.1183 -0.9239 -0.3640
vn 0.2855 0.3827 -0.8787
vn 0.1183 0.9239 -0.3640
vn 0.6904 -0.0000 -0.7234
vn 0.4746 -0.0000 -0.8802
vn 0.7474 -0.3827 -0.5430
vn 0.3096 -0.9239 -0.2249
vn 0.7474 0.3827 -0.5430
vn 0.3096 0.9239 -0.2249
vn 0.9838 -0.0000 -0.1794
vn 0.9013 -0.0000 -0.4331
vn 0.9239 -0.3827 -0.0000
vn 0.3827 -0.9239 -0.0000
vn 0.9239 0.3827 -0.0000
vn 0.3827 0.9239 -0.0000
vn 0.9013 -0.0000 0.4331
vn 0.9838 -0.0000 0.1794
vn 0.7474 -0.3827 0.5430
vn 0.3096 -0.9239 0.2249
vn 0.7474 0.3827 0.5430
vn 0.3096 0.9239 0.2249
vn 0.4746 -0.0000 0.8802
vn 0.6904 -0.0000 0.7234
vn 0.2855 -0.3827 0.8787
vn 0.1183 -0.9239 0.3640
vn 0.2855 0.3827 0.8787
vn 0.1183 0.9239 0.3640
vn -0.0000 -1.0000 -0.0000
vn -0.3090 -0.0000 0.9511
vn 0.3090 -0.0000 0.9511
vn -0.0000 1.0000 -0.0000
vn -0.8090 -0.0000 0.5878
vn -1.0000 -0.0000 -0.0000
vn -0.8090 -0.0000 -0.5878
vn -0.3090 -0.0000 -0.9511
vn 0.3090 -0.0000 -0.9511
vn 0.8090 -0.0000 -0.5878
vn 1.0000 -0.0000 -0.0000
vn 0.8090 -0.0000 0.5878
vn -0.0541 -0.8657 0.4976
vn 0.2395 -0.2213 0.9453
vn -0.2395 -0.2213 0.9453
vn 0.0541 0.8657 0.4976
vn -0.2395 0.2213 0.9453
vn 0.2395 0.2213 0.9453
vn -0.3363 -0.8657 0.3708
vn -0.3619 -0.2213 0.9056
vn -0.7494 -0.2213 0.6240
vn -0.2487 0.8657 0.4344
vn -0.7494 0.2213 0.6240
vn -0.3619 0.2213 0.9056
vn -0.4900 -0.8657 0.1023
vn -0.8250 -0.2213 0.5199
vn -0.9731 -0.2213 0.0643
vn -0.4566 0.8657 0.2052
vn -0.9731 0.2213 0.0643
vn -0.8250 0.2213 0.5199
vn -0.4566 -0.8657 -0.2052
vn -0.9731 -0.2213 -0.0643
vn -0.8250 -0.2213 -0.5199
vn -0.4900 0.8657 -0.1023
vn -0.8251 0.2213 -0.5199
vn -0.9731 0.2213 -0.0644
vn -0.2487 -0.8657 -0.4344
vn -0.7494 -0.2213 -0.6240
vn -0.3619 -0.2213 -0.9056
vn -0.3363 0.8657 -0.3708
vn -0.3619 0.2213 -0.9056
vn -0.7494 0.2213 -0.6240
vn 0.0541 -0.8657 -0.4976
vn -0.2395 -0.2213 -0.9453
vn 0.2395 -0.2213 -0.9453
vn -0.0541 0.8657 -0.4976
vn 0.2395 0.2213 -0.9453
vn -0.2395 0.2213 -0.9453
vn 0.3363 -0.8657 -0.3708
vn 0.3619 -0.2213 -0.9056
vn 0.7494 -0.2213 -0.6240
vn 0.2487 0.8657 -0.4344
vn 0.7494 0.2213 -0.6240
vn 0.3619 0.2213 -0.9056
vn 0.4900 -0.8657 -0.1023
vn 0.8250 -0.2213 -0.5199
vn 0.9731 -0.2213 -0.0643
vn 0.4566 0.8657 -0.2052
vn 0.9731 0.2213 -0.0643
vn 0.8250 0.2213 -0.5199
vn 0.4566 -0.8657 0.2052
vn 0.9731 -0.2213 0.0643
vn 0.8250 -0.2213 0.5199
vn 0.4900 0.8657 0.1023
vn 0.8251 0.2213 0.5199
vn 0.9731 0.2213 0.0644
vn 0.2487 -0.8657 0.4344
vn 0.7494 -0.2213 0.6240
vn 0.3619 -0.2213 0.9056
vn 0.3363 0.8657 0.3708
vn 0.3619 0.2213 0.9056
vn 0.7494 0.2213 0.6240
s 0
g arpg_pillar_plinth_M_gunmetal
usemtl M_gunmetal
f 100/619/206 98/617/206 99/615/206
f 100/619/74 99/615/74 96/621/74
f 101/657/207 104/659/207 105/660/207
f 101/657/75 105/660/75 107/663/75
f 102/553/131 104/551/131 93/603/131
f 102/553/131 93/603/131 89/599/131
f 103/534/135 106/544/135 113/548/135
f 103/534/135 113/548/135 109/535/135
f 104/659/132 101/657/132 87/596/132
f 104/659/132 87/596/132 93/602/132
f 106/544/136 102/553/136 110/554/136
f 106/544/136 110/554/136 113/548/136
f 106/544/208 105/538/208 104/551/208
f 106/544/76 104/551/76 102/553/76
f 107/536/209 105/538/209 106/544/209
f 107/536/77 106/544/77 103/534/77
f 108/323/186 80/180/186 192/40/186
f 108/323/186 94/262/186 80/180/186
f 108/323/210 111/328/210 112/329/210
f 108/323/78 112/329/78 114/325/78
f 109/535/139 111/537/139 128/494/139
f 109/535/139 128/494/139 124/496/139
f 109/535/188 116/495/188 103/534/188
f 109/535/188 124/496/188 116/495/188
f 111/328/140 108/323/140 122/322/140
f 111/328/140 122/322/140 128/327/140
f 113/548/211 112/550/211 111/537/211
f 113/548/79 111/537/79 109/535/79
f 114/325/134 94/262/134 108/323/134
f 114/325/134 97/268/134 94/262/134
f 114/552/212 112/550/212 113/548/212
f 114/552/80 113/548/80 110/554/80
f 115/656/183 129/595/183 143/506/183
f 115/656/183 143/506/183 171/373/183
f 115/656/183 171/373/183 199/435/183
f 115/656/213 118/662/213 119/661/213
f 115/656/81 119/661/81 121/658/81
f 116/495/137 107/536/137 103/534/137
f 116/495/137 118/493/137 107/536/137
f 117/476/141 120/486/141 127/490/141
f 117/476/141 127/490/141 123/477/141
f 118/662/138 101/657/138 107/663/138
f 118/662/138 115/656/138 101/657/138
f 120/486/142 116/495/142 124/496/142
f 120/486/142 124/496/142 127/490/142
f 120/486/214 119/480/214 118/493/214
f 120/486/82 118/493/82 116/495/82
f 121/478/215 119/480/215 120/486/215
f 121/478/83 120/486/83 117/476/83
f 121/658/144 129/595/144 115/656/144
f 121/658/144 132/601/144 129/595/144
f 122/322/216 125/324/216 126/326/216
f 122/322/84 126/326/84 128/327/84
f 123/477/145 125/479/145 142/427/145
f 123/477/145 142/427/145 138/431/145
f 123/477/189 130/430/189 117/476/189
f 123/477/189 138/431/189 130/430/189
f 125/324/146 122/322/146 136/261/146
f 125/324/146 136/261/146 142/267/146
f 127/490/217 126/492/217 125/479/217
f 127/490/85 125/479/85 123/477/85
f 128/494/218 126/492/218 127/490/218
f 128/494/86 127/490/86 124/496/86
f 129/595/219 132/601/219 133/598/219
f 129/595/87 133/598/87 135/593/87
f 130/430/143 121/478/143 117/476/143
f 130/430/143 132/426/143 121/478/143
f 131/409/147 134/419/147 141/423/147
f 131/409/147 141/423/147 137/410/147
f 134/419/148 130/430/148 138/431/148
f 134/419/148 138/431/148 141/423/148
f 134/419/220 133/413/220 132/426/220
f 134/419/88 132/426/88 130/430/88
f 135/411/221 133/413/221 134/419/221
f 135/411/89 134/419/89 131/409/89
f 136/261/186 122/322/186 108/323/186
f 136/261/222 139/259/222 140/263/222
f 136/261/90 140/263/90 142/267/90
f 137/410/151 139/412/151 156/361/151
f 137/410/151 156/361/151 152/363/151
f 137/410/190 144/362/190 131/409/190
f 137/410/190 152/363/190 144/362/190
f 139/259/152 136/261/152 150/172/152
f 139/259/152 150/172/152 156/196/152
f 141/423/223 140/425/223 139/412/223
f 141/423/91 139/412/91 137/410/91
f 142/427/224 140/425/224 141/423/224
f 142/427/92 141/423/92 138/431/92
f 143/506/183 157/434/183 171/373/183
f 143/506/225 146/530/225 147/529/225
f 143/506/93 147/529/93 149/499/93
f 144/362/149 135/411/149 131/409/149
f 144/362/149 146/360/149 135/411/149
f 145/333/153 148/347/153 155/357/153
f 145/333/153 155/357/153 151/334/153
f 146/530/150 129/595/150 135/593/150
f 146/530/150 143/506/150 129/595/150
f 148/347/154 144/362/154 152/363/154
f 148/347/154 152/363/154 155/357/154
f 148/347/226 147/337/226 146/360/226
f 148/347/94 146/360/94 144/362/94
f 149/335/227 147/337/227 148/347/227
f 149/335/95 148/347/95 145/333/95
f 150/172/228 153/165/228 154/167/228
f 150/172/96 154/167/96 156/196/96
f 151/334/157 153/336/157 170/285/157
f 151/334/157 170/285/157 166/287/157
f 151/334/191 158/286/191 145/333/191
f 151/334/191 166/287/191 158/286/191
f 153/165/158 150/172/158 164/100/158
f 153/165/158 164/100/158 170/102/158
f 155/357/229 154/359/229 153/336/229
f 155/357/97 153/336/97 151/334/97
f 156/361/230 154/359/230 155/357/230
f 156/361/98 155/357/98 152/363/98
f 157/434/231 160/436/231 161/433/231
f 157/434/99 161/433/99 163/428/99
f 158/286/155 149/335/155 145/333/155
f 158/286/155 160/284/155 149/335/155
f 159/265/159 162/277/159 169/281/159
f 159/265/159 169/281/159 165/266/159
f 160/436/156 143/506/156 149/499/156
f 160/436/156 157/434/156 143/506/156
f 162/277/100 160/284/100 158/286/100
f 162/277/160 158/286/160 166/287/160
f 162/277/160 166/287/160 169/281/160
f 162/277/232 161/271/232 160/284/232
f 163/269/101 162/277/101 159/265/101
f 163/269/233 161/271/233 162/277/233
f 164/100/102 168/98/102 170/102/102
f 164/100/186 150/172/186 136/261/186
f 164/100/234 167/94/234 168/98/234
f 165/266/163 167/270/163 184/218/163
f 165/266/163 184/218/163 180/220/163
f 165/266/192 172/219/192 159/265/192
f 165/266/192 180/220/192 172/219/192
f 169/281/103 167/270/103 165/266/103
f 169/281/235 168/283/235 167/270/235
f 170/285/104 169/281/104 166/287/104
f 170/285/236 168/283/236 169/281/236
f 171/373/105 175/370/105 177/367/105
f 171/373/183 185/374/183 199/435/183
f 171/373/237 174/371/237 175/370/237
f 172/219/161 163/269/161 159/265/161
f 172/219/161 174/217/161 163/269/161
f 173/200/165 176/210/165 183/214/165
f 173/200/165 183/214/165 179/201/165
f 174/371/162 157/434/162 163/428/162
f 174/371/162 171/373/162 157/434/162
f 176/210/106 174/217/106 172/219/106
f 176/210/166 172/219/166 180/220/166
f 176/210/166 180/220/166 183/214/166
f 176/210/238 175/204/238 174/217/238
f 177/202/107 176/210/107 173/200/107
f 177/202/239 175/204/239 176/210/239
f 178/39/108 182/33/108 184/37/108
f 178/39/240 181/34/240 182/33/240
f 179/201/169 181/203/169 198/160/169
f 179/201/169 198/160/169 194/162/169
f 179/201/193 186/161/193 173/200/193
f 179/201/193 194/162/193 186/161/193
f 181/34/170 178/39/170 192/40/170
f 181/34/170 192/40/170 198/35/170
f 183/214/109 181/203/109 179/201/109
f 183/214/241 182/216/241 181/203/241
f 184/218/110 183/214/110 180/220/110
f 184/218/242 182/216/242 183/214/242
f 184/37/164 164/100/164 178/39/164
f 184/37/164 167/94/164 164/100/164
f 185/374/111 189/369/111 191/372/111
f 185/374/243 188/368/243 189/369/243
f 186/161/167 177/202/167 173/200/167
f 186/161/167 188/159/167 177/202/167
f 187/142/171 190/152/171 197/156/171
f 187/142/171 197/156/171 193/143/171
f 188/368/168 171/373/168 177/367/168
f 188/368/168 185/374/168 171/373/168
f 190/152/112 188/159/112 186/161/112
f 190/152/172 186/161/172 194/162/172
f 190/152/172 194/162/172 197/156/172
f 190/152/244 189/146/244 188/159/244
f 191/144/113 190/152/113 187/142/113
f 191/144/245 189/146/245 190/152/245
f 191/372/174 199/435/174 185/374/174
f 191/372/174 202/429/174 199/435/174
f 192/40/114 196/36/114 198/35/114
f 192/40/186 136/261/186 108/323/186
f 192/40/186 164/100/186 136/261/186
f 192/40/186 178/39/186 164/100/186
f 192/40/246 195/38/246 196/36/246
f 193/143/175 195/145/175 212/93/175
f 193/143/175 212/93/175 208/97/175
f 193/143/194 200/96/194 187/142/194
f 193/143/194 208/97/194 200/96/194
f 195/38/176 192/40/176 206/101/176
f 195/38/176 206/101/176 212/95/176
f 197/156/115 195/145/115 193/143/115
f 197/156/247 196/158/247 195/145/247
f 198/160/116 197/156/116 194/162/116
f 198/160/248 196/158/248 197/156/248
f 199/435/117 203/432/117 205/437/117
f 199/435/183 73/514/183 87/596/183
f 199/435/183 87/596/183 115/656/183
f 199/435/249 202/429/249 203/432/249
f 200/96/173 191/144/173 187/142/173
f 200/96/173 202/92/173 191/144/173
f 201/75/177 204/85/177 211/89/177
f 201/75/177 211/89/177 207/76/177
f 204/85/118 202/92/118 200/96/118
f 204/85/178 200/96/178 208/97/178
f 204/85/178 208/97/178 211/89/178
f 204/85/250 203/79/250 202/92/250
f 205/77/119 204/85/119 201/75/119
f 205/77/251 203/79/251 204/85/251
f 206/101/120 210/99/120 212/95/120
f 206/101/252 209/103/252 210/99/252
f 207/76/181 209/78/181 86/27/181
f 207/76/181 86/27/181 82/29/181
f 207/76/185 74/28/185 201/75/185
f 207/76/185 82/29/185 74/28/185
f 209/103/182 206/101/182 80/180/182
f 209/103/182 80/180/182 86/166/182
f 211/89/121 209/78/121 207/76/121
f 211/89/253 210/91/253 209/78/253
f 212/93/122 211/89/122 208/97/122
f 212/93/254 210/91/254 211/89/254
f 73/514/195 76/500/195 77/501/195
f 73/514/63 77/501/63 79/531/63
f 74/28/179 205/77/179 201/75/179
f 74/28/179 76/26/179 205/77/179
f 76/500/180 199/435/180 205/437/180
f 76/500/180 73/514/180 199/435/180
f 78/11/196 77/10/196 76/26/196
f 78/11/64 76/26/64 74/28/64
f 79/669/197 77/671/197 78/683/197
f 79/669/65 78/683/65 75/667/65
f 80/180/186 206/101/186 192/40/186
f 80/180/198 83/197/198 84/195/198
f 80/180/66 84/195/66 86/166/66
f 81/668/125 100/619/125 96/621/125
f 81/668/125 83/670/125 100/619/125
f 81/668/184 88/620/184 75/667/184
f 81/668/184 96/621/184 88/620/184
f 82/29/127 78/11/127 74/28/127
f 82/29/127 85/21/127 78/11/127
f 83/197/126 80/180/126 94/262/126
f 83/197/126 94/262/126 100/260/126
f 85/693/128 75/667/128 78/683/128
f 85/693/128 81/668/128 75/667/128
f 85/693/199 84/694/199 83/670/199
f 85/693/67 83/670/67 81/668/67
f 86/27/200 84/25/200 85/21/200
f 86/27/68 85/21/68 82/29/68
f 87/596/183 101/657/183 115/656/183
f 87/596/201 90/594/201 91/597/201
f 87/596/69 91/597/69 93/602/69
f 88/620/123 79/669/123 75/667/123
f 88/620/123 90/618/123 79/669/123
f 89/599/129 92/611/129 99/615/129
f 89/599/129 99/615/129 95/600/129
f 90/594/124 73/514/124 79/531/124
f 90/594/124 87/596/124 73/514/124
f 92/611/130 88/620/130 96/621/130
f 92/611/130 96/621/130 99/615/130
f 92/611/202 91/605/202 90/618/202
f 92/611/70 90/618/70 88/620/70
f 93/603/203 91/605/203 92/611/203
f 93/603/71 92/611/71 89/599/71
f 94/262/204 97/268/204 98/264/204
f 94/262/72 98/264/72 100/260/72
f 95/600/133 114/552/133 110/554/133
f 95/600/133 97/604/133 114/552/133
f 95/600/187 102/553/187 89/599/187
f 95/600/187 110/554/187 102/553/187
f 99/615/205 98/617/205 97/604/205
f 99/615/73 97/604/73 95/600/73
g arpg_pillar_shaft_Cone.019
v 0.000000 0.360000 0.300000
v 0.000000 1.780000 0.230000
v -0.212132 0.360000 0.212132
v -0.162635 1.780000 0.162635
v -0.300000 0.360000 0.000000
v -0.230000 1.780000 0.000000
v -0.212132 0.360000 -0.212132
v -0.162635 1.780000 -0.162635
v 0.000000 0.360000 -0.300000
v 0.000000 1.780000 -0.230000
v 0.212132 0.360000 -0.212132
v 0.162635 1.780000 -0.162635
v 0.300000 0.360000 0.000000
v 0.230000 1.780000 0.000000
v 0.212132 0.360000 0.212132
v 0.162635 1.780000 0.162635
vn -0.3823 0.0455 0.9229
vn -0.9229 0.0455 0.3823
vn -0.9229 0.0455 -0.3823
vn -0.3823 0.0455 -0.9229
vn 0.3823 0.0455 -0.9229
vn 0.9229 0.0455 -0.3823
vn -0.0000 1.0000 -0.0000
vn 0.9229 0.0455 0.3823
vn 0.3823 0.0455 0.9229
vn -0.0000 -1.0000 -0.0000
s 0
g arpg_pillar_shaft_M_stone
usemtl M_stone
f 214/183/261 228/68/261 226/30/261
f 214/695/255 215/587/255 213/682/255
f 214/695/255 216/592/255 215/587/255
f 215/629/264 217/666/264 219/628/264
f 216/592/256 217/518/256 215/587/256
f 216/592/256 218/528/256 217/518/256
f 218/332/261 214/183/261 226/30/261
f 218/332/261 216/295/261 214/183/261
f 218/528/257 219/442/257 217/518/257
f 218/528/257 220/447/257 219/442/257
f 219/628/264 221/503/264 223/401/264
f 219/628/264 223/401/264 227/402/264
f 220/447/258 221/346/258 219/442/258
f 220/447/258 222/358/258 221/346/258
f 222/169/261 220/294/261 218/332/261
f 222/358/259 223/253/259 221/346/259
f 222/358/259 224/258/259 223/253/259
f 223/401/264 225/364/264 227/402/264
f 224/258/260 225/184/260 223/253/260
f 224/258/260 226/194/260 225/184/260
f 226/194/262 227/108/262 225/184/262
f 226/194/262 228/113/262 227/108/262
f 226/30/261 222/169/261 218/332/261
f 226/30/261 224/67/261 222/169/261
f 227/402/264 213/517/264 215/629/264
f 227/402/264 215/629/264 219/628/264
f 228/113/263 213/9/263 227/108/263
f 228/113/263 214/22/263 213/9/263
g arpg_pillar_rune_low_Torus.014
v -0.335000 0.620000 0.000000
v -0.324749 0.644749 0.000000
v -0.300000 0.655000 0.000000
v -0.275251 0.644749 0.000000
v -0.265000 0.620000 0.000000
v -0.275251 0.595251 0.000000
v -0.300000 0.585000 0.000000
v -0.324749 0.595251 0.000000
v -0.318604 0.620000 0.103521
v -0.308854 0.644749 0.100353
v -0.285317 0.655000 0.092705
v -0.261780 0.644749 0.085057
v -0.252030 0.620000 0.081889
v -0.261780 0.595251 0.085057
v -0.285317 0.585000 0.092705
v -0.308854 0.595251 0.100353
v -0.271021 0.620000 0.196908
v -0.262727 0.644749 0.190883
v -0.242705 0.655000 0.176336
v -0.222683 0.644749 0.161789
v -0.214390 0.620000 0.155763
v -0.222683 0.595251 0.161789
v -0.242705 0.585000 0.176336
v -0.262727 0.595251 0.190883
v -0.196908 0.620000 0.271021
v -0.190882 0.644749 0.262727
v -0.176336 0.655000 0.242705
v -0.161789 0.644749 0.222683
v -0.155763 0.620000 0.214390
v -0.161789 0.595251 0.222683
v -0.176336 0.585000 0.242705
v -0.190882 0.595251 0.262727
v -0.103521 0.620000 0.318604
v -0.100353 0.644749 0.308854
v -0.092705 0.655000 0.285317
v -0.085057 0.644749 0.261780
v -0.081890 0.620000 0.252030
v -0.085057 0.595251 0.261780
v -0.092705 0.585000 0.285317
v -0.100353 0.595251 0.308854
v -0.000000 0.620000 0.335000
v -0.000000 0.644749 0.324749
v -0.000000 0.655000 0.300000
v -0.000000 0.644749 0.275251
v -0.000000 0.620000 0.265000
v -0.000000 0.595251 0.275251
v -0.000000 0.585000 0.300000
v -0.000000 0.595251 0.324749
v 0.103521 0.620000 0.318604
v 0.100353 0.644749 0.308854
v 0.092705 0.655000 0.285317
v 0.085057 0.644749 0.261780
v 0.081890 0.620000 0.252030
v 0.085057 0.595251 0.261780
v 0.092705 0.585000 0.285317
v 0.100353 0.595251 0.308854
v 0.196908 0.620000 0.271021
v 0.190883 0.644749 0.262727
v 0.176336 0.655000 0.242705
v 0.161789 0.644749 0.222683
v 0.155763 0.620000 0.214389
v 0.161789 0.595251 0.222683
v 0.176336 0.585000 0.242705
v 0.190883 0.595251 0.262727
v 0.271021 0.620000 0.196908
v 0.262727 0.644749 0.190882
v 0.242705 0.655000 0.176336
v 0.222683 0.644749 0.161789
v 0.214390 0.620000 0.155763
v 0.222683 0.595251 0.161789
v 0.242705 0.585000 0.176336
v 0.262727 0.595251 0.190882
v 0.318604 0.620000 0.103521
v 0.308854 0.644749 0.100353
v 0.285317 0.655000 0.092705
v 0.261780 0.644749 0.085057
v 0.252030 0.620000 0.081890
v 0.261780 0.595251 0.085057
v 0.285317 0.585000 0.092705
v 0.308854 0.595251 0.100353
v 0.335000 0.620000 0.000000
v 0.324749 0.644749 0.000000
v 0.300000 0.655000 0.000000
v 0.275251 0.644749 0.000000
v 0.265000 0.620000 0.000000
v 0.275251 0.595251 0.000000
v 0.300000 0.585000 0.000000
v 0.324749 0.595251 0.000000
v 0.318604 0.620000 -0.103521
v 0.308854 0.644749 -0.100353
v 0.285317 0.655000 -0.092705
v 0.261780 0.644749 -0.085057
v 0.252030 0.620000 -0.081889
v 0.261780 0.595251 -0.085057
v 0.285317 0.585000 -0.092705
v 0.308854 0.595251 -0.100353
v 0.271021 0.620000 -0.196908
v 0.262727 0.644749 -0.190882
v 0.242705 0.655000 -0.176336
v 0.222683 0.644749 -0.161789
v 0.214390 0.620000 -0.155763
v 0.222683 0.595251 -0.161789
v 0.242705 0.585000 -0.176336
v 0.262727 0.595251 -0.190882
v 0.196908 0.620000 -0.271021
v 0.190883 0.644749 -0.262727
v 0.176336 0.655000 -0.242705
v 0.161789 0.644749 -0.222683
v 0.155763 0.620000 -0.214389
v 0.161789 0.595251 -0.222683
v 0.176336 0.585000 -0.242705
v 0.190883 0.595251 -0.262727
v 0.103521 0.620000 -0.318604
v 0.100353 0.644749 -0.308854
v 0.092705 0.655000 -0.285317
v 0.085057 0.644749 -0.261780
v 0.081890 0.620000 -0.252030
v 0.085057 0.595251 -0.261780
v 0.092705 0.585000 -0.285317
v 0.100353 0.595251 -0.308854
v -0.000000 0.620000 -0.335000
v -0.000000 0.644749 -0.324749
v -0.000000 0.655000 -0.300000
v -0.000000 0.644749 -0.275251
v -0.000000 0.620000 -0.265000
v -0.000000 0.595251 -0.275251
v -0.000000 0.585000 -0.300000
v -0.000000 0.595251 -0.324749
v -0.103521 0.620000 -0.318604
v -0.100353 0.644749 -0.308854
v -0.092705 0.655000 -0.285317
v -0.085057 0.644749 -0.261780
v -0.081890 0.620000 -0.252030
v -0.085057 0.595251 -0.261780
v -0.092705 0.585000 -0.285317
v -0.100353 0.595251 -0.308854
v -0.196908 0.620000 -0.271021
v -0.190882 0.644749 -0.262727
v -0.176335 0.655000 -0.242705
v -0.161789 0.644749 -0.222683
v -0.155763 0.620000 -0.214390
v -0.161789 0.595251 -0.222683
v -0.176335 0.585000 -0.242705
v -0.190882 0.595251 -0.262727
v -0.271021 0.620000 -0.196908
v -0.262727 0.644749 -0.190883
v -0.242705 0.655000 -0.176336
v -0.222683 0.644749 -0.161789
v -0.214389 0.620000 -0.155763
v -0.222683 0.595251 -0.161789
v -0.242705 0.585000 -0.176336
v -0.262727 0.595251 -0.190883
v -0.318604 0.620000 -0.103521
v -0.308854 0.644749 -0.100353
v -0.285317 0.655000 -0.092705
v -0.261779 0.644749 -0.085057
v -0.252030 0.620000 -0.081890
v -0.261779 0.595251 -0.085057
v -0.285317 0.585000 -0.092705
v -0.308854 0.595251 -0.100353
vn -1.0000 -0.0000 -0.0000
vn -0.7252 0.6885 -0.0000
vn -0.0382 0.9993 -0.0000
vn 0.6869 0.7267 -0.0000
vn 1.0000 -0.0000 -0.0000
vn 0.6870 -0.7267 -0.0000
vn -0.0382 -0.9993 -0.0000
vn -0.7252 -0.6885 -0.0000
vn -0.9511 -0.0000 0.3090
vn -0.6897 0.6885 0.2241
vn -0.0363 0.9993 0.0118
vn 0.6533 0.7267 -0.2123
vn 0.9511 -0.0000 -0.3090
vn 0.6533 -0.7267 -0.2123
vn -0.0363 -0.9993 0.0118
vn -0.6897 -0.6885 0.2241
vn -0.8090 -0.0000 0.5878
vn -0.5867 0.6885 0.4263
vn -0.0309 0.9993 0.0225
vn 0.5558 0.7267 -0.4038
vn 0.8090 -0.0000 -0.5878
vn 0.5558 -0.7267 -0.4038
vn -0.0309 -0.9993 0.0225
vn -0.5867 -0.6885 0.4263
vn -0.5878 -0.0000 0.8090
vn -0.4263 0.6885 0.5867
vn -0.0225 0.9993 0.0309
vn 0.4038 0.7267 -0.5558
vn 0.5878 -0.0000 -0.8090
vn 0.4038 -0.7267 -0.5558
vn -0.0225 -0.9993 0.0309
vn -0.4263 -0.6885 0.5867
vn -0.3090 -0.0000 0.9511
vn -0.2241 0.6885 0.6897
vn -0.0118 0.9993 0.0363
vn 0.2123 0.7267 -0.6533
vn 0.3090 -0.0000 -0.9511
vn 0.2123 -0.7267 -0.6533
vn -0.0118 -0.9993 0.0363
vn -0.2241 -0.6885 0.6897
vn -0.0000 -0.0000 1.0000
vn -0.0000 0.6885 0.7252
vn -0.0000 0.9993 0.0382
vn -0.0000 0.7267 -0.6870
vn -0.0000 -0.0000 -1.0000
vn -0.0000 -0.7267 -0.6870
vn -0.0000 -0.9993 0.0382
vn -0.0000 -0.6885 0.7252
vn 0.3090 -0.0000 0.9511
vn 0.2241 0.6885 0.6897
vn 0.0118 0.9993 0.0363
vn -0.2123 0.7267 -0.6533
vn -0.3090 -0.0000 -0.9511
vn -0.2123 -0.7267 -0.6533
vn 0.0118 -0.9993 0.0363
vn 0.2241 -0.6885 0.6897
vn 0.5878 -0.0000 0.8090
vn 0.4263 0.6885 0.5867
vn 0.0225 0.9993 0.0309
vn -0.4038 0.7267 -0.5558
vn -0.5878 -0.0000 -0.8090
vn -0.4038 -0.7267 -0.5558
vn 0.0225 -0.9993 0.0309
vn 0.4263 -0.6885 0.5867
vn 0.8090 -0.0000 0.5878
vn 0.5867 0.6885 0.4263
vn 0.0309 0.9993 0.0225
vn -0.5558 0.7267 -0.4038
vn -0.8090 -0.0000 -0.5878
vn -0.5558 -0.7267 -0.4038
vn 0.0309 -0.9993 0.0225
vn 0.5867 -0.6885 0.4263
vn 0.9511 -0.0000 0.3090
vn 0.6897 0.6885 0.2241
vn 0.0363 0.9993 0.0118
vn -0.6533 0.7267 -0.2123
vn -0.9511 -0.0000 -0.3090
vn -0.6533 -0.7267 -0.2123
vn 0.0363 -0.9993 0.0118
vn 0.6897 -0.6885 0.2241
vn 0.7252 0.6885 -0.0000
vn 0.0382 0.9993 -0.0000
vn -0.6870 0.7267 -0.0000
vn -0.6870 -0.7267 -0.0000
vn 0.0382 -0.9993 -0.0000
vn 0.7252 -0.6885 -0.0000
vn 0.6897 0.6885 -0.2241
vn 0.0363 0.9993 -0.0118
vn -0.6533 0.7267 0.2123
vn -0.6533 -0.7267 0.2123
vn 0.0363 -0.9993 -0.0118
vn 0.6897 -0.6885 -0.2241
vn 0.5867 0.6885 -0.4263
vn 0.0309 0.9993 -0.0225
vn -0.5558 0.7267 0.4038
vn -0.5558 -0.7267 0.4038
vn 0.0309 -0.9993 -0.0225
vn 0.5867 -0.6885 -0.4263
vn 0.4263 0.6885 -0.5867
vn 0.0225 0.9993 -0.0309
vn -0.4038 0.7267 0.5558
vn -0.4038 -0.7267 0.5558
vn 0.0225 -0.9993 -0.0309
vn 0.4263 -0.6885 -0.5867
vn 0.2241 0.6885 -0.6897
vn 0.0118 0.9993 -0.0363
vn -0.2123 0.7267 0.6533
vn -0.2123 -0.7267 0.6533
vn 0.0118 -0.9993 -0.0363
vn 0.2241 -0.6885 -0.6897
vn -0.0000 0.6885 -0.7252
vn -0.0000 0.9993 -0.0382
vn -0.0000 0.7267 0.6870
vn -0.0000 -0.7267 0.6870
vn -0.0000 -0.9993 -0.0382
vn -0.0000 -0.6885 -0.7252
vn -0.2241 0.6885 -0.6897
vn -0.0118 0.9993 -0.0363
vn 0.2123 0.7267 0.6533
vn 0.2123 -0.7267 0.6533
vn -0.0118 -0.9993 -0.0363
vn -0.2241 -0.6885 -0.6897
vn -0.4263 0.6885 -0.5867
vn -0.0225 0.9993 -0.0309
vn 0.4038 0.7267 0.5558
vn 0.4038 -0.7267 0.5558
vn -0.0225 -0.9993 -0.0309
vn -0.4263 -0.6885 -0.5867
vn -0.5867 0.6885 -0.4263
vn -0.0309 0.9993 -0.0225
vn 0.5558 0.7267 0.4038
vn 0.5558 -0.7267 0.4038
vn -0.0309 -0.9993 -0.0225
vn -0.5867 -0.6885 -0.4263
vn -0.6897 0.6885 -0.2241
vn -0.0364 0.9993 -0.0118
vn 0.6533 0.7267 0.2123
vn 0.6533 -0.7267 0.2123
vn -0.0364 -0.9993 -0.0118
vn -0.6897 -0.6885 -0.2241
s 1
g arpg_pillar_rune_low_M_purple
usemtl M_purple
f 229/387/265 237/418/273 238/420/274
f 229/387/265 238/420/274 230/388/266
f 230/388/266 231/389/267 383/352/400
f 230/388/266 383/352/400 382/350/399
f 232/390/268 233/391/269 385/358/337
f 232/390/268 240/422/276 241/424/277
f 232/390/268 241/424/277 233/391/269
f 232/390/268 385/358/337 384/354/401
f 233/383/269 234/384/270 386/340/402
f 233/383/269 241/414/277 242/415/278
f 233/383/269 242/415/278 234/384/270
f 233/383/269 386/340/402 385/338/337
f 234/384/270 235/385/271 387/342/403
f 234/384/270 387/342/403 386/340/402
f 235/385/271 236/386/272 388/344/404
f 235/385/271 388/344/404 387/342/403
f 236/386/272 229/387/265 381/346/341
f 236/386/272 381/346/341 388/344/404
f 238/420/274 231/389/267 230/388/266
f 238/420/274 239/421/275 231/389/267
f 239/421/275 232/390/268 231/389/267
f 239/421/275 240/422/276 232/390/268
f 242/415/278 235/385/271 234/384/270
f 242/415/278 243/416/279 235/385/271
f 242/415/278 250/453/286 251/454/287
f 242/415/278 251/454/287 243/416/279
f 243/416/279 236/386/272 235/385/271
f 243/416/279 244/417/280 236/386/272
f 244/417/280 229/387/265 236/386/272
f 244/417/280 237/418/273 229/387/265
f 244/417/280 245/456/281 237/418/273
f 244/417/280 252/455/288 245/456/281
f 245/456/281 238/420/274 237/418/273
f 245/456/281 246/457/282 238/420/274
f 246/457/282 239/421/275 238/420/274
f 246/457/282 247/458/283 239/421/275
f 246/457/282 254/487/290 255/488/291
f 246/457/282 255/488/291 247/458/283
f 247/458/283 240/422/276 239/421/275
f 247/458/283 248/459/284 240/422/276
f 248/459/284 241/424/277 240/422/276
f 248/459/284 249/460/285 241/424/277
f 249/452/285 242/415/278 241/414/277
f 249/452/285 250/453/286 242/415/278
f 251/454/287 244/417/280 243/416/279
f 251/454/287 252/455/288 244/417/280
f 252/455/288 253/485/289 245/456/281
f 252/455/288 260/484/296 253/485/289
f 253/485/289 246/457/282 245/456/281
f 253/485/289 254/487/290 246/457/282
f 255/488/291 248/459/284 247/458/283
f 255/488/291 256/489/292 248/459/284
f 256/489/292 249/460/285 248/459/284
f 256/489/292 257/491/293 249/460/285
f 256/489/292 264/525/300 265/528/301
f 256/489/292 265/528/301 257/491/293
f 257/481/293 250/453/286 249/452/285
f 257/481/293 258/482/294 250/453/286
f 258/482/294 251/454/287 250/453/286
f 258/482/294 259/483/295 251/454/287
f 259/483/295 252/455/288 251/454/287
f 259/483/295 260/484/296 252/455/288
f 261/518/297 254/487/290 253/485/289
f 261/518/297 262/521/298 254/487/290
f 262/521/298 255/488/291 254/487/290
f 262/521/298 263/523/299 255/488/291
f 262/521/298 270/545/306 271/546/307
f 262/521/298 271/546/307 263/523/299
f 263/523/299 256/489/292 255/488/291
f 263/523/299 264/525/300 256/489/292
f 265/502/301 258/482/294 257/481/293
f 265/502/301 266/508/302 258/482/294
f 266/508/302 259/483/295 258/482/294
f 266/508/302 267/510/303 259/483/295
f 266/508/302 274/540/310 275/541/311
f 266/508/302 275/541/311 267/510/303
f 267/510/303 260/484/296 259/483/295
f 267/510/303 268/512/304 260/484/296
f 268/512/304 253/485/289 260/484/296
f 268/512/304 261/518/297 253/485/289
f 269/543/305 262/521/298 261/518/297
f 269/543/305 270/545/306 262/521/298
f 271/546/307 264/525/300 263/523/299
f 271/546/307 272/547/308 264/525/300
f 272/547/308 265/528/301 264/525/300
f 272/547/308 273/549/309 265/528/301
f 273/539/309 266/508/302 265/502/301
f 273/539/309 274/540/310 266/508/302
f 275/541/311 268/512/304 267/510/303
f 275/541/311 276/542/312 268/512/304
f 275/541/311 283/572/319 284/573/320
f 275/541/311 284/573/320 276/542/312
f 276/542/312 261/518/297 268/512/304
f 276/542/312 269/543/305 261/518/297
f 277/574/313 270/545/306 269/543/305
f 277/574/313 278/575/314 270/545/306
f 278/575/314 271/546/307 270/545/306
f 278/575/314 279/576/315 271/546/307
f 279/576/315 272/547/308 271/546/307
f 279/576/315 280/577/316 272/547/308
f 280/577/316 273/549/309 272/547/308
f 280/577/316 281/578/317 273/549/309
f 280/577/316 288/614/324 289/616/325
f 280/577/316 289/616/325 281/578/317
f 281/570/317 274/540/310 273/539/309
f 281/570/317 282/571/318 274/540/310
f 282/571/318 275/541/311 274/540/310
f 282/571/318 283/572/319 275/541/311
f 284/573/320 269/543/305 276/542/312
f 284/573/320 277/574/313 269/543/305
f 285/610/321 278/575/314 277/574/313
f 285/610/321 286/612/322 278/575/314
f 286/612/322 279/576/315 278/575/314
f 286/612/322 287/613/323 279/576/315
f 286/612/322 294/644/330 295/645/331
f 286/612/322 295/645/331 287/613/323
f 287/613/323 280/577/316 279/576/315
f 287/613/323 288/614/324 280/577/316
f 289/606/325 282/571/318 281/570/317
f 289/606/325 290/607/326 282/571/318
f 289/606/325 297/639/333 298/640/334
f 289/606/325 298/640/334 290/607/326
f 290/607/326 283/572/319 282/571/318
f 290/607/326 291/608/327 283/572/319
f 290/607/326 298/640/334 299/641/335
f 290/607/326 299/641/335 291/608/327
f 291/608/327 284/573/320 283/572/319
f 291/608/327 292/609/328 284/573/320
f 292/609/328 277/574/313 284/573/320
f 292/609/328 285/610/321 277/574/313
f 293/643/329 286/612/322 285/610/321
f 293/643/329 294/644/330 286/612/322
f 295/645/331 288/614/324 287/613/323
f 295/645/331 296/646/332 288/614/324
f 296/646/332 289/616/325 288/614/324
f 296/646/332 297/647/333 289/616/325
f 298/640/334 306/676/342 307/678/343
f 298/640/334 307/678/343 299/641/335
f 299/641/335 292/609/328 291/608/327
f 299/641/335 300/642/336 292/609/328
f 300/642/336 285/610/321 292/609/328
f 300/642/336 293/643/329 285/610/321
f 301/682/337 294/644/330 293/643/329
f 301/682/337 302/686/338 294/644/330
f 301/9/337 309/53/269 310/54/345
f 301/9/337 310/54/345 302/14/338
f 302/686/338 295/645/331 294/644/330
f 302/686/338 303/688/339 295/645/331
f 303/688/339 296/646/332 295/645/331
f 303/688/339 304/690/340 296/646/332
f 304/18/340 312/56/347 313/57/265
f 304/18/340 313/57/265 305/22/341
f 304/690/340 297/647/333 296/646/332
f 304/690/340 305/695/341 297/647/333
f 305/674/341 298/640/334 297/639/333
f 305/674/341 306/676/342 298/640/334
f 306/3/342 314/50/348 315/51/349
f 306/3/342 315/51/349 307/5/343
f 307/678/343 300/642/336 299/641/335
f 307/678/343 308/680/344 300/642/336
f 308/680/344 293/643/329 300/642/336
f 308/680/344 301/682/337 293/643/329
f 310/54/345 303/16/339 302/14/338
f 310/54/345 311/55/346 303/16/339
f 311/55/346 304/18/340 303/16/339
f 311/55/346 312/56/347 304/18/340
f 313/49/265 306/3/342 305/1/341
f 313/49/265 314/50/348 306/3/342
f 315/51/349 308/7/344 307/5/343
f 315/51/349 316/52/350 308/7/344
f 315/51/349 323/82/355 324/83/356
f 315/51/349 324/83/356 316/52/350
f 316/52/350 301/9/337 308/7/344
f 316/52/350 309/53/269 301/9/337
f 316/52/350 317/84/277 309/53/269
f 316/52/350 324/83/356 317/84/277
f 317/84/277 310/54/345 309/53/269
f 317/84/277 318/86/351 310/54/345
f 318/86/351 311/55/346 310/54/345
f 318/86/351 319/87/352 311/55/346
f 319/87/352 312/56/347 311/55/346
f 319/87/352 320/88/353 312/56/347
f 320/88/353 313/57/265 312/56/347
f 320/88/353 321/90/273 313/57/265
f 320/88/353 328/125/359 329/126/281
f 320/88/353 329/126/281 321/90/273
f 321/80/273 314/50/348 313/49/265
f 321/80/273 322/81/354 314/50/348
f 322/81/354 315/51/349 314/50/348
f 322/81/354 323/82/355 315/51/349
f 323/82/355 331/120/361 332/121/362
f 323/82/355 332/121/362 324/83/356
f 325/122/285 318/86/351 317/84/277
f 325/122/285 326/123/357 318/86/351
f 326/123/357 319/87/352 318/86/351
f 326/123/357 327/124/358 319/87/352
f 327/124/358 320/88/353 319/87/352
f 327/124/358 328/125/359 320/88/353
f 328/125/359 336/155/365 337/157/289
f 328/125/359 337/157/289 329/126/281
f 329/118/281 322/81/354 321/80/273
f 329/118/281 330/119/360 322/81/354
f 330/119/360 323/82/355 322/81/354
f 330/119/360 331/120/361 323/82/355
f 331/120/361 339/149/367 340/150/368
f 331/120/361 340/150/368 332/121/362
f 332/121/362 317/84/277 324/83/356
f 332/121/362 325/122/285 317/84/277
f 333/151/293 326/123/357 325/122/285
f 333/151/293 334/153/363 326/123/357
f 333/151/293 341/184/301 342/187/369
f 333/151/293 342/187/369 334/153/363
f 334/153/363 327/124/358 326/123/357
f 334/153/363 335/154/364 327/124/358
f 335/154/364 328/125/359 327/124/358
f 335/154/364 336/155/365 328/125/359
f 337/147/289 330/119/360 329/118/281
f 337/147/289 338/148/366 330/119/360
f 337/147/289 345/168/297 346/174/372
f 337/147/289 346/174/372 338/148/366
f 338/148/366 331/120/361 330/119/360
f 338/148/366 339/149/367 331/120/361
f 338/148/366 346/174/372 347/176/373
f 338/148/366 347/176/373 339/149/367
f 339/149/367 347/176/373 348/178/374
f 339/149/367 348/178/374 340/150/368
f 340/150/368 325/122/285 332/121/362
f 340/150/368 333/151/293 325/122/285
f 340/150/368 341/184/301 333/151/293
f 340/150/368 348/178/374 341/184/301
f 342/187/369 335/154/364 334/153/363
f 342/187/369 343/189/370 335/154/364
f 342/187/369 350/211/375 351/212/376
f 342/187/369 351/212/376 343/189/370
f 343/189/370 336/155/365 335/154/364
f 343/189/370 344/191/371 336/155/365
f 344/191/371 337/157/289 336/155/365
f 344/191/371 345/194/297 337/157/289
f 346/174/372 354/206/378 355/207/379
f 346/174/372 355/207/379 347/176/373
f 349/209/309 342/187/369 341/184/301
f 349/209/309 350/211/375 342/187/369
f 351/212/376 344/191/371 343/189/370
f 351/212/376 352/213/377 344/191/371
f 352/213/377 345/194/297 344/191/371
f 352/213/377 353/215/305 345/194/297
f 353/205/305 346/174/372 345/168/297
f 353/205/305 354/206/378 346/174/372
f 355/207/379 348/178/374 347/176/373
f 355/207/379 356/208/380 348/178/374
f 356/208/380 341/184/301 348/178/374
f 356/208/380 349/209/309 341/184/301
f 357/240/317 350/211/375 349/209/309
f 357/240/317 358/241/381 350/211/375
f 358/241/381 351/212/376 350/211/375
f 358/241/381 359/242/382 351/212/376
f 359/242/382 352/213/377 351/212/376
f 359/242/382 360/243/383 352/213/377
f 360/243/383 353/215/305 352/213/377
f 360/243/383 361/244/313 353/215/305
f 361/236/313 354/206/378 353/205/305
f 361/236/313 362/237/384 354/206/378
f 362/237/384 355/207/379 354/206/378
f 362/237/384 363/238/385 355/207/379
f 363/238/385 356/208/380 355/207/379
f 363/238/385 364/239/386 356/208/380
f 363/238/385 371/274/391 372/275/392
f 363/238/385 372/275/392 364/239/386
f 364/239/386 349/209/309 356/208/380
f 364/239/386 357/240/317 349/209/309
f 365/276/325 358/241/381 357/240/317
f 365/276/325 366/278/387 358/241/381
f 366/278/387 359/242/382 358/241/381
f 366/278/387 367/279/388 359/242/382
f 366/278/387 374/310/393 375/311/394
f 366/278/387 375/311/394 367/279/388
f 367/279/388 360/243/383 359/242/382
f 367/279/388 368/280/389 360/243/383
f 367/279/388 375/311/394 376/312/395
f 367/279/388 376/312/395 368/280/389
f 368/280/389 361/244/313 360/243/383
f 368/280/389 369/282/321 361/244/313
f 368/280/389 376/312/395 377/313/329
f 368/280/389 377/313/329 369/282/321
f 369/272/321 362/237/384 361/236/313
f 369/272/321 370/273/390 362/237/384
f 370/273/390 363/238/385 362/237/384
f 370/273/390 371/274/391 363/238/385
f 371/274/391 379/307/397 380/308/398
f 371/274/391 380/308/398 372/275/392
f 372/275/392 357/240/317 364/239/386
f 372/275/392 365/276/325 357/240/317
f 373/309/333 366/278/387 365/276/325
f 373/309/333 374/310/393 366/278/387
f 374/310/393 382/350/399 383/352/400
f 374/310/393 383/352/400 375/311/394
f 377/305/329 370/273/390 369/272/321
f 377/305/329 378/306/396 370/273/390
f 378/306/396 371/274/391 370/273/390
f 378/306/396 379/307/397 371/274/391
f 378/306/396 386/340/402 387/342/403
f 378/306/396 387/342/403 379/307/397
f 380/308/398 365/276/325 372/275/392
f 380/308/398 373/309/333 365/276/325
f 380/308/398 381/346/341 373/309/333
f 380/308/398 388/344/404 381/346/341
f 381/346/341 229/387/265 230/388/266
f 381/346/341 230/388/266 382/350/399
f 381/346/341 374/310/393 373/309/333
f 381/346/341 382/350/399 374/310/393
f 383/352/400 231/389/267 232/390/268
f 383/352/400 232/390/268 384/354/401
f 383/352/400 376/312/395 375/311/394
f 383/352/400 384/354/401 376/312/395
f 384/354/401 377/313/329 376/312/395
f 384/354/401 385/358/337 377/313/329
f 385/338/337 378/306/396 377/305/329
f 385/338/337 386/340/402 378/306/396
f 387/342/403 380/308/398 379/307/397
f 387/342/403 388/344/404 380/308/398
g arpg_pillar_rune_high_Torus.015
v -0.305000 1.430000 0.000000
v -0.294749 1.454749 0.000000
v -0.270000 1.465000 0.000000
v -0.245251 1.454749 0.000000
v -0.235000 1.430000 0.000000
v -0.245251 1.405251 0.000000
v -0.270000 1.395000 0.000000
v -0.294749 1.405251 0.000000
v -0.290072 1.430000 0.094250
v -0.280323 1.454749 0.091082
v -0.256785 1.465000 0.083435
v -0.233248 1.454749 0.075787
v -0.223498 1.430000 0.072619
v -0.233248 1.405251 0.075787
v -0.256785 1.395000 0.083435
v -0.280323 1.405251 0.091082
v -0.246750 1.430000 0.179274
v -0.238457 1.454749 0.173249
v -0.218435 1.465000 0.158702
v -0.198412 1.454749 0.144155
v -0.190119 1.430000 0.138130
v -0.198412 1.405251 0.144155
v -0.218435 1.395000 0.158702
v -0.238457 1.405251 0.173249
v -0.179274 1.430000 0.246750
v -0.173249 1.454749 0.238457
v -0.158702 1.465000 0.218435
v -0.144155 1.454749 0.198412
v -0.138130 1.430000 0.190119
v -0.144155 1.405251 0.198412
v -0.158702 1.395000 0.218435
v -0.173249 1.405251 0.238457
v -0.094250 1.430000 0.290072
v -0.091082 1.454749 0.280323
v -0.083435 1.465000 0.256785
v -0.075787 1.454749 0.233248
v -0.072619 1.430000 0.223498
v -0.075787 1.405251 0.233248
v -0.083435 1.395000 0.256785
v -0.091082 1.405251 0.280323
v -0.000000 1.430000 0.305000
v -0.000000 1.454749 0.294749
v -0.000000 1.465000 0.270000
v -0.000000 1.454749 0.245251
v -0.000000 1.430000 0.235000
v -0.000000 1.405251 0.245251
v -0.000000 1.395000 0.270000
v -0.000000 1.405251 0.294749
v 0.094250 1.430000 0.290072
v 0.091082 1.454749 0.280323
v 0.083435 1.465000 0.256785
v 0.075787 1.454749 0.233248
v 0.072619 1.430000 0.223498
v 0.075787 1.405251 0.233248
v 0.083435 1.395000 0.256785
v 0.091082 1.405251 0.280323
v 0.179275 1.430000 0.246750
v 0.173249 1.454749 0.238457
v 0.158702 1.465000 0.218435
v 0.144155 1.454749 0.198412
v 0.138130 1.430000 0.190119
v 0.144155 1.405251 0.198412
v 0.158702 1.395000 0.218435
v 0.173249 1.405251 0.238457
v 0.246750 1.430000 0.179274
v 0.238457 1.454749 0.173249
v 0.218435 1.465000 0.158702
v 0.198412 1.454749 0.144155
v 0.190119 1.430000 0.138129
v 0.198412 1.405251 0.144155
v 0.218435 1.395000 0.158702
v 0.238457 1.405251 0.173249
v 0.290072 1.430000 0.094250
v 0.280323 1.454749 0.091082
v 0.256785 1.465000 0.083435
v 0.233248 1.454749 0.075787
v 0.223498 1.430000 0.072619
v 0.233248 1.405251 0.075787
v 0.256785 1.395000 0.083435
v 0.280323 1.405251 0.091082
v 0.305000 1.430000 0.000000
v 0.294749 1.454749 0.000000
v 0.270000 1.465000 0.000000
v 0.245251 1.454749 0.000000
v 0.235000 1.430000 0.000000
v 0.245251 1.405251 0.000000
v 0.270000 1.395000 0.000000
v 0.294749 1.405251 0.000000
v 0.290072 1.430000 -0.094250
v 0.280323 1.454749 -0.091082
v 0.256785 1.465000 -0.083434
v 0.233248 1.454749 -0.075787
v 0.223498 1.430000 -0.072619
v 0.233248 1.405251 -0.075787
v 0.256785 1.395000 -0.083434
v 0.280323 1.405251 -0.091082
v 0.246750 1.430000 -0.179274
v 0.238457 1.454749 -0.173249
v 0.218435 1.465000 -0.158702
v 0.198412 1.454749 -0.144155
v 0.190119 1.430000 -0.138129
v 0.198412 1.405251 -0.144155
v 0.218435 1.395000 -0.158702
v 0.238457 1.405251 -0.173249
v 0.179275 1.430000 -0.246750
v 0.173249 1.454749 -0.238457
v 0.158702 1.465000 -0.218435
v 0.144155 1.454749 -0.198412
v 0.138130 1.430000 -0.190119
v 0.144155 1.405251 -0.198412
v 0.158702 1.395000 -0.218435
v 0.173249 1.405251 -0.238457
v 0.094250 1.430000 -0.290072
v 0.091082 1.454749 -0.280323
v 0.083435 1.465000 -0.256785
v 0.075787 1.454749 -0.233248
v 0.072619 1.430000 -0.223498
v 0.075787 1.405251 -0.233248
v 0.083435 1.395000 -0.256785
v 0.091082 1.405251 -0.280323
v -0.000000 1.430000 -0.305000
v -0.000000 1.454749 -0.294749
v -0.000000 1.465000 -0.270000
v -0.000000 1.454749 -0.245251
v -0.000000 1.430000 -0.235000
v -0.000000 1.405251 -0.245251
v -0.000000 1.395000 -0.270000
v -0.000000 1.405251 -0.294749
v -0.094250 1.430000 -0.290072
v -0.091082 1.454749 -0.280323
v -0.083435 1.465000 -0.256785
v -0.075787 1.454749 -0.233248
v -0.072619 1.430000 -0.223498
v -0.075787 1.405251 -0.233248
v -0.083435 1.395000 -0.256785
v -0.091082 1.405251 -0.280323
v -0.179274 1.430000 -0.246750
v -0.173249 1.454749 -0.238457
v -0.158702 1.465000 -0.218435
v -0.144155 1.454749 -0.198413
v -0.138129 1.430000 -0.190119
v -0.144155 1.405251 -0.198413
v -0.158702 1.395000 -0.218435
v -0.173249 1.405251 -0.238457
v -0.246750 1.430000 -0.179275
v -0.238457 1.454749 -0.173249
v -0.218435 1.465000 -0.158702
v -0.198412 1.454749 -0.144155
v -0.190119 1.430000 -0.138130
v -0.198412 1.405251 -0.144155
v -0.218435 1.395000 -0.158702
v -0.238457 1.405251 -0.173249
v -0.290072 1.430000 -0.094250
v -0.280323 1.454749 -0.091082
v -0.256785 1.465000 -0.083435
v -0.233248 1.454749 -0.075787
v -0.223498 1.430000 -0.072619
v -0.233248 1.405251 -0.075787
v -0.256785 1.395000 -0.083435
v -0.280323 1.405251 -0.091082
vn -1.0000 -0.0000 -0.0000
vn -0.7252 0.6885 -0.0000
vn -0.0382 0.9993 -0.0000
vn 0.6870 0.7267 -0.0000
vn 1.0000 -0.0000 -0.0000
vn 0.6870 -0.7267 -0.0000
vn -0.0382 -0.9993 -0.0000
vn -0.7252 -0.6885 -0.0000
vn -0.9511 -0.0000 0.3090
vn -0.6897 0.6885 0.2241
vn -0.0363 0.9993 0.0118
vn 0.6533 0.7267 -0.2123
vn 0.9511 -0.0000 -0.3090
vn 0.6533 -0.7267 -0.2123
vn -0.0363 -0.9993 0.0118
vn -0.6897 -0.6885 0.2241
vn -0.8090 -0.0000 0.5878
vn -0.5867 0.6885 0.4263
vn -0.0309 0.9993 0.0225
vn 0.5558 0.7267 -0.4038
vn 0.8090 -0.0000 -0.5878
vn 0.5558 -0.7267 -0.4038
vn -0.0309 -0.9993 0.0225
vn -0.5867 -0.6885 0.4263
vn -0.5878 -0.0000 0.8090
vn -0.4263 0.6885 0.5867
vn -0.0225 0.9993 0.0309
vn 0.4038 0.7267 -0.5558
vn 0.5878 -0.0000 -0.8090
vn 0.4038 -0.7267 -0.5558
vn -0.0225 -0.9993 0.0309
vn -0.4263 -0.6885 0.5867
vn -0.3090 -0.0000 0.9511
vn -0.2241 0.6885 0.6897
vn -0.0118 0.9993 0.0363
vn 0.2123 0.7267 -0.6533
vn 0.3090 -0.0000 -0.9511
vn 0.2123 -0.7267 -0.6533
vn -0.0118 -0.9993 0.0363
vn -0.2241 -0.6885 0.6897
vn -0.0000 -0.0000 1.0000
vn -0.0000 0.6885 0.7252
vn -0.0000 0.9993 0.0382
vn -0.0000 0.7267 -0.6870
vn -0.0000 -0.0000 -1.0000
vn -0.0000 -0.7267 -0.6870
vn -0.0000 -0.9993 0.0382
vn -0.0000 -0.6885 0.7252
vn 0.3090 -0.0000 0.9511
vn 0.2241 0.6885 0.6897
vn 0.0118 0.9993 0.0363
vn -0.2123 0.7267 -0.6533
vn -0.3090 -0.0000 -0.9511
vn -0.2123 -0.7267 -0.6533
vn 0.0118 -0.9993 0.0364
vn 0.2241 -0.6885 0.6897
vn 0.5878 -0.0000 0.8090
vn 0.4263 0.6885 0.5867
vn 0.0225 0.9993 0.0309
vn -0.4038 0.7267 -0.5558
vn -0.5878 -0.0000 -0.8090
vn -0.4038 -0.7267 -0.5558
vn 0.0225 -0.9993 0.0309
vn 0.4263 -0.6885 0.5867
vn 0.8090 -0.0000 0.5878
vn 0.5867 0.6885 0.4263
vn 0.0309 0.9993 0.0225
vn -0.5558 0.7267 -0.4038
vn -0.8090 -0.0000 -0.5878
vn -0.5558 -0.7267 -0.4038
vn 0.0309 -0.9993 0.0225
vn 0.5867 -0.6885 0.4263
vn 0.9511 -0.0000 0.3090
vn 0.6897 0.6885 0.2241
vn 0.0363 0.9993 0.0118
vn -0.6533 0.7267 -0.2123
vn -0.9511 -0.0000 -0.3090
vn -0.6533 -0.7267 -0.2123
vn 0.0364 -0.9993 0.0118
vn 0.6897 -0.6885 0.2241
vn 0.7252 0.6885 -0.0000
vn 0.0382 0.9993 -0.0000
vn -0.6870 0.7267 -0.0000
vn -0.6870 -0.7267 -0.0000
vn 0.0382 -0.9993 -0.0000
vn 0.7252 -0.6885 -0.0000
vn 0.6897 0.6885 -0.2241
vn 0.0363 0.9993 -0.0118
vn -0.6533 0.7267 0.2123
vn -0.6533 -0.7267 0.2123
vn 0.0363 -0.9993 -0.0118
vn 0.6897 -0.6885 -0.2241
vn 0.5867 0.6885 -0.4263
vn 0.0309 0.9993 -0.0225
vn -0.5558 0.7267 0.4038
vn -0.5558 -0.7267 0.4038
vn 0.0309 -0.9993 -0.0225
vn 0.5867 -0.6885 -0.4263
vn 0.4263 0.6885 -0.5867
vn 0.0225 0.9993 -0.0309
vn -0.4038 0.7267 0.5558
vn -0.4038 -0.7267 0.5558
vn 0.0225 -0.9993 -0.0309
vn 0.4263 -0.6885 -0.5867
vn 0.2241 0.6885 -0.6897
vn 0.0118 0.9993 -0.0363
vn -0.2123 0.7267 0.6533
vn -0.2123 -0.7267 0.6533
vn 0.0118 -0.9993 -0.0363
vn 0.2241 -0.6885 -0.6897
vn -0.0000 0.6885 -0.7252
vn -0.0000 0.9993 -0.0382
vn -0.0000 0.7267 0.6870
vn -0.0000 -0.7267 0.6870
vn -0.0000 -0.9993 -0.0382
vn -0.0000 -0.6885 -0.7252
vn -0.2241 0.6885 -0.6897
vn -0.0118 0.9993 -0.0363
vn 0.2123 0.7267 0.6533
vn 0.2123 -0.7267 0.6533
vn -0.0118 -0.9993 -0.0363
vn -0.2241 -0.6885 -0.6897
vn -0.4263 0.6885 -0.5867
vn -0.0225 0.9993 -0.0309
vn 0.4038 0.7267 0.5558
vn 0.4038 -0.7267 0.5558
vn -0.0225 -0.9993 -0.0309
vn -0.4263 -0.6885 -0.5867
vn -0.5867 0.6885 -0.4263
vn -0.0309 0.9993 -0.0225
vn 0.5558 0.7267 0.4038
vn 0.5558 -0.7267 0.4038
vn -0.0309 -0.9993 -0.0225
vn -0.5867 -0.6885 -0.4263
vn -0.6897 0.6885 -0.2241
vn -0.0363 0.9993 -0.0118
vn 0.6533 0.7267 0.2123
vn 0.6533 -0.7267 0.2123
vn -0.0364 -0.9993 -0.0118
vn -0.6897 -0.6885 -0.2241
s 1
g arpg_pillar_rune_high_M_cyan
usemtl M_cyan
f 390/388/406 391/389/407 543/352/540
f 390/388/406 543/352/540 542/350/539
f 391/389/407 392/390/408 544/354/541
f 391/389/407 544/354/541 543/352/540
f 392/390/408 393/391/409 545/358/477
f 392/390/408 545/358/477 544/354/541
f 393/383/409 394/384/410 546/340/542
f 393/383/409 401/414/417 402/415/418
f 393/383/409 402/415/418 394/384/410
f 393/383/409 546/340/542 545/338/477
f 394/384/410 395/385/411 547/342/543
f 394/384/410 547/342/543 546/340/542
f 395/385/411 396/386/412 548/344/544
f 395/385/411 548/344/544 547/342/543
f 396/386/412 389/387/405 541/346/481
f 396/386/412 541/346/481 548/344/544
f 397/418/413 390/388/406 389/387/405
f 397/418/413 398/420/414 390/388/406
f 398/420/414 391/389/407 390/388/406
f 398/420/414 399/421/415 391/389/407
f 399/421/415 392/390/408 391/389/407
f 399/421/415 400/422/416 392/390/408
f 400/422/416 393/391/409 392/390/408
f 400/422/416 401/424/417 393/391/409
f 401/414/417 409/452/425 410/453/426
f 401/414/417 410/453/426 402/415/418
f 402/415/418 395/385/411 394/384/410
f 402/415/418 403/416/419 395/385/411
f 403/416/419 396/386/412 395/385/411
f 403/416/419 404/417/420 396/386/412
f 404/417/420 389/387/405 396/386/412
f 404/417/420 397/418/413 389/387/405
f 404/417/420 405/456/421 397/418/413
f 404/417/420 412/455/428 405/456/421
f 405/456/421 398/420/414 397/418/413
f 405/456/421 406/457/422 398/420/414
f 406/457/422 399/421/415 398/420/414
f 406/457/422 407/458/423 399/421/415
f 407/458/423 400/422/416 399/421/415
f 407/458/423 408/459/424 400/422/416
f 408/459/424 401/424/417 400/422/416
f 408/459/424 409/460/425 401/424/417
f 410/453/426 403/416/419 402/415/418
f 410/453/426 411/454/427 403/416/419
f 411/454/427 404/417/420 403/416/419
f 411/454/427 412/455/428 404/417/420
f 412/455/428 413/485/429 405/456/421
f 412/455/428 420/484/436 413/485/429
f 413/485/429 406/457/422 405/456/421
f 413/485/429 414/487/430 406/457/422
f 414/487/430 407/458/423 406/457/422
f 414/487/430 415/488/431 407/458/423
f 415/488/431 408/459/424 407/458/423
f 415/488/431 416/489/432 408/459/424
f 416/489/432 409/460/425 408/459/424
f 416/489/432 417/491/433 409/460/425
f 417/481/433 410/453/426 409/452/425
f 417/481/433 418/482/434 410/453/426
f 418/482/434 411/454/427 410/453/426
f 418/482/434 419/483/435 411/454/427
f 419/483/435 412/455/428 411/454/427
f 419/483/435 420/484/436 412/455/428
f 419/483/435 427/510/443 428/512/444
f 419/483/435 428/512/444 420/484/436
f 421/518/437 414/487/430 413/485/429
f 421/518/437 422/521/438 414/487/430
f 422/521/438 415/488/431 414/487/430
f 422/521/438 423/523/439 415/488/431
f 423/523/439 416/489/432 415/488/431
f 423/523/439 424/525/440 416/489/432
f 424/525/440 417/491/433 416/489/432
f 424/525/440 425/528/441 417/491/433
f 425/502/441 418/482/434 417/481/433
f 425/502/441 426/508/442 418/482/434
f 425/502/441 433/539/449 434/540/450
f 425/502/441 434/540/450 426/508/442
f 426/508/442 419/483/435 418/482/434
f 426/508/442 427/510/443 419/483/435
f 426/508/442 434/540/450 435/541/451
f 426/508/442 435/541/451 427/510/443
f 427/510/443 435/541/451 436/542/452
f 427/510/443 436/542/452 428/512/444
f 428/512/444 413/485/429 420/484/436
f 428/512/444 421/518/437 413/485/429
f 429/543/445 422/521/438 421/518/437
f 429/543/445 430/545/446 422/521/438
f 430/545/446 423/523/439 422/521/438
f 430/545/446 431/546/447 423/523/439
f 431/546/447 424/525/440 423/523/439
f 431/546/447 432/547/448 424/525/440
f 432/547/448 425/528/441 424/525/440
f 432/547/448 433/549/449 425/528/441
f 434/540/450 442/571/458 443/572/459
f 434/540/450 443/572/459 435/541/451
f 436/542/452 421/518/437 428/512/444
f 436/542/452 429/543/445 421/518/437
f 437/574/453 430/545/446 429/543/445
f 437/574/453 438/575/454 430/545/446
f 438/575/454 431/546/447 430/545/446
f 438/575/454 439/576/455 431/546/447
f 438/575/454 446/612/462 447/613/463
f 438/575/454 447/613/463 439/576/455
f 439/576/455 432/547/448 431/546/447
f 439/576/455 440/577/456 432/547/448
f 440/577/456 433/549/449 432/547/448
f 440/577/456 441/578/457 433/549/449
f 440/577/456 448/614/464 449/616/465
f 440/577/456 449/616/465 441/578/457
f 441/570/457 434/540/450 433/539/449
f 441/570/457 442/571/458 434/540/450
f 443/572/459 436/542/452 435/541/451
f 443/572/459 444/573/460 436/542/452
f 444/573/460 429/543/445 436/542/452
f 444/573/460 437/574/453 429/543/445
f 444/573/460 445/610/461 437/574/453
f 444/573/460 452/609/468 445/610/461
f 445/610/461 438/575/454 437/574/453
f 445/610/461 446/612/462 438/575/454
f 447/613/463 440/577/456 439/576/455
f 447/613/463 448/614/464 440/577/456
f 447/613/463 455/645/471 456/646/472
f 447/613/463 456/646/472 448/614/464
f 449/606/465 442/571/458 441/570/457
f 449/606/465 450/607/466 442/571/458
f 450/607/466 443/572/459 442/571/458
f 450/607/466 451/608/467 443/572/459
f 451/608/467 444/573/460 443/572/459
f 451/608/467 452/609/468 444/573/460
f 451/608/467 459/641/475 460/642/476
f 451/608/467 460/642/476 452/609/468
f 453/643/469 446/612/462 445/610/461
f 453/643/469 454/644/470 446/612/462
f 453/643/469 461/682/477 462/686/478
f 453/643/469 462/686/478 454/644/470
f 454/644/470 447/613/463 446/612/462
f 454/644/470 455/645/471 447/613/463
f 455/645/471 463/688/479 464/690/480
f 455/645/471 464/690/480 456/646/472
f 456/646/472 449/616/465 448/614/464
f 456/646/472 457/647/473 449/616/465
f 456/646/472 464/690/480 465/695/481
f 456/646/472 465/695/481 457/647/473
f 457/639/473 450/607/466 449/606/465
f 457/639/473 458/640/474 450/607/466
f 458/640/474 451/608/467 450/607/466
f 458/640/474 459/641/475 451/608/467
f 458/640/474 466/676/482 467/678/483
f 458/640/474 467/678/483 459/641/475
f 459/641/475 467/678/483 468/680/484
f 459/641/475 468/680/484 460/642/476
f 460/642/476 445/610/461 452/609/468
f 460/642/476 453/643/469 445/610/461
f 461/9/477 469/53/409 470/54/485
f 461/9/477 470/54/485 462/14/478
f 462/686/478 455/645/471 454/644/470
f 462/686/478 463/688/479 455/645/471
f 464/18/480 472/56/487 473/57/405
f 464/18/480 473/57/405 465/22/481
f 465/674/481 458/640/474 457/639/473
f 465/674/481 466/676/482 458/640/474
f 468/680/484 453/643/469 460/642/476
f 468/680/484 461/682/477 453/643/469
f 470/54/485 463/16/479 462/14/478
f 470/54/485 471/55/486 463/16/479
f 471/55/486 464/18/480 463/16/479
f 471/55/486 472/56/487 464/18/480
f 473/49/405 466/3/482 465/1/481
f 473/49/405 474/50/488 466/3/482
f 474/50/488 467/5/483 466/3/482
f 474/50/488 475/51/489 467/5/483
f 475/51/489 468/7/484 467/5/483
f 475/51/489 476/52/490 468/7/484
f 475/51/489 483/82/495 484/83/496
f 475/51/489 484/83/496 476/52/490
f 476/52/490 461/9/477 468/7/484
f 476/52/490 469/53/409 461/9/477
f 477/84/417 470/54/485 469/53/409
f 477/84/417 478/86/491 470/54/485
f 478/86/491 471/55/486 470/54/485
f 478/86/491 479/87/492 471/55/486
f 479/87/492 472/56/487 471/55/486
f 479/87/492 480/88/493 472/56/487
f 480/88/493 473/57/405 472/56/487
f 480/88/493 481/90/413 473/57/405
f 481/80/413 474/50/488 473/49/405
f 481/80/413 482/81/494 474/50/488
f 481/80/413 489/118/421 490/119/500
f 481/80/413 490/119/500 482/81/494
f 482/81/494 475/51/489 474/50/488
f 482/81/494 483/82/495 475/51/489
f 483/82/495 491/120/501 492/121/502
f 483/82/495 492/121/502 484/83/496
f 484/83/496 469/53/409 476/52/490
f 484/83/496 477/84/417 469/53/409
f 484/83/496 485/122/425 477/84/417
f 484/83/496 492/121/502 485/122/425
f 485/122/425 478/86/491 477/84/417
f 485/122/425 486/123/497 478/86/491
f 486/123/497 479/87/492 478/86/491
f 486/123/497 487/124/498 479/87/492
f 486/123/497 494/153/503 495/154/504
f 486/123/497 495/154/504 487/124/498
f 487/124/498 480/88/493 479/87/492
f 487/124/498 488/125/499 480/88/493
f 487/124/498 495/154/504 496/155/505
f 487/124/498 496/155/505 488/125/499
f 488/125/499 481/90/413 480/88/493
f 488/125/499 489/126/421 481/90/413
f 490/119/500 483/82/495 482/81/494
f 490/119/500 491/120/501 483/82/495
f 493/151/433 486/123/497 485/122/425
f 493/151/433 494/153/503 486/123/497
f 493/151/433 501/184/441 502/187/509
f 493/151/433 502/187/509 494/153/503
f 496/155/505 489/126/421 488/125/499
f 496/155/505 497/157/429 489/126/421
f 497/147/429 490/119/500 489/118/421
f 497/147/429 498/148/506 490/119/500
f 498/148/506 491/120/501 490/119/500
f 498/148/506 499/149/507 491/120/501
f 499/149/507 492/121/502 491/120/501
f 499/149/507 500/150/508 492/121/502
f 499/149/507 507/176/513 508/178/514
f 499/149/507 508/178/514 500/150/508
f 500/150/508 485/122/425 492/121/502
f 500/150/508 493/151/433 485/122/425
f 502/187/509 495/154/504 494/153/503
f 502/187/509 503/189/510 495/154/504
f 503/189/510 496/155/505 495/154/504
f 503/189/510 504/191/511 496/155/505
f 504/191/511 497/157/429 496/155/505
f 504/191/511 505/194/437 497/157/429
f 505/168/437 498/148/506 497/147/429
f 505/168/437 506/174/512 498/148/506
f 505/168/437 513/205/445 514/206/518
f 505/168/437 514/206/518 506/174/512
f 506/174/512 499/149/507 498/148/506
f 506/174/512 507/176/513 499/149/507
f 508/178/514 493/151/433 500/150/508
f 508/178/514 501/184/441 493/151/433
f 509/209/449 502/187/509 501/184/441
f 509/209/449 510/211/515 502/187/509
f 510/211/515 503/189/510 502/187/509
f 510/211/515 511/212/516 503/189/510
f 510/211/515 518/241/521 519/242/522
f 510/211/515 519/242/522 511/212/516
f 511/212/516 504/191/511 503/189/510
f 511/212/516 512/213/517 504/191/511
f 512/213/517 505/194/437 504/191/511
f 512/213/517 513/215/445 505/194/437
f 514/206/518 507/176/513 506/174/512
f 514/206/518 515/207/519 507/176/513
f 514/206/518 522/237/524 523/238/525
f 514/206/518 523/238/525 515/207/519
f 515/207/519 508/178/514 507/176/513
f 515/207/519 516/208/520 508/178/514
f 516/208/520 501/184/441 508/178/514
f 516/208/520 509/209/449 501/184/441
f 517/240/457 510/211/515 509/209/449
f 517/240/457 518/241/521 510/211/515
f 519/242/522 512/213/517 511/212/516
f 519/242/522 520/243/523 512/213/517
f 520/243/523 513/215/445 512/213/517
f 520/243/523 521/244/453 513/215/445
f 521/236/453 514/206/518 513/205/445
f 521/236/453 522/237/524 514/206/518
f 521/236/453 529/272/461 530/273/530
f 521/236/453 530/273/530 522/237/524
f 522/237/524 530/273/530 531/274/531
f 522/237/524 531/274/531 523/238/525
f 523/238/525 516/208/520 515/207/519
f 523/238/525 524/239/526 516/208/520
f 524/239/526 509/209/449 516/208/520
f 524/239/526 517/240/457 509/209/449
f 525/276/465 518/241/521 517/240/457
f 525/276/465 526/278/527 518/241/521
f 525/276/465 533/309/473 534/310/533
f 525/276/465 534/310/533 526/278/527
f 526/278/527 519/242/522 518/241/521
f 526/278/527 527/279/528 519/242/522
f 527/279/528 520/243/523 519/242/522
f 527/279/528 528/280/529 520/243/523
f 527/279/528 535/311/534 536/312/535
f 527/279/528 536/312/535 528/280/529
f 528/280/529 521/244/453 520/243/523
f 528/280/529 529/282/461 521/244/453
f 531/274/531 524/239/526 523/238/525
f 531/274/531 532/275/532 524/239/526
f 532/275/532 517/240/457 524/239/526
f 532/275/532 525/276/465 517/240/457
f 534/310/533 527/279/528 526/278/527
f 534/310/533 535/311/534 527/279/528
f 536/312/535 529/282/461 528/280/529
f 536/312/535 537/313/469 529/282/461
f 537/305/469 530/273/530 529/272/461
f 537/305/469 538/306/536 530/273/530
f 538/306/536 531/274/531 530/273/530
f 538/306/536 539/307/537 531/274/531
f 538/306/536 546/340/542 547/342/543
f 538/306/536 547/342/543 539/307/537
f 539/307/537 532/275/532 531/274/531
f 539/307/537 540/308/538 532/275/532
f 540/308/538 525/276/465 532/275/532
f 540/308/538 533/309/473 525/276/465
f 540/308/538 541/346/481 533/309/473
f 540/308/538 548/344/544 541/346/481
f 541/346/481 389/387/405 390/388/406
f 541/346/481 390/388/406 542/350/539
f 541/346/481 534/310/533 533/309/473
f 541/346/481 542/350/539 534/310/533
f 542/350/539 535/311/534 534/310/533
f 542/350/539 543/352/540 535/311/534
f 543/352/540 536/312/535 535/311/534
f 543/352/540 544/354/541 536/312/535
f 544/354/541 537/313/469 536/312/535
f 544/354/541 545/358/477 537/313/469
f 545/338/477 538/306/536 537/305/469
f 545/338/477 546/340/542 538/306/536
f 547/342/543 540/308/538 539/307/537
f 547/342/543 548/344/544 540/308/538
g arpg_pillar_crown_Cone.020
v 0.000000 1.780000 0.440000
v 0.000000 2.100000 0.240000
v -0.311127 1.780000 0.311127
v -0.169706 2.100000 0.169706
v -0.440000 1.780000 0.000000
v -0.240000 2.100000 0.000000
v -0.311127 1.780000 -0.311127
v -0.169706 2.100000 -0.169706
v 0.000000 1.780000 -0.440000
v 0.000000 2.100000 -0.240000
v 0.311127 1.780000 -0.311127
v 0.169706 2.100000 -0.169706
v 0.440000 1.780000 0.000000
v 0.240000 2.100000 0.000000
v 0.311127 1.780000 0.311127
v 0.169706 2.100000 0.169706
vn -0.3314 0.5000 0.8001
vn -0.8001 0.5000 0.3314
vn -0.8001 0.5000 -0.3314
vn -0.3314 0.5000 -0.8001
vn 0.3314 0.5000 -0.8001
vn 0.8001 0.5000 -0.3314
vn -0.0000 1.0000 -0.0000
vn 0.8001 0.5000 0.3314
vn 0.3314 0.5000 0.8001
vn -0.0000 -1.0000 -0.0000
s 0
g arpg_pillar_crown_M_gunmetal
usemtl M_gunmetal
f 550/183/551 564/68/551 562/30/551
f 550/695/545 551/587/545 549/682/545
f 550/695/545 552/592/545 551/587/545
f 551/587/546 552/592/546 554/528/546
f 551/587/546 554/528/546 553/518/546
f 551/629/554 553/666/554 555/628/554
f 554/332/551 550/183/551 562/30/551
f 554/332/551 552/295/551 550/183/551
f 554/528/547 555/442/547 553/518/547
f 554/528/547 556/447/547 555/442/547
f 555/442/548 556/447/548 558/358/548
f 555/442/548 558/358/548 557/346/548
f 555/628/554 557/503/554 559/401/554
f 555/628/554 559/401/554 563/402/554
f 558/169/551 556/294/551 554/332/551
f 558/358/549 559/253/549 557/346/549
f 558/358/549 560/258/549 559/253/549
f 559/253/550 560/258/550 562/194/550
f 559/253/550 562/194/550 561/184/550
f 559/401/554 561/364/554 563/402/554
f 562/194/552 563/108/552 561/184/552
f 562/194/552 564/113/552 563/108/552
f 562/30/551 558/169/551 554/332/551
f 562/30/551 560/67/551 558/169/551
f 563/108/553 550/22/553 549/9/553
f 563/108/553 564/113/553 550/22/553
f 563/402/554 549/517/554 551/629/554
f 563/402/554 551/629/554 555/628/554
g arpg_pillar_orb_Sphere.018
v 0.000000 2.400000 0.000000
v 0.000000 2.317557 0.161803
v 0.000000 2.200000 0.200000
v 0.000000 2.138197 0.190211
v 0.000000 2.082443 0.161803
v 0.000000 2.009789 0.061803
v 0.000000 2.000000 0.000000
v -0.023651 2.390211 0.057099
v -0.044987 2.361804 0.108609
v -0.061919 2.317557 0.149487
v -0.072791 2.261803 0.175732
v -0.076537 2.200000 0.184776
v -0.072791 2.138197 0.175732
v -0.061919 2.082443 0.149487
v -0.044987 2.038197 0.108609
v -0.023651 2.009789 0.057099
v -0.043702 2.390211 0.043702
v -0.083125 2.361804 0.083125
v -0.114412 2.317557 0.114412
v -0.134500 2.261803 0.134500
v -0.141421 2.200000 0.141421
v -0.134500 2.138197 0.134500
v -0.114412 2.082443 0.114412
v -0.083125 2.038197 0.083125
v -0.043702 2.009789 0.043702
v -0.057099 2.390211 0.023651
v -0.108609 2.361804 0.044987
v -0.149487 2.317557 0.061919
v -0.175732 2.261803 0.072791
v -0.184776 2.200000 0.076537
v -0.175732 2.138197 0.072791
v -0.149487 2.082443 0.061919
v -0.108609 2.038197 0.044987
v -0.057099 2.009789 0.023651
v -0.061803 2.390211 -0.000000
v -0.117557 2.361804 -0.000000
v -0.161803 2.317557 -0.000000
v -0.190211 2.261803 -0.000000
v -0.200000 2.200000 -0.000000
v -0.190211 2.138197 -0.000000
v -0.161803 2.082443 -0.000000
v -0.117557 2.038197 -0.000000
v -0.061803 2.009789 -0.000000
v -0.057099 2.390211 -0.023651
v -0.108609 2.361804 -0.044987
v -0.149487 2.317557 -0.061920
v -0.175732 2.261803 -0.072791
v -0.184776 2.200000 -0.076537
v -0.175732 2.138197 -0.072791
v -0.149487 2.082443 -0.061920
v -0.108609 2.038197 -0.044987
v -0.057099 2.009789 -0.023651
v -0.043702 2.390211 -0.043702
v -0.083125 2.361804 -0.083125
v -0.114412 2.317557 -0.114412
v -0.134500 2.261803 -0.134500
v -0.141421 2.200000 -0.141421
v -0.134500 2.138197 -0.134500
v -0.114412 2.082443 -0.114412
v -0.083125 2.038197 -0.083125
v -0.043702 2.009789 -0.043702
v -0.023651 2.390211 -0.057099
v -0.044987 2.361804 -0.108609
v -0.061919 2.317557 -0.149487
v -0.072791 2.261803 -0.175732
v -0.076537 2.200000 -0.184776
v -0.072791 2.138197 -0.175732
v -0.061919 2.082443 -0.149487
v -0.044987 2.038197 -0.108609
v -0.023651 2.009789 -0.057099
v 0.000000 2.390211 -0.061803
v 0.000000 2.361804 -0.117557
v 0.000000 2.317557 -0.161803
v 0.000000 2.261803 -0.190211
v 0.000000 2.200000 -0.200000
v 0.000000 2.138197 -0.190211
v 0.000000 2.082443 -0.161803
v 0.000000 2.038197 -0.117557
v 0.000000 2.009789 -0.061803
v 0.023651 2.390211 -0.057099
v 0.044987 2.361804 -0.108609
v 0.061920 2.317557 -0.149487
v 0.072791 2.261803 -0.175732
v 0.076537 2.200000 -0.184776
v 0.072791 2.138197 -0.175732
v 0.061920 2.082443 -0.149487
v 0.044987 2.038197 -0.108609
v 0.023651 2.009789 -0.057099
v 0.043702 2.390211 -0.043702
v 0.083125 2.361804 -0.083125
v 0.114412 2.317557 -0.114412
v 0.134500 2.261803 -0.134500
v 0.141421 2.200000 -0.141421
v 0.134500 2.138197 -0.134500
v 0.114412 2.082443 -0.114412
v 0.083125 2.038197 -0.083125
v 0.043702 2.009789 -0.043702
v 0.057099 2.390211 -0.023651
v 0.108609 2.361804 -0.044987
v 0.149487 2.317557 -0.061919
v 0.175732 2.261803 -0.072791
v 0.184776 2.200000 -0.076537
v 0.175732 2.138197 -0.072791
v 0.149487 2.082443 -0.061919
v 0.108609 2.038197 -0.044987
v 0.057099 2.009789 -0.023651
v 0.061803 2.390211 0.000000
v 0.117557 2.361804 0.000000
v 0.161803 2.317557 0.000000
v 0.190211 2.261803 0.000000
v 0.200000 2.200000 0.000000
v 0.190211 2.138197 0.000000
v 0.161803 2.082443 0.000000
v 0.117557 2.038197 0.000000
v 0.061803 2.009789 0.000000
v 0.057099 2.390211 0.023651
v 0.108609 2.361804 0.044987
v 0.149487 2.317557 0.061920
v 0.175732 2.261803 0.072791
v 0.184776 2.200000 0.076537
v 0.175732 2.138197 0.072791
v 0.149487 2.082443 0.061920
v 0.108609 2.038197 0.044987
v 0.057099 2.009789 0.023651
v 0.043702 2.390211 0.043702
v 0.083125 2.361804 0.083125
v 0.114412 2.317557 0.114412
v 0.134500 2.261803 0.134500
v 0.141421 2.200000 0.141421
v 0.134500 2.138197 0.134500
v 0.114412 2.082443 0.114412
v 0.083125 2.038197 0.083125
v 0.043702 2.009789 0.043702
v 0.023651 2.390211 0.057099
v 0.044987 2.361804 0.108609
v 0.061919 2.317557 0.149487
v 0.072791 2.261803 0.175732
v 0.076537 2.200000 0.184776
v 0.072791 2.138197 0.175732
v 0.061919 2.082443 0.149487
v 0.044987 2.038197 0.108609
v 0.023651 2.009789 0.057099
v -0.000000 2.390211 0.061803
v -0.000000 2.361804 0.117557
v -0.000000 2.261803 0.190211
v -0.000000 2.038197 0.117557
vn -0.0000 1.0000 -0.0000
vn -0.0000 0.5787 0.8155
vn -0.0000 -0.0000 1.0000
vn -0.0000 -0.3035 0.9528
vn -0.0000 -0.5787 0.8155
vn -0.0000 -0.9452 0.3265
vn -0.0000 -1.0000 -0.0000
vn -0.1249 0.9452 0.3016
vn -0.2297 0.7998 0.5546
vn -0.3121 0.5787 0.7535
vn -0.3646 0.3035 0.8803
vn -0.3827 -0.0000 0.9239
vn -0.3646 -0.3035 0.8803
vn -0.3121 -0.5787 0.7535
vn -0.2297 -0.7998 0.5546
vn -0.1249 -0.9452 0.3016
vn -0.2309 0.9452 0.2309
vn -0.4245 0.7998 0.4245
vn -0.5767 0.5787 0.5767
vn -0.6738 0.3035 0.6738
vn -0.7071 -0.0000 0.7071
vn -0.6738 -0.3035 0.6738
vn -0.5767 -0.5787 0.5767
vn -0.4245 -0.7998 0.4245
vn -0.2309 -0.9452 0.2309
vn -0.3016 0.9452 0.1249
vn -0.5546 0.7998 0.2297
vn -0.7535 0.5787 0.3121
vn -0.8803 0.3034 0.3646
vn -0.9239 -0.0000 0.3827
vn -0.8803 -0.3034 0.3646
vn -0.7535 -0.5787 0.3121
vn -0.5546 -0.7998 0.2297
vn -0.3016 -0.9452 0.1249
vn -0.3265 0.9452 -0.0000
vn -0.6003 0.7998 -0.0000
vn -0.8155 0.5787 -0.0000
vn -0.9528 0.3035 -0.0000
vn -1.0000 -0.0000 -0.0000
vn -0.9528 -0.3035 -0.0000
vn -0.8155 -0.5787 -0.0000
vn -0.6003 -0.7998 -0.0000
vn -0.3265 -0.9452 -0.0000
vn -0.3016 0.9452 -0.1249
vn -0.5546 0.7998 -0.2297
vn -0.7535 0.5787 -0.3121
vn -0.8803 0.3035 -0.3646
vn -0.9239 -0.0000 -0.3827
vn -0.8803 -0.3035 -0.3646
vn -0.7535 -0.5787 -0.3121
vn -0.5546 -0.7998 -0.2297
vn -0.3016 -0.9452 -0.1249
vn -0.2309 0.9452 -0.2309
vn -0.4245 0.7998 -0.4245
vn -0.5767 0.5787 -0.5767
vn -0.6738 0.3035 -0.6738
vn -0.7071 -0.0000 -0.7071
vn -0.6738 -0.3035 -0.6738
vn -0.5767 -0.5787 -0.5767
vn -0.4245 -0.7998 -0.4245
vn -0.2309 -0.9452 -0.2309
vn -0.1249 0.9452 -0.3016
vn -0.2297 0.7998 -0.5546
vn -0.3121 0.5787 -0.7535
vn -0.3646 0.3035 -0.8803
vn -0.3827 -0.0000 -0.9239
vn -0.3646 -0.3034 -0.8803
vn -0.3121 -0.5787 -0.7535
vn -0.2297 -0.7998 -0.5546
vn -0.1249 -0.9452 -0.3016
vn -0.0000 0.9452 -0.3265
vn -0.0000 0.7998 -0.6003
vn -0.0000 0.5787 -0.8155
vn -0.0000 0.3035 -0.9528
vn -0.0000 -0.0000 -1.0000
vn -0.0000 -0.3035 -0.9528
vn -0.0000 -0.5787 -0.8155
vn -0.0000 -0.7998 -0.6003
vn -0.0000 -0.9452 -0.3265
vn 0.1249 0.9452 -0.3016
vn 0.2297 0.7998 -0.5546
vn 0.3121 0.5787 -0.7535
vn 0.3646 0.3035 -0.8803
vn 0.3827 -0.0000 -0.9239
vn 0.3646 -0.3035 -0.8803
vn 0.3121 -0.5787 -0.7535
vn 0.2297 -0.7998 -0.5546
vn 0.1249 -0.9452 -0.3016
vn 0.2309 0.9452 -0.2309
vn 0.4245 0.7998 -0.4245
vn 0.5767 0.5787 -0.5767
vn 0.6738 0.3035 -0.6738
vn 0.7071 -0.0000 -0.7071
vn 0.6738 -0.3035 -0.6738
vn 0.5767 -0.5787 -0.5767
vn 0.4245 -0.7998 -0.4245
vn 0.2309 -0.9452 -0.2309
vn 0.3016 0.9452 -0.1249
vn 0.5546 0.7998 -0.2297
vn 0.7535 0.5787 -0.3121
vn 0.8803 0.3035 -0.3646
vn 0.9239 -0.0000 -0.3827
vn 0.8803 -0.3035 -0.3646
vn 0.7535 -0.5787 -0.3121
vn 0.5546 -0.7998 -0.2297
vn 0.3016 -0.9452 -0.1249
vn 0.3265 0.9452 -0.0000
vn 0.6003 0.7998 -0.0000
vn 0.8155 0.5787 -0.0000
vn 0.9528 0.3035 -0.0000
vn 1.0000 -0.0000 -0.0000
vn 0.9528 -0.3034 -0.0000
vn 0.8155 -0.5787 -0.0000
vn 0.6003 -0.7998 -0.0000
vn 0.3265 -0.9452 -0.0000
vn 0.3016 0.9452 0.1249
vn 0.5546 0.7998 0.2297
vn 0.7535 0.5787 0.3121
vn 0.8803 0.3035 0.3646
vn 0.9239 -0.0000 0.3827
vn 0.8803 -0.3035 0.3646
vn 0.7535 -0.5787 0.3121
vn 0.5546 -0.7998 0.2297
vn 0.3016 -0.9452 0.1249
vn 0.2309 0.9452 0.2309
vn 0.4245 0.7998 0.4245
vn 0.5767 0.5787 0.5767
vn 0.6738 0.3035 0.6738
vn 0.7071 -0.0000 0.7071
vn 0.6738 -0.3035 0.6738
vn 0.5767 -0.5787 0.5767
vn 0.4245 -0.7998 0.4245
vn 0.2309 -0.9452 0.2309
vn 0.1249 0.9452 0.3016
vn 0.2297 0.7998 0.5546
vn 0.3121 0.5787 0.7535
vn 0.3646 0.3035 0.8803
vn 0.3827 -0.0000 0.9239
vn 0.3646 -0.3035 0.8803
vn 0.3121 -0.5787 0.7535
vn 0.2297 -0.7998 0.5546
vn 0.1249 -0.9452 0.3016
vn -0.0000 0.9452 0.3265
vn -0.0000 0.7998 0.6003
vn -0.0000 0.3035 0.9528
vn -0.0000 -0.7998 0.6003
s 1
g arpg_pillar_orb_M_purple
usemtl M_purple
f 567/518/557 576/471/566 577/470/567
f 567/518/557 577/470/567 568/513/558
f 568/513/558 577/470/567 578/469/568
f 568/513/558 578/469/568 569/511/559
f 571/127/561 652/133/642 661/104/651
f 571/163/561 643/173/633 652/133/642
f 571/198/561 634/221/624 643/173/633
f 571/234/561 625/249/615 634/221/624
f 571/288/561 616/296/606 625/249/615
f 571/320/561 607/339/597 616/296/606
f 571/375/561 598/392/588 607/339/597
f 571/407/561 589/438/579 598/392/588
f 571/41/561 670/58/660 679/2/669
f 571/461/561 580/467/570 589/438/579
f 571/497/561 570/507/560 580/467/570
f 571/532/561 706/555/696 570/507/560
f 571/568/561 697/583/687 706/555/696
f 571/622/561 688/630/678 697/583/687
f 571/654/561 679/675/669 688/630/678
f 571/73/561 661/104/651 670/58/660
f 572/475/562 565/462/555 581/446/571
f 572/475/562 581/446/571 582/445/572
f 572/475/562 582/445/572 573/474/563
f 573/474/563 582/445/572 583/444/573
f 573/474/563 583/444/573 574/473/564
f 574/473/564 583/444/573 584/443/574
f 574/473/564 584/443/574 575/472/565
f 575/472/565 584/443/574 585/442/575
f 575/472/565 585/442/575 576/471/566
f 576/471/566 585/442/575 586/441/576
f 576/471/566 586/441/576 577/470/567
f 578/469/568 577/470/567 586/441/576
f 578/469/568 586/441/576 587/440/577
f 578/469/568 587/440/577 588/439/578
f 578/469/568 588/439/578 579/468/569
f 580/467/570 579/468/569 588/439/578
f 580/467/570 588/439/578 589/438/579
f 581/446/571 565/408/555 590/400/580
f 581/446/571 590/400/580 591/399/581
f 581/446/571 591/399/581 582/445/572
f 582/445/572 591/399/581 592/398/582
f 582/445/572 592/398/582 583/444/573
f 584/443/574 583/444/573 592/398/582
f 584/443/574 592/398/582 593/397/583
f 585/442/575 584/443/574 593/397/583
f 585/442/575 593/397/583 594/396/584
f 585/442/575 594/396/584 595/395/585
f 585/442/575 595/395/585 586/441/576
f 586/441/576 595/395/585 596/394/586
f 586/441/576 596/394/586 587/440/577
f 587/440/577 596/394/586 597/393/587
f 587/440/577 597/393/587 588/439/578
f 589/438/579 588/439/578 597/393/587
f 589/438/579 597/393/587 598/392/588
f 590/400/580 565/376/555 599/355/589
f 590/400/580 599/355/589 600/353/590
f 590/400/580 600/353/590 591/399/581
f 592/398/582 591/399/581 600/353/590
f 592/398/582 600/353/590 601/351/591
f 592/398/582 601/351/591 602/349/592
f 592/398/582 602/349/592 593/397/583
f 593/397/583 602/349/592 603/346/593
f 593/397/583 603/346/593 594/396/584
f 595/395/585 594/396/584 603/346/593
f 595/395/585 603/346/593 604/345/594
f 595/395/585 604/345/594 605/343/595
f 595/395/585 605/343/595 596/394/586
f 596/394/586 605/343/595 606/341/596
f 596/394/586 606/341/596 597/393/587
f 597/393/587 606/341/596 607/339/597
f 597/393/587 607/339/597 598/392/588
f 599/355/589 565/321/555 608/304/598
f 599/355/589 608/304/598 609/303/599
f 599/355/589 609/303/599 600/353/590
f 600/353/590 609/303/599 610/302/600
f 600/353/590 610/302/600 601/351/591
f 602/349/592 601/351/591 610/302/600
f 602/349/592 610/302/600 611/301/601
f 602/349/592 611/301/601 612/300/602
f 602/349/592 612/300/602 603/346/593
f 603/346/593 612/300/602 613/299/603
f 603/346/593 613/299/603 604/345/594
f 605/343/595 604/345/594 613/299/603
f 605/343/595 613/299/603 614/298/604
f 605/343/595 614/298/604 615/297/605
f 605/343/595 615/297/605 606/341/596
f 606/341/596 615/297/605 616/296/606
f 606/341/596 616/296/606 607/339/597
f 608/304/598 565/289/555 617/257/607
f 608/304/598 617/257/607 618/256/608
f 608/304/598 618/256/608 609/303/599
f 609/303/599 618/256/608 619/255/609
f 609/303/599 619/255/609 610/302/600
f 610/302/600 619/255/609 620/254/610
f 610/302/600 620/254/610 611/301/601
f 611/301/601 620/254/610 621/253/611
f 611/301/601 621/253/611 612/300/602
f 612/300/602 621/253/611 622/252/612
f 612/300/602 622/252/612 613/299/603
f 613/299/603 622/252/612 623/251/613
f 613/299/603 623/251/613 614/298/604
f 614/298/604 623/251/613 624/250/614
f 614/298/604 624/250/614 615/297/605
f 615/297/605 624/250/614 625/249/615
f 615/297/605 625/249/615 616/296/606
f 617/257/607 565/235/555 626/229/616
f 617/257/607 626/229/616 627/228/617
f 617/257/607 627/228/617 618/256/608
f 618/256/608 627/228/617 628/227/618
f 618/256/608 628/227/618 619/255/609
f 619/255/609 628/227/618 629/226/619
f 619/255/609 629/226/619 620/254/610
f 620/254/610 629/226/619 630/225/620
f 620/254/610 630/225/620 621/253/611
f 621/253/611 630/225/620 631/224/621
f 621/253/611 631/224/621 622/252/612
f 623/251/613 622/252/612 631/224/621
f 623/251/613 631/224/621 632/223/622
f 623/251/613 632/223/622 633/222/623
f 623/251/613 633/222/623 624/250/614
f 624/250/614 633/222/623 634/221/624
f 624/250/614 634/221/624 625/249/615
f 626/229/616 565/199/555 635/192/625
f 627/228/617 626/229/616 635/192/625
f 627/228/617 635/192/625 636/190/626
f 627/228/617 636/190/626 637/188/627
f 627/228/617 637/188/627 628/227/618
f 628/227/618 637/188/627 638/186/628
f 628/227/618 638/186/628 629/226/619
f 629/226/619 638/186/628 639/184/629
f 629/226/619 639/184/629 630/225/620
f 631/224/621 630/225/620 639/184/629
f 631/224/621 639/184/629 640/179/630
f 632/223/622 631/224/621 640/179/630
f 632/223/622 640/179/630 641/177/631
f 632/223/622 641/177/631 642/175/632
f 632/223/622 642/175/632 633/222/623
f 634/221/624 633/222/623 642/175/632
f 634/221/624 642/175/632 643/173/633
f 635/192/625 565/164/555 644/141/634
f 635/192/625 644/141/634 645/140/635
f 635/192/625 645/140/635 636/190/626
f 636/190/626 645/140/635 646/139/636
f 636/190/626 646/139/636 637/188/627
f 637/188/627 646/139/636 647/138/637
f 637/188/627 647/138/637 638/186/628
f 638/186/628 647/138/637 648/137/638
f 638/186/628 648/137/638 639/184/629
f 640/179/630 639/184/629 648/137/638
f 640/179/630 648/137/638 649/136/639
f 640/179/630 649/136/639 650/135/640
f 640/179/630 650/135/640 641/177/631
f 641/177/631 650/135/640 651/134/641
f 641/177/631 651/134/641 642/175/632
f 642/175/632 651/134/641 652/133/642
f 642/175/632 652/133/642 643/173/633
f 644/141/634 565/128/555 653/112/643
f 644/141/634 653/112/643 654/111/644
f 644/141/634 654/111/644 645/140/635
f 645/140/635 654/111/644 655/110/645
f 645/140/635 655/110/645 646/139/636
f 646/139/636 655/110/645 656/109/646
f 646/139/636 656/109/646 647/138/637
f 647/138/637 656/109/646 657/108/647
f 647/138/637 657/108/647 648/137/638
f 649/136/639 648/137/638 657/108/647
f 649/136/639 657/108/647 658/107/648
f 649/136/639 658/107/648 659/106/649
f 649/136/639 659/106/649 650/135/640
f 650/135/640 659/106/649 660/105/650
f 650/135/640 660/105/650 651/134/641
f 651/134/641 660/105/650 661/104/651
f 651/134/641 661/104/651 652/133/642
f 653/112/643 565/74/555 662/66/652
f 654/111/644 653/112/643 662/66/652
f 654/111/644 662/66/652 663/65/653
f 654/111/644 663/65/653 664/64/654
f 654/111/644 664/64/654 655/110/645
f 656/109/646 655/110/645 664/64/654
f 656/109/646 664/64/654 665/63/655
f 656/109/646 665/63/655 666/62/656
f 656/109/646 666/62/656 657/108/647
f 658/107/648 657/108/647 666/62/656
f 658/107/648 666/62/656 667/61/657
f 658/107/648 667/61/657 668/60/658
f 658/107/648 668/60/658 659/106/649
f 659/106/649 668/60/658 669/59/659
f 659/106/649 669/59/659 660/105/650
f 660/105/650 669/59/659 670/58/660
f 660/105/650 670/58/660 661/104/651
f 662/66/652 565/42/555 671/19/661
f 662/66/652 671/19/661 672/17/662
f 662/66/652 672/17/662 663/65/653
f 663/65/653 672/17/662 673/15/663
f 663/65/653 673/15/663 664/64/654
f 665/63/655 664/64/654 673/15/663
f 665/63/655 673/15/663 674/13/664
f 665/63/655 674/13/664 675/9/665
f 665/63/655 675/9/665 666/62/656
f 666/62/656 675/9/665 676/8/666
f 666/62/656 676/8/666 667/61/657
f 667/61/657 676/8/666 677/6/667
f 667/61/657 677/6/667 668/60/658
f 668/60/658 677/6/667 678/4/668
f 668/60/658 678/4/668 669/59/659
f 669/59/659 678/4/668 679/2/669
f 669/59/659 679/2/669 670/58/660
f 671/691/661 565/655/555 680/638/670
f 672/689/662 671/691/661 680/638/670
f 672/689/662 680/638/670 681/637/671
f 672/689/662 681/637/671 682/636/672
f 672/689/662 682/636/672 673/687/663
f 674/685/664 673/687/663 682/636/672
f 674/685/664 682/636/672 683/635/673
f 674/685/664 683/635/673 684/634/674
f 674/685/664 684/634/674 675/682/665
f 676/681/666 675/682/665 684/634/674
f 676/681/666 684/634/674 685/633/675
f 677/679/667 676/681/666 685/633/675
f 677/679/667 685/633/675 686/632/676
f 677/679/667 686/632/676 687/631/677
f 677/679/667 687/631/677 678/677/668
f 678/677/668 687/631/677 688/630/678
f 678/677/668 688/630/678 679/675/669
f 680/638/670 565/623/555 689/591/679
f 680/638/670 689/591/679 690/590/680
f 680/638/670 690/590/680 681/637/671
f 681/637/671 690/590/680 691/589/681
f 681/637/671 691/589/681 682/636/672
f 683/635/673 682/636/672 691/589/681
f 683/635/673 691/589/681 692/588/682
f 683/635/673 692/588/682 693/587/683
f 683/635/673 693/587/683 684/634/674
f 685/633/675 684/634/674 693/587/683
f 685/633/675 693/587/683 694/586/684
f 685/633/675 694/586/684 695/585/685
f 685/633/675 695/585/685 686/632/676
f 686/632/676 695/585/685 696/584/686
f 686/632/676 696/584/686 687/631/677
f 687/631/677 696/584/686 697/583/687
f 687/631/677 697/583/687 688/630/678
f 689/591/679 565/569/555 698/563/688
f 689/591/679 698/563/688 699/562/689
f 689/591/679 699/562/689 690/590/680
f 691/589/681 690/590/680 699/562/689
f 691/589/681 699/562/689 700/561/690
f 692/588/682 691/589/681 700/561/690
f 692/588/682 700/561/690 701/560/691
f 692/588/682 701/560/691 702/559/692
f 692/588/682 702/559/692 693/587/683
f 694/586/684 693/587/683 702/559/692
f 694/586/684 702/559/692 703/558/693
f 694/586/684 703/558/693 704/557/694
f 694/586/684 704/557/694 695/585/685
f 695/585/685 704/557/694 705/556/695
f 695/585/685 705/556/695 696/584/686
f 696/584/686 705/556/695 706/555/696
f 696/584/686 706/555/696 697/583/687
f 698/563/688 565/533/555 707/526/697
f 699/562/689 566/522/556 700/561/690
f 699/562/689 698/563/688 707/526/697
f 699/562/689 707/526/697 708/524/698
f 699/562/689 708/524/698 566/522/556
f 701/560/691 566/522/556 709/520/699
f 701/560/691 567/518/557 702/559/692
f 701/560/691 700/561/690 566/522/556
f 701/560/691 709/520/699 567/518/557
f 703/558/693 567/518/557 568/513/558
f 703/558/693 568/513/558 569/511/559
f 703/558/693 569/511/559 704/557/694
f 703/558/693 702/559/692 567/518/557
f 704/557/694 569/511/559 710/509/700
f 704/557/694 710/509/700 705/556/695
f 705/556/695 570/507/560 706/555/696
f 705/556/695 710/509/700 570/507/560
f 707/526/697 565/498/555 572/475/562
f 708/524/698 572/475/562 573/474/563
f 708/524/698 573/474/563 574/473/564
f 708/524/698 574/473/564 566/522/556
f 708/524/698 707/526/697 572/475/562
f 709/520/699 566/522/556 574/473/564
f 709/520/699 574/473/564 575/472/565
f 709/520/699 575/472/565 576/471/566
f 709/520/699 576/471/566 567/518/557
f 710/509/700 569/511/559 578/469/568
f 710/509/700 578/469/568 579/468/569
f 710/509/700 579/468/569 580/467/570
f 710/509/700 580/467/570 570/507/560
g arpg_pillar_spike_0_Cone.021
v -0.350000 1.890000 0.075000
v -0.414952 1.890000 0.037500
v -0.414952 1.890000 -0.037500
v -0.350000 1.890000 -0.075000
v -0.285048 1.890000 -0.037500
v -0.285048 1.890000 0.037500
v -0.350000 2.230000 0.000000
vn -0.4911 0.1876 0.8506
vn -0.9822 0.1876 -0.0000
vn -0.4911 0.1876 -0.8506
vn 0.4911 0.1876 -0.8506
vn -0.0000 -1.0000 -0.0000
vn 0.9822 0.1876 -0.0000
vn 0.4911 0.1876 0.8506
s 0
g arpg_pillar_spike_0_M_steel
usemtl M_steel
f 711/183/701 717/176/701 712/319/701
f 712/319/702 717/176/702 713/318/702
f 712/653/705 713/652/705 714/503/705
f 712/653/705 714/503/705 716/378/705
f 713/318/703 717/176/703 714/169/703
f 714/169/704 717/176/704 715/43/704
f 714/503/705 715/377/705 716/378/705
f 715/43/706 717/176/706 716/44/706
f 716/378/705 711/517/705 712/653/705
f 716/44/707 717/176/707 711/183/707
g arpg_pillar_spike_1_Cone.022
v -0.000000 1.890000 0.425000
v -0.064952 1.890000 0.387500
v -0.064952 1.890000 0.312500
v -0.000000 1.890000 0.275000
v 0.064952 1.890000 0.312500
v 0.064952 1.890000 0.387500
v -0.000000 2.230000 0.350000
vn -0.4911 0.1876 0.8506
vn -0.9822 0.1876 -0.0000
vn -0.4911 0.1876 -0.8506
vn 0.4911 0.1876 -0.8506
vn -0.0000 -1.0000 -0.0000
vn 0.9822 0.1876 -0.0000
vn 0.4911 0.1876 0.8506
s 0
g arpg_pillar_spike_1_M_steel
usemtl M_steel
f 718/183/708 724/176/708 719/319/708
f 719/319/709 724/176/709 720/318/709
f 719/653/712 720/652/712 721/503/712
f 719/653/712 721/503/712 723/378/712
f 720/318/710 724/176/710 721/169/710
f 721/169/711 724/176/711 722/43/711
f 721/503/712 722/377/712 723/378/712
f 722/43/713 724/176/713 723/44/713
f 723/378/712 718/517/712 719/653/712
f 723/44/714 724/176/714 718/183/714
g arpg_pillar_spike_2_Cone.023
v 0.350000 1.890000 0.075000
v 0.285048 1.890000 0.037500
v 0.285048 1.890000 -0.037500
v 0.350000 1.890000 -0.075000
v 0.414952 1.890000 -0.037500
v 0.414952 1.890000 0.037500
v 0.350000 2.230000 0.000000
vn -0.4911 0.1876 0.8506
vn -0.9822 0.1876 -0.0000
vn -0.4911 0.1876 -0.8506
vn 0.4911 0.1876 -0.8506
vn -0.0000 -1.0000 -0.0000
vn 0.9822 0.1876 -0.0000
vn 0.4911 0.1876 0.8506
s 0
g arpg_pillar_spike_2_M_steel
usemtl M_steel
f 725/183/715 731/176/715 726/319/715
f 726/319/716 731/176/716 727/318/716
f 726/653/719 727/652/719 728/503/719
f 726/653/719 728/503/719 730/378/719
f 727/318/717 731/176/717 728/169/717
f 728/169/718 731/176/718 729/43/718
f 728/503/719 729/377/719 730/378/719
f 729/43/720 731/176/720 730/44/720
f 730/378/719 725/517/719 726/653/719
f 730/44/721 731/176/721 725/183/721
g arpg_pillar_spike_3_Cone.024
v 0.000000 1.890000 -0.275000
v -0.064952 1.890000 -0.312500
v -0.064952 1.890000 -0.387500
v 0.000000 1.890000 -0.425000
v 0.064952 1.890000 -0.387500
v 0.064952 1.890000 -0.312500
v 0.000000 2.230000 -0.350000
vn -0.4911 0.1876 0.8506
vn -0.9822 0.1876 -0.0000
vn -0.4911 0.1876 -0.8506
vn 0.4911 0.1876 -0.8506
vn -0.0000 -1.0000 -0.0000
vn 0.9822 0.1876 -0.0000
vn 0.4911 0.1876 0.8506
s 0
g arpg_pillar_spike_3_M_steel
usemtl M_steel
f 732/183/722 738/176/722 733/319/722
f 733/319/723 738/176/723 734/318/723
f 733/653/726 734/652/726 735/503/726
f 733/653/726 735/503/726 737/378/726
f 734/318/724 738/176/724 735/169/724
f 735/169/725 738/176/725 736/43/725
f 735/503/726 736/377/726 737/378/726
f 736/43/727 738/176/727 737/44/727
f 737/378/726 732/517/726 733/653/726
f 737/44/728 738/176/728 732/183/728
