# Blender 5.2.0 LTS
# www.blender.org
mtllib runner.mtl
g runner_torso_Cube.060
v 0.198600 0.380000 -0.073600
v 0.198600 0.421400 -0.115000
v 0.240000 0.421400 -0.073600
v 0.198600 0.392126 -0.102874
v 0.222502 0.397498 -0.097502
v 0.227874 0.421400 -0.102874
v 0.227874 0.392126 -0.073600
v 0.198600 0.698600 -0.115000
v 0.198600 0.740000 -0.073600
v 0.240000 0.698600 -0.073600
v 0.198600 0.727874 -0.102874
v 0.222502 0.722502 -0.097502
v 0.227874 0.727874 -0.073600
v 0.227874 0.698600 -0.102874
v 0.198600 0.380000 0.073600
v 0.240000 0.421400 0.073600
v 0.198600 0.421400 0.115000
v 0.227874 0.392126 0.073600
v 0.222502 0.397498 0.097502
v 0.227874 0.421400 0.102874
v 0.198600 0.392126 0.102874
v 0.198600 0.740000 0.073600
v 0.198600 0.698600 0.115000
v 0.240000 0.698600 0.073600
v 0.198600 0.727874 0.102874
v 0.222502 0.722502 0.097502
v 0.227874 0.698600 0.102874
v 0.227874 0.727874 0.073600
v -0.198600 0.380000 -0.073600
v -0.240000 0.421400 -0.073600
v -0.198600 0.421400 -0.115000
v -0.227874 0.392126 -0.073600
v -0.222502 0.397498 -0.097502
v -0.227874 0.421400 -0.102874
v -0.198600 0.392126 -0.102874
v -0.198600 0.740000 -0.073600
v -0.198600 0.698600 -0.115000
v -0.240000 0.698600 -0.073600
v -0.198600 0.727874 -0.102874
v -0.222502 0.722502 -0.097502
v -0.227874 0.698600 -0.102874
v -0.227874 0.727874 -0.073600
v -0.198600 0.380000 0.073600
v -0.198600 0.421400 0.115000
v -0.240000 0.421400 0.073600
v -0.198600 0.392126 0.102874
v -0.222502 0.397498 0.097502
v -0.227874 0.421400 0.102874
v -0.227874 0.392126 0.073600
v -0.198600 0.740000 0.073600
v -0.240000 0.698600 0.073600
v -0.198600 0.698600 0.115000
v -0.227874 0.727874 0.073600
v -0.222502 0.722502 0.097502
v -0.227874 0.698600 0.102874
v -0.198600 0.727874 0.102874
vn 0.3672 -0.8865 -0.2817
vn 0.2817 -0.3672 -0.8865
vn 0.8865 -0.2817 -0.3672
vn 0.3672 0.2817 -0.8865
vn 0.2817 0.8865 -0.3672
vn 0.8865 0.3672 -0.2817
vn 0.2817 -0.8865 0.3672
vn 0.8865 -0.3672 0.2817
vn 0.3672 -0.2817 0.8865
vn 0.3672 0.8865 0.2817
vn 0.2817 0.3672 0.8865
vn 0.8865 0.2817 0.3672
vn -0.2817 -0.8865 -0.3672
vn -0.8865 -0.3672 -0.2817
vn -0.3672 -0.2817 -0.8865
vn -0.3672 0.8865 -0.2817
vn -0.2817 0.3672 -0.8865
vn -0.8865 0.2817 -0.3672
vn -0.3672 -0.8865 0.2817
vn -0.2817 -0.3672 0.8865
vn -0.8865 -0.2817 0.3672
vn -0.2817 0.8865 0.3672
vn -0.8865 0.3672 0.2817
vn -0.3672 0.2817 0.8865
vn 0.3827 -0.9239 -0.0000
vn 0.9239 -0.3827 -0.0000
vn 0.3827 -0.0000 -0.9239
vn 0.9239 -0.0000 -0.3827
vn 0.3827 0.9239 -0.0000
vn 0.9239 0.3827 -0.0000
vn 0.3827 -0.0000 0.9239
vn 0.9239 -0.0000 0.3827
vn -0.0000 -0.9239 0.3827
vn -0.0000 -0.3827 0.9239
vn -0.0000 0.9239 0.3827
vn -0.0000 0.3827 0.9239
vn -0.9239 -0.0000 0.3827
vn -0.3827 -0.0000 0.9239
vn -0.3827 -0.9239 -0.0000
vn -0.9239 -0.3827 -0.0000
vn -0.3827 0.9239 -0.0000
vn -0.9239 0.3827 -0.0000
vn -0.3827 -0.0000 -0.9239
vn -0.9239 -0.0000 -0.3827
vn -0.0000 -0.9239 -0.3827
vn -0.0000 -0.3827 -0.9239
vn -0.0000 0.9239 -0.3827
vn -0.0000 0.3827 -0.9239
vn -0.0000 -1.0000 -0.0000
vn 1.0000 -0.0000 -0.0000
vn -0.0000 -0.0000 -1.0000
vn -0.0000 1.0000 -0.0000
vn -0.0000 -0.0000 1.0000
vn -1.0000 -0.0000 -0.0000
vn 0.2817 -0.8865 -0.3672
vn 0.3672 -0.2817 -0.8865
vn 0.8865 -0.3672 -0.2817
vn 0.2817 0.3672 -0.8865
vn 0.3672 0.8865 -0.2817
vn 0.8865 0.2817 -0.3672
vn 0.3672 -0.8865 0.2817
vn 0.8865 -0.2817 0.3672
vn 0.2817 -0.3672 0.8865
vn 0.2817 0.8865 0.3672
vn 0.3672 0.2817 0.8865
vn 0.8865 0.3672 0.2817
vn -0.3672 -0.8865 -0.2817
vn -0.8865 -0.2817 -0.3672
vn -0.2817 -0.3672 -0.8865
vn -0.2817 0.8865 -0.3672
vn -0.3672 0.2817 -0.8865
vn -0.8865 0.3672 -0.2817
vn -0.2817 -0.8865 0.3672
vn -0.3672 -0.2817 0.8865
vn -0.8865 -0.3672 0.2817
vn -0.3672 0.8865 0.2817
vn -0.8865 0.2817 0.3672
vn -0.2817 0.3672 0.8865
vt 0.00000 0.10000
vt 0.00000 0.20000
vt 0.00000 0.30000
vt 0.00000 0.40000
vt 0.00000 0.50000
vt 0.00000 0.50606
vt 0.00000 0.50743
vt 0.00000 0.51434
vt 0.00000 0.51758
vt 0.00000 0.60000
vt 0.00000 0.70000
vt 0.00000 0.80000
vt 0.00000 0.90000
vt 0.00000 0.98242
vt 0.00000 0.98566
vt 0.00237 1.00000
vt 0.01608 0.50000
vt 0.01608 1.00000
vt 0.02175 0.17935
vt 0.02175 0.19968
vt 0.02175 0.30032
vt 0.02381 0.32701
vt 0.02427 0.51434
vt 0.02427 0.51758
vt 0.02427 0.98242
vt 0.02427 0.98566
vt 0.03125 0.00000
vt 0.03125 1.00000
vt 0.03576 0.15654
vt 0.03576 0.34346
vt 0.05775 0.18753
vt 0.05775 0.31247
vt 0.06250 0.10000
vt 0.06250 0.20000
vt 0.06250 0.30000
vt 0.06250 0.40000
vt 0.06250 0.50000
vt 0.06250 0.60000
vt 0.06250 0.70000
vt 0.06250 0.80000
vt 0.06250 0.90000
vt 0.07573 0.51434
vt 0.07573 0.51758
vt 0.07573 0.98242
vt 0.07573 0.98566
vt 0.08392 0.50000
vt 0.08392 1.00000
vt 0.09375 0.00000
vt 0.09375 1.00000
vt 0.09491 0.07513
vt 0.09491 0.42487
vt 0.09881 0.50303
vt 0.09881 0.50372
vt 0.10000 0.51434
vt 0.10000 0.51758
vt 0.10000 0.98242
vt 0.10000 0.98566
vt 0.10119 0.99628
vt 0.10119 0.99697
vt 0.10686 0.05868
vt 0.11228 0.44525
vt 0.11608 0.50000
vt 0.11608 1.00000
vt 0.12427 0.51434
vt 0.12427 0.51758
vt 0.12427 0.98242
vt 0.12427 0.98566
vt 0.12500 0.10000
vt 0.12500 0.20000
vt 0.12500 0.30000
vt 0.12500 0.40000
vt 0.12500 0.50000
vt 0.12500 0.50571
vt 0.12500 0.50865
vt 0.12500 0.51189
vt 0.12500 0.51350
vt 0.12500 0.51902
vt 0.12500 0.52046
vt 0.12500 0.52812
vt 0.12500 0.54500
vt 0.12500 0.60000
vt 0.12500 0.70000
vt 0.12500 0.70500
vt 0.12500 0.72188
vt 0.12500 0.72954
vt 0.12500 0.73650
vt 0.12500 0.80000
vt 0.12500 0.90000
vt 0.12805 0.75000
vt 0.12948 0.75000
vt 0.13118 0.08646
vt 0.13118 0.41354
vt 0.13161 0.04847
vt 0.13161 0.45153
vt 0.13221 0.50000
vt 0.13221 0.51350
vt 0.13221 0.73650
vt 0.13221 0.75000
vt 0.13292 0.75000
vt 0.13411 0.75000
vt 0.13559 0.50000
vt 0.13559 0.54500
vt 0.13559 0.70500
vt 0.13559 0.75000
vt 0.13689 0.75000
vt 0.14375 0.50000
vt 0.14375 0.52812
vt 0.14375 0.72188
vt 0.14375 0.75000
vt 0.14656 0.50000
vt 0.14656 0.54500
vt 0.14656 0.70500
vt 0.14656 0.75000
vt 0.15313 0.50000
vt 0.15313 0.52046
vt 0.15313 0.72954
vt 0.15313 0.75000
vt 0.15625 0.00000
vt 0.15625 1.00000
vt 0.17573 0.51434
vt 0.17573 0.51758
vt 0.17573 0.98242
vt 0.17573 0.98566
vt 0.18392 0.50000
vt 0.18392 1.00000
vt 0.18750 0.10000
vt 0.18750 0.20000
vt 0.18750 0.30000
vt 0.18750 0.40000
vt 0.18750 0.50000
vt 0.18750 0.60000
vt 0.18750 0.70000
vt 0.18750 0.80000
vt 0.18750 0.90000
vt 0.19881 0.50303
vt 0.19881 0.50372
vt 0.20000 0.51434
vt 0.20000 0.51758
vt 0.20000 0.98242
vt 0.20000 0.98566
vt 0.20119 0.99628
vt 0.20119 0.99697
vt 0.21608 0.50000
vt 0.21608 1.00000
vt 0.21875 0.00000
vt 0.21875 1.00000
vt 0.22427 0.51434
vt 0.22427 0.51758
vt 0.22427 0.98242
vt 0.22427 0.98566
vt 0.22732 0.01737
vt 0.22732 0.48263
vt 0.24666 0.01109
vt 0.25000 0.04785
vt 0.25000 0.10000
vt 0.25000 0.20000
vt 0.25000 0.30000
vt 0.25000 0.40000
vt 0.25000 0.45215
vt 0.25000 0.50000
vt 0.25000 0.60000
vt 0.25000 0.70000
vt 0.25000 0.80000
vt 0.25000 0.90000
vt 0.25334 0.48891
vt 0.27268 0.01737
vt 0.27268 0.48263
vt 0.27573 0.51434
vt 0.27573 0.51758
vt 0.27573 0.98242
vt 0.27573 0.98566
vt 0.28125 0.00000
vt 0.28125 1.00000
vt 0.28392 0.50000
vt 0.28392 1.00000
vt 0.29881 0.50303
vt 0.29881 0.50372
vt 0.30000 0.51434
vt 0.30000 0.51758
vt 0.30000 0.98242
vt 0.30000 0.98566
vt 0.30119 0.99628
vt 0.30119 0.99697
vt 0.31250 0.10000
vt 0.31250 0.20000
vt 0.31250 0.30000
vt 0.31250 0.40000
vt 0.31250 0.50000
vt 0.31250 0.60000
vt 0.31250 0.70000
vt 0.31250 0.80000
vt 0.31250 0.90000
vt 0.31608 0.50000
vt 0.31608 1.00000
vt 0.32427 0.51434
vt 0.32427 0.51758
vt 0.32427 0.98242
vt 0.32427 0.98566
vt 0.34375 0.00000
vt 0.34375 1.00000
vt 0.34687 0.52046
vt 0.34687 0.72954
vt 0.35344 0.54500
vt 0.35344 0.70500
vt 0.35625 0.52812
vt 0.35625 0.72188
vt 0.36094 0.48594
vt 0.36094 0.76406
vt 0.36422 0.48922
vt 0.36422 0.76078
vt 0.36441 0.54500
vt 0.36441 0.70500
vt 0.36562 0.49062
vt 0.36562 0.75938
vt 0.36779 0.51350
vt 0.36779 0.73650
vt 0.36839 0.04847
vt 0.36839 0.45153
vt 0.36882 0.08646
vt 0.36882 0.41354
vt 0.36971 0.49471
vt 0.36971 0.75529
vt 0.37139 0.49639
vt 0.37139 0.75361
vt 0.37500 0.00571
vt 0.37500 0.00864
vt 0.37500 0.01189
vt 0.37500 0.01350
vt 0.37500 0.01902
vt 0.37500 0.02046
vt 0.37500 0.02813
vt 0.37500 0.04500
vt 0.37500 0.10000
vt 0.37500 0.20000
vt 0.37500 0.20500
vt 0.37500 0.22187
vt 0.37500 0.22954
vt 0.37500 0.23650
vt 0.37500 0.25721
vt 0.37500 0.26059
vt 0.37500 0.26875
vt 0.37500 0.27156
vt 0.37500 0.27813
vt 0.37500 0.30000
vt 0.37500 0.40000
vt 0.37500 0.50000
vt 0.37500 0.51350
vt 0.37500 0.52046
vt 0.37500 0.52812
vt 0.37500 0.54500
vt 0.37500 0.60000
vt 0.37500 0.70000
vt 0.37500 0.70500
vt 0.37500 0.72188
vt 0.37500 0.72954
vt 0.37500 0.73650
vt 0.37500 0.80000
vt 0.37500 0.90000
vt 0.37500 0.97188
vt 0.37500 0.97844
vt 0.37500 0.98125
vt 0.37500 0.98941
vt 0.37500 0.99279
vt 0.37573 0.51434
vt 0.37573 0.51758
vt 0.37573 0.98242
vt 0.37573 0.98566
vt 0.37601 0.50634
vt 0.37738 0.50288
vt 0.37870 0.50396
vt 0.37905 0.74670
vt 0.37985 0.50634
vt 0.38032 0.50190
vt 0.38108 0.25456
vt 0.38134 0.74515
vt 0.38134 0.74868
vt 0.38134 0.74911
vt 0.38134 0.75108
vt 0.38392 0.50000
vt 0.38392 1.00000
vt 0.38451 0.25152
vt 0.38451 0.25224
vt 0.38451 0.25396
vt 0.38451 0.25594
vt 0.38715 1.00000
vt 0.38772 0.05475
vt 0.39314 0.44132
vt 0.39402 1.00000
vt 0.39881 0.50303
vt 0.39881 0.50372
vt 0.40000 0.51434
vt 0.40000 0.51758
vt 0.40000 0.98242
vt 0.40000 0.98566
vt 0.40119 0.99628
vt 0.40119 0.99697
vt 0.40375 0.00000
vt 0.40375 0.04500
vt 0.40375 0.20500
vt 0.40375 0.25000
vt 0.40375 0.27156
vt 0.40375 0.47844
vt 0.40375 0.50000
vt 0.40375 0.54500
vt 0.40375 0.70500
vt 0.40375 0.75000
vt 0.40375 0.77156
vt 0.40375 0.97844
vt 0.40375 1.00000
vt 0.40509 0.07513
vt 0.40509 0.42487
vt 0.40625 0.00000
vt 0.40625 1.00000
vt 0.41608 0.50000
vt 0.41608 1.00000
vt 0.42000 0.00000
vt 0.42000 0.01350
vt 0.42000 0.02046
vt 0.42000 0.02813
vt 0.42000 0.04500
vt 0.42000 0.20500
vt 0.42000 0.22187
vt 0.42000 0.22954
vt 0.42000 0.23650
vt 0.42000 0.25000
vt 0.42000 0.25721
vt 0.42000 0.26059
vt 0.42000 0.26875
vt 0.42000 0.27813
vt 0.42000 0.47187
vt 0.42000 0.48125
vt 0.42000 0.48941
vt 0.42000 0.49279
vt 0.42000 0.50000
vt 0.42000 0.51350
vt 0.42000 0.52046
vt 0.42000 0.52812
vt 0.42000 0.54500
vt 0.42000 0.70500
vt 0.42000 0.72188
vt 0.42000 0.72954
vt 0.42000 0.73650
vt 0.42000 0.75000
vt 0.42000 0.75721
vt 0.42000 0.76059
vt 0.42000 0.76875
vt 0.42000 0.77812
vt 0.42000 0.97188
vt 0.42000 0.98125
vt 0.42000 0.98941
vt 0.42000 0.99279
vt 0.42000 1.00000
vt 0.42427 0.51434
vt 0.42427 0.51758
vt 0.42427 0.98242
vt 0.42427 0.98566
vt 0.43750 0.10000
vt 0.43750 0.20000
vt 0.43750 0.30000
vt 0.43750 0.40000
vt 0.43750 0.50000
vt 0.43750 0.60000
vt 0.43750 0.70000
vt 0.43750 0.80000
vt 0.43750 0.90000
vt 0.44225 0.18753
vt 0.44225 0.31247
vt 0.46424 0.15654
vt 0.46424 0.34346
vt 0.46875 0.00000
vt 0.46875 1.00000
vt 0.47573 0.51434
vt 0.47573 0.51758
vt 0.47573 0.98242
vt 0.47573 0.98566
vt 0.47619 0.17299
vt 0.47825 0.19968
vt 0.47825 0.19969
vt 0.47825 0.30032
vt 0.47825 0.32065
vt 0.48392 0.50000
vt 0.48392 1.00000
vt 0.49881 0.50303
vt 0.49881 0.50372
vt 0.50000 0.10000
vt 0.50000 0.20000
vt 0.50000 0.30000
vt 0.50000 0.40000
vt 0.50000 0.50000
vt 0.50000 0.51434
vt 0.50000 0.51758
vt 0.50000 0.60000
vt 0.50000 0.70000
vt 0.50000 0.80000
vt 0.50000 0.90000
vt 0.50000 0.98242
vt 0.50000 0.98566
vt 0.50119 0.99628
vt 0.50119 0.99697
vt 0.51608 0.50000
vt 0.51608 1.00000
vt 0.52175 0.19968
vt 0.52175 0.19969
vt 0.52175 0.30032
vt 0.52175 0.32065
vt 0.52381 0.17299
vt 0.52427 0.51434
vt 0.52427 0.51758
vt 0.52427 0.98242
vt 0.52427 0.98566
vt 0.53125 0.00000
vt 0.53125 1.00000
vt 0.53576 0.15654
vt 0.53576 0.34346
vt 0.55775 0.18753
vt 0.55775 0.31247
vt 0.56250 0.10000
vt 0.56250 0.20000
vt 0.56250 0.30000
vt 0.56250 0.40000
vt 0.56250 0.50000
vt 0.56250 0.60000
vt 0.56250 0.70000
vt 0.56250 0.80000
vt 0.56250 0.90000
vt 0.57573 0.51434
vt 0.57573 0.51758
vt 0.57573 0.98242
vt 0.57573 0.98566
vt 0.58000 0.00000
vt 0.58000 0.01350
vt 0.58000 0.02046
vt 0.58000 0.02813
vt 0.58000 0.04500
vt 0.58000 0.20500
vt 0.58000 0.22187
vt 0.58000 0.22954
vt 0.58000 0.23650
vt 0.58000 0.25000
vt 0.58000 0.25721
vt 0.58000 0.26059
vt 0.58000 0.26875
vt 0.58000 0.27813
vt 0.58000 0.47187
vt 0.58000 0.48125
vt 0.58000 0.48941
vt 0.58000 0.49279
vt 0.58000 0.50000
vt 0.58000 0.51350
vt 0.58000 0.52046
vt 0.58000 0.52812
vt 0.58000 0.54500
vt 0.58000 0.70500
vt 0.58000 0.72188
vt 0.58000 0.72954
vt 0.58000 0.73650
vt 0.58000 0.75000
vt 0.58000 0.75721
vt 0.58000 0.76059
vt 0.58000 0.76875
vt 0.58000 0.77812
vt 0.58000 0.97188
vt 0.58000 0.98125
vt 0.58000 0.98941
vt 0.58000 0.99279
vt 0.58000 1.00000
vt 0.58392 0.50000
vt 0.58392 1.00000
vt 0.59375 0.00000
vt 0.59375 1.00000
vt 0.59491 0.07513
vt 0.59491 0.42487
vt 0.59625 0.00000
vt 0.59625 0.04500
vt 0.59625 0.20500
vt 0.59625 0.25000
vt 0.59625 0.27156
vt 0.59625 0.47844
vt 0.59625 0.50000
vt 0.59625 0.54500
vt 0.59625 0.70500
vt 0.59625 0.75000
vt 0.59625 0.77156
vt 0.59625 0.97844
vt 0.59625 1.00000
vt 0.59881 0.50303
vt 0.59881 0.50372
vt 0.60000 0.51434
vt 0.60000 0.51758
vt 0.60000 0.98242
vt 0.60000 0.98566
vt 0.60119 0.99628
vt 0.60119 0.99697
vt 0.60598 0.00000
vt 0.60686 0.44132
vt 0.61228 0.05475
vt 0.61285 0.00000
vt 0.61549 0.24049
vt 0.61549 0.24406
vt 0.61549 0.24568
vt 0.61549 0.24715
vt 0.61608 0.50000
vt 0.61608 1.00000
vt 0.61866 0.49892
vt 0.61866 0.50089
vt 0.61866 0.50132
vt 0.61866 0.50485
vt 0.61892 0.24049
vt 0.61968 0.74810
vt 0.62015 0.74366
vt 0.62095 0.50330
vt 0.62130 0.74604
vt 0.62262 0.74712
vt 0.62399 0.74366
vt 0.62427 0.51434
vt 0.62427 0.51758
vt 0.62427 0.98242
vt 0.62427 0.98566
vt 0.62500 0.01350
vt 0.62500 0.02046
vt 0.62500 0.02813
vt 0.62500 0.04500
vt 0.62500 0.10000
vt 0.62500 0.20000
vt 0.62500 0.20500
vt 0.62500 0.22187
vt 0.62500 0.22954
vt 0.62500 0.23650
vt 0.62500 0.25721
vt 0.62500 0.26059
vt 0.62500 0.26875
vt 0.62500 0.27156
vt 0.62500 0.27813
vt 0.62500 0.30000
vt 0.62500 0.40000
vt 0.62500 0.50000
vt 0.62500 0.51350
vt 0.62500 0.52046
vt 0.62500 0.52812
vt 0.62500 0.54500
vt 0.62500 0.60000
vt 0.62500 0.70000
vt 0.62500 0.70500
vt 0.62500 0.72188
vt 0.62500 0.72954
vt 0.62500 0.73650
vt 0.62500 0.80000
vt 0.62500 0.90000
vt 0.62500 0.97188
vt 0.62500 0.97844
vt 0.62500 0.98125
vt 0.62500 0.98811
vt 0.62500 0.98941
vt 0.62500 0.99089
vt 0.62500 0.99208
vt 0.62500 0.99279
vt 0.62500 0.99552
vt 0.62500 0.99695
vt 0.62861 0.49639
vt 0.62861 0.75361
vt 0.63029 0.49471
vt 0.63029 0.75529
vt 0.63118 0.08646
vt 0.63118 0.41354
vt 0.63161 0.04847
vt 0.63161 0.45153
vt 0.63221 0.51350
vt 0.63221 0.73650
vt 0.63438 0.49062
vt 0.63438 0.75938
vt 0.63559 0.54500
vt 0.63559 0.70500
vt 0.63578 0.48922
vt 0.63578 0.76078
vt 0.63906 0.48594
vt 0.63906 0.76406
vt 0.64375 0.52812
vt 0.64375 0.72188
vt 0.64656 0.54500
vt 0.64656 0.70500
vt 0.65312 0.52046
vt 0.65312 0.72954
vt 0.65625 0.00000
vt 0.65625 1.00000
vt 0.67573 0.51434
vt 0.67573 0.51758
vt 0.67573 0.98242
vt 0.67573 0.98566
vt 0.68392 0.50000
vt 0.68392 1.00000
vt 0.68750 0.10000
vt 0.68750 0.20000
vt 0.68750 0.30000
vt 0.68750 0.40000
vt 0.68750 0.50000
vt 0.68750 0.60000
vt 0.68750 0.70000
vt 0.68750 0.80000
vt 0.68750 0.90000
vt 0.69881 0.50303
vt 0.69881 0.50372
vt 0.70000 0.51434
vt 0.70000 0.51758
vt 0.70000 0.98242
vt 0.70000 0.98566
vt 0.70119 0.99628
vt 0.70119 0.99697
vt 0.71608 0.50000
vt 0.71608 1.00000
vt 0.71875 0.00000
vt 0.71875 1.00000
vt 0.72427 0.51434
vt 0.72427 0.51758
vt 0.72427 0.98242
vt 0.72427 0.98566
vt 0.72732 0.01737
vt 0.72732 0.48263
vt 0.74665 0.48891
vt 0.75000 0.04785
vt 0.75000 0.10000
vt 0.75000 0.20000
vt 0.75000 0.30000
vt 0.75000 0.40000
vt 0.75000 0.45215
vt 0.75000 0.50000
vt 0.75000 0.60000
vt 0.75000 0.70000
vt 0.75000 0.80000
vt 0.75000 0.90000
vt 0.75335 0.01109
vt 0.77268 0.01737
vt 0.77268 0.48263
vt 0.77573 0.51434
vt 0.77573 0.51758
vt 0.77573 0.98242
vt 0.77573 0.98566
vt 0.78125 0.00000
vt 0.78125 1.00000
vt 0.78392 0.50000
vt 0.78392 1.00000
vt 0.79881 0.50303
vt 0.79881 0.50372
vt 0.80000 0.51434
vt 0.80000 0.51758
vt 0.80000 0.98242
vt 0.80000 0.98566
vt 0.80119 0.99628
vt 0.80119 0.99697
vt 0.81250 0.10000
vt 0.81250 0.20000
vt 0.81250 0.30000
vt 0.81250 0.40000
vt 0.81250 0.50000
vt 0.81250 0.60000
vt 0.81250 0.70000
vt 0.81250 0.80000
vt 0.81250 0.90000
vt 0.81608 0.50000
vt 0.81608 1.00000
vt 0.82427 0.51434
vt 0.82427 0.51758
vt 0.82427 0.98242
vt 0.82427 0.98566
vt 0.84375 0.00000
vt 0.84375 1.00000
vt 0.84688 0.50000
vt 0.84688 0.52046
vt 0.84688 0.72954
vt 0.84688 0.75000
vt 0.85344 0.50000
vt 0.85344 0.54500
vt 0.85344 0.70500
vt 0.85344 0.75000
vt 0.85625 0.50000
vt 0.85625 0.52812
vt 0.85625 0.72188
vt 0.85625 0.75000
vt 0.86311 0.50000
vt 0.86441 0.50000
vt 0.86441 0.54500
vt 0.86441 0.70500
vt 0.86441 0.75000
vt 0.86589 0.50000
vt 0.86708 0.50000
vt 0.86779 0.50000
vt 0.86779 0.51350
vt 0.86779 0.73650
vt 0.86779 0.75000
vt 0.86839 0.04847
vt 0.86839 0.45153
vt 0.86882 0.08646
vt 0.86882 0.41354
vt 0.87052 0.50000
vt 0.87195 0.50000
vt 0.87500 0.10000
vt 0.87500 0.20000
vt 0.87500 0.30000
vt 0.87500 0.40000
vt 0.87500 0.50000
vt 0.87500 0.51350
vt 0.87500 0.52046
vt 0.87500 0.52812
vt 0.87500 0.54500
vt 0.87500 0.60000
vt 0.87500 0.70000
vt 0.87500 0.70500
vt 0.87500 0.72188
vt 0.87500 0.72954
vt 0.87500 0.73098
vt 0.87500 0.73650
vt 0.87500 0.73811
vt 0.87500 0.74135
vt 0.87500 0.74429
vt 0.87500 0.80000
vt 0.87500 0.90000
vt 0.87573 0.51434
vt 0.87573 0.51758
vt 0.87573 0.98242
vt 0.87573 0.98566
vt 0.88392 0.50000
vt 0.88392 1.00000
vt 0.88772 0.44525
vt 0.89314 0.05868
vt 0.89881 0.50303
vt 0.89881 0.50372
vt 0.90000 0.51434
vt 0.90000 0.51758
vt 0.90000 0.98242
vt 0.90000 0.98566
vt 0.90119 0.99628
vt 0.90119 0.99697
vt 0.90509 0.07513
vt 0.90509 0.42487
vt 0.90625 0.00000
vt 0.90625 1.00000
vt 0.91608 0.50000
vt 0.91608 1.00000
vt 0.92427 0.51434
vt 0.92427 0.51758
vt 0.92427 0.98242
vt 0.92427 0.98566
vt 0.93750 0.10000
vt 0.93750 0.20000
vt 0.93750 0.30000
vt 0.93750 0.40000
vt 0.93750 0.50000
vt 0.93750 0.60000
vt 0.93750 0.70000
vt 0.93750 0.80000
vt 0.93750 0.90000
vt 0.94225 0.18753
vt 0.94225 0.31247
vt 0.96424 0.15654
vt 0.96424 0.34346
vt 0.96875 0.00000
vt 0.96875 1.00000
vt 0.97573 0.51434
vt 0.97573 0.51758
vt 0.97573 0.98242
vt 0.97573 0.98566
vt 0.97619 0.32701
vt 0.97825 0.17935
vt 0.97825 0.19968
vt 0.97825 0.30032
vt 0.98392 0.50000
vt 0.98392 1.00000
vt 0.99763 0.50000
vt 1.00000 0.10000
vt 1.00000 0.20000
vt 1.00000 0.30000
vt 1.00000 0.40000
vt 1.00000 0.50000
vt 1.00000 0.51434
vt 1.00000 0.51758
vt 1.00000 0.60000
vt 1.00000 0.70000
vt 1.00000 0.80000
vt 1.00000 0.90000
vt 1.00000 0.98242
vt 1.00000 0.98566
vt 1.00000 0.99257
vt 1.00000 0.99394
s 0
g runner_torso_M_red
usemtl M_red
f 1/112/1 5/100/1 7/83/1
f 1/112/25 18/80/25 15/111/25
f 1/112/25 7/83/25 18/80/25
f 1/112/45 29/204/45 35/210/45
f 1/112/45 35/210/45 4/113/45
f 1/112/55 4/113/55 5/100/55
f 10/474/50 16/299/50 3/298/50
f 10/474/50 24/475/50 16/299/50
f 10/474/6 12/497/6 13/522/6
f 10/474/60 14/473/60 12/497/60
f 11/550/48 37/483/48 39/574/48
f 11/550/48 8/484/48 37/483/48
f 14/473/28 10/474/28 3/298/28
f 14/473/28 3/298/28 6/297/28
f 15/111/61 18/80/61 19/77/61
f 15/111/7 19/77/7 21/110/7
f 16/299/62 20/300/62 19/274/62
f 16/299/8 19/274/8 18/235/8
f 17/301/31 20/300/31 27/476/31
f 17/301/31 27/476/31 23/477/31
f 17/301/63 21/242/63 19/274/63
f 17/301/9 19/274/9 20/300/9
f 2/308/2 5/285/2 4/260/2
f 2/308/56 6/309/56 5/285/56
f 20/300/32 16/299/32 24/475/32
f 20/300/32 24/475/32 27/476/32
f 21/242/34 17/301/34 44/302/34
f 21/242/34 44/302/34 46/209/34
f 22/671/10 26/683/10 28/703/10
f 22/671/29 13/706/29 9/672/29
f 22/671/29 28/703/29 13/706/29
f 22/671/35 50/579/35 56/573/35
f 22/671/35 56/573/35 25/670/35
f 22/671/52 36/580/52 50/579/52
f 22/671/52 9/672/52 36/580/52
f 22/671/64 25/670/64 26/683/64
f 23/477/11 26/508/11 25/532/11
f 23/477/53 44/302/53 17/301/53
f 23/477/53 52/478/53 44/302/53
f 23/477/65 27/476/65 26/508/65
f 24/475/12 26/508/12 27/476/12
f 24/475/66 28/525/66 26/508/66
f 28/525/30 10/474/30 13/522/30
f 28/525/30 24/475/30 10/474/30
f 29/204/13 33/271/13 35/210/13
f 29/204/67 32/253/67 33/271/67
f 3/298/3 5/229/3 6/297/3
f 3/298/57 7/232/57 5/229/57
f 30/305/14 33/271/14 32/253/14
f 30/305/68 34/306/68 33/271/68
f 31/307/15 33/271/15 34/306/15
f 31/307/43 34/306/43 41/482/43
f 31/307/43 41/482/43 37/483/43
f 31/307/69 35/210/69 33/271/69
f 34/306/44 30/305/44 38/481/44
f 34/306/44 38/481/44 41/482/44
f 35/210/46 2/308/46 4/260/46
f 35/210/46 31/307/46 2/308/46
f 36/580/16 40/514/16 42/543/16
f 36/580/41 42/543/41 53/540/41
f 36/580/41 53/540/41 50/579/41
f 36/580/47 11/673/47 39/574/47
f 36/580/47 9/672/47 11/673/47
f 36/580/70 39/574/70 40/514/70
f 37/483/17 40/514/17 39/574/17
f 37/483/51 2/308/51 31/307/51
f 37/483/51 8/484/51 2/308/51
f 37/483/71 41/482/71 40/514/71
f 38/481/18 40/514/18 41/482/18
f 38/481/72 42/543/72 40/514/72
f 42/543/42 38/481/42 51/480/42
f 42/543/42 51/480/42 53/540/42
f 43/203/19 47/268/19 49/250/19
f 43/203/33 15/111/33 21/110/33
f 43/203/33 21/110/33 46/209/33
f 43/203/39 32/253/39 29/204/39
f 43/203/39 49/250/39 32/253/39
f 43/203/49 1/112/49 15/111/49
f 43/203/49 29/204/49 1/112/49
f 43/203/73 46/209/73 47/268/73
f 44/302/20 47/268/20 46/209/20
f 44/302/74 48/303/74 47/268/74
f 45/304/21 47/268/21 48/303/21
f 45/304/37 48/303/37 55/479/37
f 45/304/37 55/479/37 51/480/37
f 45/304/75 49/250/75 47/268/75
f 49/250/40 30/305/40 32/253/40
f 49/250/40 45/304/40 30/305/40
f 50/579/22 54/511/22 56/573/22
f 50/579/76 53/540/76 54/511/76
f 51/480/23 54/511/23 53/540/23
f 51/480/54 30/305/54 45/304/54
f 51/480/54 38/481/54 30/305/54
f 51/480/77 55/479/77 54/511/77
f 52/478/24 54/511/24 55/479/24
f 52/478/78 56/573/78 54/511/78
f 55/479/38 44/302/38 52/478/38
f 55/479/38 48/303/38 44/302/38
f 56/573/36 23/477/36 25/532/36
f 56/573/36 52/478/36 23/477/36
f 7/232/26 16/299/26 18/235/26
f 7/232/26 3/298/26 16/299/26
f 8/484/27 14/485/27 6/309/27
f 8/484/27 6/309/27 2/308/27
f 8/484/4 12/554/4 14/485/4
f 8/484/58 11/550/58 12/554/58
f 9/672/5 12/709/5 11/673/5
f 9/672/59 13/706/59 12/709/59
g runner_leg_l_Cylinder.028
v 0.120000 0.030000 0.063171
v 0.130699 0.041250 0.071524
v 0.109301 0.041250 0.071524
v 0.126070 0.033295 0.069563
v 0.120000 0.034755 0.071443
v 0.120000 0.041250 0.072964
v 0.113930 0.033295 0.069563
v 0.120000 0.350000 0.063171
v 0.109301 0.338750 0.071524
v 0.130699 0.338750 0.071524
v 0.113930 0.346705 0.069563
v 0.120000 0.345245 0.071443
v 0.120000 0.338750 0.072964
v 0.126070 0.346705 0.069563
v 0.082869 0.030000 0.051106
v 0.086615 0.041250 0.064153
v 0.069304 0.041250 0.051575
v 0.084022 0.033295 0.059846
v 0.078007 0.034755 0.057798
v 0.077113 0.041250 0.059029
v 0.074201 0.033295 0.052710
v 0.082869 0.350000 0.051106
v 0.069304 0.338750 0.051575
v 0.086615 0.338750 0.064153
v 0.074201 0.346705 0.052710
v 0.078007 0.345245 0.057798
v 0.077113 0.338750 0.059029
v 0.084022 0.346705 0.059846
v 0.059921 0.030000 0.019521
v 0.055283 0.041250 0.032278
v 0.048671 0.041250 0.011926
v 0.055717 0.033295 0.027269
v 0.052054 0.034755 0.022077
v 0.050608 0.041250 0.022547
v 0.051966 0.033295 0.015724
v 0.059921 0.350000 0.019521
v 0.048671 0.338750 0.011926
v 0.055283 0.338750 0.032278
v 0.051966 0.346705 0.015724
v 0.052054 0.345245 0.022077
v 0.050608 0.338750 0.022547
v 0.055717 0.346705 0.027269
v 0.059921 0.030000 -0.019521
v 0.048671 0.041250 -0.011926
v 0.055283 0.041250 -0.032278
v 0.051966 0.033295 -0.015724
v 0.052054 0.034755 -0.022077
v 0.050608 0.041250 -0.022547
v 0.055717 0.033295 -0.027269
v 0.059921 0.350000 -0.019521
v 0.055283 0.338750 -0.032278
v 0.048671 0.338750 -0.011926
v 0.055717 0.346705 -0.027269
v 0.052054 0.345245 -0.022077
v 0.050608 0.338750 -0.022547
v 0.051966 0.346705 -0.015724
v 0.082869 0.030000 -0.051106
v 0.069304 0.041250 -0.051575
v 0.086615 0.041250 -0.064153
v 0.074201 0.033295 -0.052710
v 0.078007 0.034755 -0.057798
v 0.077113 0.041250 -0.059029
v 0.084022 0.033295 -0.059846
v 0.082869 0.350000 -0.051106
v 0.086615 0.338750 -0.064153
v 0.069304 0.338750 -0.051575
v 0.084022 0.346705 -0.059846
v 0.078007 0.345245 -0.057798
v 0.077113 0.338750 -0.059029
v 0.074201 0.346705 -0.052710
v 0.120000 0.030000 -0.063171
v 0.109301 0.041250 -0.071524
v 0.130699 0.041250 -0.071524
v 0.113930 0.033295 -0.069563
v 0.120000 0.034755 -0.071443
v 0.120000 0.041250 -0.072964
v 0.126070 0.033295 -0.069563
v 0.120000 0.350000 -0.063171
v 0.130699 0.338750 -0.071524
v 0.109301 0.338750 -0.071524
v 0.126070 0.346705 -0.069563
v 0.120000 0.345245 -0.071443
v 0.120000 0.338750 -0.072964
v 0.113930 0.346705 -0.069563
v 0.157131 0.030000 -0.051106
v 0.153385 0.041250 -0.064153
v 0.170696 0.041250 -0.051575
v 0.155978 0.033295 -0.059846
v 0.161993 0.034755 -0.057798
v 0.162887 0.041250 -0.059029
v 0.165799 0.033295 -0.052710
v 0.157131 0.350000 -0.051106
v 0.170696 0.338750 -0.051575
v 0.153385 0.338750 -0.064153
v 0.165799 0.346705 -0.052710
v 0.161993 0.345245 -0.057798
v 0.162887 0.338750 -0.059029
v 0.155978 0.346705 -0.059846
v 0.180079 0.030000 -0.019521
v 0.184717 0.041250 -0.032278
v 0.191329 0.041250 -0.011926
v 0.184283 0.033295 -0.027269
v 0.187946 0.034755 -0.022077
v 0.189392 0.041250 -0.022547
v 0.188034 0.033295 -0.015724
v 0.180079 0.350000 -0.019521
v 0.191329 0.338750 -0.011926
v 0.184717 0.338750 -0.032278
v 0.188034 0.346705 -0.015724
v 0.187946 0.345245 -0.022077
v 0.189392 0.338750 -0.022547
v 0.184283 0.346705 -0.027269
v 0.180079 0.030000 0.019521
v 0.191329 0.041250 0.011926
v 0.184717 0.041250 0.032278
v 0.188034 0.033295 0.015724
v 0.187946 0.034755 0.022077
v 0.189392 0.041250 0.022547
v 0.184283 0.033295 0.027269
v 0.180079 0.350000 0.019521
v 0.184717 0.338750 0.032278
v 0.191329 0.338750 0.011926
v 0.184283 0.346705 0.027269
v 0.187946 0.345245 0.022077
v 0.189392 0.338750 0.022547
v 0.188034 0.346705 0.015724
v 0.157131 0.030000 0.051106
v 0.170696 0.041250 0.051575
v 0.153385 0.041250 0.064153
v 0.165799 0.033295 0.052710
v 0.161993 0.034755 0.057798
v 0.162887 0.041250 0.059029
v 0.155978 0.033295 0.059846
v 0.157131 0.350000 0.051106
v 0.153385 0.338750 0.064153
v 0.170696 0.338750 0.051575
v 0.155978 0.346705 0.059846
v 0.161993 0.345245 0.057798
v 0.162887 0.338750 0.059029
v 0.165799 0.346705 0.052710
vn 0.0541 -0.8657 0.4976
vn 0.1270 -0.3064 0.9434
vn -0.1270 -0.3064 0.9434
vn -0.0541 0.8657 0.4976
vn -0.1270 0.3064 0.9434
vn 0.1270 0.3064 0.9434
vn -0.2487 -0.8657 0.4344
vn -0.4518 -0.3064 0.8379
vn -0.6572 -0.3064 0.6886
vn -0.3363 0.8657 0.3708
vn -0.6572 0.3064 0.6886
vn -0.4518 0.3064 0.8379
vn -0.4565 -0.8657 0.2052
vn -0.8580 -0.3064 0.4123
vn -0.9365 -0.3064 0.1708
vn -0.4900 0.8657 0.1023
vn -0.9365 0.3064 0.1708
vn -0.8580 0.3064 0.4123
vn -0.4900 -0.8657 -0.1023
vn -0.9365 -0.3064 -0.1708
vn -0.8580 -0.3064 -0.4123
vn -0.4565 0.8657 -0.2052
vn -0.8580 0.3064 -0.4123
vn -0.9365 0.3064 -0.1708
vn -0.3363 -0.8657 -0.3708
vn -0.6572 -0.3064 -0.6886
vn -0.4518 -0.3064 -0.8379
vn -0.2487 0.8657 -0.4344
vn -0.4518 0.3064 -0.8379
vn -0.6572 0.3064 -0.6886
vn -0.0541 -0.8657 -0.4976
vn -0.1270 -0.3064 -0.9434
vn 0.1270 -0.3064 -0.9434
vn 0.0541 0.8657 -0.4976
vn 0.1270 0.3064 -0.9434
vn -0.1270 0.3064 -0.9434
vn 0.2487 -0.8657 -0.4344
vn 0.4518 -0.3064 -0.8379
vn 0.6572 -0.3064 -0.6886
vn 0.3363 0.8657 -0.3708
vn 0.6572 0.3064 -0.6886
vn 0.4518 0.3064 -0.8379
vn 0.4565 -0.8657 -0.2052
vn 0.8580 -0.3064 -0.4123
vn 0.9365 -0.3064 -0.1708
vn 0.4900 0.8657 -0.1023
vn 0.9365 0.3064 -0.1708
vn 0.8580 0.3064 -0.4123
vn 0.4900 -0.8657 0.1023
vn 0.9365 -0.3064 0.1708
vn 0.8580 -0.3064 0.4123
vn 0.4565 0.8657 0.2052
vn 0.8580 0.3064 0.4123
vn 0.9365 0.3064 0.1708
vn 0.3363 -0.8657 0.3708
vn 0.6572 -0.3064 0.6886
vn 0.4518 -0.3064 0.8379
vn 0.2487 0.8657 0.4344
vn 0.4518 0.3064 0.8379
vn 0.6572 0.3064 0.6886
vn -0.2855 -0.3827 0.8787
vn -0.1183 -0.9239 0.3640
vn -0.2855 0.3827 0.8787
vn -0.1183 0.9239 0.3640
vn 0.1334 -0.0000 0.9911
vn -0.1334 -0.0000 0.9911
vn -0.6904 -0.0000 0.7234
vn -0.4746 -0.0000 0.8802
vn -0.7474 -0.3827 0.5430
vn -0.3096 -0.9239 0.2249
vn -0.7474 0.3827 0.5430
vn -0.3096 0.9239 0.2249
vn -0.9838 -0.0000 0.1794
vn -0.9013 -0.0000 0.4331
vn -0.9239 -0.3827 -0.0000
vn -0.3827 -0.9239 -0.0000
vn -0.9239 0.3827 -0.0000
vn -0.3827 0.9239 -0.0000
vn -0.9013 -0.0000 -0.4331
vn -0.9838 -0.0000 -0.1794
vn -0.7474 -0.3827 -0.5430
vn -0.3096 -0.9239 -0.2249
vn -0.7474 0.3827 -0.5430
vn -0.3096 0.9239 -0.2249
vn -0.4746 -0.0000 -0.8802
vn -0.6904 -0.0000 -0.7234
vn -0.2855 -0.3827 -0.8787
vn -0.1183 -0.9239 -0.3640
vn -0.2855 0.3827 -0.8787
vn -0.1183 0.9239 -0.3640
vn 0.1334 -0.0000 -0.9911
vn -0.1334 -0.0000 -0.9911
vn 0.2855 -0.3827 -0.8787
vn 0.1183 -0.9239 -0.3640
vn 0.2855 0.3827 -0.8787
vn 0.1183 0.9239 -0.3640
vn 0.6904 -0.0000 -0.7234
vn 0.4746 -0.0000 -0.8802
vn 0.7474 -0.3827 -0.5430
vn 0.3096 -0.9239 -0.2249
vn 0.7474 0.3827 -0.5430
vn 0.3096 0.9239 -0.2249
vn 0.9838 -0.0000 -0.1794
vn 0.9013 -0.0000 -0.4331
vn 0.9239 -0.3827 -0.0000
vn 0.3827 -0.9239 -0.0000
vn 0.9239 0.3827 -0.0000
vn 0.3827 0.9239 -0.0000
vn 0.9013 -0.0000 0.4331
vn 0.9838 -0.0000 0.1794
vn 0.7474 -0.3827 0.5430
vn 0.3096 -0.9239 0.2249
vn 0.7474 0.3827 0.5430
vn 0.3096 0.9239 0.2249
vn 0.4746 -0.0000 0.8802
vn 0.6904 -0.0000 0.7234
vn 0.2855 -0.3827 0.8787
vn 0.1183 -0.9239 0.3640
vn 0.2855 0.3827 0.8787
vn 0.1183 0.9239 0.3640
vn -0.0000 -1.0000 -0.0000
vn -0.3090 -0.0000 0.9511
vn 0.3090 -0.0000 0.9511
vn -0.0000 1.0000 -0.0000
vn -0.8090 -0.0000 0.5878
vn -1.0000 -0.0000 -0.0000
vn -0.8090 -0.0000 -0.5878
vn -0.3090 -0.0000 -0.9511
vn 0.3090 -0.0000 -0.9511
vn 0.8090 -0.0000 -0.5878
vn 1.0000 -0.0000 -0.0000
vn 0.8090 -0.0000 0.5878
vn -0.0541 -0.8657 0.4976
vn 0.2395 -0.2213 0.9453
vn -0.2395 -0.2213 0.9453
vn 0.0541 0.8657 0.4976
vn -0.2395 0.2213 0.9453
vn 0.2395 0.2213 0.9453
vn -0.3363 -0.8657 0.3708
vn -0.3619 -0.2213 0.9056
vn -0.7494 -0.2213 0.6240
vn -0.2487 0.8657 0.4344
vn -0.7494 0.2213 0.6240
vn -0.3619 0.2213 0.9056
vn -0.4900 -0.8657 0.1023
vn -0.8251 -0.2213 0.5199
vn -0.9731 -0.2213 0.0643
vn -0.4565 0.8657 0.2052
vn -0.9731 0.2213 0.0643
vn -0.8251 0.2213 0.5199
vn -0.4565 -0.8657 -0.2052
vn -0.9731 -0.2213 -0.0643
vn -0.8251 -0.2213 -0.5199
vn -0.4900 0.8657 -0.1023
vn -0.8251 0.2213 -0.5199
vn -0.9731 0.2213 -0.0643
vn -0.2487 -0.8657 -0.4344
vn -0.7494 -0.2213 -0.6240
vn -0.3619 -0.2213 -0.9056
vn -0.3363 0.8657 -0.3708
vn -0.3619 0.2213 -0.9056
vn -0.7494 0.2213 -0.6240
vn 0.0541 -0.8657 -0.4976
vn -0.2395 -0.2213 -0.9453
vn 0.2395 -0.2213 -0.9453
vn -0.0541 0.8657 -0.4976
vn 0.2395 0.2213 -0.9453
vn -0.2395 0.2213 -0.9453
vn 0.3363 -0.8657 -0.3708
vn 0.3619 -0.2213 -0.9056
vn 0.7494 -0.2213 -0.6240
vn 0.2487 0.8657 -0.4344
vn 0.7494 0.2213 -0.6240
vn 0.3619 0.2213 -0.9056
vn 0.4900 -0.8657 -0.1023
vn 0.8251 -0.2213 -0.5199
vn 0.9731 -0.2213 -0.0643
vn 0.4565 0.8657 -0.2052
vn 0.9731 0.2213 -0.0643
vn 0.8251 0.2213 -0.5199
vn 0.4565 -0.8657 0.2052
vn 0.9731 -0.2213 0.0643
vn 0.8251 -0.2213 0.5199
vn 0.4900 0.8657 0.1023
vn 0.8251 0.2213 0.5199
vn 0.9731 0.2213 0.0643
vn 0.2487 -0.8657 0.4344
vn 0.7494 -0.2213 0.6240
vn 0.3619 -0.2213 0.9056
vn 0.3363 0.8657 0.3708
vn 0.3619 0.2213 0.9056
vn 0.7494 0.2213 0.6240
s 0
g runner_leg_l_M_navy
usemtl M_navy
f 100/613/153 102/608/153 91/639/153
f 100/613/153 91/639/153 87/634/153
f 101/586/157 104/603/157 111/604/157
f 101/586/157 111/604/157 107/587/157
f 101/586/159 114/516/159 116/502/159
f 101/586/159 116/502/159 105/589/159
f 102/763/154 85/752/154 91/764/154
f 102/763/154 99/751/154 85/752/154
f 104/603/158 100/613/158 108/614/158
f 104/603/158 108/614/158 111/604/158
f 104/603/230 103/601/230 102/608/230
f 104/603/98 102/608/98 100/613/98
f 105/589/231 103/601/231 104/603/231
f 105/589/99 104/603/99 101/586/99
f 105/753/160 113/691/160 99/751/160
f 105/753/160 116/732/160 113/691/160
f 106/366/100 110/376/100 112/378/100
f 106/366/232 109/368/232 110/376/232
f 107/587/161 109/590/161 126/503/161
f 107/587/161 126/503/161 122/517/161
f 107/587/205 114/516/205 101/586/205
f 107/587/205 122/517/205 114/516/205
f 109/368/162 106/366/162 120/219/162
f 109/368/162 120/219/162 126/310/162
f 111/604/101 109/590/101 107/587/101
f 111/604/233 110/606/233 109/590/233
f 112/609/102 111/604/102 108/614/102
f 112/609/234 110/606/234 111/604/234
f 113/691/103 117/723/103 119/689/103
f 113/691/235 116/732/235 117/723/235
f 115/427/163 118/489/163 125/490/163
f 115/427/163 125/490/163 121/428/163
f 118/489/104 116/502/104 114/516/104
f 118/489/164 114/516/164 122/517/164
f 118/489/164 122/517/164 125/490/164
f 118/489/236 117/487/236 116/502/236
f 119/467/105 118/489/105 115/427/105
f 119/467/237 117/487/237 118/489/237
f 120/219/106 124/286/106 126/310/106
f 120/219/202 106/366/202 92/367/202
f 120/219/238 123/217/238 124/286/238
f 121/428/167 123/468/167 140/401/167
f 121/428/167 140/401/167 136/409/167
f 121/428/206 128/408/206 115/427/206
f 121/428/206 136/409/206 128/408/206
f 123/217/168 120/219/168 134/154/168
f 123/217/168 134/154/168 140/166/168
f 125/490/107 123/468/107 121/428/107
f 125/490/239 124/492/239 123/468/239
f 126/503/108 125/490/108 122/517/108
f 126/503/240 124/492/240 125/490/240
f 127/619/109 131/630/109 133/616/109
f 127/619/199 141/563/199 155/415/199
f 127/619/241 130/631/241 131/630/241
f 128/408/165 119/467/165 115/427/165
f 128/408/165 130/400/165 119/467/165
f 129/373/169 132/391/169 139/396/169
f 129/373/169 139/396/169 135/374/169
f 130/631/166 113/691/166 119/689/166
f 130/631/166 127/619/166 113/691/166
f 132/391/110 130/400/110 128/408/110
f 132/391/170 128/408/170 136/409/170
f 132/391/170 136/409/170 139/396/170
f 132/391/242 131/384/242 130/400/242
f 133/381/111 132/391/111 129/373/111
f 133/381/243 131/384/243 132/391/243
f 134/154/112 138/153/112 140/166/112
f 134/154/244 137/151/244 138/153/244
f 135/374/173 137/382/173 154/315/173
f 135/374/173 154/315/173 150/355/173
f 135/374/207 142/354/207 129/373/207
f 135/374/207 150/355/207 142/354/207
f 137/151/174 134/154/174 148/91/174
f 137/151/174 148/91/174 154/93/174
f 139/396/113 137/382/113 135/374/113
f 139/396/245 138/398/245 137/382/245
f 140/401/114 139/396/114 136/409/114
f 140/401/246 138/398/246 139/396/246
f 141/563/115 145/496/115 147/471/115
f 141/563/247 144/565/247 145/496/247
f 142/354/171 133/381/171 129/373/171
f 142/354/171 144/314/171 133/381/171
f 143/265/175 146/292/175 153/293/175
f 143/265/175 153/293/175 149/266/175
f 144/565/172 127/619/172 133/616/172
f 144/565/172 141/563/172 127/619/172
f 146/292/116 144/314/116 142/354/116
f 146/292/176 142/354/176 150/355/176
f 146/292/176 150/355/176 153/293/176
f 146/292/248 145/290/248 144/314/248
f 147/279/117 146/292/117 143/265/117
f 147/279/249 145/290/249 146/292/249
f 148/91/118 152/60/118 154/93/118
f 148/91/202 134/154/202 120/219/202
f 148/91/250 151/50/250 152/60/250
f 149/266/208 156/196/208 143/265/208
f 149/266/208 164/197/208 156/196/208
f 153/293/119 151/280/119 149/266/119
f 153/293/251 152/295/251 151/280/251
f 154/315/120 153/293/120 150/355/120
f 154/315/252 152/295/252 153/293/252
f 155/415/121 159/406/121 161/403/121
f 155/415/199 169/416/199 183/564/199
f 155/415/253 158/413/253 159/406/253
f 156/196/177 147/279/177 143/265/177
f 156/196/177 158/193/177 147/279/177
f 157/169/181 160/179/181 167/180/181
f 157/169/181 167/180/181 163/170/181
f 158/413/178 141/563/178 147/471/178
f 158/413/178 155/415/178 141/563/178
f 160/179/122 158/193/122 156/196/122
f 160/179/182 156/196/182 164/197/182
f 160/179/182 164/197/182 167/180/182
f 160/179/254 159/177/254 158/193/254
f 161/174/123 160/179/123 157/169/123
f 161/174/255 159/177/255 160/179/255
f 162/31/124 166/19/124 168/29/124
f 162/31/256 165/20/256 166/19/256
f 163/170/185 165/175/185 182/144/185
f 163/170/185 182/144/185 178/149/185
f 163/170/209 170/148/209 157/169/209
f 163/170/209 178/149/209 170/148/209
f 164/197/179 149/266/179 151/280/179
f 164/197/179 151/280/179 168/194/179
f 165/20/186 162/31/186 176/32/186
f 165/20/186 176/32/186 182/21/186
f 167/180/125 165/175/125 163/170/125
f 167/180/257 166/182/257 165/175/257
f 168/194/126 167/180/126 164/197/126
f 168/194/258 166/182/258 167/180/258
f 168/29/180 148/91/180 162/31/180
f 168/29/180 151/50/180 148/91/180
f 169/416/127 173/405/127 175/414/127
f 169/416/259 172/404/259 173/405/259
f 170/148/183 161/174/183 157/169/183
f 170/148/183 172/143/183 161/174/183
f 171/121/187 174/138/187 181/139/187
f 171/121/187 181/139/187 177/122/187
f 171/121/189 184/65/189 186/62/189
f 171/121/189 186/62/189 175/124/189
f 172/404/184 155/415/184 161/403/184
f 172/404/184 169/416/184 155/415/184
f 174/138/128 172/143/128 170/148/128
f 174/138/188 170/148/188 178/149/188
f 174/138/188 178/149/188 181/139/188
f 174/138/260 173/136/260 172/143/260
f 175/124/129 174/138/129 171/121/129
f 175/124/261 173/136/261 174/138/261
f 175/414/190 183/564/190 169/416/190
f 175/414/190 186/472/190 183/564/190
f 176/32/130 180/22/130 182/21/130
f 176/32/202 120/219/202 92/367/202
f 176/32/202 148/91/202 120/219/202
f 176/32/202 162/31/202 148/91/202
f 176/32/262 179/30/262 180/22/262
f 177/122/191 179/125/191 196/63/191
f 177/122/191 196/63/191 192/66/191
f 177/122/210 184/65/210 171/121/210
f 177/122/210 192/66/210 184/65/210
f 179/30/192 176/32/192 190/92/192
f 179/30/192 190/92/192 196/51/192
f 181/139/131 179/125/131 177/122/131
f 181/139/263 180/141/263 179/125/263
f 182/144/132 181/139/132 178/149/132
f 182/144/264 180/141/264 181/139/264
f 183/564/133 187/495/133 189/566/133
f 183/564/199 57/624/199 71/692/199
f 183/564/199 71/692/199 99/751/199
f 183/564/265 186/472/265 187/495/265
f 185/43/193 188/55/193 195/56/193
f 185/43/193 195/56/193 191/44/193
f 188/55/134 186/62/134 184/65/134
f 188/55/194 184/65/194 192/66/194
f 188/55/194 192/66/194 195/56/194
f 188/55/266 187/53/266 186/62/266
f 189/46/135 188/55/135 185/43/135
f 189/46/267 187/53/267 188/55/267
f 190/92/136 194/61/136 196/51/136
f 190/92/268 193/94/268 194/61/268
f 191/44/197 193/47/197 70/18/197
f 191/44/197 70/18/197 66/25/197
f 191/44/201 58/24/201 185/43/201
f 191/44/201 66/25/201 58/24/201
f 193/94/198 190/92/198 64/159/198
f 193/94/198 64/159/198 70/152/198
f 195/56/137 193/47/137 191/44/137
f 195/56/269 194/58/269 193/47/269
f 196/63/138 195/56/138 192/66/138
f 196/63/270 194/58/270 195/56/270
f 57/624/211 60/617/211 61/618/211
f 57/624/79 61/618/79 63/632/79
f 58/24/195 189/46/195 185/43/195
f 58/24/195 60/17/195 189/46/195
f 60/617/196 183/564/196 189/566/196
f 60/617/196 57/624/196 183/564/196
f 62/9/212 61/7/212 60/17/212
f 62/9/80 60/17/80 58/24/80
f 63/765/213 61/767/213 62/774/213
f 63/765/81 62/774/81 59/758/81
f 64/159/202 190/92/202 176/32/202
f 64/159/214 67/167/214 68/165/214
f 64/159/82 68/165/82 70/152/82
f 65/759/141 67/766/141 84/737/141
f 65/759/141 84/737/141 80/740/141
f 65/759/200 72/739/200 59/758/200
f 65/759/200 80/740/200 72/739/200
f 66/25/143 62/9/143 58/24/143
f 66/25/143 69/14/143 62/9/143
f 67/167/142 64/159/142 78/220/142
f 67/167/142 78/220/142 84/218/142
f 69/779/144 59/758/144 62/774/144
f 69/779/144 65/759/144 59/758/144
f 69/779/215 68/781/215 67/766/215
f 69/779/83 67/766/83 65/759/83
f 70/18/216 68/16/216 69/14/216
f 70/18/84 69/14/84 66/25/84
f 71/692/199 85/752/199 99/751/199
f 71/692/217 74/690/217 75/722/217
f 71/692/85 75/722/85 77/733/85
f 72/739/139 63/765/139 59/758/139
f 72/739/139 74/736/139 63/765/139
f 73/717/145 76/727/145 83/728/145
f 73/717/145 83/728/145 79/718/145
f 74/690/140 57/624/140 63/632/140
f 74/690/140 71/692/140 57/624/140
f 76/727/146 72/739/146 80/740/146
f 76/727/146 80/740/146 83/728/146
f 76/727/218 75/725/218 74/736/218
f 76/727/86 74/736/86 72/739/86
f 77/720/219 75/725/219 76/727/219
f 77/720/87 76/727/87 73/717/87
f 78/220/220 81/311/220 82/287/220
f 78/220/88 82/287/88 84/218/88
f 79/718/203 86/661/203 73/717/203
f 79/718/203 94/662/203 86/661/203
f 83/728/221 82/730/221 81/721/221
f 83/728/89 81/721/89 79/718/89
f 84/737/222 82/730/222 83/728/222
f 84/737/90 83/728/90 80/740/90
f 85/752/223 88/754/223 89/761/223
f 85/752/91 89/761/91 91/764/91
f 86/661/147 77/720/147 73/717/147
f 86/661/147 88/658/147 77/720/147
f 87/634/151 90/644/151 97/645/151
f 87/634/151 97/645/151 93/635/151
f 88/754/148 71/692/148 77/733/148
f 88/754/148 85/752/148 71/692/148
f 90/644/152 86/661/152 94/662/152
f 90/644/152 94/662/152 97/645/152
f 90/644/224 89/642/224 88/658/224
f 90/644/92 88/658/92 86/661/92
f 91/639/225 89/642/225 90/644/225
f 91/639/93 90/644/93 87/634/93
f 92/367/202 64/159/202 176/32/202
f 92/367/202 78/220/202 64/159/202
f 92/367/226 95/379/226 96/380/226
f 92/367/94 96/380/94 98/369/94
f 93/635/155 112/609/155 108/614/155
f 93/635/155 95/640/155 112/609/155
f 93/635/204 100/613/204 87/634/204
f 93/635/204 108/614/204 100/613/204
f 94/662/149 79/718/149 81/721/149
f 94/662/149 81/721/149 98/659/149
f 95/379/156 106/366/156 112/378/156
f 95/379/156 92/367/156 106/366/156
f 97/645/227 96/647/227 95/640/227
f 97/645/95 95/640/95 93/635/95
f 98/369/150 78/220/150 92/367/150
f 98/369/150 81/311/150 78/220/150
f 98/659/228 96/647/228 97/645/228
f 98/659/96 97/645/96 94/662/96
f 99/751/199 113/691/199 127/619/199
f 99/751/199 127/619/199 155/415/199
f 99/751/199 155/415/199 183/564/199
f 99/751/229 102/763/229 103/762/229
f 99/751/97 103/762/97 105/753/97
g runner_leg_r_Cylinder.029
v -0.120000 0.030000 0.063171
v -0.109301 0.041250 0.071524
v -0.130699 0.041250 0.071524
v -0.113930 0.033295 0.069563
v -0.120000 0.034755 0.071443
v -0.120000 0.041250 0.072964
v -0.126070 0.033295 0.069563
v -0.120000 0.350000 0.063171
v -0.130699 0.338750 0.071524
v -0.109301 0.338750 0.071524
v -0.126070 0.346705 0.069563
v -0.120000 0.345245 0.071443
v -0.120000 0.338750 0.072964
v -0.113930 0.346705 0.069563
v -0.157131 0.030000 0.051106
v -0.153385 0.041250 0.064153
v -0.170696 0.041250 0.051575
v -0.155978 0.033295 0.059846
v -0.161993 0.034755 0.057798
v -0.162887 0.041250 0.059029
v -0.165799 0.033295 0.052710
v -0.157131 0.350000 0.051106
v -0.170696 0.338750 0.051575
v -0.153385 0.338750 0.064153
v -0.165799 0.346705 0.052710
v -0.161993 0.345245 0.057798
v -0.162887 0.338750 0.059029
v -0.155978 0.346705 0.059846
v -0.180079 0.030000 0.019521
v -0.184717 0.041250 0.032278
v -0.191329 0.041250 0.011926
v -0.184283 0.033295 0.027269
v -0.187946 0.034755 0.022077
v -0.189392 0.041250 0.022547
v -0.188034 0.033295 0.015724
v -0.180079 0.350000 0.019521
v -0.191329 0.338750 0.011926
v -0.184717 0.338750 0.032278
v -0.188034 0.346705 0.015724
v -0.187946 0.345245 0.022077
v -0.189392 0.338750 0.022547
v -0.184283 0.346705 0.027269
v -0.180079 0.030000 -0.019521
v -0.191329 0.041250 -0.011926
v -0.184717 0.041250 -0.032278
v -0.188034 0.033295 -0.015724
v -0.187946 0.034755 -0.022077
v -0.189392 0.041250 -0.022547
v -0.184283 0.033295 -0.027269
v -0.180079 0.350000 -0.019521
v -0.184717 0.338750 -0.032278
v -0.191329 0.338750 -0.011926
v -0.184283 0.346705 -0.027269
v -0.187946 0.345245 -0.022077
v -0.189392 0.338750 -0.022547
v -0.188034 0.346705 -0.015724
v -0.157131 0.030000 -0.051106
v -0.170696 0.041250 -0.051575
v -0.153385 0.041250 -0.064153
v -0.165799 0.033295 -0.052710
v -0.161993 0.034755 -0.057798
v -0.162887 0.041250 -0.059029
v -0.155978 0.033295 -0.059846
v -0.157131 0.350000 -0.051106
v -0.153385 0.338750 -0.064153
v -0.170696 0.338750 -0.051575
v -0.155978 0.346705 -0.059846
v -0.161993 0.345245 -0.057798
v -0.162887 0.338750 -0.059029
v -0.165799 0.346705 -0.052710
v -0.120000 0.030000 -0.063171
v -0.130699 0.041250 -0.071524
v -0.109301 0.041250 -0.071524
v -0.126070 0.033295 -0.069563
v -0.120000 0.034755 -0.071443
v -0.120000 0.041250 -0.072964
v -0.113930 0.033295 -0.069563
v -0.120000 0.350000 -0.063171
v -0.109301 0.338750 -0.071524
v -0.130699 0.338750 -0.071524
v -0.113930 0.346705 -0.069563
v -0.120000 0.345245 -0.071443
v -0.120000 0.338750 -0.072964
v -0.126070 0.346705 -0.069563
v -0.082869 0.030000 -0.051106
v -0.086615 0.041250 -0.064153
v -0.069304 0.041250 -0.051575
v -0.084022 0.033295 -0.059846
v -0.078007 0.034755 -0.057798
v -0.077113 0.041250 -0.059029
v -0.074201 0.033295 -0.052710
v -0.082869 0.350000 -0.051106
v -0.069304 0.338750 -0.051575
v -0.086615 0.338750 -0.064153
v -0.074201 0.346705 -0.052710
v -0.078007 0.345245 -0.057798
v -0.077113 0.338750 -0.059029
v -0.084022 0.346705 -0.059846
v -0.059921 0.030000 -0.019521
v -0.055283 0.041250 -0.032278
v -0.048671 0.041250 -0.011926
v -0.055717 0.033295 -0.027269
v -0.052054 0.034755 -0.022077
v -0.050608 0.041250 -0.022547
v -0.051966 0.033295 -0.015724
v -0.059921 0.350000 -0.019521
v -0.048671 0.338750 -0.011926
v -0.055283 0.338750 -0.032278
v -0.051966 0.346705 -0.015724
v -0.052054 0.345245 -0.022077
v -0.050608 0.338750 -0.022547
v -0.055717 0.346705 -0.027269
v -0.059921 0.030000 0.019521
v -0.048671 0.041250 0.011926
v -0.055283 0.041250 0.032278
v -0.051966 0.033295 0.015724
v -0.052054 0.034755 0.022077
v -0.050608 0.041250 0.022547
v -0.055717 0.033295 0.027269
v -0.059921 0.350000 0.019521
v -0.055283 0.338750 0.032278
v -0.048671 0.338750 0.011926
v -0.055717 0.346705 0.027269
v -0.052054 0.345245 0.022077
v -0.050608 0.338750 0.022547
v -0.051966 0.346705 0.015724
v -0.082869 0.030000 0.051106
v -0.069304 0.041250 0.051575
v -0.086615 0.041250 0.064153
v -0.074201 0.033295 0.052710
v -0.078007 0.034755 0.057798
v -0.077113 0.041250 0.059029
v -0.084022 0.033295 0.059846
v -0.082869 0.350000 0.051106
v -0.086615 0.338750 0.064153
v -0.069304 0.338750 0.051575
v -0.084022 0.346705 0.059846
v -0.078007 0.345245 0.057798
v -0.077113 0.338750 0.059029
v -0.074201 0.346705 0.052710
vn 0.0541 -0.8657 0.4976
vn 0.1270 -0.3064 0.9434
vn -0.1270 -0.3064 0.9434
vn -0.0541 0.8657 0.4976
vn -0.1270 0.3064 0.9434
vn 0.1270 0.3064 0.9434
vn -0.2487 -0.8657 0.4344
vn -0.4518 -0.3064 0.8379
vn -0.6572 -0.3064 0.6886
vn -0.3363 0.8657 0.3708
vn -0.6572 0.3064 0.6886
vn -0.4518 0.3064 0.8379
vn -0.4565 -0.8657 0.2052
vn -0.8580 -0.3064 0.4123
vn -0.9365 -0.3064 0.1708
vn -0.4900 0.8657 0.1023
vn -0.9365 0.3064 0.1708
vn -0.8580 0.3064 0.4123
vn -0.4900 -0.8657 -0.1023
vn -0.9365 -0.3064 -0.1708
vn -0.8580 -0.3064 -0.4123
vn -0.4565 0.8657 -0.2052
vn -0.8580 0.3064 -0.4123
vn -0.9365 0.3064 -0.1708
vn -0.3363 -0.8657 -0.3708
vn -0.6572 -0.3064 -0.6886
vn -0.4518 -0.3064 -0.8379
vn -0.2487 0.8657 -0.4344
vn -0.4518 0.3064 -0.8379
vn -0.6572 0.3064 -0.6886
vn -0.0541 -0.8657 -0.4976
vn -0.1270 -0.3064 -0.9434
vn 0.1270 -0.3064 -0.9434
vn 0.0541 0.8657 -0.4976
vn 0.1270 0.3064 -0.9434
vn -0.1270 0.3064 -0.9434
vn 0.2487 -0.8657 -0.4344
vn 0.4518 -0.3064 -0.8379
vn 0.6572 -0.3064 -0.6886
vn 0.3363 0.8657 -0.3708
vn 0.6572 0.3064 -0.6886
vn 0.4518 0.3064 -0.8379
vn 0.4565 -0.8657 -0.2052
vn 0.8580 -0.3064 -0.4123
vn 0.9365 -0.3064 -0.1708
vn 0.4900 0.8657 -0.1023
vn 0.9365 0.3064 -0.1708
vn 0.8580 0.3064 -0.4123
vn 0.4900 -0.8657 0.1023
vn 0.9365 -0.3064 0.1708
vn 0.8580 -0.3064 0.4123
vn 0.4565 0.8657 0.2052
vn 0.8580 0.3064 0.4123
vn 0.9365 0.3064 0.1708
vn 0.3363 -0.8657 0.3708
vn 0.6572 -0.3064 0.6886
vn 0.4518 -0.3064 0.8379
vn 0.2487 0.8657 0.4344
vn 0.4518 0.3064 0.8379
vn 0.6572 0.3064 0.6886
vn -0.2855 -0.3827 0.8787
vn -0.1183 -0.9239 0.3640
vn -0.2855 0.3827 0.8787
vn -0.1183 0.9239 0.3640
vn 0.1334 -0.0000 0.9911
vn -0.1334 -0.0000 0.9911
vn -0.6904 -0.0000 0.7234
vn -0.4746 -0.0000 0.8802
vn -0.7474 -0.3827 0.5430
vn -0.3096 -0.9239 0.2249
vn -0.7474 0.3827 0.5430
vn -0.3096 0.9239 0.2249
vn -0.9838 -0.0000 0.1794
vn -0.9013 -0.0000 0.4331
vn -0.9239 -0.3827 -0.0000
vn -0.3827 -0.9239 -0.0000
vn -0.9239 0.3827 -0.0000
vn -0.3827 0.9239 -0.0000
vn -0.9013 -0.0000 -0.4331
vn -0.9838 -0.0000 -0.1794
vn -0.7474 -0.3827 -0.5430
vn -0.3096 -0.9239 -0.2249
vn -0.7474 0.3827 -0.5430
vn -0.3096 0.9239 -0.2249
vn -0.4746 -0.0000 -0.8802
vn -0.6904 -0.0000 -0.7234
vn -0.2855 -0.3827 -0.8787
vn -0.1183 -0.9239 -0.3640
vn -0.2855 0.3827 -0.8787
vn -0.1183 0.9239 -0.3640
vn 0.1334 -0.0000 -0.9911
vn -0.1334 -0.0000 -0.9911
vn 0.2855 -0.3827 -0.8787
vn 0.1183 -0.9239 -0.3640
vn 0.2855 0.3827 -0.8787
vn 0.1183 0.9239 -0.3640
vn 0.6904 -0.0000 -0.7234
vn 0.4746 -0.0000 -0.8802
vn 0.7474 -0.3827 -0.5430
vn 0.3096 -0.9239 -0.2249
vn 0.7474 0.3827 -0.5430
vn 0.3096 0.9239 -0.2249
vn 0.9838 -0.0000 -0.1794
vn 0.9013 -0.0000 -0.4331
vn 0.9239 -0.3827 -0.0000
vn 0.3827 -0.9239 -0.0000
vn 0.9239 0.3827 -0.0000
vn 0.3827 0.9239 -0.0000
vn 0.9013 -0.0000 0.4331
vn 0.9838 -0.0000 0.1794
vn 0.7474 -0.3827 0.5430
vn 0.3096 -0.9239 0.2249
vn 0.7474 0.3827 0.5430
vn 0.3096 0.9239 0.2249
vn 0.4746 -0.0000 0.8802
vn 0.6904 -0.0000 0.7234
vn 0.2855 -0.3827 0.8787
vn 0.1183 -0.9239 0.3640
vn 0.2855 0.3827 0.8787
vn 0.1183 0.9239 0.3640
vn -0.0000 -1.0000 -0.0000
vn -0.3090 -0.0000 0.9511
vn 0.3090 -0.0000 0.9511
vn -0.0000 1.0000 -0.0000
vn -0.8090 -0.0000 0.5878
vn -1.0000 -0.0000 -0.0000
vn -0.8090 -0.0000 -0.5878
vn -0.3090 -0.0000 -0.9511
vn 0.3090 -0.0000 -0.9511
vn 0.8090 -0.0000 -0.5878
vn 1.0000 -0.0000 -0.0000
vn 0.8090 -0.0000 0.5878
vn -0.0541 -0.8657 0.4976
vn 0.2395 -0.2213 0.9453
vn -0.2395 -0.2213 0.9453
vn 0.0541 0.8657 0.4976
vn -0.2395 0.2213 0.9453
vn 0.2395 0.2213 0.9453
vn -0.3363 -0.8657 0.3708
vn -0.3619 -0.2213 0.9056
vn -0.7494 -0.2213 0.6240
vn -0.2487 0.8657 0.4344
vn -0.7494 0.2213 0.6240
vn -0.3619 0.2213 0.9056
vn -0.4900 -0.8657 0.1023
vn -0.8251 -0.2213 0.5199
vn -0.9731 -0.2213 0.0643
vn -0.4565 0.8657 0.2052
vn -0.9731 0.2213 0.0643
vn -0.8251 0.2213 0.5199
vn -0.4565 -0.8657 -0.2052
vn -0.9731 -0.2213 -0.0643
vn -0.8251 -0.2213 -0.5199
vn -0.4900 0.8657 -0.1023
vn -0.8251 0.2213 -0.5199
vn -0.9731 0.2213 -0.0643
vn -0.2487 -0.8657 -0.4344
vn -0.7494 -0.2213 -0.6240
vn -0.3619 -0.2213 -0.9056
vn -0.3363 0.8657 -0.3708
vn -0.3619 0.2213 -0.9056
vn -0.7494 0.2213 -0.6240
vn 0.0541 -0.8657 -0.4976
vn -0.2395 -0.2213 -0.9453
vn 0.2395 -0.2213 -0.9453
vn -0.0541 0.8657 -0.4976
vn 0.2395 0.2213 -0.9453
vn -0.2395 0.2213 -0.9453
vn 0.3363 -0.8657 -0.3708
vn 0.3619 -0.2213 -0.9056
vn 0.7494 -0.2213 -0.6240
vn 0.2487 0.8657 -0.4344
vn 0.7494 0.2213 -0.6240
vn 0.3619 0.2213 -0.9056
vn 0.4900 -0.8657 -0.1023
vn 0.8251 -0.2213 -0.5199
vn 0.9731 -0.2213 -0.0643
vn 0.4565 0.8657 -0.2052
vn 0.9731 0.2213 -0.0643
vn 0.8251 0.2213 -0.5199
vn 0.4565 -0.8657 0.2052
vn 0.9731 -0.2213 0.0643
vn 0.8251 -0.2213 0.5199
vn 0.4900 0.8657 0.1023
vn 0.8251 0.2213 0.5199
vn 0.9731 0.2213 0.0643
vn 0.2487 -0.8657 0.4344
vn 0.7494 -0.2213 0.6240
vn 0.3619 -0.2213 0.9056
vn 0.3363 0.8657 0.3708
vn 0.3619 0.2213 0.9056
vn 0.7494 0.2213 0.6240
s 0
g runner_leg_r_M_navy
usemtl M_navy
f 197/624/271 201/618/271 203/632/271
f 197/624/403 200/617/403 201/618/403
f 198/24/387 200/17/387 329/46/387
f 198/24/387 329/46/387 325/43/387
f 200/617/388 197/624/388 323/564/388
f 200/617/388 323/564/388 329/566/388
f 202/9/272 200/17/272 198/24/272
f 202/9/404 201/7/404 200/17/404
f 203/765/273 202/774/273 199/758/273
f 203/765/405 201/767/405 202/774/405
f 204/159/274 208/165/274 210/152/274
f 204/159/394 330/92/394 316/32/394
f 204/159/406 207/167/406 208/165/406
f 205/759/333 207/766/333 224/737/333
f 205/759/333 224/737/333 220/740/333
f 205/759/392 212/739/392 199/758/392
f 205/759/392 220/740/392 212/739/392
f 206/25/335 202/9/335 198/24/335
f 206/25/335 209/14/335 202/9/335
f 207/167/334 204/159/334 218/220/334
f 207/167/334 218/220/334 224/218/334
f 209/779/275 207/766/275 205/759/275
f 209/779/336 199/758/336 202/774/336
f 209/779/336 205/759/336 199/758/336
f 209/779/407 208/781/407 207/766/407
f 210/18/276 209/14/276 206/25/276
f 210/18/408 208/16/408 209/14/408
f 211/692/277 215/722/277 217/733/277
f 211/692/391 225/752/391 239/751/391
f 211/692/409 214/690/409 215/722/409
f 212/739/331 203/765/331 199/758/331
f 212/739/331 214/736/331 203/765/331
f 213/717/337 216/727/337 223/728/337
f 213/717/337 223/728/337 219/718/337
f 214/690/332 197/624/332 203/632/332
f 214/690/332 211/692/332 197/624/332
f 216/727/278 214/736/278 212/739/278
f 216/727/338 212/739/338 220/740/338
f 216/727/338 220/740/338 223/728/338
f 216/727/410 215/725/410 214/736/410
f 217/720/279 216/727/279 213/717/279
f 217/720/411 215/725/411 216/727/411
f 218/220/280 222/287/280 224/218/280
f 218/220/412 221/311/412 222/287/412
f 219/718/395 226/661/395 213/717/395
f 219/718/395 234/662/395 226/661/395
f 223/728/281 221/721/281 219/718/281
f 223/728/413 222/730/413 221/721/413
f 224/737/282 223/728/282 220/740/282
f 224/737/414 222/730/414 223/728/414
f 225/752/283 229/761/283 231/764/283
f 225/752/415 228/754/415 229/761/415
f 226/661/339 217/720/339 213/717/339
f 226/661/339 228/658/339 217/720/339
f 227/634/343 230/644/343 237/645/343
f 227/634/343 237/645/343 233/635/343
f 228/754/340 211/692/340 217/733/340
f 228/754/340 225/752/340 211/692/340
f 230/644/284 228/658/284 226/661/284
f 230/644/344 226/661/344 234/662/344
f 230/644/344 234/662/344 237/645/344
f 230/644/416 229/642/416 228/658/416
f 231/639/285 230/644/285 227/634/285
f 231/639/417 229/642/417 230/644/417
f 232/367/286 236/380/286 238/369/286
f 232/367/394 204/159/394 316/32/394
f 232/367/394 218/220/394 204/159/394
f 232/367/418 235/379/418 236/380/418
f 233/635/347 235/640/347 252/609/347
f 233/635/347 252/609/347 248/614/347
f 233/635/396 240/613/396 227/634/396
f 233/635/396 248/614/396 240/613/396
f 234/662/341 219/718/341 221/721/341
f 234/662/341 221/721/341 238/659/341
f 235/379/348 232/367/348 246/366/348
f 235/379/348 246/366/348 252/378/348
f 237/645/287 235/640/287 233/635/287
f 237/645/419 236/647/419 235/640/419
f 238/369/342 218/220/342 232/367/342
f 238/369/342 221/311/342 218/220/342
f 238/659/288 237/645/288 234/662/288
f 238/659/420 236/647/420 237/645/420
f 239/751/289 243/762/289 245/753/289
f 239/751/391 253/691/391 267/619/391
f 239/751/391 267/619/391 295/415/391
f 239/751/391 295/415/391 323/564/391
f 239/751/421 242/763/421 243/762/421
f 240/613/345 231/639/345 227/634/345
f 240/613/345 242/608/345 231/639/345
f 241/586/349 244/603/349 251/604/349
f 241/586/349 251/604/349 247/587/349
f 241/586/351 254/516/351 256/502/351
f 241/586/351 256/502/351 245/589/351
f 242/763/346 225/752/346 231/764/346
f 242/763/346 239/751/346 225/752/346
f 244/603/290 242/608/290 240/613/290
f 244/603/350 240/613/350 248/614/350
f 244/603/350 248/614/350 251/604/350
f 244/603/422 243/601/422 242/608/422
f 245/589/291 244/603/291 241/586/291
f 245/589/423 243/601/423 244/603/423
f 245/753/352 253/691/352 239/751/352
f 245/753/352 256/732/352 253/691/352
f 246/366/292 250/376/292 252/378/292
f 246/366/424 249/368/424 250/376/424
f 247/587/353 249/590/353 266/503/353
f 247/587/353 266/503/353 262/517/353
f 247/587/397 254/516/397 241/586/397
f 247/587/397 262/517/397 254/516/397
f 249/368/354 246/366/354 260/219/354
f 249/368/354 260/219/354 266/310/354
f 251/604/293 249/590/293 247/587/293
f 251/604/425 250/606/425 249/590/425
f 252/609/294 251/604/294 248/614/294
f 252/609/426 250/606/426 251/604/426
f 253/691/295 257/723/295 259/689/295
f 253/691/427 256/732/427 257/723/427
f 255/427/355 258/489/355 265/490/355
f 255/427/355 265/490/355 261/428/355
f 258/489/296 256/502/296 254/516/296
f 258/489/356 254/516/356 262/517/356
f 258/489/356 262/517/356 265/490/356
f 258/489/428 257/487/428 256/502/428
f 259/467/297 258/489/297 255/427/297
f 259/467/429 257/487/429 258/489/429
f 260/219/298 264/286/298 266/310/298
f 260/219/394 246/366/394 232/367/394
f 260/219/430 263/217/430 264/286/430
f 261/428/359 263/468/359 280/401/359
f 261/428/359 280/401/359 276/409/359
f 261/428/398 268/408/398 255/427/398
f 261/428/398 276/409/398 268/408/398
f 263/217/360 260/219/360 274/154/360
f 263/217/360 274/154/360 280/166/360
f 265/490/299 263/468/299 261/428/299
f 265/490/431 264/492/431 263/468/431
f 266/503/300 265/490/300 262/517/300
f 266/503/432 264/492/432 265/490/432
f 267/619/301 271/630/301 273/616/301
f 267/619/391 281/563/391 295/415/391
f 267/619/433 270/631/433 271/630/433
f 268/408/357 259/467/357 255/427/357
f 268/408/357 270/400/357 259/467/357
f 269/373/361 272/391/361 279/396/361
f 269/373/361 279/396/361 275/374/361
f 270/631/358 253/691/358 259/689/358
f 270/631/358 267/619/358 253/691/358
f 272/391/302 270/400/302 268/408/302
f 272/391/362 268/408/362 276/409/362
f 272/391/362 276/409/362 279/396/362
f 272/391/434 271/384/434 270/400/434
f 273/381/303 272/391/303 269/373/303
f 273/381/435 271/384/435 272/391/435
f 274/154/304 278/153/304 280/166/304
f 274/154/436 277/151/436 278/153/436
f 275/374/365 277/382/365 294/315/365
f 275/374/365 294/315/365 290/355/365
f 275/374/399 282/354/399 269/373/399
f 275/374/399 290/355/399 282/354/399
f 277/151/366 274/154/366 288/91/366
f 277/151/366 288/91/366 294/93/366
f 279/396/305 277/382/305 275/374/305
f 279/396/437 278/398/437 277/382/437
f 280/401/306 279/396/306 276/409/306
f 280/401/438 278/398/438 279/396/438
f 281/563/307 285/496/307 287/471/307
f 281/563/439 284/565/439 285/496/439
f 282/354/363 273/381/363 269/373/363
f 282/354/363 284/314/363 273/381/363
f 283/265/367 286/292/367 293/293/367
f 283/265/367 293/293/367 289/266/367
f 284/565/364 267/619/364 273/616/364
f 284/565/364 281/563/364 267/619/364
f 286/292/308 284/314/308 282/354/308
f 286/292/368 282/354/368 290/355/368
f 286/292/368 290/355/368 293/293/368
f 286/292/440 285/290/440 284/314/440
f 287/279/309 286/292/309 283/265/309
f 287/279/441 285/290/441 286/292/441
f 288/91/310 292/60/310 294/93/310
f 288/91/394 274/154/394 260/219/394
f 288/91/442 291/50/442 292/60/442
f 289/266/400 296/196/400 283/265/400
f 289/266/400 304/197/400 296/196/400
f 293/293/311 291/280/311 289/266/311
f 293/293/443 292/295/443 291/280/443
f 294/315/312 293/293/312 290/355/312
f 294/315/444 292/295/444 293/293/444
f 295/415/313 299/406/313 301/403/313
f 295/415/391 309/416/391 323/564/391
f 295/415/445 298/413/445 299/406/445
f 296/196/369 287/279/369 283/265/369
f 296/196/369 298/193/369 287/279/369
f 297/169/373 300/179/373 307/180/373
f 297/169/373 307/180/373 303/170/373
f 298/413/370 281/563/370 287/471/370
f 298/413/370 295/415/370 281/563/370
f 300/179/314 298/193/314 296/196/314
f 300/179/374 296/196/374 304/197/374
f 300/179/374 304/197/374 307/180/374
f 300/179/446 299/177/446 298/193/446
f 301/174/315 300/179/315 297/169/315
f 301/174/447 299/177/447 300/179/447
f 302/31/316 306/19/316 308/29/316
f 302/31/448 305/20/448 306/19/448
f 303/170/377 305/175/377 322/144/377
f 303/170/377 322/144/377 318/149/377
f 303/170/401 310/148/401 297/169/401
f 303/170/401 318/149/401 310/148/401
f 304/197/371 289/266/371 291/280/371
f 304/197/371 291/280/371 308/194/371
f 305/20/378 302/31/378 316/32/378
f 305/20/378 316/32/378 322/21/378
f 307/180/317 305/175/317 303/170/317
f 307/180/449 306/182/449 305/175/449
f 308/194/318 307/180/318 304/197/318
f 308/194/450 306/182/450 307/180/450
f 308/29/372 288/91/372 302/31/372
f 308/29/372 291/50/372 288/91/372
f 309/416/319 313/405/319 315/414/319
f 309/416/451 312/404/451 313/405/451
f 310/148/375 301/174/375 297/169/375
f 310/148/375 312/143/375 301/174/375
f 311/121/379 314/138/379 321/139/379
f 311/121/379 321/139/379 317/122/379
f 311/121/381 324/65/381 326/62/381
f 311/121/381 326/62/381 315/124/381
f 312/404/376 295/415/376 301/403/376
f 312/404/376 309/416/376 295/415/376
f 314/138/320 312/143/320 310/148/320
f 314/138/380 310/148/380 318/149/380
f 314/138/380 318/149/380 321/139/380
f 314/138/452 313/136/452 312/143/452
f 315/124/321 314/138/321 311/121/321
f 315/124/453 313/136/453 314/138/453
f 315/414/382 323/564/382 309/416/382
f 315/414/382 326/472/382 323/564/382
f 316/32/322 320/22/322 322/21/322
f 316/32/394 260/219/394 232/367/394
f 316/32/394 288/91/394 260/219/394
f 316/32/394 302/31/394 288/91/394
f 316/32/454 319/30/454 320/22/454
f 317/122/383 319/125/383 336/63/383
f 317/122/383 336/63/383 332/66/383
f 317/122/402 324/65/402 311/121/402
f 317/122/402 332/66/402 324/65/402
f 319/30/384 316/32/384 330/92/384
f 319/30/384 330/92/384 336/51/384
f 321/139/323 319/125/323 317/122/323
f 321/139/455 320/141/455 319/125/455
f 322/144/324 321/139/324 318/149/324
f 322/144/456 320/141/456 321/139/456
f 323/564/325 327/495/325 329/566/325
f 323/564/391 197/624/391 211/692/391
f 323/564/391 211/692/391 239/751/391
f 323/564/457 326/472/457 327/495/457
f 325/43/385 328/55/385 335/56/385
f 325/43/385 335/56/385 331/44/385
f 328/55/326 326/62/326 324/65/326
f 328/55/386 324/65/386 332/66/386
f 328/55/386 332/66/386 335/56/386
f 328/55/458 327/53/458 326/62/458
f 329/46/327 328/55/327 325/43/327
f 329/46/459 327/53/459 328/55/459
f 330/92/328 334/61/328 336/51/328
f 330/92/460 333/94/460 334/61/460
f 331/44/389 210/18/389 206/25/389
f 331/44/389 333/47/389 210/18/389
f 331/44/393 198/24/393 325/43/393
f 331/44/393 206/25/393 198/24/393
f 333/94/390 204/159/390 210/152/390
f 333/94/390 330/92/390 204/159/390
f 335/56/329 333/47/329 331/44/329
f 335/56/461 334/58/461 333/47/461
f 336/63/330 335/56/330 332/66/330
f 336/63/462 334/58/462 335/56/462
g runner_boot_l_Cube.061
v 0.182000 0.000000 -0.127000
v 0.182000 0.018000 -0.145000
v 0.200000 0.018000 -0.127000
v 0.182000 0.005272 -0.139728
v 0.192392 0.007608 -0.137392
v 0.194728 0.018000 -0.139728
v 0.194728 0.005272 -0.127000
v 0.182000 0.082000 -0.145000
v 0.182000 0.100000 -0.127000
v 0.200000 0.082000 -0.127000
v 0.182000 0.094728 -0.139728
v 0.192392 0.092392 -0.137392
v 0.194728 0.094728 -0.127000
v 0.194728 0.082000 -0.139728
v 0.182000 0.000000 0.057000
v 0.200000 0.018000 0.057000
v 0.182000 0.018000 0.075000
v 0.194728 0.005272 0.057000
v 0.192392 0.007608 0.067392
v 0.194728 0.018000 0.069728
v 0.182000 0.005272 0.069728
v 0.182000 0.100000 0.057000
v 0.182000 0.082000 0.075000
v 0.200000 0.082000 0.057000
v 0.182000 0.094728 0.069728
v 0.192392 0.092392 0.067392
v 0.194728 0.082000 0.069728
v 0.194728 0.094728 0.057000
v 0.058000 0.000000 -0.127000
v 0.040000 0.018000 -0.127000
v 0.058000 0.018000 -0.145000
v 0.045272 0.005272 -0.127000
v 0.047608 0.007608 -0.137392
v 0.045272 0.018000 -0.139728
v 0.058000 0.005272 -0.139728
v 0.058000 0.100000 -0.127000
v 0.058000 0.082000 -0.145000
v 0.040000 0.082000 -0.127000
v 0.058000 0.094728 -0.139728
v 0.047608 0.092392 -0.137392
v 0.045272 0.082000 -0.139728
v 0.045272 0.094728 -0.127000
v 0.058000 0.000000 0.057000
v 0.058000 0.018000 0.075000
v 0.040000 0.018000 0.057000
v 0.058000 0.005272 0.069728
v 0.047608 0.007608 0.067392
v 0.045272 0.018000 0.069728
v 0.045272 0.005272 0.057000
v 0.058000 0.100000 0.057000
v 0.040000 0.082000 0.057000
v 0.058000 0.082000 0.075000
v 0.045272 0.094728 0.057000
v 0.047608 0.092392 0.067392
v 0.045272 0.082000 0.069728
v 0.058000 0.094728 0.069728
vn 0.3672 -0.8865 -0.2817
vn 0.2817 -0.3672 -0.8865
vn 0.8865 -0.2817 -0.3672
vn 0.3672 0.2817 -0.8865
vn 0.2817 0.8865 -0.3672
vn 0.8865 0.3672 -0.2817
vn 0.2817 -0.8865 0.3672
vn 0.8865 -0.3672 0.2817
vn 0.3672 -0.2817 0.8865
vn 0.3672 0.8865 0.2817
vn 0.2817 0.3672 0.8865
vn 0.8865 0.2817 0.3672
vn -0.2817 -0.8865 -0.3672
vn -0.8865 -0.3672 -0.2817
vn -0.3672 -0.2817 -0.8865
vn -0.3672 0.8865 -0.2817
vn -0.2817 0.3672 -0.8865
vn -0.8865 0.2817 -0.3672
vn -0.3672 -0.8865 0.2817
vn -0.2817 -0.3672 0.8865
vn -0.8865 -0.2817 0.3672
vn -0.2817 0.8865 0.3672
vn -0.8865 0.3672 0.2817
vn -0.3672 0.2817 0.8865
vn 0.3827 -0.9239 -0.0000
vn 0.9239 -0.3827 -0.0000
vn 0.3827 -0.0000 -0.9239
vn 0.9239 -0.0000 -0.3827
vn 0.3827 0.9239 -0.0000
vn 0.9239 0.3827 -0.0000
vn 0.3827 -0.0000 0.9239
vn 0.9239 -0.0000 0.3827
vn -0.0000 -0.9239 0.3827
vn -0.0000 -0.3827 0.9239
vn -0.0000 0.9239 0.3827
vn -0.0000 0.3827 0.9239
vn -0.9239 -0.0000 0.3827
vn -0.3827 -0.0000 0.9239
vn -0.3827 -0.9239 -0.0000
vn -0.9239 -0.3827 -0.0000
vn -0.3827 0.9239 -0.0000
vn -0.9239 0.3827 -0.0000
vn -0.3827 -0.0000 -0.9239
vn -0.9239 -0.0000 -0.3827
vn -0.0000 -0.9239 -0.3827
vn -0.0000 -0.3827 -0.9239
vn -0.0000 0.9239 -0.3827
vn -0.0000 0.3827 -0.9239
vn -0.0000 -1.0000 -0.0000
vn 1.0000 -0.0000 -0.0000
vn -0.0000 -0.0000 -1.0000
vn -0.0000 1.0000 -0.0000
vn -0.0000 -0.0000 1.0000
vn -1.0000 -0.0000 -0.0000
vn 0.2817 -0.8865 -0.3672
vn 0.3672 -0.2817 -0.8865
vn 0.8865 -0.3672 -0.2817
vn 0.2817 0.3672 -0.8865
vn 0.3672 0.8865 -0.2817
vn 0.8865 0.2817 -0.3672
vn 0.3672 -0.8865 0.2817
vn 0.8865 -0.2817 0.3672
vn 0.2817 -0.3672 0.8865
vn 0.2817 0.8865 0.3672
vn 0.3672 0.2817 0.8865
vn 0.8865 0.3672 0.2817
vn -0.3672 -0.8865 -0.2817
vn -0.8865 -0.2817 -0.3672
vn -0.2817 -0.3672 -0.8865
vn -0.2817 0.8865 -0.3672
vn -0.3672 0.2817 -0.8865
vn -0.8865 0.3672 -0.2817
vn -0.2817 -0.8865 0.3672
vn -0.3672 -0.2817 0.8865
vn -0.8865 -0.3672 0.2817
vn -0.3672 0.8865 0.2817
vn -0.8865 0.2817 0.3672
vn -0.2817 0.3672 0.8865
s 0
g runner_boot_l_M_navy
usemtl M_navy
f 337/116/463 341/105/463 343/85/463
f 337/116/487 343/85/487 354/78/487
f 337/116/487 354/78/487 351/115/487
f 337/116/517 340/117/517 341/105/517
f 338/348/464 341/288/464 340/259/464
f 338/348/518 342/352/518 341/288/518
f 339/318/465 341/226/465 342/316/465
f 339/318/519 343/230/519 341/226/519
f 343/230/488 339/318/488 352/323/488
f 343/230/488 352/323/488 354/237/488
f 344/462/466 348/552/466 350/466/466
f 344/462/489 342/352/489 338/348/489
f 344/462/489 350/466/489 342/352/489
f 344/462/520 347/549/520 348/552/520
f 345/668/467 348/712/467 347/669/467
f 345/668/509 347/669/509 375/576/509
f 345/668/509 375/576/509 372/582/509
f 345/668/521 349/708/521 348/712/521
f 346/432/468 348/494/468 349/520/468
f 346/432/512 352/323/512 339/318/512
f 346/432/512 360/437/512 352/323/512
f 346/432/522 350/430/522 348/494/522
f 347/549/510 344/462/510 373/461/510
f 347/549/510 373/461/510 375/576/510
f 350/430/490 339/318/490 342/316/490
f 350/430/490 346/432/490 339/318/490
f 351/115/469 355/74/469 357/114/469
f 351/115/495 357/114/495 382/207/495
f 351/115/495 382/207/495 379/201/495
f 351/115/523 354/78/523 355/74/523
f 352/323/470 355/284/470 354/237/470
f 352/323/524 356/325/524 355/284/524
f 353/329/471 355/284/471 356/325/471
f 353/329/493 356/325/493 363/439/493
f 353/329/493 363/439/493 359/443/493
f 353/329/525 357/243/525 355/284/525
f 356/325/494 352/323/494 360/437/494
f 356/325/494 360/437/494 363/439/494
f 357/243/496 353/329/496 380/330/496
f 357/243/496 380/330/496 382/207/496
f 358/667/472 362/678/472 364/701/472
f 358/667/491 349/708/491 345/668/491
f 358/667/491 364/701/491 349/708/491
f 358/667/514 345/668/514 372/582/514
f 358/667/514 372/582/514 386/581/514
f 358/667/526 361/666/526 362/678/526
f 359/443/473 362/500/473 361/533/473
f 359/443/515 380/330/515 353/329/515
f 359/443/515 388/444/515 380/330/515
f 359/443/527 363/439/527 362/500/527
f 360/437/474 362/500/474 363/439/474
f 360/437/528 364/527/528 362/500/528
f 364/527/492 346/432/492 349/520/492
f 364/527/492 360/437/492 346/432/492
f 365/202/475 369/278/475 371/208/475
f 365/202/507 340/117/507 337/116/507
f 365/202/507 371/208/507 340/117/507
f 365/202/529 368/255/529 369/278/529
f 366/341/476 369/278/476 368/255/476
f 366/341/530 370/343/530 369/278/530
f 367/347/477 369/278/477 370/343/477
f 367/347/505 370/343/505 377/457/505
f 367/347/505 377/457/505 373/461/505
f 367/347/531 371/208/531 369/278/531
f 370/343/506 366/341/506 374/455/506
f 370/343/506 374/455/506 377/457/506
f 371/208/508 338/348/508 340/259/508
f 371/208/508 367/347/508 338/348/508
f 372/582/478 376/513/478 378/545/478
f 372/582/503 378/545/503 389/538/503
f 372/582/503 389/538/503 386/581/503
f 372/582/532 375/576/532 376/513/532
f 373/461/479 376/513/479 375/576/479
f 373/461/513 338/348/513 367/347/513
f 373/461/513 344/462/513 338/348/513
f 373/461/533 377/457/533 376/513/533
f 374/455/480 376/513/480 377/457/480
f 374/455/534 378/545/534 376/513/534
f 378/545/504 374/455/504 387/450/504
f 378/545/504 387/450/504 389/538/504
f 379/201/481 383/269/481 385/248/481
f 379/201/501 368/255/501 365/202/501
f 379/201/501 385/248/501 368/255/501
f 379/201/511 337/116/511 351/115/511
f 379/201/511 365/202/511 337/116/511
f 379/201/535 382/207/535 383/269/535
f 380/330/482 383/269/482 382/207/482
f 380/330/536 384/334/536 383/269/536
f 381/336/483 383/269/483 384/334/483
f 381/336/499 384/334/499 391/448/499
f 381/336/499 391/448/499 387/450/499
f 381/336/537 385/248/537 383/269/537
f 384/334/500 380/330/500 388/444/500
f 384/334/500 388/444/500 391/448/500
f 385/248/502 366/341/502 368/255/502
f 385/248/502 381/336/502 366/341/502
f 386/581/484 390/504/484 392/575/484
f 386/581/497 361/666/497 358/667/497
f 386/581/497 392/575/497 361/666/497
f 386/581/538 389/538/538 390/504/538
f 387/450/485 390/504/485 389/538/485
f 387/450/516 366/341/516 381/336/516
f 387/450/516 374/455/516 366/341/516
f 387/450/539 391/448/539 390/504/539
f 388/444/486 390/504/486 391/448/486
f 388/444/540 392/575/540 390/504/540
f 392/575/498 359/443/498 361/533/498
f 392/575/498 388/444/498 359/443/498
g runner_boot_r_Cube.062
v -0.058000 0.000000 -0.127000
v -0.058000 0.018000 -0.145000
v -0.040000 0.018000 -0.127000
v -0.058000 0.005272 -0.139728
v -0.047608 0.007608 -0.137392
v -0.045272 0.018000 -0.139728
v -0.045272 0.005272 -0.127000
v -0.058000 0.082000 -0.145000
v -0.058000 0.100000 -0.127000
v -0.040000 0.082000 -0.127000
v -0.058000 0.094728 -0.139728
v -0.047608 0.092392 -0.137392
v -0.045272 0.094728 -0.127000
v -0.045272 0.082000 -0.139728
v -0.058000 0.000000 0.057000
v -0.040000 0.018000 0.057000
v -0.058000 0.018000 0.075000
v -0.045272 0.005272 0.057000
v -0.047608 0.007608 0.067392
v -0.045272 0.018000 0.069728
v -0.058000 0.005272 0.069728
v -0.058000 0.100000 0.057000
v -0.058000 0.082000 0.075000
v -0.040000 0.082000 0.057000
v -0.058000 0.094728 0.069728
v -0.047608 0.092392 0.067392
v -0.045272 0.082000 0.069728
v -0.045272 0.094728 0.057000
v -0.182000 0.000000 -0.127000
v -0.200000 0.018000 -0.127000
v -0.182000 0.018000 -0.145000
v -0.194728 0.005272 -0.127000
v -0.192392 0.007608 -0.137392
v -0.194728 0.018000 -0.139728
v -0.182000 0.005272 -0.139728
v -0.182000 0.100000 -0.127000
v -0.182000 0.082000 -0.145000
v -0.200000 0.082000 -0.127000
v -0.182000 0.094728 -0.139728
v -0.192392 0.092392 -0.137392
v -0.194728 0.082000 -0.139728
v -0.194728 0.094728 -0.127000
v -0.182000 0.000000 0.057000
v -0.182000 0.018000 0.075000
v -0.200000 0.018000 0.057000
v -0.182000 0.005272 0.069728
v -0.192392 0.007608 0.067392
v -0.194728 0.018000 0.069728
v -0.194728 0.005272 0.057000
v -0.182000 0.100000 0.057000
v -0.200000 0.082000 0.057000
v -0.182000 0.082000 0.075000
v -0.194728 0.094728 0.057000
v -0.192392 0.092392 0.067392
v -0.194728 0.082000 0.069728
v -0.182000 0.094728 0.069728
vn 0.3672 -0.8865 -0.2817
vn 0.2817 -0.3672 -0.8865
vn 0.8865 -0.2817 -0.3672
vn 0.3672 0.2817 -0.8865
vn 0.2817 0.8865 -0.3672
vn 0.8865 0.3672 -0.2817
vn 0.2817 -0.8865 0.3672
vn 0.8865 -0.3672 0.2817
vn 0.3672 -0.2817 0.8865
vn 0.3672 0.8865 0.2817
vn 0.2817 0.3672 0.8865
vn 0.8865 0.2817 0.3672
vn -0.2817 -0.8865 -0.3672
vn -0.8865 -0.3672 -0.2817
vn -0.3672 -0.2817 -0.8865
vn -0.3672 0.8865 -0.2817
vn -0.2817 0.3672 -0.8865
vn -0.8865 0.2817 -0.3672
vn -0.3672 -0.8865 0.2817
vn -0.2817 -0.3672 0.8865
vn -0.8865 -0.2817 0.3672
vn -0.2817 0.8865 0.3672
vn -0.8865 0.3672 0.2817
vn -0.3672 0.2817 0.8865
vn 0.3827 -0.9239 -0.0000
vn 0.9239 -0.3827 -0.0000
vn 0.3827 -0.0000 -0.9239
vn 0.9239 -0.0000 -0.3827
vn 0.3827 0.9239 -0.0000
vn 0.9239 0.3827 -0.0000
vn 0.3827 -0.0000 0.9239
vn 0.9239 -0.0000 0.3827
vn -0.0000 -0.9239 0.3827
vn -0.0000 -0.3827 0.9239
vn -0.0000 0.9239 0.3827
vn -0.0000 0.3827 0.9239
vn -0.9239 -0.0000 0.3827
vn -0.3827 -0.0000 0.9239
vn -0.3827 -0.9239 -0.0000
vn -0.9239 -0.3827 -0.0000
vn -0.3827 0.9239 -0.0000
vn -0.9239 0.3827 -0.0000
vn -0.3827 -0.0000 -0.9239
vn -0.9239 -0.0000 -0.3827
vn -0.0000 -0.9239 -0.3827
vn -0.0000 -0.3827 -0.9239
vn -0.0000 0.9239 -0.3827
vn -0.0000 0.3827 -0.9239
vn -0.0000 -1.0000 -0.0000
vn 1.0000 -0.0000 -0.0000
vn -0.0000 -0.0000 -1.0000
vn -0.0000 1.0000 -0.0000
vn -0.0000 -0.0000 1.0000
vn -1.0000 -0.0000 -0.0000
vn 0.2817 -0.8865 -0.3672
vn 0.3672 -0.2817 -0.8865
vn 0.8865 -0.3672 -0.2817
vn 0.2817 0.3672 -0.8865
vn 0.3672 0.8865 -0.2817
vn 0.8865 0.2817 -0.3672
vn 0.3672 -0.8865 0.2817
vn 0.8865 -0.2817 0.3672
vn 0.2817 -0.3672 0.8865
vn 0.2817 0.8865 0.3672
vn 0.3672 0.2817 0.8865
vn 0.8865 0.3672 0.2817
vn -0.3672 -0.8865 -0.2817
vn -0.8865 -0.2817 -0.3672
vn -0.2817 -0.3672 -0.8865
vn -0.2817 0.8865 -0.3672
vn -0.3672 0.2817 -0.8865
vn -0.8865 0.3672 -0.2817
vn -0.2817 -0.8865 0.3672
vn -0.3672 -0.2817 0.8865
vn -0.8865 -0.3672 0.2817
vn -0.3672 0.8865 0.2817
vn -0.8865 0.2817 0.3672
vn -0.2817 0.3672 0.8865
s 0
g runner_boot_r_M_navy
usemtl M_navy
f 393/116/541 397/105/541 399/85/541
f 393/116/565 399/85/565 410/78/565
f 393/116/565 410/78/565 407/115/565
f 393/116/595 396/117/595 397/105/595
f 394/348/542 397/288/542 396/259/542
f 394/348/596 398/352/596 397/288/596
f 395/318/543 397/226/543 398/316/543
f 395/318/597 399/230/597 397/226/597
f 399/230/566 395/318/566 408/323/566
f 399/230/566 408/323/566 410/237/566
f 400/462/544 404/552/544 406/466/544
f 400/462/567 398/352/567 394/348/567
f 400/462/567 406/466/567 398/352/567
f 400/462/598 403/549/598 404/552/598
f 401/668/545 404/712/545 403/669/545
f 401/668/587 403/669/587 431/576/587
f 401/668/587 431/576/587 428/582/587
f 401/668/599 405/708/599 404/712/599
f 402/432/546 404/494/546 405/520/546
f 402/432/590 408/323/590 395/318/590
f 402/432/590 416/437/590 408/323/590
f 402/432/600 406/430/600 404/494/600
f 403/549/588 400/462/588 429/461/588
f 403/549/588 429/461/588 431/576/588
f 406/430/568 395/318/568 398/316/568
f 406/430/568 402/432/568 395/318/568
f 407/115/547 411/74/547 413/114/547
f 407/115/573 413/114/573 438/207/573
f 407/115/573 438/207/573 435/201/573
f 407/115/601 410/78/601 411/74/601
f 408/323/548 411/284/548 410/237/548
f 408/323/602 412/325/602 411/284/602
f 409/329/549 411/284/549 412/325/549
f 409/329/571 412/325/571 419/439/571
f 409/329/571 419/439/571 415/443/571
f 409/329/603 413/243/603 411/284/603
f 412/325/572 408/323/572 416/437/572
f 412/325/572 416/437/572 419/439/572
f 413/243/574 409/329/574 436/330/574
f 413/243/574 436/330/574 438/207/574
f 414/667/550 418/678/550 420/701/550
f 414/667/569 405/708/569 401/668/569
f 414/667/569 420/701/569 405/708/569
f 414/667/592 401/668/592 428/582/592
f 414/667/592 428/582/592 442/581/592
f 414/667/604 417/666/604 418/678/604
f 415/443/551 418/500/551 417/533/551
f 415/443/593 436/330/593 409/329/593
f 415/443/593 444/444/593 436/330/593
f 415/443/605 419/439/605 418/500/605
f 416/437/552 418/500/552 419/439/552
f 416/437/606 420/527/606 418/500/606
f 420/527/570 402/432/570 405/520/570
f 420/527/570 416/437/570 402/432/570
f 421/202/553 425/278/553 427/208/553
f 421/202/585 396/117/585 393/116/585
f 421/202/585 427/208/585 396/117/585
f 421/202/607 424/255/607 425/278/607
f 422/341/554 425/278/554 424/255/554
f 422/341/608 426/343/608 425/278/608
f 423/347/555 425/278/555 426/343/555
f 423/347/583 426/343/583 433/457/583
f 423/347/583 433/457/583 429/461/583
f 423/347/609 427/208/609 425/278/609
f 426/343/584 422/341/584 430/455/584
f 426/343/584 430/455/584 433/457/584
f 427/208/586 394/348/586 396/259/586
f 427/208/586 423/347/586 394/348/586
f 428/582/556 432/513/556 434/545/556
f 428/582/581 434/545/581 445/538/581
f 428/582/581 445/538/581 442/581/581
f 428/582/610 431/576/610 432/513/610
f 429/461/557 432/513/557 431/576/557
f 429/461/591 394/348/591 423/347/591
f 429/461/591 400/462/591 394/348/591
f 429/461/611 433/457/611 432/513/611
f 430/455/558 432/513/558 433/457/558
f 430/455/612 434/545/612 432/513/612
f 434/545/582 430/455/582 443/450/582
f 434/545/582 443/450/582 445/538/582
f 435/201/559 439/269/559 441/248/559
f 435/201/579 424/255/579 421/202/579
f 435/201/579 441/248/579 424/255/579
f 435/201/589 393/116/589 407/115/589
f 435/201/589 421/202/589 393/116/589
f 435/201/613 438/207/613 439/269/613
f 436/330/560 439/269/560 438/207/560
f 436/330/614 440/334/614 439/269/614
f 437/336/561 439/269/561 440/334/561
f 437/336/577 440/334/577 447/448/577
f 437/336/577 447/448/577 443/450/577
f 437/336/615 441/248/615 439/269/615
f 440/334/578 436/330/578 444/444/578
f 440/334/578 444/444/578 447/448/578
f 441/248/580 422/341/580 424/255/580
f 441/248/580 437/336/580 422/341/580
f 442/581/562 446/504/562 448/575/562
f 442/581/575 417/666/575 414/667/575
f 442/581/575 448/575/575 417/666/575
f 442/581/616 445/538/616 446/504/616
f 443/450/563 446/504/563 445/538/563
f 443/450/594 422/341/594 437/336/594
f 443/450/594 430/455/594 422/341/594
f 443/450/617 447/448/617 446/504/617
f 444/444/564 446/504/564 447/448/564
f 444/444/618 448/575/618 446/504/618
f 448/575/576 415/443/576 417/533/576
f 448/575/576 444/444/576 415/443/576
g runner_head_Sphere.007
v 0.000000 1.027500 0.000000
v 0.000000 0.962576 0.104363
v 0.000000 0.870000 0.129000
v 0.000000 0.821330 0.122686
v 0.000000 0.777424 0.104363
v 0.000000 0.720209 0.039863
v 0.000000 0.712500 0.000000
v -0.016319 1.019791 0.036829
v -0.031041 0.997420 0.070053
v -0.042724 0.962576 0.096419
v -0.050226 0.918670 0.113347
v -0.052810 0.870000 0.119180
v -0.050226 0.821330 0.113347
v -0.042724 0.777424 0.096419
v -0.031041 0.742580 0.070053
v -0.016319 0.720209 0.036829
v -0.030154 1.019791 0.028188
v -0.057357 0.997420 0.053616
v -0.078944 0.962576 0.073796
v -0.092805 0.918670 0.086752
v -0.097581 0.870000 0.091217
v -0.092805 0.821330 0.086752
v -0.078944 0.777424 0.073796
v -0.057357 0.742580 0.053616
v -0.030154 0.720209 0.028188
v -0.039398 1.019791 0.015255
v -0.074940 0.997420 0.029017
v -0.103146 0.962576 0.039938
v -0.121255 0.918670 0.046950
v -0.127495 0.870000 0.049366
v -0.121255 0.821330 0.046950
v -0.103146 0.777424 0.039938
v -0.074940 0.742580 0.029017
v -0.039398 0.720209 0.015255
v -0.042644 1.019791 -0.000000
v -0.081114 0.997420 -0.000000
v -0.111644 0.962576 -0.000000
v -0.131246 0.918670 -0.000000
v -0.138000 0.870000 -0.000000
v -0.131246 0.821330 -0.000000
v -0.111644 0.777424 -0.000000
v -0.081114 0.742580 -0.000000
v -0.042644 0.720209 -0.000000
v -0.039398 1.019791 -0.015255
v -0.074940 0.997420 -0.029017
v -0.103146 0.962576 -0.039938
v -0.121255 0.918670 -0.046950
v -0.127495 0.870000 -0.049366
v -0.121255 0.821330 -0.046950
v -0.103146 0.777424 -0.039938
v -0.074940 0.742580 -0.029017
v -0.039398 0.720209 -0.015255
v -0.030154 1.019791 -0.028188
v -0.057357 0.997420 -0.053616
v -0.078944 0.962576 -0.073796
v -0.092805 0.918670 -0.086752
v -0.097581 0.870000 -0.091217
v -0.092805 0.821330 -0.086752
v -0.078944 0.777424 -0.073796
v -0.057357 0.742580 -0.053616
v -0.030154 0.720209 -0.028188
v -0.016319 1.019791 -0.036829
v -0.031041 0.997420 -0.070053
v -0.042724 0.962576 -0.096419
v -0.050226 0.918670 -0.113347
v -0.052810 0.870000 -0.119180
v -0.050226 0.821330 -0.113347
v -0.042724 0.777424 -0.096419
v -0.031041 0.742580 -0.070053
v -0.016319 0.720209 -0.036829
v 0.000000 1.019791 -0.039863
v 0.000000 0.997420 -0.075824
v 0.000000 0.962576 -0.104363
v 0.000000 0.918670 -0.122686
v 0.000000 0.870000 -0.129000
v 0.000000 0.821330 -0.122686
v 0.000000 0.777424 -0.104363
v 0.000000 0.742580 -0.075824
v 0.000000 0.720209 -0.039863
v 0.016319 1.019791 -0.036829
v 0.031041 0.997420 -0.070052
v 0.042724 0.962576 -0.096419
v 0.050226 0.918670 -0.113347
v 0.052810 0.870000 -0.119180
v 0.050226 0.821330 -0.113347
v 0.042724 0.777424 -0.096419
v 0.031041 0.742580 -0.070052
v 0.016319 0.720209 -0.036829
v 0.030154 1.019791 -0.028188
v 0.057357 0.997420 -0.053616
v 0.078944 0.962576 -0.073796
v 0.092805 0.918670 -0.086752
v 0.097581 0.870000 -0.091217
v 0.092805 0.821330 -0.086752
v 0.078944 0.777424 -0.073796
v 0.057357 0.742580 -0.053616
v 0.030154 0.720209 -0.028188
v 0.039398 1.019791 -0.015255
v 0.074940 0.997420 -0.029017
v 0.103146 0.962576 -0.039938
v 0.121255 0.918670 -0.046950
v 0.127495 0.870000 -0.049366
v 0.121255 0.821330 -0.046950
v 0.103146 0.777424 -0.039938
v 0.074940 0.742580 -0.029017
v 0.039398 0.720209 -0.015255
v 0.042644 1.019791 0.000000
v 0.081114 0.997420 0.000000
v 0.111644 0.962576 0.000000
v 0.131246 0.918670 0.000000
v 0.138000 0.870000 0.000000
v 0.131246 0.821330 0.000000
v 0.111644 0.777424 0.000000
v 0.081114 0.742580 0.000000
v 0.042644 0.720209 0.000000
v 0.039398 1.019791 0.015255
v 0.074940 0.997420 0.029017
v 0.103146 0.962576 0.039938
v 0.121255 0.918670 0.046950
v 0.127495 0.870000 0.049366
v 0.121255 0.821330 0.046950
v 0.103146 0.777424 0.039938
v 0.074940 0.742580 0.029017
v 0.039398 0.720209 0.015255
v 0.030154 1.019791 0.028188
v 0.057356 0.997420 0.053616
v 0.078944 0.962576 0.073796
v 0.092805 0.918670 0.086752
v 0.097581 0.870000 0.091217
v 0.092805 0.821330 0.086752
v 0.078944 0.777424 0.073796
v 0.057356 0.742580 0.053616
v 0.030154 0.720209 0.028188
v 0.016319 1.019791 0.036829
v 0.031041 0.997420 0.070053
v 0.042724 0.962576 0.096419
v 0.050226 0.918670 0.113347
v 0.052810 0.870000 0.119180
v 0.050226 0.821330 0.113347
v 0.042724 0.777424 0.096419
v 0.031041 0.742580 0.070053
v 0.016319 0.720209 0.036829
v -0.000000 1.019791 0.039863
v -0.000000 0.997420 0.075824
v -0.000000 0.918670 0.122686
v -0.000000 0.742580 0.075824
vn -0.0000 1.0000 -0.0000
vn -0.0000 0.5075 0.8616
vn -0.0000 -0.0000 1.0000
vn -0.0000 -0.2554 0.9668
vn -0.0000 -0.5075 0.8616
vn -0.0000 -0.9236 0.3833
vn -0.0000 -1.0000 -0.0000
vn -0.1369 0.9247 0.3553
vn -0.2413 0.7449 0.6221
vn -0.3118 0.5107 0.8012
vn -0.3509 0.2575 0.9003
vn -0.3633 -0.0000 0.9317
vn -0.3509 -0.2575 0.9003
vn -0.3118 -0.5107 0.8012
vn -0.2413 -0.7449 0.6221
vn -0.1369 -0.9247 0.3553
vn -0.2552 0.9272 0.2743
vn -0.4509 0.7516 0.4815
vn -0.5854 0.5187 0.6231
vn -0.6613 0.2627 0.7027
vn -0.6855 -0.0000 0.7281
vn -0.6613 -0.2627 0.7027
vn -0.5854 -0.5187 0.6231
vn -0.4509 -0.7516 0.4815
vn -0.2552 -0.9272 0.2743
vn -0.3364 0.9297 0.1498
vn -0.5960 0.7585 0.2636
vn -0.7776 0.5270 0.3428
vn -0.8818 0.2681 0.3880
vn -0.9154 -0.0000 0.4026
vn -0.8818 -0.2681 0.3880
vn -0.7776 -0.5270 0.3428
vn -0.5960 -0.7585 0.2636
vn -0.3364 -0.9297 0.1498
vn -0.3655 0.9308 -0.0000
vn -0.6482 0.7614 -0.0000
vn -0.8476 0.5306 -0.0000
vn -0.9627 0.2705 -0.0000
vn -1.0000 -0.0000 -0.0000
vn -0.9627 -0.2705 -0.0000
vn -0.8476 -0.5306 -0.0000
vn -0.6482 -0.7614 -0.0000
vn -0.3655 -0.9308 -0.0000
vn -0.3364 0.9297 -0.1498
vn -0.5960 0.7585 -0.2636
vn -0.7776 0.5270 -0.3428
vn -0.8818 0.2681 -0.3880
vn -0.9154 -0.0000 -0.4026
vn -0.8818 -0.2681 -0.3880
vn -0.7776 -0.5270 -0.3428
vn -0.5960 -0.7585 -0.2636
vn -0.3364 -0.9297 -0.1498
vn -0.2552 0.9272 -0.2743
vn -0.4509 0.7516 -0.4815
vn -0.5854 0.5187 -0.6231
vn -0.6613 0.2627 -0.7027
vn -0.6855 -0.0000 -0.7281
vn -0.6613 -0.2627 -0.7027
vn -0.5854 -0.5187 -0.6231
vn -0.4509 -0.7516 -0.4815
vn -0.2552 -0.9272 -0.2743
vn -0.1369 0.9247 -0.3553
vn -0.2413 0.7449 -0.6221
vn -0.3118 0.5107 -0.8012
vn -0.3509 0.2575 -0.9003
vn -0.3633 -0.0000 -0.9317
vn -0.3509 -0.2575 -0.9003
vn -0.3118 -0.5107 -0.8012
vn -0.2413 -0.7449 -0.6221
vn -0.1369 -0.9247 -0.3553
vn -0.0000 0.9236 -0.3833
vn -0.0000 0.7421 -0.6703
vn -0.0000 0.5075 -0.8616
vn -0.0000 0.2554 -0.9668
vn -0.0000 -0.0000 -1.0000
vn -0.0000 -0.2554 -0.9668
vn -0.0000 -0.5075 -0.8616
vn -0.0000 -0.7421 -0.6703
vn -0.0000 -0.9236 -0.3833
vn 0.1369 0.9247 -0.3553
vn 0.2413 0.7449 -0.6221
vn 0.3118 0.5107 -0.8012
vn 0.3509 0.2575 -0.9003
vn 0.3633 -0.0000 -0.9317
vn 0.3509 -0.2575 -0.9003
vn 0.3118 -0.5107 -0.8012
vn 0.2413 -0.7449 -0.6221
vn 0.1369 -0.9247 -0.3553
vn 0.2552 0.9272 -0.2743
vn 0.4509 0.7516 -0.4815
vn 0.5854 0.5187 -0.6231
vn 0.6613 0.2627 -0.7027
vn 0.6855 -0.0000 -0.7281
vn 0.6613 -0.2627 -0.7027
vn 0.5854 -0.5187 -0.6231
vn 0.4509 -0.7516 -0.4815
vn 0.2552 -0.9272 -0.2743
vn 0.3364 0.9297 -0.1498
vn 0.5960 0.7585 -0.2636
vn 0.7776 0.5270 -0.3428
vn 0.8818 0.2681 -0.3880
vn 0.9154 -0.0000 -0.4026
vn 0.8818 -0.2681 -0.3880
vn 0.7776 -0.5270 -0.3428
vn 0.5960 -0.7585 -0.2636
vn 0.3364 -0.9297 -0.1498
vn 0.3655 0.9308 -0.0000
vn 0.6482 0.7614 -0.0000
vn 0.8476 0.5306 -0.0000
vn 0.9627 0.2705 -0.0000
vn 1.0000 -0.0000 -0.0000
vn 0.9627 -0.2705 -0.0000
vn 0.8476 -0.5306 -0.0000
vn 0.6482 -0.7614 -0.0000
vn 0.3655 -0.9308 -0.0000
vn 0.3364 0.9297 0.1498
vn 0.5960 0.7585 0.2636
vn 0.7776 0.5270 0.3428
vn 0.8818 0.2681 0.3880
vn 0.9154 -0.0000 0.4026
vn 0.8818 -0.2681 0.3880
vn 0.7776 -0.5270 0.3428
vn 0.5960 -0.7585 0.2636
vn 0.3364 -0.9297 0.1498
vn 0.2552 0.9272 0.2743
vn 0.4509 0.7516 0.4815
vn 0.5854 0.5187 0.6231
vn 0.6613 0.2627 0.7027
vn 0.6855 -0.0000 0.7281
vn 0.6613 -0.2627 0.7027
vn 0.5854 -0.5187 0.6231
vn 0.4509 -0.7516 0.4815
vn 0.2552 -0.9272 0.2743
vn 0.1369 0.9247 0.3553
vn 0.2413 0.7449 0.6221
vn 0.3118 0.5107 0.8012
vn 0.3509 0.2575 0.9003
vn 0.3633 -0.0000 0.9317
vn 0.3509 -0.2575 0.9003
vn 0.3118 -0.5107 0.8012
vn 0.2413 -0.7449 0.6221
vn 0.1369 -0.9247 0.3553
vn -0.0000 0.9236 0.3833
vn -0.0000 0.7421 0.6703
vn -0.0000 0.2554 0.9668
vn -0.0000 -0.7421 0.6703
s 1
g runner_head_M_cream
usemtl M_cream
f 450/627/620 457/598/627 458/597/628
f 450/627/620 592/628/762 457/598/627
f 451/625/621 459/596/629 460/595/630
f 451/625/621 460/595/630 461/594/631
f 451/625/621 461/594/631 452/623/622
f 451/625/621 593/626/763 459/596/629
f 452/623/622 461/594/631 462/593/632
f 452/623/622 462/593/632 453/622/623
f 453/622/623 462/593/632 463/592/633
f 453/622/623 463/592/633 594/621/764
f 455/118/625 536/126/706 545/68/715
f 455/145/625 527/155/697 536/126/706
f 455/172/625 518/184/688 527/155/697
f 455/199/625 509/233/679 518/184/688
f 455/27/625 554/33/724 563/1/733
f 455/312/625 500/357/670 509/233/679
f 455/370/625 491/385/661 500/357/670
f 455/411/625 482/417/652 491/385/661
f 455/469/625 473/523/643 482/417/652
f 455/48/625 545/68/715 554/33/724
f 455/583/625 464/591/634 473/523/643
f 455/610/625 454/620/624 464/591/634
f 455/637/625 590/649/760 454/620/624
f 455/664/625 581/695/751 590/649/760
f 455/734/625 572/742/742 581/695/751
f 455/755/625 563/768/733 572/742/742
f 456/599/626 449/584/619 465/548/635
f 457/598/627 456/599/626 465/548/635
f 457/598/627 465/548/635 466/547/636
f 458/597/628 457/598/627 466/547/636
f 458/597/628 466/547/636 467/542/637
f 459/596/629 458/597/628 467/542/637
f 459/596/629 467/542/637 468/541/638
f 460/595/630 459/596/629 468/541/638
f 460/595/630 468/541/638 469/536/639
f 460/595/630 469/536/639 470/535/640
f 460/595/630 470/535/640 461/594/631
f 461/594/631 470/535/640 471/534/641
f 461/594/631 471/534/641 462/593/632
f 462/593/632 471/534/641 472/524/642
f 462/593/632 472/524/642 463/592/633
f 463/592/633 472/524/642 473/523/643
f 463/592/633 473/523/643 464/591/634
f 465/548/635 449/470/619 474/425/644
f 466/547/636 465/548/635 474/425/644
f 466/547/636 474/425/644 475/424/645
f 467/542/637 466/547/636 475/424/645
f 467/542/637 475/424/645 476/423/646
f 468/541/638 467/542/637 476/423/646
f 468/541/638 476/423/646 477/422/647
f 469/536/639 468/541/638 477/422/647
f 469/536/639 477/422/647 478/421/648
f 469/536/639 478/421/648 479/420/649
f 469/536/639 479/420/649 470/535/640
f 470/535/640 479/420/649 480/419/650
f 470/535/640 480/419/650 471/534/641
f 471/534/641 480/419/650 481/418/651
f 471/534/641 481/418/651 472/524/642
f 472/524/642 481/418/651 482/417/652
f 472/524/642 482/417/652 473/523/643
f 474/425/644 449/412/619 483/395/653
f 475/424/645 474/425/644 483/395/653
f 475/424/645 483/395/653 484/394/654
f 476/423/646 475/424/645 484/394/654
f 476/423/646 484/394/654 485/393/655
f 477/422/647 476/423/646 485/393/655
f 477/422/647 485/393/655 486/392/656
f 478/421/648 477/422/647 486/392/656
f 478/421/648 486/392/656 487/389/657
f 478/421/648 487/389/657 488/388/658
f 478/421/648 488/388/658 479/420/649
f 479/420/649 488/388/658 489/387/659
f 479/420/649 489/387/659 480/419/650
f 480/419/650 489/387/659 490/386/660
f 480/419/650 490/386/660 481/418/651
f 481/418/651 490/386/660 491/385/661
f 481/418/651 491/385/661 482/417/652
f 483/395/653 449/371/619 492/365/662
f 483/395/653 492/365/662 493/364/663
f 483/395/653 493/364/663 484/394/654
f 484/394/654 493/364/663 494/363/664
f 484/394/654 494/363/664 485/393/655
f 485/393/655 494/363/664 495/362/665
f 485/393/655 495/362/665 486/392/656
f 486/392/656 495/362/665 496/361/666
f 486/392/656 496/361/666 487/389/657
f 488/388/658 487/389/657 496/361/666
f 488/388/658 496/361/666 497/360/667
f 489/387/659 488/388/658 497/360/667
f 489/387/659 497/360/667 498/359/668
f 490/386/660 489/387/659 498/359/668
f 490/386/660 498/359/668 499/358/669
f 491/385/661 490/386/660 499/358/669
f 491/385/661 499/358/669 500/357/670
f 492/365/662 449/313/619 501/258/671
f 492/365/662 501/258/671 502/257/672
f 492/365/662 502/257/672 493/364/663
f 493/364/663 502/257/672 503/252/673
f 493/364/663 503/252/673 494/363/664
f 494/363/664 503/252/673 504/251/674
f 494/363/664 504/251/674 495/362/665
f 495/362/665 504/251/674 505/246/675
f 495/362/665 505/246/675 496/361/666
f 497/360/667 496/361/666 505/246/675
f 497/360/667 505/246/675 506/245/676
f 498/359/668 497/360/667 506/245/676
f 498/359/668 506/245/676 507/244/677
f 499/358/669 498/359/668 507/244/677
f 499/358/669 507/244/677 508/234/678
f 500/357/670 499/358/669 508/234/678
f 500/357/670 508/234/678 509/233/679
f 501/258/671 449/200/619 510/192/680
f 501/258/671 510/192/680 511/191/681
f 501/258/671 511/191/681 502/257/672
f 502/257/672 511/191/681 512/190/682
f 502/257/672 512/190/682 503/252/673
f 503/252/673 512/190/682 513/189/683
f 503/252/673 513/189/683 504/251/674
f 504/251/674 513/189/683 514/188/684
f 504/251/674 514/188/684 505/246/675
f 506/245/676 505/246/675 514/188/684
f 506/245/676 514/188/684 515/187/685
f 507/244/677 506/245/676 515/187/685
f 507/244/677 515/187/685 516/186/686
f 508/234/678 507/244/677 516/186/686
f 508/234/678 516/186/686 517/185/687
f 509/233/679 508/234/678 517/185/687
f 509/233/679 517/185/687 518/184/688
f 510/192/680 449/173/619 519/164/689
f 510/192/680 519/164/689 520/163/690
f 510/192/680 520/163/690 511/191/681
f 511/191/681 520/163/690 521/162/691
f 511/191/681 521/162/691 512/190/682
f 512/190/682 521/162/691 522/161/692
f 512/190/682 522/161/692 513/189/683
f 513/189/683 522/161/692 523/160/693
f 513/189/683 523/160/693 514/188/684
f 515/187/685 514/188/684 523/160/693
f 515/187/685 523/160/693 524/158/694
f 516/186/686 515/187/685 524/158/694
f 516/186/686 524/158/694 525/157/695
f 517/185/687 516/186/686 525/157/695
f 517/185/687 525/157/695 526/156/696
f 518/184/688 517/185/687 526/156/696
f 518/184/688 526/156/696 527/155/697
f 519/164/689 449/146/619 528/134/698
f 520/163/690 519/164/689 528/134/698
f 520/163/690 528/134/698 529/133/699
f 521/162/691 520/163/690 529/133/699
f 521/162/691 529/133/699 530/132/700
f 522/161/692 521/162/691 530/132/700
f 522/161/692 530/132/700 531/131/701
f 523/160/693 522/161/692 531/131/701
f 523/160/693 531/131/701 532/130/702
f 523/160/693 532/130/702 533/129/703
f 523/160/693 533/129/703 524/158/694
f 524/158/694 533/129/703 534/128/704
f 524/158/694 534/128/704 525/157/695
f 525/157/695 534/128/704 535/127/705
f 525/157/695 535/127/705 526/156/696
f 526/156/696 535/127/705 536/126/706
f 526/156/696 536/126/706 527/155/697
f 528/134/698 449/119/619 537/88/707
f 529/133/699 528/134/698 537/88/707
f 529/133/699 537/88/707 538/87/708
f 530/132/700 529/133/699 538/87/708
f 530/132/700 538/87/708 539/82/709
f 531/131/701 530/132/700 539/82/709
f 531/131/701 539/82/709 540/81/710
f 532/130/702 531/131/701 540/81/710
f 532/130/702 540/81/710 541/72/711
f 532/130/702 541/72/711 542/71/712
f 532/130/702 542/71/712 533/129/703
f 533/129/703 542/71/712 543/70/713
f 533/129/703 543/70/713 534/128/704
f 534/128/704 543/70/713 544/69/714
f 534/128/704 544/69/714 535/127/705
f 535/127/705 544/69/714 545/68/715
f 535/127/705 545/68/715 536/126/706
f 537/88/707 449/49/619 546/41/716
f 538/87/708 537/88/707 546/41/716
f 538/87/708 546/41/716 547/40/717
f 539/82/709 538/87/708 547/40/717
f 539/82/709 547/40/717 548/39/718
f 540/81/710 539/82/709 548/39/718
f 540/81/710 548/39/718 549/38/719
f 541/72/711 540/81/710 549/38/719
f 541/72/711 549/38/719 550/37/720
f 541/72/711 550/37/720 551/36/721
f 541/72/711 551/36/721 542/71/712
f 542/71/712 551/36/721 552/35/722
f 542/71/712 552/35/722 543/70/713
f 543/70/713 552/35/722 553/34/723
f 543/70/713 553/34/723 544/69/714
f 544/69/714 553/34/723 554/33/724
f 544/69/714 554/33/724 545/68/715
f 546/41/716 449/28/619 555/13/725
f 547/40/717 546/41/716 555/13/725
f 547/40/717 555/13/725 556/12/726
f 548/39/718 547/40/717 556/12/726
f 548/39/718 556/12/726 557/11/727
f 549/38/719 548/39/718 557/11/727
f 549/38/719 557/11/727 558/10/728
f 550/37/720 549/38/719 558/10/728
f 550/37/720 558/10/728 559/5/729
f 550/37/720 559/5/729 560/4/730
f 550/37/720 560/4/730 551/36/721
f 551/36/721 560/4/730 561/3/731
f 551/36/721 561/3/731 552/35/722
f 552/35/722 561/3/731 562/2/732
f 552/35/722 562/2/732 553/34/723
f 553/34/723 562/2/732 563/1/733
f 553/34/723 563/1/733 554/33/724
f 555/778/725 449/756/619 564/750/734
f 555/778/725 564/750/734 565/749/735
f 555/778/725 565/749/735 556/777/726
f 556/777/726 565/749/735 566/748/736
f 556/777/726 566/748/736 557/776/727
f 557/776/727 566/748/736 567/747/737
f 557/776/727 567/747/737 558/775/728
f 558/775/728 567/747/737 568/746/738
f 558/775/728 568/746/738 559/772/729
f 560/771/730 559/772/729 568/746/738
f 560/771/730 568/746/738 569/745/739
f 561/770/731 560/771/730 569/745/739
f 561/770/731 569/745/739 570/744/740
f 562/769/732 561/770/731 570/744/740
f 562/769/732 570/744/740 571/743/741
f 563/768/733 562/769/732 571/743/741
f 563/768/733 571/743/741 572/742/742
f 564/750/734 449/735/619 573/715/743
f 564/750/734 573/715/743 574/714/744
f 564/750/734 574/714/744 565/749/735
f 565/749/735 574/714/744 575/705/745
f 565/749/735 575/705/745 566/748/736
f 566/748/736 575/705/745 576/704/746
f 566/748/736 576/704/746 567/747/737
f 567/747/737 576/704/746 577/699/747
f 567/747/737 577/699/747 568/746/738
f 569/745/739 568/746/738 577/699/747
f 569/745/739 577/699/747 578/698/748
f 570/744/740 569/745/739 578/698/748
f 570/744/740 578/698/748 579/697/749
f 571/743/741 570/744/740 579/697/749
f 571/743/741 579/697/749 580/696/750
f 572/742/742 571/743/741 580/696/750
f 572/742/742 580/696/750 581/695/751
f 573/715/743 449/665/619 582/657/752
f 573/715/743 582/657/752 583/656/753
f 573/715/743 583/656/753 574/714/744
f 574/714/744 583/656/753 584/655/754
f 574/714/744 584/655/754 575/705/745
f 575/705/745 584/655/754 585/654/755
f 575/705/745 585/654/755 576/704/746
f 576/704/746 585/654/755 586/653/756
f 576/704/746 586/653/756 577/699/747
f 578/698/748 577/699/747 586/653/756
f 578/698/748 586/653/756 587/652/757
f 579/697/749 578/698/748 587/652/757
f 579/697/749 587/652/757 588/651/758
f 580/696/750 579/697/749 588/651/758
f 580/696/750 588/651/758 589/650/759
f 581/695/751 580/696/750 589/650/759
f 581/695/751 589/650/759 590/649/760
f 582/657/752 449/638/619 591/629/761
f 582/657/752 591/629/761 592/628/762
f 582/657/752 592/628/762 583/656/753
f 583/656/753 450/627/620 584/655/754
f 583/656/753 592/628/762 450/627/620
f 584/655/754 450/627/620 593/626/763
f 584/655/754 593/626/763 585/654/755
f 585/654/755 451/625/621 586/653/756
f 585/654/755 593/626/763 451/625/621
f 587/652/757 451/625/621 452/623/622
f 587/652/757 586/653/756 451/625/621
f 588/651/758 452/623/622 453/622/623
f 588/651/758 587/652/757 452/623/622
f 589/650/759 453/622/623 594/621/764
f 589/650/759 588/651/758 453/622/623
f 590/649/760 589/650/759 594/621/764
f 590/649/760 594/621/764 454/620/624
f 591/629/761 449/611/619 456/599/626
f 592/628/762 456/599/626 457/598/627
f 592/628/762 591/629/761 456/599/626
f 593/626/763 450/627/620 458/597/628
f 593/626/763 458/597/628 459/596/629
f 594/621/764 463/592/633 464/591/634
f 594/621/764 464/591/634 454/620/624
g runner_arm_l_Cylinder.030
v 0.314520 0.372583 0.054748
v 0.321959 0.383795 0.061987
v 0.303695 0.380574 0.061987
v 0.319205 0.376308 0.060288
v 0.313805 0.376641 0.061917
v 0.312827 0.382185 0.063235
v 0.308844 0.374482 0.060288
v 0.255480 0.707417 0.054748
v 0.248041 0.696205 0.061987
v 0.266305 0.699426 0.061987
v 0.250795 0.703692 0.060288
v 0.256195 0.703359 0.061917
v 0.257173 0.697815 0.063235
v 0.261156 0.705518 0.060288
v 0.282829 0.366995 0.044292
v 0.284333 0.377160 0.055599
v 0.269558 0.374555 0.044698
v 0.283317 0.369981 0.051866
v 0.277964 0.370321 0.050092
v 0.276223 0.375730 0.051158
v 0.274935 0.368503 0.045682
v 0.223788 0.701829 0.044292
v 0.213903 0.690186 0.044698
v 0.228679 0.692791 0.055599
v 0.216886 0.697713 0.045682
v 0.220354 0.697039 0.050092
v 0.220569 0.691361 0.051158
v 0.225269 0.699191 0.051866
v 0.263243 0.363541 0.016918
v 0.257591 0.372445 0.027974
v 0.251948 0.371450 0.010336
v 0.259159 0.365721 0.023633
v 0.255813 0.366415 0.019133
v 0.253601 0.371741 0.019541
v 0.255957 0.365156 0.013627
v 0.204202 0.698376 0.016918
v 0.196293 0.687081 0.010336
v 0.201937 0.688076 0.027974
v 0.197909 0.694366 0.013627
v 0.198203 0.693134 0.019133
v 0.197946 0.687372 0.019541
v 0.201110 0.694931 0.023633
v 0.263243 0.363541 -0.016918
v 0.251948 0.371450 -0.010336
v 0.257591 0.372445 -0.027974
v 0.255957 0.365156 -0.013627
v 0.255813 0.366415 -0.019133
v 0.253601 0.371741 -0.019541
v 0.259159 0.365721 -0.023633
v 0.204202 0.698376 -0.016918
v 0.201937 0.688076 -0.027974
v 0.196293 0.687081 -0.010336
v 0.201110 0.694931 -0.023633
v 0.198203 0.693134 -0.019133
v 0.197946 0.687372 -0.019541
v 0.197909 0.694366 -0.013627
v 0.282829 0.366995 -0.044292
v 0.269558 0.374555 -0.044698
v 0.284333 0.377160 -0.055599
v 0.274935 0.368503 -0.045682
v 0.277964 0.370321 -0.050092
v 0.276223 0.375730 -0.051158
v 0.283317 0.369981 -0.051866
v 0.223788 0.701829 -0.044292
v 0.228679 0.692791 -0.055599
v 0.213903 0.690186 -0.044698
v 0.225269 0.699191 -0.051866
v 0.220354 0.697039 -0.050092
v 0.220569 0.691361 -0.051158
v 0.216886 0.697713 -0.045682
v 0.314520 0.372583 -0.054748
v 0.303695 0.380574 -0.061987
v 0.321959 0.383795 -0.061987
v 0.308844 0.374482 -0.060288
v 0.313805 0.376641 -0.061917
v 0.312827 0.382185 -0.063235
v 0.319205 0.376308 -0.060288
v 0.255480 0.707417 -0.054748
v 0.266305 0.699426 -0.061987
v 0.248041 0.696205 -0.061987
v 0.261156 0.705518 -0.060288
v 0.256195 0.703359 -0.061917
v 0.257173 0.697815 -0.063235
v 0.250795 0.703692 -0.060288
v 0.346211 0.378171 -0.044292
v 0.341321 0.387209 -0.055599
v 0.356097 0.389814 -0.044698
v 0.344731 0.380809 -0.051866
v 0.349646 0.382961 -0.050092
v 0.349431 0.388639 -0.051158
v 0.353114 0.382288 -0.045682
v 0.287171 0.713005 -0.044292
v 0.300442 0.705445 -0.044698
v 0.285667 0.702840 -0.055599
v 0.295065 0.711498 -0.045682
v 0.292036 0.709679 -0.050092
v 0.293777 0.704270 -0.051158
v 0.286683 0.710019 -0.051866
v 0.365798 0.381624 -0.016918
v 0.368063 0.391924 -0.027974
v 0.373707 0.392919 -0.010336
v 0.368890 0.385069 -0.023633
v 0.371797 0.386866 -0.019133
v 0.372054 0.392628 -0.019541
v 0.372091 0.385634 -0.013627
v 0.306757 0.716459 -0.016918
v 0.318052 0.708550 -0.010336
v 0.312409 0.707555 -0.027974
v 0.314043 0.714844 -0.013627
v 0.314187 0.713585 -0.019133
v 0.316399 0.708259 -0.019541
v 0.310841 0.714279 -0.023633
v 0.365798 0.381624 0.016918
v 0.373707 0.392919 0.010336
v 0.368063 0.391924 0.027974
v 0.372091 0.385634 0.013627
v 0.371797 0.386866 0.019133
v 0.372054 0.392628 0.019541
v 0.368890 0.385069 0.023633
v 0.306757 0.716459 0.016918
v 0.312409 0.707555 0.027974
v 0.318052 0.708550 0.010336
v 0.310841 0.714279 0.023633
v 0.314187 0.713585 0.019133
v 0.316399 0.708259 0.019541
v 0.314043 0.714844 0.013627
v 0.346211 0.378171 0.044292
v 0.356097 0.389814 0.044698
v 0.341321 0.387209 0.055599
v 0.353114 0.382288 0.045682
v 0.349646 0.382961 0.050092
v 0.349431 0.388639 0.051158
v 0.344731 0.380809 0.051866
v 0.287171 0.713005 0.044292
v 0.285667 0.702840 0.055599
v 0.300442 0.705445 0.044698
v 0.286683 0.710019 0.051866
v 0.292036 0.709679 0.050092
v 0.293777 0.704270 0.051158
v 0.295065 0.711498 0.045682
vn 0.2036 -0.8432 0.4976
vn 0.1782 -0.2797 0.9434
vn -0.0718 -0.3238 0.9434
vn -0.2036 0.8432 0.4976
vn -0.1782 0.2797 0.9434
vn 0.0718 0.3238 0.9434
vn -0.0946 -0.8957 0.4344
vn -0.3917 -0.3802 0.8379
vn -0.5941 -0.4159 0.6886
vn -0.4815 0.7942 0.3708
vn -0.7005 0.1876 0.6886
vn -0.4981 0.2233 0.8379
vn -0.2993 -0.9318 0.2052
vn -0.7918 -0.4507 0.4123
vn -0.8690 -0.4643 0.1708
vn -0.6329 0.7675 0.1023
vn -0.9754 0.1391 0.1708
vn -0.8982 0.1527 0.4123
vn -0.3322 -0.9376 -0.1023
vn -0.8690 -0.4643 -0.1708
vn -0.7918 -0.4507 -0.4123
vn -0.5999 0.7733 -0.2052
vn -0.8982 0.1527 -0.4123
vn -0.9754 0.1391 -0.1708
vn -0.1808 -0.9109 -0.3708
vn -0.5941 -0.4159 -0.6886
vn -0.3917 -0.3802 -0.8379
vn -0.3953 0.8094 -0.4344
vn -0.4981 0.2233 -0.8379
vn -0.7005 0.1876 -0.6886
vn 0.0971 -0.8619 -0.4976
vn -0.0718 -0.3238 -0.9434
vn 0.1782 -0.2797 -0.9434
vn -0.0971 0.8619 -0.4976
vn 0.0718 0.3238 -0.9434
vn -0.1782 0.2797 -0.9434
vn 0.3953 -0.8094 -0.4344
vn 0.4981 -0.2233 -0.8379
vn 0.7005 -0.1876 -0.6886
vn 0.1808 0.9109 -0.3708
vn 0.5941 0.4159 -0.6886
vn 0.3917 0.3802 -0.8379
vn 0.5999 -0.7733 -0.2052
vn 0.8982 -0.1527 -0.4123
vn 0.9754 -0.1391 -0.1708
vn 0.3322 0.9376 -0.1023
vn 0.8690 0.4643 -0.1708
vn 0.7918 0.4507 -0.4123
vn 0.6329 -0.7675 0.1023
vn 0.9754 -0.1391 0.1708
vn 0.8982 -0.1527 0.4123
vn 0.2993 0.9318 0.2052
vn 0.7918 0.4507 0.4123
vn 0.8690 0.4643 0.1708
vn 0.4815 -0.7942 0.3708
vn 0.7005 -0.1876 0.6886
vn 0.4981 -0.2233 0.8379
vn 0.0946 0.8957 0.4344
vn 0.3917 0.3802 0.8379
vn 0.5941 0.4159 0.6886
vn -0.2147 -0.4264 0.8787
vn 0.0440 -0.9304 0.3640
vn -0.3476 0.3273 0.8787
vn -0.2769 0.8893 0.3640
vn 0.1314 0.0232 0.9911
vn -0.1314 -0.0232 0.9911
vn -0.6800 -0.1199 0.7234
vn -0.4674 -0.0824 0.8802
vn -0.6696 -0.5067 0.5430
vn -0.1445 -0.9636 0.2249
vn -0.8025 0.2471 0.5430
vn -0.4653 0.8561 0.2249
vn -0.9688 -0.1708 0.1794
vn -0.8876 -0.1565 0.4331
vn -0.8434 -0.5373 -0.0000
vn -0.2164 -0.9763 -0.0000
vn -0.9763 0.2164 -0.0000
vn -0.5373 0.8434 -0.0000
vn -0.8876 -0.1565 -0.4331
vn -0.9688 -0.1708 -0.1794
vn -0.6696 -0.5067 -0.5430
vn -0.1445 -0.9636 -0.2249
vn -0.8025 0.2471 -0.5430
vn -0.4653 0.8561 -0.2249
vn -0.4674 -0.0824 -0.8802
vn -0.6800 -0.1199 -0.7234
vn -0.2147 -0.4264 -0.8787
vn 0.0440 -0.9304 -0.3640
vn -0.3476 0.3273 -0.8787
vn -0.2769 0.8893 -0.3640
vn 0.1314 0.0232 -0.9911
vn -0.1314 -0.0232 -0.9911
vn 0.3476 -0.3273 -0.8787
vn 0.2769 -0.8893 -0.3640
vn 0.2147 0.4264 -0.8787
vn -0.0440 0.9304 -0.3640
vn 0.6800 0.1199 -0.7234
vn 0.4674 0.0824 -0.8802
vn 0.8025 -0.2471 -0.5430
vn 0.4653 -0.8561 -0.2249
vn 0.6696 0.5067 -0.5430
vn 0.1445 0.9636 -0.2249
vn 0.9688 0.1708 -0.1794
vn 0.8876 0.1565 -0.4331
vn 0.9763 -0.2164 -0.0000
vn 0.5373 -0.8434 -0.0000
vn 0.8434 0.5373 -0.0000
vn 0.2164 0.9763 -0.0000
vn 0.8876 0.1565 0.4331
vn 0.9688 0.1708 0.1794
vn 0.8025 -0.2471 0.5430
vn 0.4653 -0.8561 0.2249
vn 0.6696 0.5067 0.5430
vn 0.1445 0.9636 0.2249
vn 0.4674 0.0824 0.8802
vn 0.6800 0.1199 0.7234
vn 0.3476 -0.3273 0.8787
vn 0.2769 -0.8893 0.3640
vn 0.2147 0.4264 0.8787
vn -0.0440 0.9304 0.3640
vn 0.1736 -0.9848 -0.0000
vn -0.3043 -0.0537 0.9511
vn 0.3043 0.0537 0.9511
vn -0.1736 0.9848 -0.0000
vn -0.7967 -0.1405 0.5878
vn -0.9848 -0.1736 -0.0000
vn -0.7967 -0.1405 -0.5878
vn -0.3043 -0.0537 -0.9511
vn 0.3043 0.0537 -0.9511
vn 0.7967 0.1405 -0.5878
vn 0.9848 0.1736 -0.0000
vn 0.7967 0.1405 0.5878
vn 0.0971 -0.8619 0.4976
vn 0.2743 -0.1764 0.9453
vn -0.1974 -0.2596 0.9453
vn -0.0971 0.8619 0.4976
vn -0.2743 0.1764 0.9453
vn 0.1974 0.2596 0.9453
vn -0.1808 -0.9109 0.3708
vn -0.3180 -0.2808 0.9056
vn -0.6996 -0.3481 0.6240
vn -0.3953 0.8094 0.4344
vn -0.7765 0.0878 0.6240
vn -0.3948 0.1551 0.9056
vn -0.3322 -0.9376 0.1023
vn -0.7741 -0.3612 0.5199
vn -0.9199 -0.3869 0.0643
vn -0.5999 0.7733 0.2052
vn -0.9967 0.0490 0.0643
vn -0.8510 0.0747 0.5199
vn -0.2993 -0.9318 -0.2052
vn -0.9199 -0.3869 -0.0643
vn -0.7741 -0.3612 -0.5199
vn -0.6329 0.7675 -0.1023
vn -0.8510 0.0747 -0.5199
vn -0.9967 0.0490 -0.0643
vn -0.0946 -0.8957 -0.4344
vn -0.6996 -0.3481 -0.6240
vn -0.3180 -0.2808 -0.9056
vn -0.4815 0.7942 -0.3708
vn -0.3948 0.1551 -0.9056
vn -0.7765 0.0878 -0.6240
vn 0.2036 -0.8432 -0.4976
vn -0.1974 -0.2596 -0.9453
vn 0.2743 -0.1764 -0.9453
vn -0.2036 0.8432 -0.4976
vn 0.1974 0.2596 -0.9453
vn -0.2743 0.1764 -0.9453
vn 0.4815 -0.7942 -0.3708
vn 0.3948 -0.1551 -0.9056
vn 0.7765 -0.0878 -0.6240
vn 0.0946 0.8957 -0.4344
vn 0.6996 0.3481 -0.6240
vn 0.3180 0.2808 -0.9056
vn 0.6329 -0.7675 -0.1023
vn 0.8510 -0.0747 -0.5199
vn 0.9967 -0.0490 -0.0643
vn 0.2993 0.9318 -0.2052
vn 0.9199 0.3869 -0.0643
vn 0.7741 0.3612 -0.5199
vn 0.5999 -0.7733 0.2052
vn 0.9967 -0.0490 0.0643
vn 0.8510 -0.0747 0.5199
vn 0.3322 0.9376 0.1023
vn 0.7741 0.3612 0.5199
vn 0.9199 0.3869 0.0643
vn 0.3953 -0.8094 0.4344
vn 0.7765 -0.0878 0.6240
vn 0.3948 -0.1551 0.9056
vn 0.1808 0.9109 0.3708
vn 0.3180 0.2808 0.9056
vn 0.6996 0.3481 0.6240
vn 0.1737 -0.9848 -0.0000
vn -0.1737 0.9848 -0.0000
s 0
g runner_arm_l_M_navy
usemtl M_navy
f 595/624/765 599/618/765 601/632/765
f 595/624/897 598/617/897 599/618/897
f 596/23/881 598/17/881 727/46/881
f 596/23/881 727/46/881 723/42/881
f 598/617/882 595/624/882 721/564/882
f 598/617/882 721/564/882 727/566/882
f 600/8/766 598/17/766 596/23/766
f 600/8/898 599/6/898 598/17/898
f 601/765/767 600/773/767 597/757/767
f 601/765/899 599/767/899 600/773/899
f 602/159/768 606/165/768 608/152/768
f 602/159/888 728/92/888 714/32/888
f 602/159/900 605/167/900 606/165/900
f 603/760/827 605/766/827 622/737/827
f 603/760/827 622/737/827 618/741/827
f 603/760/886 610/738/886 597/757/886
f 603/760/886 618/741/886 610/738/886
f 604/26/829 600/8/829 596/23/829
f 604/26/829 607/15/829 600/8/829
f 605/167/828 602/159/828 616/220/828
f 605/167/828 616/220/828 622/218/828
f 607/780/769 605/766/769 603/760/769
f 607/780/830 597/757/830 600/773/830
f 607/780/830 603/760/830 597/757/830
f 607/780/901 606/782/901 605/766/901
f 608/18/770 607/15/770 604/26/770
f 608/18/902 606/16/902 607/15/902
f 609/692/771 613/722/771 615/733/771
f 609/692/903 612/690/903 613/722/903
f 609/692/957 623/752/957 637/751/957
f 610/738/825 601/765/825 597/757/825
f 610/738/825 612/736/825 601/765/825
f 611/716/831 614/726/831 621/729/831
f 611/716/831 621/729/831 617/719/831
f 611/716/833 624/660/833 626/658/833
f 611/716/833 626/658/833 615/720/833
f 611/716/889 617/719/889 632/663/889
f 611/716/889 632/663/889 624/660/889
f 612/690/826 595/624/826 601/632/826
f 612/690/826 609/692/826 595/624/826
f 614/726/772 612/736/772 610/738/772
f 614/726/832 610/738/832 618/741/832
f 614/726/832 618/741/832 621/729/832
f 614/726/904 613/724/904 612/736/904
f 615/720/773 614/726/773 611/716/773
f 615/720/905 613/724/905 614/726/905
f 615/733/834 623/752/834 609/692/834
f 615/733/834 626/754/834 623/752/834
f 616/220/774 620/287/774 622/218/774
f 616/220/906 619/311/906 620/287/906
f 617/719/835 619/721/835 636/659/835
f 617/719/835 636/659/835 632/663/835
f 619/311/836 616/220/836 630/367/836
f 619/311/836 630/367/836 636/369/836
f 621/729/775 619/721/775 617/719/775
f 621/729/907 620/731/907 619/721/907
f 622/737/776 621/729/776 618/741/776
f 622/737/908 620/731/908 621/729/908
f 623/752/777 627/761/777 629/764/777
f 623/752/909 626/754/909 627/761/909
f 625/633/837 628/643/837 635/646/837
f 625/633/837 635/646/837 631/636/837
f 628/643/778 626/658/778 624/660/778
f 628/643/838 624/660/838 632/663/838
f 628/643/838 632/663/838 635/646/838
f 628/643/910 627/641/910 626/658/910
f 629/639/779 628/643/779 625/633/779
f 629/639/911 627/641/911 628/643/911
f 630/367/780 634/380/780 636/369/780
f 630/367/888 602/159/888 714/32/888
f 630/367/888 616/220/888 602/159/888
f 630/367/912 633/379/912 634/380/912
f 631/636/841 633/640/841 650/609/841
f 631/636/841 650/609/841 646/615/841
f 631/636/890 638/612/890 625/633/890
f 631/636/890 646/615/890 638/612/890
f 633/379/842 630/367/842 644/366/842
f 633/379/842 644/366/842 650/377/842
f 635/646/781 633/640/781 631/636/781
f 635/646/913 634/648/913 633/640/913
f 636/659/782 635/646/782 632/663/782
f 636/659/914 634/648/914 635/646/914
f 637/751/783 641/762/783 643/753/783
f 637/751/885 651/691/885 665/619/885
f 637/751/885 665/619/885 693/415/885
f 637/751/885 693/415/885 721/564/885
f 637/751/915 640/763/915 641/762/915
f 638/612/839 629/639/839 625/633/839
f 638/612/839 640/608/839 629/639/839
f 639/585/843 642/602/843 649/605/843
f 639/585/843 649/605/843 645/588/843
f 639/585/845 652/515/845 654/502/845
f 639/585/845 654/502/845 643/589/845
f 640/763/840 623/752/840 629/764/840
f 640/763/840 637/751/840 623/752/840
f 642/602/784 640/608/784 638/612/784
f 642/602/844 638/612/844 646/615/844
f 642/602/844 646/615/844 649/605/844
f 642/602/916 641/600/916 640/608/916
f 643/589/785 642/602/785 639/585/785
f 643/589/917 641/600/917 642/602/917
f 644/366/786 648/376/786 650/377/786
f 644/366/918 647/368/918 648/376/918
f 645/588/847 647/590/847 664/503/847
f 645/588/847 664/503/847 660/518/847
f 645/588/891 652/515/891 639/585/891
f 645/588/891 660/518/891 652/515/891
f 649/605/787 647/590/787 645/588/787
f 649/605/919 648/607/919 647/590/919
f 650/609/788 649/605/788 646/615/788
f 650/609/920 648/607/920 649/605/920
f 651/691/789 655/723/789 657/689/789
f 651/691/921 654/732/921 655/723/921
f 653/426/849 656/488/849 663/491/849
f 653/426/849 663/491/849 659/429/849
f 654/732/846 637/751/846 643/753/846
f 654/732/846 651/691/846 637/751/846
f 656/488/790 654/502/790 652/515/790
f 656/488/850 652/515/850 660/518/850
f 656/488/850 660/518/850 663/491/850
f 656/488/922 655/486/922 654/502/922
f 657/467/791 656/488/791 653/426/791
f 657/467/923 655/486/923 656/488/923
f 657/689/852 665/619/852 651/691/852
f 657/689/852 668/631/852 665/619/852
f 658/219/792 662/286/792 664/310/792
f 658/219/888 644/366/888 630/367/888
f 658/219/924 661/217/924 662/286/924
f 659/429/853 661/468/853 678/401/853
f 659/429/853 678/401/853 674/410/853
f 659/429/892 666/407/892 653/426/892
f 659/429/892 674/410/892 666/407/892
f 661/217/854 658/219/854 672/154/854
f 661/217/854 672/154/854 678/166/854
f 663/491/793 661/468/793 659/429/793
f 663/491/925 662/493/925 661/468/925
f 664/310/848 644/366/848 658/219/848
f 664/310/848 647/368/848 644/366/848
f 664/503/794 663/491/794 660/518/794
f 664/503/926 662/493/926 663/491/926
f 665/619/795 669/630/795 671/616/795
f 665/619/885 679/563/885 693/415/885
f 665/619/927 668/631/927 669/630/927
f 666/407/851 657/467/851 653/426/851
f 666/407/851 668/400/851 657/467/851
f 667/372/855 670/390/855 677/397/855
f 667/372/855 677/397/855 673/375/855
f 670/390/796 668/400/796 666/407/796
f 670/390/856 666/407/856 674/410/856
f 670/390/856 674/410/856 677/397/856
f 670/390/928 669/383/928 668/400/928
f 671/381/797 670/390/797 667/372/797
f 671/381/929 669/383/929 670/390/929
f 672/154/798 676/153/798 678/166/798
f 672/154/930 675/151/930 676/153/930
f 673/375/859 675/382/859 692/315/859
f 673/375/859 692/315/859 688/356/859
f 673/375/893 680/353/893 667/372/893
f 673/375/893 688/356/893 680/353/893
f 677/397/799 675/382/799 673/375/799
f 677/397/931 676/399/931 675/382/931
f 678/401/800 677/397/800 674/410/800
f 678/401/932 676/399/932 677/397/932
f 679/563/801 683/496/801 685/471/801
f 679/563/933 682/565/933 683/496/933
f 680/353/857 671/381/857 667/372/857
f 680/353/857 682/314/857 671/381/857
f 681/264/861 684/291/861 691/294/861
f 681/264/861 691/294/861 687/267/861
f 682/565/858 665/619/858 671/616/858
f 682/565/858 679/563/858 665/619/858
f 684/291/802 682/314/802 680/353/802
f 684/291/862 680/353/862 688/356/862
f 684/291/862 688/356/862 691/294/862
f 684/291/934 683/289/934 682/314/934
f 685/279/803 684/291/803 681/264/803
f 685/279/935 683/289/935 684/291/935
f 685/471/864 693/415/864 679/563/864
f 685/471/864 696/413/864 693/415/864
f 686/91/804 690/60/804 692/93/804
f 686/91/888 672/154/888 658/219/888
f 686/91/936 689/50/936 690/60/936
f 687/267/894 694/195/894 681/264/894
f 687/267/894 702/198/894 694/195/894
f 689/50/866 686/91/866 700/31/866
f 689/50/866 700/31/866 706/29/866
f 691/294/805 689/280/805 687/267/805
f 691/294/937 690/296/937 689/280/937
f 692/315/806 691/294/806 688/356/806
f 692/315/938 690/296/938 691/294/938
f 692/93/860 672/154/860 686/91/860
f 692/93/860 675/151/860 672/154/860
f 693/415/807 697/406/807 699/402/807
f 693/415/885 707/416/885 721/564/885
f 693/415/939 696/413/939 697/406/939
f 694/195/863 685/279/863 681/264/863
f 694/195/863 696/193/863 685/279/863
f 695/168/867 698/178/867 705/181/867
f 695/168/867 705/181/867 701/171/867
f 698/178/808 696/193/808 694/195/808
f 698/178/940 697/176/940 696/193/940
f 699/174/809 698/178/809 695/168/809
f 699/174/941 697/176/941 698/178/941
f 700/31/810 704/19/810 706/29/810
f 700/31/942 703/20/942 704/19/942
f 701/171/871 703/175/871 720/144/871
f 701/171/871 720/144/871 716/150/871
f 701/171/895 708/147/895 695/168/895
f 701/171/895 716/150/895 708/147/895
f 702/198/865 687/267/865 689/280/865
f 702/198/865 689/280/865 706/194/865
f 703/20/872 700/31/872 714/32/872
f 703/20/872 714/32/872 720/21/872
f 705/181/811 703/175/811 701/171/811
f 705/181/868 694/195/868 702/198/868
f 705/181/868 698/178/868 694/195/868
f 705/181/943 704/183/943 703/175/943
f 706/194/812 705/181/812 702/198/812
f 706/194/944 704/183/944 705/181/944
f 707/416/813 711/405/813 713/414/813
f 707/416/945 710/404/945 711/405/945
f 708/147/869 699/174/869 695/168/869
f 708/147/869 710/143/869 699/174/869
f 709/120/873 712/137/873 719/140/873
f 709/120/873 719/140/873 715/123/873
f 710/404/870 693/415/870 699/402/870
f 710/404/870 707/416/870 693/415/870
f 712/137/814 710/143/814 708/147/814
f 712/137/874 708/147/874 716/150/874
f 712/137/874 716/150/874 719/140/874
f 712/137/946 711/135/946 710/143/946
f 713/124/815 712/137/815 709/120/815
f 713/124/947 711/135/947 712/137/947
f 714/32/816 718/22/816 720/21/816
f 714/32/888 658/219/888 630/367/888
f 714/32/888 686/91/888 658/219/888
f 714/32/948 717/30/948 718/22/948
f 714/32/958 700/31/958 686/91/958
f 715/123/896 722/64/896 709/120/896
f 715/123/896 730/67/896 722/64/896
f 719/140/817 717/125/817 715/123/817
f 719/140/949 718/142/949 717/125/949
f 720/144/818 719/140/818 716/150/818
f 720/144/950 718/142/950 719/140/950
f 721/564/819 725/495/819 727/566/819
f 721/564/885 595/624/885 609/692/885
f 721/564/885 609/692/885 637/751/885
f 721/564/951 724/472/951 725/495/951
f 722/64/875 713/124/875 709/120/875
f 722/64/875 724/62/875 713/124/875
f 723/42/879 726/54/879 733/57/879
f 723/42/879 733/57/879 729/45/879
f 724/472/876 707/416/876 713/414/876
f 724/472/876 721/564/876 707/416/876
f 726/54/820 724/62/820 722/64/820
f 726/54/880 722/64/880 730/67/880
f 726/54/880 730/67/880 733/57/880
f 726/54/952 725/52/952 724/62/952
f 727/46/821 726/54/821 723/42/821
f 727/46/953 725/52/953 726/54/953
f 728/92/822 732/61/822 734/51/822
f 728/92/954 731/94/954 732/61/954
f 729/45/883 608/18/883 604/26/883
f 729/45/883 731/47/883 608/18/883
f 729/45/887 596/23/887 723/42/887
f 729/45/887 604/26/887 596/23/887
f 730/67/877 715/123/877 717/125/877
f 730/67/877 717/125/877 734/63/877
f 731/94/884 602/159/884 608/152/884
f 731/94/884 728/92/884 602/159/884
f 733/57/823 731/47/823 729/45/823
f 733/57/955 732/59/955 731/47/955
f 734/51/878 714/32/878 728/92/878
f 734/51/878 717/30/878 714/32/878
f 734/63/824 733/57/824 730/67/824
f 734/63/956 732/59/956 733/57/956
g runner_arm_r_Cylinder.031
v -0.314520 0.372583 0.054748
v -0.303695 0.380574 0.061987
v -0.321959 0.383795 0.061987
v -0.308844 0.374482 0.060288
v -0.313805 0.376641 0.061917
v -0.312827 0.382185 0.063235
v -0.319205 0.376308 0.060288
v -0.255480 0.707417 0.054748
v -0.266305 0.699426 0.061987
v -0.248041 0.696205 0.061987
v -0.261156 0.705518 0.060288
v -0.256195 0.703359 0.061917
v -0.257173 0.697815 0.063235
v -0.250795 0.703692 0.060288
v -0.346211 0.378171 0.044292
v -0.341321 0.387209 0.055599
v -0.356097 0.389814 0.044698
v -0.344731 0.380809 0.051866
v -0.349646 0.382961 0.050092
v -0.349431 0.388639 0.051158
v -0.353114 0.382288 0.045682
v -0.287171 0.713005 0.044292
v -0.300442 0.705445 0.044698
v -0.285667 0.702840 0.055599
v -0.295065 0.711498 0.045682
v -0.292036 0.709679 0.050092
v -0.293777 0.704270 0.051158
v -0.286683 0.710019 0.051866
v -0.365798 0.381624 0.016918
v -0.368063 0.391924 0.027974
v -0.373707 0.392919 0.010336
v -0.368890 0.385069 0.023633
v -0.371797 0.386866 0.019133
v -0.372054 0.392628 0.019541
v -0.372091 0.385634 0.013627
v -0.306757 0.716459 0.016918
v -0.318052 0.708550 0.010336
v -0.312409 0.707555 0.027974
v -0.314043 0.714844 0.013627
v -0.314187 0.713585 0.019133
v -0.316399 0.708259 0.019541
v -0.310841 0.714279 0.023633
v -0.365798 0.381624 -0.016918
v -0.373707 0.392919 -0.010336
v -0.368063 0.391924 -0.027974
v -0.372091 0.385634 -0.013627
v -0.371797 0.386866 -0.019133
v -0.372054 0.392628 -0.019541
v -0.368890 0.385069 -0.023633
v -0.306757 0.716459 -0.016918
v -0.312409 0.707555 -0.027974
v -0.318052 0.708550 -0.010336
v -0.310841 0.714279 -0.023633
v -0.314187 0.713585 -0.019133
v -0.316399 0.708259 -0.019541
v -0.314043 0.714844 -0.013627
v -0.346211 0.378171 -0.044292
v -0.356097 0.389814 -0.044698
v -0.341321 0.387209 -0.055599
v -0.353114 0.382288 -0.045682
v -0.349646 0.382961 -0.050092
v -0.349431 0.388639 -0.051158
v -0.344731 0.380809 -0.051866
v -0.287171 0.713005 -0.044292
v -0.285667 0.702840 -0.055599
v -0.300442 0.705445 -0.044698
v -0.286683 0.710019 -0.051866
v -0.292036 0.709679 -0.050092
v -0.293777 0.704270 -0.051158
v -0.295065 0.711498 -0.045682
v -0.314520 0.372583 -0.054748
v -0.321959 0.383795 -0.061987
v -0.303695 0.380574 -0.061987
v -0.319205 0.376308 -0.060288
v -0.313805 0.376641 -0.061917
v -0.312827 0.382185 -0.063235
v -0.308844 0.374482 -0.060288
v -0.255480 0.707417 -0.054748
v -0.248041 0.696205 -0.061987
v -0.266305 0.699426 -0.061987
v -0.250795 0.703692 -0.060288
v -0.256195 0.703359 -0.061917
v -0.257173 0.697815 -0.063235
v -0.261156 0.705518 -0.060288
v -0.282829 0.366995 -0.044292
v -0.284333 0.377160 -0.055599
v -0.269558 0.374555 -0.044698
v -0.283317 0.369981 -0.051866
v -0.277964 0.370321 -0.050092
v -0.276223 0.375730 -0.051158
v -0.274935 0.368503 -0.045682
v -0.223788 0.701829 -0.044292
v -0.213903 0.690186 -0.044698
v -0.228679 0.692791 -0.055599
v -0.216886 0.697713 -0.045682
v -0.220354 0.697039 -0.050092
v -0.220569 0.691361 -0.051158
v -0.225269 0.699191 -0.051866
v -0.263243 0.363541 -0.016918
v -0.257591 0.372445 -0.027974
v -0.251948 0.371450 -0.010336
v -0.259159 0.365721 -0.023633
v -0.255813 0.366415 -0.019133
v -0.253601 0.371741 -0.019541
v -0.255957 0.365156 -0.013627
v -0.204202 0.698376 -0.016918
v -0.196293 0.687081 -0.010336
v -0.201937 0.688076 -0.027974
v -0.197909 0.694366 -0.013627
v -0.198203 0.693134 -0.019133
v -0.197946 0.687372 -0.019541
v -0.201110 0.694931 -0.023633
v -0.263243 0.363541 0.016918
v -0.251948 0.371450 0.010336
v -0.257591 0.372445 0.027974
v -0.255957 0.365156 0.013627
v -0.255813 0.366415 0.019133
v -0.253601 0.371741 0.019541
v -0.259159 0.365721 0.023633
v -0.204202 0.698376 0.016918
v -0.201937 0.688076 0.027974
v -0.196293 0.687081 0.010336
v -0.201110 0.694931 0.023633
v -0.198203 0.693134 0.019133
v -0.197946 0.687372 0.019541
v -0.197909 0.694366 0.013627
v -0.282829 0.366995 0.044292
v -0.269558 0.374555 0.044698
v -0.284333 0.377160 0.055599
v -0.274935 0.368503 0.045682
v -0.277964 0.370321 0.050092
v -0.276223 0.375730 0.051158
v -0.283317 0.369981 0.051866
v -0.223788 0.701829 0.044292
v -0.228679 0.692791 0.055599
v -0.213903 0.690186 0.044698
v -0.225269 0.699191 0.051866
v -0.220354 0.697039 0.050092
v -0.220569 0.691361 0.051158
v -0.216886 0.697713 0.045682
vn -0.0971 -0.8619 0.4976
vn 0.0718 -0.3238 0.9434
vn -0.1782 -0.2797 0.9434
vn 0.0971 0.8619 0.4976
vn -0.0718 0.3238 0.9434
vn 0.1782 0.2797 0.9434
vn -0.3953 -0.8094 0.4344
vn -0.4981 -0.2233 0.8379
vn -0.7005 -0.1876 0.6886
vn -0.1808 0.9109 0.3708
vn -0.5941 0.4159 0.6886
vn -0.3917 0.3802 0.8379
vn -0.5999 -0.7733 0.2052
vn -0.8982 -0.1527 0.4123
vn -0.9754 -0.1391 0.1708
vn -0.3322 0.9376 0.1023
vn -0.8690 0.4643 0.1708
vn -0.7918 0.4507 0.4123
vn -0.6329 -0.7675 -0.1023
vn -0.9754 -0.1391 -0.1708
vn -0.8982 -0.1527 -0.4123
vn -0.2993 0.9318 -0.2052
vn -0.7918 0.4507 -0.4123
vn -0.8690 0.4643 -0.1708
vn -0.4815 -0.7942 -0.3708
vn -0.7005 -0.1876 -0.6886
vn -0.4981 -0.2233 -0.8379
vn -0.0946 0.8957 -0.4344
vn -0.3917 0.3802 -0.8379
vn -0.5941 0.4159 -0.6886
vn -0.2036 -0.8432 -0.4976
vn -0.1782 -0.2797 -0.9434
vn 0.0718 -0.3238 -0.9434
vn 0.2036 0.8432 -0.4976
vn 0.1782 0.2797 -0.9434
vn -0.0718 0.3238 -0.9434
vn 0.0946 -0.8957 -0.4344
vn 0.3917 -0.3802 -0.8379
vn 0.5941 -0.4159 -0.6886
vn 0.4815 0.7942 -0.3708
vn 0.7005 0.1876 -0.6886
vn 0.4981 0.2233 -0.8379
vn 0.2993 -0.9318 -0.2052
vn 0.7918 -0.4507 -0.4123
vn 0.8690 -0.4643 -0.1708
vn 0.6329 0.7675 -0.1023
vn 0.9754 0.1391 -0.1708
vn 0.8982 0.1527 -0.4123
vn 0.3322 -0.9376 0.1023
vn 0.8690 -0.4643 0.1708
vn 0.7918 -0.4507 0.4123
vn 0.5999 0.7733 0.2052
vn 0.8982 0.1527 0.4123
vn 0.9754 0.1391 0.1708
vn 0.1808 -0.9109 0.3708
vn 0.5941 -0.4159 0.6886
vn 0.3917 -0.3802 0.8379
vn 0.3953 0.8094 0.4344
vn 0.4981 0.2233 0.8379
vn 0.7005 0.1876 0.6886
vn -0.3476 -0.3273 0.8787
vn -0.2769 -0.8893 0.3640
vn -0.2147 0.4264 0.8787
vn 0.0440 0.9304 0.3640
vn 0.1314 -0.0232 0.9911
vn -0.1314 0.0232 0.9911
vn -0.6800 0.1199 0.7234
vn -0.4674 0.0824 0.8802
vn -0.8025 -0.2471 0.5430
vn -0.4653 -0.8561 0.2249
vn -0.6696 0.5067 0.5430
vn -0.1445 0.9636 0.2249
vn -0.9688 0.1708 0.1794
vn -0.8876 0.1565 0.4331
vn -0.9763 -0.2164 -0.0000
vn -0.5373 -0.8434 -0.0000
vn -0.8434 0.5373 -0.0000
vn -0.2164 0.9763 -0.0000
vn -0.8876 0.1565 -0.4331
vn -0.9688 0.1708 -0.1794
vn -0.8025 -0.2471 -0.5430
vn -0.4653 -0.8561 -0.2249
vn -0.6696 0.5067 -0.5430
vn -0.1445 0.9636 -0.2249
vn -0.4674 0.0824 -0.8802
vn -0.6800 0.1199 -0.7234
vn -0.3476 -0.3273 -0.8787
vn -0.2769 -0.8893 -0.3640
vn -0.2147 0.4264 -0.8787
vn 0.0440 0.9304 -0.3640
vn 0.1314 -0.0232 -0.9911
vn -0.1314 0.0232 -0.9911
vn 0.2147 -0.4264 -0.8787
vn -0.0440 -0.9304 -0.3640
vn 0.3476 0.3273 -0.8787
vn 0.2769 0.8893 -0.3640
vn 0.6800 -0.1199 -0.7234
vn 0.4674 -0.0824 -0.8802
vn 0.6696 -0.5067 -0.5430
vn 0.1445 -0.9636 -0.2249
vn 0.8025 0.2471 -0.5430
vn 0.4653 0.8561 -0.2249
vn 0.9688 -0.1708 -0.1794
vn 0.8876 -0.1565 -0.4331
vn 0.8434 -0.5373 -0.0000
vn 0.2164 -0.9763 -0.0000
vn 0.9763 0.2164 -0.0000
vn 0.5373 0.8434 -0.0000
vn 0.8876 -0.1565 0.4331
vn 0.9688 -0.1708 0.1794
vn 0.6696 -0.5067 0.5430
vn 0.1445 -0.9636 0.2249
vn 0.8025 0.2471 0.5430
vn 0.4653 0.8561 0.2249
vn 0.4674 -0.0824 0.8802
vn 0.6800 -0.1199 0.7234
vn 0.2147 -0.4264 0.8787
vn -0.0440 -0.9304 0.3640
vn 0.3476 0.3273 0.8787
vn 0.2769 0.8893 0.3640
vn -0.1736 -0.9848 -0.0000
vn -0.3043 0.0537 0.9511
vn 0.3043 -0.0537 0.9511
vn 0.1736 0.9848 -0.0000
vn -0.7967 0.1405 0.5878
vn -0.9848 0.1736 -0.0000
vn -0.7967 0.1405 -0.5878
vn -0.3043 0.0537 -0.9511
vn 0.3043 -0.0537 -0.9511
vn 0.7967 -0.1405 -0.5878
vn 0.9848 -0.1736 -0.0000
vn 0.7967 -0.1405 0.5878
vn -0.2036 -0.8432 0.4976
vn 0.1974 -0.2596 0.9453
vn -0.2743 -0.1764 0.9453
vn 0.2036 0.8432 0.4976
vn -0.1974 0.2596 0.9453
vn 0.2743 0.1764 0.9453
vn -0.4815 -0.7942 0.3708
vn -0.3948 -0.1551 0.9056
vn -0.7765 -0.0878 0.6240
vn -0.0946 0.8957 0.4344
vn -0.6996 0.3481 0.6240
vn -0.3180 0.2808 0.9056
vn -0.6329 -0.7675 0.1023
vn -0.8510 -0.0747 0.5199
vn -0.9967 -0.0490 0.0643
vn -0.2993 0.9318 0.2052
vn -0.9199 0.3869 0.0643
vn -0.7741 0.3612 0.5199
vn -0.5999 -0.7733 -0.2052
vn -0.9967 -0.0490 -0.0643
vn -0.8510 -0.0747 -0.5199
vn -0.3322 0.9376 -0.1023
vn -0.7741 0.3612 -0.5199
vn -0.9199 0.3869 -0.0643
vn -0.3953 -0.8094 -0.4344
vn -0.7765 -0.0878 -0.6240
vn -0.3948 -0.1551 -0.9056
vn -0.1808 0.9109 -0.3708
vn -0.3180 0.2808 -0.9056
vn -0.6996 0.3481 -0.6240
vn -0.0971 -0.8619 -0.4976
vn -0.2743 -0.1764 -0.9453
vn 0.1974 -0.2596 -0.9453
vn 0.0971 0.8619 -0.4976
vn 0.2743 0.1764 -0.9453
vn -0.1974 0.2596 -0.9453
vn 0.1808 -0.9109 -0.3708
vn 0.3180 -0.2808 -0.9056
vn 0.6996 -0.3481 -0.6240
vn 0.3953 0.8094 -0.4344
vn 0.7765 0.0878 -0.6240
vn 0.3948 0.1551 -0.9056
vn 0.3322 -0.9376 -0.1023
vn 0.7741 -0.3612 -0.5199
vn 0.9199 -0.3869 -0.0643
vn 0.5999 0.7733 -0.2052
vn 0.9967 0.0490 -0.0643
vn 0.8510 0.0747 -0.5199
vn 0.2993 -0.9318 0.2052
vn 0.9199 -0.3869 0.0643
vn 0.7741 -0.3612 0.5199
vn 0.6329 0.7675 0.1023
vn 0.8510 0.0747 0.5199
vn 0.9967 0.0490 0.0643
vn 0.0946 -0.8957 0.4344
vn 0.6996 -0.3481 0.6240
vn 0.3180 -0.2808 0.9056
vn 0.4815 0.7942 0.3708
vn 0.3948 0.1551 0.9056
vn 0.7765 0.0878 0.6240
vn -0.1737 -0.9848 -0.0000
vn 0.1737 0.9848 -0.0000
s 0
g runner_arm_r_M_navy
usemtl M_navy
f 735/624/1091 738/617/1091 739/618/1091
f 735/624/959 739/618/959 741/632/959
f 736/23/1075 738/17/1075 867/46/1075
f 736/23/1075 867/46/1075 863/42/1075
f 740/8/1092 739/6/1092 738/17/1092
f 740/8/960 738/17/960 736/23/960
f 741/765/1093 739/767/1093 740/773/1093
f 741/765/961 740/773/961 737/757/961
f 742/159/1082 868/92/1082 854/32/1082
f 742/159/1094 745/167/1094 746/165/1094
f 742/159/962 746/165/962 748/152/962
f 743/760/1021 745/766/1021 762/737/1021
f 743/760/1021 762/737/1021 758/741/1021
f 743/760/1080 750/738/1080 737/757/1080
f 743/760/1080 758/741/1080 750/738/1080
f 744/26/1023 740/8/1023 736/23/1023
f 744/26/1023 747/15/1023 740/8/1023
f 747/780/1024 737/757/1024 740/773/1024
f 747/780/1024 743/760/1024 737/757/1024
f 747/780/1095 746/782/1095 745/766/1095
f 747/780/963 745/766/963 743/760/963
f 748/18/1096 746/16/1096 747/15/1096
f 748/18/964 747/15/964 744/26/964
f 749/692/1079 763/752/1079 777/751/1079
f 749/692/1097 752/690/1097 753/722/1097
f 749/692/965 753/722/965 755/733/965
f 750/738/1019 741/765/1019 737/757/1019
f 750/738/1019 752/736/1019 741/765/1019
f 751/716/1025 754/726/1025 761/729/1025
f 751/716/1025 761/729/1025 757/719/1025
f 752/690/1020 735/624/1020 741/632/1020
f 752/690/1020 749/692/1020 735/624/1020
f 754/726/1026 750/738/1026 758/741/1026
f 754/726/1026 758/741/1026 761/729/1026
f 754/726/1098 753/724/1098 752/736/1098
f 754/726/966 752/736/966 750/738/966
f 755/720/1099 753/724/1099 754/726/1099
f 755/720/967 754/726/967 751/716/967
f 755/733/1028 763/752/1028 749/692/1028
f 755/733/1028 766/754/1028 763/752/1028
f 756/220/1100 759/311/1100 760/287/1100
f 756/220/968 760/287/968 762/218/968
f 757/719/1083 764/660/1083 751/716/1083
f 757/719/1083 772/663/1083 764/660/1083
f 759/311/1030 756/220/1030 770/367/1030
f 759/311/1030 770/367/1030 776/369/1030
f 761/729/1101 760/731/1101 759/721/1101
f 761/729/969 759/721/969 757/719/969
f 762/218/1022 742/159/1022 756/220/1022
f 762/218/1022 745/167/1022 742/159/1022
f 762/737/1102 760/731/1102 761/729/1102
f 762/737/970 761/729/970 758/741/970
f 763/752/1103 766/754/1103 767/761/1103
f 763/752/971 767/761/971 769/764/971
f 764/660/1027 755/720/1027 751/716/1027
f 764/660/1027 766/658/1027 755/720/1027
f 765/633/1031 768/643/1031 775/646/1031
f 765/633/1031 775/646/1031 771/636/1031
f 768/643/1104 767/641/1104 766/658/1104
f 768/643/972 766/658/972 764/660/972
f 769/639/1105 767/641/1105 768/643/1105
f 769/639/973 768/643/973 765/633/973
f 770/367/1082 742/159/1082 854/32/1082
f 770/367/1082 756/220/1082 742/159/1082
f 770/367/1106 773/379/1106 774/380/1106
f 770/367/974 774/380/974 776/369/974
f 771/636/1035 773/640/1035 790/609/1035
f 771/636/1035 790/609/1035 786/615/1035
f 771/636/1084 778/612/1084 765/633/1084
f 771/636/1084 786/615/1084 778/612/1084
f 772/663/1029 757/719/1029 759/721/1029
f 772/663/1029 759/721/1029 776/659/1029
f 773/379/1036 770/367/1036 784/366/1036
f 773/379/1036 784/366/1036 790/377/1036
f 775/646/1032 764/660/1032 772/663/1032
f 775/646/1032 768/643/1032 764/660/1032
f 775/646/1107 774/648/1107 773/640/1107
f 775/646/975 773/640/975 771/636/975
f 776/659/1108 774/648/1108 775/646/1108
f 776/659/976 775/646/976 772/663/976
f 777/751/1079 791/691/1079 805/619/1079
f 777/751/1079 805/619/1079 833/415/1079
f 777/751/1079 833/415/1079 861/564/1079
f 777/751/1109 780/763/1109 781/762/1109
f 777/751/977 781/762/977 783/753/977
f 778/612/1033 769/639/1033 765/633/1033
f 778/612/1033 780/608/1033 769/639/1033
f 779/585/1037 782/602/1037 789/605/1037
f 779/585/1037 789/605/1037 785/588/1037
f 780/763/1034 763/752/1034 769/764/1034
f 780/763/1034 777/751/1034 763/752/1034
f 782/602/1038 778/612/1038 786/615/1038
f 782/602/1038 786/615/1038 789/605/1038
f 782/602/1110 781/600/1110 780/608/1110
f 782/602/978 780/608/978 778/612/978
f 783/589/1111 781/600/1111 782/602/1111
f 783/589/979 782/602/979 779/585/979
f 784/366/1112 787/368/1112 788/376/1112
f 784/366/980 788/376/980 790/377/980
f 785/588/1085 792/515/1085 779/585/1085
f 785/588/1085 800/518/1085 792/515/1085
f 789/605/1113 788/607/1113 787/590/1113
f 789/605/981 787/590/981 785/588/981
f 790/609/1114 788/607/1114 789/605/1114
f 790/609/982 789/605/982 786/615/982
f 791/691/1115 794/732/1115 795/723/1115
f 791/691/983 795/723/983 797/689/983
f 792/515/1039 783/589/1039 779/585/1039
f 792/515/1039 794/502/1039 783/589/1039
f 793/426/1043 796/488/1043 803/491/1043
f 793/426/1043 803/491/1043 799/429/1043
f 794/732/1040 777/751/1040 783/753/1040
f 794/732/1040 791/691/1040 777/751/1040
f 796/488/1044 792/515/1044 800/518/1044
f 796/488/1044 800/518/1044 803/491/1044
f 796/488/1116 795/486/1116 794/502/1116
f 796/488/984 794/502/984 792/515/984
f 797/467/1117 795/486/1117 796/488/1117
f 797/467/985 796/488/985 793/426/985
f 798/219/1118 801/217/1118 802/286/1118
f 798/219/1152 784/366/1152 770/367/1152
f 798/219/986 802/286/986 804/310/986
f 799/429/1047 801/468/1047 818/401/1047
f 799/429/1047 818/401/1047 814/410/1047
f 799/429/1086 806/407/1086 793/426/1086
f 799/429/1086 814/410/1086 806/407/1086
f 800/518/1041 785/588/1041 787/590/1041
f 800/518/1041 787/590/1041 804/503/1041
f 801/217/1048 798/219/1048 812/154/1048
f 801/217/1048 812/154/1048 818/166/1048
f 803/491/1119 802/493/1119 801/468/1119
f 803/491/987 801/468/987 799/429/987
f 804/310/1042 784/366/1042 798/219/1042
f 804/310/1042 787/368/1042 784/366/1042
f 804/503/1120 802/493/1120 803/491/1120
f 804/503/988 803/491/988 800/518/988
f 805/619/1079 819/563/1079 833/415/1079
f 805/619/1121 808/631/1121 809/630/1121
f 805/619/989 809/630/989 811/616/989
f 806/407/1045 797/467/1045 793/426/1045
f 806/407/1045 808/400/1045 797/467/1045
f 807/372/1049 810/390/1049 817/397/1049
f 807/372/1049 817/397/1049 813/375/1049
f 808/631/1046 791/691/1046 797/689/1046
f 808/631/1046 805/619/1046 791/691/1046
f 810/390/1050 806/407/1050 814/410/1050
f 810/390/1050 814/410/1050 817/397/1050
f 810/390/1122 809/383/1122 808/400/1122
f 810/390/990 808/400/990 806/407/990
f 811/381/1123 809/383/1123 810/390/1123
f 811/381/991 810/390/991 807/372/991
f 812/154/1124 815/151/1124 816/153/1124
f 812/154/992 816/153/992 818/166/992
f 813/375/1053 815/382/1053 832/315/1053
f 813/375/1053 832/315/1053 828/356/1053
f 813/375/1087 820/353/1087 807/372/1087
f 813/375/1087 828/356/1087 820/353/1087
f 815/151/1054 812/154/1054 826/91/1054
f 815/151/1054 826/91/1054 832/93/1054
f 817/397/1125 816/399/1125 815/382/1125
f 817/397/993 815/382/993 813/375/993
f 818/401/1126 816/399/1126 817/397/1126
f 818/401/994 817/397/994 814/410/994
f 819/563/1127 822/565/1127 823/496/1127
f 819/563/995 823/496/995 825/471/995
f 820/353/1051 811/381/1051 807/372/1051
f 820/353/1051 822/314/1051 811/381/1051
f 821/264/1055 824/291/1055 831/294/1055
f 821/264/1055 831/294/1055 827/267/1055
f 821/264/1057 834/195/1057 836/193/1057
f 821/264/1057 836/193/1057 825/279/1057
f 821/264/1088 827/267/1088 842/198/1088
f 821/264/1088 842/198/1088 834/195/1088
f 822/565/1052 805/619/1052 811/616/1052
f 822/565/1052 819/563/1052 805/619/1052
f 824/291/1056 820/353/1056 828/356/1056
f 824/291/1056 828/356/1056 831/294/1056
f 824/291/1128 823/289/1128 822/314/1128
f 824/291/996 822/314/996 820/353/996
f 825/279/1129 823/289/1129 824/291/1129
f 825/279/997 824/291/997 821/264/997
f 825/471/1058 833/415/1058 819/563/1058
f 825/471/1058 836/413/1058 833/415/1058
f 826/91/1082 812/154/1082 798/219/1082
f 826/91/1130 829/50/1130 830/60/1130
f 826/91/998 830/60/998 832/93/998
f 827/267/1059 829/280/1059 846/194/1059
f 827/267/1059 846/194/1059 842/198/1059
f 829/50/1060 826/91/1060 840/31/1060
f 829/50/1060 840/31/1060 846/29/1060
f 831/294/1131 830/296/1131 829/280/1131
f 831/294/999 829/280/999 827/267/999
f 832/315/1000 831/294/1000 828/356/1000
f 832/315/1132 830/296/1132 831/294/1132
f 833/415/1001 837/406/1001 839/402/1001
f 833/415/1133 836/413/1133 837/406/1133
f 833/415/1151 847/416/1151 861/564/1151
f 835/168/1061 838/178/1061 845/181/1061
f 835/168/1061 845/181/1061 841/171/1061
f 838/178/1002 836/193/1002 834/195/1002
f 838/178/1062 834/195/1062 842/198/1062
f 838/178/1062 842/198/1062 845/181/1062
f 838/178/1134 837/176/1134 836/193/1134
f 839/174/1003 838/178/1003 835/168/1003
f 839/174/1135 837/176/1135 838/178/1135
f 840/31/1004 844/19/1004 846/29/1004
f 840/31/1136 843/20/1136 844/19/1136
f 841/171/1065 843/175/1065 860/144/1065
f 841/171/1065 860/144/1065 856/150/1065
f 841/171/1089 848/147/1089 835/168/1089
f 841/171/1089 856/150/1089 848/147/1089
f 843/20/1066 840/31/1066 854/32/1066
f 843/20/1066 854/32/1066 860/21/1066
f 845/181/1005 843/175/1005 841/171/1005
f 845/181/1137 844/183/1137 843/175/1137
f 846/194/1006 845/181/1006 842/198/1006
f 846/194/1138 844/183/1138 845/181/1138
f 847/416/1007 851/405/1007 853/414/1007
f 847/416/1139 850/404/1139 851/405/1139
f 848/147/1063 839/174/1063 835/168/1063
f 848/147/1063 850/143/1063 839/174/1063
f 849/120/1067 852/137/1067 859/140/1067
f 849/120/1067 859/140/1067 855/123/1067
f 849/120/1069 862/64/1069 864/62/1069
f 849/120/1069 864/62/1069 853/124/1069
f 850/404/1064 833/415/1064 839/402/1064
f 850/404/1064 847/416/1064 833/415/1064
f 852/137/1008 850/143/1008 848/147/1008
f 852/137/1068 848/147/1068 856/150/1068
f 852/137/1068 856/150/1068 859/140/1068
f 852/137/1140 851/135/1140 850/143/1140
f 853/124/1009 852/137/1009 849/120/1009
f 853/124/1141 851/135/1141 852/137/1141
f 854/32/1010 858/22/1010 860/21/1010
f 854/32/1082 798/219/1082 770/367/1082
f 854/32/1082 826/91/1082 798/219/1082
f 854/32/1082 840/31/1082 826/91/1082
f 854/32/1142 857/30/1142 858/22/1142
f 855/123/1071 857/125/1071 874/63/1071
f 855/123/1071 874/63/1071 870/67/1071
f 855/123/1090 862/64/1090 849/120/1090
f 855/123/1090 870/67/1090 862/64/1090
f 859/140/1011 857/125/1011 855/123/1011
f 859/140/1143 858/142/1143 857/125/1143
f 860/144/1012 859/140/1012 856/150/1012
f 860/144/1144 858/142/1144 859/140/1144
f 861/564/1013 865/495/1013 867/566/1013
f 861/564/1079 735/624/1079 749/692/1079
f 861/564/1079 749/692/1079 777/751/1079
f 861/564/1145 864/472/1145 865/495/1145
f 863/42/1073 866/54/1073 873/57/1073
f 863/42/1073 873/57/1073 869/45/1073
f 864/472/1070 847/416/1070 853/414/1070
f 864/472/1070 861/564/1070 847/416/1070
f 866/54/1014 864/62/1014 862/64/1014
f 866/54/1074 862/64/1074 870/67/1074
f 866/54/1074 870/67/1074 873/57/1074
f 866/54/1146 865/52/1146 864/62/1146
f 867/46/1015 866/54/1015 863/42/1015
f 867/46/1147 865/52/1147 866/54/1147
f 867/566/1076 735/624/1076 861/564/1076
f 867/566/1076 738/617/1076 735/624/1076
f 868/92/1016 872/61/1016 874/51/1016
f 868/92/1148 871/94/1148 872/61/1148
f 869/45/1077 748/18/1077 744/26/1077
f 869/45/1077 871/47/1077 748/18/1077
f 869/45/1081 736/23/1081 863/42/1081
f 869/45/1081 744/26/1081 736/23/1081
f 871/94/1078 742/159/1078 748/152/1078
f 871/94/1078 868/92/1078 742/159/1078
f 873/57/1017 871/47/1017 869/45/1017
f 873/57/1149 872/59/1149 871/47/1149
f 874/51/1072 854/32/1072 868/92/1072
f 874/51/1072 857/30/1072 854/32/1072
f 874/63/1018 873/57/1018 870/67/1018
f 874/63/1150 872/59/1150 873/57/1150
g runner_belt_Cube.063
v 0.220500 0.372500 -0.111500
v 0.220500 0.386000 -0.125000
v 0.234000 0.386000 -0.111500
v 0.220500 0.376454 -0.121046
v 0.228294 0.378206 -0.119294
v 0.230046 0.386000 -0.121046
v 0.230046 0.376454 -0.111500
v 0.220500 0.434000 -0.125000
v 0.220500 0.447500 -0.111500
v 0.234000 0.434000 -0.111500
v 0.220500 0.443546 -0.121046
v 0.228294 0.441794 -0.119294
v 0.230046 0.443546 -0.111500
v 0.230046 0.434000 -0.121046
v 0.220500 0.372500 0.111500
v 0.234000 0.386000 0.111500
v 0.220500 0.386000 0.125000
v 0.230046 0.376454 0.111500
v 0.228294 0.378206 0.119294
v 0.230046 0.386000 0.121046
v 0.220500 0.376454 0.121046
v 0.220500 0.447500 0.111500
v 0.220500 0.434000 0.125000
v 0.234000 0.434000 0.111500
v 0.220500 0.443546 0.121046
v 0.228294 0.441794 0.119294
v 0.230046 0.434000 0.121046
v 0.230046 0.443546 0.111500
v -0.220500 0.372500 -0.111500
v -0.234000 0.386000 -0.111500
v -0.220500 0.386000 -0.125000
v -0.230046 0.376454 -0.111500
v -0.228294 0.378206 -0.119294
v -0.230046 0.386000 -0.121046
v -0.220500 0.376454 -0.121046
v -0.220500 0.447500 -0.111500
v -0.220500 0.434000 -0.125000
v -0.234000 0.434000 -0.111500
v -0.220500 0.443546 -0.121046
v -0.228294 0.441794 -0.119294
v -0.230046 0.434000 -0.121046
v -0.230046 0.443546 -0.111500
v -0.220500 0.372500 0.111500
v -0.220500 0.386000 0.125000
v -0.234000 0.386000 0.111500
v -0.220500 0.376454 0.121046
v -0.228294 0.378206 0.119294
v -0.230046 0.386000 0.121046
v -0.230046 0.376454 0.111500
v -0.220500 0.447500 0.111500
v -0.234000 0.434000 0.111500
v -0.220500 0.434000 0.125000
v -0.230046 0.443546 0.111500
v -0.228294 0.441794 0.119294
v -0.230046 0.434000 0.121046
v -0.220500 0.443546 0.121046
vn 0.3672 -0.8865 -0.2817
vn 0.2817 -0.3672 -0.8865
vn 0.8865 -0.2817 -0.3672
vn 0.3672 0.2817 -0.8865
vn 0.2817 0.8865 -0.3672
vn 0.8865 0.3672 -0.2817
vn 0.2817 -0.8865 0.3672
vn 0.8865 -0.3672 0.2817
vn 0.3672 -0.2817 0.8865
vn 0.3672 0.8865 0.2817
vn 0.2817 0.3672 0.8865
vn 0.8865 0.2817 0.3672
vn -0.2817 -0.8865 -0.3672
vn -0.8865 -0.3672 -0.2817
vn -0.3672 -0.2817 -0.8865
vn -0.3672 0.8865 -0.2817
vn -0.2817 0.3672 -0.8865
vn -0.8865 0.2817 -0.3672
vn -0.3672 -0.8865 0.2817
vn -0.2817 -0.3672 0.8865
vn -0.8865 -0.2817 0.3672
vn -0.2817 0.8865 0.3672
vn -0.8865 0.3672 0.2817
vn -0.3672 0.2817 0.8865
vn 0.3827 -0.9239 -0.0000
vn 0.9239 -0.3827 -0.0000
vn 0.3827 -0.0000 -0.9239
vn 0.9239 -0.0000 -0.3827
vn 0.3827 0.9239 -0.0000
vn 0.9239 0.3827 -0.0000
vn 0.3827 -0.0000 0.9239
vn 0.9239 -0.0000 0.3827
vn -0.0000 -0.9239 0.3827
vn -0.0000 -0.3827 0.9239
vn -0.0000 0.9239 0.3827
vn -0.0000 0.3827 0.9239
vn -0.9239 -0.0000 0.3827
vn -0.3827 -0.0000 0.9239
vn -0.3827 -0.9239 -0.0000
vn -0.9239 -0.3827 -0.0000
vn -0.3827 0.9239 -0.0000
vn -0.9239 0.3827 -0.0000
vn -0.3827 -0.0000 -0.9239
vn -0.9239 -0.0000 -0.3827
vn -0.0000 -0.9239 -0.3827
vn -0.0000 -0.3827 -0.9239
vn -0.0000 0.9239 -0.3827
vn -0.0000 0.3827 -0.9239
vn -0.0000 -1.0000 -0.0000
vn 1.0000 -0.0000 -0.0000
vn -0.0000 -0.0000 -1.0000
vn -0.0000 1.0000 -0.0000
vn -0.0000 -0.0000 1.0000
vn -1.0000 -0.0000 -0.0000
vn 0.2817 -0.8865 -0.3672
vn 0.3672 -0.2817 -0.8865
vn 0.8865 -0.3672 -0.2817
vn 0.2817 0.3672 -0.8865
vn 0.3672 0.8865 -0.2817
vn 0.8865 0.2817 -0.3672
vn 0.3672 -0.8865 0.2817
vn 0.8865 -0.2817 0.3672
vn 0.2817 -0.3672 0.8865
vn 0.2817 0.8865 0.3672
vn 0.3672 0.2817 0.8865
vn 0.8865 0.3672 0.2817
vn -0.3672 -0.8865 -0.2817
vn -0.8865 -0.2817 -0.3672
vn -0.2817 -0.3672 -0.8865
vn -0.2817 0.8865 -0.3672
vn -0.3672 0.2817 -0.8865
vn -0.8865 0.3672 -0.2817
vn -0.2817 -0.8865 0.3672
vn -0.3672 -0.2817 0.8865
vn -0.8865 -0.3672 0.2817
vn -0.3672 0.8865 0.2817
vn -0.8865 0.2817 0.3672
vn -0.2817 0.3672 0.8865
s 0
g runner_belt_M_cream
usemtl M_cream
f 875/97/1153 879/89/1153 881/86/1153
f 875/97/1177 881/86/1177 892/76/1177
f 875/97/1177 892/76/1177 889/96/1177
f 875/97/1207 878/98/1207 879/89/1207
f 876/351/1154 879/288/1154 878/263/1154
f 876/351/1208 880/352/1208 879/288/1208
f 877/317/1155 879/225/1155 880/316/1155
f 877/317/1209 881/228/1209 879/225/1209
f 881/228/1178 877/317/1178 890/324/1178
f 881/228/1178 890/324/1178 892/238/1178
f 882/465/1156 886/558/1156 888/466/1156
f 882/465/1179 880/352/1179 876/351/1179
f 882/465/1179 888/466/1179 880/352/1179
f 882/465/1210 885/556/1210 886/558/1210
f 883/687/1157 886/713/1157 885/688/1157
f 883/687/1199 885/688/1199 913/560/1199
f 883/687/1199 913/560/1199 910/568/1199
f 883/687/1211 887/710/1211 886/713/1211
f 884/431/1158 886/494/1158 887/519/1158
f 884/431/1202 890/324/1202 877/317/1202
f 884/431/1202 898/438/1202 890/324/1202
f 884/431/1212 888/430/1212 886/494/1212
f 885/556/1200 882/465/1200 911/458/1200
f 885/556/1200 911/458/1200 913/560/1200
f 888/430/1180 877/317/1180 880/316/1180
f 888/430/1180 884/431/1180 877/317/1180
f 889/96/1159 893/73/1159 895/95/1159
f 889/96/1185 895/95/1185 920/223/1185
f 889/96/1185 920/223/1185 917/215/1185
f 889/96/1213 892/76/1213 893/73/1213
f 890/324/1160 893/281/1160 892/238/1160
f 890/324/1214 894/325/1214 893/281/1214
f 891/326/1161 893/281/1161 894/325/1161
f 891/326/1183 894/325/1183 901/439/1183
f 891/326/1183 901/439/1183 897/440/1183
f 891/326/1215 895/239/1215 893/281/1215
f 894/325/1184 890/324/1184 898/438/1184
f 894/325/1184 898/438/1184 901/439/1184
f 895/239/1186 891/326/1186 918/333/1186
f 895/239/1186 918/333/1186 920/223/1186
f 896/686/1162 900/694/1162 902/700/1162
f 896/686/1181 887/710/1181 883/687/1181
f 896/686/1181 902/700/1181 887/710/1181
f 896/686/1204 883/687/1204 910/568/1204
f 896/686/1204 910/568/1204 924/567/1204
f 896/686/1216 899/685/1216 900/694/1216
f 897/440/1163 900/501/1163 899/529/1163
f 897/440/1205 918/333/1205 891/326/1205
f 897/440/1205 926/447/1205 918/333/1205
f 897/440/1217 901/439/1217 900/501/1217
f 898/438/1164 900/501/1164 901/439/1164
f 898/438/1218 902/528/1218 900/501/1218
f 902/528/1182 884/431/1182 887/519/1182
f 902/528/1182 898/438/1182 884/431/1182
f 903/216/1165 907/277/1165 909/224/1165
f 903/216/1197 878/98/1197 875/97/1197
f 903/216/1197 909/224/1197 878/98/1197
f 903/216/1219 906/256/1219 907/277/1219
f 904/342/1166 907/277/1166 906/256/1166
f 904/342/1220 908/343/1220 907/277/1220
f 905/344/1167 907/277/1167 908/343/1167
f 905/344/1195 908/343/1195 915/457/1195
f 905/344/1195 915/457/1195 911/458/1195
f 905/344/1221 909/224/1221 907/277/1221
f 908/343/1196 904/342/1196 912/456/1196
f 908/343/1196 912/456/1196 915/457/1196
f 909/224/1198 876/351/1198 878/263/1198
f 909/224/1198 905/344/1198 876/351/1198
f 910/568/1168 914/509/1168 916/546/1168
f 910/568/1193 916/546/1193 927/537/1193
f 910/568/1193 927/537/1193 924/567/1193
f 910/568/1222 913/560/1222 914/509/1222
f 911/458/1169 914/509/1169 913/560/1169
f 911/458/1203 876/351/1203 905/344/1203
f 911/458/1203 882/465/1203 876/351/1203
f 911/458/1223 915/457/1223 914/509/1223
f 912/456/1170 914/509/1170 915/457/1170
f 912/456/1224 916/546/1224 914/509/1224
f 916/546/1194 912/456/1194 925/449/1194
f 916/546/1194 925/449/1194 927/537/1194
f 917/215/1171 921/273/1171 923/247/1171
f 917/215/1191 906/256/1191 903/216/1191
f 917/215/1191 923/247/1191 906/256/1191
f 917/215/1201 875/97/1201 889/96/1201
f 917/215/1201 903/216/1201 875/97/1201
f 917/215/1225 920/223/1225 921/273/1225
f 918/333/1172 921/273/1172 920/223/1172
f 918/333/1226 922/334/1226 921/273/1226
f 919/335/1173 921/273/1173 922/334/1173
f 919/335/1189 922/334/1189 929/448/1189
f 919/335/1189 929/448/1189 925/449/1189
f 919/335/1227 923/247/1227 921/273/1227
f 922/334/1190 918/333/1190 926/447/1190
f 922/334/1190 926/447/1190 929/448/1190
f 923/247/1192 904/342/1192 906/256/1192
f 923/247/1192 919/335/1192 904/342/1192
f 924/567/1174 928/505/1174 930/559/1174
f 924/567/1187 899/685/1187 896/686/1187
f 924/567/1187 930/559/1187 899/685/1187
f 924/567/1228 927/537/1228 928/505/1228
f 925/449/1175 928/505/1175 927/537/1175
f 925/449/1206 904/342/1206 919/335/1206
f 925/449/1206 912/456/1206 904/342/1206
f 925/449/1229 929/448/1229 928/505/1229
f 926/447/1176 928/505/1176 929/448/1176
f 926/447/1230 930/559/1230 928/505/1230
f 930/559/1188 897/440/1188 899/529/1188
f 930/559/1188 926/447/1188 897/440/1188
g runner_hair_Cube.064
v 0.102000 0.940000 -0.032000
v 0.102000 0.958000 -0.050000
v 0.120000 0.958000 -0.032000
v 0.102000 0.945272 -0.044728
v 0.112392 0.947608 -0.042392
v 0.114728 0.958000 -0.044728
v 0.114728 0.945272 -0.032000
v 0.102000 1.022000 -0.050000
v 0.102000 1.040000 -0.032000
v 0.120000 1.022000 -0.032000
v 0.102000 1.034728 -0.044728
v 0.112392 1.032392 -0.042392
v 0.114728 1.034728 -0.032000
v 0.114728 1.022000 -0.044728
v 0.102000 0.940000 0.092000
v 0.120000 0.958000 0.092000
v 0.102000 0.958000 0.110000
v 0.114728 0.945272 0.092000
v 0.112392 0.947608 0.102392
v 0.114728 0.958000 0.104728
v 0.102000 0.945272 0.104728
v 0.102000 1.040000 0.092000
v 0.102000 1.022000 0.110000
v 0.120000 1.022000 0.092000
v 0.102000 1.034728 0.104728
v 0.112392 1.032392 0.102392
v 0.114728 1.022000 0.104728
v 0.114728 1.034728 0.092000
v -0.102000 0.940000 -0.032000
v -0.120000 0.958000 -0.032000
v -0.102000 0.958000 -0.050000
v -0.114728 0.945272 -0.032000
v -0.112392 0.947608 -0.042392
v -0.114728 0.958000 -0.044728
v -0.102000 0.945272 -0.044728
v -0.102000 1.040000 -0.032000
v -0.102000 1.022000 -0.050000
v -0.120000 1.022000 -0.032000
v -0.102000 1.034728 -0.044728
v -0.112392 1.032392 -0.042392
v -0.114728 1.022000 -0.044728
v -0.114728 1.034728 -0.032000
v -0.102000 0.940000 0.092000
v -0.102000 0.958000 0.110000
v -0.120000 0.958000 0.092000
v -0.102000 0.945272 0.104728
v -0.112392 0.947608 0.102392
v -0.114728 0.958000 0.104728
v -0.114728 0.945272 0.092000
v -0.102000 1.040000 0.092000
v -0.120000 1.022000 0.092000
v -0.102000 1.022000 0.110000
v -0.114728 1.034728 0.092000
v -0.112392 1.032392 0.102392
v -0.114728 1.022000 0.104728
v -0.102000 1.034728 0.104728
vn 0.3672 -0.8865 -0.2817
vn 0.2817 -0.3672 -0.8865
vn 0.8865 -0.2817 -0.3672
vn 0.3672 0.2817 -0.8865
vn 0.2817 0.8865 -0.3672
vn 0.8865 0.3672 -0.2817
vn 0.2817 -0.8865 0.3672
vn 0.8865 -0.3672 0.2817
vn 0.3672 -0.2817 0.8865
vn 0.3672 0.8865 0.2817
vn 0.2817 0.3672 0.8865
vn 0.8865 0.2817 0.3672
vn -0.2817 -0.8865 -0.3672
vn -0.8865 -0.3672 -0.2817
vn -0.3672 -0.2817 -0.8865
vn -0.3672 0.8865 -0.2817
vn -0.2817 0.3672 -0.8865
vn -0.8865 0.2817 -0.3672
vn -0.3672 -0.8865 0.2817
vn -0.2817 -0.3672 0.8865
vn -0.8865 -0.2817 0.3672
vn -0.2817 0.8865 0.3672
vn -0.8865 0.3672 0.2817
vn -0.3672 0.2817 0.8865
vn 0.3827 -0.9239 -0.0000
vn 0.9239 -0.3827 -0.0000
vn 0.3827 -0.0000 -0.9239
vn 0.9239 -0.0000 -0.3827
vn 0.3827 0.9239 -0.0000
vn 0.9239 0.3827 -0.0000
vn 0.3827 -0.0000 0.9239
vn 0.9239 -0.0000 0.3827
vn -0.0000 -0.9239 0.3827
vn -0.0000 -0.3827 0.9239
vn -0.0000 0.9239 0.3827
vn -0.0000 0.3827 0.9239
vn -0.9239 -0.0000 0.3827
vn -0.3827 -0.0000 0.9239
vn -0.3827 -0.9239 -0.0000
vn -0.9239 -0.3827 -0.0000
vn -0.3827 0.9239 -0.0000
vn -0.9239 0.3827 -0.0000
vn -0.3827 -0.0000 -0.9239
vn -0.9239 -0.0000 -0.3827
vn -0.0000 -0.9239 -0.3827
vn -0.0000 -0.3827 -0.9239
vn -0.0000 0.9239 -0.3827
vn -0.0000 0.3827 -0.9239
vn -0.0000 -1.0000 -0.0000
vn 1.0000 -0.0000 -0.0000
vn -0.0000 -0.0000 -1.0000
vn -0.0000 1.0000 -0.0000
vn -0.0000 -0.0000 1.0000
vn -1.0000 -0.0000 -0.0000
vn 0.2817 -0.8865 -0.3672
vn 0.3672 -0.2817 -0.8865
vn 0.8865 -0.3672 -0.2817
vn 0.2817 0.3672 -0.8865
vn 0.3672 0.8865 -0.2817
vn 0.8865 0.2817 -0.3672
vn 0.3672 -0.8865 0.2817
vn 0.8865 -0.2817 0.3672
vn 0.2817 -0.3672 0.8865
vn 0.2817 0.8865 0.3672
vn 0.3672 0.2817 0.8865
vn 0.8865 0.3672 0.2817
vn -0.3672 -0.8865 -0.2817
vn -0.8865 -0.2817 -0.3672
vn -0.2817 -0.3672 -0.8865
vn -0.2817 0.8865 -0.3672
vn -0.3672 0.2817 -0.8865
vn -0.8865 0.3672 -0.2817
vn -0.2817 -0.8865 0.3672
vn -0.3672 -0.2817 0.8865
vn -0.8865 -0.3672 0.2817
vn -0.3672 0.8865 0.2817
vn -0.8865 0.2817 0.3672
vn -0.2817 0.3672 0.8865
s 0
g runner_hair_M_brown
usemtl M_brown
f 931/108/1231 935/99/1231 937/84/1231
f 931/108/1255 937/84/1255 948/79/1255
f 931/108/1255 948/79/1255 945/107/1255
f 931/108/1285 934/109/1285 935/99/1285
f 932/349/1232 935/288/1232 934/261/1232
f 932/349/1286 936/352/1286 935/288/1286
f 933/319/1233 935/227/1233 936/316/1233
f 933/319/1287 937/231/1287 935/227/1287
f 937/231/1256 933/319/1256 946/322/1256
f 937/231/1256 946/322/1256 948/236/1256
f 938/463/1234 942/555/1234 944/466/1234
f 938/463/1257 936/352/1257 932/349/1257
f 938/463/1257 944/466/1257 936/352/1257
f 938/463/1288 941/551/1288 942/555/1288
f 939/676/1235 942/711/1235 941/677/1235
f 939/676/1277 941/677/1277 969/570/1277
f 939/676/1277 969/570/1277 966/578/1277
f 939/676/1289 943/707/1289 942/711/1289
f 940/433/1236 942/494/1236 943/521/1236
f 940/433/1280 946/322/1280 933/319/1280
f 940/433/1280 954/436/1280 946/322/1280
f 940/433/1290 944/430/1290 942/494/1290
f 941/551/1278 938/463/1278 967/460/1278
f 941/551/1278 967/460/1278 969/570/1278
f 944/430/1258 933/319/1258 936/316/1258
f 944/430/1258 940/433/1258 933/319/1258
f 945/107/1237 949/75/1237 951/106/1237
f 945/107/1263 951/106/1263 976/213/1263
f 945/107/1263 976/213/1263 973/205/1263
f 945/107/1291 948/79/1291 949/75/1291
f 946/322/1238 949/283/1238 948/236/1238
f 946/322/1292 950/325/1292 949/283/1292
f 947/328/1239 949/283/1239 950/325/1239
f 947/328/1261 950/325/1261 957/439/1261
f 947/328/1261 957/439/1261 953/442/1261
f 947/328/1293 951/241/1293 949/283/1293
f 950/325/1262 946/322/1262 954/436/1262
f 950/325/1262 954/436/1262 957/439/1262
f 951/241/1264 947/328/1264 974/331/1264
f 951/241/1264 974/331/1264 976/213/1264
f 952/675/1240 956/684/1240 958/702/1240
f 952/675/1259 943/707/1259 939/676/1259
f 952/675/1259 958/702/1259 943/707/1259
f 952/675/1282 939/676/1282 966/578/1282
f 952/675/1282 966/578/1282 980/577/1282
f 952/675/1294 955/674/1294 956/684/1294
f 953/442/1241 956/499/1241 955/531/1241
f 953/442/1283 974/331/1283 947/328/1283
f 953/442/1283 982/445/1283 974/331/1283
f 953/442/1295 957/439/1295 956/499/1295
f 954/436/1242 956/499/1242 957/439/1242
f 954/436/1296 958/526/1296 956/499/1296
f 958/526/1260 940/433/1260 943/521/1260
f 958/526/1260 954/436/1260 940/433/1260
f 959/206/1243 963/276/1243 965/214/1243
f 959/206/1275 934/109/1275 931/108/1275
f 959/206/1275 965/214/1275 934/109/1275
f 959/206/1297 962/254/1297 963/276/1297
f 960/340/1244 963/276/1244 962/254/1244
f 960/340/1298 964/343/1298 963/276/1298
f 961/346/1245 963/276/1245 964/343/1245
f 961/346/1273 964/343/1273 971/457/1273
f 961/346/1273 971/457/1273 967/460/1273
f 961/346/1299 965/214/1299 963/276/1299
f 964/343/1274 960/340/1274 968/454/1274
f 964/343/1274 968/454/1274 971/457/1274
f 965/214/1276 932/349/1276 934/261/1276
f 965/214/1276 961/346/1276 932/349/1276
f 966/578/1246 970/512/1246 972/544/1246
f 966/578/1271 972/544/1271 983/539/1271
f 966/578/1271 983/539/1271 980/577/1271
f 966/578/1300 969/570/1300 970/512/1300
f 967/460/1247 970/512/1247 969/570/1247
f 967/460/1281 932/349/1281 961/346/1281
f 967/460/1281 938/463/1281 932/349/1281
f 967/460/1301 971/457/1301 970/512/1301
f 968/454/1248 970/512/1248 971/457/1248
f 968/454/1302 972/544/1302 970/512/1302
f 972/544/1272 968/454/1272 981/451/1272
f 972/544/1272 981/451/1272 983/539/1272
f 973/205/1249 977/270/1249 979/249/1249
f 973/205/1269 962/254/1269 959/206/1269
f 973/205/1269 979/249/1269 962/254/1269
f 973/205/1279 931/108/1279 945/107/1279
f 973/205/1279 959/206/1279 931/108/1279
f 973/205/1303 976/213/1303 977/270/1303
f 974/331/1250 977/270/1250 976/213/1250
f 974/331/1304 978/334/1304 977/270/1304
f 975/337/1251 977/270/1251 978/334/1251
f 975/337/1267 978/334/1267 985/448/1267
f 975/337/1267 985/448/1267 981/451/1267
f 975/337/1305 979/249/1305 977/270/1305
f 978/334/1268 974/331/1268 982/445/1268
f 978/334/1268 982/445/1268 985/448/1268
f 979/249/1270 960/340/1270 962/254/1270
f 979/249/1270 975/337/1270 960/340/1270
f 980/577/1252 984/506/1252 986/569/1252
f 980/577/1265 955/674/1265 952/675/1265
f 980/577/1265 986/569/1265 955/674/1265
f 980/577/1306 983/539/1306 984/506/1306
f 981/451/1253 984/506/1253 983/539/1253
f 981/451/1284 960/340/1284 975/337/1284
f 981/451/1284 968/454/1284 960/340/1284
f 981/451/1307 985/448/1307 984/506/1307
f 982/445/1254 984/506/1254 985/448/1254
f 982/445/1308 986/569/1308 984/506/1308
f 986/569/1266 953/442/1266 955/531/1266
f 986/569/1266 982/445/1266 953/442/1266
g runner_scarf_Cube.065
v 0.280345 0.670041 0.054400
v 0.275895 0.683736 0.040000
v 0.289590 0.688186 0.054400
v 0.279042 0.674052 0.044218
v 0.286371 0.678398 0.046086
v 0.285579 0.686883 0.044218
v 0.288726 0.677199 0.054400
v 0.260074 0.732430 0.040000
v 0.255624 0.746125 0.054400
v 0.273769 0.736880 0.054400
v 0.256927 0.742114 0.044218
v 0.265411 0.742906 0.046086
v 0.266611 0.745261 0.054400
v 0.269758 0.735577 0.044218
v 0.280345 0.670041 0.105600
v 0.289590 0.688186 0.105600
v 0.275895 0.683736 0.120000
v 0.288726 0.677199 0.105600
v 0.286371 0.678398 0.113914
v 0.285579 0.686883 0.115782
v 0.279042 0.674052 0.115782
v 0.255624 0.746125 0.105600
v 0.260074 0.732430 0.120000
v 0.273769 0.736880 0.105600
v 0.256927 0.742114 0.115782
v 0.265411 0.742906 0.113914
v 0.269758 0.735577 0.115782
v 0.266611 0.745261 0.105600
v -0.015624 0.573875 0.054400
v -0.033769 0.583120 0.054400
v -0.020074 0.587570 0.040000
v -0.026611 0.574739 0.054400
v -0.025411 0.577094 0.046086
v -0.029758 0.584423 0.044218
v -0.016927 0.577886 0.044218
v -0.040345 0.649959 0.054400
v -0.035895 0.636264 0.040000
v -0.049590 0.631814 0.054400
v -0.039042 0.645948 0.044218
v -0.046371 0.641602 0.046086
v -0.045579 0.633117 0.044218
v -0.048726 0.642802 0.054400
v -0.015624 0.573875 0.105600
v -0.020074 0.587570 0.120000
v -0.033769 0.583120 0.105600
v -0.016927 0.577886 0.115782
v -0.025411 0.577094 0.113914
v -0.029758 0.584423 0.115782
v -0.026611 0.574739 0.105600
v -0.040345 0.649959 0.105600
v -0.049590 0.631814 0.105600
v -0.035895 0.636264 0.120000
v -0.048726 0.642802 0.105600
v -0.046371 0.641602 0.113914
v -0.045579 0.633117 0.115782
v -0.039042 0.645948 0.115782
vn 0.6231 -0.7296 -0.2817
vn 0.3814 -0.2621 -0.8865
vn 0.9301 0.0060 -0.3672
vn 0.2621 0.3814 -0.8865
vn -0.0060 0.9301 -0.3672
vn 0.7296 0.6231 -0.2817
vn 0.5419 -0.7560 0.3672
vn 0.9565 -0.0753 0.2817
vn 0.4363 -0.1545 0.8865
vn 0.0753 0.9565 0.2817
vn 0.1545 0.4363 0.8865
vn 0.7560 0.5419 0.3672
vn 0.0060 -0.9301 -0.3672
vn -0.7296 -0.6231 -0.2817
vn -0.2621 -0.3814 -0.8865
vn -0.6231 0.7296 -0.2817
vn -0.3814 0.2621 -0.8865
vn -0.9301 -0.0060 -0.3672
vn -0.0753 -0.9565 0.2817
vn -0.1545 -0.4363 0.8865
vn -0.7560 -0.5419 0.3672
vn -0.5419 0.7560 0.3672
vn -0.9565 0.0753 0.2817
vn -0.4363 0.1545 0.8865
vn 0.6494 -0.7604 -0.0000
vn 0.9969 -0.0785 -0.0000
vn 0.3640 0.1183 -0.9239
vn 0.8787 0.2855 -0.3827
vn 0.0785 0.9969 -0.0000
vn 0.7604 0.6494 -0.0000
vn 0.3640 0.1183 0.9239
vn 0.8787 0.2855 0.3827
vn 0.2855 -0.8787 0.3827
vn 0.1183 -0.3640 0.9239
vn -0.2855 0.8787 0.3827
vn -0.1183 0.3640 0.9239
vn -0.8787 -0.2855 0.3827
vn -0.3640 -0.1183 0.9239
vn -0.0785 -0.9969 -0.0000
vn -0.7604 -0.6494 -0.0000
vn -0.6494 0.7604 -0.0000
vn -0.9969 0.0785 -0.0000
vn -0.3640 -0.1183 -0.9239
vn -0.8787 -0.2855 -0.3827
vn 0.2855 -0.8787 -0.3827
vn 0.1183 -0.3640 -0.9239
vn -0.2855 0.8787 -0.3827
vn -0.1183 0.3640 -0.9239
vn 0.3090 -0.9511 -0.0000
vn 0.9511 0.3090 -0.0000
vn -0.0000 -0.0000 -1.0000
vn -0.3090 0.9511 -0.0000
vn -0.0000 -0.0000 1.0000
vn -0.9511 -0.3090 -0.0000
vn 0.5419 -0.7560 -0.3672
vn 0.4363 -0.1545 -0.8865
vn 0.9565 -0.0753 -0.2817
vn 0.1545 0.4363 -0.8865
vn 0.0753 0.9565 -0.2817
vn 0.7560 0.5419 -0.3672
vn 0.6231 -0.7296 0.2817
vn 0.9301 0.0060 0.3672
vn 0.3814 -0.2621 0.8865
vn -0.0060 0.9301 0.3672
vn 0.2621 0.3814 0.8865
vn 0.7296 0.6231 0.2817
vn -0.0753 -0.9565 -0.2817
vn -0.7560 -0.5419 -0.3672
vn -0.1545 -0.4363 -0.8865
vn -0.5419 0.7560 -0.3672
vn -0.4363 0.1545 -0.8865
vn -0.9565 0.0753 -0.2817
vn 0.0060 -0.9301 0.3672
vn -0.2621 -0.3814 0.8865
vn -0.7296 -0.6231 0.2817
vn -0.6231 0.7296 0.2817
vn -0.9301 -0.0060 0.3672
vn -0.3814 0.2621 0.8865
s 0
g runner_scarf_M_gold
usemtl M_gold
f 1000/430/1336 989/320/1336 992/316/1336
f 1000/430/1336 996/434/1336 989/320/1336
f 1001/102/1315 1005/77/1315 1007/101/1315
f 1001/102/1341 1007/101/1341 1032/221/1341
f 1001/102/1341 1032/221/1341 1029/211/1341
f 1001/102/1369 1004/80/1369 1005/77/1369
f 1002/321/1316 1005/282/1316 1004/235/1316
f 1002/321/1370 1006/325/1370 1005/282/1370
f 1003/327/1317 1005/282/1317 1006/325/1317
f 1003/327/1339 1006/325/1339 1013/439/1339
f 1003/327/1339 1013/439/1339 1009/441/1339
f 1003/327/1361 1009/441/1361 1038/446/1361
f 1003/327/1361 1038/446/1361 1030/332/1361
f 1003/327/1371 1007/240/1371 1005/282/1371
f 1006/325/1340 1002/321/1340 1010/435/1340
f 1006/325/1340 1010/435/1340 1013/439/1340
f 1007/240/1342 1003/327/1342 1030/332/1342
f 1007/240/1342 1030/332/1342 1032/221/1342
f 1008/680/1318 1012/693/1318 1014/703/1318
f 1008/680/1337 1014/703/1337 999/706/1337
f 1008/680/1337 999/706/1337 995/681/1337
f 1008/680/1360 1022/572/1360 1036/571/1360
f 1008/680/1360 995/681/1360 1022/572/1360
f 1008/680/1372 1011/679/1372 1012/693/1372
f 1009/441/1319 1012/498/1319 1011/530/1319
f 1009/441/1373 1013/439/1373 1012/498/1373
f 1010/435/1320 1012/498/1320 1013/439/1320
f 1010/435/1374 1014/525/1374 1012/498/1374
f 1014/525/1338 1010/435/1338 996/434/1338
f 1014/525/1338 996/434/1338 999/522/1338
f 1015/212/1321 1019/275/1321 1021/222/1321
f 1015/212/1353 1021/222/1353 990/104/1353
f 1015/212/1353 990/104/1353 987/103/1353
f 1015/212/1375 1018/253/1375 1019/275/1375
f 1016/339/1322 1019/275/1322 1018/253/1322
f 1016/339/1376 1020/343/1376 1019/275/1376
f 1017/345/1323 1019/275/1323 1020/343/1323
f 1017/345/1351 1020/343/1351 1027/457/1351
f 1017/345/1351 1027/457/1351 1023/459/1351
f 1017/345/1359 1023/459/1359 994/464/1359
f 1017/345/1359 994/464/1359 988/350/1359
f 1017/345/1377 1021/222/1377 1019/275/1377
f 1020/343/1352 1016/339/1352 1024/453/1352
f 1020/343/1352 1024/453/1352 1027/457/1352
f 1021/222/1354 1017/345/1354 988/350/1354
f 1021/222/1354 988/350/1354 990/262/1354
f 1022/572/1324 1026/510/1324 1028/543/1324
f 1022/572/1349 1028/543/1349 1039/540/1349
f 1022/572/1349 1039/540/1349 1036/571/1349
f 1022/572/1378 1025/562/1378 1026/510/1378
f 1023/459/1325 1026/510/1325 1025/562/1325
f 1023/459/1379 1027/457/1379 1026/510/1379
f 1024/453/1326 1026/510/1326 1027/457/1326
f 1024/453/1380 1028/543/1380 1026/510/1380
f 1028/543/1350 1024/453/1350 1037/452/1350
f 1028/543/1350 1037/452/1350 1039/540/1350
f 1029/211/1327 1033/272/1327 1035/250/1327
f 1029/211/1347 1018/253/1347 1015/212/1347
f 1029/211/1347 1035/250/1347 1018/253/1347
f 1029/211/1357 1015/212/1357 987/103/1357
f 1029/211/1357 987/103/1357 1001/102/1357
f 1029/211/1381 1032/221/1381 1033/272/1381
f 1030/332/1328 1033/272/1328 1032/221/1328
f 1030/332/1382 1034/334/1382 1033/272/1382
f 1031/338/1329 1033/272/1329 1034/334/1329
f 1031/338/1345 1034/334/1345 1041/448/1345
f 1031/338/1345 1041/448/1345 1037/452/1345
f 1031/338/1383 1035/250/1383 1033/272/1383
f 1034/334/1346 1030/332/1346 1038/446/1346
f 1034/334/1346 1038/446/1346 1041/448/1346
f 1035/250/1348 1016/339/1348 1018/253/1348
f 1035/250/1348 1031/338/1348 1016/339/1348
f 1036/571/1330 1040/507/1330 1042/561/1330
f 1036/571/1343 1011/679/1343 1008/680/1343
f 1036/571/1343 1042/561/1343 1011/679/1343
f 1036/571/1384 1039/540/1384 1040/507/1384
f 1037/452/1331 1040/507/1331 1039/540/1331
f 1037/452/1362 1016/339/1362 1031/338/1362
f 1037/452/1362 1024/453/1362 1016/339/1362
f 1037/452/1385 1041/448/1385 1040/507/1385
f 1038/446/1332 1040/507/1332 1041/448/1332
f 1038/446/1386 1042/561/1386 1040/507/1386
f 1042/561/1344 1009/441/1344 1011/530/1344
f 1042/561/1344 1038/446/1344 1009/441/1344
f 987/103/1309 991/90/1309 993/83/1309
f 987/103/1333 1004/80/1333 1001/102/1333
f 987/103/1333 993/83/1333 1004/80/1333
f 987/103/1363 990/104/1363 991/90/1363
f 988/350/1310 991/288/1310 990/262/1310
f 988/350/1364 992/352/1364 991/288/1364
f 989/320/1311 991/229/1311 992/316/1311
f 989/320/1365 993/232/1365 991/229/1365
f 993/232/1334 1002/321/1334 1004/235/1334
f 993/232/1334 989/320/1334 1002/321/1334
f 994/464/1312 998/557/1312 1000/466/1312
f 994/464/1335 1000/466/1335 992/352/1335
f 994/464/1335 992/352/1335 988/350/1335
f 994/464/1366 997/553/1366 998/557/1366
f 995/681/1313 998/709/1313 997/682/1313
f 995/681/1355 1025/562/1355 1022/572/1355
f 995/681/1355 997/682/1355 1025/562/1355
f 995/681/1367 999/706/1367 998/709/1367
f 996/434/1314 998/494/1314 999/522/1314
f 996/434/1358 1002/321/1358 989/320/1358
f 996/434/1358 1010/435/1358 1002/321/1358
f 996/434/1368 1000/430/1368 998/494/1368
f 997/553/1356 1023/459/1356 1025/562/1356
f 997/553/1356 994/464/1356 1023/459/1356
