# Blender 4.0.2
# www.blender.org
mtllib bridge_segment.mtl
o bridge_segment
v 2.970000 0.000000 -1.170000
v 2.970000 0.030000 -1.200000
v 3.000000 0.030000 -1.170000
v 2.970000 0.470000 -1.200000
v 2.970000 0.500000 -1.170000
v 3.000000 0.470000 -1.170000
v 2.970000 0.000000 1.170000
v 3.000000 0.030000 1.170000
v 2.970000 0.030000 1.200000
v 2.970000 0.500000 1.170000
v 2.970000 0.470000 1.200000
v 3.000000 0.470000 1.170000
v 2.030000 0.000000 -1.170000
v 2.000000 0.030000 -1.170000
v 2.030000 0.030000 -1.200000
v 2.030000 0.500000 -1.170000
v 2.030000 0.470000 -1.200000
v 2.000000 0.470000 -1.170000
v 2.030000 0.000000 1.170000
v 2.030000 0.030000 1.200000
v 2.000000 0.030000 1.170000
v 2.030000 0.500000 1.170000
v 2.000000 0.470000 1.170000
v 2.030000 0.470000 1.200000
v 2.905118 0.500000 -1.075097
v 2.904689 0.530000 -1.105094
v 2.935115 0.530000 -1.075527
v 2.904689 0.930000 -1.105094
v 2.905118 0.960000 -1.075097
v 2.935115 0.930000 -1.075527
v 2.935778 0.500000 1.064684
v 2.965775 0.530000 1.064254
v 2.936208 0.530000 1.094680
v 2.935778 0.960000 1.064684
v 2.936208 0.930000 1.094680
v 2.965775 0.930000 1.064254
v 2.085203 0.500000 -1.063349
v 2.055206 0.530000 -1.062919
v 2.084773 0.530000 -1.093346
v 2.085203 0.960000 -1.063349
v 2.084773 0.930000 -1.093346
v 2.055206 0.930000 -1.062919
v 2.115862 0.500000 1.076432
v 2.116292 0.530000 1.106429
v 2.085865 0.530000 1.076861
v 2.115862 0.960000 1.076432
v 2.085865 0.930000 1.076861
v 2.116292 0.930000 1.106429
v 2.688517 0.960000 -0.922135
v 2.688889 0.990000 -0.952133
v 2.718515 0.990000 -0.921763
v 2.688889 1.070000 -0.952133
v 2.688517 1.100000 -0.922135
v 2.718515 1.070000 -0.921763
v 2.665680 0.960000 0.917723
v 2.695678 0.990000 0.918096
v 2.665308 0.990000 0.947721
v 2.665680 1.100000 0.917723
v 2.665308 1.070000 0.947721
v 2.695678 1.070000 0.918096
v 2.248551 0.960000 -0.927596
v 2.218553 0.990000 -0.927968
v 2.248923 0.990000 -0.957594
v 2.248551 1.100000 -0.927596
v 2.248923 1.070000 -0.957594
v 2.218553 1.070000 -0.927968
v 2.225714 0.960000 0.912262
v 2.225342 0.990000 0.942260
v 2.195716 0.990000 0.911890
v 2.225714 1.100000 0.912262
v 2.195716 1.070000 0.911890
v 2.225342 1.070000 0.942260
v 2.869016 0.000000 0.382686
v 2.872135 0.020000 0.362931
v 2.888772 0.020000 0.385805
v 2.872135 0.080000 0.362931
v 2.869016 0.100000 0.382686
v 2.888772 0.080000 0.385805
v 2.781685 0.000000 0.935835
v 2.801441 0.020000 0.938954
v 2.778566 0.020000 0.955590
v 2.781685 0.100000 0.935835
v 2.778566 0.080000 0.955590
v 2.801441 0.080000 0.938954
v 2.118315 0.000000 0.264165
v 2.098559 0.020000 0.261046
v 2.121434 0.020000 0.244410
v 2.118315 0.100000 0.264165
v 2.121434 0.080000 0.244410
v 2.098559 0.080000 0.261046
v 2.030984 0.000000 0.817314
v 2.027865 0.020000 0.837069
v 2.011229 0.020000 0.814195
v 2.030984 0.100000 0.817314
v 2.011229 0.080000 0.814195
v 2.027865 0.080000 0.837069
v -2.030000 0.000000 -1.170000
v -2.030000 0.030000 -1.200000
v -2.000000 0.030000 -1.170000
v -2.030000 0.470000 -1.200000
v -2.030000 0.500000 -1.170000
v -2.000000 0.470000 -1.170000
v -2.030000 0.000000 1.170000
v -2.000000 0.030000 1.170000
v -2.030000 0.030000 1.200000
v -2.030000 0.500000 1.170000
v -2.030000 0.470000 1.200000
v -2.000000 0.470000 1.170000
v -2.970000 0.000000 -1.170000
v -3.000000 0.030000 -1.170000
v -2.970000 0.030000 -1.200000
v -2.970000 0.500000 -1.170000
v -2.970000 0.470000 -1.200000
v -3.000000 0.470000 -1.170000
v -2.970000 0.000000 1.170000
v -2.970000 0.030000 1.200000
v -3.000000 0.030000 1.170000
v -2.970000 0.500000 1.170000
v -3.000000 0.470000 1.170000
v -2.970000 0.470000 1.200000
v -2.081762 0.500000 -1.037205
v -2.081261 0.530000 -1.067201
v -2.051766 0.530000 -1.036705
v -2.081261 0.930000 -1.067201
v -2.081762 0.960000 -1.037205
v -2.051766 0.930000 -1.036705
v -2.117464 0.500000 1.102497
v -2.087468 0.530000 1.102997
v -2.117964 0.530000 1.132493
v -2.117464 0.960000 1.102497
v -2.117964 0.930000 1.132493
v -2.087468 0.930000 1.102997
v -2.901647 0.500000 -1.050886
v -2.931643 0.530000 -1.051386
v -2.901147 0.530000 -1.080881
v -2.901647 0.960000 -1.050886
v -2.901147 0.930000 -1.080881
v -2.931643 0.930000 -1.051386
v -2.937350 0.500000 1.088817
v -2.937850 0.530000 1.118812
v -2.967345 0.530000 1.088316
v -2.937350 0.960000 1.088817
v -2.967345 0.930000 1.088316
v -2.937850 0.930000 1.118812
v -2.206812 0.960000 -0.922080
v -2.206247 0.990000 -0.952075
v -2.176817 0.990000 -0.921515
v -2.206247 1.070000 -0.952075
v -2.206812 1.100000 -0.922080
v -2.176817 1.070000 -0.921515
v -2.241475 0.960000 0.917593
v -2.211480 0.990000 0.918159
v -2.242040 0.990000 0.947588
v -2.241475 1.100000 0.917593
v -2.242040 1.070000 0.947588
v -2.211480 1.070000 0.918159
v -2.646734 0.960000 -0.930369
v -2.676729 0.990000 -0.930934
v -2.646169 0.990000 -0.960364
v -2.646734 1.100000 -0.930369
v -2.646169 1.070000 -0.960364
v -2.676729 1.070000 -0.930934
v -2.681397 0.960000 0.909305
v -2.681962 0.990000 0.939299
v -2.711391 0.990000 0.908739
v -2.681397 1.100000 0.909305
v -2.711391 1.070000 0.908739
v -2.681962 1.070000 0.939299
v -2.115553 0.000000 -0.933085
v -2.118509 0.020000 -0.952865
v -2.095773 0.020000 -0.936040
v -2.118509 0.080000 -0.952865
v -2.115553 0.100000 -0.933085
v -2.095773 0.080000 -0.936040
v -2.032792 0.000000 -0.379234
v -2.013012 0.020000 -0.382190
v -2.029837 0.020000 -0.359453
v -2.032792 0.100000 -0.379234
v -2.029837 0.080000 -0.359453
v -2.013012 0.080000 -0.382190
v -2.867208 0.000000 -0.820766
v -2.886988 0.020000 -0.817810
v -2.870163 0.020000 -0.840547
v -2.867208 0.100000 -0.820766
v -2.870163 0.080000 -0.840547
v -2.886988 0.080000 -0.817810
v -2.784447 0.000000 -0.266915
v -2.781491 0.020000 -0.247135
v -2.804227 0.020000 -0.263960
v -2.784447 0.100000 -0.266915
v -2.804227 0.080000 -0.263960
v -2.781491 0.080000 -0.247135
v 2.791696 0.495000 0.225932
v 2.792411 0.515000 0.205944
v 2.811683 0.515000 0.226647
v 2.792411 0.525000 0.205944
v 2.791696 0.545000 0.225932
v 2.811683 0.525000 0.226647
v 2.768099 0.495000 0.885509
v 2.788086 0.515000 0.886225
v 2.767384 0.515000 0.905497
v 2.768099 0.545000 0.885509
v 2.767384 0.525000 0.905497
v 2.788086 0.525000 0.886225
v 2.471901 0.495000 0.214491
v 2.451914 0.515000 0.213775
v 2.472616 0.515000 0.194503
v 2.471901 0.545000 0.214491
v 2.472616 0.525000 0.194503
v 2.451914 0.525000 0.213775
v 2.448304 0.495000 0.874068
v 2.447588 0.515000 0.894056
v 2.428316 0.515000 0.873353
v 2.448304 0.545000 0.874068
v 2.428316 0.525000 0.873353
v 2.447588 0.525000 0.894056
v 0.220000 0.000000 -0.970000
v 0.220000 0.030000 -1.000000
v 0.250000 0.030000 -0.970000
v 0.220000 0.170000 -1.000000
v 0.220000 0.200000 -0.970000
v 0.250000 0.170000 -0.970000
v 0.220000 0.000000 0.970000
v 0.250000 0.030000 0.970000
v 0.220000 0.030000 1.000000
v 0.220000 0.200000 0.970000
v 0.220000 0.170000 1.000000
v 0.250000 0.170000 0.970000
v -0.220000 0.000000 -0.970000
v -0.250000 0.030000 -0.970000
v -0.220000 0.030000 -1.000000
v -0.220000 0.200000 -0.970000
v -0.220000 0.170000 -1.000000
v -0.250000 0.170000 -0.970000
v -0.220000 0.000000 0.970000
v -0.220000 0.030000 1.000000
v -0.250000 0.030000 0.970000
v -0.220000 0.200000 0.970000
v -0.250000 0.170000 0.970000
v -0.220000 0.170000 1.000000
v 0.060000 0.200000 -0.860000
v 0.060000 0.230000 -0.890000
v 0.090000 0.230000 -0.860000
v 0.060000 0.950000 -0.890000
v 0.060000 0.980000 -0.860000
v 0.090000 0.950000 -0.860000
v 0.060000 0.200000 -0.740000
v 0.090000 0.230000 -0.740000
v 0.060000 0.230000 -0.710000
v 0.060000 0.980000 -0.740000
v 0.060000 0.950000 -0.710000
v 0.090000 0.950000 -0.740000
v -0.060000 0.200000 -0.860000
v -0.090000 0.230000 -0.860000
v -0.060000 0.230000 -0.890000
v -0.060000 0.980000 -0.860000
v -0.060000 0.950000 -0.890000
v -0.090000 0.950000 -0.860000
v -0.060000 0.200000 -0.740000
v -0.060000 0.230000 -0.710000
v -0.090000 0.230000 -0.740000
v -0.060000 0.980000 -0.740000
v -0.090000 0.950000 -0.740000
v -0.060000 0.950000 -0.710000
v 0.060000 0.200000 0.740000
v 0.060000 0.230000 0.710000
v 0.090000 0.230000 0.740000
v 0.060000 0.950000 0.710000
v 0.060000 0.980000 0.740000
v 0.090000 0.950000 0.740000
v 0.060000 0.200000 0.860000
v 0.090000 0.230000 0.860000
v 0.060000 0.230000 0.890000
v 0.060000 0.980000 0.860000
v 0.060000 0.950000 0.890000
v 0.090000 0.950000 0.860000
v -0.060000 0.200000 0.740000
v -0.090000 0.230000 0.740000
v -0.060000 0.230000 0.710000
v -0.060000 0.980000 0.740000
v -0.060000 0.950000 0.710000
v -0.090000 0.950000 0.740000
v -0.060000 0.200000 0.860000
v -0.060000 0.230000 0.890000
v -0.090000 0.230000 0.860000
v -0.060000 0.980000 0.860000
v -0.090000 0.950000 0.860000
v -0.060000 0.950000 0.890000
v 0.030000 0.224832 -0.802902
v 0.030000 0.236536 -0.828651
v 0.050000 0.243558 -0.809925
v 0.030000 0.311442 -0.856741
v 0.030000 0.337191 -0.845037
v 0.050000 0.318465 -0.838015
v 0.030000 0.842809 0.845037
v 0.050000 0.861535 0.838015
v 0.030000 0.868558 0.856741
v 0.030000 0.955168 0.802902
v 0.030000 0.943464 0.828651
v 0.050000 0.936442 0.809925
v -0.030000 0.224832 -0.802902
v -0.050000 0.243558 -0.809925
v -0.030000 0.236536 -0.828651
v -0.030000 0.337191 -0.845037
v -0.030000 0.311442 -0.856741
v -0.050000 0.318465 -0.838015
v -0.030000 0.842809 0.845037
v -0.030000 0.868558 0.856741
v -0.050000 0.861535 0.838015
v -0.030000 0.955168 0.802902
v -0.050000 0.936442 0.809925
v -0.030000 0.943464 0.828651
v 2.920000 0.980000 -0.870000
v 2.920000 1.010000 -0.900000
v 2.950000 1.010000 -0.870000
v 2.920000 1.210000 -0.900000
v 2.920000 1.240000 -0.870000
v 2.950000 1.210000 -0.870000
v 2.920000 0.980000 -0.730000
v 2.950000 1.010000 -0.730000
v 2.920000 1.010000 -0.700000
v 2.920000 1.240000 -0.730000
v 2.920000 1.210000 -0.700000
v 2.950000 1.210000 -0.730000
v -2.920000 0.980000 -0.870000
v -2.950000 1.010000 -0.870000
v -2.920000 1.010000 -0.900000
v -2.920000 1.240000 -0.870000
v -2.920000 1.210000 -0.900000
v -2.950000 1.210000 -0.870000
v -2.920000 0.980000 -0.730000
v -2.920000 1.010000 -0.700000
v -2.950000 1.010000 -0.730000
v -2.920000 1.240000 -0.730000
v -2.950000 1.210000 -0.730000
v -2.920000 1.210000 -0.700000
v 2.920000 0.980000 0.730000
v 2.920000 1.010000 0.700000
v 2.950000 1.010000 0.730000
v 2.920000 1.210000 0.700000
v 2.920000 1.240000 0.730000
v 2.950000 1.210000 0.730000
v 2.920000 0.980000 0.870000
v 2.950000 1.010000 0.870000
v 2.920000 1.010000 0.900000
v 2.920000 1.240000 0.870000
v 2.920000 1.210000 0.900000
v 2.950000 1.210000 0.870000
v -2.920000 0.980000 0.730000
v -2.950000 1.010000 0.730000
v -2.920000 1.010000 0.700000
v -2.920000 1.240000 0.730000
v -2.920000 1.210000 0.700000
v -2.950000 1.210000 0.730000
v -2.920000 0.980000 0.870000
v -2.920000 1.010000 0.900000
v -2.950000 1.010000 0.870000
v -2.920000 1.240000 0.870000
v -2.950000 1.210000 0.870000
v -2.920000 1.210000 0.900000
v 2.952419 1.232737 -1.065554
v 2.952278 1.252737 -1.085554
v 2.972418 1.252737 -1.065694
v 2.952278 1.292737 -1.085554
v 2.952419 1.312737 -1.065554
v 2.972418 1.292737 -1.065694
v 2.967571 1.232737 1.094393
v 2.987571 1.252737 1.094252
v 2.967711 1.252737 1.114392
v 2.967571 1.312737 1.094393
v 2.967711 1.292737 1.114392
v 2.987571 1.292737 1.094252
v 2.532429 1.232737 -1.062608
v 2.512429 1.252737 -1.062467
v 2.532289 1.252737 -1.082607
v 2.532429 1.312737 -1.062608
v 2.532289 1.292737 -1.082607
v 2.512429 1.292737 -1.062467
v 2.547581 1.232737 1.097339
v 2.547722 1.252737 1.117339
v 2.527582 1.252737 1.097479
v 2.547581 1.312737 1.097339
v 2.527582 1.292737 1.097479
v 2.547722 1.292737 1.117339
v 2.454373 1.233640 -1.062559
v 2.454268 1.253640 -1.082559
v 2.474372 1.253640 -1.062664
v 2.454268 1.293640 -1.082559
v 2.454373 1.313640 -1.062559
v 2.474372 1.293640 -1.062664
v 2.465622 1.233640 1.097411
v 2.485621 1.253640 1.097307
v 2.465726 1.253640 1.117411
v 2.465622 1.313640 1.097411
v 2.465726 1.293640 1.117411
v 2.485621 1.293640 1.097307
v 2.034378 1.233640 -1.060372
v 2.014379 1.253640 -1.060268
v 2.034274 1.253640 -1.080372
v 2.034378 1.313640 -1.060372
v 2.034274 1.293640 -1.080372
v 2.014379 1.293640 -1.060268
v 2.045627 1.233640 1.099599
v 2.045732 1.253640 1.119598
v 2.025628 1.253640 1.099703
v 2.045627 1.313640 1.099599
v 2.025628 1.293640 1.099703
v 2.045732 1.293640 1.119598
v 1.975214 1.234777 -1.061193
v 1.975496 1.254777 -1.081191
v 1.995212 1.254777 -1.060911
v 1.975496 1.294777 -1.081191
v 1.975214 1.314777 -1.061193
v 1.995212 1.294777 -1.060911
v 1.944744 1.234777 1.098592
v 1.964743 1.254777 1.098874
v 1.944462 1.254777 1.118590
v 1.944744 1.314777 1.098592
v 1.944462 1.294777 1.118590
v 1.964743 1.294777 1.098874
v 1.555256 1.234777 -1.067118
v 1.535257 1.254777 -1.067400
v 1.555538 1.254777 -1.087116
v 1.555256 1.314777 -1.067118
v 1.555538 1.294777 -1.087116
v 1.535257 1.294777 -1.067400
v 1.524786 1.234777 1.092668
v 1.524504 1.254777 1.112666
v 1.504788 1.254777 1.092385
v 1.524786 1.314777 1.092668
v 1.504788 1.294777 1.092385
v 1.524504 1.294777 1.112666
v 1.455955 1.235188 -1.099828
v 1.455880 1.255188 -1.119828
v 1.475955 1.255188 -1.099903
v 1.455880 1.295188 -1.119828
v 1.455955 1.315188 -1.099828
v 1.475955 1.295188 -1.099903
v 1.464042 1.235188 1.060157
v 1.484042 1.255188 1.060082
v 1.464117 1.255188 1.080156
v 1.464042 1.315188 1.060157
v 1.464117 1.295188 1.080156
v 1.484042 1.295188 1.060082
v 1.035958 1.235188 -1.098256
v 1.015958 1.255188 -1.098181
v 1.035883 1.255188 -1.118255
v 1.035958 1.315188 -1.098256
v 1.035883 1.295188 -1.118255
v 1.015958 1.295188 -1.098181
v 1.044045 1.235188 1.061729
v 1.044120 1.255188 1.081729
v 1.024045 1.255188 1.061804
v 1.044045 1.315188 1.061729
v 1.024045 1.295188 1.061804
v 1.044120 1.295188 1.081729
v 0.980206 1.242985 -1.051790
v 0.980581 1.262985 -1.071786
v 1.000203 1.262985 -1.051415
v 0.980581 1.302985 -1.071786
v 0.980206 1.322985 -1.051790
v 1.000203 1.302985 -1.051415
v 0.939720 1.242985 1.107831
v 0.959716 1.262985 1.108206
v 0.939345 1.262985 1.127828
v 0.939720 1.322985 1.107831
v 0.939345 1.302985 1.127828
v 0.959716 1.302985 1.108206
v 0.560280 1.242985 -1.059662
v 0.540284 1.262985 -1.060037
v 0.560655 1.262985 -1.079658
v 0.560280 1.322985 -1.059662
v 0.560655 1.302985 -1.079658
v 0.540284 1.302985 -1.060037
v 0.519794 1.242985 1.099959
v 0.519419 1.262985 1.119955
v 0.499797 1.262985 1.099584
v 0.519794 1.322985 1.099959
v 0.499797 1.302985 1.099584
v 0.519419 1.302985 1.119955
v 0.454778 1.234929 -1.060282
v 0.454681 1.254929 -1.080282
v 0.474778 1.254929 -1.060379
v 0.454681 1.294929 -1.080282
v 0.454778 1.314929 -1.060282
v 0.474778 1.294929 -1.060379
v 0.465217 1.234929 1.099692
v 0.485217 1.254929 1.099596
v 0.465314 1.254929 1.119692
v 0.465217 1.314929 1.099692
v 0.465314 1.294929 1.119692
v 0.485217 1.294929 1.099596
v 0.034783 1.234929 -1.058253
v 0.014783 1.254929 -1.058156
v 0.034686 1.254929 -1.078252
v 0.034783 1.314929 -1.058253
v 0.034686 1.294929 -1.078252
v 0.014783 1.294929 -1.058156
v 0.045222 1.234929 1.101722
v 0.045319 1.254929 1.121722
v 0.025222 1.254929 1.101819
v 0.045222 1.314929 1.101722
v 0.025222 1.294929 1.101819
v 0.045319 1.294929 1.121722
v -0.043654 1.230249 -1.096496
v -0.043721 1.250249 -1.116496
v -0.023654 1.250249 -1.096564
v -0.043721 1.290249 -1.116496
v -0.043654 1.310249 -1.096496
v -0.023654 1.290249 -1.096564
v -0.036349 1.230249 1.063491
v -0.016349 1.250249 1.063424
v -0.036281 1.250249 1.083491
v -0.036349 1.310249 1.063491
v -0.036281 1.290249 1.083491
v -0.016349 1.290249 1.063424
v -0.463651 1.230249 -1.095076
v -0.483651 1.250249 -1.095008
v -0.463719 1.250249 -1.115076
v -0.463651 1.310249 -1.095076
v -0.463719 1.290249 -1.115076
v -0.483651 1.290249 -1.095008
v -0.456346 1.230249 1.064912
v -0.456279 1.250249 1.084912
v -0.476346 1.250249 1.064980
v -0.456346 1.310249 1.064912
v -0.476346 1.290249 1.064980
v -0.456279 1.290249 1.084912
v -0.547133 1.237714 -1.093173
v -0.547265 1.257714 -1.113173
v -0.527134 1.257714 -1.093305
v -0.547265 1.297714 -1.113173
v -0.547133 1.317714 -1.093173
v -0.527134 1.297714 -1.093305
v -0.532876 1.237714 1.066780
v -0.512876 1.257714 1.066648
v -0.532744 1.257714 1.086779
v -0.532876 1.317714 1.066780
v -0.532744 1.297714 1.086779
v -0.512876 1.297714 1.066648
v -0.967124 1.237714 -1.090401
v -0.987124 1.257714 -1.090269
v -0.967256 1.257714 -1.110400
v -0.967124 1.317714 -1.090401
v -0.967256 1.297714 -1.110400
v -0.987124 1.297714 -1.090269
v -0.952867 1.237714 1.069552
v -0.952735 1.257714 1.089552
v -0.972866 1.257714 1.069684
v -0.952867 1.317714 1.069552
v -0.972866 1.297714 1.069684
v -0.952735 1.297714 1.089552
v -1.045776 1.243851 -1.071872
v -1.045883 1.263851 -1.091872
v -1.025777 1.263851 -1.071979
v -1.045883 1.303851 -1.091872
v -1.045776 1.323851 -1.071872
v -1.025777 1.303851 -1.071979
v -1.034230 1.243851 1.088097
v -1.014230 1.263851 1.087990
v -1.034123 1.263851 1.108096
v -1.034230 1.323851 1.088097
v -1.034123 1.303851 1.108096
v -1.014230 1.303851 1.087990
v -1.465770 1.243851 -1.069627
v -1.485770 1.263851 -1.069520
v -1.465877 1.263851 -1.089627
v -1.465770 1.323851 -1.069627
v -1.465877 1.303851 -1.089627
v -1.485770 1.303851 -1.069520
v -1.454224 1.243851 1.090342
v -1.454117 1.263851 1.110342
v -1.474223 1.263851 1.090449
v -1.454224 1.323851 1.090342
v -1.474223 1.303851 1.090449
v -1.454117 1.303851 1.110342
v -1.545264 1.246779 -1.066268
v -1.545361 1.266779 -1.086267
v -1.525264 1.266779 -1.066365
v -1.545361 1.306779 -1.086267
v -1.545264 1.326779 -1.066268
v -1.525264 1.306779 -1.066365
v -1.534741 1.246779 1.093707
v -1.514741 1.266779 1.093610
v -1.534644 1.266779 1.113707
v -1.534741 1.326779 1.093707
v -1.534644 1.306779 1.113707
v -1.514741 1.306779 1.093610
v -1.965259 1.246779 -1.064222
v -1.985259 1.266779 -1.064124
v -1.965356 1.266779 -1.084221
v -1.965259 1.326779 -1.064222
v -1.965356 1.306779 -1.084221
v -1.985259 1.306779 -1.064124
v -1.954736 1.246779 1.095753
v -1.954639 1.266779 1.115753
v -1.974736 1.266779 1.095850
v -1.954736 1.326779 1.095753
v -1.974736 1.306779 1.095850
v -1.954639 1.306779 1.115753
v -2.025705 1.240194 -1.105050
v -2.025440 1.260194 -1.125049
v -2.005707 1.260194 -1.104785
v -2.025440 1.300194 -1.125049
v -2.025705 1.320194 -1.105050
v -2.005707 1.300194 -1.104785
v -2.054332 1.240194 1.054760
v -2.034334 1.260194 1.055025
v -2.054597 1.260194 1.074758
v -2.054332 1.320194 1.054760
v -2.054597 1.300194 1.074758
v -2.034334 1.300194 1.055025
v -2.445668 1.240194 -1.110617
v -2.465666 1.260194 -1.110882
v -2.445403 1.260194 -1.130615
v -2.445668 1.320194 -1.110617
v -2.445403 1.300194 -1.130615
v -2.465666 1.300194 -1.110882
v -2.474295 1.240194 1.049194
v -2.474560 1.260194 1.069192
v -2.494293 1.260194 1.048928
v -2.474295 1.320194 1.049194
v -2.494293 1.300194 1.048928
v -2.474560 1.300194 1.069192
v -2.532014 1.247376 -1.088324
v -2.531866 1.267376 -1.108324
v -2.512014 1.267376 -1.088176
v -2.531866 1.307376 -1.108324
v -2.532014 1.327376 -1.088324
v -2.512014 1.307376 -1.088176
v -2.547998 1.247376 1.071617
v -2.527998 1.267376 1.071765
v -2.548146 1.267376 1.091616
v -2.547998 1.327376 1.071617
v -2.548146 1.307376 1.091616
v -2.527998 1.307376 1.071765
v -2.952002 1.247376 -1.091432
v -2.972002 1.267376 -1.091580
v -2.951854 1.267376 -1.111432
v -2.952002 1.327376 -1.091432
v -2.951854 1.307376 -1.111432
v -2.972002 1.307376 -1.091580
v -2.967986 1.247376 1.068509
v -2.968134 1.267376 1.088508
v -2.987986 1.267376 1.068361
v -2.967986 1.327376 1.068509
v -2.987986 1.307376 1.068361
v -2.968134 1.307376 1.088508
v 2.640000 1.320000 -1.140000
v 2.640000 1.350000 -1.170000
v 2.670000 1.350000 -1.140000
v 2.640000 2.290000 -1.170000
v 2.640000 2.320000 -1.140000
v 2.670000 2.290000 -1.140000
v 2.640000 1.320000 -1.060000
v 2.670000 1.350000 -1.060000
v 2.640000 1.350000 -1.030000
v 2.640000 2.320000 -1.060000
v 2.640000 2.290000 -1.030000
v 2.670000 2.290000 -1.060000
v 2.560000 1.320000 -1.140000
v 2.530000 1.350000 -1.140000
v 2.560000 1.350000 -1.170000
v 2.560000 2.320000 -1.140000
v 2.560000 2.290000 -1.170000
v 2.530000 2.290000 -1.140000
v 2.560000 1.320000 -1.060000
v 2.560000 1.350000 -1.030000
v 2.530000 1.350000 -1.060000
v 2.560000 2.320000 -1.060000
v 2.530000 2.290000 -1.060000
v 2.560000 2.290000 -1.030000
v 2.680000 2.320000 -1.180000
v 2.680000 2.340000 -1.200000
v 2.700000 2.340000 -1.180000
v 2.680000 2.380000 -1.200000
v 2.680000 2.400000 -1.180000
v 2.700000 2.380000 -1.180000
v 2.680000 2.320000 -1.020000
v 2.700000 2.340000 -1.020000
v 2.680000 2.340000 -1.000000
v 2.680000 2.400000 -1.020000
v 2.680000 2.380000 -1.000000
v 2.700000 2.380000 -1.020000
v 2.520000 2.320000 -1.180000
v 2.500000 2.340000 -1.180000
v 2.520000 2.340000 -1.200000
v 2.520000 2.400000 -1.180000
v 2.520000 2.380000 -1.200000
v 2.500000 2.380000 -1.180000
v 2.520000 2.320000 -1.020000
v 2.520000 2.340000 -1.000000
v 2.500000 2.340000 -1.020000
v 2.520000 2.400000 -1.020000
v 2.500000 2.380000 -1.020000
v 2.520000 2.380000 -1.000000
v 0.040000 1.320000 -1.140000
v 0.040000 1.350000 -1.170000
v 0.070000 1.350000 -1.140000
v 0.040000 2.290000 -1.170000
v 0.040000 2.320000 -1.140000
v 0.070000 2.290000 -1.140000
v 0.040000 1.320000 -1.060000
v 0.070000 1.350000 -1.060000
v 0.040000 1.350000 -1.030000
v 0.040000 2.320000 -1.060000
v 0.040000 2.290000 -1.030000
v 0.070000 2.290000 -1.060000
v -0.040000 1.320000 -1.140000
v -0.070000 1.350000 -1.140000
v -0.040000 1.350000 -1.170000
v -0.040000 2.320000 -1.140000
v -0.040000 2.290000 -1.170000
v -0.070000 2.290000 -1.140000
v -0.040000 1.320000 -1.060000
v -0.040000 1.350000 -1.030000
v -0.070000 1.350000 -1.060000
v -0.040000 2.320000 -1.060000
v -0.070000 2.290000 -1.060000
v -0.040000 2.290000 -1.030000
v 0.080000 2.320000 -1.180000
v 0.080000 2.340000 -1.200000
v 0.100000 2.340000 -1.180000
v 0.080000 2.380000 -1.200000
v 0.080000 2.400000 -1.180000
v 0.100000 2.380000 -1.180000
v 0.080000 2.320000 -1.020000
v 0.100000 2.340000 -1.020000
v 0.080000 2.340000 -1.000000
v 0.080000 2.400000 -1.020000
v 0.080000 2.380000 -1.000000
v 0.100000 2.380000 -1.020000
v -0.080000 2.320000 -1.180000
v -0.100000 2.340000 -1.180000
v -0.080000 2.340000 -1.200000
v -0.080000 2.400000 -1.180000
v -0.080000 2.380000 -1.200000
v -0.100000 2.380000 -1.180000
v -0.080000 2.320000 -1.020000
v -0.080000 2.340000 -1.000000
v -0.100000 2.340000 -1.020000
v -0.080000 2.400000 -1.020000
v -0.100000 2.380000 -1.020000
v -0.080000 2.380000 -1.000000
v -2.560000 1.320000 -1.140000
v -2.560000 1.350000 -1.170000
v -2.530000 1.350000 -1.140000
v -2.560000 2.290000 -1.170000
v -2.560000 2.320000 -1.140000
v -2.530000 2.290000 -1.140000
v -2.560000 1.320000 -1.060000
v -2.530000 1.350000 -1.060000
v -2.560000 1.350000 -1.030000
v -2.560000 2.320000 -1.060000
v -2.560000 2.290000 -1.030000
v -2.530000 2.290000 -1.060000
v -2.640000 1.320000 -1.140000
v -2.670000 1.350000 -1.140000
v -2.640000 1.350000 -1.170000
v -2.640000 2.320000 -1.140000
v -2.640000 2.290000 -1.170000
v -2.670000 2.290000 -1.140000
v -2.640000 1.320000 -1.060000
v -2.640000 1.350000 -1.030000
v -2.670000 1.350000 -1.060000
v -2.640000 2.320000 -1.060000
v -2.670000 2.290000 -1.060000
v -2.640000 2.290000 -1.030000
v -2.520000 2.320000 -1.180000
v -2.520000 2.340000 -1.200000
v -2.500000 2.340000 -1.180000
v -2.520000 2.380000 -1.200000
v -2.520000 2.400000 -1.180000
v -2.500000 2.380000 -1.180000
v -2.520000 2.320000 -1.020000
v -2.500000 2.340000 -1.020000
v -2.520000 2.340000 -1.000000
v -2.520000 2.400000 -1.020000
v -2.520000 2.380000 -1.000000
v -2.500000 2.380000 -1.020000
v -2.680000 2.320000 -1.180000
v -2.700000 2.340000 -1.180000
v -2.680000 2.340000 -1.200000
v -2.680000 2.400000 -1.180000
v -2.680000 2.380000 -1.200000
v -2.700000 2.380000 -1.180000
v -2.680000 2.320000 -1.020000
v -2.680000 2.340000 -1.000000
v -2.700000 2.340000 -1.020000
v -2.680000 2.400000 -1.020000
v -2.700000 2.380000 -1.020000
v -2.680000 2.380000 -1.000000
v 2.650000 2.170000 -1.130000
v 2.650000 2.190000 -1.150000
v 2.670000 2.190000 -1.130000
v 2.650000 2.250000 -1.150000
v 2.650000 2.270000 -1.130000
v 2.670000 2.250000 -1.130000
v 2.650000 2.170000 -1.070000
v 2.670000 2.190000 -1.070000
v 2.650000 2.190000 -1.050000
v 2.650000 2.270000 -1.070000
v 2.650000 2.250000 -1.050000
v 2.670000 2.250000 -1.070000
v -2.650000 2.170000 -1.130000
v -2.670000 2.190000 -1.130000
v -2.650000 2.190000 -1.150000
v -2.650000 2.270000 -1.130000
v -2.650000 2.250000 -1.150000
v -2.670000 2.250000 -1.130000
v -2.650000 2.170000 -1.070000
v -2.650000 2.190000 -1.050000
v -2.670000 2.190000 -1.070000
v -2.650000 2.270000 -1.070000
v -2.670000 2.250000 -1.070000
v -2.650000 2.250000 -1.050000
v 2.650000 1.760000 -1.120000
v 2.650000 1.780000 -1.140000
v 2.670000 1.780000 -1.120000
v 2.650000 1.820000 -1.140000
v 2.650000 1.840000 -1.120000
v 2.670000 1.820000 -1.120000
v 2.650000 1.760000 -1.080000
v 2.670000 1.780000 -1.080000
v 2.650000 1.780000 -1.060000
v 2.650000 1.840000 -1.080000
v 2.650000 1.820000 -1.060000
v 2.670000 1.820000 -1.080000
v -2.650000 1.760000 -1.120000
v -2.670000 1.780000 -1.120000
v -2.650000 1.780000 -1.140000
v -2.650000 1.840000 -1.120000
v -2.650000 1.820000 -1.140000
v -2.670000 1.820000 -1.120000
v -2.650000 1.760000 -1.080000
v -2.650000 1.780000 -1.060000
v -2.670000 1.780000 -1.080000
v -2.650000 1.840000 -1.080000
v -2.670000 1.820000 -1.080000
v -2.650000 1.820000 -1.060000
v 2.640000 1.320000 1.060000
v 2.640000 1.350000 1.030000
v 2.670000 1.350000 1.060000
v 2.640000 2.290000 1.030000
v 2.640000 2.320000 1.060000
v 2.670000 2.290000 1.060000
v 2.640000 1.320000 1.140000
v 2.670000 1.350000 1.140000
v 2.640000 1.350000 1.170000
v 2.640000 2.320000 1.140000
v 2.640000 2.290000 1.170000
v 2.670000 2.290000 1.140000
v 2.560000 1.320000 1.060000
v 2.530000 1.350000 1.060000
v 2.560000 1.350000 1.030000
v 2.560000 2.320000 1.060000
v 2.560000 2.290000 1.030000
v 2.530000 2.290000 1.060000
v 2.560000 1.320000 1.140000
v 2.560000 1.350000 1.170000
v 2.530000 1.350000 1.140000
v 2.560000 2.320000 1.140000
v 2.530000 2.290000 1.140000
v 2.560000 2.290000 1.170000
v 2.680000 2.320000 1.020000
v 2.680000 2.340000 1.000000
v 2.700000 2.340000 1.020000
v 2.680000 2.380000 1.000000
v 2.680000 2.400000 1.020000
v 2.700000 2.380000 1.020000
v 2.680000 2.320000 1.180000
v 2.700000 2.340000 1.180000
v 2.680000 2.340000 1.200000
v 2.680000 2.400000 1.180000
v 2.680000 2.380000 1.200000
v 2.700000 2.380000 1.180000
v 2.520000 2.320000 1.020000
v 2.500000 2.340000 1.020000
v 2.520000 2.340000 1.000000
v 2.520000 2.400000 1.020000
v 2.520000 2.380000 1.000000
v 2.500000 2.380000 1.020000
v 2.520000 2.320000 1.180000
v 2.520000 2.340000 1.200000
v 2.500000 2.340000 1.180000
v 2.520000 2.400000 1.180000
v 2.500000 2.380000 1.180000
v 2.520000 2.380000 1.200000
v 0.040000 1.320000 1.060000
v 0.040000 1.350000 1.030000
v 0.070000 1.350000 1.060000
v 0.040000 2.290000 1.030000
v 0.040000 2.320000 1.060000
v 0.070000 2.290000 1.060000
v 0.040000 1.320000 1.140000
v 0.070000 1.350000 1.140000
v 0.040000 1.350000 1.170000
v 0.040000 2.320000 1.140000
v 0.040000 2.290000 1.170000
v 0.070000 2.290000 1.140000
v -0.040000 1.320000 1.060000
v -0.070000 1.350000 1.060000
v -0.040000 1.350000 1.030000
v -0.040000 2.320000 1.060000
v -0.040000 2.290000 1.030000
v -0.070000 2.290000 1.060000
v -0.040000 1.320000 1.140000
v -0.040000 1.350000 1.170000
v -0.070000 1.350000 1.140000
v -0.040000 2.320000 1.140000
v -0.070000 2.290000 1.140000
v -0.040000 2.290000 1.170000
v 0.080000 2.320000 1.020000
v 0.080000 2.340000 1.000000
v 0.100000 2.340000 1.020000
v 0.080000 2.380000 1.000000
v 0.080000 2.400000 1.020000
v 0.100000 2.380000 1.020000
v 0.080000 2.320000 1.180000
v 0.100000 2.340000 1.180000
v 0.080000 2.340000 1.200000
v 0.080000 2.400000 1.180000
v 0.080000 2.380000 1.200000
v 0.100000 2.380000 1.180000
v -0.080000 2.320000 1.020000
v -0.100000 2.340000 1.020000
v -0.080000 2.340000 1.000000
v -0.080000 2.400000 1.020000
v -0.080000 2.380000 1.000000
v -0.100000 2.380000 1.020000
v -0.080000 2.320000 1.180000
v -0.080000 2.340000 1.200000
v -0.100000 2.340000 1.180000
v -0.080000 2.400000 1.180000
v -0.100000 2.380000 1.180000
v -0.080000 2.380000 1.200000
v -2.560000 1.320000 1.060000
v -2.560000 1.350000 1.030000
v -2.530000 1.350000 1.060000
v -2.560000 2.290000 1.030000
v -2.560000 2.320000 1.060000
v -2.530000 2.290000 1.060000
v -2.560000 1.320000 1.140000
v -2.530000 1.350000 1.140000
v -2.560000 1.350000 1.170000
v -2.560000 2.320000 1.140000
v -2.560000 2.290000 1.170000
v -2.530000 2.290000 1.140000
v -2.640000 1.320000 1.060000
v -2.670000 1.350000 1.060000
v -2.640000 1.350000 1.030000
v -2.640000 2.320000 1.060000
v -2.640000 2.290000 1.030000
v -2.670000 2.290000 1.060000
v -2.640000 1.320000 1.140000
v -2.640000 1.350000 1.170000
v -2.670000 1.350000 1.140000
v -2.640000 2.320000 1.140000
v -2.670000 2.290000 1.140000
v -2.640000 2.290000 1.170000
v -2.520000 2.320000 1.020000
v -2.520000 2.340000 1.000000
v -2.500000 2.340000 1.020000
v -2.520000 2.380000 1.000000
v -2.520000 2.400000 1.020000
v -2.500000 2.380000 1.020000
v -2.520000 2.320000 1.180000
v -2.500000 2.340000 1.180000
v -2.520000 2.340000 1.200000
v -2.520000 2.400000 1.180000
v -2.520000 2.380000 1.200000
v -2.500000 2.380000 1.180000
v -2.680000 2.320000 1.020000
v -2.700000 2.340000 1.020000
v -2.680000 2.340000 1.000000
v -2.680000 2.400000 1.020000
v -2.680000 2.380000 1.000000
v -2.700000 2.380000 1.020000
v -2.680000 2.320000 1.180000
v -2.680000 2.340000 1.200000
v -2.700000 2.340000 1.180000
v -2.680000 2.400000 1.180000
v -2.700000 2.380000 1.180000
v -2.680000 2.380000 1.200000
v 2.650000 2.170000 1.070000
v 2.650000 2.190000 1.050000
v 2.670000 2.190000 1.070000
v 2.650000 2.250000 1.050000
v 2.650000 2.270000 1.070000
v 2.670000 2.250000 1.070000
v 2.650000 2.170000 1.130000
v 2.670000 2.190000 1.130000
v 2.650000 2.190000 1.150000
v 2.650000 2.270000 1.130000
v 2.650000 2.250000 1.150000
v 2.670000 2.250000 1.130000
v -2.650000 2.170000 1.070000
v -2.670000 2.190000 1.070000
v -2.650000 2.190000 1.050000
v -2.650000 2.270000 1.070000
v -2.650000 2.250000 1.050000
v -2.670000 2.250000 1.070000
v -2.650000 2.170000 1.130000
v -2.650000 2.190000 1.150000
v -2.670000 2.190000 1.130000
v -2.650000 2.270000 1.130000
v -2.670000 2.250000 1.130000
v -2.650000 2.250000 1.150000
v 2.650000 1.760000 1.080000
v 2.650000 1.780000 1.060000
v 2.670000 1.780000 1.080000
v 2.650000 1.820000 1.060000
v 2.650000 1.840000 1.080000
v 2.670000 1.820000 1.080000
v 2.650000 1.760000 1.120000
v 2.670000 1.780000 1.120000
v 2.650000 1.780000 1.140000
v 2.650000 1.840000 1.120000
v 2.650000 1.820000 1.140000
v 2.670000 1.820000 1.120000
v -2.650000 1.760000 1.080000
v -2.670000 1.780000 1.080000
v -2.650000 1.780000 1.060000
v -2.650000 1.840000 1.080000
v -2.650000 1.820000 1.060000
v -2.670000 1.820000 1.080000
v -2.650000 1.760000 1.120000
v -2.650000 1.780000 1.140000
v -2.670000 1.780000 1.120000
v -2.650000 1.840000 1.120000
v -2.670000 1.820000 1.120000
v -2.650000 1.820000 1.140000
vn -0.0000 -0.0000 -1.0000
vn -1.0000 -0.0000 -0.0000
vn -0.0000 1.0000 -0.0000
vn 1.0000 -0.0000 -0.0000
vn -0.0000 -0.0000 1.0000
vn 0.5773 -0.5773 -0.5774
vn 0.5773 0.5773 -0.5774
vn 0.5773 -0.5773 0.5774
vn 0.5773 0.5773 0.5774
vn -0.5773 -0.5773 -0.5774
vn -0.5773 0.5773 -0.5774
vn -0.5773 -0.5773 0.5774
vn -0.5773 0.5773 0.5774
vn 0.7071 -0.7071 -0.0000
vn 0.7071 -0.0000 -0.7071
vn 0.7071 0.7071 -0.0000
vn 0.7071 -0.0000 0.7071
vn -0.0000 -0.7071 0.7071
vn -0.0000 0.7071 0.7071
vn -0.7071 -0.0000 0.7071
vn -0.7071 -0.7071 -0.0000
vn -0.7071 0.7071 -0.0000
vn -0.7071 -0.0000 -0.7071
vn -0.0000 -0.7071 -0.7071
vn -0.0000 0.7071 -0.7071
vn -0.0000 -1.0000 -0.0000
vn -0.0143 -0.0000 -0.9999
vn -0.9999 -0.0000 0.0143
vn 0.9999 -0.0000 -0.0143
vn 0.0143 -0.0000 0.9999
vn 0.5690 -0.5773 -0.5856
vn 0.5690 0.5773 -0.5856
vn 0.5856 -0.5774 0.5690
vn 0.5856 0.5774 0.5690
vn -0.5856 -0.5774 -0.5690
vn -0.5856 0.5774 -0.5690
vn -0.5690 -0.5773 0.5856
vn -0.5690 0.5773 0.5856
vn 0.7070 -0.7071 -0.0101
vn 0.6969 -0.0000 -0.7172
vn 0.7070 0.7071 -0.0101
vn 0.7172 -0.0000 0.6969
vn 0.0101 -0.7071 0.7070
vn 0.0101 0.7071 0.7070
vn -0.6969 -0.0000 0.7172
vn -0.7070 -0.7071 0.0101
vn -0.7070 0.7071 0.0101
vn -0.7172 -0.0000 -0.6969
vn -0.0101 -0.7071 -0.7070
vn -0.0101 0.7071 -0.7070
vn 0.0124 -0.0000 -0.9999
vn -0.9999 -0.0000 -0.0124
vn 0.9999 -0.0000 0.0124
vn -0.0124 -0.0000 0.9999
vn 0.5845 -0.5774 -0.5701
vn 0.5845 0.5774 -0.5701
vn 0.5701 -0.5774 0.5845
vn 0.5701 0.5774 0.5845
vn -0.5701 -0.5774 -0.5845
vn -0.5701 0.5773 -0.5845
vn -0.5845 -0.5774 0.5701
vn -0.5845 0.5774 0.5701
vn 0.7071 -0.7071 0.0088
vn 0.7158 -0.0000 -0.6983
vn 0.7071 0.7071 0.0088
vn 0.6983 -0.0000 0.7158
vn -0.0088 -0.7071 0.7071
vn -0.0088 0.7071 0.7071
vn -0.7158 -0.0000 0.6983
vn -0.7071 -0.7071 -0.0088
vn -0.7071 0.7071 -0.0088
vn -0.6983 -0.0000 -0.7158
vn 0.0088 -0.7071 -0.7071
vn 0.0088 0.7071 -0.7071
vn 0.1559 -0.0000 -0.9878
vn -0.9878 -0.0000 -0.1559
vn 0.9878 -0.0000 0.1559
vn -0.1559 -0.0000 0.9878
vn 0.6603 -0.5774 -0.4802
vn 0.6603 0.5774 -0.4802
vn 0.4802 -0.5774 0.6603
vn 0.4802 0.5774 0.6603
vn -0.4802 -0.5773 -0.6603
vn -0.4802 0.5773 -0.6603
vn -0.6603 -0.5774 0.4802
vn -0.6603 0.5774 0.4802
vn 0.6985 -0.7071 0.1103
vn 0.8087 -0.0000 -0.5882
vn 0.6985 0.7071 0.1103
vn 0.5882 -0.0000 0.8087
vn -0.1103 -0.7071 0.6985
vn -0.1103 0.7071 0.6985
vn -0.8087 -0.0000 0.5882
vn -0.6985 -0.7071 -0.1103
vn -0.6985 0.7071 -0.1103
vn -0.5882 -0.0000 -0.8087
vn 0.1103 -0.7071 -0.6985
vn 0.1103 0.7071 -0.6985
vn 0.0167 -0.0000 -0.9999
vn -0.9999 -0.0000 -0.0167
vn 0.9999 -0.0000 0.0167
vn -0.0167 -0.0000 0.9999
vn 0.5869 -0.5773 -0.5676
vn 0.5869 0.5773 -0.5676
vn 0.5676 -0.5774 0.5869
vn 0.5676 0.5774 0.5869
vn -0.5676 -0.5773 -0.5869
vn -0.5676 0.5773 -0.5869
vn -0.5869 -0.5773 0.5676
vn -0.5869 0.5773 0.5676
vn 0.7070 -0.7071 0.0118
vn 0.7188 -0.0000 -0.6952
vn 0.7070 0.7071 0.0118
vn 0.6952 -0.0000 0.7188
vn -0.0118 -0.7071 0.7070
vn -0.0118 0.7071 0.7070
vn -0.7188 -0.0000 0.6952
vn -0.7070 -0.7071 -0.0118
vn -0.7070 0.7071 -0.0118
vn -0.6952 -0.0000 -0.7188
vn 0.0118 -0.7071 -0.7070
vn 0.0118 0.7071 -0.7070
vn 0.0188 -0.0000 -0.9998
vn -0.9998 -0.0000 -0.0188
vn 0.9998 -0.0000 0.0188
vn -0.0188 -0.0000 0.9998
vn 0.5881 -0.5774 -0.5664
vn 0.5881 0.5773 -0.5664
vn 0.5664 -0.5773 0.5881
vn 0.5664 0.5773 0.5881
vn -0.5664 -0.5773 -0.5881
vn -0.5664 0.5773 -0.5881
vn -0.5881 -0.5774 0.5664
vn -0.5881 0.5773 0.5664
vn 0.7070 -0.7071 0.0133
vn 0.7203 -0.0000 -0.6937
vn 0.7070 0.7071 0.0133
vn 0.6937 -0.0000 0.7203
vn -0.0133 -0.7071 0.7070
vn -0.0133 0.7071 0.7070
vn -0.7203 -0.0000 0.6937
vn -0.7070 -0.7071 -0.0133
vn -0.7070 0.7071 -0.0133
vn -0.6937 -0.0000 -0.7203
vn 0.0133 -0.7071 -0.7070
vn 0.0133 0.7071 -0.7070
vn -0.1478 -0.0000 -0.9890
vn -0.9890 -0.0000 0.1478
vn 0.9890 -0.0000 -0.1478
vn 0.1478 -0.0000 0.9890
vn 0.4857 -0.5773 -0.6563
vn 0.4857 0.5773 -0.6563
vn 0.6563 -0.5773 0.4857
vn 0.6563 0.5773 0.4857
vn -0.6563 -0.5773 -0.4857
vn -0.6563 0.5773 -0.4857
vn -0.4857 -0.5773 0.6563
vn -0.4857 0.5773 0.6563
vn 0.6993 -0.7071 -0.1045
vn 0.5948 -0.0000 -0.8038
vn 0.6993 0.7071 -0.1045
vn 0.8038 -0.0000 0.5948
vn 0.1045 -0.7071 0.6993
vn 0.1045 0.7071 0.6993
vn -0.5948 -0.0000 0.8039
vn -0.6993 -0.7071 0.1045
vn -0.6993 0.7071 0.1045
vn -0.8038 -0.0000 -0.5948
vn -0.1045 -0.7071 -0.6993
vn -0.1045 0.7071 -0.6993
vn 0.0358 -0.0000 -0.9994
vn -0.9994 -0.0000 -0.0358
vn 0.9994 -0.0000 0.0358
vn -0.0358 -0.0000 0.9994
vn 0.5976 -0.5774 -0.5563
vn 0.5976 0.5774 -0.5563
vn 0.5563 -0.5774 0.5976
vn 0.5563 0.5774 0.5976
vn -0.5563 -0.5773 -0.5976
vn -0.5563 0.5774 -0.5976
vn -0.5976 -0.5774 0.5563
vn -0.5976 0.5774 0.5563
vn 0.7067 -0.7071 0.0253
vn 0.7319 -0.0000 -0.6814
vn 0.7067 0.7071 0.0253
vn 0.6814 -0.0000 0.7319
vn -0.0253 -0.7071 0.7067
vn -0.0253 0.7071 0.7067
vn -0.7319 -0.0000 0.6814
vn -0.7067 -0.7071 -0.0253
vn -0.7067 0.7071 -0.0253
vn -0.6814 -0.0000 -0.7319
vn 0.0253 -0.7071 -0.7067
vn 0.0253 0.7071 -0.7067
vn 0.5774 -0.5773 -0.5774
vn 0.5774 0.5773 -0.5774
vn 0.5774 -0.5773 0.5774
vn 0.5774 0.5773 0.5774
vn -0.5774 -0.5773 -0.5774
vn -0.5774 0.5773 -0.5774
vn -0.5774 -0.5773 0.5774
vn -0.5774 0.5773 0.5774
vn 0.5773 -0.5774 -0.5774
vn 0.5774 0.5774 -0.5774
vn 0.5773 -0.5774 0.5774
vn 0.5774 0.5774 0.5774
vn -0.5773 -0.5774 -0.5774
vn -0.5774 0.5774 -0.5774
vn -0.5773 -0.5774 0.5774
vn -0.5774 0.5774 0.5774
vn -0.0000 -0.3511 -0.9363
vn -0.0000 0.9363 -0.3511
vn -0.0000 0.3511 0.9363
vn 0.5774 -0.7433 -0.3379
vn 0.5773 0.3379 -0.7433
vn 0.5773 -0.3379 0.7433
vn 0.5774 0.7433 0.3379
vn -0.5774 -0.7433 -0.3379
vn -0.5773 0.3379 -0.7433
vn -0.5773 -0.3379 0.7433
vn -0.5774 0.7433 0.3379
vn 0.7071 -0.6621 0.2483
vn 0.7071 -0.2483 -0.6621
vn 0.7071 0.6621 -0.2483
vn 0.7071 0.2483 0.6621
vn -0.0000 -0.4138 0.9104
vn -0.0000 0.9104 0.4138
vn -0.7071 0.2483 0.6621
vn -0.7071 -0.6621 0.2483
vn -0.7071 0.6621 -0.2483
vn -0.7071 -0.2483 -0.6621
vn -0.0000 -0.9104 -0.4138
vn -0.0000 0.4138 -0.9104
vn -0.0000 -0.9363 0.3511
vn 0.5774 -0.5774 -0.5773
vn 0.5774 0.5774 -0.5773
vn 0.5774 -0.5774 0.5773
vn 0.5774 0.5774 0.5773
vn -0.5774 -0.5774 -0.5773
vn -0.5774 0.5774 -0.5773
vn -0.5774 -0.5774 0.5773
vn -0.5774 0.5774 0.5773
vn -0.0070 -0.0000 -1.0000
vn -1.0000 -0.0000 0.0070
vn 1.0000 -0.0000 -0.0070
vn 0.0070 -0.0000 1.0000
vn 0.5733 -0.5774 -0.5814
vn 0.5733 0.5774 -0.5814
vn 0.5814 -0.5774 0.5733
vn 0.5814 0.5774 0.5733
vn -0.5814 -0.5774 -0.5733
vn -0.5814 0.5774 -0.5733
vn -0.5733 -0.5774 0.5814
vn -0.5733 0.5774 0.5814
vn 0.7071 -0.7071 -0.0050
vn 0.7021 -0.0000 -0.7120
vn 0.7071 0.7071 -0.0050
vn 0.7120 -0.0000 0.7021
vn 0.0050 -0.7071 0.7071
vn 0.0050 0.7071 0.7071
vn -0.7021 -0.0000 0.7121
vn -0.7071 -0.7071 0.0050
vn -0.7071 0.7071 0.0050
vn -0.7120 -0.0000 -0.7021
vn -0.0050 -0.7071 -0.7071
vn -0.0050 0.7071 -0.7071
vn -0.0052 -0.0000 -1.0000
vn -1.0000 -0.0000 0.0052
vn 1.0000 -0.0000 -0.0052
vn 0.0052 -0.0000 1.0000
vn 0.5743 -0.5773 -0.5804
vn 0.5743 0.5773 -0.5804
vn 0.5804 -0.5773 0.5743
vn 0.5803 0.5773 0.5743
vn -0.5804 -0.5773 -0.5743
vn -0.5803 0.5773 -0.5743
vn -0.5743 -0.5773 0.5804
vn -0.5743 0.5773 0.5804
vn 0.7071 -0.7071 -0.0037
vn 0.7034 -0.0000 -0.7108
vn 0.7071 0.7071 -0.0037
vn 0.7108 -0.0000 0.7034
vn 0.0037 -0.7071 0.7071
vn 0.0037 0.7071 0.7071
vn -0.7034 -0.0000 0.7108
vn -0.7071 -0.7071 0.0037
vn -0.7071 0.7071 0.0037
vn -0.7108 -0.0000 -0.7034
vn -0.0037 -0.7071 -0.7071
vn -0.0037 0.7071 -0.7071
vn 0.0141 -0.0000 -0.9999
vn -0.9999 -0.0000 -0.0141
vn 0.9999 -0.0000 0.0141
vn -0.0141 -0.0000 0.9999
vn 0.5854 -0.5773 -0.5692
vn 0.5854 0.5773 -0.5692
vn 0.5691 -0.5774 0.5854
vn 0.5691 0.5773 0.5854
vn -0.5691 -0.5774 -0.5854
vn -0.5691 0.5773 -0.5854
vn -0.5854 -0.5773 0.5692
vn -0.5854 0.5773 0.5692
vn 0.7070 -0.7071 0.0100
vn 0.7170 -0.0000 -0.6971
vn 0.7070 0.7071 0.0100
vn 0.6971 -0.0000 0.7170
vn -0.0100 -0.7071 0.7070
vn -0.0100 0.7071 0.7070
vn -0.7170 -0.0000 0.6971
vn -0.7070 -0.7071 -0.0100
vn -0.7070 0.7071 -0.0100
vn -0.6971 -0.0000 -0.7170
vn 0.0100 -0.7071 -0.7070
vn 0.0100 0.7071 -0.7070
vn -0.0037 -0.0000 -1.0000
vn -1.0000 -0.0000 0.0037
vn 1.0000 -0.0000 -0.0037
vn 0.0037 -0.0000 1.0000
vn 0.5752 -0.5774 -0.5795
vn 0.5752 0.5774 -0.5795
vn 0.5795 -0.5774 0.5752
vn 0.5795 0.5774 0.5752
vn -0.5795 -0.5774 -0.5752
vn -0.5795 0.5774 -0.5752
vn -0.5752 -0.5773 0.5795
vn -0.5752 0.5773 0.5795
vn 0.7071 -0.7071 -0.0026
vn 0.7045 -0.0000 -0.7097
vn 0.7071 0.7071 -0.0026
vn 0.7098 -0.0000 0.7044
vn 0.0026 -0.7071 0.7071
vn 0.0026 0.7071 0.7071
vn -0.7045 -0.0000 0.7098
vn -0.7071 -0.7071 0.0026
vn -0.7071 0.7071 0.0026
vn -0.7098 -0.0000 -0.7044
vn -0.0026 -0.7071 -0.7071
vn -0.0026 0.7071 -0.7071
vn 0.0187 -0.0000 -0.9998
vn -0.9998 -0.0000 -0.0187
vn 0.9998 -0.0000 0.0187
vn -0.0187 -0.0000 0.9998
vn 0.5881 0.5774 -0.5664
vn -0.5881 0.5774 0.5664
vn 0.7202 -0.0000 -0.6937
vn 0.6937 -0.0000 0.7202
vn -0.7202 -0.0000 0.6937
vn -0.6937 -0.0000 -0.7202
vn -0.0048 -0.0000 -1.0000
vn -1.0000 -0.0000 0.0048
vn 1.0000 -0.0000 -0.0048
vn 0.0048 -0.0000 1.0000
vn 0.5746 -0.5774 -0.5801
vn 0.5746 0.5773 -0.5801
vn 0.5801 -0.5774 0.5746
vn 0.5801 0.5773 0.5746
vn -0.5801 -0.5773 -0.5746
vn -0.5801 0.5773 -0.5746
vn -0.5746 -0.5773 0.5801
vn -0.5746 0.5773 0.5801
vn 0.7071 -0.7071 -0.0034
vn 0.7037 -0.0000 -0.7105
vn 0.7071 0.7071 -0.0034
vn 0.7105 -0.0000 0.7037
vn 0.0034 -0.7071 0.7071
vn 0.0034 0.7071 0.7071
vn -0.7037 -0.0000 0.7105
vn -0.7071 -0.7071 0.0034
vn -0.7071 0.7071 0.0034
vn -0.7105 -0.0000 -0.7037
vn -0.0034 -0.7071 -0.7071
vn -0.0034 0.7071 -0.7071
vn -0.0034 -0.0000 -1.0000
vn -1.0000 -0.0000 0.0034
vn 1.0000 -0.0000 -0.0034
vn 0.0034 -0.0000 1.0000
vn 0.5754 -0.5774 -0.5793
vn 0.5754 0.5774 -0.5793
vn 0.5793 -0.5774 0.5754
vn 0.5793 0.5774 0.5754
vn -0.5793 -0.5773 -0.5754
vn -0.5793 0.5773 -0.5754
vn -0.5754 -0.5774 0.5793
vn -0.5754 0.5774 0.5793
vn 0.7071 -0.7071 -0.0024
vn 0.7047 -0.0000 -0.7095
vn 0.7071 0.7071 -0.0024
vn 0.7095 -0.0000 0.7047
vn 0.0024 -0.7071 0.7071
vn 0.0024 0.7071 0.7071
vn -0.7047 -0.0000 0.7095
vn -0.7071 -0.7071 0.0024
vn -0.7071 0.7071 0.0024
vn -0.7095 -0.0000 -0.7047
vn -0.0024 -0.7071 -0.7071
vn -0.0024 0.7071 -0.7071
vn -0.0066 -0.0000 -1.0000
vn -1.0000 -0.0000 0.0066
vn 1.0000 -0.0000 -0.0066
vn 0.0066 -0.0000 1.0000
vn 0.5735 -0.5773 -0.5812
vn 0.5735 0.5773 -0.5812
vn 0.5811 -0.5774 0.5735
vn 0.5811 0.5774 0.5735
vn -0.5811 -0.5774 -0.5735
vn -0.5811 0.5774 -0.5735
vn -0.5735 -0.5773 0.5811
vn -0.5735 0.5773 0.5811
vn 0.7071 -0.7071 -0.0047
vn 0.7024 -0.0000 -0.7118
vn 0.7071 0.7071 -0.0047
vn 0.7118 -0.0000 0.7024
vn 0.0047 -0.7071 0.7071
vn 0.0047 0.7071 0.7071
vn -0.7024 -0.0000 0.7118
vn -0.7071 -0.7071 0.0047
vn -0.7071 0.7071 0.0047
vn -0.7118 -0.0000 -0.7024
vn -0.0047 -0.7071 -0.7071
vn -0.0047 0.7071 -0.7071
vn -0.0053 -0.0000 -1.0000
vn -1.0000 -0.0000 0.0053
vn 1.0000 -0.0000 -0.0053
vn 0.0053 -0.0000 1.0000
vn 0.5743 -0.5774 -0.5804
vn 0.5743 0.5774 -0.5804
vn 0.5804 0.5773 0.5743
vn -0.5804 0.5773 -0.5743
vn -0.5743 -0.5774 0.5804
vn -0.5743 0.5774 0.5804
vn 0.7071 -0.7071 -0.0038
vn 0.7033 -0.0000 -0.7109
vn 0.7071 0.7071 -0.0038
vn 0.7109 -0.0000 0.7033
vn 0.0038 -0.7071 0.7071
vn 0.0038 0.7071 0.7071
vn -0.7033 -0.0000 0.7109
vn -0.7071 -0.7071 0.0038
vn -0.7071 0.7071 0.0038
vn -0.7109 -0.0000 -0.7033
vn -0.0038 -0.7071 -0.7071
vn -0.0038 0.7071 -0.7071
vn -0.0049 -0.0000 -1.0000
vn -1.0000 -0.0000 0.0049
vn 1.0000 -0.0000 -0.0049
vn 0.0049 -0.0000 1.0000
vn 0.5745 -0.5773 -0.5802
vn 0.5745 0.5773 -0.5802
vn 0.5802 -0.5774 0.5745
vn 0.5802 0.5774 0.5745
vn -0.5802 -0.5774 -0.5745
vn -0.5802 0.5774 -0.5745
vn -0.5745 -0.5773 0.5802
vn -0.5745 0.5773 0.5802
vn 0.0133 -0.0000 -0.9999
vn -0.9999 -0.0000 -0.0133
vn 0.9999 -0.0000 0.0133
vn -0.0133 -0.0000 0.9999
vn 0.5849 -0.5774 -0.5697
vn 0.5850 0.5773 -0.5696
vn 0.5696 -0.5774 0.5849
vn 0.5696 0.5774 0.5849
vn -0.5697 -0.5774 -0.5849
vn -0.5697 0.5774 -0.5849
vn -0.5850 -0.5773 0.5697
vn -0.5850 0.5773 0.5697
vn 0.7070 -0.7071 0.0094
vn 0.7164 -0.0000 -0.6977
vn 0.7070 0.7071 0.0094
vn 0.6977 -0.0000 0.7164
vn -0.0094 -0.7071 0.7070
vn -0.0094 0.7071 0.7070
vn -0.7164 -0.0000 0.6977
vn -0.7070 -0.7071 -0.0094
vn -0.7070 0.7071 -0.0094
vn -0.6977 -0.0000 -0.7164
vn 0.0094 -0.7071 -0.7070
vn 0.0094 0.7071 -0.7070
vn 0.0074 -0.0000 -1.0000
vn -1.0000 -0.0000 -0.0074
vn 1.0000 -0.0000 0.0074
vn -0.0074 -0.0000 1.0000
vn 0.5816 -0.5774 -0.5731
vn 0.5816 0.5774 -0.5731
vn 0.5731 -0.5773 0.5816
vn 0.5731 0.5773 0.5816
vn -0.5731 -0.5773 -0.5816
vn -0.5731 0.5773 -0.5816
vn -0.5816 -0.5773 0.5731
vn -0.5816 0.5773 0.5731
vn 0.7071 -0.7071 0.0052
vn 0.7123 -0.0000 -0.7018
vn 0.7071 0.7071 0.0052
vn 0.7019 -0.0000 0.7123
vn -0.0052 -0.7071 0.7071
vn -0.0052 0.7071 0.7071
vn -0.7123 -0.0000 0.7019
vn -0.7071 -0.7071 -0.0052
vn -0.7071 0.7071 -0.0052
vn -0.7019 -0.0000 -0.7123
vn 0.0052 -0.7071 -0.7071
vn 0.0052 0.7071 -0.7071
vn 0.5774 -0.5774 0.5774
vn 0.5774 -0.5774 -0.5774
vn -0.5774 -0.5774 -0.5774
vn -0.5774 -0.5774 0.5774
vn 0.7070 -0.7071 0.0088
vn -0.7070 -0.7071 -0.0088
vn -0.5948 -0.0000 0.8038
vn -0.8038 -0.0000 -0.5949
vn 0.7021 -0.0000 -0.7121
vn 0.7121 -0.0000 0.7021
vn -0.7021 -0.0000 0.7120
vn -0.7121 -0.0000 -0.7021
vn 0.7045 -0.0000 -0.7098
vn 0.7097 -0.0000 0.7045
vn -0.7045 -0.0000 0.7097
vn -0.7097 -0.0000 -0.7045
vn 0.7123 -0.0000 -0.7019
vn 0.7018 -0.0000 0.7123
vn -0.7123 -0.0000 0.7018
vn -0.7018 -0.0000 -0.7123
vt 0.00000 0.00000
vt 0.00000 0.00217
vt 0.00000 0.42374
vt 0.00000 0.42590
vt 0.00000 0.44198
vt 0.00000 0.59646
vt 0.00000 0.61038
vt 0.00000 0.76630
vt 0.00000 0.78310
vt 0.00000 0.91015
vt 0.00000 0.92693
vt 0.00000 0.98245
vt 0.00000 0.98678
vt 0.00144 0.61037
vt 0.00144 0.76630
vt 0.00144 0.76774
vt 0.00144 0.78165
vt 0.00144 0.78310
vt 0.00144 0.91015
vt 0.00144 0.91159
vt 0.00144 0.92550
vt 0.00144 0.92715
vt 0.00144 0.96709
vt 0.00217 0.43982
vt 0.00217 0.44198
vt 0.00217 0.59646
vt 0.00433 0.98245
vt 0.00433 0.98678
vt 0.00434 0.98100
vt 0.00434 0.98822
vt 0.00577 0.92550
vt 0.00577 0.92715
vt 0.00577 0.96709
vt 0.00578 0.98245
vt 0.00578 0.98678
vt 0.00722 0.78165
vt 0.00722 0.78310
vt 0.00722 0.91015
vt 0.00722 0.91159
vt 0.00722 0.92693
vt 0.00866 0.78310
vt 0.00866 0.91015
vt 0.01011 0.00000
vt 0.01011 0.00217
vt 0.01011 0.42374
vt 0.01011 0.42590
vt 0.01228 0.00217
vt 0.01228 0.42374
vt 0.02258 0.78165
vt 0.02258 0.78382
vt 0.02258 0.85168
vt 0.02258 0.86775
vt 0.02258 0.86992
vt 0.02258 0.93778
vt 0.02258 0.95313
vt 0.02402 0.95169
vt 0.02402 0.95315
vt 0.02402 0.98346
vt 0.02619 0.00217
vt 0.02619 0.42374
vt 0.02690 0.95315
vt 0.02690 0.98346
vt 0.02691 0.95169
vt 0.02835 0.00000
vt 0.02835 0.42590
vt 0.02835 0.78382
vt 0.02835 0.85168
vt 0.02835 0.95313
vt 0.02835 0.98345
vt 0.02836 0.00217
vt 0.02836 0.42374
vt 0.02836 0.78165
vt 0.02836 0.85384
vt 0.03052 0.78382
vt 0.03052 0.85168
vt 0.03177 0.61037
vt 0.03177 0.76630
vt 0.03177 0.76774
vt 0.03321 0.61038
vt 0.03321 0.76630
vt 0.03846 0.00000
vt 0.03846 0.00217
vt 0.03846 0.42374
vt 0.03846 0.42590
vt 0.04226 0.98202
vt 0.04370 0.95169
vt 0.04370 0.98201
vt 0.04371 0.98346
vt 0.04443 0.78382
vt 0.04443 0.85168
vt 0.04444 0.78165
vt 0.04659 0.95169
vt 0.04659 0.98201
vt 0.04659 0.98346
vt 0.04712 0.61182
vt 0.04712 0.76774
vt 0.04804 0.95170
vt 0.04804 0.98202
vt 0.04856 0.61037
vt 0.04856 0.61182
vt 0.04856 0.76774
vt 0.05021 0.78165
vt 0.05021 0.78382
vt 0.05021 0.85168
vt 0.05021 0.85384
vt 0.05237 0.00217
vt 0.05237 0.42374
vt 0.05238 0.00000
vt 0.05238 0.42590
vt 0.05238 0.78382
vt 0.05238 0.85168
vt 0.05434 0.86775
vt 0.05434 0.86992
vt 0.05434 0.93778
vt 0.05651 0.86992
vt 0.05651 0.93777
vt 0.06136 0.43982
vt 0.06136 0.44198
vt 0.06136 0.59646
vt 0.06248 0.00000
vt 0.06248 0.00217
vt 0.06248 0.42374
vt 0.06248 0.42590
vt 0.06353 0.44198
vt 0.06353 0.59646
vt 0.06465 0.00217
vt 0.06465 0.42374
vt 0.06629 0.78165
vt 0.06629 0.78382
vt 0.06629 0.85168
vt 0.07206 0.78382
vt 0.07206 0.85168
vt 0.07207 0.78165
vt 0.07207 0.85384
vt 0.07423 0.78382
vt 0.07423 0.85168
vt 0.07856 0.00217
vt 0.07856 0.42374
vt 0.07856 0.44198
vt 0.07856 0.59465
vt 0.07876 0.88003
vt 0.07876 0.88220
vt 0.07876 0.95005
vt 0.07876 0.96541
vt 0.07888 0.61037
vt 0.07888 0.61182
vt 0.07888 0.76774
vt 0.08000 0.59414
vt 0.08001 0.58873
vt 0.08001 0.59600
vt 0.08020 0.96396
vt 0.08020 0.96542
vt 0.08020 0.99574
vt 0.08033 0.61182
vt 0.08033 0.76774
vt 0.08073 0.00000
vt 0.08073 0.00217
vt 0.08073 0.42374
vt 0.08073 0.42590
vt 0.08073 0.43982
vt 0.08073 0.44202
vt 0.08073 0.57482
vt 0.08309 0.96396
vt 0.08309 0.96542
vt 0.08309 0.99574
vt 0.08433 0.59414
vt 0.08434 0.58873
vt 0.08434 0.59600
vt 0.08454 0.96541
vt 0.08454 0.99573
vt 0.08578 0.59465
vt 0.08650 0.43982
vt 0.08650 0.44202
vt 0.08650 0.57482
vt 0.08867 0.44198
vt 0.09083 0.00000
vt 0.09083 0.42590
vt 0.09084 0.00217
vt 0.09084 0.42374
vt 0.09845 0.99429
vt 0.09989 0.96396
vt 0.09989 0.99428
vt 0.09989 0.99574
vt 0.10278 0.96396
vt 0.10278 0.99428
vt 0.10278 0.99574
vt 0.10422 0.96397
vt 0.10422 0.99429
vt 0.10475 0.00000
vt 0.10475 0.42157
vt 0.10475 0.42374
vt 0.10475 0.60657
vt 0.10475 0.62409
vt 0.10475 0.78002
vt 0.10475 0.79393
vt 0.10475 0.79610
vt 0.10475 0.86395
vt 0.10619 0.62265
vt 0.10619 0.62410
vt 0.10619 0.78002
vt 0.10691 0.43765
vt 0.10691 0.60657
vt 0.10691 0.60874
vt 0.11052 0.79610
vt 0.11052 0.86395
vt 0.11053 0.79393
vt 0.11053 0.86612
vt 0.11053 0.88003
vt 0.11053 0.88220
vt 0.11053 0.95005
vt 0.11270 0.79610
vt 0.11270 0.86395
vt 0.11270 0.88219
vt 0.11270 0.95005
vt 0.11919 0.00000
vt 0.11919 0.42157
vt 0.11919 0.42374
vt 0.12136 0.00000
vt 0.12136 0.42158
vt 0.12661 0.79393
vt 0.12661 0.79610
vt 0.12661 0.86395
vt 0.12661 0.88003
vt 0.12661 0.88220
vt 0.12661 0.95005
vt 0.12661 0.99429
vt 0.12805 0.96396
vt 0.12805 0.99428
vt 0.12805 0.99574
vt 0.13094 0.96396
vt 0.13094 0.99428
vt 0.13094 0.99574
vt 0.13238 0.79610
vt 0.13238 0.86395
vt 0.13238 0.88220
vt 0.13238 0.95005
vt 0.13238 0.96397
vt 0.13238 0.99429
vt 0.13239 0.79393
vt 0.13239 0.86612
vt 0.13239 0.88003
vt 0.13455 0.79610
vt 0.13455 0.86395
vt 0.13455 0.88219
vt 0.13455 0.95005
vt 0.13527 0.00000
vt 0.13527 0.42157
vt 0.13527 0.42374
vt 0.13651 0.62265
vt 0.13651 0.62410
vt 0.13651 0.78002
vt 0.13796 0.62409
vt 0.13796 0.78002
vt 0.13868 0.43765
vt 0.13868 0.60657
vt 0.13868 0.60874
vt 0.14085 0.60657
vt 0.14971 0.00000
vt 0.14971 0.42157
vt 0.14971 0.42374
vt 0.15187 0.78023
vt 0.15187 0.91305
vt 0.15187 0.92913
vt 0.15187 0.97677
vt 0.15188 0.00000
vt 0.15188 0.42158
vt 0.15331 0.92913
vt 0.15331 0.97677
vt 0.15331 0.97821
vt 0.15404 0.78022
vt 0.15404 0.91305
vt 0.15404 0.91522
vt 0.15476 0.43910
vt 0.15476 0.59502
vt 0.15476 0.61038
vt 0.15476 0.76630
vt 0.15620 0.43765
vt 0.15620 0.43910
vt 0.15620 0.59502
vt 0.15620 0.60893
vt 0.15620 0.61038
vt 0.15620 0.76630
vt 0.16579 0.00000
vt 0.16579 0.00217
vt 0.16579 0.42374
vt 0.17641 0.92913
vt 0.17641 0.97677
vt 0.17641 0.97821
vt 0.17786 0.92913
vt 0.17786 0.97677
vt 0.18023 0.00000
vt 0.18023 0.00217
vt 0.18023 0.42374
vt 0.18240 0.00217
vt 0.18240 0.42374
vt 0.18580 0.78022
vt 0.18580 0.91305
vt 0.18580 0.91522
vt 0.18652 0.43765
vt 0.18652 0.43910
vt 0.18652 0.59502
vt 0.18652 0.60893
vt 0.18652 0.61038
vt 0.18652 0.76630
vt 0.18797 0.43910
vt 0.18797 0.59502
vt 0.18797 0.61038
vt 0.18797 0.76630
vt 0.18797 0.78023
vt 0.18797 0.91305
vt 0.19610 0.97184
vt 0.19610 0.98338
vt 0.19631 0.00000
vt 0.19631 0.00217
vt 0.19631 0.42374
vt 0.19754 0.97039
vt 0.19754 0.98483
vt 0.19755 0.97184
vt 0.19755 0.98338
vt 0.20188 0.59358
vt 0.20188 0.76487
vt 0.20188 0.78157
vt 0.20188 0.91631
vt 0.20332 0.43765
vt 0.20332 0.59357
vt 0.20332 0.59503
vt 0.20332 0.60894
vt 0.20332 0.76486
vt 0.20332 0.76631
vt 0.20332 0.78022
vt 0.20332 0.78208
vt 0.20332 0.90098
vt 0.20332 0.91489
vt 0.20332 0.91654
vt 0.20332 0.95648
vt 0.20621 0.43765
vt 0.20621 0.59357
vt 0.20621 0.59503
vt 0.20621 0.60894
vt 0.20621 0.76486
vt 0.20621 0.76631
vt 0.20765 0.59358
vt 0.20765 0.76487
vt 0.20765 0.78022
vt 0.20765 0.78208
vt 0.20765 0.90098
vt 0.20765 0.91489
vt 0.20765 0.91654
vt 0.20765 0.95648
vt 0.20910 0.78157
vt 0.20910 0.91631
vt 0.20910 0.97039
vt 0.20910 0.97184
vt 0.20910 0.98338
vt 0.20910 0.98483
vt 0.21075 0.00000
vt 0.21075 0.00217
vt 0.21075 0.42374
vt 0.21292 0.00217
vt 0.21292 0.42374
vt 0.22394 0.75783
vt 0.22394 0.89066
vt 0.22394 0.90460
vt 0.22394 0.96379
vt 0.22394 0.97986
vt 0.22394 0.98564
vt 0.22394 0.98781
vt 0.22611 0.75567
vt 0.22611 0.75784
vt 0.22611 0.89066
vt 0.22611 0.90457
vt 0.22611 0.96376
vt 0.22611 0.96595
vt 0.22683 0.00144
vt 0.22683 0.38404
vt 0.22683 0.39939
vt 0.22683 0.56831
vt 0.22683 0.58439
vt 0.22683 0.74031
vt 0.22827 0.00000
vt 0.22827 0.38548
vt 0.22827 0.58439
vt 0.22827 0.74031
vt 0.22827 0.74176
vt 0.22828 0.00144
vt 0.22828 0.38404
vt 0.22900 0.39939
vt 0.22900 0.56831
vt 0.22900 0.57048
vt 0.22972 0.97986
vt 0.22972 0.98564
vt 0.22972 0.98781
vt 0.23188 0.98564
vt 0.23261 0.00000
vt 0.23261 0.00144
vt 0.23261 0.38404
vt 0.23261 0.38548
vt 0.24580 0.97986
vt 0.24580 0.98564
vt 0.24580 0.98781
vt 0.24652 0.00000
vt 0.24652 0.00144
vt 0.24652 0.38404
vt 0.24652 0.38548
vt 0.25085 0.00000
vt 0.25085 0.00144
vt 0.25085 0.38404
vt 0.25085 0.38548
vt 0.25157 0.97986
vt 0.25157 0.98564
vt 0.25157 0.98781
vt 0.25230 0.00144
vt 0.25230 0.38404
vt 0.25374 0.98564
vt 0.25499 0.90457
vt 0.25499 0.96376
vt 0.25499 0.96595
vt 0.25715 0.96379
vt 0.25787 0.75567
vt 0.25787 0.75784
vt 0.25787 0.89066
vt 0.25860 0.58439
vt 0.25860 0.74031
vt 0.25860 0.74176
vt 0.26004 0.58439
vt 0.26004 0.74031
vt 0.26004 0.75783
vt 0.26004 0.89066
vt 0.26621 0.00000
vt 0.26621 0.00144
vt 0.26621 0.38404
vt 0.26621 0.38548
vt 0.27054 0.00000
vt 0.27054 0.00144
vt 0.27054 0.38404
vt 0.27054 0.38548
vt 0.27198 0.00144
vt 0.27198 0.38404
vt 0.27395 0.74032
vt 0.27395 0.75784
vt 0.27395 0.90675
vt 0.27395 0.95873
vt 0.27395 0.98636
vt 0.27539 0.58439
vt 0.27539 0.74030
vt 0.27539 0.74176
vt 0.27539 0.97480
vt 0.27539 0.98635
vt 0.27539 0.98780
vt 0.27612 0.75567
vt 0.27612 0.75786
vt 0.27612 0.89068
vt 0.27828 0.58439
vt 0.27828 0.74030
vt 0.27828 0.74176
vt 0.27828 0.97480
vt 0.27828 0.98635
vt 0.27828 0.98780
vt 0.27973 0.74032
vt 0.27973 0.98636
vt 0.28189 0.75567
vt 0.28189 0.75786
vt 0.28189 0.89068
vt 0.28261 0.90675
vt 0.28261 0.95873
vt 0.28262 0.90459
vt 0.28262 0.96089
vt 0.28406 0.75784
vt 0.28478 0.90675
vt 0.28478 0.95873
vt 0.28590 0.00144
vt 0.28590 0.38404
vt 0.28734 0.00000
vt 0.28734 0.00144
vt 0.28734 0.38404
vt 0.28734 0.38548
vt 0.29167 0.00000
vt 0.29167 0.00144
vt 0.29167 0.38404
vt 0.29167 0.38548
vt 0.29364 0.63199
vt 0.29364 0.64740
vt 0.29364 0.65895
vt 0.29364 0.66040
vt 0.29364 0.67431
vt 0.29364 0.68586
vt 0.29364 0.68731
vt 0.29364 0.70122
vt 0.29364 0.70266
vt 0.29364 0.71422
vt 0.29364 0.72813
vt 0.29364 0.73967
vt 0.29364 0.74112
vt 0.29364 0.97625
vt 0.29364 0.97913
vt 0.29504 0.63347
vt 0.29508 0.63198
vt 0.29576 0.63349
vt 0.29580 0.63200
vt 0.29652 0.58439
vt 0.29652 0.64740
vt 0.29652 0.65895
vt 0.29652 0.67431
vt 0.29652 0.68586
vt 0.29652 0.70266
vt 0.29652 0.71422
vt 0.29652 0.72813
vt 0.29652 0.73967
vt 0.29652 0.97625
vt 0.29652 0.97913
vt 0.29653 0.66040
vt 0.29653 0.68731
vt 0.29653 0.70122
vt 0.29653 0.74112
vt 0.29653 0.97480
vt 0.29653 0.98058
vt 0.29686 0.39939
vt 0.29686 0.56831
vt 0.29686 0.57048
vt 0.29724 0.58441
vt 0.29724 0.63210
vt 0.29797 0.64741
vt 0.29797 0.65896
vt 0.29797 0.67431
vt 0.29797 0.68586
vt 0.29797 0.70266
vt 0.29797 0.71421
vt 0.29797 0.72813
vt 0.29797 0.73968
vt 0.29797 0.97625
vt 0.29797 0.97913
vt 0.29902 0.39939
vt 0.29902 0.56831
vt 0.30558 0.00144
vt 0.30558 0.38404
vt 0.30703 0.00000
vt 0.30703 0.00144
vt 0.30703 0.38404
vt 0.30703 0.38548
vt 0.30992 0.00000
vt 0.30992 0.00144
vt 0.30992 0.38404
vt 0.30992 0.38548
vt 0.31293 0.56831
vt 0.31293 0.58439
vt 0.31293 0.74031
vt 0.31293 0.75567
vt 0.31293 0.88850
vt 0.31293 0.96592
vt 0.31293 0.97987
vt 0.31293 0.98564
vt 0.31293 0.98781
vt 0.31294 0.90674
vt 0.31438 0.58439
vt 0.31438 0.74031
vt 0.31438 0.74176
vt 0.31510 0.39939
vt 0.31510 0.56831
vt 0.31510 0.57048
vt 0.31510 0.75567
vt 0.31510 0.88849
vt 0.31510 0.89066
vt 0.31510 0.90457
vt 0.31510 0.90677
vt 0.31510 0.96596
vt 0.31871 0.97987
vt 0.31871 0.98564
vt 0.31871 0.98781
vt 0.32088 0.98564
vt 0.32383 0.00144
vt 0.32383 0.38404
vt 0.32527 0.00000
vt 0.32527 0.38548
vt 0.32528 0.00144
vt 0.32528 0.38404
vt 0.32816 0.00000
vt 0.32816 0.00144
vt 0.32816 0.38404
vt 0.32816 0.38548
vt 0.33479 0.97987
vt 0.33479 0.98564
vt 0.33479 0.98781
vt 0.34056 0.97987
vt 0.34056 0.98564
vt 0.34056 0.98781
vt 0.34208 0.00000
vt 0.34208 0.00144
vt 0.34208 0.38404
vt 0.34208 0.38548
vt 0.34273 0.98564
vt 0.34398 0.90457
vt 0.34398 0.90677
vt 0.34398 0.96596
vt 0.34470 0.58439
vt 0.34470 0.74031
vt 0.34470 0.74176
vt 0.34496 0.00144
vt 0.34496 0.38404
vt 0.34497 0.00000
vt 0.34497 0.38548
vt 0.34614 0.58439
vt 0.34614 0.74031
vt 0.34614 0.90674
vt 0.34641 0.00144
vt 0.34641 0.38404
vt 0.34686 0.39939
vt 0.34686 0.56831
vt 0.34686 0.57048
vt 0.34686 0.75567
vt 0.34686 0.88849
vt 0.34686 0.89066
vt 0.34903 0.56831
vt 0.34903 0.75567
vt 0.34903 0.88850
vt 0.35664 0.97987
vt 0.35664 0.98564
vt 0.35664 0.98781
vt 0.36005 0.58590
vt 0.36005 0.64885
vt 0.36005 0.66040
vt 0.36005 0.67576
vt 0.36005 0.68731
vt 0.36005 0.70267
vt 0.36005 0.71422
vt 0.36005 0.72813
vt 0.36005 0.73968
vt 0.36006 0.64741
vt 0.36006 0.67431
vt 0.36006 0.70122
vt 0.36006 0.74112
vt 0.36006 0.90457
vt 0.36006 0.91612
vt 0.36006 0.91757
vt 0.36006 0.93148
vt 0.36006 0.93293
vt 0.36006 0.94447
vt 0.36006 0.95983
vt 0.36006 0.96272
vt 0.36032 0.00000
vt 0.36032 0.00144
vt 0.36032 0.38404
vt 0.36032 0.38548
vt 0.36145 0.58441
vt 0.36150 0.58590
vt 0.36218 0.58439
vt 0.36222 0.58588
vt 0.36241 0.97987
vt 0.36241 0.98564
vt 0.36241 0.98781
vt 0.36294 0.63350
vt 0.36294 0.64741
vt 0.36294 0.64885
vt 0.36294 0.66040
vt 0.36294 0.67431
vt 0.36294 0.67576
vt 0.36294 0.68731
vt 0.36294 0.70122
vt 0.36294 0.70267
vt 0.36294 0.71422
vt 0.36294 0.72813
vt 0.36294 0.73968
vt 0.36294 0.74112
vt 0.36294 0.90457
vt 0.36294 0.91612
vt 0.36294 0.93293
vt 0.36294 0.94447
vt 0.36294 0.95983
vt 0.36294 0.96272
vt 0.36295 0.91757
vt 0.36295 0.93148
vt 0.36295 0.95839
vt 0.36295 0.96416
vt 0.36321 0.00000
vt 0.36321 0.00144
vt 0.36321 0.38404
vt 0.36321 0.38548
vt 0.36366 0.58579
vt 0.36366 0.63347
vt 0.36439 0.64885
vt 0.36439 0.66040
vt 0.36439 0.67576
vt 0.36439 0.68731
vt 0.36439 0.70266
vt 0.36439 0.71421
vt 0.36439 0.72813
vt 0.36439 0.73968
vt 0.36439 0.90457
vt 0.36439 0.91612
vt 0.36439 0.93292
vt 0.36439 0.94447
vt 0.36439 0.95983
vt 0.36439 0.96272
vt 0.36458 0.98564
vt 0.36465 0.00144
vt 0.36465 0.38404
vt 0.37856 0.00145
vt 0.37856 0.39795
vt 0.37856 0.56687
vt 0.37856 0.58439
vt 0.37856 0.74031
vt 0.37856 0.75423
vt 0.37856 0.89427
vt 0.37856 0.91179
vt 0.37856 0.96665
vt 0.37856 0.98345
vt 0.37856 0.98778
vt 0.37857 0.00000
vt 0.37857 0.38404
vt 0.38001 0.58295
vt 0.38001 0.58439
vt 0.38001 0.74031
vt 0.38001 0.91035
vt 0.38001 0.91179
vt 0.38001 0.96665
vt 0.38001 0.96810
vt 0.38073 0.39795
vt 0.38073 0.56687
vt 0.38073 0.56903
vt 0.38073 0.75423
vt 0.38073 0.89427
vt 0.38073 0.89644
vt 0.38290 0.00000
vt 0.38290 0.00145
vt 0.38290 0.38404
vt 0.38290 0.98201
vt 0.38290 0.98345
vt 0.38290 0.98778
vt 0.38290 0.98923
vt 0.38434 0.00144
vt 0.38434 0.38404
vt 0.38434 0.98345
vt 0.38434 0.98778
vt 0.39826 0.00000
vt 0.39826 0.00145
vt 0.39826 0.38404
vt 0.39826 0.98345
vt 0.39826 0.98778
vt 0.40259 0.00000
vt 0.40259 0.00145
vt 0.40259 0.38404
vt 0.40259 0.98201
vt 0.40259 0.98345
vt 0.40259 0.98778
vt 0.40259 0.98923
vt 0.40403 0.00144
vt 0.40403 0.38404
vt 0.40403 0.98345
vt 0.40403 0.98778
vt 0.41033 0.58295
vt 0.41033 0.58439
vt 0.41033 0.74031
vt 0.41177 0.58439
vt 0.41177 0.74031
vt 0.41250 0.75423
vt 0.41250 0.89427
vt 0.41250 0.89644
vt 0.41466 0.75423
vt 0.41466 0.89427
vt 0.41795 0.00000
vt 0.41795 0.38259
vt 0.41795 0.38404
vt 0.42044 0.91035
vt 0.42044 0.91179
vt 0.42044 0.96665
vt 0.42044 0.96810
vt 0.42188 0.91179
vt 0.42188 0.96665
vt 0.42228 0.00000
vt 0.42228 0.38259
vt 0.42228 0.38404
vt 0.42372 0.00000
vt 0.42372 0.38259
vt 0.42569 0.58295
vt 0.42569 0.73887
vt 0.42713 0.58295
vt 0.42713 0.73887
vt 0.42713 0.74031
vt 0.42857 0.75639
vt 0.42857 0.89643
vt 0.43074 0.75423
vt 0.43074 0.75639
vt 0.43074 0.89644
vt 0.43579 0.96481
vt 0.43579 0.98014
vt 0.43579 0.98592
vt 0.43579 0.98809
vt 0.43723 0.91035
vt 0.43724 0.96459
vt 0.43724 0.96623
vt 0.43763 0.38259
vt 0.43764 0.00000
vt 0.43764 0.38404
vt 0.44156 0.91035
vt 0.44157 0.96459
vt 0.44157 0.96623
vt 0.44157 0.98014
vt 0.44157 0.98592
vt 0.44157 0.98809
vt 0.44197 0.00000
vt 0.44197 0.38259
vt 0.44197 0.38404
vt 0.44301 0.96481
vt 0.44341 0.00000
vt 0.44341 0.38259
vt 0.44373 0.98592
vt 0.44859 0.39795
vt 0.44859 0.56687
vt 0.44859 0.56903
vt 0.45076 0.39795
vt 0.45076 0.56687
vt 0.45692 0.91177
vt 0.45732 0.38259
vt 0.45733 0.00000
vt 0.45733 0.38404
vt 0.45745 0.58295
vt 0.45745 0.73887
vt 0.45745 0.74031
vt 0.45836 0.98156
vt 0.45836 0.98589
vt 0.45837 0.91035
vt 0.45837 0.91200
vt 0.45838 0.96620
vt 0.45889 0.58295
vt 0.45889 0.73887
vt 0.46021 0.00000
vt 0.46021 0.38259
vt 0.46021 0.38404
vt 0.46166 0.00000
vt 0.46166 0.38259
vt 0.46250 0.75423
vt 0.46250 0.75639
vt 0.46250 0.89644
vt 0.46270 0.91035
vt 0.46270 0.91200
vt 0.46270 0.98011
vt 0.46270 0.98156
vt 0.46270 0.98589
vt 0.46270 0.98733
vt 0.46271 0.96620
vt 0.46414 0.91177
vt 0.46414 0.98156
vt 0.46414 0.98589
vt 0.46467 0.40011
vt 0.46467 0.56903
vt 0.46467 0.75639
vt 0.46467 0.89643
vt 0.46684 0.39795
vt 0.46684 0.40012
vt 0.46684 0.56903
vt 0.47281 0.58439
vt 0.47281 0.74031
vt 0.47425 0.58295
vt 0.47425 0.58439
vt 0.47425 0.74031
vt 0.47557 0.00000
vt 0.47557 0.00145
vt 0.47557 0.38404
vt 0.47846 0.00000
vt 0.47846 0.00145
vt 0.47846 0.38404
vt 0.47858 0.89427
vt 0.47858 0.91179
vt 0.47858 0.96666
vt 0.47858 0.98345
vt 0.47858 0.98634
vt 0.47991 0.00144
vt 0.47991 0.38404
vt 0.48002 0.91035
vt 0.48002 0.96810
vt 0.48003 0.91179
vt 0.48003 0.96666
vt 0.48075 0.75423
vt 0.48075 0.89427
vt 0.48075 0.89644
vt 0.48147 0.98201
vt 0.48147 0.98345
vt 0.48147 0.98634
vt 0.48147 0.98778
vt 0.48292 0.98345
vt 0.48292 0.98634
vt 0.49085 0.75423
vt 0.49085 0.89427
vt 0.49085 0.89644
vt 0.49302 0.89427
vt 0.49382 0.00000
vt 0.49382 0.38259
vt 0.49382 0.38404
vt 0.49671 0.00000
vt 0.49671 0.38259
vt 0.49671 0.38404
vt 0.49683 0.98345
vt 0.49683 0.98634
vt 0.49815 0.00000
vt 0.49815 0.38259
vt 0.49972 0.98201
vt 0.49972 0.98345
vt 0.49972 0.98634
vt 0.49972 0.98778
vt 0.50116 0.98345
vt 0.50116 0.98634
vt 0.50457 0.58295
vt 0.50457 0.58439
vt 0.50457 0.74031
vt 0.50601 0.58439
vt 0.50601 0.74031
vt 0.51206 0.00145
vt 0.51206 0.38404
vt 0.51207 0.00000
vt 0.51495 0.00000
vt 0.51495 0.00145
vt 0.51495 0.38404
vt 0.51640 0.00144
vt 0.51640 0.38404
vt 0.51993 0.73888
vt 0.51993 0.75640
vt 0.52045 0.91035
vt 0.52045 0.96810
vt 0.52046 0.91179
vt 0.52046 0.96666
vt 0.52137 0.58295
vt 0.52137 0.73886
vt 0.52137 0.74032
vt 0.52190 0.91179
vt 0.52190 0.96666
vt 0.52209 0.75423
vt 0.52209 0.75643
vt 0.52209 0.88924
vt 0.52426 0.58295
vt 0.52426 0.73886
vt 0.52426 0.74032
vt 0.52570 0.73888
vt 0.52787 0.75423
vt 0.52787 0.75643
vt 0.52787 0.88924
vt 0.53003 0.75640
vt 0.53031 0.00217
vt 0.53031 0.17108
vt 0.53031 0.35392
vt 0.53031 0.37000
vt 0.53031 0.37216
vt 0.53031 0.38082
vt 0.53031 0.38299
vt 0.53248 0.00000
vt 0.53248 0.00217
vt 0.53248 0.17109
vt 0.53248 0.18500
vt 0.53248 0.35391
vt 0.53248 0.35608
vt 0.53470 0.39795
vt 0.53470 0.40012
vt 0.53470 0.56903
vt 0.53686 0.40011
vt 0.53686 0.56903
vt 0.53897 0.37216
vt 0.53897 0.38082
vt 0.53898 0.37000
vt 0.53898 0.38299
vt 0.54114 0.37216
vt 0.54114 0.38082
vt 0.55077 0.56687
vt 0.55077 0.58295
vt 0.55077 0.73887
vt 0.55077 0.75639
vt 0.55077 0.88922
vt 0.55077 0.90529
vt 0.55077 0.98998
vt 0.55222 0.58295
vt 0.55222 0.73887
vt 0.55222 0.74032
vt 0.55222 0.97843
vt 0.55222 0.98998
vt 0.55222 0.99142
vt 0.55294 0.39795
vt 0.55294 0.56687
vt 0.55294 0.56904
vt 0.55294 0.75423
vt 0.55294 0.75640
vt 0.55294 0.88922
vt 0.55294 0.90313
vt 0.55294 0.90533
vt 0.55294 0.96452
vt 0.55505 0.37216
vt 0.55505 0.38082
vt 0.55511 0.97843
vt 0.55511 0.98998
vt 0.55511 0.99142
vt 0.55655 0.98998
vt 0.55722 0.37000
vt 0.55722 0.37216
vt 0.55722 0.38082
vt 0.55722 0.38299
vt 0.56424 0.18500
vt 0.56424 0.35391
vt 0.56424 0.35608
vt 0.56588 0.37000
vt 0.56588 0.37216
vt 0.56588 0.38082
vt 0.56588 0.38299
vt 0.56641 0.35392
vt 0.57046 0.98998
vt 0.57190 0.97843
vt 0.57190 0.98998
vt 0.57190 0.99142
vt 0.57479 0.97843
vt 0.57479 0.98998
vt 0.57479 0.99142
vt 0.57624 0.98998
vt 0.58032 0.18500
vt 0.58032 0.33948
vt 0.58032 0.35713
vt 0.58167 0.35560
vt 0.58175 0.38017
vt 0.58176 0.35709
vt 0.58181 0.90533
vt 0.58182 0.90313
vt 0.58182 0.96452
vt 0.58239 0.35556
vt 0.58248 0.18500
vt 0.58248 0.33948
vt 0.58248 0.34165
vt 0.58249 0.35705
vt 0.58254 0.58295
vt 0.58254 0.73887
vt 0.58254 0.74032
vt 0.58320 0.38013
vt 0.58392 0.35691
vt 0.58392 0.38009
vt 0.58398 0.58295
vt 0.58398 0.73887
vt 0.58398 0.90529
vt 0.58398 0.96448
vt 0.58471 0.39795
vt 0.58471 0.56687
vt 0.58471 0.56904
vt 0.58471 0.75423
vt 0.58471 0.75640
vt 0.58471 0.88922
vt 0.58687 0.56687
vt 0.58687 0.75639
vt 0.58687 0.88922
vt 0.59015 0.98998
vt 0.59159 0.97843
vt 0.59159 0.98998
vt 0.59159 0.99142
vt 0.59448 0.97843
vt 0.59448 0.98998
vt 0.59448 0.99142
vt 0.59592 0.98998
vt 0.59783 0.37860
vt 0.59918 0.38013
vt 0.59927 0.35556
vt 0.59928 0.37864
vt 0.59990 0.38017
vt 0.60000 0.37868
vt 0.60034 0.00000
vt 0.60034 0.00217
vt 0.60034 0.17109
vt 0.60071 0.35560
vt 0.60078 0.39795
vt 0.60078 0.55243
vt 0.60078 0.56995
vt 0.60078 0.72588
vt 0.60078 0.89572
vt 0.60144 0.35564
vt 0.60144 0.37882
vt 0.60223 0.56851
vt 0.60223 0.56995
vt 0.60223 0.72588
vt 0.60223 0.73979
vt 0.60223 0.89571
vt 0.60223 0.89716
vt 0.60250 0.00217
vt 0.60250 0.17108
vt 0.60295 0.39795
vt 0.60295 0.55243
vt 0.60295 0.55460
vt 0.60511 0.73979
vt 0.60511 0.89571
vt 0.60511 0.89716
vt 0.60656 0.89572
vt 0.61036 0.91252
vt 0.61036 0.96738
vt 0.61180 0.91252
vt 0.61180 0.96738
vt 0.61181 0.91108
vt 0.61181 0.96883
vt 0.61535 0.35772
vt 0.61535 0.37216
vt 0.61641 0.00217
vt 0.61641 0.15665
vt 0.61858 0.00000
vt 0.61858 0.00217
vt 0.61858 0.15665
vt 0.62047 0.74123
vt 0.62191 0.73979
vt 0.62191 0.74125
vt 0.62191 0.89716
vt 0.62480 0.73979
vt 0.62480 0.74125
vt 0.62480 0.89716
vt 0.62545 0.35772
vt 0.62545 0.37216
vt 0.62546 0.35556
vt 0.62546 0.37433
vt 0.62625 0.74123
vt 0.62762 0.35772
vt 0.62762 0.37216
vt 0.63255 0.56851
vt 0.63255 0.56995
vt 0.63255 0.72588
vt 0.63399 0.56995
vt 0.63399 0.72588
vt 0.64168 0.18500
vt 0.64168 0.33948
vt 0.64168 0.34165
vt 0.64385 0.18500
vt 0.64385 0.33948
vt 0.64790 0.72444
vt 0.64790 0.74124
vt 0.64935 0.56851
vt 0.64935 0.72443
vt 0.64935 0.72588
vt 0.64935 0.73979
vt 0.64935 0.74125
vt 0.64935 0.89717
vt 0.65223 0.56851
vt 0.65223 0.72443
vt 0.65223 0.72588
vt 0.65223 0.73979
vt 0.65223 0.74125
vt 0.65223 0.89717
vt 0.65223 0.91108
vt 0.65223 0.91252
vt 0.65223 0.96738
vt 0.65223 0.96883
vt 0.65368 0.72444
vt 0.65368 0.74124
vt 0.65368 0.91252
vt 0.65368 0.96738
vt 0.65776 0.18500
vt 0.65776 0.34092
vt 0.65776 0.35844
vt 0.65776 0.37288
vt 0.65920 0.18500
vt 0.65920 0.34092
vt 0.65920 0.34237
vt 0.66215 0.39795
vt 0.66215 0.55243
vt 0.66215 0.55460
vt 0.66431 0.39795
vt 0.66431 0.55243
vt 0.66787 0.35628
vt 0.66787 0.35844
vt 0.66787 0.37288
vt 0.66787 0.37505
vt 0.67004 0.35844
vt 0.67004 0.37288
vt 0.67778 0.00000
vt 0.67778 0.00217
vt 0.67778 0.15665
vt 0.67822 0.39939
vt 0.67822 0.55532
vt 0.67822 0.56923
vt 0.67822 0.72515
vt 0.67822 0.89644
vt 0.67822 0.91179
vt 0.67822 0.96377
vt 0.67822 0.98201
vt 0.67822 0.98779
vt 0.67823 0.96594
vt 0.67967 0.39795
vt 0.67967 0.39939
vt 0.67967 0.55532
vt 0.67967 0.56923
vt 0.67967 0.72515
vt 0.67967 0.72660
vt 0.67967 0.74051
vt 0.67967 0.89643
vt 0.67967 0.89788
vt 0.67994 0.00217
vt 0.67994 0.15665
vt 0.68039 0.97985
vt 0.68039 0.98201
vt 0.68039 0.98779
vt 0.68039 0.98995
vt 0.68256 0.74051
vt 0.68256 0.89643
vt 0.68256 0.89788
vt 0.68395 0.35844
vt 0.68395 0.37288
vt 0.68400 0.89644
vt 0.68617 0.97985
vt 0.68617 0.98201
vt 0.68617 0.98779
vt 0.68617 0.98995
vt 0.68689 0.91179
vt 0.68689 0.96377
vt 0.68689 0.96594
vt 0.68906 0.91180
vt 0.68906 0.96377
vt 0.68952 0.18500
vt 0.68952 0.34092
vt 0.68952 0.34237
vt 0.69097 0.18500
vt 0.69097 0.34092
vt 0.69386 0.00000
vt 0.69386 0.15593
vt 0.69405 0.35844
vt 0.69405 0.37288
vt 0.69406 0.35628
vt 0.69406 0.37505
vt 0.69530 0.00000
vt 0.69530 0.15592
vt 0.69530 0.15737
vt 0.69622 0.35844
vt 0.69622 0.37288
vt 0.69791 0.89644
vt 0.69935 0.74051
vt 0.69935 0.89643
vt 0.69935 0.89788
vt 0.70008 0.98201
vt 0.70008 0.98779
vt 0.70224 0.74051
vt 0.70224 0.89643
vt 0.70224 0.89788
vt 0.70225 0.97985
vt 0.70225 0.98201
vt 0.70225 0.98779
vt 0.70225 0.98995
vt 0.70297 0.91179
vt 0.70297 0.96377
vt 0.70297 0.96594
vt 0.70369 0.89644
vt 0.70488 0.18500
vt 0.70488 0.34092
vt 0.70632 0.18500
vt 0.70632 0.34092
vt 0.70632 0.34237
vt 0.70802 0.97985
vt 0.70802 0.98201
vt 0.70802 0.98779
vt 0.70802 0.98995
vt 0.70999 0.39795
vt 0.70999 0.39939
vt 0.70999 0.55532
vt 0.70999 0.56923
vt 0.70999 0.72515
vt 0.70999 0.72660
vt 0.71014 0.35844
vt 0.71014 0.37288
vt 0.71143 0.39939
vt 0.71143 0.55532
vt 0.71143 0.56923
vt 0.71143 0.72515
vt 0.71163 0.91179
vt 0.71163 0.96377
vt 0.71164 0.96594
vt 0.71380 0.91180
vt 0.71380 0.96377
vt 0.71760 0.74052
vt 0.71760 0.89644
vt 0.71904 0.74051
vt 0.71904 0.89643
vt 0.71904 0.89788
vt 0.72024 0.35844
vt 0.72024 0.37288
vt 0.72025 0.35628
vt 0.72025 0.37505
vt 0.72193 0.74051
vt 0.72193 0.89643
vt 0.72193 0.89788
vt 0.72193 0.98201
vt 0.72193 0.98779
vt 0.72241 0.35844
vt 0.72241 0.37288
vt 0.72337 0.89644
vt 0.72410 0.97985
vt 0.72410 0.98201
vt 0.72410 0.98779
vt 0.72410 0.98995
vt 0.72534 0.39939
vt 0.72534 0.55532
vt 0.72534 0.57067
vt 0.72534 0.72660
vt 0.72562 0.00000
vt 0.72562 0.15592
vt 0.72562 0.15737
vt 0.72679 0.39795
vt 0.72679 0.39939
vt 0.72679 0.55532
vt 0.72679 0.56923
vt 0.72679 0.57067
vt 0.72679 0.72660
vt 0.72706 0.00000
vt 0.72706 0.15593
vt 0.72771 0.91396
vt 0.72771 0.96594
vt 0.72772 0.91179
vt 0.72988 0.97985
vt 0.72988 0.98201
vt 0.72988 0.98779
vt 0.72988 0.98995
vt 0.73633 0.35628
vt 0.73633 0.35772
vt 0.73633 0.36927
vt 0.73633 0.37071
vt 0.73638 0.91179
vt 0.73638 0.91396
vt 0.73638 0.96594
vt 0.73664 0.18500
vt 0.73664 0.34092
vt 0.73664 0.34237
vt 0.73728 0.74195
vt 0.73728 0.89787
vt 0.73809 0.18500
vt 0.73809 0.34092
vt 0.73855 0.91396
vt 0.73855 0.96593
vt 0.73873 0.74051
vt 0.73873 0.74196
vt 0.73873 0.89788
vt 0.74098 0.00000
vt 0.74098 0.15593
vt 0.74162 0.74051
vt 0.74162 0.74196
vt 0.74162 0.89788
vt 0.74242 0.00000
vt 0.74242 0.15592
vt 0.74242 0.15737
vt 0.74306 0.74195
vt 0.74788 0.35628
vt 0.74788 0.35772
vt 0.74788 0.36927
vt 0.74788 0.37071
vt 0.74932 0.35772
vt 0.74932 0.36927
vt 0.75200 0.18644
vt 0.75200 0.34236
vt 0.75344 0.18500
vt 0.75344 0.18644
vt 0.75344 0.34237
vt 0.75697 0.74195
vt 0.75697 0.91179
vt 0.75697 0.91396
vt 0.75697 0.96593
vt 0.75697 0.99140
vt 0.75711 0.39795
vt 0.75711 0.39939
vt 0.75711 0.55532
vt 0.75711 0.56923
vt 0.75711 0.57067
vt 0.75711 0.72660
vt 0.75841 0.74051
vt 0.75841 0.74198
vt 0.75841 0.89788
vt 0.75841 0.97984
vt 0.75841 0.99139
vt 0.75841 0.99284
vt 0.75855 0.39939
vt 0.75855 0.55532
vt 0.75855 0.57067
vt 0.75855 0.72660
vt 0.76130 0.74051
vt 0.76130 0.74198
vt 0.76130 0.89788
vt 0.76130 0.97984
vt 0.76130 0.99139
vt 0.76130 0.99284
vt 0.76275 0.74195
vt 0.76275 0.99140
vt 0.76323 0.35772
vt 0.76323 0.36927
vt 0.76468 0.35628
vt 0.76468 0.35772
vt 0.76468 0.36927
vt 0.76468 0.37071
vt 0.76563 0.91396
vt 0.76563 0.96593
vt 0.76564 0.91179
vt 0.76780 0.91395
vt 0.76780 0.96593
vt 0.77246 0.39795
vt 0.77246 0.55388
vt 0.77246 0.57067
vt 0.77246 0.72660
vt 0.77274 0.00000
vt 0.77274 0.15592
vt 0.77274 0.15737
vt 0.77391 0.39795
vt 0.77391 0.55387
vt 0.77391 0.55532
vt 0.77391 0.56923
vt 0.77391 0.57067
vt 0.77391 0.72660
vt 0.77419 0.00000
vt 0.77419 0.15593
vt 0.77623 0.35628
vt 0.77623 0.35772
vt 0.77623 0.36927
vt 0.77623 0.37071
vt 0.77666 0.74195
vt 0.77666 0.98201
vt 0.77666 0.98778
vt 0.77810 0.74051
vt 0.77810 0.74198
vt 0.77810 0.89788
vt 0.77882 0.97984
vt 0.77882 0.98995
vt 0.77883 0.98201
vt 0.77883 0.98778
vt 0.78099 0.74051
vt 0.78099 0.74198
vt 0.78099 0.89788
vt 0.78172 0.91179
vt 0.78172 0.92334
vt 0.78172 0.92479
vt 0.78172 0.93870
vt 0.78172 0.94014
vt 0.78172 0.95169
vt 0.78243 0.74195
vt 0.78377 0.18500
vt 0.78377 0.18644
vt 0.78377 0.34237
vt 0.78460 0.91179
vt 0.78460 0.92334
vt 0.78460 0.92479
vt 0.78460 0.93870
vt 0.78460 0.94014
vt 0.78460 0.95169
vt 0.78460 0.97984
vt 0.78460 0.98201
vt 0.78460 0.98778
vt 0.78460 0.98995
vt 0.78521 0.18644
vt 0.78521 0.34236
vt 0.78605 0.91179
vt 0.78605 0.92334
vt 0.78605 0.94014
vt 0.78605 0.95169
vt 0.78810 0.00000
vt 0.78810 0.15593
vt 0.78954 0.00000
vt 0.78954 0.15592
vt 0.78954 0.15737
vt 0.79014 0.35628
vt 0.79014 0.35772
vt 0.79014 0.36927
vt 0.79014 0.37071
vt 0.79634 0.85991
vt 0.79634 0.88673
vt 0.79779 0.74051
vt 0.79779 0.85940
vt 0.79779 0.86126
vt 0.79779 0.87518
vt 0.79779 0.88672
vt 0.79779 0.88817
vt 0.79912 0.18716
vt 0.80029 0.91253
vt 0.80029 0.96739
vt 0.80068 0.87518
vt 0.80068 0.88672
vt 0.80068 0.88817
vt 0.80129 0.18500
vt 0.80129 0.18719
vt 0.80129 0.34166
vt 0.80169 0.35772
vt 0.80169 0.36927
vt 0.80170 0.35628
vt 0.80170 0.37071
vt 0.80173 0.91108
vt 0.80173 0.91253
vt 0.80173 0.96739
vt 0.80173 0.96883
vt 0.80212 0.74051
vt 0.80212 0.85940
vt 0.80212 0.86126
vt 0.80212 0.88673
vt 0.80314 0.35772
vt 0.80314 0.36927
vt 0.80356 0.85991
vt 0.80423 0.39795
vt 0.80423 0.55387
vt 0.80423 0.55532
vt 0.80423 0.56923
vt 0.80423 0.57067
vt 0.80423 0.72660
vt 0.80567 0.39795
vt 0.80567 0.55388
vt 0.81705 0.35772
vt 0.81705 0.36927
vt 0.81814 0.57139
vt 0.81814 0.89573
vt 0.81849 0.35628
vt 0.81849 0.37071
vt 0.81850 0.35772
vt 0.81850 0.36927
vt 0.81958 0.55244
vt 0.81958 0.73980
vt 0.81958 0.89572
vt 0.81958 0.89717
vt 0.81986 0.00000
vt 0.81986 0.15592
vt 0.81986 0.15737
vt 0.82031 0.56923
vt 0.82031 0.57143
vt 0.82031 0.72589
vt 0.82175 0.39795
vt 0.82175 0.55241
vt 0.82175 0.55461
vt 0.82247 0.73980
vt 0.82247 0.89572
vt 0.82247 0.89717
vt 0.82392 0.89573
vt 0.83005 0.35628
vt 0.83005 0.35772
vt 0.83005 0.36927
vt 0.83005 0.37071
vt 0.83016 0.18500
vt 0.83016 0.18719
vt 0.83016 0.34166
vt 0.83233 0.18716
vt 0.83377 0.15449
vt 0.83594 0.00000
vt 0.83594 0.15446
vt 0.83594 0.15666
vt 0.83783 0.89573
vt 0.83927 0.73980
vt 0.83927 0.89572
vt 0.83927 0.89717
vt 0.84216 0.73980
vt 0.84216 0.89572
vt 0.84216 0.89717
vt 0.84216 0.91108
vt 0.84216 0.91253
vt 0.84216 0.96739
vt 0.84216 0.96883
vt 0.84360 0.89573
vt 0.84360 0.91253
vt 0.84360 0.96739
vt 0.84624 0.34093
vt 0.84624 0.35628
vt 0.84624 0.35773
vt 0.84624 0.36928
vt 0.84624 0.37072
vt 0.84768 0.18500
vt 0.84768 0.34092
vt 0.84768 0.34237
vt 0.84918 0.56923
vt 0.84918 0.57143
vt 0.84918 0.72589
vt 0.85057 0.18500
vt 0.85057 0.34092
vt 0.85057 0.34237
vt 0.85063 0.39795
vt 0.85063 0.55241
vt 0.85063 0.55461
vt 0.85135 0.57139
vt 0.85201 0.34093
vt 0.85279 0.55244
vt 0.85779 0.35628
vt 0.85779 0.35773
vt 0.85779 0.36928
vt 0.85779 0.37072
vt 0.85924 0.35773
vt 0.85924 0.36928
vt 0.86482 0.00000
vt 0.86482 0.15446
vt 0.86482 0.15666
vt 0.86526 0.72516
vt 0.86526 0.88056
vt 0.86526 0.95586
vt 0.86526 0.97338
vt 0.86526 0.98493
vt 0.86593 0.34093
vt 0.86670 0.39868
vt 0.86670 0.56923
vt 0.86670 0.72515
vt 0.86670 0.72660
vt 0.86670 0.97193
vt 0.86670 0.98637
vt 0.86671 0.97338
vt 0.86671 0.98493
vt 0.86698 0.15449
vt 0.86737 0.18500
vt 0.86737 0.34092
vt 0.86737 0.34237
vt 0.86742 0.95582
vt 0.86743 0.74051
vt 0.86743 0.88056
vt 0.86743 0.88273
vt 0.86743 0.89664
vt 0.86743 0.95802
vt 0.86815 0.39724
vt 0.86815 0.39869
vt 0.86815 0.55461
vt 0.86959 0.56923
vt 0.86959 0.72515
vt 0.86959 0.72660
vt 0.87026 0.18500
vt 0.87026 0.34092
vt 0.87026 0.34237
vt 0.87104 0.39724
vt 0.87104 0.39869
vt 0.87104 0.55461
vt 0.87104 0.72516
vt 0.87170 0.34093
vt 0.87248 0.39868
vt 0.87315 0.35773
vt 0.87315 0.36928
vt 0.87459 0.35628
vt 0.87459 0.35773
vt 0.87459 0.36928
vt 0.87459 0.37072
vt 0.87753 0.74051
vt 0.87753 0.88056
vt 0.87753 0.88273
vt 0.87826 0.97193
vt 0.87826 0.97338
vt 0.87826 0.98493
vt 0.87826 0.98637
vt 0.87970 0.88056
vt 0.88089 0.00144
vt 0.88234 0.00000
vt 0.88234 0.00146
vt 0.88234 0.15737
vt 0.88495 0.72516
vt 0.88522 0.00000
vt 0.88522 0.00146
vt 0.88522 0.15737
vt 0.88561 0.34093
vt 0.88614 0.35628
vt 0.88614 0.35773
vt 0.88614 0.36928
vt 0.88614 0.37072
vt 0.88639 0.55317
vt 0.88639 0.56923
vt 0.88639 0.72515
vt 0.88639 0.72660
vt 0.88667 0.00144
vt 0.88706 0.18500
vt 0.88706 0.34092
vt 0.88706 0.34237
vt 0.88784 0.39724
vt 0.88784 0.55315
vt 0.88784 0.55461
vt 0.88928 0.56923
vt 0.88928 0.72515
vt 0.88928 0.72660
vt 0.88994 0.18500
vt 0.88994 0.34092
vt 0.88994 0.34237
vt 0.89072 0.39724
vt 0.89072 0.55315
vt 0.89072 0.55461
vt 0.89072 0.72516
vt 0.89139 0.34093
vt 0.89217 0.55317
vt 0.89217 0.97410
vt 0.89217 0.98276
vt 0.89361 0.74268
vt 0.89433 0.97193
vt 0.89433 0.98493
vt 0.89434 0.97410
vt 0.89434 0.98276
vt 0.89578 0.74051
vt 0.89578 0.74270
vt 0.89578 0.87552
vt 0.89630 0.89664
vt 0.89630 0.95582
vt 0.89630 0.95802
vt 0.89847 0.89667
vt 0.89847 0.95586
vt 0.90058 0.00144
vt 0.90058 0.12849
vt 0.90058 0.15540
vt 0.90155 0.74051
vt 0.90155 0.74270
vt 0.90155 0.87552
vt 0.90202 0.00000
vt 0.90202 0.00144
vt 0.90202 0.12849
vt 0.90202 0.12994
vt 0.90202 0.14385
vt 0.90202 0.15540
vt 0.90202 0.15684
vt 0.90300 0.97193
vt 0.90300 0.97410
vt 0.90300 0.98276
vt 0.90300 0.98493
vt 0.90372 0.74268
vt 0.90463 0.57139
vt 0.90463 0.63925
vt 0.90463 0.65533
vt 0.90463 0.72318
vt 0.90464 0.56923
vt 0.90464 0.72535
vt 0.90491 0.14385
vt 0.90491 0.15540
vt 0.90491 0.15684
vt 0.90530 0.18716
vt 0.90530 0.25502
vt 0.90530 0.27326
vt 0.90530 0.34112
vt 0.90530 0.35719
vt 0.90530 0.35863
vt 0.90530 0.37018
vt 0.90530 0.37163
vt 0.90531 0.18500
vt 0.90531 0.27109
vt 0.90608 0.39724
vt 0.90608 0.39940
vt 0.90608 0.46726
vt 0.90608 0.48333
vt 0.90608 0.55119
vt 0.90608 0.55336
vt 0.90636 0.15540
vt 0.90780 0.00000
vt 0.90780 0.00144
vt 0.90780 0.12849
vt 0.90780 0.12994
vt 0.90924 0.00144
vt 0.90924 0.12849
vt 0.91041 0.56923
vt 0.91041 0.57139
vt 0.91041 0.63925
vt 0.91041 0.64142
vt 0.91108 0.18500
vt 0.91108 0.18716
vt 0.91108 0.25502
vt 0.91108 0.25718
vt 0.91108 0.27109
vt 0.91108 0.27326
vt 0.91108 0.34112
vt 0.91108 0.34328
vt 0.91185 0.39940
vt 0.91185 0.46726
vt 0.91186 0.39724
vt 0.91186 0.46942
vt 0.91258 0.57139
vt 0.91258 0.63925
vt 0.91325 0.18716
vt 0.91325 0.25502
vt 0.91325 0.27326
vt 0.91325 0.34112
vt 0.91402 0.39940
vt 0.91402 0.46726
vt 0.91685 0.35719
vt 0.91685 0.35863
vt 0.91685 0.37018
vt 0.91685 0.37163
vt 0.91763 0.74051
vt 0.91763 0.74268
vt 0.91763 0.81054
vt 0.91763 0.82661
vt 0.91763 0.82878
vt 0.91763 0.89663
vt 0.91763 0.95289
vt 0.91763 0.96967
vt 0.91763 0.99999
vt 0.91830 0.35863
vt 0.91830 0.37018
vt 0.91907 0.91271
vt 0.91907 0.95268
vt 0.91907 0.95432
vt 0.91907 0.96823
vt 0.91907 0.96968
vt 0.91907 1.00000
vt 0.92196 0.96823
vt 0.92196 0.96968
vt 0.92196 1.00000
vt 0.92315 0.00217
vt 0.92315 0.07002
vt 0.92315 0.08827
vt 0.92315 0.15612
vt 0.92316 0.00000
vt 0.92316 0.08610
vt 0.92340 0.74268
vt 0.92340 0.81054
vt 0.92340 0.82878
vt 0.92340 0.89663
vt 0.92340 0.91271
vt 0.92340 0.95268
vt 0.92340 0.95432
vt 0.92341 0.74051
vt 0.92341 0.81270
vt 0.92341 0.82661
vt 0.92341 0.89880
vt 0.92341 0.96967
vt 0.92485 0.95289
vt 0.92558 0.74268
vt 0.92558 0.81054
vt 0.92558 0.82878
vt 0.92558 0.89663
vt 0.92649 0.57140
vt 0.92649 0.63925
vt 0.92650 0.56923
vt 0.92716 0.18500
vt 0.92716 0.18717
vt 0.92716 0.25502
vt 0.92716 0.26893
vt 0.92716 0.27110
vt 0.92716 0.33896
vt 0.92793 0.39940
vt 0.92793 0.46726
vt 0.92794 0.39724
vt 0.92893 0.00000
vt 0.92893 0.00217
vt 0.92893 0.07002
vt 0.92893 0.07219
vt 0.92893 0.08610
vt 0.92893 0.08827
vt 0.92893 0.15612
vt 0.93110 0.00217
vt 0.93110 0.07002
vt 0.93110 0.08826
vt 0.93110 0.15612
vt 0.93227 0.56923
vt 0.93227 0.57140
vt 0.93227 0.63925
vt 0.93293 0.18717
vt 0.93293 0.25502
vt 0.93293 0.27110
vt 0.93293 0.33896
vt 0.93294 0.18500
vt 0.93294 0.26893
vt 0.93371 0.39724
vt 0.93371 0.39940
vt 0.93371 0.46726
vt 0.93444 0.57139
vt 0.93444 0.63925
vt 0.93510 0.18716
vt 0.93510 0.25502
vt 0.93510 0.27110
vt 0.93510 0.33895
vt 0.93588 0.39940
vt 0.93588 0.46726
vt 0.93640 0.65533
vt 0.93640 0.72318
vt 0.93640 0.72535
vt 0.93784 0.48333
vt 0.93784 0.55119
vt 0.93785 0.55336
vt 0.93857 0.65533
vt 0.93857 0.72319
vt 0.93949 0.74051
vt 0.93949 0.80837
vt 0.93949 0.81054
vt 0.93949 0.82661
vt 0.93949 0.89447
vt 0.93949 0.89663
vt 0.93949 0.91197
vt 0.93949 0.98166
vt 0.94001 0.48334
vt 0.94001 0.55119
vt 0.94092 0.96640
vt 0.94093 0.91055
vt 0.94093 0.91219
vt 0.94093 0.98031
vt 0.94093 0.98217
vt 0.94093 0.98758
vt 0.94501 0.00000
vt 0.94501 0.06786
vt 0.94501 0.08610
vt 0.94501 0.15395
vt 0.94502 0.07003
vt 0.94502 0.15612
vt 0.94525 0.96640
vt 0.94526 0.74051
vt 0.94526 0.80837
vt 0.94526 0.82661
vt 0.94526 0.89447
vt 0.94526 0.91055
vt 0.94526 0.91219
vt 0.94526 0.98031
vt 0.94526 0.98217
vt 0.94526 0.98758
vt 0.94527 0.81054
vt 0.94527 0.89663
vt 0.94671 0.91197
vt 0.94671 0.98166
vt 0.94743 0.74052
vt 0.94743 0.80837
vt 0.94743 0.82661
vt 0.94743 0.89447
vt 0.94835 0.56923
vt 0.94835 0.63708
vt 0.94835 0.63925
vt 0.94902 0.18500
vt 0.94902 0.25285
vt 0.94902 0.25502
vt 0.94902 0.27110
vt 0.94902 0.32307
vt 0.94902 0.37933
vt 0.94979 0.39940
vt 0.94979 0.45138
vt 0.95046 0.33915
vt 0.95046 0.37912
vt 0.95046 0.38076
vt 0.95079 0.00000
vt 0.95079 0.06786
vt 0.95079 0.07003
vt 0.95079 0.08610
vt 0.95079 0.15395
vt 0.95079 0.15612
vt 0.95248 0.65749
vt 0.95248 0.70947
vt 0.95296 0.00000
vt 0.95296 0.06786
vt 0.95296 0.08610
vt 0.95296 0.15396
vt 0.95392 0.53779
vt 0.95412 0.56923
vt 0.95412 0.63708
vt 0.95413 0.63925
vt 0.95479 0.18500
vt 0.95479 0.25285
vt 0.95479 0.25502
vt 0.95479 0.33915
vt 0.95479 0.37912
vt 0.95479 0.38076
vt 0.95537 0.53758
vt 0.95537 0.53922
vt 0.95538 0.48333
vt 0.95623 0.37933
vt 0.95629 0.56923
vt 0.95629 0.63709
vt 0.95696 0.18500
vt 0.95696 0.25286
vt 0.95768 0.26893
vt 0.95768 0.27110
vt 0.95768 0.32307
vt 0.95768 0.32524
vt 0.95845 0.39940
vt 0.95845 0.45138
vt 0.95846 0.39724
vt 0.95846 0.45354
vt 0.95970 0.53758
vt 0.95970 0.53922
vt 0.95971 0.48333
vt 0.95985 0.27110
vt 0.95985 0.32307
vt 0.96062 0.91199
vt 0.96062 0.95963
vt 0.96062 0.98510
vt 0.96063 0.39940
vt 0.96063 0.45138
vt 0.96114 0.53779
vt 0.96114 0.65749
vt 0.96114 0.70947
vt 0.96115 0.65533
vt 0.96115 0.71163
vt 0.96134 0.74268
vt 0.96134 0.77445
vt 0.96134 0.78836
vt 0.96134 0.82012
vt 0.96134 0.83623
vt 0.96134 0.86799
vt 0.96134 0.88623
vt 0.96134 0.89201
vt 0.96135 0.74051
vt 0.96135 0.82229
vt 0.96206 0.91055
vt 0.96206 0.91199
vt 0.96206 0.95964
vt 0.96206 0.97354
vt 0.96206 0.98510
vt 0.96206 0.98654
vt 0.96331 0.65749
vt 0.96331 0.70947
vt 0.96351 0.83620
vt 0.96351 0.86796
vt 0.96351 0.87016
vt 0.96351 0.88407
vt 0.96351 0.88623
vt 0.96351 0.89201
vt 0.96351 0.89417
vt 0.96495 0.97354
vt 0.96495 0.98510
vt 0.96495 0.98654
vt 0.96639 0.98510
vt 0.96687 0.00216
vt 0.96687 0.03392
vt 0.96687 0.05004
vt 0.96687 0.08180
vt 0.96687 0.09575
vt 0.96687 0.12751
vt 0.96687 0.14503
vt 0.96687 0.15658
vt 0.96831 0.14359
vt 0.96831 0.14503
vt 0.96831 0.15658
vt 0.96831 0.15802
vt 0.96903 0.00000
vt 0.96903 0.04787
vt 0.96903 0.12968
vt 0.96904 0.00220
vt 0.96904 0.03396
vt 0.96904 0.05006
vt 0.96904 0.08182
vt 0.96904 0.09573
vt 0.96904 0.12749
vt 0.96928 0.87016
vt 0.96928 0.88407
vt 0.96928 0.89417
vt 0.96929 0.83620
vt 0.96929 0.86796
vt 0.96929 0.88623
vt 0.96929 0.89201
vt 0.97015 0.33917
vt 0.97015 0.36949
vt 0.97020 0.60099
vt 0.97020 0.61637
vt 0.97020 0.62792
vt 0.97021 0.57067
vt 0.97021 0.61492
vt 0.97021 0.62936
vt 0.97087 0.18644
vt 0.97087 0.21676
vt 0.97087 0.23069
vt 0.97087 0.23213
vt 0.97087 0.24368
vt 0.97087 0.24512
vt 0.97145 0.74051
vt 0.97145 0.74268
vt 0.97145 0.77445
vt 0.97145 0.78836
vt 0.97145 0.82012
vt 0.97145 0.82229
vt 0.97145 0.86799
vt 0.97159 0.33915
vt 0.97159 0.36946
vt 0.97159 0.37093
vt 0.97165 0.56923
vt 0.97165 0.57070
vt 0.97165 0.60101
vt 0.97232 0.18500
vt 0.97232 0.18646
vt 0.97232 0.21677
vt 0.97362 0.74268
vt 0.97362 0.77444
vt 0.97362 0.78836
vt 0.97362 0.82012
vt 0.97376 0.26895
vt 0.97376 0.29927
vt 0.97376 0.31678
vt 0.97376 0.32256
vt 0.97448 0.33915
vt 0.97448 0.36946
vt 0.97448 0.37093
vt 0.97454 0.39725
vt 0.97454 0.42757
vt 0.97454 0.44292
vt 0.97454 0.44509
vt 0.97454 0.45375
vt 0.97454 0.45592
vt 0.97454 0.56923
vt 0.97454 0.57070
vt 0.97454 0.60101
vt 0.97481 0.00000
vt 0.97481 0.00220
vt 0.97481 0.03396
vt 0.97481 0.04787
vt 0.97481 0.05006
vt 0.97481 0.08182
vt 0.97481 0.09573
vt 0.97481 0.12749
vt 0.97481 0.12968
vt 0.97505 0.51509
vt 0.97505 0.54057
vt 0.97506 0.48478
vt 0.97520 0.18500
vt 0.97520 0.21677
vt 0.97520 0.26893
vt 0.97520 0.30071
vt 0.97521 0.18646
vt 0.97521 0.29925
vt 0.97592 0.36949
vt 0.97593 0.31462
vt 0.97593 0.31678
vt 0.97593 0.32256
vt 0.97593 0.32473
vt 0.97598 0.39724
vt 0.97598 0.42755
vt 0.97598 0.42901
vt 0.97598 0.57067
vt 0.97650 0.48333
vt 0.97650 0.48479
vt 0.97650 0.51511
vt 0.97650 0.52902
vt 0.97650 0.54057
vt 0.97650 0.54202
vt 0.97665 0.18644
vt 0.97698 0.00216
vt 0.97698 0.05004
vt 0.97698 0.12751
vt 0.97722 0.68566
vt 0.97722 0.71256
vt 0.97809 0.26893
vt 0.97809 0.29925
vt 0.97809 0.30071
vt 0.97867 0.65533
vt 0.97867 0.68564
vt 0.97867 0.68710
vt 0.97867 0.70101
vt 0.97867 0.71256
vt 0.97867 0.71401
vt 0.97887 0.39724
vt 0.97887 0.42755
vt 0.97887 0.42901
vt 0.97939 0.48333
vt 0.97939 0.48479
vt 0.97939 0.51511
vt 0.97939 0.52902
vt 0.97939 0.54057
vt 0.97939 0.54202
vt 0.97954 0.29927
vt 0.97986 0.14359
vt 0.97986 0.14503
vt 0.97986 0.15658
vt 0.97986 0.15802
vt 0.98030 0.98510
vt 0.98031 0.42757
vt 0.98083 0.48478
vt 0.98083 0.54057
vt 0.98155 0.65533
vt 0.98155 0.68564
vt 0.98156 0.68710
vt 0.98156 0.70101
vt 0.98156 0.71256
vt 0.98156 0.71401
vt 0.98170 0.31462
vt 0.98170 0.31678
vt 0.98170 0.32256
vt 0.98170 0.32473
vt 0.98175 0.97354
vt 0.98175 0.98510
vt 0.98175 0.98654
vt 0.98176 0.61492
vt 0.98176 0.61637
vt 0.98176 0.62792
vt 0.98176 0.62936
vt 0.98242 0.23069
vt 0.98242 0.23213
vt 0.98242 0.24368
vt 0.98242 0.24512
vt 0.98300 0.65534
vt 0.98300 0.68566
vt 0.98300 0.71256
vt 0.98320 0.44292
vt 0.98320 0.44509
vt 0.98320 0.45375
vt 0.98320 0.45592
vt 0.98320 0.61637
vt 0.98320 0.62792
vt 0.98387 0.23213
vt 0.98387 0.24368
vt 0.98464 0.97354
vt 0.98464 0.98510
vt 0.98464 0.98654
vt 0.98516 0.91055
vt 0.98516 0.91199
vt 0.98516 0.95964
vt 0.98536 0.83764
vt 0.98536 0.89343
vt 0.98537 0.44509
vt 0.98537 0.45375
vt 0.98608 0.98510
vt 0.98661 0.91199
vt 0.98661 0.95963
vt 0.98680 0.83765
vt 0.98680 0.86797
vt 0.98681 0.83620
vt 0.98681 0.88188
vt 0.98681 0.89343
vt 0.98681 0.89488
vt 0.98753 0.74196
vt 0.98753 0.81652
vt 0.98897 0.74051
vt 0.98897 0.74197
vt 0.98897 0.77228
vt 0.98897 0.78620
vt 0.98897 0.81651
vt 0.98897 0.81797
vt 0.98969 0.83620
vt 0.98969 0.83765
vt 0.98969 0.86797
vt 0.98969 0.88188
vt 0.98969 0.89343
vt 0.98969 0.89488
vt 0.98983 0.36948
vt 0.98989 0.57067
vt 0.99056 0.18644
vt 0.99089 0.03033
vt 0.99089 0.04712
vt 0.99089 0.09717
vt 0.99114 0.83764
vt 0.99114 0.86796
vt 0.99114 0.89343
vt 0.99128 0.33915
vt 0.99128 0.36947
vt 0.99128 0.37092
vt 0.99133 0.57068
vt 0.99133 0.60100
vt 0.99134 0.56923
vt 0.99186 0.74051
vt 0.99186 0.74197
vt 0.99186 0.77228
vt 0.99186 0.78620
vt 0.99186 0.81651
vt 0.99186 0.81797
vt 0.99200 0.18500
vt 0.99200 0.18645
vt 0.99200 0.21677
vt 0.99233 0.00000
vt 0.99233 0.03032
vt 0.99233 0.03177
vt 0.99233 0.04568
vt 0.99233 0.04713
vt 0.99233 0.07745
vt 0.99233 0.09573
vt 0.99233 0.09718
vt 0.99233 0.12750
vt 0.99331 0.74196
vt 0.99331 0.77228
vt 0.99331 0.78621
vt 0.99331 0.81652
vt 0.99345 0.29926
vt 0.99416 0.33915
vt 0.99416 0.36947
vt 0.99416 0.37092
vt 0.99422 0.39724
vt 0.99422 0.56923
vt 0.99422 0.57068
vt 0.99422 0.60100
vt 0.99423 0.42756
vt 0.99489 0.18500
vt 0.99489 0.18645
vt 0.99489 0.21677
vt 0.99489 0.26893
vt 0.99489 0.29925
vt 0.99489 0.30070
vt 0.99522 0.00000
vt 0.99522 0.03032
vt 0.99522 0.03177
vt 0.99522 0.04568
vt 0.99522 0.04713
vt 0.99522 0.07745
vt 0.99522 0.09573
vt 0.99522 0.09718
vt 0.99522 0.12750
vt 0.99561 0.33916
vt 0.99561 0.36948
vt 0.99567 0.39724
vt 0.99567 0.42755
vt 0.99567 0.42900
vt 0.99567 0.57067
vt 0.99567 0.60099
vt 0.99633 0.18644
vt 0.99633 0.21676
vt 0.99666 0.00001
vt 0.99666 0.03033
vt 0.99666 0.04712
vt 0.99666 0.07744
vt 0.99666 0.09717
vt 0.99666 0.12749
vt 0.99778 0.26893
vt 0.99778 0.29925
vt 0.99778 0.30070
vt 0.99856 0.39724
vt 0.99856 0.42755
vt 0.99856 0.42900
vt 0.99922 0.26894
vt 0.99922 0.29926
vt 1.00000 0.42756
s 0
usemtl OpenWorld_stone
f 1/950/14 3/952/14 8/953/14
f 1/950/14 8/953/14 7/951/14
f 1/950/6 2/949/6 3/952/6
f 10/612/9 11/608/9 12/607/9
f 10/717/16 12/698/16 6/697/16
f 10/717/16 6/697/16 5/716/16
f 10/717/3 16/806/3 22/807/3
f 10/717/3 5/716/3 16/806/3
f 100/1838/15 102/1839/15 99/1696/15
f 100/1838/15 99/1696/15 98/1694/15
f 100/1838/7 101/1844/7 102/1839/7
f 101/1844/25 100/1838/25 113/1837/25
f 101/1844/25 113/1837/25 112/1843/25
f 102/254/4 104/202/4 99/201/4
f 102/254/4 108/255/4 104/202/4
f 103/192/8 104/202/8 105/203/8
f 103/214/18 105/210/18 116/209/18
f 103/214/18 116/209/18 115/213/18
f 105/203/17 104/202/17 108/255/17
f 105/203/17 108/255/17 107/256/17
f 106/257/9 107/256/9 108/255/9
f 106/388/16 102/376/16 101/387/16
f 106/388/16 108/377/16 102/376/16
f 106/388/3 101/387/3 112/517/3
f 106/388/3 112/517/3 118/518/3
f 107/143/5 116/209/5 105/210/5
f 107/143/5 120/142/5 116/209/5
f 109/944/24 111/943/24 98/1055/24
f 109/944/24 98/1055/24 97/1056/24
f 109/960/10 110/974/10 111/975/10
f 11/54/5 20/113/5 9/114/5
f 11/54/5 24/53/5 20/113/5
f 111/975/23 110/974/23 114/1033/23
f 111/975/23 114/1033/23 113/1034/23
f 112/1038/11 113/1034/11 114/1033/11
f 112/517/22 114/532/22 119/533/22
f 112/517/22 119/533/22 118/518/22
f 113/1837/1 100/1838/1 98/1694/1
f 113/1837/1 98/1694/1 111/1693/1
f 115/213/12 116/209/12 117/208/12
f 115/945/21 110/936/21 109/944/21
f 115/945/21 117/937/21 110/936/21
f 115/945/26 109/944/26 97/1056/26
f 115/945/26 97/1056/26 103/1057/26
f 117/208/20 116/209/20 120/142/20
f 117/208/20 120/142/20 119/141/20
f 118/518/13 119/533/13 120/519/13
f 118/518/19 107/389/19 106/388/19
f 118/518/19 120/519/19 107/389/19
f 119/1032/2 110/974/2 117/973/2
f 119/1032/2 114/1033/2 110/974/2
f 121/1491/103 122/1504/103 123/1505/103
f 124/1548/104 125/1557/104 126/1549/104
f 124/1548/112 123/1505/112 122/1504/112
f 124/1548/112 126/1549/112 123/1505/112
f 125/363/122 124/371/122 137/372/122
f 125/363/122 137/372/122 136/364/122
f 126/1549/101 128/1506/101 123/1505/101
f 126/1549/101 132/1550/101 128/1506/101
f 127/119/111 121/118/111 123/124/111
f 127/119/111 123/124/111 128/125/111
f 127/553/105 128/563/105 129/564/105
f 129/564/114 128/563/114 132/591/114
f 129/564/114 132/591/114 131/592/114
f 13/848/24 15/847/24 2/949/24
f 13/848/24 2/949/24 1/950/24
f 13/938/10 14/947/10 15/948/10
f 130/1019/113 126/1008/113 125/1018/113
f 130/1019/113 132/1009/113 126/1008/113
f 130/1019/3 125/1018/3 136/1113/3
f 130/1019/3 136/1113/3 142/1114/3
f 130/603/106 131/592/106 132/591/106
f 131/592/102 140/565/102 129/564/102
f 131/592/102 144/593/102 140/565/102
f 133/25/121 122/117/121 121/118/121
f 133/25/121 135/24/121 122/117/121
f 133/418/107 134/417/107 135/416/107
f 135/416/120 134/417/120 138/373/120
f 135/416/120 138/373/120 137/372/120
f 136/1113/119 138/1116/119 143/1117/119
f 136/1113/119 143/1117/119 142/1114/119
f 136/364/108 137/372/108 138/373/108
f 137/372/99 122/415/99 135/416/99
f 137/372/99 124/371/99 122/415/99
f 139/1457/109 140/1463/109 141/1464/109
f 139/26/118 134/5/118 133/25/118
f 139/26/118 141/6/118 134/5/118
f 139/26/26 121/118/26 127/119/26
f 139/26/26 133/25/26 121/118/26
f 139/549/115 127/553/115 129/564/115
f 139/549/115 129/564/115 140/565/115
f 141/1464/117 140/1463/117 144/1518/117
f 141/1464/117 144/1518/117 143/1519/117
f 142/1114/116 131/1020/116 130/1019/116
f 142/1114/116 144/1115/116 131/1020/116
f 142/1521/110 143/1519/110 144/1518/110
f 143/1519/100 134/1465/100 141/1464/100
f 143/1519/100 138/1520/100 134/1465/100
f 15/948/23 14/947/23 18/993/23
f 15/948/23 18/993/23 17/994/23
f 16/806/22 18/809/22 23/810/22
f 16/806/22 23/810/22 22/807/22
f 16/999/11 17/994/11 18/993/11
f 17/1840/1 2/1714/1 15/1713/1
f 17/1840/1 4/1841/1 2/1714/1
f 19/115/12 20/113/12 21/112/12
f 19/849/21 14/843/21 13/848/21
f 19/849/21 21/844/21 14/843/21
f 19/849/26 1/950/26 7/951/26
f 19/849/26 13/848/26 1/950/26
f 21/112/20 20/113/20 24/53/20
f 21/112/20 24/53/20 23/52/20
f 217/831/14 219/845/14 224/846/14
f 217/831/14 224/846/14 223/832/14
f 217/831/195 218/830/195 219/845/195
f 22/807/13 23/810/13 24/808/13
f 22/807/19 11/718/19 10/717/19
f 22/807/19 24/808/19 11/718/19
f 220/2027/15 219/1961/15 218/1955/15
f 220/2027/15 222/2028/15 219/1961/15
f 220/2027/196 221/2042/196 222/2028/196
f 221/2042/25 220/2027/25 233/2026/25
f 221/2042/25 233/2026/25 232/2041/25
f 222/881/4 224/873/4 219/872/4
f 222/881/4 228/882/4 224/873/4
f 223/2040/18 225/2025/18 236/2024/18
f 223/2040/18 236/2024/18 235/2039/18
f 223/861/197 224/873/197 225/874/197
f 225/874/17 224/873/17 228/882/17
f 225/874/17 228/882/17 227/883/17
f 226/720/16 222/701/16 221/719/16
f 226/720/16 228/702/16 222/701/16
f 226/720/3 221/719/3 232/754/3
f 226/720/3 232/754/3 238/755/3
f 226/884/198 227/883/198 228/882/198
f 227/1953/5 236/2024/5 225/2025/5
f 227/1953/5 240/1952/5 236/2024/5
f 229/1570/199 230/1589/199 231/1590/199
f 229/781/24 218/830/24 217/831/24
f 229/781/24 231/780/24 218/830/24
f 23/992/2 14/947/2 21/946/2
f 23/992/2 18/993/2 14/947/2
f 231/1590/23 230/1589/23 234/1615/23
f 231/1590/23 234/1615/23 233/1616/23
f 232/1621/200 233/1616/200 234/1615/200
f 232/754/22 234/757/22 239/758/22
f 232/754/22 239/758/22 238/755/22
f 233/2026/1 218/1955/1 231/1954/1
f 233/2026/1 220/2027/1 218/1955/1
f 235/2039/201 236/2024/201 237/2023/201
f 235/782/21 230/778/21 229/781/21
f 235/782/21 237/779/21 230/778/21
f 235/782/26 217/831/26 223/832/26
f 235/782/26 229/781/26 217/831/26
f 237/2023/20 236/2024/20 240/1952/20
f 237/2023/20 240/1952/20 239/1960/20
f 238/755/19 227/721/19 226/720/19
f 238/755/19 240/756/19 227/721/19
f 238/755/202 239/758/202 240/756/202
f 239/1614/2 230/1589/2 237/1588/2
f 239/1614/2 234/1615/2 230/1589/2
f 25/1571/31 26/1587/31 27/1592/31
f 28/1669/32 29/1672/32 30/1670/32
f 28/1669/40 27/1592/40 26/1587/40
f 28/1669/40 30/1670/40 27/1592/40
f 29/1672/50 28/1669/50 41/1668/50
f 29/1672/50 41/1668/50 40/1671/50
f 30/1566/29 32/1524/29 27/1523/29
f 30/1566/29 36/1567/29 32/1524/29
f 31/1160/39 25/1159/39 27/1180/39
f 31/1160/39 27/1180/39 32/1181/39
f 31/1522/33 32/1524/33 33/1525/33
f 33/1525/42 32/1524/42 36/1567/42
f 33/1525/42 36/1567/42 35/1568/42
f 34/1075/3 29/1074/3 40/1147/3
f 34/1075/3 40/1147/3 46/1148/3
f 34/1075/41 30/1059/41 29/1074/41
f 34/1075/41 36/1060/41 30/1059/41
f 34/1583/34 35/1568/34 36/1567/34
f 35/981/30 44/1014/30 33/1016/30
f 35/981/30 48/980/30 44/1014/30
f 37/1092/49 26/1158/49 25/1159/49
f 37/1092/49 39/1091/49 26/1158/49
f 37/1497/35 38/1508/35 39/1509/35
f 39/1509/48 38/1508/48 42/1555/48
f 39/1509/48 42/1555/48 41/1556/48
f 4/1841/15 3/1715/15 2/1714/15
f 4/1841/15 6/1842/15 3/1715/15
f 4/1841/7 5/1854/7 6/1842/7
f 40/1147/47 42/1150/47 47/1151/47
f 40/1147/47 47/1151/47 46/1148/47
f 40/1559/36 41/1556/36 42/1555/36
f 41/1668/27 26/1587/27 39/1591/27
f 41/1668/27 28/1669/27 26/1587/27
f 43/1030/37 44/1014/37 45/1015/37
f 43/1030/43 31/1031/43 33/1016/43
f 43/1030/43 33/1016/43 44/1014/43
f 43/1093/26 25/1159/26 31/1160/26
f 43/1093/26 37/1092/26 25/1159/26
f 43/1093/46 38/1089/46 37/1092/46
f 43/1093/46 45/1090/46 38/1089/46
f 45/1015/45 44/1014/45 48/980/45
f 45/1015/45 48/980/45 47/979/45
f 46/1148/44 35/1076/44 34/1075/44
f 46/1148/44 48/1149/44 35/1076/44
f 46/965/38 47/979/38 48/980/38
f 47/1554/28 38/1508/28 45/1507/28
f 47/1554/28 42/1555/28 38/1508/28
f 5/1854/25 17/1840/25 16/1853/25
f 5/1854/25 4/1841/25 17/1840/25
f 6/606/4 12/607/4 8/558/4
f 6/606/4 8/558/4 3/557/4
f 7/116/18 20/113/18 19/115/18
f 7/116/18 9/114/18 20/113/18
f 7/544/8 8/558/8 9/559/8
f 9/559/17 12/607/17 11/608/17
f 9/559/17 8/558/17 12/607/17
f 97/1056/14 104/1073/14 103/1057/14
f 97/1056/14 99/1072/14 104/1073/14
f 97/1056/6 98/1055/6 99/1072/6
usemtl OpenWorld_stone_dressed
f 145/420/135 147/427/135 152/428/135
f 145/420/135 152/428/135 151/421/135
f 145/915/127 146/925/127 147/926/127
f 148/932/128 149/935/128 150/933/128
f 148/932/136 147/926/136 146/925/136
f 148/932/136 150/933/136 147/926/136
f 149/1956/146 148/1970/146 161/1971/146
f 149/1956/146 161/1971/146 160/1957/146
f 150/933/125 152/927/125 147/926/125
f 150/933/125 156/934/125 152/927/125
f 151/1981/129 152/1993/129 153/1996/129
f 151/1981/139 153/1996/139 164/1997/139
f 151/1981/139 164/1997/139 163/1982/139
f 153/1996/138 152/1993/138 156/2059/138
f 153/1996/138 156/2059/138 155/2060/138
f 154/2093/130 155/2060/130 156/2059/130
f 154/271/137 150/261/137 149/270/137
f 154/271/137 156/262/137 150/261/137
f 154/271/140 166/297/140 168/298/140
f 154/271/140 168/298/140 155/272/140
f 154/271/3 149/270/3 160/296/3
f 154/271/3 160/296/3 166/297/3
f 155/2060/126 164/1997/126 153/1996/126
f 155/2060/126 168/2061/126 164/1997/126
f 157/2029/131 158/2002/131 159/2006/131
f 157/369/145 146/419/145 145/420/145
f 157/369/145 159/368/145 146/419/145
f 159/2006/144 158/2002/144 162/1972/144
f 159/2006/144 162/1972/144 161/1971/144
f 160/1957/132 161/1971/132 162/1972/132
f 160/296/143 162/309/143 167/310/143
f 160/296/143 167/310/143 166/297/143
f 161/1971/123 146/2005/123 159/2006/123
f 161/1971/123 148/1970/123 146/2005/123
f 163/139/133 164/160/133 165/161/133
f 163/370/142 158/361/142 157/369/142
f 163/370/142 165/362/142 158/361/142
f 163/370/26 145/420/26 151/421/26
f 163/370/26 157/369/26 145/420/26
f 165/161/141 164/160/141 168/172/141
f 165/161/141 168/172/141 167/173/141
f 166/175/134 167/173/134 168/172/134
f 167/173/124 158/162/124 165/161/124
f 167/173/124 162/174/124 158/162/124
f 49/1036/507 51/1039/507 56/1040/507
f 49/1036/63 56/1040/63 55/1037/63
f 49/1660/55 50/1665/55 51/1666/55
f 52/1676/56 53/1690/56 54/1677/56
f 52/1676/64 51/1666/64 50/1665/64
f 52/1676/64 54/1677/64 51/1666/64
f 53/1985/74 52/2000/74 65/2001/74
f 53/1985/74 65/2001/74 64/1986/74
f 54/1677/53 56/1667/53 51/1666/53
f 54/1677/53 60/1678/53 56/1667/53
f 55/1983/57 56/1994/57 57/1998/57
f 55/1983/67 57/1998/67 68/1999/67
f 55/1983/67 68/1999/67 67/1984/67
f 57/1998/66 56/1994/66 60/2062/66
f 57/1998/66 60/2062/66 59/2063/66
f 58/2094/58 59/2063/58 60/2062/58
f 58/561/3 53/560/3 64/609/3
f 58/561/3 64/609/3 70/610/3
f 58/561/65 54/547/65 53/560/65
f 58/561/65 60/548/65 54/547/65
f 59/2063/54 68/1999/54 57/1998/54
f 59/2063/54 72/2064/54 68/1999/54
f 61/2095/59 62/2067/59 63/2066/59
f 61/977/73 50/1035/73 49/1036/73
f 61/977/73 63/976/73 50/1035/73
f 63/2066/72 62/2067/72 66/1995/72
f 63/2066/72 66/1995/72 65/2001/72
f 64/1986/60 65/2001/60 66/1995/60
f 64/609/71 66/613/71 71/614/71
f 64/609/71 71/614/71 70/610/71
f 65/2001/51 50/2065/51 63/2066/51
f 65/2001/51 52/2000/51 50/2065/51
f 67/440/61 68/450/61 69/451/61
f 67/978/26 49/1036/26 55/1037/26
f 67/978/26 61/977/26 49/1036/26
f 67/978/508 69/964/508 62/963/508
f 67/978/70 62/963/70 61/977/70
f 69/451/69 68/450/69 72/461/69
f 69/451/69 72/461/69 71/462/69
f 70/468/62 71/462/62 72/461/62
f 70/610/68 59/562/68 58/561/68
f 70/610/68 72/611/68 59/562/68
f 71/462/52 62/452/52 69/451/52
f 71/462/52 66/463/52 62/452/52
usemtl OpenWorld_moss
f 169/1911/151 170/1921/151 171/1922/151
f 170/1921/160 172/1937/160 174/1938/160
f 170/1921/160 174/1938/160 171/1922/160
f 172/1937/152 173/1947/152 174/1938/152
f 173/763/170 172/766/170 185/767/170
f 173/763/170 185/767/170 184/764/170
f 174/1918/149 176/1897/149 171/1896/149
f 174/1918/149 180/1919/149 176/1897/149
f 175/1893/153 176/1897/153 177/1898/153
f 175/918/159 169/870/159 171/868/159
f 175/918/159 171/868/159 176/916/159
f 175/918/26 181/871/26 169/870/26
f 175/918/26 187/919/26 181/871/26
f 177/1898/162 176/1897/162 180/1919/162
f 177/1898/162 180/1919/162 179/1920/162
f 178/1924/154 179/1920/154 180/1919/154
f 178/713/161 174/762/161 173/763/161
f 178/713/161 180/712/161 174/762/161
f 178/713/3 173/763/3 184/764/3
f 178/713/3 184/764/3 190/714/3
f 179/793/150 188/788/150 177/787/150
f 179/793/150 192/794/150 188/788/150
f 181/1757/155 182/1763/155 183/1764/155
f 181/871/169 170/862/169 169/870/169
f 181/871/169 183/863/169 170/862/169
f 183/1764/168 186/1782/168 185/1783/168
f 183/1764/510 182/1763/510 186/1782/510
f 184/1789/156 185/1783/156 186/1782/156
f 184/764/167 186/765/167 191/715/167
f 184/764/167 191/715/167 190/714/167
f 185/1939/147 170/1921/147 183/1923/147
f 185/1939/147 172/1937/147 170/1921/147
f 187/783/157 188/788/157 189/789/157
f 187/919/163 175/918/163 177/923/163
f 187/919/163 177/923/163 188/924/163
f 187/919/166 182/869/166 181/871/166
f 187/919/166 189/917/166 182/869/166
f 189/789/165 192/794/165 191/795/165
f 189/789/509 188/788/509 192/794/509
f 190/714/164 179/703/164 178/713/164
f 190/714/164 192/704/164 179/703/164
f 190/802/158 191/795/158 192/794/158
f 191/1781/148 182/1763/148 189/1762/148
f 191/1781/148 186/1782/148 182/1763/148
f 193/2161/183 195/2168/183 200/2169/183
f 193/2161/183 200/2169/183 199/2162/183
f 193/618/175 194/643/175 195/644/175
f 196/645/176 197/677/176 198/646/176
f 196/645/184 195/644/184 194/643/184
f 196/645/184 198/646/184 195/644/184
f 197/1051/194 196/1058/194 209/1052/194
f 197/1051/194 209/1052/194 208/1049/194
f 198/646/173 200/650/173 195/644/173
f 198/646/173 204/678/173 200/650/173
f 199/1010/177 200/1011/177 201/1013/177
f 199/1010/187 201/1013/187 212/1025/187
f 199/1010/187 212/1025/187 211/1012/187
f 201/1013/186 200/1011/186 204/1017/186
f 201/1013/186 204/1017/186 203/1021/186
f 202/1026/178 203/1021/178 204/1017/178
f 202/268/185 198/263/185 197/267/185
f 202/268/185 204/264/185 198/263/185
f 203/1021/174 212/1025/174 201/1013/174
f 203/1021/174 216/1027/174 212/1025/174
f 205/1065/179 206/1053/179 207/1054/179
f 205/1963/193 194/2160/193 193/2161/193
f 205/1963/193 207/1962/193 194/2160/193
f 207/1054/192 206/1053/192 210/1050/192
f 207/1054/192 210/1050/192 209/1052/192
f 208/1049/180 209/1052/180 210/1050/180
f 208/286/191 210/289/191 215/290/191
f 208/286/191 215/290/191 214/287/191
f 209/1052/171 194/1064/171 207/1054/171
f 209/1052/171 196/1058/171 194/1064/171
f 211/1964/190 206/1942/190 205/1963/190
f 211/1964/190 213/1943/190 206/1942/190
f 211/1964/26 193/2161/26 199/2162/26
f 211/1964/26 205/1963/26 193/2161/26
f 211/521/181 212/498/181 213/499/181
f 213/499/189 212/498/189 216/496/189
f 213/499/189 216/496/189 215/497/189
f 214/287/188 203/269/188 202/268/188
f 214/287/188 216/288/188 203/269/188
f 214/287/3 197/267/3 208/286/3
f 214/287/3 202/268/3 197/267/3
f 214/481/182 215/497/182 216/496/182
f 215/497/172 206/520/172 213/499/172
f 215/497/172 210/500/172 206/520/172
f 73/11/79 74/21/79 75/22/79
f 73/1535/87 75/1536/87 80/1473/87
f 73/1535/87 80/1473/87 79/1472/87
f 76/31/80 77/40/80 78/32/80
f 76/31/88 75/22/88 74/21/88
f 76/31/88 78/32/88 75/22/88
f 77/1084/98 76/1082/98 89/1081/98
f 77/1084/98 89/1081/98 88/1083/98
f 78/32/77 80/23/77 75/22/77
f 78/32/77 84/33/77 80/23/77
f 79/1472/26 85/1534/26 73/1535/26
f 79/1472/26 91/1471/26 85/1534/26
f 79/1472/91 81/1459/91 92/1458/91
f 79/1472/91 92/1458/91 91/1471/91
f 79/1851/81 80/1856/81 81/1857/81
f 81/1857/90 80/1856/90 84/1872/90
f 81/1857/90 84/1872/90 83/1873/90
f 82/1134/3 77/1084/3 88/1083/3
f 82/1134/3 88/1083/3 94/1133/3
f 82/1134/89 78/1086/89 77/1084/89
f 82/1134/89 84/1135/89 78/1086/89
f 82/1879/82 83/1873/82 84/1872/82
f 83/1873/78 92/1855/78 81/1857/78
f 83/1873/78 96/1867/78 92/1855/78
f 85/1534/97 74/1539/97 73/1535/97
f 85/1534/97 87/1538/97 74/1539/97
f 85/811/83 86/820/83 87/821/83
f 87/821/96 86/820/96 90/833/96
f 87/821/96 90/833/96 89/834/96
f 88/1083/95 90/1085/95 95/1132/95
f 88/1083/95 95/1132/95 94/1133/95
f 88/840/84 89/834/84 90/833/84
f 89/834/75 74/822/75 87/821/75
f 89/834/75 76/839/75 74/822/75
f 91/1471/94 86/1533/94 85/1534/94
f 91/1471/94 93/1470/94 86/1533/94
f 91/323/85 92/333/85 93/334/85
f 93/334/93 92/333/93 96/347/93
f 93/334/93 96/347/93 95/348/93
f 94/1133/92 83/1139/92 82/1134/92
f 94/1133/92 96/1138/92 83/1139/92
f 94/351/86 95/348/86 96/347/86
f 95/348/76 86/335/76 93/334/76
f 95/348/76 90/349/76 86/335/76
usemtl OpenWorld_pine
f 1000/402/22 1002/401/22 1007/405/22
f 1000/402/22 1007/405/22 1006/406/22
f 1000/741/208 1001/747/208 1002/742/208
f 1001/799/1 986/790/1 999/791/1
f 1001/799/1 988/800/1 986/790/1
f 1003/479/21 1005/480/21 998/476/21
f 1003/479/21 998/476/21 997/475/21
f 1003/479/26 985/474/26 991/478/26
f 1003/479/26 997/475/26 985/474/26
f 1003/729/506 1004/723/506 1005/722/506
f 1005/722/20 1004/723/20 1008/696/20
f 1005/722/20 1008/696/20 1007/707/20
f 1006/406/19 1008/412/19 995/413/19
f 1006/406/19 995/413/19 994/407/19
f 1006/406/210 1007/405/210 1008/412/210
f 1007/736/2 1002/742/2 998/743/2
f 1007/736/2 998/743/2 1005/737/2
f 1009/574/14 1011/572/14 1016/576/14
f 1009/574/14 1016/576/14 1015/577/14
f 1009/574/504 1010/570/504 1011/572/504
f 1012/889/15 1011/887/15 1010/886/15
f 1012/889/15 1014/890/15 1011/887/15
f 1012/889/204 1013/894/204 1014/890/204
f 1013/894/25 1012/889/25 1025/888/25
f 1013/894/25 1025/888/25 1024/893/25
f 1014/891/4 1016/897/4 1011/892/4
f 1014/891/4 1020/896/4 1016/897/4
f 1015/898/503 1016/897/503 1017/900/503
f 1015/913/18 1017/911/18 1028/910/18
f 1015/913/18 1028/910/18 1027/912/18
f 1017/900/17 1016/897/17 1020/896/17
f 1017/900/17 1020/896/17 1019/899/17
f 1018/675/16 1014/642/16 1013/641/16
f 1018/675/16 1020/676/16 1014/642/16
f 1018/675/3 1013/641/3 1024/640/3
f 1018/675/3 1024/640/3 1030/674/3
f 1018/895/206 1019/899/206 1020/896/206
f 1019/907/5 1028/910/5 1017/911/5
f 1019/907/5 1032/906/5 1028/910/5
f 1021/575/24 1010/570/24 1009/574/24
f 1021/575/24 1023/571/24 1010/570/24
f 1021/878/505 1022/877/505 1023/880/505
f 1023/880/23 1022/877/23 1026/876/23
f 1023/880/23 1026/876/23 1025/879/23
f 1024/640/22 1026/639/22 1031/673/22
f 1024/640/22 1031/673/22 1030/674/22
f 1024/875/208 1025/879/208 1026/876/208
f 1025/888/1 1010/886/1 1023/885/1
f 1025/888/1 1012/889/1 1010/886/1
f 1027/578/21 1022/573/21 1021/575/21
f 1027/578/21 1029/579/21 1022/573/21
f 1027/578/26 1009/574/26 1015/577/26
f 1027/578/26 1021/575/26 1009/574/26
f 1027/912/506 1028/910/506 1029/909/506
f 1029/909/20 1028/910/20 1032/906/20
f 1029/909/20 1032/906/20 1031/908/20
f 1030/674/19 1019/695/19 1018/675/19
f 1030/674/19 1032/694/19 1019/695/19
f 1030/674/210 1031/673/210 1032/694/210
f 1031/864/2 1022/877/2 1029/865/2
f 1031/864/2 1026/876/2 1022/877/2
f 241/1663/14 243/1661/14 248/1686/14
f 241/1663/14 248/1686/14 247/1687/14
f 241/1663/203 242/1658/203 243/1661/203
f 244/1308/15 243/1318/15 242/1309/15
f 244/1308/15 246/1317/15 243/1318/15
f 244/1308/204 245/1307/204 246/1317/204
f 245/1307/25 244/1308/25 257/1296/25
f 245/1307/25 257/1296/25 256/1298/25
f 246/1894/4 248/1934/4 243/1895/4
f 246/1894/4 252/1933/4 248/1934/4
f 247/1170/18 249/1167/18 260/1197/18
f 247/1170/18 260/1197/18 259/1198/18
f 247/1936/205 248/1934/205 249/1946/205
f 249/1946/17 248/1934/17 252/1933/17
f 249/1946/17 252/1933/17 251/1945/17
f 250/1935/206 251/1945/206 252/1933/206
f 250/955/16 246/942/16 245/941/16
f 250/955/16 252/957/16 246/942/16
f 250/955/3 245/941/3 256/940/3
f 250/955/3 256/940/3 262/954/3
f 251/1166/5 260/1197/5 249/1167/5
f 251/1166/5 264/1196/5 260/1197/5
f 253/1664/24 242/1658/24 241/1663/24
f 253/1664/24 255/1659/24 242/1658/24
f 253/1932/207 254/1931/207 255/1941/207
f 255/1941/23 254/1931/23 258/1930/23
f 255/1941/23 258/1930/23 257/1940/23
f 256/1929/208 257/1940/208 258/1930/208
f 256/940/22 258/939/22 263/956/22
f 256/940/22 263/956/22 262/954/22
f 257/1296/1 242/1309/1 255/1297/1
f 257/1296/1 244/1308/1 242/1309/1
f 259/1198/209 260/1197/209 261/1200/209
f 259/1688/21 254/1662/21 253/1664/21
f 259/1688/21 261/1689/21 254/1662/21
f 259/1688/26 241/1663/26 247/1687/26
f 259/1688/26 253/1664/26 241/1663/26
f 261/1200/20 260/1197/20 264/1196/20
f 261/1200/20 264/1196/20 263/1199/20
f 262/954/19 251/959/19 250/955/19
f 262/954/19 264/958/19 251/959/19
f 262/954/210 263/956/210 264/958/210
f 263/1891/2 254/1931/2 261/1892/2
f 263/1891/2 258/1930/2 254/1931/2
f 265/989/14 267/988/14 272/995/14
f 265/989/14 272/995/14 271/996/14
f 265/989/203 266/982/203 267/988/203
f 268/1377/15 267/1381/15 266/1378/15
f 268/1377/15 270/1380/15 267/1381/15
f 268/1377/204 269/1379/204 270/1380/204
f 269/1379/25 268/1377/25 281/1344/25
f 269/1379/25 281/1344/25 280/1343/25
f 270/1905/4 272/1949/4 267/1906/4
f 270/1905/4 276/1948/4 272/1949/4
f 271/1232/18 273/1231/18 284/1256/18
f 271/1232/18 284/1256/18 283/1257/18
f 271/1951/205 272/1949/205 273/1969/205
f 273/1969/17 272/1949/17 276/1948/17
f 273/1969/17 276/1948/17 275/1968/17
f 274/1950/206 275/1968/206 276/1948/206
f 274/2151/16 270/2055/16 269/2054/16
f 274/2151/16 276/2152/16 270/2055/16
f 274/2151/3 269/2054/3 280/2053/3
f 274/2151/3 280/2053/3 286/2150/3
f 275/1230/5 284/1256/5 273/1231/5
f 275/1230/5 288/1255/5 284/1256/5
f 277/467/207 278/465/207 279/470/207
f 277/990/24 266/982/24 265/989/24
f 277/990/24 279/983/24 266/982/24
f 279/470/23 278/465/23 282/464/23
f 279/470/23 282/464/23 281/469/23
f 280/2053/22 282/2052/22 287/2149/22
f 280/2053/22 287/2149/22 286/2150/22
f 280/466/208 281/469/208 282/464/208
f 281/1344/1 266/1378/1 279/1345/1
f 281/1344/1 268/1377/1 266/1378/1
f 283/1257/209 284/1256/209 285/1259/209
f 283/997/21 278/991/21 277/990/21
f 283/997/21 285/998/21 278/991/21
f 283/997/26 265/989/26 271/996/26
f 283/997/26 277/990/26 265/989/26
f 285/1259/20 284/1256/20 288/1255/20
f 285/1259/20 288/1255/20 287/1258/20
f 286/2150/19 275/2166/19 274/2151/19
f 286/2150/19 288/2165/19 275/2166/19
f 286/2150/210 287/2149/210 288/2165/210
f 287/441/2 278/465/2 285/442/2
f 287/441/2 282/464/2 278/465/2
f 289/345/214 290/344/214 291/350/214
f 289/42/222 291/38/222 296/37/222
f 289/42/222 296/37/222 295/41/222
f 291/38/4 294/19/4 300/18/4
f 291/38/4 300/18/4 296/37/4
f 292/1875/215 293/1874/215 294/1880/215
f 292/20/223 291/38/223 290/39/223
f 292/20/223 294/19/223 291/38/223
f 293/1874/233 292/1875/233 305/1859/233
f 293/1874/233 305/1859/233 304/1858/233
f 295/150/216 296/140/216 297/148/216
f 295/150/226 297/148/226 308/166/226
f 295/150/226 308/166/226 307/168/226
f 298/1452/212 293/1451/212 304/1474/212
f 298/1452/212 304/1474/212 310/1475/212
f 298/1452/217 299/1453/217 300/1449/217
f 298/9/224 294/19/224 293/10/224
f 298/9/224 300/18/224 294/19/224
f 299/149/213 308/166/213 297/148/213
f 299/149/213 312/167/213 308/166/213
f 299/17/225 296/37/225 300/18/225
f 299/17/225 297/36/225 296/37/225
f 301/331/218 302/322/218 303/330/218
f 301/331/232 290/344/232 289/345/232
f 301/331/232 303/330/232 290/344/232
f 304/1722/230 306/1719/230 311/1718/230
f 304/1722/230 311/1718/230 310/1721/230
f 304/1858/219 305/1859/219 306/1852/219
f 305/1720/231 302/1681/231 306/1719/231
f 305/1720/231 303/1682/231 302/1681/231
f 305/1859/211 290/1876/211 303/1860/211
f 305/1859/211 292/1875/211 290/1876/211
f 307/1673/229 302/1681/229 301/1674/229
f 307/1673/229 309/1680/229 302/1681/229
f 307/168/220 308/166/220 309/171/220
f 307/332/234 289/345/234 295/346/234
f 307/332/234 301/331/234 289/345/234
f 309/1680/228 308/1679/228 312/1717/228
f 309/1680/228 312/1717/228 311/1718/228
f 310/1475/221 311/1480/221 312/1476/221
f 310/1475/227 299/1453/227 298/1452/227
f 310/1475/227 312/1476/227 299/1453/227
f 311/1718/2 302/1681/2 309/1680/2
f 311/1718/2 306/1719/2 302/1681/2
f 313/70/14 315/64/14 320/81/14
f 313/70/14 320/81/14 319/82/14
f 313/70/235 314/59/235 315/64/235
f 316/216/15 315/191/15 314/190/15
f 316/216/15 318/217/15 315/191/15
f 316/216/236 317/219/236 318/217/236
f 317/219/25 316/216/25 329/215/25
f 317/219/25 329/215/25 328/218/25
f 318/1142/4 320/1154/4 315/1143/4
f 318/1142/4 324/1153/4 320/1154/4
f 319/1155/237 320/1154/237 321/1157/237
f 319/360/18 321/358/18 332/357/18
f 319/360/18 332/357/18 331/359/18
f 321/1157/17 320/1154/17 324/1153/17
f 321/1157/17 324/1153/17 323/1156/17
f 322/1152/238 323/1156/238 324/1153/238
f 322/45/16 318/4/16 317/3/16
f 322/45/16 324/46/16 318/4/16
f 322/45/3 317/3/3 328/2/3
f 322/45/3 328/2/3 334/44/3
f 323/315/5 332/357/5 321/358/5
f 323/315/5 336/314/5 332/357/5
f 325/1104/239 326/1102/239 327/1107/239
f 325/71/24 314/59/24 313/70/24
f 325/71/24 327/60/24 314/59/24
f 327/1107/23 326/1102/23 330/1101/23
f 327/1107/23 330/1101/23 329/1106/23
f 328/1103/240 329/1106/240 330/1101/240
f 328/2/22 330/1/22 335/43/22
f 328/2/22 335/43/22 334/44/22
f 329/215/1 314/190/1 327/189/1
f 329/215/1 316/216/1 314/190/1
f 331/359/241 332/357/241 333/356/241
f 331/83/21 326/65/21 325/71/21
f 331/83/21 333/84/21 326/65/21
f 331/83/26 313/70/26 319/82/26
f 331/83/26 325/71/26 313/70/26
f 333/356/20 332/357/20 336/314/20
f 333/356/20 336/314/20 335/313/20
f 334/44/19 323/48/19 322/45/19
f 334/44/19 336/47/19 323/48/19
f 334/44/242 335/43/242 336/47/242
f 335/1087/2 326/1102/2 333/1088/2
f 335/1087/2 330/1101/2 326/1102/2
f 337/157/14 339/156/14 344/176/14
f 337/157/14 344/176/14 343/178/14
f 337/157/235 338/137/235 339/156/235
f 340/259/15 339/248/15 338/247/15
f 340/259/15 342/260/15 339/248/15
f 340/259/236 341/266/236 342/260/236
f 341/266/25 340/259/25 353/258/25
f 341/266/25 353/258/25 352/265/25
f 342/1249/4 344/1266/4 339/1250/4
f 342/1249/4 348/1265/4 344/1266/4
f 343/1268/237 344/1266/237 345/1275/237
f 343/295/18 345/293/18 356/292/18
f 343/295/18 356/292/18 355/294/18
f 345/1275/17 344/1266/17 348/1265/17
f 345/1275/17 348/1265/17 347/1274/17
f 346/122/16 342/109/16 341/107/16
f 346/122/16 348/123/16 342/109/16
f 346/122/3 341/107/3 352/106/3
f 346/122/3 352/106/3 358/121/3
f 346/1267/238 347/1274/238 348/1265/238
f 347/285/5 356/292/5 345/293/5
f 347/285/5 360/284/5 356/292/5
f 349/1211/239 350/1209/239 351/1216/239
f 349/158/24 338/137/24 337/157/24
f 349/158/24 351/138/24 338/137/24
f 351/1216/23 350/1209/23 354/1208/23
f 351/1216/23 354/1208/23 353/1215/23
f 352/106/22 354/108/22 359/120/22
f 352/106/22 359/120/22 358/121/22
f 352/1210/240 353/1215/240 354/1208/240
f 353/258/1 338/247/1 351/246/1
f 353/258/1 340/259/1 338/247/1
f 355/179/21 350/159/21 349/158/21
f 355/179/21 357/177/21 350/159/21
f 355/179/26 337/157/26 343/178/26
f 355/179/26 349/158/26 337/157/26
f 355/294/241 356/292/241 357/291/241
f 357/291/20 356/292/20 360/284/20
f 357/291/20 360/284/20 359/283/20
f 358/121/19 347/127/19 346/122/19
f 358/121/19 360/126/19 347/127/19
f 358/121/242 359/120/242 360/126/242
f 359/1189/2 350/1209/2 357/1190/2
f 359/1189/2 354/1208/2 350/1209/2
f 361/146/255 363/154/255 368/155/255
f 361/146/255 368/155/255 367/147/255
f 361/2096/247 362/2102/247 363/2103/247
f 364/2126/248 365/2147/248 366/2127/248
f 364/2126/256 363/2103/256 362/2102/256
f 364/2126/511 366/2127/511 363/2103/511
f 366/1126/245 368/1121/245 363/1120/245
f 366/1126/245 372/1127/245 368/1121/245
f 367/1118/249 368/1121/249 369/1122/249
f 367/147/26 373/100/26 361/146/26
f 367/147/26 379/101/26 373/100/26
f 367/69/259 369/62/259 380/61/259
f 367/69/259 380/61/259 379/68/259
f 369/1122/258 372/1127/258 371/1128/258
f 369/1122/512 368/1121/512 372/1127/512
f 370/1136/250 371/1128/250 372/1127/250
f 370/1175/257 366/1163/257 365/1174/257
f 370/1175/257 372/1164/257 366/1163/257
f 370/1175/260 382/1247/260 384/1248/260
f 370/1175/260 384/1248/260 371/1176/260
f 370/1175/3 365/1174/3 376/1246/3
f 370/1175/3 376/1246/3 382/1247/3
f 371/58/246 380/61/246 369/62/246
f 371/58/246 384/57/246 380/61/246
f 373/100/265 362/145/265 361/146/265
f 373/100/265 375/99/265 362/145/265
f 373/320/251 374/325/251 375/326/251
f 375/326/264 378/337/264 377/338/264
f 375/326/514 374/325/514 378/337/514
f 376/1246/263 378/1253/263 383/1254/263
f 376/1246/263 383/1254/263 382/1247/263
f 376/2146/266 364/2126/266 377/2125/266
f 376/2146/266 365/2147/266 364/2126/266
f 376/342/252 377/338/252 378/337/252
f 377/2125/243 362/2102/243 375/2101/243
f 377/2125/243 364/2126/243 362/2102/243
f 379/101/262 374/95/262 373/100/262
f 379/101/262 381/96/262 374/95/262
f 379/68/253 380/61/253 381/63/253
f 381/63/261 384/57/261 383/56/261
f 381/63/513 380/61/513 384/57/513
f 382/55/254 383/56/254 384/57/254
f 383/336/244 374/325/244 381/324/244
f 383/336/244 378/337/244 374/325/244
f 385/1348/279 387/1359/279 392/1360/279
f 385/1348/279 392/1360/279 391/1349/279
f 385/2190/271 386/2200/271 387/2201/271
f 388/2229/272 389/2252/272 390/2230/272
f 388/2229/280 387/2201/280 386/2200/280
f 388/2229/280 390/2230/280 387/2201/280
f 389/775/281 394/776/281 396/774/281
f 389/775/281 396/774/281 390/773/281
f 390/1599/269 392/1585/269 387/1584/269
f 390/1599/269 396/1600/269 392/1585/269
f 391/1574/273 392/1585/273 393/1586/273
f 391/2257/283 393/2234/283 404/2233/283
f 391/2257/283 404/2233/283 403/2256/283
f 393/1586/282 392/1585/282 396/1600/282
f 393/1586/282 396/1600/282 395/1601/282
f 394/1606/274 395/1601/274 396/1600/274
f 394/776/284 406/816/284 408/817/284
f 394/776/284 408/817/284 395/777/284
f 394/776/3 389/775/3 400/815/3
f 394/776/3 400/815/3 406/816/3
f 395/2203/270 404/2233/270 393/2234/270
f 395/2203/270 408/2202/270 404/2233/270
f 397/1289/289 386/1347/289 385/1348/289
f 397/1289/289 399/1288/289 386/1347/289
f 397/1569/275 398/1577/275 399/1578/275
f 399/1578/288 398/1577/288 402/1597/288
f 399/1578/288 402/1597/288 401/1598/288
f 400/1605/276 401/1598/276 402/1597/276
f 400/2251/290 388/2229/290 401/2228/290
f 400/2251/290 389/2252/290 388/2229/290
f 400/815/287 402/823/287 407/824/287
f 400/815/287 407/824/287 406/816/287
f 401/2228/267 386/2200/267 399/2199/267
f 401/2228/267 388/2229/267 386/2200/267
f 403/1290/26 385/1348/26 391/1349/26
f 403/1290/26 397/1289/26 385/1348/26
f 403/1290/286 398/1281/286 397/1289/286
f 403/1290/286 405/1282/286 398/1281/286
f 403/2256/277 404/2233/277 405/2232/277
f 405/2232/285 404/2233/285 408/2202/285
f 405/2232/285 408/2202/285 407/2204/285
f 406/2191/278 407/2204/278 408/2202/278
f 407/1596/268 398/1577/268 405/1576/268
f 407/1596/268 402/1597/268 398/1577/268
f 409/1094/295 410/1095/295 411/1096/295
f 409/300/303 411/305/303 416/306/303
f 409/300/303 416/306/303 415/301/303
f 412/1098/296 413/1105/296 414/1099/296
f 412/1098/304 411/1096/304 410/1095/304
f 412/1098/304 414/1099/304 411/1096/304
f 414/1099/293 416/1097/293 411/1096/293
f 414/1099/293 420/1100/293 416/1097/293
f 415/2017/297 416/2036/297 417/2037/297
f 415/2017/307 417/2037/307 428/2038/307
f 415/2017/307 428/2038/307 427/2018/307
f 417/2037/306 416/2036/306 420/2071/306
f 417/2037/306 420/2071/306 419/2075/306
f 418/1213/3 413/1212/3 424/1285/3
f 418/1213/3 424/1285/3 430/1286/3
f 418/1213/305 414/1206/305 413/1212/305
f 418/1213/305 420/1207/305 414/1206/305
f 418/2092/298 419/2075/298 420/2071/298
f 419/2075/294 428/2038/294 417/2037/294
f 419/2075/294 432/2072/294 428/2038/294
f 421/2116/299 422/2100/299 423/2099/299
f 421/278/313 410/299/313 409/300/313
f 421/278/313 423/277/313 410/299/313
f 423/2099/312 422/2100/312 426/2074/312
f 423/2099/312 426/2074/312 425/2076/312
f 424/1285/311 426/1294/311 431/1295/311
f 424/1285/311 431/1295/311 430/1286/311
f 424/2044/300 425/2076/300 426/2074/300
f 424/2044/314 412/2073/314 425/2076/314
f 424/2044/314 413/2043/314 412/2073/314
f 425/2076/291 410/2098/291 423/2099/291
f 425/2076/291 412/2073/291 410/2098/291
f 427/1119/301 428/1123/301 429/1124/301
f 427/279/26 409/300/26 415/301/26
f 427/279/26 421/278/26 409/300/26
f 427/279/310 422/273/310 421/278/310
f 427/279/310 429/274/310 422/273/310
f 429/1124/309 428/1123/309 432/1129/309
f 429/1124/309 432/1129/309 431/1130/309
f 430/1137/302 431/1130/302 432/1129/302
f 430/1286/308 419/1214/308 418/1213/308
f 430/1286/308 432/1287/308 419/1214/308
f 431/1130/292 422/1125/292 429/1124/292
f 431/1130/292 426/1131/292 422/1125/292
f 433/1422/327 435/1434/327 440/1435/327
f 433/1422/327 440/1435/327 439/1423/327
f 433/2193/319 434/2215/319 435/2216/319
f 436/2243/320 437/2261/320 438/2244/320
f 436/2243/328 435/2216/328 434/2215/328
f 436/2243/515 438/2244/515 435/2216/515
f 438/1530/317 440/1528/317 435/1527/317
f 438/1530/317 444/1531/317 440/1528/317
f 439/1526/321 440/1528/321 441/1529/321
f 439/2263/331 441/2247/331 452/2246/331
f 439/2263/331 452/2246/331 451/2262/331
f 441/1529/330 444/1531/330 443/1532/330
f 441/1529/516 440/1528/516 444/1531/516
f 442/1328/3 437/1327/3 448/1386/3
f 442/1328/3 448/1386/3 454/1387/3
f 442/1328/329 438/1322/329 437/1327/329
f 442/1328/329 444/1323/329 438/1322/329
f 442/1328/332 454/1387/332 456/1388/332
f 442/1328/332 456/1388/332 443/1329/332
f 442/1537/322 443/1532/322 444/1531/322
f 443/2219/318 452/2246/318 441/2247/318
f 443/2219/318 456/2218/318 452/2246/318
f 445/1340/337 434/1421/337 433/1422/337
f 445/1340/337 447/1339/337 434/1421/337
f 445/1492/323 446/1499/323 447/1500/323
f 447/1500/336 450/1511/336 449/1512/336
f 447/1500/518 446/1499/518 450/1511/518
f 448/1386/335 450/1395/335 455/1396/335
f 448/1386/335 455/1396/335 454/1387/335
f 448/1513/324 449/1512/324 450/1511/324
f 448/2260/338 436/2243/338 449/2242/338
f 448/2260/338 437/2261/338 436/2243/338
f 449/2242/315 434/2215/315 447/2214/315
f 449/2242/315 436/2243/315 434/2215/315
f 451/1341/26 433/1422/26 439/1423/26
f 451/1341/26 445/1340/26 433/1422/26
f 451/1341/334 446/1337/334 445/1340/334
f 451/1341/334 453/1338/334 446/1337/334
f 451/2262/325 452/2246/325 453/2245/325
f 453/2245/333 456/2218/333 455/2217/333
f 453/2245/517 452/2246/517 456/2218/517
f 454/2194/326 455/2217/326 456/2218/326
f 455/1510/316 446/1499/316 453/1498/316
f 455/1510/316 450/1511/316 446/1499/316
f 457/1401/127 458/1404/127 459/1405/127
f 460/1411/343 461/1420/343 462/1412/343
f 460/1411/345 459/1405/345 458/1404/345
f 460/1411/345 462/1412/345 459/1405/345
f 461/2009/146 460/2030/146 473/2031/146
f 461/2009/146 473/2031/146 472/2010/146
f 462/1412/341 464/1406/341 459/1405/341
f 462/1412/341 468/1413/341 464/1406/341
f 463/1110/135 457/1109/135 459/1111/135
f 463/1110/135 459/1111/135 464/1112/135
f 463/2014/129 464/2033/129 465/2034/129
f 463/2014/139 465/2034/139 476/2035/139
f 463/2014/139 476/2035/139 475/2011/139
f 465/2034/346 464/2033/346 468/2056/346
f 465/2034/346 468/2056/346 467/2057/346
f 466/1237/137 462/1234/137 461/1236/137
f 466/1237/137 468/1235/137 462/1234/137
f 466/2085/130 467/2057/130 468/2056/130
f 467/2057/342 476/2035/342 465/2034/342
f 467/2057/342 480/2058/342 476/2035/342
f 469/1067/145 458/1108/145 457/1109/145
f 469/1067/145 471/1066/145 458/1108/145
f 469/2077/131 470/2049/131 471/2048/131
f 471/2048/348 470/2049/348 474/2032/348
f 471/2048/348 474/2032/348 473/2031/348
f 472/1310/143 474/1315/143 479/1316/143
f 472/1310/143 479/1316/143 478/1311/143
f 472/2010/132 473/2031/132 474/2032/132
f 473/2031/339 458/2047/339 471/2048/339
f 473/2031/339 460/2030/339 458/2047/339
f 475/1068/142 470/1061/142 469/1067/142
f 475/1068/142 477/1062/142 470/1061/142
f 475/1068/26 457/1109/26 463/1110/26
f 475/1068/26 469/1067/26 457/1109/26
f 475/1342/133 476/1353/133 477/1354/133
f 477/1354/347 476/1353/347 480/1363/347
f 477/1354/347 480/1363/347 479/1364/347
f 478/1311/140 467/1238/140 466/1237/140
f 478/1311/140 480/1312/140 467/1238/140
f 478/1311/3 461/1236/3 472/1310/3
f 478/1311/3 466/1237/3 461/1236/3
f 478/1369/344 479/1364/344 480/1363/344
f 479/1364/340 470/1355/340 477/1354/340
f 479/1364/340 474/1365/340 470/1355/340
f 481/180/353 482/182/353 483/183/353
f 484/185/354 485/188/354 486/186/354
f 484/185/362 483/183/362 482/182/362
f 484/185/362 486/186/362 483/183/362
f 485/188/372 484/185/372 497/184/372
f 485/188/372 497/184/372 496/187/372
f 486/1077/351 488/1070/351 483/1069/351
f 486/1077/351 492/1078/351 488/1070/351
f 487/1063/355 488/1070/355 489/1071/355
f 487/304/361 481/303/361 483/307/361
f 487/304/361 483/307/361 488/308/361
f 489/1071/364 488/1070/364 492/1078/364
f 489/1071/364 492/1078/364 491/1079/364
f 490/1080/356 491/1079/356 492/1078/356
f 490/383/3 485/382/3 496/422/3
f 490/383/3 496/422/3 502/423/3
f 490/383/363 486/378/363 485/382/363
f 490/383/363 492/379/363 486/378/363
f 491/2213/352 500/2237/352 489/2238/352
f 491/2213/352 504/2212/352 500/2237/352
f 493/1635/357 494/1644/357 495/1645/357
f 493/281/368 499/282/368 501/276/368
f 493/281/368 501/276/368 494/275/368
f 493/281/371 482/302/371 481/303/371
f 493/281/371 495/280/371 482/302/371
f 495/1645/370 494/1644/370 498/1653/370
f 495/1645/370 498/1653/370 497/1654/370
f 496/1657/358 497/1654/358 498/1653/358
f 496/422/369 498/425/369 503/426/369
f 496/422/369 503/426/369 502/423/369
f 497/184/349 482/182/349 495/181/349
f 497/184/349 484/185/349 482/182/349
f 499/2258/359 500/2237/359 501/2236/359
f 499/2258/365 487/2259/365 489/2238/365
f 499/2258/365 489/2238/365 500/2237/365
f 499/282/26 481/303/26 487/304/26
f 499/282/26 493/281/26 481/303/26
f 501/2236/367 500/2237/367 504/2212/367
f 501/2236/367 504/2212/367 503/2211/367
f 502/2192/360 503/2211/360 504/2212/360
f 502/423/366 491/384/366 490/383/366
f 502/423/366 504/424/366 491/384/366
f 503/1652/350 494/1644/350 501/1643/350
f 503/1652/350 498/1653/350 494/1644/350
f 505/1351/385 507/1361/385 512/1362/385
f 505/1351/385 512/1362/385 511/1352/385
f 505/2227/377 506/2240/377 507/2241/377
f 508/2267/378 509/2273/378 510/2268/378
f 508/2267/386 507/2241/386 506/2240/386
f 508/2267/386 510/2268/386 507/2241/386
f 509/2273/396 508/2267/396 521/2266/396
f 509/2273/396 521/2266/396 520/2272/396
f 510/1186/375 512/1178/375 507/1177/375
f 510/1186/375 516/1187/375 512/1178/375
f 511/1165/379 512/1178/379 513/1179/379
f 511/2265/389 513/2250/389 524/2249/389
f 511/2265/389 524/2249/389 523/2264/389
f 513/1179/388 512/1178/388 516/1187/388
f 513/1179/388 516/1187/388 515/1188/388
f 514/1191/380 515/1188/380 516/1187/380
f 514/968/3 509/967/3 520/1022/3
f 514/968/3 520/1022/3 526/1023/3
f 514/968/387 510/961/387 509/967/387
f 514/968/387 516/962/387 510/961/387
f 515/2222/376 524/2249/376 513/2250/376
f 515/2222/376 528/2221/376 524/2249/376
f 517/1217/381 518/1219/381 519/1220/381
f 517/1292/395 506/1350/395 505/1351/395
f 517/1292/395 519/1291/395 506/1350/395
f 519/1220/394 518/1219/394 522/1224/394
f 519/1220/394 522/1224/394 521/1225/394
f 520/1022/393 522/1028/393 527/1029/393
f 520/1022/393 527/1029/393 526/1023/393
f 520/1233/382 521/1225/382 522/1224/382
f 521/2266/373 506/2240/373 519/2239/373
f 521/2266/373 508/2267/373 506/2240/373
f 523/1293/26 505/1351/26 511/1352/26
f 523/1293/26 517/1292/26 505/1351/26
f 523/1293/392 518/1283/392 517/1292/392
f 523/1293/392 525/1284/392 518/1283/392
f 523/2264/383 524/2249/383 525/2248/383
f 525/2248/391 524/2249/391 528/2221/391
f 525/2248/391 528/2221/391 527/2220/391
f 526/1023/390 515/969/390 514/968/390
f 526/1023/390 528/1024/390 515/969/390
f 526/2195/384 527/2220/384 528/2221/384
f 527/1223/374 518/1219/374 525/1218/374
f 527/1223/374 522/1224/374 518/1219/374
f 529/750/409 531/752/409 536/753/409
f 529/750/409 536/753/409 535/751/409
f 529/85/401 530/87/401 531/88/401
f 532/93/402 533/98/402 534/94/402
f 532/93/410 531/88/410 530/87/410
f 532/93/410 534/94/410 531/88/410
f 533/98/420 532/93/420 545/92/420
f 533/98/420 545/92/420 544/97/420
f 534/928/399 536/921/399 531/920/399
f 534/928/399 540/929/399 536/921/399
f 535/2197/413 537/2186/413 548/2185/413
f 535/2197/413 548/2185/413 547/2196/413
f 535/914/403 536/921/403 537/922/403
f 537/922/412 536/921/412 540/929/412
f 537/922/412 540/929/412 539/930/412
f 538/555/3 533/554/3 544/594/3
f 538/555/3 544/594/3 550/595/3
f 538/555/411 534/545/411 533/554/411
f 538/555/411 540/546/411 534/545/411
f 538/931/404 539/930/404 540/929/404
f 539/2171/400 548/2185/400 537/2186/400
f 539/2171/400 552/2170/400 548/2185/400
f 541/439/405 542/445/405 543/446/405
f 541/710/419 530/749/419 529/750/419
f 541/710/419 543/709/419 530/749/419
f 543/446/418 542/445/418 546/454/418
f 543/446/418 546/454/418 545/455/418
f 544/459/406 545/455/406 546/454/406
f 544/594/417 546/601/417 551/602/417
f 544/594/417 551/602/417 550/595/417
f 545/92/397 530/87/397 543/86/397
f 545/92/397 532/93/397 530/87/397
f 547/2196/407 548/2185/407 549/2184/407
f 547/711/26 529/750/26 535/751/26
f 547/711/26 541/710/26 529/750/26
f 547/711/416 542/699/416 541/710/416
f 547/711/416 549/700/416 542/699/416
f 549/2184/415 548/2185/415 552/2170/415
f 549/2184/415 552/2170/415 551/2172/415
f 550/2163/408 551/2172/408 552/2170/408
f 550/595/414 539/556/414 538/555/414
f 550/595/414 552/596/414 539/556/414
f 551/453/398 542/445/398 549/444/398
f 551/453/398 546/454/398 542/445/398
f 553/2177/425 554/2182/425 555/2183/425
f 553/250/431 555/252/431 560/253/431
f 553/250/431 560/253/431 559/251/431
f 553/250/441 565/199/441 567/198/441
f 553/250/441 567/198/441 554/249/441
f 556/2209/426 557/2226/426 558/2210/426
f 556/2209/432 555/2183/432 554/2182/432
f 556/2209/432 558/2210/432 555/2183/432
f 557/2226/442 556/2209/442 569/2208/442
f 557/2226/442 569/2208/442 568/2225/442
f 558/1551/423 560/1546/423 555/1545/423
f 558/1551/423 564/1552/423 560/1546/423
f 559/1540/273 560/1546/273 561/1547/273
f 561/1547/434 560/1546/434 564/1552/434
f 561/1547/434 564/1552/434 563/1553/434
f 562/1390/3 557/1389/3 568/1481/3
f 562/1390/3 568/1481/3 574/1482/3
f 562/1390/433 558/1382/433 557/1389/433
f 562/1390/433 564/1383/433 558/1382/433
f 562/1558/427 563/1553/427 564/1552/427
f 563/2180/424 572/2206/424 561/2207/424
f 563/2180/424 576/2179/424 572/2206/424
f 565/321/275 566/328/275 567/329/275
f 567/329/440 566/328/440 570/340/440
f 567/329/440 570/340/440 569/341/440
f 568/1481/439 570/1487/439 575/1488/439
f 568/1481/439 575/1488/439 574/1482/439
f 568/343/428 569/341/428 570/340/428
f 569/2208/421 554/2182/421 567/2181/421
f 569/2208/421 556/2209/421 554/2182/421
f 571/200/26 553/250/26 559/251/26
f 571/200/26 565/199/26 553/250/26
f 571/200/438 566/193/438 565/199/438
f 571/200/438 573/194/438 566/193/438
f 571/2223/429 572/2206/429 573/2205/429
f 571/2223/435 559/2224/435 561/2207/435
f 571/2223/435 561/2207/435 572/2206/435
f 573/2205/437 572/2206/437 576/2179/437
f 573/2205/437 576/2179/437 575/2178/437
f 574/1482/436 563/1391/436 562/1390/436
f 574/1482/436 576/1483/436 563/1391/436
f 574/2176/430 575/2178/430 576/2179/430
f 575/339/422 566/328/422 573/327/422
f 575/339/422 570/340/422 566/328/422
f 577/1244/361 579/1251/361 584/1252/361
f 577/1244/361 584/1252/361 583/1245/361
f 577/226/447 578/228/447 579/229/447
f 580/231/362 579/229/362 578/228/362
f 580/231/362 582/232/362 579/229/362
f 580/231/448 581/238/448 582/232/448
f 581/238/372 580/231/372 593/230/372
f 581/238/372 593/230/372 592/237/372
f 582/1649/445 584/1641/445 579/1640/445
f 582/1649/445 588/1650/445 584/1641/445
f 583/1630/449 584/1641/449 585/1642/449
f 583/170/365 585/165/365 596/164/365
f 583/170/365 596/164/365 595/169/365
f 585/1642/364 584/1641/364 588/1650/364
f 585/1642/364 588/1650/364 587/1651/364
f 586/1145/3 581/1144/3 592/1201/3
f 586/1145/3 592/1201/3 598/1202/3
f 586/1145/363 582/1140/363 581/1144/363
f 586/1145/363 588/1141/363 582/1140/363
f 586/1656/450 587/1651/450 588/1650/450
f 587/153/446 596/164/446 585/165/446
f 587/153/446 600/152/446 596/164/446
f 589/1172/371 578/1243/371 577/1244/371
f 589/1172/371 591/1171/371 578/1243/371
f 589/1626/451 590/1637/451 591/1638/451
f 591/1638/370 590/1637/370 594/1647/370
f 591/1638/370 594/1647/370 593/1648/370
f 592/1201/369 594/1204/369 599/1205/369
f 592/1201/369 599/1205/369 598/1202/369
f 592/1655/452 593/1648/452 594/1647/452
f 593/230/443 578/228/443 591/227/443
f 593/230/443 580/231/443 578/228/443
f 595/1173/26 577/1244/26 583/1245/26
f 595/1173/26 589/1172/26 577/1244/26
f 595/1173/368 590/1161/368 589/1172/368
f 595/1173/368 597/1162/368 590/1161/368
f 595/169/453 596/164/453 597/163/453
f 597/163/367 596/164/367 600/152/367
f 597/163/367 600/152/367 599/151/367
f 598/1202/366 587/1146/366 586/1145/366
f 598/1202/366 600/1203/366 587/1146/366
f 598/144/454 599/151/454 600/152/454
f 599/1646/444 590/1637/444 597/1636/444
f 599/1646/444 594/1647/444 590/1637/444
f 601/1622/459 602/1623/459 603/1624/459
f 601/902/477 613/853/477 615/852/477
f 601/902/477 615/852/477 602/901/477
f 604/1627/460 605/1639/460 606/1628/460
f 604/1627/468 603/1624/468 602/1623/468
f 604/1627/468 606/1628/468 603/1624/468
f 605/2050/478 604/2082/478 617/2083/478
f 605/2050/478 617/2083/478 616/2051/478
f 606/1628/457 608/1625/457 603/1624/457
f 606/1628/457 612/1629/457 608/1625/457
f 607/2070/461 608/2086/461 609/2087/461
f 607/903/467 601/902/467 603/904/467
f 607/903/467 603/904/467 608/905/467
f 609/2087/470 608/2086/470 612/2110/470
f 609/2087/470 612/2110/470 611/2111/470
f 610/15/3 605/14/3 616/76/3
f 610/15/3 616/76/3 622/77/3
f 610/15/469 606/7/469 605/14/469
f 610/15/469 612/8/469 606/7/469
f 610/2123/462 611/2111/462 612/2110/462
f 611/2111/458 620/2088/458 609/2087/458
f 611/2111/458 624/2112/458 620/2088/458
f 613/2122/463 614/2109/463 615/2108/463
f 615/2108/476 614/2109/476 618/2084/476
f 615/2108/476 618/2084/476 617/2083/476
f 616/2051/464 617/2083/464 618/2084/464
f 616/76/475 618/79/475 623/80/475
f 616/76/475 623/80/475 622/77/475
f 617/2083/455 602/2107/455 615/2108/455
f 617/2083/455 604/2082/455 602/2107/455
f 619/1575/465 620/1593/465 621/1594/465
f 619/2068/471 607/2070/471 609/2087/471
f 619/2068/471 609/2087/471 620/2088/471
f 619/854/26 601/902/26 607/903/26
f 619/854/26 613/853/26 601/902/26
f 619/854/474 614/850/474 613/853/474
f 619/854/474 621/851/474 614/850/474
f 621/1594/473 620/1593/473 624/1602/473
f 621/1594/473 624/1602/473 623/1603/473
f 622/1607/466 623/1603/466 624/1602/466
f 622/77/472 611/16/472 610/15/472
f 622/77/472 624/78/472 611/16/472
f 623/1603/456 614/1595/456 621/1594/456
f 623/1603/456 618/1604/456 614/1595/456
f 625/1313/483 626/1319/483 627/1320/483
f 628/1324/484 629/1330/484 630/1325/484
f 628/1324/492 627/1320/492 626/1319/492
f 628/1324/519 630/1325/519 627/1320/519
f 629/2231/502 628/2253/502 641/2254/502
f 629/2231/502 641/2254/502 640/2235/502
f 630/1325/481 632/1321/481 627/1320/481
f 630/1325/481 636/1326/481 632/1321/481
f 631/1314/491 625/1313/491 627/1320/491
f 631/1314/491 627/1320/491 632/1321/491
f 631/1486/26 637/1393/26 625/1485/26
f 631/1486/26 643/1394/26 637/1393/26
f 631/1758/485 632/1765/485 633/1766/485
f 631/1758/495 633/1766/495 644/1767/495
f 631/1758/495 644/1767/495 643/1759/495
f 633/1766/494 636/1768/494 635/1769/494
f 633/1766/520 632/1765/520 636/1768/520
f 634/1443/3 629/1442/3 640/1501/3
f 634/1443/3 640/1501/3 646/1502/3
f 634/1443/493 630/1440/493 629/1442/493
f 634/1443/493 636/1441/493 630/1440/493
f 634/1443/496 646/1502/496 648/1503/496
f 634/1443/496 648/1503/496 635/1444/496
f 634/1788/486 635/1769/486 636/1768/486
f 635/1769/482 644/1767/482 633/1766/482
f 635/1769/482 648/1770/482 644/1767/482
f 637/1393/498 643/1394/498 645/1385/498
f 637/1393/498 645/1385/498 638/1384/498
f 637/1393/501 626/1484/501 625/1485/501
f 637/1393/501 639/1392/501 626/1484/501
f 637/2274/487 638/2271/487 639/2270/487
f 639/2270/500 642/2255/500 641/2254/500
f 639/2270/522 638/2271/522 642/2255/522
f 640/1260/499 642/1262/499 647/1263/499
f 640/1260/499 647/1263/499 646/1261/499
f 640/2235/488 641/2254/488 642/2255/488
f 641/2254/479 626/2269/479 639/2270/479
f 641/2254/479 628/2253/479 626/2269/479
f 643/1276/489 644/1271/489 645/1270/489
f 645/1270/497 648/1264/497 647/1263/497
f 645/1270/521 644/1271/521 648/1264/521
f 646/1261/490 647/1263/490 648/1264/490
f 647/1263/480 638/1269/480 645/1270/480
f 647/1263/480 642/1262/480 638/1269/480
f 649/1409/14 651/1407/14 656/1430/14
f 649/1409/14 656/1430/14 655/1431/14
f 649/1409/195 650/1402/195 651/1407/195
f 652/235/15 651/245/15 650/236/15
f 652/235/15 654/244/15 651/245/15
f 652/235/196 653/241/196 654/244/196
f 653/241/25 652/235/25 665/224/25
f 653/241/25 665/224/25 664/223/25
f 654/89/4 656/104/4 651/90/4
f 654/89/4 660/103/4 656/104/4
f 655/105/503 656/104/503 657/111/503
f 655/1866/18 657/1864/18 668/1903/18
f 655/1866/18 668/1903/18 667/1904/18
f 657/111/17 656/104/17 660/103/17
f 657/111/17 660/103/17 659/110/17
f 658/102/16 654/89/16 653/91/16
f 658/102/16 660/103/16 654/89/16
f 658/102/206 659/110/206 660/103/206
f 658/551/3 653/550/3 664/566/3
f 658/551/3 664/566/3 670/567/3
f 659/1863/5 668/1903/5 657/1864/5
f 659/1863/5 672/1902/5 668/1903/5
f 661/1410/24 650/1402/24 649/1409/24
f 661/1410/24 663/1403/24 650/1402/24
f 661/73/239 662/67/239 663/75/239
f 663/75/23 662/67/23 666/66/23
f 663/75/23 666/66/23 665/74/23
f 664/72/22 666/66/22 671/50/22
f 664/72/22 671/50/22 670/49/22
f 664/72/240 665/74/240 666/66/240
f 665/224/1 650/236/1 663/225/1
f 665/224/1 652/235/1 650/236/1
f 667/1432/21 662/1408/21 661/1410/21
f 667/1432/21 669/1433/21 662/1408/21
f 667/1432/26 649/1409/26 655/1431/26
f 667/1432/26 661/1410/26 649/1409/26
f 667/1904/241 668/1903/241 669/1910/241
f 669/1910/20 668/1903/20 672/1902/20
f 669/1910/20 672/1902/20 671/1909/20
f 670/567/19 659/552/19 658/551/19
f 670/567/19 672/568/19 659/552/19
f 670/567/242 671/569/242 672/568/242
f 671/50/2 662/67/2 669/51/2
f 671/50/2 666/66/2 662/67/2
f 697/1974/14 699/1973/14 704/2003/14
f 697/1974/14 704/2003/14 703/2007/14
f 697/1974/235 698/1958/235 699/1973/235
f 700/1822/15 699/1834/15 698/1823/15
f 700/1822/15 702/1833/15 699/1834/15
f 700/1822/7 701/1825/7 702/1833/7
f 701/1825/25 700/1822/25 713/1801/25
f 701/1825/25 713/1801/25 712/1800/25
f 702/196/4 704/205/4 699/197/4
f 702/196/4 708/204/4 704/205/4
f 703/1887/18 705/1886/18 716/1913/18
f 703/1887/18 716/1913/18 715/1914/18
f 703/207/237 704/205/237 705/212/237
f 705/212/17 704/205/17 708/204/17
f 705/212/17 708/204/17 707/211/17
f 706/206/16 702/196/16 701/195/16
f 706/206/16 708/204/16 702/196/16
f 706/206/9 707/211/9 708/204/9
f 706/366/3 701/365/3 712/390/3
f 706/366/3 712/390/3 718/391/3
f 707/1885/5 716/1913/5 705/1886/5
f 707/1885/5 720/1912/5 716/1913/5
f 709/134/239 710/132/239 711/136/239
f 709/1975/24 698/1958/24 697/1974/24
f 709/1975/24 711/1959/24 698/1958/24
f 711/136/23 710/132/23 714/131/23
f 711/136/23 714/131/23 713/135/23
f 712/133/11 713/135/11 714/131/11
f 712/133/22 714/131/22 719/129/22
f 712/133/22 719/129/22 718/128/22
f 713/1801/1 698/1823/1 711/1802/1
f 713/1801/1 700/1822/1 698/1823/1
f 715/1914/241 716/1913/241 717/1926/241
f 715/2008/21 710/1976/21 709/1975/21
f 715/2008/21 717/2004/21 710/1976/21
f 715/2008/26 697/1974/26 703/2007/26
f 715/2008/26 709/1975/26 697/1974/26
f 717/1926/20 716/1913/20 720/1912/20
f 717/1926/20 720/1912/20 719/1925/20
f 718/391/13 719/393/13 720/392/13
f 718/391/19 707/367/19 706/366/19
f 718/391/19 720/392/19 707/367/19
f 719/129/2 710/132/2 717/130/2
f 719/129/2 714/131/2 710/132/2
f 745/1183/14 747/1182/14 752/1192/14
f 745/1183/14 752/1192/14 751/1193/14
f 745/1183/235 746/1168/235 747/1182/235
f 748/1827/15 747/1836/15 746/1828/15
f 748/1827/15 750/1835/15 747/1836/15
f 748/1827/236 749/1826/236 750/1835/236
f 749/1826/25 748/1827/25 761/1803/25
f 749/1826/25 761/1803/25 760/1805/25
f 750/1691/4 752/1725/4 747/1692/4
f 750/1691/4 756/1724/4 752/1725/4
f 751/1726/237 752/1725/237 753/1740/237
f 751/1890/18 753/1889/18 764/1916/18
f 751/1890/18 764/1916/18 763/1917/18
f 753/1740/17 752/1725/17 756/1724/17
f 753/1740/17 756/1724/17 755/1739/17
f 754/1723/16 750/1691/16 749/1695/16
f 754/1723/16 756/1724/16 750/1691/16
f 754/1723/238 755/1739/238 756/1724/238
f 754/581/3 749/580/3 760/583/3
f 754/581/3 760/583/3 766/584/3
f 755/1888/5 764/1916/5 753/1889/5
f 755/1888/5 768/1915/5 764/1916/5
f 757/1184/24 746/1168/24 745/1183/24
f 757/1184/24 759/1169/24 746/1168/24
f 757/240/199 758/234/199 759/243/199
f 759/243/23 758/234/23 762/233/23
f 759/243/23 762/233/23 761/242/23
f 760/239/200 761/242/200 762/233/200
f 760/239/22 762/233/22 767/221/22
f 760/239/22 767/221/22 766/220/22
f 761/1803/1 746/1828/1 759/1804/1
f 761/1803/1 748/1827/1 746/1828/1
f 763/1194/21 758/1185/21 757/1184/21
f 763/1194/21 765/1195/21 758/1185/21
f 763/1194/26 745/1183/26 751/1193/26
f 763/1194/26 757/1184/26 745/1183/26
f 763/1917/506 764/1916/506 765/1928/506
f 765/1928/20 764/1916/20 768/1915/20
f 765/1928/20 768/1915/20 767/1927/20
f 766/584/19 755/582/19 754/581/19
f 766/584/19 768/585/19 755/582/19
f 766/584/210 767/590/210 768/585/210
f 767/221/2 758/234/2 765/222/2
f 767/221/2 762/233/2 758/234/2
f 793/385/14 795/380/14 800/394/14
f 793/385/14 800/394/14 799/395/14
f 793/385/504 794/374/504 795/380/504
f 796/769/15 795/761/15 794/760/15
f 796/769/15 798/770/15 795/761/15
f 796/769/204 797/772/204 798/770/204
f 797/772/25 796/769/25 809/768/25
f 797/772/25 809/768/25 808/771/25
f 798/705/4 800/727/4 795/706/4
f 798/705/4 804/726/4 800/727/4
f 799/728/503 800/727/503 801/732/503
f 799/746/18 801/740/18 812/739/18
f 799/746/18 812/739/18 811/745/18
f 801/732/17 800/727/17 804/726/17
f 801/732/17 804/726/17 803/731/17
f 802/435/16 798/432/16 797/431/16
f 802/435/16 804/436/16 798/432/16
f 802/435/3 797/431/3 808/430/3
f 802/435/3 808/430/3 814/434/3
f 802/725/206 803/731/206 804/726/206
f 803/735/5 812/739/5 801/740/5
f 803/735/5 816/734/5 812/739/5
f 805/386/24 794/374/24 793/385/24
f 805/386/24 807/375/24 794/374/24
f 805/838/505 806/837/505 807/842/505
f 807/842/23 806/837/23 810/836/23
f 807/842/23 810/836/23 809/841/23
f 808/430/22 810/429/22 815/433/22
f 808/430/22 815/433/22 814/434/22
f 808/835/208 809/841/208 810/836/208
f 809/768/1 794/760/1 807/759/1
f 809/768/1 796/769/1 794/760/1
f 811/396/21 806/381/21 805/386/21
f 811/396/21 813/397/21 806/381/21
f 811/396/26 793/385/26 799/395/26
f 811/396/26 805/386/26 793/385/26
f 811/745/506 812/739/506 813/738/506
f 813/738/20 812/739/20 816/734/20
f 813/738/20 816/734/20 815/733/20
f 814/434/19 803/438/19 802/435/19
f 814/434/19 816/437/19 803/438/19
f 814/434/210 815/433/210 816/437/210
f 815/818/2 806/837/2 813/819/2
f 815/818/2 810/836/2 806/837/2
f 817/537/14 819/536/14 824/540/14
f 817/537/14 824/540/14 823/541/14
f 817/537/504 818/534/504 819/536/504
f 820/826/15 819/814/15 818/812/15
f 820/826/15 822/827/15 819/814/15
f 820/826/204 821/829/204 822/827/204
f 821/829/25 820/826/25 833/825/25
f 821/829/25 833/825/25 832/828/25
f 822/494/4 824/510/4 819/495/4
f 822/494/4 828/509/4 824/510/4
f 823/516/503 824/510/503 825/531/503
f 823/867/18 825/860/18 836/859/18
f 823/867/18 836/859/18 835/866/18
f 825/531/17 824/510/17 828/509/17
f 825/531/17 828/509/17 827/530/17
f 826/515/206 827/530/206 828/509/206
f 826/598/16 822/589/16 821/588/16
f 826/598/16 828/600/16 822/589/16
f 826/598/3 821/588/3 832/587/3
f 826/598/3 832/587/3 838/597/3
f 827/857/5 836/859/5 825/860/5
f 827/857/5 840/856/5 836/859/5
f 829/538/24 818/534/24 817/537/24
f 829/538/24 831/535/24 818/534/24
f 829/672/505 830/668/505 831/692/505
f 831/692/23 830/668/23 834/667/23
f 831/692/23 834/667/23 833/691/23
f 832/587/22 834/586/22 839/599/22
f 832/587/22 839/599/22 838/597/22
f 832/671/208 833/691/208 834/667/208
f 833/825/1 818/812/1 831/813/1
f 833/825/1 820/826/1 818/812/1
f 835/542/21 830/539/21 829/538/21
f 835/542/21 837/543/21 830/539/21
f 835/542/26 817/537/26 823/541/26
f 835/542/26 829/538/26 817/537/26
f 835/866/506 836/859/506 837/858/506
f 837/858/20 836/859/20 840/856/20
f 837/858/20 840/856/20 839/855/20
f 838/597/19 827/605/19 826/598/19
f 838/597/19 840/604/19 827/605/19
f 838/597/210 839/599/210 840/604/210
f 839/637/2 830/668/2 837/638/2
f 839/637/2 834/667/2 830/668/2
f 841/1227/14 843/1226/14 848/1239/14
f 841/1227/14 848/1239/14 847/1240/14
f 841/1227/504 842/1221/504 843/1226/504
f 844/1820/15 843/1832/15 842/1821/15
f 844/1820/15 846/1831/15 843/1832/15
f 844/1820/204 845/1824/204 846/1831/204
f 845/1824/25 844/1820/25 857/1798/25
f 845/1824/25 857/1798/25 856/1797/25
f 846/1702/4 848/1733/4 843/1703/4
f 846/1702/4 852/1732/4 848/1733/4
f 847/1734/197 848/1733/197 849/1744/197
f 847/1847/18 849/1846/18 860/1869/18
f 847/1847/18 860/1869/18 859/1877/18
f 849/1744/17 848/1733/17 852/1732/17
f 849/1744/17 852/1732/17 851/1743/17
f 850/1731/16 846/1702/16 845/1709/16
f 850/1731/16 852/1732/16 846/1702/16
f 850/1731/198 851/1743/198 852/1732/198
f 850/616/3 845/615/3 856/647/3
f 850/616/3 856/647/3 862/648/3
f 851/1845/5 860/1869/5 849/1846/5
f 851/1845/5 864/1868/5 860/1869/5
f 853/1228/24 842/1221/24 841/1227/24
f 853/1228/24 855/1222/24 842/1221/24
f 853/1730/239 854/1729/239 855/1742/239
f 855/1742/23 854/1729/23 858/1728/23
f 855/1742/23 858/1728/23 857/1741/23
f 856/1727/22 858/1728/22 863/1700/22
f 856/1727/22 863/1700/22 862/1708/22
f 856/1727/240 857/1741/240 858/1728/240
f 857/1798/1 842/1821/1 855/1799/1
f 857/1798/1 844/1820/1 842/1821/1
f 859/1241/21 854/1229/21 853/1228/21
f 859/1241/21 861/1242/21 854/1229/21
f 859/1241/26 841/1227/26 847/1240/26
f 859/1241/26 853/1228/26 841/1227/26
f 859/1877/241 860/1869/241 861/1882/241
f 861/1882/20 860/1869/20 864/1868/20
f 861/1882/20 864/1868/20 863/1881/20
f 862/648/19 851/617/19 850/616/19
f 862/648/19 864/649/19 851/617/19
f 862/648/242 863/693/242 864/649/242
f 863/1700/2 854/1729/2 861/1701/2
f 863/1700/2 858/1728/2 854/1729/2
f 889/2079/14 891/2078/14 896/2131/14
f 889/2079/14 896/2131/14 895/2132/14
f 889/2079/235 890/2045/235 891/2078/235
f 892/1811/15 891/1816/15 890/1812/15
f 892/1811/15 894/1815/15 891/1816/15
f 892/1811/7 893/1810/7 894/1815/7
f 893/1810/25 892/1811/25 905/1773/25
f 893/1810/25 905/1773/25 904/1776/25
f 894/1752/4 896/1778/4 891/1753/4
f 894/1752/4 900/1777/4 896/1778/4
f 895/1785/237 896/1778/237 897/1791/237
f 895/1850/18 897/1849/18 908/1871/18
f 895/1850/18 908/1871/18 907/1878/18
f 897/1791/17 896/1778/17 900/1777/17
f 897/1791/17 900/1777/17 899/1790/17
f 898/1784/16 894/1752/16 893/1751/16
f 898/1784/16 900/1777/16 894/1752/16
f 898/1784/9 899/1790/9 900/1777/9
f 898/399/3 893/398/3 904/409/3
f 898/399/3 904/409/3 910/410/3
f 899/1848/5 908/1871/5 897/1849/5
f 899/1848/5 912/1870/5 908/1871/5
f 901/1738/239 902/1736/239 903/1746/239
f 901/2080/24 890/2045/24 889/2079/24
f 901/2080/24 903/2046/24 890/2045/24
f 903/1746/23 902/1736/23 906/1735/23
f 903/1746/23 906/1735/23 905/1745/23
f 904/1737/11 905/1745/11 906/1735/11
f 904/1737/22 906/1735/22 911/1711/22
f 904/1737/22 911/1711/22 910/1710/22
f 905/1773/1 890/1812/1 903/1774/1
f 905/1773/1 892/1811/1 890/1812/1
f 907/1878/241 908/1871/241 909/1884/241
f 907/2133/21 902/2081/21 901/2080/21
f 907/2133/21 909/2134/21 902/2081/21
f 907/2133/26 889/2079/26 895/2132/26
f 907/2133/26 901/2080/26 889/2079/26
f 909/1884/20 908/1871/20 912/1870/20
f 909/1884/20 912/1870/20 911/1883/20
f 910/410/13 911/414/13 912/411/13
f 910/410/19 899/400/19 898/399/19
f 910/410/19 912/411/19 899/400/19
f 911/1711/2 902/1736/2 909/1712/2
f 911/1711/2 906/1735/2 902/1736/2
f 937/1278/14 939/1277/14 944/1299/14
f 937/1278/14 944/1299/14 943/1300/14
f 937/1278/235 938/1272/235 939/1277/235
f 940/1818/15 939/1830/15 938/1819/15
f 940/1818/15 942/1829/15 939/1830/15
f 940/1818/236 941/1817/236 942/1829/236
f 941/1817/25 940/1818/25 953/1794/25
f 941/1817/25 953/1794/25 952/1796/25
f 942/1771/4 944/1808/4 939/1772/4
f 942/1771/4 948/1807/4 944/1808/4
f 943/1809/237 944/1808/237 945/1814/237
f 943/1865/18 945/1862/18 956/1900/18
f 943/1865/18 956/1900/18 955/1901/18
f 945/1814/17 944/1808/17 948/1807/17
f 945/1814/17 948/1807/17 947/1813/17
f 946/1806/16 942/1771/16 941/1775/16
f 946/1806/16 948/1807/16 942/1771/16
f 946/1806/238 947/1813/238 948/1807/238
f 946/785/3 941/784/3 952/796/3
f 946/785/3 952/796/3 958/797/3
f 947/1861/5 956/1900/5 945/1862/5
f 947/1861/5 960/1899/5 956/1900/5
f 949/1279/24 938/1272/24 937/1278/24
f 949/1279/24 951/1273/24 938/1272/24
f 949/1787/505 950/1780/505 951/1793/505
f 951/1793/23 950/1780/23 954/1779/23
f 951/1793/23 954/1779/23 953/1792/23
f 952/1786/208 953/1792/208 954/1779/208
f 952/1786/22 954/1779/22 959/1755/22
f 952/1786/22 959/1755/22 958/1754/22
f 953/1794/1 938/1819/1 951/1795/1
f 953/1794/1 940/1818/1 938/1819/1
f 955/1301/21 950/1280/21 949/1279/21
f 955/1301/21 957/1302/21 950/1280/21
f 955/1301/26 937/1278/26 943/1300/26
f 955/1301/26 949/1279/26 937/1278/26
f 955/1901/201 956/1900/201 957/1908/201
f 957/1908/20 956/1900/20 960/1899/20
f 957/1908/20 960/1899/20 959/1907/20
f 958/797/19 947/786/19 946/785/19
f 958/797/19 960/798/19 947/786/19
f 958/797/202 959/805/202 960/798/202
f 959/1755/2 950/1780/2 957/1756/2
f 959/1755/2 954/1779/2 950/1780/2
f 985/474/14 987/473/14 992/477/14
f 985/474/14 992/477/14 991/478/14
f 985/474/504 986/471/504 987/473/504
f 988/800/15 987/792/15 986/790/15
f 988/800/15 990/801/15 987/792/15
f 988/800/204 989/804/204 990/801/204
f 989/804/25 1001/799/25 1000/803/25
f 989/804/25 988/800/25 1001/799/25
f 990/12/4 992/28/4 987/13/4
f 990/12/4 996/27/4 992/28/4
f 991/30/503 992/28/503 993/35/503
f 991/730/18 1004/723/18 1003/729/18
f 991/730/18 993/724/18 1004/723/18
f 993/35/17 992/28/17 996/27/17
f 993/35/17 996/27/17 995/34/17
f 994/29/206 995/34/206 996/27/206
f 994/407/16 990/404/16 989/403/16
f 994/407/16 996/408/16 990/404/16
f 994/407/3 1000/402/3 1006/406/3
f 994/407/3 989/403/3 1000/402/3
f 995/708/5 1004/723/5 993/724/5
f 995/708/5 1008/696/5 1004/723/5
f 997/475/24 986/471/24 985/474/24
f 997/475/24 999/472/24 986/471/24
f 997/744/505 998/743/505 999/748/505
f 999/748/23 1002/742/23 1001/747/23
f 999/748/23 998/743/23 1002/742/23
usemtl OpenWorld_clay
f 673/1611/14 675/1610/14 680/1631/14
f 673/1611/14 680/1631/14 679/1632/14
f 673/1611/504 674/1608/504 675/1610/504
f 676/664/15 675/633/15 674/632/15
f 676/664/15 678/669/15 675/633/15
f 676/664/204 677/688/204 678/669/204
f 677/688/25 676/664/25 689/663/25
f 677/688/25 689/663/25 688/687/25
f 678/1697/4 680/1684/4 675/1683/4
f 678/1697/4 684/1698/4 680/1684/4
f 679/1675/503 680/1684/503 681/1685/503
f 679/527/18 681/506/18 692/505/18
f 679/527/18 692/505/18 691/526/18
f 681/1685/17 680/1684/17 684/1698/17
f 681/1685/17 684/1698/17 683/1699/17
f 682/1562/16 678/1544/16 677/1543/16
f 682/1562/16 684/1563/16 678/1544/16
f 682/1562/3 677/1543/3 688/1542/3
f 682/1562/3 688/1542/3 694/1561/3
f 682/1716/206 683/1699/206 684/1698/206
f 683/490/5 692/505/5 681/506/5
f 683/490/5 696/489/5 692/505/5
f 685/1450/505 686/1455/505 687/1456/505
f 685/1612/24 674/1608/24 673/1611/24
f 685/1612/24 687/1609/24 674/1608/24
f 687/1456/23 686/1455/23 690/1461/23
f 687/1456/23 690/1461/23 689/1462/23
f 688/1477/208 689/1462/208 690/1461/208
f 688/1542/22 690/1541/22 695/1560/22
f 688/1542/22 695/1560/22 694/1561/22
f 689/663/1 674/632/1 687/631/1
f 689/663/1 676/664/1 674/632/1
f 691/1633/21 686/1613/21 685/1612/21
f 691/1633/21 693/1634/21 686/1613/21
f 691/1633/26 673/1611/26 679/1632/26
f 691/1633/26 685/1612/26 673/1611/26
f 691/526/506 692/505/506 693/513/506
f 693/513/20 692/505/20 696/489/20
f 693/513/20 696/489/20 695/488/20
f 694/1561/19 683/1565/19 682/1562/19
f 694/1561/19 696/1564/19 683/1565/19
f 694/1561/210 695/1560/210 696/1564/210
f 695/1460/2 686/1455/2 693/1454/2
f 695/1460/2 690/1461/2 686/1455/2
f 721/1374/14 723/1373/14 728/1397/14
f 721/1374/14 728/1397/14 727/1398/14
f 721/1374/203 722/1371/203 723/1373/203
f 724/502/15 723/484/15 722/483/15
f 724/502/15 726/511/15 723/484/15
f 724/502/7 725/523/7 726/511/7
f 725/523/25 724/502/25 737/501/25
f 725/523/25 737/501/25 736/522/25
f 726/2128/4 728/2105/4 723/2104/4
f 726/2128/4 732/2129/4 728/2105/4
f 727/2097/205 728/2105/205 729/2106/205
f 727/680/18 729/653/18 740/652/18
f 727/680/18 740/652/18 739/679/18
f 729/2106/17 728/2105/17 732/2129/17
f 729/2106/17 732/2129/17 731/2130/17
f 730/1333/16 726/1306/16 725/1305/16
f 730/1333/16 732/1334/16 726/1306/16
f 730/1333/3 725/1305/3 736/1304/3
f 730/1333/3 736/1304/3 742/1332/3
f 730/2148/9 731/2130/9 732/2129/9
f 731/620/5 740/652/5 729/653/5
f 731/620/5 744/619/5 740/652/5
f 733/1375/24 722/1371/24 721/1374/24
f 733/1375/24 735/1372/24 722/1371/24
f 733/2069/505 734/2090/505 735/2091/505
f 735/2091/23 734/2090/23 738/2114/23
f 735/2091/23 738/2114/23 737/2115/23
f 736/1304/22 738/1303/22 743/1331/22
f 736/1304/22 743/1331/22 742/1332/22
f 736/2124/200 737/2115/200 738/2114/200
f 737/501/1 722/483/1 735/482/1
f 737/501/1 724/502/1 722/483/1
f 739/1399/21 734/1376/21 733/1375/21
f 739/1399/21 741/1400/21 734/1376/21
f 739/1399/26 721/1374/26 727/1398/26
f 739/1399/26 733/1375/26 721/1374/26
f 739/679/506 740/652/506 741/651/506
f 741/651/20 740/652/20 744/619/20
f 741/651/20 744/619/20 743/627/20
f 742/1332/19 731/1336/19 730/1333/19
f 742/1332/19 744/1335/19 731/1336/19
f 742/1332/202 743/1331/202 744/1335/202
f 743/2113/2 734/2090/2 741/2089/2
f 743/2113/2 738/2114/2 734/2090/2
f 769/1990/14 771/1989/14 776/2117/14
f 769/1990/14 776/2117/14 775/2118/14
f 769/1990/504 770/1987/504 771/1989/504
f 772/1425/15 771/1416/15 770/1415/15
f 772/1425/15 774/1426/15 771/1416/15
f 772/1425/204 773/1437/204 774/1426/204
f 773/1437/25 772/1425/25 785/1424/25
f 773/1437/25 785/1424/25 784/1436/25
f 774/1045/4 776/1043/4 771/1042/4
f 774/1045/4 780/1046/4 776/1043/4
f 775/1041/503 776/1043/503 777/1044/503
f 775/684/18 777/659/18 788/658/18
f 775/684/18 788/658/18 787/683/18
f 777/1044/17 776/1043/17 780/1046/17
f 777/1044/17 780/1046/17 779/1047/17
f 778/1048/206 779/1047/206 780/1046/206
f 778/1749/16 774/1707/16 773/1706/16
f 778/1749/16 780/1750/16 774/1707/16
f 778/1749/3 773/1706/3 784/1705/3
f 778/1749/3 784/1705/3 790/1748/3
f 779/624/5 788/658/5 777/659/5
f 779/624/5 792/623/5 788/658/5
f 781/1944/505 782/1966/505 783/1967/505
f 781/1991/24 770/1987/24 769/1990/24
f 781/1991/24 783/1988/24 770/1987/24
f 783/1967/23 782/1966/23 786/1978/23
f 783/1967/23 786/1978/23 785/1979/23
f 784/1705/22 786/1704/22 791/1747/22
f 784/1705/22 791/1747/22 790/1748/22
f 784/1980/208 785/1979/208 786/1978/208
f 785/1424/1 770/1415/1 783/1414/1
f 785/1424/1 772/1425/1 770/1415/1
f 787/2119/21 782/1992/21 781/1991/21
f 787/2119/21 789/2120/21 782/1992/21
f 787/2119/26 769/1990/26 775/2118/26
f 787/2119/26 781/1991/26 769/1990/26
f 787/683/506 788/658/506 789/657/506
f 789/657/20 788/658/20 792/623/20
f 789/657/20 792/623/20 791/629/20
f 790/1748/19 779/1761/19 778/1749/19
f 790/1748/19 792/1760/19 779/1761/19
f 790/1748/210 791/1747/210 792/1760/210
f 791/1977/2 782/1966/2 789/1965/2
f 791/1977/2 786/1978/2 782/1966/2
f 865/318/14 867/316/14 872/352/14
f 865/318/14 872/352/14 871/353/14
f 865/318/504 866/311/504 867/316/504
f 868/508/15 867/493/15 866/492/15
f 868/508/15 870/514/15 867/493/15
f 868/508/204 869/529/204 870/514/204
f 869/529/25 868/508/25 881/507/25
f 869/529/25 881/507/25 880/528/25
f 870/2157/4 872/2136/4 867/2135/4
f 870/2157/4 876/2158/4 872/2136/4
f 871/2121/503 872/2136/503 873/2137/503
f 871/690/18 873/666/18 884/665/18
f 871/690/18 884/665/18 883/689/18
f 873/2137/17 872/2136/17 876/2158/17
f 873/2137/17 876/2158/17 875/2159/17
f 874/2140/16 870/2016/16 869/2013/16
f 874/2140/16 876/2141/16 870/2016/16
f 874/2140/3 869/2013/3 880/2012/3
f 874/2140/3 880/2012/3 886/2139/3
f 874/2167/206 875/2159/206 876/2158/206
f 875/636/5 884/665/5 873/666/5
f 875/636/5 888/635/5 884/665/5
f 877/1346/505 878/1357/505 879/1358/505
f 877/319/24 866/311/24 865/318/24
f 877/319/24 879/312/24 866/311/24
f 879/1358/23 878/1357/23 882/1367/23
f 879/1358/23 882/1367/23 881/1368/23
f 880/1370/208 881/1368/208 882/1367/208
f 880/2012/22 882/2015/22 887/2138/22
f 880/2012/22 887/2138/22 886/2139/22
f 881/507/1 866/492/1 879/491/1
f 881/507/1 868/508/1 866/492/1
f 883/354/21 878/317/21 877/319/21
f 883/354/21 885/355/21 878/317/21
f 883/354/26 865/318/26 871/353/26
f 883/354/26 877/319/26 865/318/26
f 883/689/506 884/665/506 885/670/506
f 885/670/20 884/665/20 888/635/20
f 885/670/20 888/635/20 887/634/20
f 886/2139/19 875/2154/19 874/2140/19
f 886/2139/19 888/2153/19 875/2154/19
f 886/2139/210 887/2138/210 888/2153/210
f 887/1366/2 878/1357/2 885/1356/2
f 887/1366/2 882/1367/2 878/1357/2
f 913/1495/14 915/1493/14 920/1514/14
f 913/1495/14 920/1514/14 919/1515/14
f 913/1495/203 914/1489/203 915/1493/203
f 916/504/15 915/487/15 914/486/15
f 916/504/15 918/512/15 915/487/15
f 916/504/7 917/525/7 918/512/7
f 917/525/25 916/504/25 929/503/25
f 917/525/25 929/503/25 928/524/25
f 918/2187/4 920/2174/4 915/2173/4
f 918/2187/4 924/2188/4 920/2174/4
f 919/2164/205 920/2174/205 921/2175/205
f 919/682/18 921/656/18 932/655/18
f 919/682/18 932/655/18 931/681/18
f 921/2175/17 920/2174/17 924/2188/17
f 921/2175/17 924/2188/17 923/2189/17
f 922/1467/16 918/1448/16 917/1447/16
f 922/1467/16 924/1469/16 918/1448/16
f 922/1467/3 917/1447/3 928/1446/3
f 922/1467/3 928/1446/3 934/1466/3
f 922/2198/9 923/2189/9 924/2188/9
f 923/622/5 932/655/5 921/656/5
f 923/622/5 936/621/5 932/655/5
f 925/1496/24 914/1489/24 913/1495/24
f 925/1496/24 927/1490/24 914/1489/24
f 925/443/505 926/448/505 927/449/505
f 927/449/23 926/448/23 930/457/23
f 927/449/23 930/457/23 929/458/23
f 928/1446/22 930/1445/22 935/1468/22
f 928/1446/22 935/1468/22 934/1466/22
f 928/460/200 929/458/200 930/457/200
f 929/503/1 914/486/1 927/485/1
f 929/503/1 916/504/1 914/486/1
f 931/1516/21 926/1494/21 925/1496/21
f 931/1516/21 933/1517/21 926/1494/21
f 931/1516/26 913/1495/26 919/1515/26
f 931/1516/26 925/1496/26 913/1495/26
f 931/681/506 932/655/506 933/654/506
f 933/654/20 932/655/20 936/621/20
f 933/654/20 936/621/20 935/628/20
f 934/1466/19 923/1479/19 922/1467/19
f 934/1466/19 936/1478/19 923/1479/19
f 934/1466/202 935/1468/202 936/1478/202
f 935/456/2 926/448/2 933/447/2
f 935/456/2 930/457/2 926/448/2
f 961/1581/14 963/1579/14 968/1617/14
f 961/1581/14 968/1617/14 967/1618/14
f 961/1581/504 962/1572/504 963/1579/504
f 964/661/15 963/630/15 962/626/15
f 964/661/15 966/662/15 963/630/15
f 964/661/204 965/686/204 966/662/204
f 965/686/25 964/661/25 977/660/25
f 965/686/25 977/660/25 976/685/25
f 966/1004/4 968/1002/4 963/1001/4
f 966/1004/4 972/1005/4 968/1002/4
f 967/1000/503 968/1002/503 969/1003/503
f 967/1439/18 969/1429/18 980/1428/18
f 967/1439/18 980/1428/18 979/1438/18
f 969/1003/17 968/1002/17 972/1005/17
f 969/1003/17 972/1005/17 971/1006/17
f 970/1007/206 971/1006/206 972/1005/206
f 970/2144/16 966/2022/16 965/2021/16
f 970/2144/16 972/2145/16 966/2022/16
f 970/2144/3 965/2021/3 976/2020/3
f 970/2144/3 976/2020/3 982/2143/3
f 971/1419/5 980/1428/5 969/1429/5
f 971/1419/5 984/1418/5 980/1428/5
f 973/1582/24 962/1572/24 961/1581/24
f 973/1582/24 975/1573/24 962/1572/24
f 973/966/505 974/971/505 975/972/505
f 975/972/23 974/971/23 978/985/23
f 975/972/23 978/985/23 977/986/23
f 976/2020/22 978/2019/22 983/2142/22
f 976/2020/22 983/2142/22 982/2143/22
f 976/987/208 977/986/208 978/985/208
f 977/660/1 962/626/1 975/625/1
f 977/660/1 964/661/1 962/626/1
f 979/1438/506 980/1428/506 981/1427/506
f 979/1619/21 974/1580/21 973/1582/21
f 979/1619/21 981/1620/21 974/1580/21
f 979/1619/26 961/1581/26 967/1618/26
f 979/1619/26 973/1582/26 961/1581/26
f 981/1427/20 980/1428/20 984/1418/20
f 981/1427/20 984/1418/20 983/1417/20
f 982/2143/19 971/2156/19 970/2144/19
f 982/2143/19 984/2155/19 971/2156/19
f 982/2143/210 983/2142/210 984/2155/210
f 983/984/2 974/971/2 981/970/2
f 983/984/2 978/985/2 974/971/2
