# Blender 4.0.2
# www.blender.org
mtllib ruined_arch.mtl
o ruined_arch
v 2.020000 0.000000 -0.570000
v 2.020000 0.030000 -0.600000
v 2.050000 0.030000 -0.570000
v 2.020000 0.320000 -0.600000
v 2.020000 0.350000 -0.570000
v 2.050000 0.320000 -0.570000
v 2.020000 0.000000 0.570000
v 2.050000 0.030000 0.570000
v 2.020000 0.030000 0.600000
v 2.020000 0.350000 0.570000
v 2.020000 0.320000 0.600000
v 2.050000 0.320000 0.570000
v 0.980000 0.000000 -0.570000
v 0.950000 0.030000 -0.570000
v 0.980000 0.030000 -0.600000
v 0.980000 0.350000 -0.570000
v 0.980000 0.320000 -0.600000
v 0.950000 0.320000 -0.570000
v 0.980000 0.000000 0.570000
v 0.980000 0.030000 0.600000
v 0.950000 0.030000 0.570000
v 0.980000 0.350000 0.570000
v 0.950000 0.320000 0.570000
v 0.980000 0.320000 0.600000
v 1.904445 0.360000 -0.435135
v 1.904602 0.390000 -0.465134
v 1.934445 0.390000 -0.434978
v 1.904602 0.973333 -0.465134
v 1.904445 1.003333 -0.435135
v 1.934445 0.973333 -0.434978
v 1.899746 0.360000 0.464853
v 1.929745 0.390000 0.465010
v 1.899589 0.390000 0.494853
v 1.899746 1.003333 0.464853
v 1.899589 0.973333 0.494853
v 1.929745 0.973333 0.465010
v 1.104456 0.360000 -0.439312
v 1.074457 0.390000 -0.439469
v 1.104613 0.390000 -0.469312
v 1.104456 1.003333 -0.439312
v 1.104613 0.973333 -0.469312
v 1.074457 0.973333 -0.439469
v 1.099756 0.360000 0.460676
v 1.099600 0.390000 0.490675
v 1.069757 0.390000 0.460519
v 1.099756 1.003333 0.460676
v 1.069757 0.973333 0.460519
v 1.099600 0.973333 0.490675
v 1.909771 1.023333 -0.455442
v 1.910016 1.053333 -0.485441
v 1.939770 1.053333 -0.455198
v 1.910016 1.636667 -0.485441
v 1.909771 1.666667 -0.455442
v 1.939770 1.636667 -0.455198
v 1.902441 1.023333 0.444528
v 1.932440 1.053333 0.444772
v 1.902197 1.053333 0.474527
v 1.902441 1.666667 0.444528
v 1.902197 1.636667 0.474527
v 1.932440 1.636667 0.444772
v 1.109798 1.023333 -0.461958
v 1.079799 1.053333 -0.462202
v 1.110042 1.053333 -0.491957
v 1.109798 1.666667 -0.461958
v 1.110042 1.636667 -0.491957
v 1.079799 1.636667 -0.462202
v 1.102468 1.023333 0.438012
v 1.102224 1.053333 0.468011
v 1.072469 1.053333 0.437768
v 1.102468 1.666667 0.438012
v 1.072469 1.636667 0.437768
v 1.102224 1.636667 0.468011
v 1.870875 1.686667 -0.464410
v 1.870075 1.716667 -0.494400
v 1.900864 1.716667 -0.465210
v 1.870075 2.300000 -0.494400
v 1.870875 2.330000 -0.464410
v 1.900864 2.300000 -0.465210
v 1.894854 1.686667 0.435270
v 1.924844 1.716667 0.434471
v 1.895653 1.716667 0.465259
v 1.894854 2.330000 0.435270
v 1.895653 2.300000 0.465259
v 1.924844 2.300000 0.434471
v 1.071159 1.686667 -0.443095
v 1.041169 1.716667 -0.442296
v 1.070359 1.716667 -0.473085
v 1.071159 2.330000 -0.443095
v 1.070359 2.300000 -0.473085
v 1.041169 2.300000 -0.442296
v 1.095138 1.686667 0.456585
v 1.095937 1.716667 0.486574
v 1.065149 1.716667 0.457384
v 1.095138 2.330000 0.456585
v 1.065149 2.300000 0.457384
v 1.095937 2.300000 0.486574
v 1.970000 2.340000 -0.510000
v 1.970000 2.370000 -0.540000
v 2.000000 2.370000 -0.510000
v 1.970000 2.470000 -0.540000
v 1.970000 2.500000 -0.510000
v 2.000000 2.470000 -0.510000
v 1.970000 2.340000 0.510000
v 2.000000 2.370000 0.510000
v 1.970000 2.370000 0.540000
v 1.970000 2.500000 0.510000
v 1.970000 2.470000 0.540000
v 2.000000 2.470000 0.510000
v 1.030000 2.340000 -0.510000
v 1.000000 2.370000 -0.510000
v 1.030000 2.370000 -0.540000
v 1.030000 2.500000 -0.510000
v 1.030000 2.470000 -0.540000
v 1.000000 2.470000 -0.510000
v 1.030000 2.340000 0.510000
v 1.030000 2.370000 0.540000
v 1.000000 2.370000 0.510000
v 1.030000 2.500000 0.510000
v 1.000000 2.470000 0.510000
v 1.030000 2.470000 0.540000
v 1.934582 0.340000 0.366254
v 1.935334 0.360000 0.346268
v 1.954568 0.360000 0.367006
v 1.935334 0.380000 0.346268
v 1.934582 0.400000 0.366254
v 1.954568 0.380000 0.367006
v 1.924810 0.340000 0.626070
v 1.944796 0.360000 0.626822
v 1.924058 0.360000 0.646056
v 1.924810 0.400000 0.626070
v 1.924058 0.380000 0.646056
v 1.944796 0.380000 0.626822
v 1.075190 0.340000 0.333930
v 1.055204 0.360000 0.333178
v 1.075942 0.360000 0.313944
v 1.075190 0.400000 0.333930
v 1.075942 0.380000 0.313944
v 1.055204 0.380000 0.333178
v 1.065418 0.340000 0.593746
v 1.064666 0.360000 0.613732
v 1.045432 0.360000 0.592994
v 1.065418 0.400000 0.593746
v 1.045432 0.380000 0.592994
v 1.064666 0.380000 0.613732
v -0.980000 0.000000 -0.570000
v -0.980000 0.030000 -0.600000
v -0.950000 0.030000 -0.570000
v -0.980000 0.320000 -0.600000
v -0.980000 0.350000 -0.570000
v -0.950000 0.320000 -0.570000
v -0.980000 0.000000 0.570000
v -0.950000 0.030000 0.570000
v -0.980000 0.030000 0.600000
v -0.980000 0.350000 0.570000
v -0.980000 0.320000 0.600000
v -0.950000 0.320000 0.570000
v -2.020000 0.000000 -0.570000
v -2.050000 0.030000 -0.570000
v -2.020000 0.030000 -0.600000
v -2.020000 0.350000 -0.570000
v -2.020000 0.320000 -0.600000
v -2.050000 0.320000 -0.570000
v -2.020000 0.000000 0.570000
v -2.020000 0.030000 0.600000
v -2.050000 0.030000 0.570000
v -2.020000 0.350000 0.570000
v -2.050000 0.320000 0.570000
v -2.020000 0.320000 0.600000
v -1.083661 0.360000 -0.409615
v -1.082692 0.390000 -0.439599
v -1.053677 0.390000 -0.408645
v -1.082692 0.973333 -0.439599
v -1.083661 1.003333 -0.409615
v -1.053677 0.973333 -0.408645
v -1.112753 0.360000 0.489915
v -1.082769 0.390000 0.490884
v -1.113723 0.390000 0.519899
v -1.112753 1.003333 0.489915
v -1.113723 0.973333 0.519899
v -1.082769 0.973333 0.490884
v -1.883243 0.360000 -0.435474
v -1.913228 0.390000 -0.436444
v -1.882274 0.390000 -0.465459
v -1.883243 1.003333 -0.435474
v -1.882274 0.973333 -0.465459
v -1.913228 0.973333 -0.436444
v -1.912335 0.360000 0.464055
v -1.913305 0.390000 0.494040
v -1.942319 0.390000 0.463086
v -1.912335 1.003333 0.464055
v -1.942319 0.973333 0.463086
v -1.913305 0.973333 0.494040
v -1.118949 1.023333 -0.445617
v -1.118993 1.053333 -0.475617
v -1.088949 1.053333 -0.445662
v -1.118993 1.636667 -0.475617
v -1.118949 1.666667 -0.445617
v -1.088949 1.636667 -0.445662
v -1.117614 1.023333 0.454382
v -1.087614 1.053333 0.454337
v -1.117569 1.053333 0.484381
v -1.117614 1.666667 0.454382
v -1.117569 1.636667 0.484381
v -1.087614 1.636667 0.454337
v -1.918948 1.023333 -0.444431
v -1.948948 1.053333 -0.444387
v -1.918993 1.053333 -0.474431
v -1.918948 1.666667 -0.444431
v -1.918993 1.636667 -0.474431
v -1.948948 1.636667 -0.444387
v -1.917613 1.023333 0.455568
v -1.917569 1.053333 0.485568
v -1.947613 1.053333 0.455613
v -1.917613 1.666667 0.455568
v -1.947613 1.636667 0.455613
v -1.917569 1.636667 0.485568
v -1.079633 1.686667 -0.405431
v -1.078362 1.716667 -0.435404
v -1.049660 1.716667 -0.404160
v -1.078362 2.300000 -0.435404
v -1.079633 2.330000 -0.405431
v -1.049660 2.300000 -0.404160
v -1.117768 1.686667 0.493761
v -1.087795 1.716667 0.495032
v -1.119039 1.716667 0.523734
v -1.117768 2.330000 0.493761
v -1.119039 2.300000 0.523734
v -1.087795 2.300000 0.495032
v -1.878915 1.686667 -0.439328
v -1.908888 1.716667 -0.440599
v -1.877643 1.716667 -0.469301
v -1.878915 2.330000 -0.439328
v -1.877643 2.300000 -0.469301
v -1.908888 2.300000 -0.440599
v -1.917049 1.686667 0.459863
v -1.918320 1.716667 0.489836
v -1.947022 1.716667 0.458592
v -1.917049 2.330000 0.459863
v -1.947022 2.300000 0.458592
v -1.918320 2.300000 0.489836
v -1.030000 2.340000 -0.510000
v -1.030000 2.370000 -0.540000
v -1.000000 2.370000 -0.510000
v -1.030000 2.470000 -0.540000
v -1.030000 2.500000 -0.510000
v -1.000000 2.470000 -0.510000
v -1.030000 2.340000 0.510000
v -1.000000 2.370000 0.510000
v -1.030000 2.370000 0.540000
v -1.030000 2.500000 0.510000
v -1.030000 2.470000 0.540000
v -1.000000 2.470000 0.510000
v -1.970000 2.340000 -0.510000
v -2.000000 2.370000 -0.510000
v -1.970000 2.370000 -0.540000
v -1.970000 2.500000 -0.510000
v -1.970000 2.470000 -0.540000
v -2.000000 2.470000 -0.510000
v -1.970000 2.340000 0.510000
v -1.970000 2.370000 0.540000
v -2.000000 2.370000 0.510000
v -1.970000 2.500000 0.510000
v -2.000000 2.470000 0.510000
v -1.970000 2.470000 0.540000
v -1.072366 0.340000 0.342416
v -1.072720 0.360000 0.322419
v -1.052369 0.360000 0.342063
v -1.072720 0.380000 0.322419
v -1.072366 0.400000 0.342416
v -1.052369 0.380000 0.342063
v -1.067768 0.340000 0.602376
v -1.047771 0.360000 0.602022
v -1.067415 0.360000 0.622372
v -1.067768 0.400000 0.602376
v -1.067415 0.380000 0.622372
v -1.047771 0.380000 0.602022
v -1.932232 0.340000 0.357624
v -1.952229 0.360000 0.357978
v -1.932585 0.360000 0.337628
v -1.932232 0.400000 0.357624
v -1.932585 0.380000 0.337628
v -1.952229 0.380000 0.357978
v -1.927634 0.340000 0.617584
v -1.927280 0.360000 0.637581
v -1.947631 0.360000 0.617937
v -1.927634 0.400000 0.617584
v -1.947631 0.380000 0.617937
v -1.927280 0.380000 0.637581
v -1.045084 2.531703 -0.420000
v -1.075419 2.532160 -0.450000
v -1.079998 2.502169 -0.420000
v -1.829851 2.503675 -0.420000
v -1.824471 2.533664 -0.450000
v -1.854937 2.533329 -0.420000
v -1.766171 3.067927 -0.420000
v -1.737448 3.057765 -0.450000
v -1.732848 3.087884 -0.420000
v -0.999250 2.807742 -0.420000
v -1.022745 2.846975 -0.420000
v -1.028104 2.817114 -0.450000
v -1.045084 2.531703 0.420000
v -1.079998 2.502169 0.420000
v -1.075419 2.532160 0.450000
v -1.854937 2.533329 0.420000
v -1.824471 2.533664 0.450000
v -1.829851 2.503675 0.420000
v -1.732848 3.087884 0.420000
v -1.737448 3.057765 0.450000
v -1.766171 3.067927 0.420000
v -0.999250 2.807742 0.420000
v -1.028104 2.817114 0.450000
v -1.022745 2.846975 0.420000
v -0.965835 2.900460 -0.420000
v -0.994034 2.911651 -0.450000
v -1.008957 2.885236 -0.420000
v -1.709692 3.152788 -0.420000
v -1.694021 3.178917 -0.450000
v -1.722623 3.189415 -0.420000
v -1.449910 3.657794 -0.420000
v -1.426661 3.638101 -0.450000
v -1.411673 3.664628 -0.420000
v -0.825038 3.142276 -0.420000
v -0.833084 3.187293 -0.420000
v -0.848690 3.161276 -0.450000
v -0.965835 2.900460 0.420000
v -1.008957 2.885236 0.420000
v -0.994034 2.911651 0.450000
v -1.722623 3.189415 0.420000
v -1.694021 3.178917 0.450000
v -1.709692 3.152788 0.420000
v -1.411673 3.664628 0.420000
v -1.426661 3.638101 0.450000
v -1.449910 3.657794 0.420000
v -0.825038 3.142276 0.420000
v -0.848690 3.161276 0.450000
v -0.833084 3.187293 0.420000
v -0.774633 3.202245 -0.420000
v -0.797419 3.222276 -0.450000
v -0.820364 3.202427 -0.420000
v -1.398488 3.697440 -0.420000
v -1.374935 3.716767 -0.450000
v -1.398333 3.736281 -0.420000
v -0.981126 4.087804 -0.420000
v -0.965864 4.061433 -0.450000
v -0.942821 4.081366 -0.420000
v -0.560645 3.382543 -0.420000
v -0.553066 3.427641 -0.420000
v -0.576520 3.408397 -0.450000
v -0.774633 3.202245 0.420000
v -0.820364 3.202427 0.420000
v -0.797419 3.222276 0.450000
v -1.398333 3.736281 0.420000
v -1.374935 3.716767 0.450000
v -1.398488 3.697440 0.420000
v -0.942821 4.081366 0.420000
v -0.965864 4.061433 0.450000
v -0.981126 4.087804 0.420000
v -0.560645 3.382543 0.420000
v -0.576520 3.408397 0.450000
v -0.553066 3.427641 0.420000
v -0.492664 3.422219 -0.420000
v -0.507366 3.448757 -0.450000
v -0.535658 3.437801 -0.420000
v -0.920098 4.110859 -0.420000
v -0.891409 4.121119 -0.450000
v -0.906863 4.147377 -0.420000
v -0.391345 4.339320 -0.420000
v -0.385863 4.309350 -0.450000
v -0.357450 4.320350 -0.420000
v -0.230432 3.519856 -0.420000
v -0.208098 3.559762 -0.420000
v -0.236665 3.549547 -0.450000
v -0.492664 3.422219 0.420000
v -0.535658 3.437801 0.420000
v -0.507366 3.448757 0.450000
v -0.906863 4.147377 0.420000
v -0.891409 4.121119 0.450000
v -0.920098 4.110859 0.420000
v -0.357450 4.320350 0.420000
v -0.385863 4.309350 0.450000
v -0.391345 4.339320 0.420000
v -0.230432 3.519856 0.420000
v -0.236665 3.549547 0.450000
v -0.208098 3.559762 0.420000
v -0.139909 3.536162 -0.470000
v -0.144428 3.566162 -0.500000
v -0.174764 3.565766 -0.470000
v -0.318782 4.444036 -0.470000
v -0.288316 4.443641 -0.500000
v -0.293637 4.473641 -0.470000
v 0.293637 4.473641 -0.470000
v 0.288316 4.443641 -0.500000
v 0.318782 4.444036 -0.470000
v 0.139909 3.536162 -0.470000
v 0.174764 3.565766 -0.470000
v 0.144428 3.566162 -0.500000
v -0.139909 3.536162 0.470000
v -0.174764 3.565766 0.470000
v -0.144428 3.566162 0.500000
v -0.293637 4.473641 0.470000
v -0.288316 4.443641 0.500000
v -0.318782 4.444036 0.470000
v 0.318782 4.444036 0.470000
v 0.288316 4.443641 0.500000
v 0.293637 4.473641 0.470000
v 0.139909 3.536162 0.470000
v 0.144428 3.566162 0.500000
v 0.174764 3.565766 0.470000
v 0.217146 3.522768 -0.420000
v 0.222992 3.552537 -0.450000
v 0.194295 3.562379 -0.420000
v 0.332279 4.316863 -0.420000
v 0.360833 4.306232 -0.450000
v 0.365924 4.336272 -0.420000
v 0.881422 4.151936 -0.420000
v 0.866311 4.125479 -0.450000
v 0.895131 4.115593 -0.420000
v 0.480625 3.428550 -0.420000
v 0.523413 3.444690 -0.420000
v 0.494981 3.455277 -0.450000
v 0.217146 3.522768 0.420000
v 0.194295 3.562379 0.420000
v 0.222992 3.552537 0.450000
v 0.365924 4.336272 0.420000
v 0.360833 4.306232 0.450000
v 0.332279 4.316863 0.420000
v 0.895131 4.115593 0.420000
v 0.866312 4.125479 0.450000
v 0.881422 4.151936 0.420000
v 0.480625 3.428550 0.420000
v 0.494981 3.455277 0.450000
v 0.523413 3.444690 0.420000
v 0.556287 3.385296 -0.420000
v 0.572034 3.411228 -0.450000
v 0.548486 3.430357 -0.420000
v 0.925187 4.069327 -0.420000
v 0.948329 4.049509 -0.450000
v 0.963460 4.075954 -0.420000
v 1.377587 3.730504 -0.420000
v 1.354285 3.710874 -0.450000
v 1.377933 3.691663 -0.420000
v 0.771162 3.206056 -0.420000
v 0.816891 3.206463 -0.420000
v 0.793849 3.226198 -0.450000
v 0.556287 3.385296 0.420000
v 0.548486 3.430357 0.420000
v 0.572034 3.411228 0.450000
v 0.963460 4.075954 0.420000
v 0.948329 4.049509 0.450000
v 0.925187 4.069327 0.420000
v 1.377933 3.691663 0.420000
v 1.354285 3.710874 0.450000
v 1.377587 3.730504 0.420000
v 0.771162 3.206056 0.420000
v 0.793849 3.226198 0.450000
v 0.816891 3.206463 0.420000
v 0.831443 3.133962 -0.420000
v 0.855285 3.152723 -0.450000
v 0.839941 3.178896 -0.420000
v 1.461048 3.680915 -0.420000
v 1.475769 3.654239 -0.450000
v 1.499214 3.673698 -0.420000
v 1.774981 3.188949 -0.420000
v 1.746275 3.178739 -0.450000
v 1.761683 3.152454 -0.420000
v 0.969806 2.890745 -0.420000
v 1.012773 2.875089 -0.420000
v 0.998116 2.901652 -0.450000
v 0.831443 3.133962 0.420000
v 0.839941 3.178896 0.420000
v 0.855285 3.152723 0.450000
v 1.499214 3.673698 0.420000
v 1.475769 3.654239 0.450000
v 1.461048 3.680915 0.420000
v 1.761683 3.152454 0.420000
v 1.746275 3.178739 0.450000
v 1.774981 3.188949 0.420000
v 0.969806 2.890745 0.420000
v 0.998116 2.901652 0.450000
v 1.012773 2.875089 0.420000
v 0.998839 2.809072 -0.420000
v 1.027681 2.818483 -0.450000
v 1.022282 2.848337 -0.420000
v 1.740565 3.093087 -0.420000
v 1.745205 3.062975 -0.450000
v 1.773915 3.073175 -0.420000
v 1.863872 2.535829 -0.420000
v 1.833406 2.536123 -0.450000
v 1.838826 2.506141 -0.420000
v 1.045041 2.533095 -0.420000
v 1.079994 2.503607 -0.420000
v 1.075375 2.533592 -0.450000
v 0.998839 2.809072 0.420000
v 1.022282 2.848337 0.420000
v 1.027681 2.818483 0.450000
v 1.773915 3.073175 0.420000
v 1.745205 3.062975 0.450000
v 1.740565 3.093087 0.420000
v 1.838826 2.506141 0.420000
v 1.833406 2.536123 0.450000
v 1.863872 2.535829 0.420000
v 1.045041 2.533095 0.420000
v 1.075375 2.533592 0.450000
v 1.079994 2.503607 0.420000
v 1.946581 3.550000 -0.375149
v 1.948014 3.580000 -0.405115
v 1.976546 3.580000 -0.373716
v 1.948014 4.020000 -0.405115
v 1.946581 4.050000 -0.375149
v 1.976546 4.020000 -0.373716
v 1.907413 3.550000 0.443915
v 1.937379 3.580000 0.445348
v 1.905980 3.580000 0.473881
v 1.907413 4.050000 0.443915
v 1.905980 4.020000 0.473881
v 1.937379 4.020000 0.445348
v 1.307311 3.550000 -0.405718
v 1.277345 3.580000 -0.407151
v 1.308744 3.580000 -0.435684
v 1.307311 4.050000 -0.405718
v 1.308744 4.020000 -0.435684
v 1.277345 4.020000 -0.407151
v 1.268144 3.550000 0.413346
v 1.266711 3.580000 0.443311
v 1.238178 3.580000 0.411913
v 1.268144 4.050000 0.413346
v 1.238178 4.020000 0.411913
v 1.266711 4.020000 0.443311
v 1.873805 4.050000 -0.412129
v 1.873105 4.080000 -0.442121
v 1.903797 4.080000 -0.412829
v 1.873105 4.520000 -0.442121
v 1.873805 4.550000 -0.412129
v 1.903797 4.520000 -0.412829
v 1.892000 4.050000 0.367658
v 1.921992 4.080000 0.366958
v 1.892700 4.080000 0.397650
v 1.892000 4.550000 0.367658
v 1.892700 4.520000 0.397650
v 1.921992 4.520000 0.366958
v 1.313957 4.050000 -0.399066
v 1.283966 4.080000 -0.398367
v 1.313258 4.080000 -0.429058
v 1.313957 4.550000 -0.399066
v 1.313258 4.520000 -0.429058
v 1.283966 4.520000 -0.398367
v 1.332152 4.050000 0.380721
v 1.332852 4.080000 0.410713
v 1.302161 4.080000 0.381421
v 1.332152 4.550000 0.380721
v 1.302161 4.520000 0.381421
v 1.332852 4.520000 0.410713
v 1.888827 4.550000 -0.367804
v 1.888487 4.580000 -0.397802
v 1.918825 4.580000 -0.368144
v 1.888487 4.970000 -0.397802
v 1.888827 5.000000 -0.367804
v 1.918825 4.970000 -0.368144
v 1.896990 4.550000 0.352150
v 1.926988 4.580000 0.351809
v 1.897330 4.580000 0.382148
v 1.896990 5.000000 0.352150
v 1.897330 4.970000 0.382148
v 1.926988 4.970000 0.351809
v 1.488853 4.550000 -0.363269
v 1.458854 4.580000 -0.362929
v 1.488512 4.580000 -0.393267
v 1.488853 5.000000 -0.363269
v 1.488512 4.970000 -0.393267
v 1.458854 4.970000 -0.362929
v 1.497015 4.550000 0.356685
v 1.497356 4.580000 0.386683
v 1.467017 4.580000 0.357025
v 1.497015 5.000000 0.356685
v 1.467017 4.970000 0.357025
v 1.497356 4.970000 0.386683
v 1.309863 4.000000 -0.399772
v 1.308938 4.030000 -0.429757
v 1.339849 4.030000 -0.400697
v 1.308938 4.370000 -0.429757
v 1.309863 4.400000 -0.399772
v 1.339849 4.370000 -0.400697
v 1.334548 4.000000 0.399847
v 1.364534 4.030000 0.398922
v 1.335474 4.030000 0.429833
v 1.334548 4.400000 0.399847
v 1.335474 4.370000 0.429833
v 1.364534 4.370000 0.398922
v 0.870073 4.000000 -0.386195
v 0.840087 4.030000 -0.385269
v 0.869147 4.030000 -0.416181
v 0.870073 4.400000 -0.386195
v 0.869147 4.370000 -0.416181
v 0.840087 4.370000 -0.385269
v 0.894758 4.000000 0.413424
v 0.895684 4.030000 0.443410
v 0.864772 4.030000 0.414350
v 0.894758 4.400000 0.413424
v 0.864772 4.370000 0.414350
v 0.895684 4.370000 0.443410
v -1.345221 3.470000 -0.396131
v -1.345771 3.500000 -0.426126
v -1.315226 3.500000 -0.396681
v -1.345771 3.900000 -0.426126
v -1.345221 3.930000 -0.396131
v -1.315226 3.900000 -0.396681
v -1.330554 3.470000 0.403735
v -1.300559 3.500000 0.403185
v -1.330004 3.500000 0.433730
v -1.330554 3.930000 0.403735
v -1.330004 3.900000 0.433730
v -1.300559 3.900000 0.403185
v -1.845137 3.470000 -0.386964
v -1.875131 3.500000 -0.386414
v -1.845687 3.500000 -0.416959
v -1.845137 3.930000 -0.386964
v -1.845687 3.900000 -0.416959
v -1.875131 3.900000 -0.386414
v -1.830470 3.470000 0.412901
v -1.829920 3.500000 0.442896
v -1.860465 3.500000 0.413451
v -1.830470 3.930000 0.412901
v -1.860465 3.900000 0.413451
v -1.829920 3.900000 0.442896
v 1.849886 4.940000 -0.236250
v 1.849172 4.960000 -0.256237
v 1.869873 4.960000 -0.236964
v 1.849172 4.970000 -0.256237
v 1.849886 4.990000 -0.236250
v 1.869873 4.970000 -0.236964
v 1.869884 4.940000 0.323393
v 1.889872 4.960000 0.322679
v 1.870599 4.960000 0.343381
v 1.869884 4.990000 0.323393
v 1.870599 4.970000 0.343381
v 1.889872 4.970000 0.322679
v 1.490115 4.940000 -0.223393
v 1.470128 4.960000 -0.222679
v 1.489401 4.960000 -0.243381
v 1.490115 4.990000 -0.223393
v 1.489401 4.970000 -0.243381
v 1.470128 4.970000 -0.222679
v 1.510114 4.940000 0.336250
v 1.510828 4.960000 0.356237
v 1.490127 4.960000 0.336964
v 1.510114 4.990000 0.336250
v 1.490127 4.970000 0.336964
v 1.510828 4.970000 0.356237
v -0.003926 4.345000 -0.342546
v -0.000982 4.365000 -0.362328
v 0.015856 4.365000 -0.339602
v -0.000982 4.375000 -0.362328
v -0.003926 4.395000 -0.342546
v 0.015856 4.375000 -0.339602
v -0.101085 4.345000 0.310263
v -0.081303 4.365000 0.313207
v -0.104030 4.365000 0.330045
v -0.101085 4.395000 0.310263
v -0.104030 4.375000 0.330045
v -0.081303 4.375000 0.313207
v -0.458915 4.345000 -0.410263
v -0.478697 4.365000 -0.413207
v -0.455970 4.365000 -0.430045
v -0.458915 4.395000 -0.410263
v -0.455970 4.375000 -0.430045
v -0.478697 4.375000 -0.413207
v -0.556074 4.345000 0.242546
v -0.559018 4.365000 0.262328
v -0.575856 4.365000 0.239602
v -0.556074 4.395000 0.242546
v -0.575856 4.375000 0.239602
v -0.559018 4.375000 0.262328
v -0.810000 0.000000 -0.050000
v -0.810000 0.030000 -0.080000
v -0.780000 0.030000 -0.050000
v -0.810000 2.970000 -0.080000
v -0.810000 3.000000 -0.050000
v -0.780000 2.970000 -0.050000
v -0.810000 0.000000 0.050000
v -0.780000 0.030000 0.050000
v -0.810000 0.030000 0.080000
v -0.810000 3.000000 0.050000
v -0.810000 2.970000 0.080000
v -0.780000 2.970000 0.050000
v -0.910000 0.000000 -0.050000
v -0.940000 0.030000 -0.050000
v -0.910000 0.030000 -0.080000
v -0.910000 3.000000 -0.050000
v -0.910000 2.970000 -0.080000
v -0.940000 2.970000 -0.050000
v -0.910000 0.000000 0.050000
v -0.910000 0.030000 0.080000
v -0.940000 0.030000 0.050000
v -0.910000 3.000000 0.050000
v -0.940000 2.970000 0.050000
v -0.910000 2.970000 0.080000
v -0.700000 3.000000 -0.230000
v -0.700000 3.020000 -0.250000
v -0.680000 3.020000 -0.230000
v -0.700000 3.080000 -0.250000
v -0.700000 3.100000 -0.230000
v -0.680000 3.080000 -0.230000
v -0.700000 3.000000 0.230000
v -0.680000 3.020000 0.230000
v -0.700000 3.020000 0.250000
v -0.700000 3.100000 0.230000
v -0.700000 3.080000 0.250000
v -0.680000 3.080000 0.230000
v -1.020000 3.000000 -0.230000
v -1.040000 3.020000 -0.230000
v -1.020000 3.020000 -0.250000
v -1.020000 3.100000 -0.230000
v -1.020000 3.080000 -0.250000
v -1.040000 3.080000 -0.230000
v -1.020000 3.000000 0.230000
v -1.020000 3.020000 0.250000
v -1.040000 3.020000 0.230000
v -1.020000 3.100000 0.230000
v -1.040000 3.080000 0.230000
v -1.020000 3.080000 0.250000
v -1.286826 0.246958 -0.040000
v -1.278692 0.265229 -0.060000
v -1.260421 0.257094 -0.040000
v -0.888225 1.142232 -0.060000
v -0.880090 1.160503 -0.040000
v -0.869954 1.134098 -0.040000
v -1.286826 0.246958 0.040000
v -1.260421 0.257094 0.040000
v -1.278692 0.265229 0.060000
v -0.880090 1.160503 0.040000
v -0.888225 1.142232 0.060000
v -0.869954 1.134098 0.040000
v -1.359910 0.279497 -0.040000
v -1.370046 0.305902 -0.040000
v -1.351775 0.297768 -0.060000
v -0.953174 1.193042 -0.040000
v -0.961308 1.174771 -0.060000
v -0.979579 1.182906 -0.040000
v -1.359910 0.279497 0.040000
v -1.351775 0.297768 0.060000
v -1.370046 0.305902 0.040000
v -0.953174 1.193042 0.040000
v -0.979579 1.182906 0.040000
v -0.961308 1.174771 0.060000
v 0.693459 0.000000 0.749426
v 0.679077 0.030000 0.723099
v 0.719787 0.030000 0.735044
v 0.679077 0.370000 0.723099
v 0.693459 0.400000 0.749426
v 0.719787 0.370000 0.735044
v 0.880435 0.000000 1.091684
v 0.906763 0.030000 1.077301
v 0.894818 0.030000 1.118011
v 0.880435 0.400000 1.091684
v 0.894818 0.370000 1.118011
v 0.906763 0.370000 1.077301
v 0.219565 0.000000 1.008316
v 0.193237 0.030000 1.022699
v 0.205182 0.030000 0.981989
v 0.219565 0.400000 1.008316
v 0.205182 0.370000 0.981989
v 0.193237 0.370000 1.022699
v 0.406541 0.000000 1.350573
v 0.420923 0.030000 1.376901
v 0.380213 0.030000 1.364956
v 0.406541 0.400000 1.350573
v 0.380213 0.370000 1.364956
v 0.420923 0.370000 1.376901
v -0.054192 0.000000 1.219356
v -0.042509 0.030000 1.191724
v -0.026560 0.030000 1.231039
v -0.042509 0.290000 1.191724
v -0.054192 0.320000 1.219356
v -0.026560 0.290000 1.231039
v -0.186594 0.000000 1.532517
v -0.158962 0.030000 1.544199
v -0.198277 0.030000 1.560149
v -0.186594 0.320000 1.532517
v -0.198277 0.290000 1.560149
v -0.158962 0.290000 1.544199
v -0.413406 0.000000 1.067483
v -0.441038 0.030000 1.055800
v -0.401723 0.030000 1.039851
v -0.413406 0.320000 1.067483
v -0.401723 0.290000 1.039851
v -0.441038 0.290000 1.055800
v -0.545808 0.000000 1.380644
v -0.557491 0.030000 1.408276
v -0.573440 0.030000 1.368961
v -0.545808 0.320000 1.380644
v -0.573440 0.290000 1.368961
v -0.557491 0.290000 1.408276
v -2.204245 0.000000 0.615778
v -2.227745 0.030000 0.597130
v -2.185596 0.030000 0.592278
v -2.227745 0.330000 0.597130
v -2.204245 0.360000 0.615778
v -2.185596 0.330000 0.592278
v -1.922247 0.000000 0.839558
v -1.903599 0.030000 0.816058
v -1.898747 0.030000 0.858206
v -1.922247 0.360000 0.839558
v -1.898747 0.330000 0.858206
v -1.903599 0.330000 0.816058
v -2.477753 0.000000 0.960442
v -2.496401 0.030000 0.983942
v -2.501253 0.030000 0.941794
v -2.477753 0.360000 0.960442
v -2.501253 0.330000 0.941794
v -2.496401 0.330000 0.983942
v -2.195755 0.000000 1.184222
v -2.172256 0.030000 1.202870
v -2.214404 0.030000 1.207721
v -2.195755 0.360000 1.184222
v -2.214404 0.330000 1.207721
v -2.172256 0.330000 1.202870
v 0.747833 0.395000 0.949192
v 0.750905 0.415000 0.929429
v 0.767595 0.415000 0.952264
v 0.750905 0.425000 0.929429
v 0.747833 0.445000 0.949192
v 0.767595 0.425000 0.952264
v 0.707895 0.395000 1.206106
v 0.727657 0.415000 1.209179
v 0.704823 0.415000 1.225869
v 0.707895 0.445000 1.206106
v 0.704823 0.425000 1.225869
v 0.727657 0.425000 1.209179
v 0.392105 0.395000 0.893893
v 0.372343 0.415000 0.890821
v 0.395177 0.415000 0.874131
v 0.392105 0.445000 0.893893
v 0.395177 0.425000 0.874131
v 0.372343 0.425000 0.890821
v 0.352167 0.395000 1.150808
v 0.349095 0.415000 1.170570
v 0.332405 0.415000 1.147736
v 0.352167 0.445000 1.150808
v 0.332405 0.425000 1.147736
v 0.349095 0.425000 1.170570
vn -0.0000 -0.0000 -1.0000
vn -1.0000 -0.0000 -0.0000
vn -0.0000 1.0000 -0.0000
vn 1.0000 -0.0000 -0.0000
vn -0.0000 -0.0000 1.0000
vn 0.5774 -0.5774 -0.5773
vn 0.5774 0.5774 -0.5773
vn 0.5774 -0.5774 0.5773
vn 0.5774 0.5774 0.5773
vn -0.5774 -0.5773 -0.5774
vn -0.5774 0.5773 -0.5774
vn -0.5774 -0.5773 0.5774
vn -0.5774 0.5773 0.5774
vn 0.7071 -0.7071 -0.0000
vn 0.7071 -0.0000 -0.7071
vn 0.7071 0.7071 -0.0000
vn 0.7071 -0.0000 0.7071
vn -0.0000 -0.7071 0.7071
vn -0.0000 0.7071 0.7071
vn -0.7071 -0.0000 0.7071
vn -0.7071 -0.7071 -0.0000
vn -0.7071 0.7071 -0.0000
vn -0.7071 -0.0000 -0.7071
vn -0.0000 -0.7071 -0.7071
vn -0.0000 0.7071 -0.7071
vn -0.0000 -1.0000 -0.0000
vn 0.0052 -0.0000 -1.0000
vn -1.0000 -0.0000 -0.0052
vn 1.0000 -0.0000 0.0052
vn -0.0052 -0.0000 1.0000
vn 0.5804 -0.5773 -0.5743
vn 0.5804 0.5774 -0.5743
vn 0.5743 -0.5774 0.5804
vn 0.5743 0.5774 0.5804
vn -0.5743 -0.5773 -0.5804
vn -0.5743 0.5774 -0.5804
vn -0.5804 -0.5773 0.5743
vn -0.5804 0.5774 0.5743
vn 0.7071 -0.7071 0.0037
vn 0.7108 -0.0000 -0.7034
vn 0.7071 0.7071 0.0037
vn 0.7034 -0.0000 0.7108
vn -0.0037 -0.7071 0.7071
vn -0.0037 0.7071 0.7071
vn -0.7108 -0.0000 0.7034
vn -0.7071 -0.7071 -0.0037
vn -0.7071 0.7071 -0.0037
vn -0.7034 -0.0000 -0.7108
vn 0.0037 -0.7071 -0.7071
vn 0.0037 0.7071 -0.7071
vn 0.0081 -0.0000 -1.0000
vn -1.0000 -0.0000 -0.0081
vn 1.0000 -0.0000 0.0081
vn -0.0081 -0.0000 1.0000
vn 0.5820 -0.5774 -0.5726
vn 0.5820 0.5774 -0.5726
vn 0.5726 -0.5773 0.5820
vn 0.5726 0.5773 0.5820
vn -0.5726 -0.5773 -0.5820
vn -0.5726 0.5773 -0.5820
vn -0.5820 -0.5773 0.5726
vn -0.5820 0.5773 0.5726
vn 0.7071 -0.7071 0.0058
vn 0.7128 -0.0000 -0.7013
vn 0.7071 0.7071 0.0058
vn 0.7013 -0.0000 0.7128
vn -0.0058 -0.7071 0.7071
vn -0.0058 0.7071 0.7071
vn -0.7128 -0.0000 0.7013
vn -0.7071 -0.7071 -0.0058
vn -0.7071 0.7071 -0.0058
vn -0.7013 -0.0000 -0.7128
vn 0.0058 -0.7071 -0.7071
vn 0.0058 0.7071 -0.7071
vn -0.0266 -0.0000 -0.9996
vn -0.9996 -0.0000 0.0266
vn 0.9996 -0.0000 -0.0266
vn 0.0266 -0.0000 0.9996
vn 0.5618 -0.5773 -0.5925
vn 0.5618 0.5774 -0.5925
vn 0.5925 -0.5773 0.5618
vn 0.5925 0.5774 0.5618
vn -0.5925 -0.5773 -0.5618
vn -0.5925 0.5774 -0.5618
vn -0.5618 -0.5773 0.5925
vn -0.5618 0.5774 0.5925
vn 0.7069 -0.7071 -0.0188
vn 0.6880 -0.0000 -0.7257
vn 0.7069 0.7071 -0.0188
vn 0.7257 -0.0000 0.6880
vn 0.0188 -0.7071 0.7069
vn 0.0188 0.7071 0.7069
vn -0.6880 -0.0000 0.7257
vn -0.7069 -0.7071 0.0188
vn -0.7069 0.7071 0.0188
vn -0.7257 -0.0000 -0.6880
vn -0.0188 -0.7071 -0.7069
vn -0.0188 0.7071 -0.7069
vn 0.5774 0.5773 -0.5773
vn 0.5774 0.5773 0.5773
vn -0.5774 0.5773 -0.5773
vn -0.5774 0.5773 0.5773
vn 0.0376 -0.0000 -0.9993
vn -0.9993 -0.0000 -0.0376
vn 0.9993 -0.0000 0.0376
vn -0.0376 -0.0000 0.9993
vn 0.5986 -0.5773 -0.5552
vn 0.5986 0.5773 -0.5552
vn 0.5552 -0.5774 0.5986
vn 0.5552 0.5774 0.5986
vn -0.5552 -0.5774 -0.5986
vn -0.5552 0.5773 -0.5986
vn -0.5986 -0.5774 0.5552
vn -0.5986 0.5774 0.5552
vn 0.7066 -0.7071 0.0266
vn 0.7332 -0.0000 -0.6800
vn 0.7066 0.7071 0.0266
vn 0.6800 -0.0000 0.7332
vn -0.0266 -0.7071 0.7066
vn -0.0266 0.7071 0.7066
vn -0.7332 -0.0000 0.6800
vn -0.7066 -0.7071 -0.0266
vn -0.7066 0.7071 -0.0266
vn -0.6800 -0.0000 -0.7332
vn 0.0266 -0.7071 -0.7066
vn 0.0266 0.7071 -0.7066
vn 0.5774 -0.5773 -0.5774
vn 0.5774 0.5773 -0.5774
vn 0.5774 -0.5773 0.5774
vn 0.5774 0.5773 0.5774
vn -0.5774 -0.5774 -0.5773
vn -0.5774 0.5774 -0.5773
vn -0.5774 -0.5774 0.5773
vn -0.5774 0.5774 0.5773
vn 0.0323 -0.0000 -0.9995
vn -0.9995 -0.0000 -0.0323
vn 0.9995 -0.0000 0.0323
vn -0.0323 -0.0000 0.9995
vn 0.5957 -0.5773 -0.5584
vn 0.5957 0.5773 -0.5584
vn 0.5584 -0.5773 0.5957
vn 0.5584 0.5773 0.5957
vn -0.5584 -0.5773 -0.5957
vn -0.5584 0.5773 -0.5957
vn -0.5957 -0.5773 0.5584
vn -0.5957 0.5773 0.5584
vn 0.7067 -0.7071 0.0229
vn 0.7296 -0.0000 -0.6839
vn 0.7067 0.7071 0.0229
vn 0.6839 -0.0000 0.7296
vn -0.0229 -0.7071 0.7067
vn -0.0229 0.7071 0.7067
vn -0.7296 -0.0000 0.6839
vn -0.7067 -0.7071 -0.0229
vn -0.7067 0.7071 -0.0229
vn -0.6839 -0.0000 -0.7296
vn 0.0229 -0.7071 -0.7067
vn 0.0229 0.7071 -0.7067
vn -0.0015 -0.0000 -1.0000
vn -1.0000 -0.0000 0.0015
vn 1.0000 -0.0000 -0.0015
vn 0.0015 -0.0000 1.0000
vn 0.5765 -0.5773 -0.5782
vn 0.5765 0.5773 -0.5782
vn 0.5782 -0.5773 0.5765
vn 0.5782 0.5773 0.5765
vn -0.5782 -0.5773 -0.5765
vn -0.5782 0.5773 -0.5765
vn -0.5765 -0.5773 0.5782
vn -0.5765 0.5773 0.5782
vn 0.7071 -0.7071 -0.0010
vn 0.7061 -0.0000 -0.7082
vn 0.7071 0.7071 -0.0010
vn 0.7082 -0.0000 0.7061
vn 0.0010 -0.7071 0.7071
vn 0.0010 0.7071 0.7071
vn -0.7061 -0.0000 0.7081
vn -0.7071 -0.7071 0.0010
vn -0.7071 0.7071 0.0010
vn -0.7082 -0.0000 -0.7061
vn -0.0010 -0.7071 -0.7071
vn -0.0010 0.7071 -0.7071
vn 0.0424 -0.0000 -0.9991
vn -0.9991 -0.0000 -0.0424
vn 0.9991 -0.0000 0.0424
vn -0.0424 -0.0000 0.9991
vn 0.6013 -0.5773 -0.5524
vn 0.6013 0.5774 -0.5524
vn 0.5524 -0.5774 0.6013
vn 0.5524 0.5774 0.6013
vn -0.5524 -0.5774 -0.6013
vn -0.5524 0.5774 -0.6013
vn -0.6013 -0.5773 0.5524
vn -0.6013 0.5773 0.5524
vn 0.7065 -0.7071 0.0300
vn 0.7364 -0.0000 -0.6765
vn 0.7065 0.7071 0.0300
vn 0.6765 -0.0000 0.7364
vn -0.0300 -0.7071 0.7065
vn -0.0300 0.7071 0.7065
vn -0.7364 -0.0000 0.6765
vn -0.7065 -0.7071 -0.0300
vn -0.7065 0.7071 -0.0300
vn -0.6765 -0.0000 -0.7364
vn 0.0300 -0.7071 -0.7065
vn 0.0300 0.7071 -0.7065
vn -0.0177 -0.0000 -0.9998
vn -0.9998 -0.0000 0.0177
vn 0.9998 -0.0000 -0.0177
vn 0.0177 -0.0000 0.9998
vn 0.5670 -0.5773 -0.5875
vn 0.5670 0.5773 -0.5875
vn 0.5875 -0.5774 0.5670
vn 0.5875 0.5774 0.5670
vn -0.5875 -0.5774 -0.5670
vn -0.5875 0.5774 -0.5670
vn -0.5671 -0.5773 0.5875
vn -0.5671 0.5773 0.5875
vn 0.7070 -0.7071 -0.0125
vn 0.6945 -0.0000 -0.7195
vn 0.7070 0.7071 -0.0125
vn 0.7195 -0.0000 0.6945
vn 0.0125 -0.7071 0.7070
vn 0.0125 0.7071 0.7070
vn -0.6945 -0.0000 0.7195
vn -0.7070 -0.7071 0.0125
vn -0.7070 0.7071 0.0125
vn -0.7195 -0.0000 -0.6945
vn -0.0125 -0.7071 -0.7070
vn -0.0125 0.7071 -0.7070
vn -0.9865 0.1638 -0.0000
vn 0.3213 0.9470 -0.0000
vn -0.0020 -1.0000 -0.0000
vn 0.5379 -0.6358 -0.5535
vn -0.6013 -0.5086 -0.6163
vn -0.4046 0.6756 -0.6163
vn 0.7145 0.4279 -0.5535
vn 0.5379 -0.6358 0.5535
vn -0.6013 -0.5086 0.6163
vn -0.4046 0.6756 0.6163
vn 0.7145 0.4279 0.5535
vn 0.6976 -0.1158 -0.7071
vn -0.0014 -0.7071 -0.7071
vn -0.6976 0.1158 -0.7071
vn 0.2272 0.6696 -0.7071
vn 0.6976 -0.1158 0.7071
vn 0.2272 0.6696 0.7071
vn -0.6976 0.1158 0.7071
vn -0.0014 -0.7071 0.7071
vn 0.6458 -0.7635 -0.0000
vn -0.7635 -0.6458 -0.0000
vn -0.5138 0.8579 -0.0000
vn 0.8579 0.5138 -0.0000
vn 0.9865 -0.1638 -0.0000
vn -0.8642 0.5032 -0.0000
vn 0.6364 0.7714 -0.0000
vn -0.3567 -0.9342 -0.0000
vn 0.2773 -0.7853 -0.5535
vn -0.7426 -0.2622 -0.6163
vn -0.1386 0.7753 -0.6163
vn 0.8198 0.1465 -0.5535
vn 0.2773 -0.7853 0.5535
vn -0.7426 -0.2622 0.6163
vn -0.1386 0.7753 0.6163
vn 0.8198 0.1465 0.5535
vn 0.6111 -0.3558 -0.7071
vn -0.2522 -0.6606 -0.7071
vn -0.6111 0.3558 -0.7071
vn 0.4500 0.5454 -0.7071
vn 0.6111 -0.3558 0.7071
vn 0.4500 0.5454 0.7071
vn -0.6111 0.3558 0.7071
vn -0.2522 -0.6606 0.7071
vn 0.3329 -0.9430 -0.0000
vn -0.9430 -0.3329 -0.0000
vn -0.1759 0.9844 -0.0000
vn 0.9844 0.1759 -0.0000
vn 0.8642 -0.5032 -0.0000
vn -0.6443 0.7647 -0.0000
vn 0.8589 0.5121 -0.0000
vn -0.6504 -0.7596 -0.0000
vn -0.0033 -0.8328 -0.5535
vn -0.7875 0.0031 -0.6163
vn 0.1305 0.7766 -0.6163
vn 0.8213 -0.1380 -0.5535
vn -0.0033 -0.8328 0.5535
vn -0.7875 0.0031 0.6163
vn 0.1305 0.7766 0.6163
vn 0.8213 -0.1380 0.5535
vn 0.4556 -0.5408 -0.7071
vn -0.4599 -0.5371 -0.7071
vn -0.4556 0.5408 -0.7071
vn 0.6074 0.3621 -0.7071
vn 0.4556 -0.5408 0.7071
vn 0.6074 0.3621 0.7071
vn -0.4556 0.5408 0.7071
vn -0.4599 -0.5371 0.7071
vn -0.0040 -1.0000 -0.0000
vn -1.0000 0.0040 -0.0000
vn 0.1658 0.9862 -0.0000
vn 0.9862 -0.1657 -0.0000
vn 0.6443 -0.7647 -0.0000
vn -0.3489 0.9371 -0.0000
vn 0.9813 0.1927 -0.0000
vn -0.8683 -0.4960 -0.0000
vn -0.2838 -0.7830 -0.5535
vn -0.7404 0.2683 -0.6163
vn 0.3846 0.6872 -0.6163
vn 0.7267 -0.4067 -0.5535
vn -0.2838 -0.7830 0.5535
vn -0.7404 0.2683 0.6163
vn 0.3846 0.6872 0.6163
vn 0.7267 -0.4067 0.5535
vn 0.2467 -0.6627 -0.7071
vn -0.6140 -0.3507 -0.7071
vn -0.2467 0.6627 -0.7071
vn 0.6939 0.1362 -0.7071
vn 0.2467 -0.6627 0.7071
vn 0.6939 0.1362 0.7071
vn -0.2467 0.6627 0.7071
vn -0.6140 -0.3507 0.7071
vn -0.3407 -0.9402 -0.0000
vn -0.9402 0.3407 -0.0000
vn 0.4884 0.8726 -0.0000
vn 0.8726 -0.4884 -0.0000
vn 0.3489 -0.9371 -0.0000
vn 0.9868 -0.1618 -0.0000
vn -0.9868 -0.1618 -0.0000
vn -0.5391 -0.6348 -0.5535
vn -0.6002 0.5098 -0.6163
vn 0.6002 0.5098 -0.6163
vn 0.5391 -0.6348 -0.5535
vn -0.5391 -0.6348 0.5535
vn -0.6002 0.5098 0.6163
vn 0.6002 0.5098 0.6163
vn 0.5391 -0.6348 0.5535
vn -0.6978 -0.1144 -0.7071
vn 0.6978 -0.1144 -0.7071
vn 0.6978 -0.1144 0.7071
vn -0.6978 -0.1144 0.7071
vn -0.6474 -0.7622 -0.0000
vn -0.7622 0.6474 -0.0000
vn 0.7622 0.6474 -0.0000
vn 0.6474 -0.7622 -0.0000
vn 0.3367 0.9416 -0.0000
vn 0.8747 -0.4846 -0.0000
vn -0.9837 0.1799 -0.0000
vn -0.7214 -0.4162 -0.5535
vn -0.3935 0.6822 -0.6163
vn 0.7369 0.2780 -0.6163
vn 0.2939 -0.7792 -0.5535
vn -0.7214 -0.4162 0.5535
vn -0.3935 0.6822 0.6163
vn 0.7369 0.2780 0.6163
vn 0.2939 -0.7792 0.5535
vn -0.2381 -0.6658 -0.7071
vn -0.6956 0.1272 -0.7071
vn 0.2381 0.6658 -0.7071
vn 0.6185 -0.3427 -0.7071
vn -0.2381 -0.6658 0.7071
vn 0.6185 -0.3427 0.7071
vn 0.2381 0.6658 0.7071
vn -0.6956 0.1272 0.7071
vn -0.8662 -0.4997 -0.0000
vn -0.4997 0.8662 -0.0000
vn 0.9356 0.3529 -0.0000
vn 0.3529 -0.9356 -0.0000
vn -0.3367 -0.9416 -0.0000
vn 0.6406 0.7679 -0.0000
vn 0.6541 -0.7564 -0.0000
vn -0.8614 0.5079 -0.0000
vn -0.8206 -0.1421 -0.5535
vn -0.1344 0.7760 -0.6163
vn 0.7875 0.0070 -0.6163
vn 0.0074 -0.8328 -0.5535
vn -0.8206 -0.1421 0.5535
vn -0.1344 0.7760 0.6163
vn 0.7875 0.0070 0.6163
vn 0.0074 -0.8328 0.5535
vn -0.4529 -0.5430 -0.7071
vn -0.6091 0.3591 -0.7071
vn 0.4529 0.5430 -0.7071
vn 0.4625 -0.5348 -0.7071
vn -0.4529 -0.5430 0.7071
vn 0.4625 -0.5348 0.7071
vn 0.4529 0.5430 0.7071
vn -0.6091 0.3591 0.7071
vn -0.9853 -0.1706 -0.0000
vn -0.1706 0.9853 -0.0000
vn 1.0000 0.0089 -0.0000
vn 0.0089 -1.0000 -0.0000
vn -0.6406 -0.7679 -0.0000
vn 0.8692 0.4945 -0.0000
vn 0.3473 -0.9378 -0.0000
vn -0.6286 0.7777 -0.0000
vn -0.8183 0.1548 -0.5535
vn 0.1463 0.7738 -0.6163
vn 0.7399 -0.2696 -0.6163
vn -0.2851 -0.7825 -0.5535
vn -0.8183 0.1548 0.5535
vn 0.1463 0.7738 0.6163
vn 0.7399 -0.2696 0.6163
vn -0.2851 -0.7825 0.5535
vn -0.6146 -0.3496 -0.7071
vn -0.4445 0.5499 -0.7071
vn 0.6146 0.3496 -0.7071
vn 0.2456 -0.6631 -0.7071
vn -0.6146 -0.3496 0.7071
vn 0.2456 -0.6631 0.7071
vn 0.6146 0.3496 0.7071
vn -0.4445 0.5499 0.7071
vn -0.9826 0.1858 -0.0000
vn 0.1858 0.9826 -0.0000
vn 0.9396 -0.3424 -0.0000
vn -0.3424 -0.9396 -0.0000
vn -0.8692 -0.4945 -0.0000
vn 0.9863 0.1651 -0.0000
vn 0.0033 -1.0000 -0.0000
vn -0.3225 0.9466 -0.0000
vn -0.7151 0.4269 -0.5535
vn 0.4037 0.6762 -0.6163
vn 0.6019 -0.5078 -0.6163
vn -0.5370 -0.6365 -0.5535
vn -0.7151 0.4269 0.5535
vn 0.4037 0.6762 0.6163
vn 0.6019 -0.5078 0.6163
vn -0.5370 -0.6365 0.5535
vn -0.6974 -0.1168 -0.7071
vn -0.2281 0.6693 -0.7071
vn 0.6974 0.1168 -0.7071
vn 0.0024 -0.7071 -0.7071
vn -0.6974 -0.1168 0.7071
vn 0.0024 -0.7071 0.7071
vn 0.6974 0.1168 0.7071
vn -0.2281 0.6693 0.7071
vn -0.8586 0.5126 -0.0000
vn 0.5126 0.8586 -0.0000
vn 0.7643 -0.6448 -0.0000
vn -0.6448 -0.7643 -0.0000
vn -0.9863 -0.1651 -0.0000
vn 0.0478 -0.0000 -0.9989
vn -0.9989 -0.0000 -0.0478
vn 0.9989 -0.0000 0.0478
vn -0.0478 -0.0000 0.9989
vn 0.6043 -0.5774 -0.5491
vn 0.6043 0.5774 -0.5491
vn 0.5491 -0.5774 0.6043
vn 0.5491 0.5773 0.6043
vn -0.5491 -0.5774 -0.6043
vn -0.5491 0.5773 -0.6043
vn -0.6043 -0.5774 0.5491
vn -0.6043 0.5774 0.5491
vn 0.7063 -0.7071 0.0338
vn 0.7401 -0.0000 -0.6725
vn 0.7063 0.7071 0.0338
vn 0.6725 -0.0000 0.7401
vn -0.0338 -0.7071 0.7063
vn -0.0338 0.7071 0.7063
vn -0.7401 -0.0000 0.6725
vn -0.7063 -0.7071 -0.0338
vn -0.7063 0.7071 -0.0338
vn -0.6725 -0.0000 -0.7401
vn 0.0338 -0.7071 -0.7063
vn 0.0338 0.7071 -0.7063
vn -0.0233 -0.0000 -0.9997
vn -0.9997 -0.0000 0.0233
vn 0.9997 -0.0000 -0.0233
vn 0.0233 -0.0000 0.9997
vn 0.5637 -0.5774 -0.5907
vn 0.5637 0.5773 -0.5907
vn 0.5907 -0.5774 0.5637
vn 0.5907 0.5774 0.5637
vn -0.5907 -0.5774 -0.5637
vn -0.5907 0.5774 -0.5637
vn -0.5637 -0.5774 0.5907
vn -0.5637 0.5774 0.5907
vn 0.7069 -0.7071 -0.0165
vn 0.6904 -0.0000 -0.7234
vn 0.7069 0.7071 -0.0165
vn 0.7234 -0.0000 0.6904
vn 0.0165 -0.7071 0.7069
vn 0.0165 0.7071 0.7069
vn -0.6904 -0.0000 0.7234
vn -0.7069 -0.7071 0.0165
vn -0.7069 0.7071 0.0165
vn -0.7234 -0.0000 -0.6904
vn -0.0165 -0.7071 -0.7069
vn -0.0165 0.7071 -0.7069
vn -0.0113 -0.0000 -0.9999
vn -0.9999 -0.0000 0.0113
vn 0.9999 -0.0000 -0.0113
vn 0.0113 -0.0000 0.9999
vn 0.5708 -0.5773 -0.5839
vn 0.5708 0.5774 -0.5839
vn 0.5839 -0.5774 0.5708
vn 0.5839 0.5774 0.5708
vn -0.5839 -0.5774 -0.5708
vn -0.5839 0.5774 -0.5708
vn -0.5708 -0.5773 0.5839
vn -0.5708 0.5774 0.5839
vn 0.7071 -0.7071 -0.0080
vn 0.6990 -0.0000 -0.7151
vn 0.7071 0.7071 -0.0080
vn 0.7151 -0.0000 0.6990
vn 0.0080 -0.7071 0.7071
vn 0.0080 0.7071 0.7071
vn -0.6990 -0.0000 0.7151
vn -0.7071 -0.7071 0.0080
vn -0.7071 0.7071 0.0080
vn -0.7151 -0.0000 -0.6990
vn -0.0080 -0.7071 -0.7071
vn -0.0080 0.7071 -0.7071
vn -0.0309 -0.0000 -0.9995
vn -0.9995 -0.0000 0.0309
vn 0.9995 -0.0000 -0.0309
vn 0.0309 -0.0000 0.9995
vn 0.5593 -0.5774 -0.5949
vn 0.5593 0.5774 -0.5949
vn 0.5949 -0.5774 0.5593
vn 0.5949 0.5774 0.5593
vn -0.5949 -0.5774 -0.5593
vn -0.5949 0.5774 -0.5593
vn -0.5593 -0.5774 0.5949
vn -0.5593 0.5774 0.5949
vn 0.7068 -0.7071 -0.0218
vn 0.6850 -0.0000 -0.7286
vn 0.7068 0.7071 -0.0218
vn 0.7286 -0.0000 0.6849
vn 0.0218 -0.7071 0.7068
vn 0.0218 0.7071 0.7068
vn -0.6850 -0.0000 0.7286
vn -0.7068 -0.7071 0.0218
vn -0.7068 0.7071 0.0218
vn -0.7286 -0.0000 -0.6850
vn -0.0218 -0.7071 -0.7068
vn -0.0218 0.7071 -0.7068
vn -0.0183 -0.0000 -0.9998
vn -0.9998 -0.0000 0.0183
vn 0.9998 -0.0000 -0.0183
vn 0.0183 -0.0000 0.9998
vn 0.5667 -0.5774 -0.5878
vn 0.5667 0.5774 -0.5878
vn 0.5878 -0.5774 0.5667
vn 0.5878 0.5774 0.5667
vn -0.5878 -0.5774 -0.5667
vn -0.5878 0.5774 -0.5667
vn -0.5667 -0.5774 0.5878
vn -0.5667 0.5774 0.5878
vn 0.7070 -0.7071 -0.0130
vn 0.6940 -0.0000 -0.7200
vn 0.7070 0.7071 -0.0130
vn 0.7200 -0.0000 0.6940
vn 0.0130 -0.7071 0.7070
vn 0.0130 0.7071 0.7070
vn -0.6940 -0.0000 0.7200
vn -0.7070 -0.7071 0.0130
vn -0.7070 0.7071 0.0130
vn -0.7200 -0.0000 -0.6940
vn -0.0130 -0.7071 -0.7070
vn -0.0130 0.7071 -0.7070
vn -0.0357 -0.0000 -0.9994
vn -0.9994 -0.0000 0.0357
vn 0.9994 -0.0000 -0.0357
vn 0.0357 -0.0000 0.9994
vn 0.5564 -0.5773 -0.5976
vn 0.5564 0.5773 -0.5976
vn 0.5976 -0.5773 0.5564
vn 0.5976 0.5774 0.5564
vn -0.5976 -0.5773 -0.5564
vn -0.5976 0.5774 -0.5564
vn -0.5564 -0.5773 0.5976
vn -0.5564 0.5773 0.5976
vn 0.7067 -0.7071 -0.0253
vn 0.6814 -0.0000 -0.7319
vn 0.7066 0.7071 -0.0253
vn 0.7319 -0.0000 0.6814
vn 0.0253 -0.7071 0.7067
vn 0.0253 0.7071 0.7067
vn -0.6814 -0.0000 0.7319
vn -0.7067 -0.7071 0.0253
vn -0.7066 0.7071 0.0253
vn -0.7319 -0.0000 -0.6814
vn -0.0253 -0.7071 -0.7067
vn -0.0253 0.7071 -0.7067
vn 0.1472 -0.0000 -0.9891
vn -0.9891 -0.0000 -0.1472
vn 0.9891 -0.0000 0.1472
vn -0.1472 -0.0000 0.9891
vn 0.6561 -0.5774 -0.4861
vn 0.6561 0.5773 -0.4861
vn 0.4861 -0.5773 0.6560
vn 0.4861 0.5773 0.6560
vn -0.4861 -0.5773 -0.6560
vn -0.4861 0.5773 -0.6560
vn -0.6561 -0.5773 0.4861
vn -0.6561 0.5773 0.4861
vn 0.6994 -0.7071 0.1041
vn 0.8035 -0.0000 -0.5953
vn 0.6994 0.7071 0.1041
vn 0.5953 -0.0000 0.8035
vn -0.1041 -0.7071 0.6994
vn -0.1041 0.7071 0.6994
vn -0.8035 -0.0000 0.5953
vn -0.6994 -0.7071 -0.1041
vn -0.6994 0.7071 -0.1041
vn -0.5953 -0.0000 -0.8035
vn 0.1041 -0.7071 -0.6994
vn 0.1041 0.7071 -0.6994
vn 0.5773 -0.5774 -0.5774
vn 0.5773 -0.5774 0.5774
vn -0.5774 -0.5774 -0.5774
vn -0.5774 -0.5774 0.5774
vn 0.5774 -0.5774 -0.5774
vn 0.5774 0.5774 -0.5774
vn 0.5774 -0.5774 0.5774
vn 0.5774 0.5774 0.5774
vn -0.5774 0.5774 -0.5774
vn -0.5774 0.5774 0.5774
vn -0.9135 0.4067 -0.0000
vn 0.4067 0.9135 -0.0000
vn 0.9135 -0.4067 -0.0000
vn 0.2926 -0.7623 -0.5774
vn 0.7623 0.2926 -0.5773
vn 0.2926 -0.7623 0.5774
vn 0.7623 0.2926 0.5773
vn -0.7623 -0.2926 -0.5774
vn -0.2926 0.7623 -0.5774
vn -0.7623 -0.2926 0.5774
vn -0.2926 0.7623 0.5774
vn 0.3584 -0.9336 -0.0000
vn 0.6460 -0.2876 -0.7071
vn 0.9336 0.3584 -0.0000
vn 0.6460 -0.2876 0.7071
vn -0.2876 -0.6460 0.7071
vn 0.2876 0.6460 0.7071
vn -0.6460 0.2876 0.7071
vn -0.9336 -0.3584 -0.0000
vn -0.3584 0.9336 -0.0000
vn -0.6460 0.2876 -0.7071
vn -0.2876 -0.6460 -0.7071
vn 0.2876 0.6460 -0.7071
vn -0.4067 -0.9135 -0.0000
vn -0.4794 -0.0000 -0.8776
vn -0.8776 -0.0000 0.4794
vn 0.8776 -0.0000 -0.4794
vn 0.4794 -0.0000 0.8776
vn 0.2299 -0.5773 -0.7835
vn 0.2299 0.5773 -0.7835
vn 0.7835 -0.5774 0.2299
vn 0.7835 0.5774 0.2299
vn -0.7835 -0.5774 -0.2299
vn -0.7835 0.5774 -0.2299
vn -0.2299 -0.5774 0.7835
vn -0.2299 0.5774 0.7835
vn 0.6205 -0.7071 -0.3390
vn 0.2815 -0.0000 -0.9595
vn 0.6205 0.7071 -0.3390
vn 0.9595 -0.0000 0.2815
vn 0.3390 -0.7071 0.6205
vn 0.3390 0.7071 0.6205
vn -0.2815 -0.0000 0.9595
vn -0.6205 -0.7071 0.3390
vn -0.6205 0.7071 0.3390
vn -0.9595 -0.0000 -0.2815
vn -0.3390 -0.7071 -0.6205
vn -0.3390 0.7071 -0.6205
vn 0.3894 -0.0000 -0.9211
vn -0.9211 -0.0000 -0.3894
vn 0.9211 -0.0000 0.3894
vn -0.3894 -0.0000 0.9211
vn 0.7566 -0.5773 -0.3069
vn 0.7566 0.5774 -0.3069
vn 0.3069 -0.5774 0.7566
vn 0.3069 0.5774 0.7566
vn -0.3069 -0.5774 -0.7566
vn -0.3069 0.5774 -0.7566
vn -0.7566 -0.5774 0.3069
vn -0.7566 0.5774 0.3069
vn 0.6513 -0.7071 0.2754
vn 0.9266 -0.0000 -0.3759
vn 0.6513 0.7071 0.2754
vn 0.3759 -0.0000 0.9266
vn -0.2754 -0.7071 0.6513
vn -0.2754 0.7071 0.6513
vn -0.9266 -0.0000 0.3759
vn -0.6513 -0.7071 -0.2754
vn -0.6513 0.7071 -0.2754
vn -0.3759 -0.0000 -0.9266
vn 0.2754 -0.7071 -0.6513
vn 0.2754 0.7071 -0.6513
vn -0.7833 -0.0000 -0.6216
vn -0.6216 -0.0000 0.7833
vn 0.6216 -0.0000 -0.7833
vn 0.7833 -0.0000 0.6216
vn -0.0934 -0.5774 -0.8111
vn -0.0934 0.5774 -0.8111
vn 0.8111 -0.5773 -0.0934
vn 0.8111 0.5773 -0.0934
vn -0.8111 -0.5773 0.0934
vn -0.8111 0.5773 0.0934
vn 0.0934 -0.5774 0.8111
vn 0.0934 0.5774 0.8111
vn 0.4395 -0.7071 -0.5539
vn -0.1144 -0.0000 -0.9934
vn 0.4395 0.7071 -0.5539
vn 0.9934 -0.0000 -0.1143
vn 0.5539 -0.7071 0.4395
vn 0.5539 0.7071 0.4395
vn 0.1144 -0.0000 0.9934
vn -0.4395 -0.7071 0.5539
vn -0.4395 0.7071 0.5539
vn -0.9934 -0.0000 0.1144
vn -0.5539 -0.7071 -0.4395
vn -0.5539 0.7071 -0.4395
vn 0.1536 -0.0000 -0.9881
vn -0.9881 -0.0000 -0.1536
vn 0.9881 -0.0000 0.1536
vn -0.1536 -0.0000 0.9881
vn 0.6592 -0.5773 -0.4818
vn 0.6592 0.5773 -0.4818
vn 0.4818 -0.5773 0.6592
vn 0.4818 0.5773 0.6592
vn -0.4818 -0.5773 -0.6592
vn -0.4818 0.5773 -0.6592
vn -0.6592 -0.5773 0.4818
vn -0.6592 0.5773 0.4818
vn 0.6987 -0.7071 0.1086
vn 0.8073 -0.0000 -0.5901
vn 0.6987 0.7071 0.1086
vn 0.5901 -0.0000 0.8073
vn -0.1086 -0.7071 0.6987
vn -0.1086 0.7071 0.6987
vn -0.8073 -0.0000 0.5901
vn -0.6987 -0.7071 -0.1086
vn -0.6987 0.7071 -0.1086
vn -0.5901 -0.0000 -0.8073
vn 0.1086 -0.7071 -0.6987
vn 0.1086 0.7071 -0.6987
vn 0.7068 0.7071 -0.0188
vn -0.7068 0.7071 0.0188
vn -0.7061 -0.0000 0.7082
vn 0.1657 0.9862 -0.0000
vn 0.7286 -0.0000 0.6850
vn 0.7067 0.7071 -0.0253
vn -0.7067 0.7071 0.0253
vn 0.9934 -0.0000 -0.1144
vn 0.1143 -0.0000 0.9934
vn -0.9934 -0.0000 0.1143
vt 0.00000 0.00235
vt 0.00000 0.25090
vt 0.00000 0.33097
vt 0.00000 0.35106
vt 0.00000 0.42172
vt 0.00000 0.43945
vt 0.00000 0.44181
vt 0.00000 0.51246
vt 0.00000 0.51482
vt 0.00000 0.53022
vt 0.00000 0.60087
vt 0.00000 0.62096
vt 0.00000 0.68691
vt 0.00000 0.70464
vt 0.00000 0.70700
vt 0.00000 0.77137
vt 0.00000 0.77373
vt 0.00000 0.85195
vt 0.00000 0.87202
vt 0.00000 0.94954
vt 0.00000 0.98016
vt 0.00198 0.86969
vt 0.00236 0.00000
vt 0.00236 0.00236
vt 0.00236 0.23316
vt 0.00236 0.25090
vt 0.00236 0.33097
vt 0.00236 0.34871
vt 0.00236 0.42407
vt 0.00236 0.78911
vt 0.00236 0.85189
vt 0.00236 0.85431
vt 0.00237 0.35106
vt 0.00237 0.42172
vt 0.00237 0.53020
vt 0.00237 0.60085
vt 0.00237 0.60323
vt 0.00239 0.61861
vt 0.00239 0.68926
vt 0.00240 0.87205
vt 0.00276 0.62096
vt 0.00276 0.68691
vt 0.00946 0.92948
vt 0.01025 0.00000
vt 0.01025 0.00236
vt 0.01025 0.23316
vt 0.01185 0.92945
vt 0.01221 0.93180
vt 0.01261 0.00235
vt 0.01261 0.23315
vt 0.02807 0.00235
vt 0.03043 0.00000
vt 0.03043 0.00236
vt 0.03043 0.23316
vt 0.03154 0.94954
vt 0.03154 0.98016
vt 0.03156 0.94719
vt 0.03156 0.98251
vt 0.03393 0.94954
vt 0.03393 0.98016
vt 0.03427 0.93180
vt 0.03463 0.92945
vt 0.03702 0.92948
vt 0.03832 0.00000
vt 0.03832 0.00236
vt 0.03832 0.23316
vt 0.04068 0.00235
vt 0.04068 0.23315
vt 0.04408 0.87205
vt 0.04450 0.86969
vt 0.04649 0.87202
vt 0.04836 0.60323
vt 0.04836 0.78911
vt 0.04836 0.85189
vt 0.04836 0.85431
vt 0.04837 0.53020
vt 0.04837 0.60085
vt 0.04938 0.94950
vt 0.04938 0.97619
vt 0.05046 0.70464
vt 0.05046 0.70700
vt 0.05046 0.77137
vt 0.05046 0.77373
vt 0.05072 0.85195
vt 0.05073 0.60087
vt 0.05283 0.70700
vt 0.05283 0.77137
vt 0.05613 0.00000
vt 0.05613 0.23080
vt 0.06259 0.62096
vt 0.06259 0.68691
vt 0.06308 0.43945
vt 0.06308 0.44181
vt 0.06308 0.51246
vt 0.06308 0.51482
vt 0.06351 0.88399
vt 0.06351 0.91225
vt 0.06402 0.00000
vt 0.06402 0.23080
vt 0.06402 0.23315
vt 0.06509 0.88241
vt 0.06509 0.88399
vt 0.06509 0.91225
vt 0.06509 0.91382
vt 0.06544 0.34871
vt 0.06544 0.35106
vt 0.06544 0.42172
vt 0.06544 0.42407
vt 0.06630 0.53334
vt 0.06630 0.59928
vt 0.06638 0.00000
vt 0.06638 0.23080
vt 0.06781 0.35106
vt 0.06781 0.42172
vt 0.07636 0.94955
vt 0.07636 0.97624
vt 0.07648 0.24854
vt 0.07648 0.25090
vt 0.07648 0.33097
vt 0.07648 0.33332
vt 0.07750 0.94719
vt 0.07750 0.97859
vt 0.07804 0.62014
vt 0.07804 0.68769
vt 0.07804 0.75452
vt 0.07804 0.77310
vt 0.07804 0.80921
vt 0.07804 0.82773
vt 0.07804 0.86384
vt 0.07804 0.86541
vt 0.07805 0.81078
vt 0.07853 0.44181
vt 0.07853 0.51560
vt 0.07885 0.25090
vt 0.07885 0.33097
vt 0.07957 0.75612
vt 0.07957 0.94954
vt 0.07957 0.97623
vt 0.07962 0.62021
vt 0.07962 0.68773
vt 0.07963 0.75433
vt 0.07965 0.61861
vt 0.08036 0.75614
vt 0.08042 0.75436
vt 0.08089 0.43945
vt 0.08089 0.44181
vt 0.08089 0.51560
vt 0.08119 0.62024
vt 0.08119 0.70311
vt 0.08123 0.61865
vt 0.08184 0.00000
vt 0.08184 0.23080
vt 0.08198 0.70313
vt 0.08198 0.75464
vt 0.08277 0.62025
vt 0.08277 0.77310
vt 0.08277 0.80921
vt 0.08277 0.82616
vt 0.08277 0.82773
vt 0.08277 0.86384
vt 0.08277 0.86541
vt 0.08278 0.77153
vt 0.08278 0.81078
vt 0.08326 0.35106
vt 0.08326 0.41701
vt 0.08435 0.77310
vt 0.08435 0.80921
vt 0.08435 0.82773
vt 0.08435 0.86384
vt 0.08479 0.34871
vt 0.08479 0.41936
vt 0.08559 0.88241
vt 0.08559 0.88399
vt 0.08559 0.91225
vt 0.08559 0.91382
vt 0.08632 0.35106
vt 0.08632 0.41701
vt 0.08716 0.88399
vt 0.08716 0.91225
vt 0.08804 0.53334
vt 0.08804 0.59928
vt 0.08878 0.43945
vt 0.08878 0.44181
vt 0.08878 0.51560
vt 0.08879 0.53099
vt 0.08879 0.60164
vt 0.08972 0.00000
vt 0.08972 0.23080
vt 0.09115 0.44181
vt 0.09115 0.51560
vt 0.09115 0.53334
vt 0.09115 0.59928
vt 0.09209 0.00000
vt 0.09209 0.23080
vt 0.10261 0.68769
vt 0.10261 0.75206
vt 0.10261 0.77215
vt 0.10261 0.85271
vt 0.10261 0.96753
vt 0.10460 0.85038
vt 0.10498 0.68533
vt 0.10498 0.68769
vt 0.10498 0.75206
vt 0.10498 0.75441
vt 0.10498 0.76980
vt 0.10498 0.77223
vt 0.10498 0.83500
vt 0.10498 0.92920
vt 0.10498 0.96640
vt 0.10498 0.96959
vt 0.10502 0.85274
vt 0.10754 0.00235
vt 0.10754 0.09185
vt 0.10754 0.11194
vt 0.10754 0.20144
vt 0.10754 0.21917
vt 0.10754 0.30867
vt 0.10754 0.32405
vt 0.10754 0.40412
vt 0.10754 0.42186
vt 0.10754 0.49251
vt 0.10754 0.51035
vt 0.10754 0.60100
vt 0.10755 0.58094
vt 0.10952 0.59868
vt 0.10990 0.00235
vt 0.10990 0.09185
vt 0.10990 0.11194
vt 0.10990 0.20144
vt 0.10990 0.41951
vt 0.10990 0.42186
vt 0.10990 0.49251
vt 0.10990 0.49487
vt 0.10991 0.51025
vt 0.10991 0.58330
vt 0.10992 0.58084
vt 0.10994 0.60103
vt 0.11230 0.91149
vt 0.11469 0.91146
vt 0.11504 0.91382
vt 0.11889 0.66995
vt 0.12128 0.66992
vt 0.13179 0.92920
vt 0.13179 0.96640
vt 0.13179 0.96959
vt 0.13415 0.96753
vt 0.13711 0.91382
vt 0.13746 0.91146
vt 0.13986 0.91149
vt 0.14406 0.66992
vt 0.14645 0.66995
vt 0.14713 0.85274
vt 0.14755 0.85038
vt 0.14954 0.85271
vt 0.14960 0.94964
vt 0.15097 0.76980
vt 0.15097 0.77223
vt 0.15097 0.83500
vt 0.15118 0.92920
vt 0.15118 0.94961
vt 0.15118 0.95120
vt 0.15276 0.92920
vt 0.15276 0.94961
vt 0.15276 0.95120
vt 0.15334 0.77215
vt 0.15433 0.94964
vt 0.15434 0.92923
vt 0.15540 0.60103
vt 0.15544 0.68533
vt 0.15544 0.68769
vt 0.15544 0.75206
vt 0.15544 0.75441
vt 0.15582 0.59868
vt 0.15590 0.51025
vt 0.15590 0.58330
vt 0.15591 0.58084
vt 0.15781 0.60100
vt 0.15781 0.68769
vt 0.15781 0.75206
vt 0.15827 0.58094
vt 0.17298 0.41951
vt 0.17298 0.42186
vt 0.17298 0.49251
vt 0.17298 0.49487
vt 0.17372 0.51261
vt 0.17372 0.60103
vt 0.17372 0.66698
vt 0.17372 0.68707
vt 0.17372 0.75301
vt 0.17372 0.77310
vt 0.17372 0.85366
vt 0.17372 0.96780
vt 0.17535 0.42186
vt 0.17535 0.49251
vt 0.17555 0.68471
vt 0.17555 0.75537
vt 0.17570 0.85133
vt 0.17607 0.59868
vt 0.17607 0.66933
vt 0.17608 0.51271
vt 0.17609 0.51025
vt 0.17609 0.58330
vt 0.17609 0.77075
vt 0.17609 0.77320
vt 0.17609 0.83595
vt 0.17609 0.92947
vt 0.17609 0.96667
vt 0.17609 0.96986
vt 0.17612 0.85369
vt 0.17674 0.68707
vt 0.17674 0.75301
vt 0.17684 0.60103
vt 0.17684 0.66698
vt 0.18165 0.32405
vt 0.18165 0.40412
vt 0.18329 0.91177
vt 0.18568 0.91173
vt 0.18604 0.91409
vt 0.18954 0.21917
vt 0.18954 0.30867
vt 0.19080 0.41951
vt 0.19080 0.42186
vt 0.19080 0.49251
vt 0.19080 0.49487
vt 0.19190 0.00000
vt 0.19190 0.00235
vt 0.19190 0.09185
vt 0.19190 0.09420
vt 0.19190 0.10959
vt 0.19190 0.11194
vt 0.19190 0.20144
vt 0.19190 0.20379
vt 0.19427 0.00235
vt 0.19427 0.09185
vt 0.19427 0.11194
vt 0.19427 0.20144
vt 0.19710 0.32405
vt 0.19710 0.40412
vt 0.20289 0.92947
vt 0.20289 0.96667
vt 0.20289 0.96986
vt 0.20499 0.21917
vt 0.20499 0.30867
vt 0.20526 0.96780
vt 0.20810 0.91409
vt 0.20846 0.91173
vt 0.20941 0.68707
vt 0.20941 0.75301
vt 0.20972 0.00235
vt 0.20972 0.09185
vt 0.20972 0.11194
vt 0.20972 0.20143
vt 0.20973 0.09420
vt 0.20973 0.20379
vt 0.21085 0.91177
vt 0.21802 0.85369
vt 0.21844 0.85133
vt 0.22042 0.85366
vt 0.22071 0.93183
vt 0.22071 0.96637
vt 0.22208 0.51025
vt 0.22208 0.51271
vt 0.22208 0.58330
vt 0.22208 0.77075
vt 0.22208 0.77320
vt 0.22208 0.83595
vt 0.22308 0.92947
vt 0.22308 0.93183
vt 0.22308 0.96637
vt 0.22308 0.96872
vt 0.22445 0.51261
vt 0.22445 0.77310
vt 0.22486 0.68472
vt 0.22486 0.75223
vt 0.22644 0.68471
vt 0.22644 0.75223
vt 0.22644 0.75380
vt 0.23258 0.00235
vt 0.23258 0.09185
vt 0.23258 0.11194
vt 0.23258 0.20143
vt 0.23259 0.00000
vt 0.23259 0.09420
vt 0.23259 0.10959
vt 0.23259 0.20379
vt 0.23496 0.00235
vt 0.23496 0.09185
vt 0.23496 0.11194
vt 0.23496 0.20144
vt 0.23636 0.60104
vt 0.23636 0.66698
vt 0.23990 0.51261
vt 0.23990 0.57855
vt 0.24458 0.76921
vt 0.24458 0.81323
vt 0.24458 0.86597
vt 0.24458 0.88469
vt 0.24536 0.76918
vt 0.24606 0.88305
vt 0.24608 0.86759
vt 0.24615 0.81312
vt 0.24616 0.86581
vt 0.24616 0.88484
vt 0.24621 0.81474
vt 0.24685 0.88301
vt 0.24687 0.86762
vt 0.24693 0.81309
vt 0.24694 0.68471
vt 0.24694 0.75223
vt 0.24694 0.75380
vt 0.24695 0.76918
vt 0.24695 0.86584
vt 0.24695 0.88480
vt 0.24700 0.81471
vt 0.24773 0.83012
vt 0.24773 0.91273
vt 0.24851 0.88447
vt 0.24851 0.91268
vt 0.24852 0.68472
vt 0.24852 0.75223
vt 0.24852 0.81309
vt 0.24852 0.83016
vt 0.24852 0.86614
vt 0.25041 0.00235
vt 0.25041 0.09185
vt 0.25041 0.09420
vt 0.25041 0.11194
vt 0.25041 0.20143
vt 0.25041 0.20379
vt 0.25146 0.92947
vt 0.25146 0.93183
vt 0.25146 0.96637
vt 0.25146 0.96872
vt 0.25383 0.93183
vt 0.25383 0.96637
vt 0.25387 0.42186
vt 0.25387 0.49251
vt 0.25388 0.41951
vt 0.25388 0.49487
vt 0.25529 0.66586
vt 0.25687 0.66523
vt 0.25687 0.66730
vt 0.25688 0.59629
vt 0.26166 0.51261
vt 0.26166 0.57855
vt 0.26240 0.51025
vt 0.26240 0.58091
vt 0.26318 0.59629
vt 0.26318 0.66523
vt 0.26318 0.66730
vt 0.26475 0.51261
vt 0.26475 0.57855
vt 0.26475 0.66586
vt 0.26775 0.68459
vt 0.26775 0.75214
vt 0.26933 0.42186
vt 0.26933 0.48780
vt 0.26933 0.68455
vt 0.26933 0.75207
vt 0.26937 0.75367
vt 0.27084 0.41951
vt 0.27084 0.49016
vt 0.27091 0.75203
vt 0.27094 0.75363
vt 0.27122 0.32405
vt 0.27122 0.40412
vt 0.27239 0.42186
vt 0.27239 0.48780
vt 0.27248 0.75203
vt 0.27310 0.77294
vt 0.27310 0.91244
vt 0.27310 0.93253
vt 0.27310 0.96708
vt 0.27327 0.00235
vt 0.27327 0.09185
vt 0.27327 0.11194
vt 0.27327 0.20143
vt 0.27328 0.00000
vt 0.27328 0.09420
vt 0.27328 0.10959
vt 0.27328 0.20379
vt 0.27547 0.77059
vt 0.27547 0.77304
vt 0.27547 0.83579
vt 0.27547 0.85117
vt 0.27547 0.91239
vt 0.27547 0.91480
vt 0.27547 0.93018
vt 0.27547 0.93254
vt 0.27547 0.96708
vt 0.27547 0.96943
vt 0.27564 0.00235
vt 0.27564 0.09185
vt 0.27564 0.11194
vt 0.27564 0.20144
vt 0.28699 0.21917
vt 0.28699 0.30867
vt 0.28793 0.42108
vt 0.28793 0.49173
vt 0.28793 0.58016
vt 0.28793 0.60022
vt 0.28793 0.68691
vt 0.28793 0.75285
vt 0.28992 0.59790
vt 0.29030 0.41872
vt 0.29030 0.42108
vt 0.29030 0.49173
vt 0.29030 0.49408
vt 0.29030 0.50947
vt 0.29030 0.58010
vt 0.29030 0.58251
vt 0.29034 0.60025
vt 0.29109 0.00235
vt 0.29109 0.08243
vt 0.29109 0.10252
vt 0.29109 0.18416
vt 0.29346 0.00235
vt 0.29346 0.08243
vt 0.29346 0.10017
vt 0.29346 0.10252
vt 0.29346 0.18416
vt 0.29929 0.66917
vt 0.30168 0.66914
vt 0.30244 0.22153
vt 0.30244 0.30317
vt 0.30244 0.32327
vt 0.30244 0.39706
vt 0.30385 0.93018
vt 0.30385 0.93254
vt 0.30385 0.96708
vt 0.30385 0.96943
vt 0.30480 0.21917
vt 0.30480 0.22153
vt 0.30480 0.30317
vt 0.30483 0.32091
vt 0.30483 0.39941
vt 0.30519 0.32327
vt 0.30519 0.39706
vt 0.30622 0.93253
vt 0.30622 0.96708
vt 0.31016 0.85117
vt 0.31016 0.91239
vt 0.31016 0.91480
vt 0.31253 0.85123
vt 0.31253 0.91244
vt 0.31633 0.10017
vt 0.31633 0.10252
vt 0.31633 0.18416
vt 0.31633 0.18652
vt 0.31869 0.10252
vt 0.31869 0.18416
vt 0.32081 0.68691
vt 0.32081 0.75285
vt 0.32146 0.77059
vt 0.32146 0.77304
vt 0.32146 0.83579
vt 0.32167 0.95041
vt 0.32201 0.68455
vt 0.32201 0.75520
vt 0.32312 0.95208
vt 0.32327 0.95029
vt 0.32383 0.68691
vt 0.32383 0.75285
vt 0.32383 0.77294
vt 0.32391 0.95214
vt 0.32405 0.95035
vt 0.32445 0.66914
vt 0.32482 0.93018
vt 0.32560 0.93024
vt 0.32560 0.95071
vt 0.32685 0.66917
vt 0.32725 0.32327
vt 0.32725 0.39706
vt 0.32761 0.32091
vt 0.32761 0.39941
vt 0.32767 0.21917
vt 0.32767 0.22153
vt 0.32767 0.30317
vt 0.32767 0.30553
vt 0.33000 0.32327
vt 0.33000 0.39706
vt 0.33004 0.22153
vt 0.33004 0.30317
vt 0.33414 0.10252
vt 0.33414 0.18416
vt 0.33414 0.19955
vt 0.33414 0.20288
vt 0.33580 0.60025
vt 0.33581 0.20121
vt 0.33622 0.59790
vt 0.33629 0.50947
vt 0.33629 0.58010
vt 0.33629 0.58251
vt 0.33651 0.10017
vt 0.33651 0.10252
vt 0.33651 0.18416
vt 0.33820 0.60022
vt 0.33866 0.50953
vt 0.33866 0.58016
vt 0.34451 0.76993
vt 0.34451 0.85048
vt 0.34451 0.96627
vt 0.34549 0.22153
vt 0.34549 0.30317
vt 0.34549 0.32091
vt 0.34549 0.40098
vt 0.34549 0.40334
vt 0.34650 0.84816
vt 0.34688 0.76758
vt 0.34688 0.77001
vt 0.34688 0.83278
vt 0.34688 0.92698
vt 0.34688 0.96622
vt 0.34688 0.96862
vt 0.34691 0.85052
vt 0.34785 0.21917
vt 0.34785 0.22153
vt 0.34785 0.30317
vt 0.35126 0.19955
vt 0.35126 0.20177
vt 0.35238 0.20066
vt 0.35337 0.31856
vt 0.35337 0.32091
vt 0.35337 0.40098
vt 0.35337 0.40334
vt 0.35337 0.41872
vt 0.35337 0.42108
vt 0.35337 0.49173
vt 0.35337 0.49408
vt 0.35411 0.51182
vt 0.35411 0.57777
vt 0.35411 0.59786
vt 0.35411 0.66380
vt 0.35411 0.68390
vt 0.35411 0.74984
vt 0.35419 0.90927
vt 0.35574 0.32091
vt 0.35574 0.40098
vt 0.35574 0.42108
vt 0.35574 0.49173
vt 0.35618 0.68154
vt 0.35618 0.75219
vt 0.35636 0.59550
vt 0.35636 0.66616
vt 0.35659 0.90924
vt 0.35676 0.59786
vt 0.35676 0.66380
vt 0.35694 0.91159
vt 0.35699 0.68390
vt 0.35699 0.74984
vt 0.35937 0.10017
vt 0.35937 0.10252
vt 0.35937 0.18416
vt 0.36174 0.10252
vt 0.36174 0.18416
vt 0.36757 0.00000
vt 0.36757 0.00235
vt 0.36757 0.08243
vt 0.36757 0.08478
vt 0.36994 0.00235
vt 0.36994 0.08243
vt 0.37072 0.21917
vt 0.37072 0.22153
vt 0.37072 0.30317
vt 0.37308 0.22153
vt 0.37308 0.30317
vt 0.37719 0.10252
vt 0.37719 0.18259
vt 0.37720 0.18495
vt 0.37842 0.92698
vt 0.37842 0.96622
vt 0.37842 0.96862
vt 0.37901 0.91159
vt 0.37936 0.90924
vt 0.38078 0.96627
vt 0.38175 0.90927
vt 0.38507 0.10252
vt 0.38507 0.18259
vt 0.38508 0.10017
vt 0.38508 0.18495
vt 0.38539 0.00235
vt 0.38539 0.08243
vt 0.38540 0.08478
vt 0.38745 0.10252
vt 0.38745 0.18259
vt 0.38854 0.22153
vt 0.38854 0.30160
vt 0.38854 0.30396
vt 0.38854 0.32170
vt 0.38854 0.39549
vt 0.38854 0.41558
vt 0.38854 0.48937
vt 0.38903 0.85052
vt 0.38945 0.84816
vt 0.39090 0.31934
vt 0.39090 0.32170
vt 0.39090 0.39549
vt 0.39090 0.41323
vt 0.39090 0.41558
vt 0.39090 0.48938
vt 0.39144 0.85048
vt 0.39287 0.76758
vt 0.39287 0.77001
vt 0.39287 0.83278
vt 0.39328 0.00000
vt 0.39328 0.00235
vt 0.39328 0.08243
vt 0.39328 0.08478
vt 0.39475 0.51182
vt 0.39475 0.57777
vt 0.39518 0.50947
vt 0.39518 0.58012
vt 0.39524 0.68390
vt 0.39524 0.74984
vt 0.39524 0.76993
vt 0.39565 0.00235
vt 0.39565 0.08243
vt 0.39623 0.92698
vt 0.39623 0.92855
vt 0.39623 0.95367
vt 0.39642 0.21917
vt 0.39642 0.22153
vt 0.39642 0.30160
vt 0.39642 0.30396
vt 0.39742 0.51182
vt 0.39742 0.57777
vt 0.39742 0.59786
vt 0.39742 0.66380
vt 0.39879 0.22153
vt 0.39879 0.30160
vt 0.39879 0.31934
vt 0.39879 0.32170
vt 0.39879 0.39549
vt 0.39879 0.39784
vt 0.39879 0.41323
vt 0.39879 0.41558
vt 0.39879 0.48938
vt 0.40096 0.92698
vt 0.40096 0.92855
vt 0.40096 0.95367
vt 0.40115 0.32170
vt 0.40115 0.39549
vt 0.40115 0.41558
vt 0.40115 0.48937
vt 0.40290 0.10252
vt 0.40290 0.17631
vt 0.40290 0.19562
vt 0.40290 0.20190
vt 0.40526 0.10017
vt 0.40526 0.10252
vt 0.40526 0.17631
vt 0.40866 0.19562
vt 0.40866 0.20190
vt 0.40930 0.19405
vt 0.40930 0.20347
vt 0.41074 0.19562
vt 0.41074 0.20190
vt 0.41110 0.00157
vt 0.41110 0.07693
vt 0.41268 0.00000
vt 0.41268 0.00157
vt 0.41268 0.07693
vt 0.41268 0.07850
vt 0.41315 0.10017
vt 0.41315 0.10252
vt 0.41315 0.17631
vt 0.41315 0.17867
vt 0.41424 0.22074
vt 0.41424 0.29611
vt 0.41551 0.10252
vt 0.41551 0.17631
vt 0.41582 0.21917
vt 0.41582 0.22074
vt 0.41582 0.29611
vt 0.41582 0.29768
vt 0.41660 0.32170
vt 0.41660 0.39235
vt 0.41660 0.41244
vt 0.41660 0.48309
vt 0.41660 0.57152
vt 0.41660 0.59162
vt 0.41660 0.65756
vt 0.41660 0.67765
vt 0.41660 0.74359
vt 0.41660 0.76133
vt 0.41660 0.76369
vt 0.41660 0.82492
vt 0.41660 0.82727
vt 0.41660 0.84498
vt 0.41660 0.96094
vt 0.41844 0.67530
vt 0.41844 0.74595
vt 0.41858 0.84266
vt 0.41894 0.58926
vt 0.41894 0.65991
vt 0.41896 0.32170
vt 0.41896 0.39235
vt 0.41896 0.41244
vt 0.41896 0.48309
vt 0.41896 0.57146
vt 0.41897 0.31934
vt 0.41897 0.39470
vt 0.41897 0.41009
vt 0.41897 0.48545
vt 0.41897 0.50083
vt 0.41897 0.57388
vt 0.41897 0.92165
vt 0.41897 0.96090
vt 0.41897 0.96330
vt 0.41898 0.00000
vt 0.41898 0.00157
vt 0.41898 0.07693
vt 0.41898 0.07850
vt 0.41900 0.84501
vt 0.41962 0.67765
vt 0.41962 0.74359
vt 0.41975 0.59162
vt 0.41975 0.65756
vt 0.42056 0.00157
vt 0.42056 0.07693
vt 0.42212 0.21917
vt 0.42212 0.22074
vt 0.42212 0.29611
vt 0.42212 0.29768
vt 0.42370 0.22074
vt 0.42370 0.29611
vt 0.42631 0.90394
vt 0.42870 0.90391
vt 0.42906 0.90627
vt 0.43096 0.10252
vt 0.43096 0.17317
vt 0.43096 0.19327
vt 0.43096 0.20112
vt 0.43097 0.10017
vt 0.43097 0.17553
vt 0.43333 0.19091
vt 0.43333 0.19327
vt 0.43333 0.20112
vt 0.43333 0.20347
vt 0.43601 0.00000
vt 0.43601 0.00235
vt 0.43601 0.07301
vt 0.43601 0.07536
vt 0.43915 0.21917
vt 0.43915 0.22153
vt 0.43915 0.29218
vt 0.43915 0.29454
vt 0.44121 0.19091
vt 0.44121 0.20347
vt 0.44122 0.19327
vt 0.44122 0.20112
vt 0.44358 0.19327
vt 0.44358 0.20112
vt 0.45051 0.92165
vt 0.45051 0.96090
vt 0.45051 0.96330
vt 0.45112 0.90627
vt 0.45148 0.90391
vt 0.45287 0.96094
vt 0.45387 0.90394
vt 0.45903 0.19091
vt 0.45903 0.19327
vt 0.45903 0.20112
vt 0.45903 0.20347
vt 0.46076 0.76133
vt 0.46076 0.76369
vt 0.46076 0.82492
vt 0.46076 0.82727
vt 0.46118 0.84501
vt 0.46160 0.84266
vt 0.46358 0.84498
vt 0.46495 0.57146
vt 0.46496 0.50083
vt 0.46496 0.57388
vt 0.46526 0.67765
vt 0.46526 0.74359
vt 0.46692 0.19091
vt 0.46692 0.19327
vt 0.46692 0.20112
vt 0.46692 0.20347
vt 0.46733 0.50090
vt 0.46733 0.57152
vt 0.46832 0.92165
vt 0.46832 0.92322
vt 0.46832 0.94834
vt 0.47305 0.92165
vt 0.47305 0.92322
vt 0.47305 0.94834
vt 0.47463 0.92322
vt 0.47621 0.76136
vt 0.47621 0.80538
vt 0.47700 0.76133
vt 0.47778 0.80527
vt 0.47784 0.80689
vt 0.47857 0.80524
vt 0.47858 0.76133
vt 0.47863 0.80686
vt 0.47973 0.59162
vt 0.47973 0.65756
vt 0.48015 0.80524
vt 0.48047 0.84263
vt 0.48047 0.87098
vt 0.48126 0.87102
vt 0.48204 0.31934
vt 0.48204 0.32170
vt 0.48204 0.39235
vt 0.48204 0.39470
vt 0.48204 0.41009
vt 0.48204 0.41244
vt 0.48204 0.48309
vt 0.48204 0.48545
vt 0.48205 0.84278
vt 0.48213 0.84115
vt 0.48237 0.19248
vt 0.48237 0.19876
vt 0.48283 0.84282
vt 0.48292 0.84120
vt 0.48381 0.19091
vt 0.48381 0.20033
vt 0.48441 0.32170
vt 0.48441 0.39235
vt 0.48441 0.41244
vt 0.48441 0.48309
vt 0.48441 0.84285
vt 0.48445 0.19248
vt 0.48445 0.19876
vt 0.49021 0.19248
vt 0.49021 0.19876
vt 0.49404 0.10017
vt 0.49404 0.10252
vt 0.49404 0.17317
vt 0.49404 0.17553
vt 0.49641 0.10252
vt 0.49641 0.17317
vt 0.49909 0.00000
vt 0.49909 0.00235
vt 0.49909 0.07301
vt 0.49909 0.07536
vt 0.49986 0.31934
vt 0.49986 0.39314
vt 0.49986 0.41009
vt 0.49986 0.48388
vt 0.49986 0.50162
vt 0.49986 0.65831
vt 0.49986 0.67614
vt 0.49986 0.74209
vt 0.49986 0.75983
vt 0.49986 0.82577
vt 0.49986 0.84348
vt 0.49986 0.96415
vt 0.49997 0.57228
vt 0.49997 0.58766
vt 0.50184 0.84115
vt 0.50219 0.75983
vt 0.50219 0.82577
vt 0.50222 0.49927
vt 0.50223 0.21917
vt 0.50223 0.22153
vt 0.50223 0.29218
vt 0.50223 0.29454
vt 0.50223 0.50162
vt 0.50223 0.92015
vt 0.50223 0.96410
vt 0.50223 0.96650
vt 0.50226 0.84351
vt 0.50233 0.57227
vt 0.50957 0.90244
vt 0.51186 0.10017
vt 0.51186 0.17396
vt 0.51196 0.90241
vt 0.51232 0.90476
vt 0.51454 0.00008
vt 0.51455 0.07069
vt 0.51692 0.00000
vt 0.51692 0.07062
vt 0.51692 0.07304
vt 0.51768 0.21925
vt 0.51768 0.28986
vt 0.52005 0.21917
vt 0.52005 0.28979
vt 0.52005 0.29222
vt 0.53438 0.90476
vt 0.53474 0.90241
vt 0.53692 0.92015
vt 0.53692 0.96410
vt 0.53692 0.96650
vt 0.53713 0.90244
vt 0.53928 0.96415
vt 0.54436 0.75983
vt 0.54436 0.82577
vt 0.54444 0.84351
vt 0.54486 0.84115
vt 0.54684 0.84348
vt 0.54880 0.67614
vt 0.54880 0.74209
vt 0.54997 0.67379
vt 0.54997 0.74444
vt 0.55181 0.67614
vt 0.55181 0.74209
vt 0.55816 0.10017
vt 0.55816 0.17396
vt 0.55982 0.76145
vt 0.56134 0.75985
vt 0.56140 0.76163
vt 0.56213 0.75983
vt 0.56219 0.76161
vt 0.56291 0.00000
vt 0.56291 0.07304
vt 0.56292 0.07062
vt 0.56294 0.65841
vt 0.56297 0.81286
vt 0.56304 0.58775
vt 0.56376 0.76133
vt 0.56376 0.81283
vt 0.56384 0.84255
vt 0.56384 0.87089
vt 0.56384 0.91435
vt 0.56384 0.95165
vt 0.56462 0.87093
vt 0.56527 0.07069
vt 0.56529 0.95331
vt 0.56530 0.50153
vt 0.56532 0.91599
vt 0.56541 0.57218
vt 0.56541 0.84269
vt 0.56542 0.91420
vt 0.56543 0.95153
vt 0.56550 0.84107
vt 0.56604 0.21917
vt 0.56604 0.29222
vt 0.56605 0.28979
vt 0.56608 0.95337
vt 0.56611 0.91603
vt 0.56620 0.84273
vt 0.56621 0.91424
vt 0.56622 0.95159
vt 0.56629 0.84111
vt 0.56698 0.93142
vt 0.56699 0.88632
vt 0.56767 0.50152
vt 0.56777 0.57218
vt 0.56777 0.84276
vt 0.56777 0.88636
vt 0.56777 0.91457
vt 0.56777 0.93148
vt 0.56777 0.95195
vt 0.56841 0.28986
vt 0.56907 0.41009
vt 0.56907 0.48388
vt 0.56909 0.31934
vt 0.56909 0.39313
vt 0.57142 0.41009
vt 0.57142 0.48388
vt 0.57143 0.31934
vt 0.57143 0.39313
vt 0.57361 0.10018
vt 0.57362 0.17083
vt 0.57598 0.10017
vt 0.57598 0.17082
vt 0.57598 0.17319
vt 0.58073 0.00001
vt 0.58073 0.07066
vt 0.58309 0.07302
vt 0.58310 0.00000
vt 0.58310 0.07065
vt 0.58322 0.49928
vt 0.58322 0.56993
vt 0.58322 0.59002
vt 0.58322 0.65597
vt 0.58322 0.67606
vt 0.58322 0.74200
vt 0.58322 0.76209
vt 0.58322 0.82333
vt 0.58322 0.84339
vt 0.58322 0.96452
vt 0.58386 0.28983
vt 0.58521 0.84107
vt 0.58527 0.67370
vt 0.58527 0.74436
vt 0.58559 0.49927
vt 0.58559 0.56992
vt 0.58559 0.57228
vt 0.58559 0.75974
vt 0.58559 0.76209
vt 0.58559 0.82333
vt 0.58559 0.82568
vt 0.58559 0.92052
vt 0.58559 0.96447
vt 0.58559 0.96688
vt 0.58563 0.84342
vt 0.58622 0.21917
vt 0.58622 0.28983
vt 0.58623 0.29218
vt 0.58678 0.67606
vt 0.58678 0.74200
vt 0.58687 0.41009
vt 0.58687 0.48074
vt 0.58687 0.48310
vt 0.58688 0.32170
vt 0.58688 0.38764
vt 0.59301 0.90281
vt 0.59540 0.90278
vt 0.59576 0.90513
vt 0.61782 0.90513
vt 0.61818 0.90278
vt 0.62028 0.92052
vt 0.62028 0.96447
vt 0.62028 0.96688
vt 0.62057 0.90281
vt 0.62197 0.17319
vt 0.62198 0.10017
vt 0.62198 0.17082
vt 0.62265 0.96452
vt 0.62434 0.17083
vt 0.62743 0.59002
vt 0.62743 0.65597
vt 0.62795 0.84342
vt 0.62837 0.84107
vt 0.62908 0.07302
vt 0.62909 0.00000
vt 0.62909 0.07065
vt 0.62924 0.58767
vt 0.62924 0.65832
vt 0.62974 0.75974
vt 0.62974 0.82568
vt 0.62975 0.76209
vt 0.62975 0.82333
vt 0.63035 0.84339
vt 0.63103 0.59002
vt 0.63103 0.65597
vt 0.63145 0.07066
vt 0.63158 0.57228
vt 0.63159 0.49927
vt 0.63159 0.56992
vt 0.63211 0.76209
vt 0.63211 0.82333
vt 0.63222 0.21917
vt 0.63222 0.28983
vt 0.63222 0.29218
vt 0.63250 0.32170
vt 0.63250 0.38764
vt 0.63286 0.41009
vt 0.63286 0.48074
vt 0.63287 0.48310
vt 0.63395 0.56993
vt 0.63431 0.31934
vt 0.63431 0.38999
vt 0.63458 0.21918
vt 0.63458 0.28983
vt 0.63523 0.41009
vt 0.63523 0.48074
vt 0.63611 0.32170
vt 0.63611 0.38764
vt 0.63836 0.67607
vt 0.63836 0.74201
vt 0.63979 0.10252
vt 0.63979 0.16846
vt 0.64690 0.00235
vt 0.64690 0.06830
vt 0.64756 0.75974
vt 0.64756 0.82568
vt 0.64756 0.90234
vt 0.64756 0.92165
vt 0.64756 0.96561
vt 0.64799 0.59002
vt 0.64799 0.65597
vt 0.64914 0.92008
vt 0.64914 0.92165
vt 0.64914 0.96561
vt 0.64914 0.96718
vt 0.64940 0.50162
vt 0.64940 0.56756
vt 0.64990 0.75974
vt 0.64990 0.82568
vt 0.64992 0.84107
vt 0.64992 0.90228
vt 0.64993 0.90469
vt 0.65004 0.22153
vt 0.65004 0.28747
vt 0.65068 0.41244
vt 0.65068 0.47838
vt 0.65295 0.41009
vt 0.65295 0.48074
vt 0.65297 0.32170
vt 0.65297 0.38764
vt 0.65331 0.41244
vt 0.65331 0.47838
vt 0.65382 0.67606
vt 0.65382 0.74200
vt 0.65587 0.67370
vt 0.65587 0.74436
vt 0.65737 0.67606
vt 0.65737 0.74200
vt 0.66344 0.59003
vt 0.66344 0.65597
vt 0.66842 0.32170
vt 0.66842 0.38764
vt 0.67752 0.92008
vt 0.67752 0.92165
vt 0.67752 0.96561
vt 0.67752 0.96718
vt 0.67910 0.92165
vt 0.67910 0.96561
vt 0.68461 0.84107
vt 0.68461 0.90228
vt 0.68462 0.90469
vt 0.68698 0.90234
vt 0.68699 0.84112
vt 0.69228 0.75974
vt 0.69228 0.82568
vt 0.69882 0.10252
vt 0.69882 0.16846
vt 0.69998 0.10017
vt 0.69998 0.17082
vt 0.70221 0.10252
vt 0.70221 0.16846
vt 0.70531 0.22153
vt 0.70531 0.28747
vt 0.70602 0.00235
vt 0.70602 0.06830
vt 0.70602 0.50162
vt 0.70602 0.56756
vt 0.70638 0.00000
vt 0.70638 0.07065
vt 0.70639 0.49927
vt 0.70639 0.56992
vt 0.70648 0.21917
vt 0.70648 0.28983
vt 0.70773 0.82257
vt 0.70773 0.84264
vt 0.70773 0.92212
vt 0.70773 0.96451
vt 0.70783 0.67607
vt 0.70783 0.74201
vt 0.70865 0.50162
vt 0.70865 0.56756
vt 0.70871 0.22153
vt 0.70871 0.28747
vt 0.70878 0.00235
vt 0.70878 0.06830
vt 0.70931 0.41244
vt 0.70931 0.47838
vt 0.70971 0.84031
vt 0.71009 0.75974
vt 0.71009 0.82253
vt 0.71009 0.82493
vt 0.71009 0.91976
vt 0.71009 0.92212
vt 0.71009 0.96451
vt 0.71009 0.96686
vt 0.71013 0.84267
vt 0.71642 0.59002
vt 0.71642 0.65596
vt 0.71723 0.58767
vt 0.71723 0.65832
vt 0.71751 0.90206
vt 0.71766 0.10252
vt 0.71766 0.16846
vt 0.71930 0.59002
vt 0.71930 0.65597
vt 0.71972 0.10017
vt 0.71972 0.17082
vt 0.71990 0.90202
vt 0.72026 0.90438
vt 0.72054 0.10252
vt 0.72054 0.16846
vt 0.72127 0.32170
vt 0.72127 0.38764
vt 0.72206 0.31934
vt 0.72206 0.38999
vt 0.72329 0.67606
vt 0.72329 0.74200
vt 0.72410 0.50162
vt 0.72410 0.56756
vt 0.72414 0.32170
vt 0.72414 0.38764
vt 0.72416 0.22074
vt 0.72416 0.28826
vt 0.72423 0.00157
vt 0.72423 0.06908
vt 0.72476 0.41244
vt 0.72476 0.47839
vt 0.72553 0.67370
vt 0.72553 0.74436
vt 0.72573 0.21917
vt 0.72573 0.22074
vt 0.72573 0.28826
vt 0.72573 0.28983
vt 0.72580 0.00000
vt 0.72580 0.00157
vt 0.72580 0.06908
vt 0.72580 0.07065
vt 0.72666 0.67606
vt 0.72666 0.74200
vt 0.73475 0.59003
vt 0.73475 0.65597
vt 0.73959 0.32077
vt 0.74084 0.91976
vt 0.74084 0.92212
vt 0.74084 0.96451
vt 0.74084 0.96686
vt 0.74117 0.31934
vt 0.74117 0.32141
vt 0.74118 0.39022
vt 0.74162 0.82253
vt 0.74163 0.75974
vt 0.74163 0.82493
vt 0.74232 0.90438
vt 0.74268 0.90202
vt 0.74321 0.92212
vt 0.74321 0.96451
vt 0.74391 0.41244
vt 0.74391 0.47838
vt 0.74400 0.75978
vt 0.74400 0.82257
vt 0.74477 0.50162
vt 0.74477 0.56756
vt 0.74507 0.90206
vt 0.74539 0.41009
vt 0.74539 0.48074
vt 0.74593 0.49927
vt 0.74593 0.56992
vt 0.74623 0.21917
vt 0.74623 0.22074
vt 0.74623 0.28826
vt 0.74623 0.28983
vt 0.74630 0.00000
vt 0.74630 0.00157
vt 0.74630 0.06908
vt 0.74630 0.07065
vt 0.74744 0.67606
vt 0.74744 0.74200
vt 0.74745 0.41244
vt 0.74745 0.47838
vt 0.74748 0.31934
vt 0.74748 0.32141
vt 0.74748 0.39022
vt 0.74781 0.22074
vt 0.74781 0.28826
vt 0.74788 0.00157
vt 0.74788 0.06908
vt 0.74816 0.50162
vt 0.74816 0.56756
vt 0.74906 0.32077
vt 0.75245 0.84267
vt 0.75287 0.84031
vt 0.75380 0.59002
vt 0.75380 0.65596
vt 0.75486 0.84264
vt 0.75530 0.58767
vt 0.75530 0.65832
vt 0.75735 0.59002
vt 0.75735 0.65597
vt 0.75754 0.10253
vt 0.75754 0.16847
vt 0.75866 0.91976
vt 0.75866 0.92133
vt 0.75866 0.95744
vt 0.75866 0.95901
vt 0.76289 0.67606
vt 0.76289 0.73886
vt 0.76289 0.75660
vt 0.76289 0.82411
vt 0.76290 0.41009
vt 0.76290 0.47760
vt 0.76291 0.41244
vt 0.76291 0.47524
vt 0.76326 0.22153
vt 0.76326 0.28433
vt 0.76333 0.00164
vt 0.76361 0.50091
vt 0.76447 0.75660
vt 0.76447 0.82411
vt 0.76451 0.31934
vt 0.76451 0.32170
vt 0.76451 0.38450
vt 0.76451 0.38685
vt 0.76487 0.00004
vt 0.76491 0.00166
vt 0.76515 0.49930
vt 0.76519 0.50093
vt 0.76526 0.67370
vt 0.76526 0.67606
vt 0.76526 0.73886
vt 0.76526 0.74122
vt 0.76563 0.21917
vt 0.76563 0.22153
vt 0.76563 0.28433
vt 0.76563 0.28669
vt 0.76645 0.00000
vt 0.76648 0.06911
vt 0.76649 0.00163
vt 0.76673 0.49927
vt 0.76677 0.50089
vt 0.76677 0.56838
vt 0.76806 0.00153
vt 0.76806 0.06907
vt 0.76834 0.50080
vt 0.76834 0.56834
vt 0.77280 0.58999
vt 0.77299 0.10249
vt 0.77478 0.58767
vt 0.77497 0.10017
vt 0.77520 0.59002
vt 0.77539 0.10252
vt 0.78261 0.84115
vt 0.78299 0.65186
vt 0.78318 0.16436
vt 0.78351 0.00011
vt 0.78352 0.06441
vt 0.78380 0.50162
vt 0.78389 0.91976
vt 0.78389 0.92133
vt 0.78389 0.95744
vt 0.78389 0.95901
vt 0.78411 0.83953
vt 0.78419 0.84131
vt 0.78490 0.83950
vt 0.78497 0.75660
vt 0.78497 0.82411
vt 0.78498 0.84128
vt 0.78538 0.65183
vt 0.78557 0.16433
vt 0.78574 0.65418
vt 0.78576 0.87700
vt 0.78588 0.00000
vt 0.78589 0.06430
vt 0.78589 0.06676
vt 0.78593 0.16668
vt 0.78616 0.49927
vt 0.78616 0.50173
vt 0.78616 0.56603
vt 0.78655 0.75660
vt 0.78655 0.82411
vt 0.78655 0.84098
vt 0.78655 0.87696
vt 0.79920 0.31934
vt 0.79920 0.32170
vt 0.79920 0.38450
vt 0.79920 0.38685
vt 0.80032 0.21917
vt 0.80032 0.22153
vt 0.80032 0.28433
vt 0.80032 0.28669
vt 0.80200 0.81944
vt 0.80200 0.90003
vt 0.80200 0.92012
vt 0.80200 0.96251
vt 0.80233 0.41009
vt 0.80233 0.41244
vt 0.80233 0.47524
vt 0.80233 0.47760
vt 0.80268 0.22153
vt 0.80268 0.28433
vt 0.80436 0.75660
vt 0.80436 0.81938
vt 0.80436 0.82180
vt 0.80436 0.83718
vt 0.80436 0.89995
vt 0.80436 0.90238
vt 0.80436 0.91776
vt 0.80436 0.92012
vt 0.80436 0.96251
vt 0.80436 0.96486
vt 0.80468 0.67370
vt 0.80468 0.67606
vt 0.80468 0.73886
vt 0.80468 0.74122
vt 0.80705 0.67606
vt 0.80705 0.73886
vt 0.80780 0.65418
vt 0.80799 0.16668
vt 0.80816 0.65183
vt 0.80834 0.16433
vt 0.81055 0.65186
vt 0.81074 0.16436
vt 0.81465 0.32170
vt 0.81702 0.31934
vt 0.81702 0.32171
vt 0.81702 0.38451
vt 0.81778 0.41244
vt 0.81814 0.22153
vt 0.81834 0.59002
vt 0.81852 0.10252
vt 0.81876 0.58767
vt 0.81894 0.10017
vt 0.82015 0.41009
vt 0.82015 0.41246
vt 0.82015 0.47526
vt 0.82050 0.21917
vt 0.82050 0.22154
vt 0.82050 0.28434
vt 0.82058 0.00000
vt 0.82058 0.06676
vt 0.82059 0.06430
vt 0.82074 0.58999
vt 0.82085 0.49927
vt 0.82085 0.50173
vt 0.82085 0.56603
vt 0.82093 0.10249
vt 0.82250 0.67606
vt 0.82294 0.06441
vt 0.82322 0.50162
vt 0.82486 0.67370
vt 0.82486 0.67607
vt 0.82486 0.73887
vt 0.83117 0.83718
vt 0.83117 0.89995
vt 0.83117 0.90238
vt 0.83354 0.83725
vt 0.83354 0.90003
vt 0.83511 0.91776
vt 0.83511 0.92012
vt 0.83511 0.96251
vt 0.83511 0.96486
vt 0.83619 0.59002
vt 0.83619 0.65282
vt 0.83638 0.10252
vt 0.83638 0.16532
vt 0.83638 0.18252
vt 0.83748 0.92012
vt 0.83748 0.96251
vt 0.83783 0.18083
vt 0.83795 0.18246
vt 0.83840 0.00232
vt 0.83856 0.58767
vt 0.83856 0.59003
vt 0.83856 0.65283
vt 0.83867 0.50159
vt 0.83874 0.10017
vt 0.83874 0.10253
vt 0.83874 0.16533
vt 0.83940 0.18071
vt 0.83952 0.18233
vt 0.83952 0.20279
vt 0.84038 0.00000
vt 0.84065 0.49927
vt 0.84080 0.00235
vt 0.84107 0.50162
vt 0.84110 0.18216
vt 0.84110 0.20267
vt 0.84828 0.06237
vt 0.84856 0.56164
vt 0.85036 0.75660
vt 0.85036 0.81938
vt 0.85036 0.82180
vt 0.85068 0.06234
vt 0.85095 0.56161
vt 0.85103 0.06469
vt 0.85131 0.56396
vt 0.85272 0.81944
vt 0.85655 0.18077
vt 0.85655 0.20117
vt 0.85813 0.18071
vt 0.85813 0.20111
vt 0.85813 0.20274
vt 0.85970 0.20274
vt 0.85971 0.18071
vt 0.85971 0.20111
vt 0.86029 0.92011
vt 0.86128 0.20117
vt 0.86266 0.91776
vt 0.86266 0.92022
vt 0.86266 0.97040
vt 0.86301 0.31934
vt 0.86301 0.32171
vt 0.86301 0.38451
vt 0.86538 0.32170
vt 0.86614 0.41009
vt 0.86614 0.41246
vt 0.86614 0.47526
vt 0.86650 0.21917
vt 0.86650 0.22154
vt 0.86650 0.28434
vt 0.86817 0.81944
vt 0.86817 0.90002
vt 0.86850 0.41244
vt 0.86886 0.22153
vt 0.87053 0.81939
vt 0.87053 0.89994
vt 0.87054 0.75660
vt 0.87054 0.82179
vt 0.87054 0.83717
vt 0.87054 0.90237
vt 0.87086 0.67370
vt 0.87086 0.67607
vt 0.87086 0.73887
vt 0.87310 0.06469
vt 0.87322 0.67606
vt 0.87337 0.56396
vt 0.87345 0.06234
vt 0.87372 0.56161
vt 0.87584 0.06237
vt 0.87612 0.56164
vt 0.87673 0.20115
vt 0.87830 0.18071
vt 0.87830 0.20112
vt 0.87831 0.20272
vt 0.87988 0.18071
vt 0.87988 0.20112
vt 0.87989 0.20272
vt 0.88083 0.32166
vt 0.88146 0.18074
vt 0.88146 0.20115
vt 0.88281 0.31934
vt 0.88323 0.32170
vt 0.88333 0.00235
vt 0.88360 0.50162
vt 0.88375 0.00000
vt 0.88396 0.41241
vt 0.88402 0.49927
vt 0.88431 0.22150
vt 0.88455 0.58767
vt 0.88455 0.59003
vt 0.88455 0.65283
vt 0.88474 0.10017
vt 0.88474 0.10253
vt 0.88474 0.16533
vt 0.88573 0.00232
vt 0.88594 0.41009
vt 0.88601 0.50159
vt 0.88630 0.21917
vt 0.88636 0.41244
vt 0.88671 0.22153
vt 0.88692 0.59002
vt 0.88692 0.65282
vt 0.88710 0.10252
vt 0.88710 0.16532
vt 0.88867 0.67603
vt 0.89040 0.37977
vt 0.89065 0.67370
vt 0.89107 0.67606
vt 0.89279 0.37974
vt 0.89314 0.38210
vt 0.89352 0.47050
vt 0.89388 0.27959
vt 0.89592 0.47047
vt 0.89627 0.27956
vt 0.89627 0.47282
vt 0.89663 0.28191
vt 0.89734 0.83717
vt 0.89734 0.89994
vt 0.89734 0.90237
vt 0.89735 0.91776
vt 0.89735 0.92022
vt 0.89735 0.97040
vt 0.89814 0.73349
vt 0.89971 0.90002
vt 0.89972 0.83725
vt 0.89972 0.92011
vt 0.90053 0.73346
vt 0.90089 0.73581
vt 0.90119 0.00235
vt 0.90119 0.05888
vt 0.90146 0.49927
vt 0.90146 0.50162
vt 0.90146 0.55814
vt 0.90146 0.56050
vt 0.90207 0.75660
vt 0.90207 0.81939
vt 0.90208 0.82179
vt 0.90237 0.64421
vt 0.90255 0.15671
vt 0.90255 0.17681
vt 0.90255 0.20036
vt 0.90355 0.00000
vt 0.90355 0.00235
vt 0.90355 0.05888
vt 0.90355 0.06123
vt 0.90441 0.17445
vt 0.90441 0.20271
vt 0.90444 0.75664
vt 0.90444 0.81944
vt 0.90473 0.58767
vt 0.90473 0.64419
vt 0.90473 0.64657
vt 0.90492 0.10017
vt 0.90492 0.15668
vt 0.90492 0.15907
vt 0.90588 0.17681
vt 0.90588 0.20036
vt 0.91517 0.83874
vt 0.91517 0.89055
vt 0.91517 0.90986
vt 0.91521 0.38210
vt 0.91556 0.37974
vt 0.91674 0.83874
vt 0.91674 0.89055
vt 0.91675 0.83717
vt 0.91675 0.89212
vt 0.91753 0.90751
vt 0.91753 0.90997
vt 0.91753 0.96016
vt 0.91796 0.37977
vt 0.91833 0.47282
vt 0.91869 0.28191
vt 0.91869 0.47047
vt 0.91905 0.27956
vt 0.91990 0.75817
vt 0.91990 0.80998
vt 0.92108 0.47050
vt 0.92144 0.27959
vt 0.92147 0.75660
vt 0.92147 0.75817
vt 0.92147 0.80998
vt 0.92147 0.81155
vt 0.92295 0.73581
vt 0.92330 0.73346
vt 0.92512 0.32170
vt 0.92554 0.31934
vt 0.92570 0.73349
vt 0.92753 0.32166
vt 0.92812 0.17681
vt 0.92812 0.20036
vt 0.92825 0.41244
vt 0.92860 0.22153
vt 0.92867 0.41009
vt 0.92902 0.21917
vt 0.93065 0.41241
vt 0.93100 0.22150
vt 0.93276 0.67606
vt 0.93300 0.49927
vt 0.93300 0.50162
vt 0.93300 0.55814
vt 0.93300 0.56050
vt 0.93318 0.67370
vt 0.93509 0.00000
vt 0.93509 0.00235
vt 0.93509 0.05888
vt 0.93509 0.06123
vt 0.93516 0.67603
vt 0.93547 0.64419
vt 0.93548 0.58767
vt 0.93548 0.64657
vt 0.93567 0.10017
vt 0.93567 0.15668
vt 0.93567 0.15907
vt 0.93745 0.00235
vt 0.93745 0.05888
vt 0.93785 0.58769
vt 0.93785 0.64421
vt 0.93803 0.15671
vt 0.93804 0.10019
vt 0.94298 0.31934
vt 0.94298 0.32091
vt 0.94298 0.36487
vt 0.94298 0.36644
vt 0.94610 0.41166
vt 0.94610 0.44777
vt 0.94646 0.25377
vt 0.94646 0.27385
vt 0.94646 0.30054
vt 0.94768 0.41009
vt 0.94768 0.41166
vt 0.94768 0.44777
vt 0.94768 0.44934
vt 0.94845 0.53386
vt 0.94882 0.21917
vt 0.94882 0.25370
vt 0.94882 0.25612
vt 0.95061 0.67606
vt 0.95061 0.70668
vt 0.95081 0.49927
vt 0.95081 0.53379
vt 0.95081 0.53622
vt 0.95223 0.90751
vt 0.95223 0.90997
vt 0.95223 0.96016
vt 0.95291 0.00235
vt 0.95291 0.03297
vt 0.95291 0.05228
vt 0.95291 0.08054
vt 0.95301 0.83717
vt 0.95301 0.83874
vt 0.95301 0.89055
vt 0.95301 0.89212
vt 0.95330 0.59002
vt 0.95330 0.62064
vt 0.95349 0.10234
vt 0.95349 0.14901
vt 0.95448 0.05071
vt 0.95448 0.05228
vt 0.95448 0.08054
vt 0.95448 0.08211
vt 0.95459 0.83874
vt 0.95459 0.89055
vt 0.95459 0.90986
vt 0.95527 0.00000
vt 0.95527 0.00235
vt 0.95527 0.03297
vt 0.95527 0.03533
vt 0.95567 0.58767
vt 0.95567 0.59003
vt 0.95567 0.62064
vt 0.95567 0.62299
vt 0.95585 0.10017
vt 0.95585 0.10325
vt 0.95585 0.13145
vt 0.95585 0.14684
vt 0.95585 0.14993
vt 0.95585 0.17813
vt 0.95774 0.75660
vt 0.95774 0.75817
vt 0.95774 0.80998
vt 0.95774 0.81155
vt 0.95932 0.75817
vt 0.95932 0.80998
vt 0.97004 0.83902
vt 0.97004 0.88477
vt 0.97004 0.93104
vt 0.97004 0.95459
vt 0.97004 0.97450
vt 0.97136 0.31934
vt 0.97136 0.32091
vt 0.97136 0.36487
vt 0.97136 0.36644
vt 0.97190 0.92868
vt 0.97190 0.95694
vt 0.97240 0.84048
vt 0.97240 0.88293
vt 0.97240 0.88624
vt 0.97240 0.97541
vt 0.97241 0.83717
vt 0.97241 0.97233
vt 0.97242 1.00000
vt 0.97244 0.86754
vt 0.97247 0.91330
vt 0.97291 0.41009
vt 0.97291 0.41166
vt 0.97291 0.44777
vt 0.97291 0.44934
vt 0.97337 0.93104
vt 0.97337 0.95459
vt 0.97344 0.27387
vt 0.97344 0.30056
vt 0.97449 0.41166
vt 0.97449 0.44777
vt 0.97457 0.27151
vt 0.97457 0.30291
vt 0.97477 0.75877
vt 0.97498 0.05071
vt 0.97498 0.05228
vt 0.97498 0.08054
vt 0.97498 0.08211
vt 0.97563 0.21917
vt 0.97563 0.25370
vt 0.97563 0.25612
vt 0.97635 0.10017
vt 0.97635 0.10325
vt 0.97635 0.13145
vt 0.97635 0.14684
vt 0.97635 0.14993
vt 0.97635 0.17813
vt 0.97656 0.05228
vt 0.97656 0.08054
vt 0.97665 0.27387
vt 0.97665 0.30056
vt 0.97713 0.75660
vt 0.97713 0.75969
vt 0.97716 0.78427
vt 0.97762 0.49927
vt 0.97762 0.53379
vt 0.97762 0.53622
vt 0.97799 0.25377
vt 0.97872 0.10234
vt 0.97872 0.14901
vt 0.97999 0.53386
vt 0.98208 0.00000
vt 0.98208 0.00235
vt 0.98208 0.03297
vt 0.98208 0.03533
vt 0.98215 0.67606
vt 0.98215 0.70668
vt 0.98217 0.67370
vt 0.98217 0.70903
vt 0.98247 0.58767
vt 0.98247 0.59003
vt 0.98247 0.62064
vt 0.98247 0.62299
vt 0.98444 0.00235
vt 0.98444 0.03297
vt 0.98454 0.67606
vt 0.98454 0.70668
vt 0.98484 0.59002
vt 0.98484 0.62064
vt 0.99291 0.97233
vt 0.99291 0.97541
vt 0.99292 1.00000
vt 0.99527 0.97450
vt 0.99560 0.93104
vt 0.99560 0.95459
vt 0.99606 0.83717
vt 0.99606 0.84048
vt 0.99606 0.88293
vt 0.99606 0.88624
vt 0.99609 0.86754
vt 0.99612 0.91330
vt 0.99763 0.75660
vt 0.99763 0.75969
vt 0.99766 0.78427
vt 0.99843 0.83902
vt 0.99843 0.88477
vt 1.00000 0.75877
s 0
usemtl OpenWorld_stone_dressed
f 1/229/14 3/215/14 8/214/14
f 1/229/14 8/214/14 7/228/14
f 1/654/6 2/652/6 3/651/6
f 10/319/3 16/217/3 22/216/3
f 10/319/3 5/320/3 16/217/3
f 10/493/16 12/475/16 6/474/16
f 10/493/16 6/474/16 5/492/16
f 10/493/9 11/479/9 12/475/9
f 100/699/15 102/698/15 99/735/15
f 100/699/15 99/735/15 98/736/15
f 100/721/99 101/729/99 102/722/99
f 101/691/25 100/699/25 113/700/25
f 101/691/25 113/700/25 112/692/25
f 102/722/4 104/687/4 99/686/4
f 102/722/4 108/723/4 104/687/4
f 103/771/18 105/766/18 116/765/18
f 103/771/18 116/765/18 115/770/18
f 103/771/8 104/767/8 105/766/8
f 105/688/17 104/687/17 108/723/17
f 105/688/17 108/723/17 107/724/17
f 106/314/3 101/315/3 112/219/3
f 106/314/3 112/219/3 118/218/3
f 106/730/100 107/724/100 108/723/100
f 106/730/16 102/722/16 101/729/16
f 106/730/16 108/723/16 102/722/16
f 107/751/5 116/765/5 105/766/5
f 107/751/5 120/750/5 116/765/5
f 109/119/10 110/135/10 111/120/10
f 109/744/24 111/737/24 98/736/24
f 109/744/24 98/736/24 97/743/24
f 11/521/5 20/547/5 9/548/5
f 11/521/5 24/520/5 20/547/5
f 111/683/23 110/682/23 114/707/23
f 111/683/23 114/707/23 113/708/23
f 112/717/101 113/708/101 114/707/101
f 112/717/22 114/707/22 119/706/22
f 112/717/22 119/706/22 118/716/22
f 113/700/1 100/699/1 98/736/1
f 113/700/1 98/736/1 111/737/1
f 115/118/12 116/117/12 117/134/12
f 115/118/21 110/135/21 109/119/21
f 115/118/21 117/134/21 110/135/21
f 115/118/26 109/119/26 97/27/26
f 115/118/26 97/27/26 103/26/26
f 117/764/20 116/765/20 120/750/20
f 117/764/20 120/750/20 119/749/20
f 118/716/102 119/706/102 120/705/102
f 118/745/19 107/751/19 106/746/19
f 118/745/19 120/750/19 107/751/19
f 119/706/2 110/682/2 117/681/2
f 119/706/2 114/707/2 110/682/2
f 13/331/10 14/336/10 15/332/10
f 13/655/24 15/653/24 2/652/24
f 13/655/24 2/652/24 1/654/24
f 145/227/14 147/213/14 152/212/14
f 145/227/14 152/212/14 151/226/14
f 145/665/127 146/663/127 147/662/127
f 148/480/128 149/494/128 150/476/128
f 148/617/15 147/662/15 146/663/15
f 148/617/15 150/616/15 147/662/15
f 149/603/25 148/617/25 161/618/25
f 149/603/25 161/618/25 160/604/25
f 15/353/23 14/350/23 18/379/23
f 15/353/23 18/379/23 17/383/23
f 150/476/4 152/428/4 147/427/4
f 150/476/4 156/477/4 152/428/4
f 151/583/129 152/579/129 153/578/129
f 151/583/18 153/578/18 164/577/18
f 151/583/18 164/577/18 163/582/18
f 153/429/17 152/428/17 156/477/17
f 153/429/17 156/477/17 155/481/17
f 154/495/130 155/481/130 156/477/130
f 154/495/16 150/476/16 149/494/16
f 154/495/16 156/477/16 150/476/16
f 154/496/3 149/497/3 160/343/3
f 154/496/3 160/343/3 166/342/3
f 155/534/5 164/577/5 153/578/5
f 155/534/5 168/533/5 164/577/5
f 157/327/131 158/334/131 159/328/131
f 157/666/24 146/663/24 145/665/24
f 157/666/24 159/664/24 146/663/24
f 159/354/23 158/352/23 162/381/23
f 159/354/23 162/381/23 161/385/23
f 16/387/11 17/383/11 18/379/11
f 16/387/22 18/379/22 23/378/22
f 16/387/22 23/378/22 22/386/22
f 160/389/132 161/385/132 162/381/132
f 160/389/22 162/381/22 167/380/22
f 160/389/22 167/380/22 166/388/22
f 161/618/1 146/663/1 159/664/1
f 161/618/1 148/617/1 146/663/1
f 163/326/133 164/325/133 165/333/133
f 163/326/21 158/334/21 157/327/21
f 163/326/21 165/333/21 158/334/21
f 163/326/26 145/227/26 151/226/26
f 163/326/26 157/327/26 145/227/26
f 165/576/20 164/577/20 168/533/20
f 165/576/20 168/533/20 167/532/20
f 166/388/134 167/380/134 168/384/134
f 166/524/19 155/534/19 154/525/19
f 166/524/19 168/533/19 155/534/19
f 167/380/2 158/352/2 165/351/2
f 167/380/2 162/381/2 158/352/2
f 17/596/1 2/652/1 15/653/1
f 17/596/1 4/595/1 2/652/1
f 19/330/12 20/329/12 21/335/12
f 19/330/21 14/336/21 13/331/21
f 19/330/21 21/335/21 14/336/21
f 19/330/26 1/229/26 7/228/26
f 19/330/26 13/331/26 1/229/26
f 21/546/20 20/547/20 24/520/20
f 21/546/20 24/520/20 23/519/20
f 22/386/13 23/378/13 24/382/13
f 22/515/19 11/521/19 10/516/19
f 22/515/19 24/520/19 11/521/19
f 23/378/2 14/350/2 21/349/2
f 23/378/2 18/379/2 14/350/2
f 241/189/127 242/183/127 243/182/127
f 241/518/14 243/514/14 248/513/14
f 241/518/14 248/513/14 247/517/14
f 244/146/15 243/182/15 242/183/15
f 244/146/15 246/145/15 243/182/15
f 244/622/99 245/637/99 246/623/99
f 245/132/25 244/146/25 257/147/25
f 245/132/25 257/147/25 256/133/25
f 246/623/4 248/606/4 243/605/4
f 246/623/4 252/624/4 248/606/4
f 247/742/129 248/734/129 249/733/129
f 247/742/18 249/733/18 260/732/18
f 247/742/18 260/732/18 259/741/18
f 249/607/17 248/606/17 252/624/17
f 249/607/17 252/624/17 251/625/17
f 250/465/3 245/466/3 256/338/3
f 250/465/3 256/338/3 262/337/3
f 250/638/100 251/625/100 252/624/100
f 250/638/16 246/623/16 245/637/16
f 250/638/16 252/624/16 246/623/16
f 251/697/5 260/732/5 249/733/5
f 251/697/5 264/696/5 260/732/5
f 253/190/24 242/183/24 241/189/24
f 253/190/24 255/184/24 242/183/24
f 253/658/131 254/661/131 255/659/131
f 255/669/23 254/668/23 258/678/23
f 255/669/23 258/678/23 257/680/23
f 256/685/101 257/680/101 258/678/101
f 256/685/22 258/678/22 263/677/22
f 256/685/22 263/677/22 262/684/22
f 257/147/1 242/183/1 255/184/1
f 257/147/1 244/146/1 242/183/1
f 259/657/133 260/656/133 261/660/133
f 259/657/21 254/661/21 253/658/21
f 259/657/21 261/660/21 254/661/21
f 259/657/26 241/518/26 247/517/26
f 259/657/26 253/658/26 241/518/26
f 261/731/20 260/732/20 264/696/20
f 261/731/20 264/696/20 263/695/20
f 262/684/102 263/677/102 264/679/102
f 262/689/19 251/697/19 250/690/19
f 262/689/19 264/696/19 251/697/19
f 263/677/2 254/668/2 261/667/2
f 263/677/2 258/678/2 254/668/2
f 4/478/7 5/492/7 6/474/7
f 4/595/15 3/651/15 2/652/15
f 4/595/15 6/594/15 3/651/15
f 5/584/25 17/596/25 16/585/25
f 5/584/25 4/595/25 17/596/25
f 6/474/4 12/475/4 8/425/4
f 6/474/4 8/425/4 3/424/4
f 7/551/18 20/547/18 19/550/18
f 7/551/18 9/548/18 20/547/18
f 7/551/8 8/549/8 9/548/8
f 9/426/17 12/475/17 11/479/17
f 9/426/17 8/425/17 12/475/17
f 97/27/14 104/2/14 103/26/14
f 97/27/14 99/3/14 104/2/14
f 97/743/6 98/736/6 99/735/6
usemtl OpenWorld_stone
f 169/1047/139 170/1030/139 171/1031/139
f 169/799/147 171/779/147 176/778/147
f 169/799/147 176/778/147 175/798/147
f 172/981/140 173/978/140 174/980/140
f 172/981/148 171/1031/148 170/1030/148
f 172/981/148 174/980/148 171/1031/148
f 173/959/158 172/960/158 185/847/158
f 173/959/158 185/847/158 184/846/158
f 174/980/137 176/1029/137 171/1031/137
f 174/980/137 180/979/137 176/1029/137
f 175/197/141 176/205/141 177/206/141
f 175/798/151 177/803/151 188/908/151
f 175/798/151 188/908/151 187/909/151
f 177/206/150 176/205/150 180/256/150
f 177/206/150 180/256/150 179/257/150
f 178/265/142 179/257/142 180/256/142
f 178/958/152 190/845/152 192/844/152
f 178/958/152 192/844/152 179/957/152
f 178/958/3 173/959/3 184/846/3
f 178/958/3 184/846/3 190/845/3
f 178/977/149 174/980/149 173/978/149
f 178/977/149 180/979/149 174/980/149
f 179/257/138 188/207/138 177/206/138
f 179/257/138 192/258/138 188/207/138
f 181/600/143 182/609/143 183/610/143
f 181/910/157 170/804/157 169/799/157
f 181/910/157 183/911/157 170/804/157
f 183/610/156 182/609/156 186/702/156
f 183/610/156 186/702/156 185/703/156
f 184/715/144 185/703/144 186/702/144
f 184/972/155 186/974/155 191/975/155
f 184/972/155 191/975/155 190/973/155
f 185/703/135 170/611/135 183/610/135
f 185/703/135 172/704/135 170/611/135
f 187/1020/145 188/1008/145 189/1009/145
f 187/909/154 182/923/154 181/910/154
f 187/909/154 189/922/154 182/923/154
f 187/909/26 169/799/26 175/798/26
f 187/909/26 181/910/26 169/799/26
f 189/1009/153 188/1008/153 192/976/153
f 189/1009/153 192/976/153 191/975/153
f 190/973/146 191/975/146 192/976/146
f 191/975/136 182/1007/136 189/1009/136
f 191/975/136 186/974/136 182/1007/136
f 193/1022/171 195/1040/171 200/1041/171
f 193/1022/171 200/1041/171 199/1024/171
f 193/1625/163 194/1614/163 195/1613/163
f 196/1527/164 197/1516/164 198/1526/164
f 196/1527/172 195/1613/172 194/1614/172
f 196/1527/172 198/1526/172 195/1613/172
f 197/1148/173 202/1149/173 204/1138/173
f 197/1148/173 204/1138/173 198/1137/173
f 197/1516/182 196/1527/182 209/1528/182
f 197/1516/182 209/1528/182 208/1517/182
f 198/1137/161 200/1092/161 195/1091/161
f 198/1137/161 204/1138/161 200/1092/161
f 199/1076/165 200/1092/165 201/1093/165
f 199/1628/175 201/1618/175 212/1617/175
f 199/1628/175 212/1617/175 211/1627/175
f 201/1093/174 200/1092/174 204/1138/174
f 201/1093/174 204/1138/174 203/1139/174
f 202/1149/166 203/1139/166 204/1138/166
f 202/944/3 197/952/3 208/1012/3
f 202/944/3 208/1012/3 214/1010/3
f 203/1532/162 212/1617/162 201/1618/162
f 203/1532/162 216/1531/162 212/1617/162
f 205/1626/181 194/1614/181 193/1625/181
f 205/1626/181 207/1615/181 194/1614/181
f 205/961/167 206/943/167 207/956/167
f 207/1098/180 206/1097/180 210/1143/180
f 207/1098/180 210/1143/180 209/1144/180
f 208/1151/168 209/1144/168 210/1143/168
f 208/1151/179 210/1143/179 215/1142/179
f 208/1151/179 215/1142/179 214/1150/179
f 209/1528/159 194/1614/159 207/1615/159
f 209/1528/159 196/1527/159 194/1614/159
f 211/1627/169 212/1617/169 213/1616/169
f 211/966/178 206/943/178 205/961/178
f 211/966/178 213/951/178 206/943/178
f 211/966/26 193/1022/26 199/1024/26
f 211/966/26 205/961/26 193/1022/26
f 213/1616/177 216/1531/177 215/1530/177
f 213/1616/741 212/1617/741 216/1531/741
f 214/1518/170 215/1530/170 216/1531/170
f 214/1518/176 203/1532/176 202/1519/176
f 214/1518/176 216/1531/176 203/1532/176
f 215/1142/160 206/1097/160 213/1096/160
f 215/1142/160 210/1143/160 206/1097/160
f 217/285/187 218/301/187 219/300/187
f 220/361/188 221/371/188 222/362/188
f 220/361/196 219/300/196 218/301/196
f 220/361/196 222/362/196 219/300/196
f 222/362/185 224/302/185 219/300/185
f 222/362/185 228/363/185 224/302/185
f 223/470/189 224/482/189 225/483/189
f 223/796/195 217/797/195 219/777/195
f 223/796/195 219/777/195 224/776/195
f 223/796/199 225/801/199 236/904/199
f 223/796/199 236/904/199 235/905/199
f 223/796/26 229/906/26 217/797/26
f 223/796/26 235/905/26 229/906/26
f 225/483/198 224/482/198 228/554/198
f 225/483/198 228/554/198 227/555/198
f 226/564/190 227/555/190 228/554/190
f 226/930/197 222/934/197 221/931/197
f 226/930/197 228/933/197 222/934/197
f 226/930/200 238/830/200 240/834/200
f 226/930/200 240/834/200 227/929/200
f 226/930/3 221/931/3 232/831/3
f 226/930/3 232/831/3 238/830/3
f 227/555/186 236/484/186 225/483/186
f 227/555/186 240/556/186 236/484/186
f 229/290/191 230/303/191 231/304/191
f 229/906/202 235/905/202 237/920/202
f 229/906/202 237/920/202 230/921/202
f 229/906/205 218/802/205 217/797/205
f 229/906/205 231/907/205 218/802/205
f 231/304/204 230/303/204 234/364/204
f 231/304/204 234/364/204 233/365/204
f 232/222/203 234/234/203 239/236/203
f 232/222/203 239/236/203 238/224/203
f 232/372/192 233/365/192 234/364/192
f 232/831/206 220/932/206 233/835/206
f 232/831/206 221/931/206 220/932/206
f 233/365/183 218/305/183 231/304/183
f 233/365/183 220/366/183 218/305/183
f 235/280/193 236/275/193 237/276/193
f 237/276/201 236/275/201 240/235/201
f 237/276/201 240/235/201 239/236/201
f 238/224/194 239/236/194 240/235/194
f 239/236/184 230/274/184 237/276/184
f 239/236/184 234/234/184 230/274/184
f 25/1145/31 26/1132/31 27/1134/31
f 25/232/39 27/221/39 32/220/39
f 25/232/39 32/220/39 31/231/39
f 28/1082/32 29/1067/32 30/1081/32
f 28/1082/40 27/1134/40 26/1132/40
f 28/1082/40 30/1081/40 27/1134/40
f 289/1239/234 291/1219/234 290/1223/234
f 29/94/50 28/95/50 41/9/50
f 29/94/50 41/9/50 40/8/50
f 291/1636/243 292/1612/243 293/1624/243
f 291/1636/243 293/1624/243 290/1638/243
f 292/1612/235 294/1622/235 293/1624/235
f 292/948/251 304/954/251 294/955/251
f 292/948/251 306/947/251 304/954/251
f 293/1624/1 296/1716/1 300/1698/1
f 293/1624/1 300/1698/1 290/1638/1
f 294/1622/244 295/1718/244 296/1716/244
f 294/1622/244 296/1716/244 293/1624/244
f 295/1181/236 297/1187/236 296/1183/236
f 295/1181/252 307/1186/252 297/1187/252
f 295/1181/252 309/1180/252 307/1186/252
f 296/1716/245 297/1720/245 299/1702/245
f 296/1716/245 299/1702/245 300/1698/245
f 298/1696/242 289/1640/242 290/1638/242
f 298/1696/242 290/1638/242 300/1698/242
f 298/444/237 300/446/237 299/451/237
f 299/451/253 310/445/253 298/444/253
f 299/451/253 312/452/253 310/445/253
f 30/1081/29 32/1133/29 27/1134/29
f 30/1081/29 36/1080/29 32/1133/29
f 301/1240/238 303/1224/238 302/1220/238
f 302/1220/233 292/1158/233 291/1219/233
f 302/1220/233 306/1159/233 292/1158/233
f 302/1220/250 289/1239/250 301/1240/250
f 302/1220/250 291/1219/250 289/1239/250
f 303/1697/246 301/1695/246 310/1639/246
f 303/1697/246 310/1639/246 311/1637/246
f 304/1717/239 306/1719/239 305/1715/239
f 304/954/231 295/990/231 294/955/231
f 304/954/231 309/989/231 295/990/231
f 305/1715/249 302/1701/249 303/1697/249
f 305/1715/249 306/1719/249 302/1701/249
f 307/1186/232 299/1242/232 297/1187/232
f 307/1186/232 312/1241/232 299/1242/232
f 307/1186/240 309/1180/240 308/1182/240
f 308/1623/248 304/1717/248 305/1715/248
f 308/1623/248 309/1620/248 304/1717/248
f 31/1501/33 32/1504/33 33/1505/33
f 31/231/43 33/230/43 44/281/43
f 31/231/43 44/281/43 43/282/43
f 310/445/241 312/452/241 311/447/241
f 310/445/254 289/392/254 298/444/254
f 310/445/254 301/393/254 289/392/254
f 311/1637/5 305/1715/5 303/1697/5
f 311/1637/5 308/1623/5 305/1715/5
f 312/1635/247 307/1610/247 308/1623/247
f 312/1635/247 308/1623/247 311/1637/247
f 313/1237/258 315/1217/258 314/1227/258
f 315/1630/267 316/1602/267 317/1606/267
f 315/1630/267 317/1606/267 314/1633/267
f 316/1258/259 318/1266/259 317/1262/259
f 316/1258/275 328/1265/275 318/1266/275
f 316/1258/275 330/1257/275 328/1265/275
f 317/1606/1 320/1709/1 324/1686/1
f 317/1606/1 324/1686/1 314/1633/1
f 317/1606/268 318/1605/268 319/1710/268
f 317/1606/268 319/1710/268 320/1709/268
f 319/784/260 321/816/260 320/792/260
f 319/784/276 331/815/276 321/816/276
f 319/784/276 333/783/276 331/815/276
f 320/1709/269 321/1712/269 323/1694/269
f 320/1709/269 323/1694/269 324/1686/269
f 322/1347/261 324/1350/261 323/1352/261
f 322/1685/266 313/1634/266 314/1633/266
f 322/1685/266 314/1633/266 324/1686/266
f 323/1352/277 334/1348/277 322/1347/277
f 323/1352/277 336/1353/277 334/1348/277
f 325/1238/262 327/1228/262 326/1218/262
f 326/1218/257 316/1178/257 315/1217/257
f 326/1218/257 330/1179/257 316/1178/257
f 326/1218/274 313/1237/274 325/1238/274
f 326/1218/274 315/1217/274 313/1237/274
f 327/346/270 325/345/270 334/318/270
f 327/346/270 334/318/270 335/317/270
f 328/1265/255 319/1355/255 318/1266/255
f 328/1265/255 333/1354/255 319/1355/255
f 328/1265/263 330/1257/263 329/1261/263
f 329/356/273 326/355/273 327/346/273
f 329/356/273 330/358/273 326/355/273
f 33/1505/42 32/1504/42 36/1585/42
f 33/1505/42 36/1585/42 35/1586/42
f 331/815/256 323/876/256 321/816/256
f 331/815/256 336/875/256 323/876/256
f 331/815/264 333/783/264 332/791/264
f 332/309/272 328/357/272 329/356/272
f 332/309/272 333/297/272 328/357/272
f 334/1348/265 336/1353/265 335/1351/265
f 334/1348/278 313/1295/278 322/1347/278
f 334/1348/278 325/1296/278 313/1295/278
f 335/317/5 329/356/5 327/346/5
f 335/317/5 332/309/5 329/356/5
f 336/316/271 331/291/271 332/309/271
f 336/316/271 332/309/271 335/317/271
f 337/1152/282 339/1140/282 338/1146/282
f 338/970/1 341/965/1 344/991/1
f 338/970/1 344/991/1 348/983/1
f 339/967/291 340/949/291 341/965/291
f 339/967/291 341/965/291 338/970/291
f 34/1066/41 30/1081/41 29/1067/41
f 34/1066/41 36/1080/41 30/1081/41
f 34/1589/34 35/1586/34 36/1585/34
f 34/93/3 29/94/3 40/8/3
f 34/93/3 40/8/3 46/7/3
f 340/165/283 342/177/283 341/171/283
f 340/165/299 352/176/299 342/177/299
f 340/165/299 354/164/299 352/176/299
f 342/953/292 343/992/292 344/991/292
f 342/953/292 344/991/292 341/965/292
f 343/553/284 345/563/284 344/559/284
f 343/553/300 355/562/300 345/563/300
f 343/553/742 357/552/742 355/562/742
f 344/991/293 345/993/293 347/987/293
f 344/991/293 347/987/293 348/983/293
f 346/1070/285 348/1078/285 347/1094/285
f 346/982/290 337/971/290 338/970/290
f 346/982/290 338/970/290 348/983/290
f 347/1094/301 358/1071/301 346/1070/301
f 347/1094/301 360/1095/301 358/1071/301
f 349/1153/286 351/1147/286 350/1141/286
f 35/1586/30 44/1506/30 33/1505/30
f 35/1586/30 48/1587/30 44/1506/30
f 350/1141/281 340/1099/281 339/1140/281
f 350/1141/281 354/1100/281 340/1099/281
f 350/1141/298 337/1152/298 349/1153/298
f 350/1141/298 339/1140/298 337/1152/298
f 351/858/294 349/857/294 358/829/294
f 351/858/294 358/829/294 359/828/294
f 352/176/287 354/164/287 353/170/287
f 352/502/279 343/553/279 342/503/279
f 352/502/279 357/552/279 343/553/279
f 353/869/297 350/860/297 351/858/297
f 353/869/297 354/871/297 350/860/297
f 355/1155/280 347/1094/280 345/1154/280
f 355/1155/280 360/1095/280 347/1094/280
f 355/562/288 357/552/288 356/558/288
f 356/814/296 352/870/296 353/869/296
f 356/814/296 357/793/296 352/870/296
f 356/814/5 351/858/5 359/828/5
f 356/814/5 353/869/5 351/858/5
f 358/1071/289 360/1095/289 359/1079/289
f 358/1185/302 337/1152/302 346/1184/302
f 358/1185/302 349/1153/302 337/1152/302
f 360/827/295 355/789/295 356/814/295
f 360/827/295 356/814/295 359/828/295
f 361/1317/306 363/1343/306 362/1322/306
f 363/1542/315 364/1525/315 365/1538/315
f 363/1542/315 365/1538/315 362/1547/315
f 364/1253/307 366/1260/307 365/1255/307
f 364/1253/323 376/1259/323 366/1260/323
f 364/1253/323 378/1252/323 376/1259/323
f 365/1538/1 368/1607/1 372/1591/1
f 365/1538/1 372/1591/1 362/1547/1
f 366/1536/316 367/1609/316 368/1607/316
f 366/1536/316 368/1607/316 365/1538/316
f 367/710/308 369/726/308 368/712/308
f 367/710/324 379/725/324 369/726/324
f 367/710/324 381/709/324 379/725/324
f 368/1607/317 369/1619/317 371/1593/317
f 368/1607/317 371/1593/317 372/1591/317
f 37/1482/35 38/1490/35 39/1491/35
f 37/283/49 26/233/49 25/232/49
f 37/283/49 39/284/49 26/233/49
f 370/781/309 372/794/309 371/817/309
f 371/817/325 382/782/325 370/781/325
f 371/817/325 384/818/325 382/782/325
f 372/1591/314 361/1549/314 362/1547/314
f 372/1591/314 370/1588/314 361/1549/314
f 373/1316/310 375/1321/310 374/1342/310
f 373/1590/318 382/1550/318 383/1548/318
f 373/1590/318 383/1548/318 375/1592/318
f 374/1194/305 364/1253/305 363/1195/305
f 374/1194/305 378/1252/305 364/1253/305
f 374/1342/322 361/1317/322 373/1316/322
f 374/1342/322 363/1343/322 361/1317/322
f 376/1259/311 378/1252/311 377/1254/311
f 376/630/303 367/710/303 366/631/303
f 376/630/303 381/709/303 367/710/303
f 377/1608/321 374/1594/321 375/1592/321
f 377/1608/321 378/1621/321 374/1594/321
f 379/725/312 381/709/312 380/711/312
f 379/899/304 371/817/304 369/898/304
f 379/899/304 384/818/304 371/817/304
f 380/1539/320 376/1611/320 377/1608/320
f 380/1539/320 381/1537/320 376/1611/320
f 380/1539/5 375/1592/5 383/1548/5
f 380/1539/5 377/1608/5 375/1592/5
f 382/1273/326 361/1317/326 370/1274/326
f 382/1273/326 373/1316/326 361/1317/326
f 382/782/313 384/818/313 383/795/313
f 384/1543/319 379/1529/319 380/1539/319
f 384/1543/319 380/1539/319 383/1548/319
f 39/1491/48 38/1490/48 42/1572/48
f 39/1491/48 42/1572/48 41/1573/48
f 40/1061/47 42/1064/47 47/1065/47
f 40/1061/47 47/1065/47 46/1062/47
f 40/1578/36 41/1573/36 42/1572/36
f 409/287/348 411/313/348 410/299/348
f 41/1573/27 26/1492/27 39/1491/27
f 41/1573/27 28/1574/27 26/1492/27
f 411/1101/357 412/1074/357 413/1090/357
f 411/1101/357 413/1090/357 410/1102/357
f 412/633/349 414/647/349 413/644/349
f 412/633/365 424/646/365 414/647/365
f 412/633/365 426/632/365 424/646/365
f 413/1090/1 416/1117/1 420/1105/1
f 413/1090/1 420/1105/1 410/1102/1
f 414/1077/358 415/1118/358 416/1117/358
f 414/1077/358 416/1117/358 413/1090/358
f 415/1275/350 417/1267/350 416/1269/350
f 415/1275/366 427/1268/366 417/1267/366
f 415/1275/366 429/1276/366 427/1268/366
f 416/1117/359 417/1128/359 419/1109/359
f 416/1117/359 419/1109/359 420/1105/359
f 418/1104/356 409/1103/356 410/1102/356
f 418/1104/356 410/1102/356 420/1105/356
f 418/1294/351 420/1284/351 419/1272/351
f 419/1272/367 430/1293/367 418/1294/367
f 419/1272/367 432/1271/367 430/1293/367
f 421/286/352 423/298/352 422/312/352
f 422/312/347 412/391/347 411/313/347
f 422/312/347 426/390/347 412/391/347
f 422/312/364 409/287/364 421/286/364
f 422/312/364 411/313/364 409/287/364
f 423/1309/360 421/1308/360 430/1264/360
f 423/1309/360 430/1264/360 431/1263/360
f 424/646/345 415/728/345 414/647/345
f 424/646/345 429/727/345 415/728/345
f 424/646/353 426/632/353 425/643/353
f 425/1345/363 422/1318/363 423/1309/363
f 425/1345/363 426/1349/363 422/1318/363
f 427/1268/346 419/1196/346 417/1267/346
f 427/1268/346 432/1197/346 419/1196/346
f 427/1268/354 429/1276/354 428/1270/354
f 429/1243/362 424/1346/362 425/1345/362
f 429/1243/362 425/1345/362 428/1251/362
f 43/1131/37 44/1119/37 45/1121/37
f 43/282/26 25/232/26 31/231/26
f 43/282/26 37/283/26 25/232/26
f 43/282/46 38/294/46 37/283/46
f 43/282/46 45/293/46 38/294/46
f 430/1293/355 432/1271/355 431/1283/355
f 430/1293/368 409/1332/368 418/1294/368
f 430/1293/368 421/1331/368 409/1332/368
f 431/1263/5 425/1345/5 423/1309/5
f 431/1263/5 428/1251/5 425/1345/5
f 432/1256/361 427/1230/361 428/1251/361
f 432/1256/361 428/1251/361 431/1263/361
f 433/1189/372 435/1193/372 434/1191/372
f 435/43/381 436/19/381 437/40/381
f 435/43/381 437/40/381 434/47/381
f 436/289/373 438/311/373 437/296/373
f 436/289/389 448/310/389 438/311/389
f 436/289/389 450/288/389 448/310/389
f 437/40/1 440/69/1 444/62/1
f 437/40/1 444/62/1 434/47/1
f 437/40/382 438/22/382 439/70/382
f 437/40/382 439/70/382 440/69/382
f 439/467/374 441/456/374 440/461/374
f 439/467/390 451/457/390 441/456/390
f 439/467/390 453/468/390 451/457/390
f 440/69/383 441/71/383 443/63/383
f 440/69/383 443/63/383 444/62/383
f 442/1130/375 444/1123/375 443/1116/375
f 443/1116/391 454/1129/391 442/1130/391
f 443/1116/391 456/1115/391 454/1129/391
f 444/62/380 433/48/380 434/47/380
f 444/62/380 442/61/380 433/48/380
f 445/1188/376 447/1190/376 446/1192/376
f 445/1707/384 454/1652/384 455/1651/384
f 445/1707/384 455/1651/384 447/1708/384
f 446/1192/371 436/1234/371 435/1193/371
f 446/1192/371 450/1233/371 436/1234/371
f 446/1192/388 433/1189/388 445/1188/388
f 446/1192/388 435/1193/388 433/1189/388
f 448/310/369 439/348/369 438/311/369
f 448/310/369 453/347/369 439/348/369
f 448/310/377 450/288/377 449/295/377
f 449/1721/387 446/1711/387 447/1708/387
f 449/1721/387 450/1731/387 446/1711/387
f 45/1121/45 44/1119/45 48/1063/45
f 45/1121/45 48/1063/45 47/1065/45
f 451/1068/370 443/1116/370 441/1069/370
f 451/1068/370 456/1115/370 443/1116/370
f 451/457/378 453/468/378 452/462/378
f 452/1632/5 447/1708/5 455/1651/5
f 452/1632/5 449/1721/5 447/1708/5
f 453/1631/386 448/1726/386 449/1721/386
f 453/1631/386 449/1721/386 452/1632/386
f 454/1129/379 456/1115/379 455/1122/379
f 454/1129/392 433/1166/392 442/1130/392
f 454/1129/392 445/1165/392 433/1166/392
f 456/1647/385 451/1629/385 452/1632/385
f 456/1647/385 452/1632/385 455/1651/385
f 457/1313/396 459/1334/396 458/1320/396
f 459/1407/405 460/1400/405 461/1404/405
f 459/1407/405 461/1404/405 458/1422/405
f 46/1062/38 47/1065/38 48/1063/38
f 46/7/44 35/92/44 34/93/44
f 46/7/44 48/6/44 35/92/44
f 460/995/397 462/999/397 461/997/397
f 460/995/413 472/998/413 462/999/413
f 460/995/413 474/994/413 472/998/413
f 461/1404/1 464/1483/1 468/1473/1
f 461/1404/1 468/1473/1 458/1422/1
f 461/1404/406 462/1402/406 463/1485/406
f 461/1404/406 463/1485/406 464/1483/406
f 463/649/398 465/634/398 464/641/398
f 463/649/414 475/635/414 465/634/414
f 463/649/414 477/650/414 475/635/414
f 464/1483/407 465/1496/407 467/1475/407
f 464/1483/407 467/1475/407 468/1473/407
f 466/1216/399 468/1214/399 467/1212/399
f 466/1471/404 457/1424/404 458/1422/404
f 466/1471/404 458/1422/404 468/1473/404
f 467/1212/415 478/1215/415 466/1216/415
f 467/1212/415 480/1211/415 478/1215/415
f 469/1312/400 471/1319/400 470/1333/400
f 469/1472/408 478/1429/408 479/1423/408
f 469/1472/408 479/1423/408 471/1474/408
f 47/1065/28 38/1120/28 45/1121/28
f 47/1065/28 42/1064/28 38/1120/28
f 470/1333/412 457/1313/412 469/1312/412
f 470/1333/412 459/1334/412 457/1313/412
f 470/945/395 460/995/395 459/946/395
f 470/945/395 474/994/395 460/995/395
f 472/714/393 463/649/393 462/713/393
f 472/714/393 477/650/393 463/649/393
f 472/998/401 474/994/401 473/996/401
f 473/1484/411 470/1476/411 471/1474/411
f 473/1484/411 474/1500/411 470/1476/411
f 475/1156/394 467/1212/394 465/1157/394
f 475/1156/394 480/1211/394 467/1212/394
f 475/635/402 477/650/402 476/642/402
f 476/1405/410 472/1486/410 473/1484/410
f 476/1405/410 477/1403/410 472/1486/410
f 476/1405/5 471/1474/5 479/1423/5
f 476/1405/5 473/1484/5 471/1474/5
f 478/1215/403 480/1211/403 479/1213/403
f 478/1281/416 457/1313/416 466/1282/416
f 478/1281/416 469/1312/416 457/1313/416
f 480/1408/409 475/1401/409 476/1405/409
f 480/1408/409 476/1405/409 479/1423/409
f 481/181/420 483/192/420 482/186/420
f 483/238/429 484/198/429 485/211/429
f 483/238/429 485/211/429 482/239/429
f 484/1222/421 486/1236/421 485/1226/421
f 484/1222/437 496/1235/437 486/1236/437
f 484/1222/437 498/1221/437 496/1235/437
f 485/211/1 488/252/1 492/248/1
f 485/211/1 492/248/1 482/239/1
f 486/200/430 487/253/430 488/252/430
f 486/200/430 488/252/430 485/211/430
f 487/1173/438 499/1161/438 489/1160/438
f 487/1173/438 501/1174/438 499/1161/438
f 487/253/422 489/254/422 488/252/422
f 488/252/431 489/254/431 491/249/431
f 488/252/431 491/249/431 492/248/431
f 49/1114/55 50/1110/55 51/1112/55
f 49/507/63 51/499/63 56/498/63
f 49/507/63 56/498/63 55/506/63
f 490/12/423 492/38/423 491/41/423
f 490/247/428 481/240/428 482/239/428
f 490/247/428 482/239/428 492/248/428
f 491/41/439 502/13/439 490/12/439
f 491/41/439 504/42/439 502/13/439
f 493/180/424 495/185/424 494/191/424
f 494/1171/419 484/1222/419 483/1172/419
f 494/1171/419 498/1221/419 484/1222/419
f 494/191/436 481/181/436 493/180/436
f 494/191/436 483/192/436 481/181/436
f 495/674/432 493/673/432 502/648/432
f 495/674/432 502/648/432 503/645/432
f 496/1210/417 487/1173/417 486/1209/417
f 496/1210/417 501/1174/417 487/1173/417
f 496/1235/425 498/1221/425 497/1225/425
f 497/693/435 494/676/435 495/674/435
f 497/693/435 498/701/435 494/676/435
f 499/601/426 501/608/426 500/615/426
f 499/91/418 491/41/418 489/90/418
f 499/91/418 504/42/418 491/41/418
f 500/615/434 496/694/434 497/693/434
f 500/615/434 501/608/434 496/694/434
f 500/615/5 495/674/5 503/645/5
f 500/615/5 497/693/5 495/674/5
f 502/109/440 481/181/440 490/110/440
f 502/109/440 493/180/440 481/181/440
f 502/13/427 504/42/427 503/39/427
f 504/636/433 499/601/433 500/615/433
f 504/636/433 500/615/433 503/645/433
f 505/1411/445 506/1430/445 507/1431/445
f 505/203/453 507/196/453 512/195/453
f 505/203/453 512/195/453 511/202/453
f 505/203/463 517/271/463 519/272/463
f 505/203/463 519/272/463 506/204/463
f 508/1497/446 509/1503/446 510/1498/446
f 508/1497/454 507/1431/454 506/1430/454
f 508/1497/454 510/1498/454 507/1431/454
f 509/82/464 508/83/464 521/17/464
f 509/82/464 521/17/464 520/16/464
f 510/1498/443 512/1432/443 507/1431/443
f 510/1498/443 516/1499/443 512/1432/443
f 511/1560/447 512/1562/447 513/1563/447
f 513/1563/456 512/1562/456 516/1644/456
f 513/1563/456 516/1644/456 515/1645/456
f 514/1650/448 515/1645/448 516/1644/448
f 514/81/3 509/82/3 520/16/3
f 514/81/3 520/16/3 526/15/3
f 514/81/455 510/87/455 509/82/455
f 514/81/455 516/86/455 510/87/455
f 515/1645/444 524/1564/444 513/1563/444
f 515/1645/444 528/1646/444 524/1564/444
f 517/1684/449 518/1691/449 519/1692/449
f 517/271/460 523/270/460 525/278/460
f 517/271/460 525/278/460 518/279/460
f 519/1692/462 518/1691/462 522/1766/462
f 519/1692/462 522/1766/462 521/1767/462
f 52/1060/56 53/1057/56 54/1059/56
f 52/1060/64 51/1112/64 50/1110/64
f 52/1060/64 54/1059/64 51/1112/64
f 520/1409/461 522/1426/461 527/1427/461
f 520/1409/461 527/1427/461 526/1410/461
f 520/1787/450 521/1767/450 522/1766/450
f 521/1767/441 506/1693/441 519/1692/441
f 521/1767/441 508/1768/441 506/1693/441
f 523/1502/451 524/1494/451 525/1495/451
f 523/270/26 505/203/26 511/202/26
f 523/270/26 517/271/26 505/203/26
f 523/270/457 511/202/457 513/201/457
f 523/270/457 513/201/457 524/269/457
f 525/1495/459 524/1494/459 528/1428/459
f 525/1495/459 528/1428/459 527/1427/459
f 526/1410/452 527/1427/452 528/1428/452
f 526/15/458 515/80/458 514/81/458
f 526/15/458 528/14/458 515/80/458
f 527/1427/442 518/1493/442 525/1495/442
f 527/1427/442 522/1426/442 518/1493/442
f 529/1126/477 531/1135/477 536/1136/477
f 529/1126/477 536/1136/477 535/1127/477
f 529/1126/487 541/1084/487 543/1083/487
f 529/1126/487 543/1083/487 530/1124/487
f 529/950/469 530/963/469 531/964/469
f 53/437/74 52/439/74 65/324/74
f 53/437/74 65/324/74 64/323/74
f 532/985/470 533/988/470 534/986/470
f 532/985/478 531/964/478 530/963/478
f 532/985/478 534/986/478 531/964/478
f 533/786/488 532/785/488 545/865/488
f 533/786/488 545/865/488 544/866/488
f 534/541/467 536/486/467 531/485/467
f 534/541/467 540/542/467 536/486/467
f 535/471/471 536/486/471 537/487/471
f 537/487/480 536/486/480 540/542/480
f 537/487/480 540/542/480 539/543/480
f 538/545/472 539/543/472 540/542/472
f 538/545/479 534/541/479 533/544/479
f 538/545/479 540/542/479 534/541/479
f 538/787/3 533/786/3 544/866/3
f 538/787/3 544/866/3 550/867/3
f 539/1106/468 548/1088/468 537/1087/468
f 539/1106/468 552/1107/468 548/1088/468
f 54/1059/53 56/1111/53 51/1112/53
f 54/1059/53 60/1058/53 56/1111/53
f 541/1162/473 542/1176/473 543/1177/473
f 543/1177/486 542/1176/486 546/1205/486
f 543/1177/486 546/1205/486 545/1206/486
f 544/1207/474 545/1206/474 546/1205/474
f 544/1207/485 546/1205/485 551/1204/485
f 544/1207/485 551/1204/485 550/1208/485
f 545/984/465 530/963/465 543/962/465
f 545/984/465 532/985/465 530/963/465
f 547/1075/475 548/1088/475 549/1089/475
f 547/1085/26 529/1126/26 535/1127/26
f 547/1085/26 541/1084/26 529/1126/26
f 547/1085/481 535/1127/481 537/1125/481
f 547/1085/481 537/1125/481 548/1086/481
f 547/1085/484 542/1072/484 541/1084/484
f 547/1085/484 549/1073/484 542/1072/484
f 549/1089/483 548/1088/483 552/1107/483
f 549/1089/483 552/1107/483 551/1108/483
f 55/1481/57 56/1487/57 57/1488/57
f 55/506/67 57/505/67 68/626/67
f 55/506/67 68/626/67 67/627/67
f 550/1113/476 551/1108/476 552/1107/476
f 550/867/482 539/788/482 538/787/482
f 550/867/482 552/868/482 539/788/482
f 551/1204/466 542/1176/466 549/1175/466
f 551/1204/466 546/1205/466 542/1176/466
f 553/1728/501 555/1738/501 560/1739/501
f 553/1728/501 560/1739/501 559/1729/501
f 553/1875/493 554/1873/493 555/1883/493
f 556/1872/494 557/1874/494 558/1882/494
f 556/1872/502 555/1883/502 554/1873/502
f 556/1872/502 558/1882/502 555/1883/502
f 558/1735/491 560/1678/491 555/1677/491
f 558/1735/491 564/1736/491 560/1678/491
f 559/1663/495 560/1678/495 561/1679/495
f 561/1679/504 560/1678/504 564/1736/504
f 561/1679/504 564/1736/504 563/1737/504
f 562/1657/3 557/1656/3 568/1723/3
f 562/1657/3 568/1723/3 574/1724/3
f 562/1742/496 563/1737/496 564/1736/496
f 562/1742/503 558/1735/503 557/1743/503
f 562/1742/503 564/1736/503 558/1735/503
f 563/20/492 572/56/492 561/21/492
f 563/20/492 576/55/492 572/56/492
f 565/1662/497 566/1675/497 567/1676/497
f 565/1667/511 554/1727/511 553/1728/511
f 565/1667/511 567/1666/511 554/1727/511
f 567/1676/510 566/1675/510 570/1732/510
f 567/1676/510 570/1732/510 569/1734/510
f 568/1723/512 556/1655/512 569/1722/512
f 568/1723/512 557/1656/512 556/1655/512
f 568/1741/498 569/1734/498 570/1732/498
f 568/1741/509 570/1732/509 575/1733/509
f 568/1741/509 575/1733/509 574/1740/509
f 569/1761/489 554/1873/489 567/1762/489
f 569/1761/489 556/1872/489 554/1873/489
f 57/1488/66 56/1487/66 60/1569/66
f 57/1488/66 60/1569/66 59/1570/66
f 571/1668/26 553/1728/26 559/1729/26
f 571/1668/26 565/1667/26 553/1728/26
f 571/1668/505 559/1729/505 561/1730/505
f 571/1668/505 561/1730/505 572/1669/505
f 571/1668/508 566/1653/508 565/1667/508
f 571/1668/508 573/1654/508 566/1653/508
f 571/58/499 572/56/499 573/60/499
f 573/60/507 572/56/507 576/55/507
f 573/60/507 576/55/507 575/59/507
f 574/1724/506 563/1658/506 562/1657/506
f 574/1724/506 576/1725/506 563/1658/506
f 574/57/500 575/59/500 576/55/500
f 575/1733/490 566/1675/490 573/1674/490
f 575/1733/490 570/1732/490 566/1675/490
f 577/1442/525 579/1453/525 584/1454/525
f 577/1442/525 584/1454/525 583/1443/525
f 577/1750/517 578/1759/517 579/1760/517
f 58/1056/65 54/1059/65 53/1057/65
f 58/1056/65 60/1058/65 54/1059/65
f 58/1577/58 59/1570/58 60/1569/58
f 58/436/3 53/437/3 64/323/3
f 58/436/3 64/323/3 70/322/3
f 58/436/68 70/322/68 72/321/68
f 58/436/68 72/321/68 59/438/68
f 580/1846/518 581/1864/518 582/1847/518
f 580/1846/526 579/1760/526 578/1759/526
f 580/1846/526 582/1847/526 579/1760/526
f 581/1375/536 580/1374/536 593/1437/536
f 581/1375/536 593/1437/536 592/1438/536
f 582/1507/515 584/1459/515 579/1458/515
f 582/1507/515 588/1508/515 584/1459/515
f 583/1443/529 585/1444/529 596/1389/529
f 583/1443/529 596/1389/529 595/1388/529
f 583/1446/519 584/1459/519 585/1460/519
f 585/1460/528 588/1508/528 587/1509/528
f 585/1460/743 584/1459/743 588/1508/743
f 586/1376/530 598/1439/530 600/1440/530
f 586/1376/530 600/1440/530 587/1377/530
f 586/1511/520 587/1509/520 588/1508/520
f 586/1511/527 582/1507/527 581/1510/527
f 586/1511/527 588/1508/527 582/1507/527
f 587/1861/516 596/1764/516 585/1763/516
f 587/1861/516 600/1862/516 596/1764/516
f 589/1387/535 578/1441/535 577/1442/535
f 589/1387/535 591/1386/535 578/1441/535
f 589/1576/521 590/1580/521 591/1584/521
f 59/1570/54 68/1489/54 57/1488/54
f 59/1570/54 72/1571/54 68/1489/54
f 591/1584/534 590/1580/534 594/1642/534
f 591/1584/534 594/1642/534 593/1643/534
f 592/1648/522 593/1643/522 594/1642/522
f 592/1648/533 594/1642/533 599/1641/533
f 592/1648/533 599/1641/533 598/1649/533
f 593/1845/513 578/1759/513 591/1758/513
f 593/1845/513 580/1846/513 578/1759/513
f 595/1388/26 577/1442/26 583/1443/26
f 595/1388/26 589/1387/26 577/1442/26
f 595/1388/532 590/1368/532 589/1387/532
f 595/1388/532 597/1369/532 590/1368/532
f 595/1757/523 596/1764/523 597/1765/523
f 597/1765/531 596/1764/531 600/1862/531
f 597/1765/531 600/1862/531 599/1863/531
f 598/1439/3 581/1375/3 592/1438/3
f 598/1439/3 586/1376/3 581/1375/3
f 598/1867/524 599/1863/524 600/1862/524
f 599/1641/514 590/1580/514 597/1583/514
f 599/1641/514 594/1642/514 590/1580/514
f 601/1466/549 603/1469/549 608/1470/549
f 601/1466/549 608/1470/549 607/1467/549
f 601/790/541 602/808/541 603/809/541
f 604/855/542 605/859/542 606/856/542
f 604/855/550 603/809/550 602/808/550
f 604/855/550 606/856/550 603/809/550
f 606/1659/539 608/1579/539 603/1581/539
f 606/1659/539 612/1660/539 608/1579/539
f 607/1467/553 609/1468/553 620/1385/553
f 607/1467/553 620/1385/553 619/1384/553
f 607/1575/543 608/1579/543 609/1582/543
f 609/1582/552 608/1579/552 612/1660/552
f 609/1582/552 612/1660/552 611/1661/552
f 61/1477/59 62/1478/59 63/1479/59
f 61/628/73 50/508/73 49/507/73
f 61/628/73 63/629/73 50/508/73
f 610/1673/544 611/1661/544 612/1660/544
f 610/1673/551 606/1659/551 605/1672/551
f 610/1673/551 612/1660/551 606/1659/551
f 611/670/540 620/613/540 609/612/540
f 611/670/540 624/671/540 620/613/540
f 613/1229/545 614/1245/545 615/1246/545
f 613/1383/559 602/1465/559 601/1466/559
f 613/1383/559 615/1382/559 602/1465/559
f 615/1246/558 614/1245/558 618/1305/558
f 615/1246/558 618/1305/558 617/1307/558
f 616/1315/546 617/1307/546 618/1305/546
f 616/1450/560 604/1364/560 617/1449/560
f 616/1450/560 605/1366/560 604/1364/560
f 617/854/537 602/808/537 615/807/537
f 617/854/537 604/855/537 602/808/537
f 619/1384/26 601/1466/26 607/1467/26
f 619/1384/26 613/1383/26 601/1466/26
f 619/1384/556 614/1360/556 613/1383/556
f 619/1384/556 621/1361/556 614/1360/556
f 619/602/547 620/613/547 621/614/547
f 621/614/555 620/613/555 624/671/555
f 621/614/555 624/671/555 623/672/555
f 622/1314/557 616/1315/557 618/1305/557
f 622/1314/557 618/1305/557 623/1306/557
f 622/1451/3 605/1366/3 616/1450/3
f 622/1451/3 610/1367/3 605/1366/3
f 622/1451/554 611/1365/554 610/1367/554
f 622/1451/554 624/1452/554 611/1365/554
f 622/675/548 623/672/548 624/671/548
f 623/1306/538 614/1245/538 621/1244/538
f 623/1306/538 618/1305/538 614/1245/538
f 63/1479/72 62/1478/72 66/1565/72
f 63/1479/72 66/1565/72 65/1566/72
f 64/1568/60 65/1566/60 66/1565/60
f 65/1566/51 50/1480/51 63/1479/51
f 65/1566/51 52/1567/51 50/1480/51
f 67/627/26 49/507/26 55/506/26
f 67/627/26 61/628/26 49/507/26
f 67/627/70 62/640/70 61/628/70
f 67/627/70 69/639/70 62/640/70
f 67/85/61 68/72/61 69/77/61
f 69/77/69 68/72/69 72/37/69
f 69/77/69 72/37/69 71/36/69
f 70/11/62 71/36/62 72/37/62
f 70/11/71 64/10/71 66/35/71
f 70/11/71 66/35/71 71/36/71
f 71/36/52 62/76/52 69/77/52
f 71/36/52 66/35/52 62/76/52
f 73/106/87 75/113/87 80/114/87
f 73/106/87 80/114/87 79/107/87
f 73/1445/79 74/1456/79 75/1457/79
f 745/1300/655 747/1301/655 752/1250/655
f 745/1300/655 752/1250/655 751/1249/655
f 745/199/647 746/209/647 747/210/647
f 748/244/648 749/246/648 750/245/648
f 748/244/656 747/210/656 746/209/656
f 748/244/656 750/245/656 747/210/656
f 749/1463/666 748/1448/666 761/1447/666
f 749/1463/666 761/1447/666 760/1462/666
f 750/1751/645 752/1835/645 747/1752/645
f 750/1751/645 756/1834/645 752/1835/645
f 751/1249/659 753/1232/659 764/1231/659
f 751/1249/659 764/1231/659 763/1248/659
f 751/1839/649 752/1835/649 753/1857/649
f 753/1857/658 752/1835/658 756/1834/658
f 753/1857/658 756/1834/658 755/1856/658
f 754/1514/3 749/1463/3 760/1462/3
f 754/1514/3 760/1462/3 766/1513/3
f 754/1514/657 750/1464/657 749/1463/657
f 754/1514/657 756/1515/657 750/1464/657
f 754/1838/650 755/1856/650 756/1834/650
f 755/339/646 764/307/646 753/306/646
f 755/339/646 768/340/646 764/307/646
f 757/122/651 758/116/651 759/138/651
f 757/1299/662 763/1248/662 765/1247/662
f 757/1299/662 765/1247/662 758/1298/662
f 757/1299/665 746/1311/665 745/1300/665
f 757/1299/665 759/1310/665 746/1311/665
f 759/138/664 758/116/664 762/115/664
f 759/138/664 762/115/664 761/137/664
f 76/1545/80 77/1551/80 78/1546/80
f 76/1545/88 75/1457/88 74/1456/88
f 76/1545/88 78/1546/88 75/1457/88
f 760/121/652 761/137/652 762/115/652
f 760/1462/663 762/1461/663 767/1512/663
f 760/1462/663 767/1512/663 766/1513/663
f 761/243/643 746/209/643 759/208/643
f 761/243/643 748/244/643 746/209/643
f 763/1248/26 745/1300/26 751/1249/26
f 763/1248/26 757/1299/26 745/1300/26
f 763/292/653 764/307/653 765/308/653
f 765/308/661 764/307/661 768/340/661
f 765/308/661 768/340/661 767/341/661
f 766/1513/660 755/1522/660 754/1514/660
f 766/1513/660 768/1521/660 755/1522/660
f 766/344/654 767/341/654 768/340/654
f 767/78/644 758/116/644 765/79/644
f 767/78/644 762/115/644 758/116/644
f 769/1812/671 770/1824/671 771/1822/671
f 769/1878/679 771/1879/679 776/1795/679
f 769/1878/679 776/1795/679 775/1794/679
f 772/1886/672 773/1889/672 774/1887/672
f 772/1886/680 771/1822/680 770/1824/680
f 772/1886/680 774/1887/680 771/1822/680
f 773/1790/690 772/1770/690 785/1769/690
f 773/1790/690 785/1769/690 784/1789/690
f 774/1887/669 776/1825/669 771/1822/669
f 774/1887/669 780/1888/669 776/1825/669
f 775/1779/673 776/1796/673 777/1797/673
f 775/1794/683 777/1778/683 788/1777/683
f 775/1794/683 788/1777/683 787/1793/683
f 777/1797/682 776/1796/682 780/1848/682
f 777/1797/682 780/1848/682 779/1849/682
f 778/1865/674 779/1849/674 780/1848/674
f 778/1870/681 774/1791/681 773/1790/681
f 778/1870/681 780/1871/681 774/1791/681
f 779/1849/670 788/1798/670 777/1797/670
f 779/1849/670 792/1850/670 788/1798/670
f 78/591/77 80/510/77 75/509/77
f 78/591/77 84/592/77 80/510/77
f 781/1780/675 782/1799/675 783/1800/675
f 781/1877/689 770/1885/689 769/1878/689
f 781/1877/689 783/1884/689 770/1885/689
f 783/1800/688 782/1799/688 786/1851/688
f 783/1800/688 786/1851/688 785/1852/688
f 784/1866/676 785/1852/676 786/1851/676
f 785/1852/667 770/1801/667 783/1800/667
f 785/1852/667 772/1853/667 770/1801/667
f 787/1793/26 769/1878/26 775/1794/26
f 787/1793/26 781/1877/26 769/1878/26
f 787/1793/686 782/1876/686 781/1877/686
f 787/1793/686 789/1792/686 782/1876/686
f 787/1840/677 788/1858/677 789/1859/677
f 789/1859/685 788/1858/685 792/1898/685
f 789/1859/685 792/1898/685 791/1899/685
f 79/107/26 85/33/26 73/106/26
f 79/107/26 91/34/26 85/33/26
f 79/107/91 81/108/91 92/29/91
f 79/107/91 92/29/91 91/34/91
f 79/500/81 80/510/81 81/511/81
f 790/1869/3 773/1790/3 784/1789/3
f 790/1869/3 778/1870/3 773/1790/3
f 790/1869/684 779/1881/684 778/1870/684
f 790/1869/684 792/1880/684 779/1881/684
f 790/1869/687 784/1789/687 786/1788/687
f 790/1869/687 786/1788/687 791/1868/687
f 790/1903/678 791/1899/678 792/1898/678
f 791/1899/668 782/1860/668 789/1859/668
f 791/1899/668 786/1900/668 782/1860/668
f 793/1818/695 794/1811/695 795/1833/695
f 793/530/703 795/531/703 800/491/703
f 793/530/703 800/491/703 799/490/703
f 793/530/713 805/529/713 807/539/713
f 793/530/713 807/539/713 794/540/713
f 796/1810/696 797/1817/696 798/1832/696
f 796/1810/704 795/1833/704 794/1811/704
f 796/1810/704 798/1832/704 795/1833/704
f 797/369/705 802/432/705 804/433/705
f 797/369/705 804/433/705 798/370/705
f 797/369/714 796/360/714 809/359/714
f 797/369/714 809/359/714 808/368/714
f 798/1832/693 800/1891/693 795/1833/693
f 798/1832/693 804/1890/693 800/1891/693
f 799/1808/697 800/1823/697 801/1819/697
f 799/490/707 801/473/707 812/472/707
f 799/490/707 812/472/707 811/489/707
f 801/1819/706 804/1892/706 803/1893/706
f 801/1819/746 800/1823/746 804/1892/746
f 802/1901/698 803/1893/698 804/1892/698
f 802/432/708 814/431/708 816/434/708
f 802/432/708 816/434/708 803/435/708
f 803/1893/694 812/1826/694 801/1819/694
f 803/1893/694 816/1896/694 812/1826/694
f 805/1809/699 806/1820/699 807/1821/699
f 807/1821/712 810/1894/712 809/1895/712
f 807/1821/748 806/1820/748 810/1894/748
f 808/1902/700 809/1895/700 810/1894/700
f 809/1895/691 794/1827/691 807/1821/691
f 809/1895/691 796/1897/691 794/1827/691
f 81/511/90 80/510/90 84/592/90
f 81/511/90 84/592/90 83/593/90
f 811/1671/701 812/1665/701 813/1681/701
f 811/489/26 793/530/26 799/490/26
f 811/489/26 805/529/26 793/530/26
f 811/489/710 806/528/710 805/529/710
f 811/489/710 813/488/710 806/528/710
f 813/1681/709 816/1664/709 815/1680/709
f 813/1681/747 812/1665/747 816/1664/747
f 814/1670/702 815/1680/702 816/1664/702
f 814/431/3 797/369/3 808/368/3
f 814/431/3 802/432/3 797/369/3
f 814/431/711 808/368/711 810/367/711
f 814/431/711 810/367/711 815/430/711
f 815/1680/692 806/1714/692 813/1681/692
f 815/1680/692 810/1713/692 806/1714/692
f 82/599/739 84/592/739 78/591/739
f 82/599/82 83/593/82 84/592/82
f 82/599/89 78/591/89 77/598/89
f 82/842/92 94/937/92 96/938/92
f 82/842/92 96/938/92 83/843/92
f 83/73/78 92/31/78 81/30/78
f 83/73/78 96/74/78 92/31/78
f 85/33/97 74/105/97 73/106/97
f 85/33/97 87/28/97 74/105/97
f 85/780/83 86/800/83 87/806/83
f 87/806/96 86/800/96 90/872/96
f 87/806/96 90/872/96 89/874/96
f 88/882/740 90/872/740 95/873/740
f 88/882/84 89/874/84 90/872/84
f 88/882/95 95/873/95 94/881/95
f 88/936/98 76/840/98 89/935/98
f 88/936/98 77/841/98 76/840/98
f 89/1544/75 74/1456/75 87/1455/75
f 89/1544/75 76/1545/75 74/1456/75
f 91/18/85 92/31/85 93/32/85
f 91/34/94 86/4/94 85/33/94
f 91/34/94 93/5/94 86/4/94
f 93/32/93 92/31/93 96/74/93
f 93/32/93 96/74/93 95/75/93
f 94/84/86 95/75/86 96/74/86
f 94/937/3 77/841/3 88/936/3
f 94/937/3 82/842/3 77/841/3
f 95/873/76 86/800/76 93/805/76
f 95/873/76 90/872/76 86/800/76
usemtl OpenWorld_moss
f 121/1325/115 123/1326/115 128/1288/115
f 121/1325/115 128/1288/115 127/1287/115
f 121/1520/107 122/1523/107 123/1524/107
f 124/1533/108 125/1540/108 126/1534/108
f 124/1533/116 123/1524/116 122/1523/116
f 124/1533/116 126/1534/116 123/1524/116
f 125/376/126 124/374/126 137/373/126
f 125/376/126 137/373/126 136/375/126
f 126/1534/105 128/1535/105 123/1524/105
f 126/1534/105 132/1541/105 128/1535/105
f 127/1287/119 129/1278/119 140/1277/119
f 127/1287/119 140/1277/119 139/1286/119
f 127/1370/109 128/1378/109 129/1379/109
f 129/1379/118 128/1378/118 132/1390/118
f 129/1379/118 132/1390/118 131/1392/118
f 130/1396/110 131/1392/110 132/1390/110
f 130/409/117 126/377/117 125/376/117
f 130/409/117 132/410/117 126/377/117
f 130/409/120 142/408/120 144/419/120
f 130/409/120 144/419/120 131/420/120
f 130/409/3 125/376/3 136/375/3
f 130/409/3 136/375/3 142/408/3
f 131/1392/106 140/1391/106 129/1379/106
f 131/1392/106 144/1397/106 140/1391/106
f 133/1324/125 122/1339/125 121/1325/125
f 133/1324/125 135/1338/125 122/1339/125
f 133/1371/111 134/1380/111 135/1381/111
f 135/1381/124 134/1380/124 138/1393/124
f 135/1381/124 138/1393/124 137/1394/124
f 136/1398/112 137/1394/112 138/1393/112
f 136/1552/123 138/1554/123 143/1555/123
f 136/1552/123 143/1555/123 142/1553/123
f 137/1394/103 122/1395/103 135/1381/103
f 137/1394/103 124/1399/103 122/1395/103
f 139/1286/122 134/1323/122 133/1324/122
f 139/1286/122 141/1285/122 134/1323/122
f 139/1286/26 121/1325/26 127/1287/26
f 139/1286/26 133/1324/26 121/1325/26
f 139/1561/113 140/1557/113 141/1559/113
f 141/1559/121 140/1557/121 144/1556/121
f 141/1559/121 144/1556/121 143/1555/121
f 142/1553/114 143/1555/114 144/1556/114
f 143/1555/104 134/1558/104 141/1559/104
f 143/1555/104 138/1554/104 134/1558/104
f 265/1329/219 267/1330/219 272/1292/219
f 265/1329/219 272/1292/219 271/1291/219
f 265/155/211 266/148/211 267/150/211
f 268/139/212 269/123/212 270/142/212
f 268/139/220 267/150/220 266/148/220
f 268/139/220 270/142/220 267/150/220
f 269/1373/230 268/1363/230 281/1362/230
f 269/1373/230 281/1362/230 280/1372/230
f 270/262/209 272/260/209 267/259/209
f 270/262/209 276/263/209 272/260/209
f 271/1291/223 273/1280/223 284/1279/223
f 271/1291/223 284/1279/223 283/1290/223
f 271/255/213 272/260/213 273/261/213
f 273/261/222 272/260/222 276/263/222
f 273/261/222 276/263/222 275/264/222
f 274/1420/224 286/1419/224 288/1433/224
f 274/1420/224 288/1433/224 275/1434/224
f 274/1420/3 269/1373/3 280/1372/3
f 274/1420/3 280/1372/3 286/1419/3
f 274/266/214 275/264/214 276/263/214
f 274/266/221 270/262/221 269/267/221
f 274/266/221 276/263/221 270/262/221
f 275/458/210 284/459/210 273/454/210
f 275/458/210 288/463/210 284/459/210
f 277/1328/226 283/1290/226 285/1289/226
f 277/1328/226 285/1289/226 278/1327/226
f 277/1328/229 266/1341/229 265/1329/229
f 277/1328/229 279/1340/229 266/1341/229
f 277/1595/215 278/1597/215 279/1598/215
f 279/1598/228 278/1597/228 282/1600/228
f 279/1598/228 282/1600/228 281/1601/228
f 280/1604/216 281/1601/216 282/1600/216
f 280/1604/227 282/1600/227 287/1599/227
f 280/1604/227 287/1599/227 286/1603/227
f 281/124/207 266/148/207 279/140/207
f 281/124/207 268/139/207 266/148/207
f 283/1290/26 265/1329/26 271/1291/26
f 283/1290/26 277/1328/26 265/1329/26
f 283/455/217 284/459/217 285/460/217
f 285/460/225 284/459/225 288/463/225
f 285/460/225 288/463/225 287/464/225
f 286/469/218 287/464/218 288/463/218
f 287/1599/208 278/1597/208 285/1596/208
f 287/1599/208 282/1600/208 278/1597/208
f 625/1199/573 627/1202/573 632/1203/573
f 625/1199/573 632/1203/573 631/1200/573
f 625/924/565 626/916/565 627/917/565
f 628/912/566 629/901/566 630/913/566
f 628/912/574 627/917/574 626/916/574
f 628/912/574 630/913/574 627/917/574
f 629/1745/584 628/1744/584 641/1813/584
f 629/1745/584 641/1813/584 640/1814/584
f 630/892/563 632/893/563 627/890/563
f 630/892/563 636/895/563 632/893/563
f 631/1200/26 637/1168/26 625/1199/26
f 631/1200/26 643/1169/26 637/1168/26
f 631/1200/577 633/1201/577 644/1170/577
f 631/1200/577 644/1170/577 643/1169/577
f 631/891/567 632/893/567 633/894/567
f 633/894/576 632/893/576 636/895/576
f 633/894/576 636/895/576 635/897/576
f 634/1746/3 629/1745/3 640/1814/3
f 634/1746/3 640/1814/3 646/1815/3
f 634/1746/578 646/1815/578 648/1816/578
f 634/1746/578 648/1816/578 635/1747/578
f 634/900/568 635/897/568 636/895/568
f 634/900/575 630/892/575 629/896/575
f 634/900/744 636/895/744 630/892/744
f 635/1016/564 644/1034/564 633/1019/564
f 635/1016/564 648/1025/564 644/1034/564
f 637/1168/583 626/1198/583 625/1199/583
f 637/1168/583 639/1167/583 626/1198/583
f 637/395/569 638/401/569 639/404/569
f 639/404/582 638/401/582 642/407/582
f 639/404/582 642/407/582 641/414/582
f 640/421/570 641/414/570 642/407/570
f 640/421/581 647/398/581 646/411/581
f 640/421/745 642/407/745 647/398/745
f 641/902/561 626/916/561 639/903/561
f 641/902/561 628/912/561 626/916/561
f 643/1042/571 644/1034/571 645/1037/571
f 643/1169/580 638/1163/580 637/1168/580
f 643/1169/580 645/1164/580 638/1163/580
f 645/1037/579 644/1034/579 648/1025/579
f 645/1037/579 648/1025/579 647/1028/579
f 646/1015/572 647/1028/572 648/1025/572
f 647/398/562 638/401/562 645/394/562
f 647/398/562 642/407/562 638/401/562
f 649/1002/589 650/1003/589 651/1004/589
f 649/1688/597 651/1683/597 656/1682/597
f 649/1688/597 656/1682/597 655/1687/597
f 652/1005/590 653/1013/590 654/1006/590
f 652/1005/598 651/1004/598 650/1003/598
f 652/1005/598 654/1006/598 651/1004/598
f 653/1804/608 652/1805/608 665/1706/608
f 653/1804/608 665/1706/608 664/1705/608
f 654/1006/587 656/1011/587 651/1004/587
f 654/1006/587 660/1014/587 656/1011/587
f 655/1406/591 656/1416/591 657/1417/591
f 657/1417/600 656/1416/600 660/1418/600
f 657/1417/600 660/1418/600 659/1421/600
f 658/1435/592 659/1421/592 660/1418/592
f 658/1803/3 653/1804/3 664/1705/3
f 658/1803/3 664/1705/3 670/1704/3
f 658/1803/599 654/1807/599 653/1804/599
f 658/1803/599 660/1806/599 654/1807/599
f 659/1421/588 668/1425/588 657/1417/588
f 659/1421/588 672/1436/588 668/1425/588
f 661/1775/604 667/1774/604 669/1785/604
f 661/1775/604 669/1785/604 662/1786/604
f 661/1775/607 650/1690/607 649/1688/607
f 661/1775/607 663/1776/607 650/1690/607
f 661/423/593 662/406/593 663/412/593
f 663/412/606 662/406/606 666/400/606
f 663/412/606 666/400/606 665/402/606
f 664/396/594 665/402/594 666/400/594
f 665/402/585 650/422/585 663/412/585
f 665/402/585 652/415/585 650/422/585
f 667/154/595 668/143/595 669/144/595
f 667/1774/26 649/1688/26 655/1687/26
f 667/1774/26 661/1775/26 649/1688/26
f 667/1774/601 655/1687/601 657/1689/601
f 667/1774/601 657/1689/601 668/1773/601
f 669/144/603 668/143/603 672/136/603
f 669/144/603 672/136/603 671/141/603
f 670/125/596 671/141/596 672/136/596
f 670/1704/602 659/1802/602 658/1803/602
f 670/1704/602 672/1703/602 659/1802/602
f 670/1704/605 664/1705/605 666/1700/605
f 670/1704/605 666/1700/605 671/1699/605
f 671/141/586 662/153/586 669/144/586
f 671/141/586 666/149/586 662/153/586
f 817/1046/719 818/1032/719 819/1036/719
f 820/1021/720 821/1018/720 822/1027/720
f 820/1021/728 819/1036/728 818/1032/728
f 820/1021/728 822/1027/728 819/1036/728
f 821/1783/738 820/1772/738 833/1771/738
f 821/1783/738 833/1771/738 832/1782/738
f 822/1027/717 824/1045/717 819/1036/717
f 822/1027/717 828/1038/717 824/1045/717
f 823/103/727 817/174/727 819/175/727
f 823/103/727 819/175/727 824/104/727
f 823/103/731 825/97/731 836/96/731
f 823/103/731 836/96/731 835/102/731
f 823/397/721 824/399/721 825/403/721
f 825/403/730 824/399/730 828/405/730
f 825/403/730 828/405/730 827/413/730
f 826/1843/3 821/1783/3 832/1782/3
f 826/1843/3 832/1782/3 838/1842/3
f 826/1843/729 822/1784/729 821/1783/729
f 826/1843/729 828/1844/729 822/1784/729
f 826/1843/732 838/1842/732 840/1854/732
f 826/1843/732 840/1854/732 827/1855/732
f 826/417/722 827/413/722 828/405/722
f 827/413/718 836/416/718 825/403/718
f 827/413/718 840/418/718 836/416/718
f 829/1044/723 830/1033/723 831/1035/723
f 829/173/734 835/102/734 837/101/734
f 829/173/734 837/101/734 830/172/734
f 829/173/737 818/179/737 817/174/737
f 829/173/737 831/178/737 818/179/737
f 831/1035/736 830/1033/736 834/1023/736
f 831/1035/736 834/1023/736 833/1026/736
f 832/1017/724 833/1026/724 834/1023/724
f 832/1782/735 834/1781/735 839/1841/735
f 832/1782/735 839/1841/735 838/1842/735
f 833/1026/715 818/1043/715 831/1035/715
f 833/1026/715 820/1039/715 818/1043/715
f 835/102/26 817/174/26 823/103/26
f 835/102/26 829/173/26 817/174/26
f 835/570/725 836/565/725 837/566/725
f 837/566/733 836/565/733 840/560/733
f 837/566/733 840/560/733 839/561/733
f 838/557/726 839/561/726 840/560/726
f 839/561/716 830/569/716 837/566/716
f 839/561/716 834/568/716 830/569/716
usemtl OpenWorld_clay
f 385/573/329 387/581/329 386/575/329
f 387/522/337 388/501/337 389/512/337
f 387/522/337 389/512/337 386/523/337
f 388/1049/342 400/1052/342 390/1053/342
f 388/1049/342 402/1048/342 400/1052/342
f 388/501/330 390/504/330 389/512/330
f 389/512/1 392/588/1 396/567/1
f 389/512/1 396/567/1 386/523/1
f 390/504/25 391/590/25 392/588/25
f 390/504/25 392/588/25 389/512/25
f 391/1054/343 403/1051/343 393/1050/343
f 391/1054/343 405/1055/343 403/1051/343
f 391/590/331 393/597/331 392/588/331
f 392/588/338 393/597/338 395/571/338
f 392/588/338 395/571/338 396/567/338
f 394/538/24 385/573/24 386/575/24
f 394/538/24 386/575/24 396/536/24
f 394/538/332 396/536/332 395/527/332
f 395/527/344 406/537/344 394/538/344
f 395/527/344 408/526/344 406/537/344
f 397/572/18 406/537/18 407/535/18
f 397/572/18 407/535/18 399/574/18
f 397/572/333 399/574/333 398/580/333
f 398/580/341 385/573/341 397/572/341
f 398/580/341 387/581/341 385/573/341
f 398/941/328 388/1049/328 387/942/328
f 398/941/328 402/1048/328 388/1049/328
f 400/273/334 402/277/334 401/268/334
f 400/968/3 391/1001/3 390/969/3
f 400/968/3 405/1000/3 391/1001/3
f 401/268/340 398/251/340 399/250/340
f 401/268/340 402/277/340 398/251/340
f 403/1051/327 395/939/327 393/1050/327
f 403/1051/327 408/940/327 395/939/327
f 403/223/335 405/225/335 404/237/335
f 404/237/5 399/250/5 407/242/5
f 404/237/5 401/268/5 399/250/5
f 405/225/19 400/273/19 401/268/19
f 405/225/19 401/268/19 404/237/19
f 406/537/26 385/573/26 394/538/26
f 406/537/26 397/572/26 385/573/26
f 406/537/336 408/526/336 407/535/336
f 408/241/339 403/223/339 404/237/339
f 408/241/339 404/237/339 407/242/339
usemtl OpenWorld_pine
f 673/100/609 674/99/609 675/112/609
f 673/850/14 675/852/14 680/853/14
f 673/850/14 680/853/14 679/851/14
f 676/51/99 677/52/99 678/53/99
f 676/98/15 675/112/15 674/99/15
f 676/98/15 678/111/15 675/112/15
f 677/879/25 676/880/25 689/864/25
f 677/879/25 689/864/25 688/863/25
f 678/53/4 680/66/4 675/54/4
f 678/53/4 684/65/4 680/66/4
f 679/587/610 680/586/610 681/589/610
f 679/851/18 681/849/18 692/839/18
f 679/851/18 692/839/18 691/838/18
f 681/68/17 680/66/17 684/65/17
f 681/68/17 684/65/17 683/67/17
f 682/64/100 683/67/100 684/65/100
f 682/64/16 678/53/16 677/52/16
f 682/64/16 684/65/16 678/53/16
f 682/878/3 677/879/3 688/863/3
f 682/878/3 688/863/3 694/862/3
f 683/151/5 692/188/5 681/152/5
f 683/151/5 696/187/5 692/188/5
f 685/837/24 674/848/24 673/850/24
f 685/837/24 687/836/24 674/848/24
f 685/837/611 686/832/611 687/836/611
f 687/50/23 686/46/23 690/45/23
f 687/50/23 690/45/23 689/49/23
f 688/44/101 689/49/101 690/45/101
f 688/44/22 690/45/22 695/24/22
f 688/44/22 695/24/22 694/23/22
f 689/88/1 674/99/1 687/89/1
f 689/88/1 676/98/1 674/99/1
f 691/838/21 686/832/21 685/837/21
f 691/838/21 693/833/21 686/832/21
f 691/838/26 673/850/26 679/851/26
f 691/838/26 685/837/26 673/850/26
f 691/838/612 692/839/612 693/833/612
f 693/194/20 692/188/20 696/187/20
f 693/194/20 696/187/20 695/193/20
f 694/23/102 695/24/102 696/1/102
f 694/862/19 683/877/19 682/878/19
f 694/862/19 696/861/19 683/877/19
f 695/24/2 686/46/2 693/25/2
f 695/24/2 690/45/2 686/46/2
f 697/1829/14 699/1836/14 704/1837/14
f 697/1829/14 704/1837/14 703/1830/14
f 697/889/613 698/887/613 699/886/613
f 700/158/614 701/168/614 702/159/614
f 700/884/15 699/886/15 698/887/15
f 700/884/15 702/883/15 699/886/15
f 701/1414/25 700/1415/25 713/1359/25
f 701/1414/25 713/1359/25 712/1358/25
f 702/159/4 704/129/4 699/128/4
f 702/159/4 708/160/4 704/129/4
f 703/1830/18 705/1831/18 716/1756/18
f 703/1830/18 716/1756/18 715/1755/18
f 703/620/615 704/619/615 705/621/615
f 705/130/17 704/129/17 708/160/17
f 705/130/17 708/160/17 707/161/17
f 706/1413/3 701/1414/3 712/1358/3
f 706/1413/3 712/1358/3 718/1357/3
f 706/169/16 702/159/16 701/168/16
f 706/169/16 708/160/16 702/159/16
f 706/169/616 707/161/616 708/160/616
f 707/720/5 716/739/5 705/740/5
f 707/720/5 720/719/5 716/739/5
f 709/1754/24 698/1828/24 697/1829/24
f 709/1754/24 711/1753/24 698/1828/24
f 709/1754/611 710/1748/611 711/1753/611
f 711/131/23 710/127/23 714/157/23
f 711/131/23 714/157/23 713/163/23
f 712/167/22 714/157/22 719/156/22
f 712/167/22 719/156/22 718/166/22
f 712/167/617 713/163/617 714/157/617
f 713/885/1 698/887/1 711/888/1
f 713/885/1 700/884/1 698/887/1
f 715/1755/21 710/1748/21 709/1754/21
f 715/1755/21 717/1749/21 710/1748/21
f 715/1755/26 697/1829/26 703/1830/26
f 715/1755/26 709/1754/26 697/1829/26
f 715/1755/612 716/1756/612 717/1749/612
f 717/738/20 716/739/20 720/719/20
f 717/738/20 720/719/20 719/718/20
f 718/1357/19 707/1412/19 706/1413/19
f 718/1357/19 720/1356/19 707/1412/19
f 718/166/618 719/156/618 720/162/618
f 719/156/2 710/127/2 717/126/2
f 719/156/2 714/157/2 710/127/2
f 721/752/622 722/754/622 723/756/622
f 721/752/630 723/756/630 728/757/630
f 721/752/630 728/757/630 727/753/630
f 721/813/640 733/763/640 735/762/640
f 721/813/640 735/762/640 722/812/640
f 724/1297/623 725/1302/623 726/1303/623
f 724/811/631 723/820/631 722/812/631
f 724/811/631 726/819/631 723/820/631
f 726/1303/621 728/1337/621 723/1304/621
f 726/1303/621 732/1336/621 728/1337/621
f 727/753/624 728/757/624 729/755/624
f 727/775/634 729/774/634 740/823/634
f 727/775/634 740/823/634 739/824/634
f 729/774/633 728/769/633 732/768/633
f 729/774/633 732/768/633 731/773/633
f 730/1335/625 731/1344/625 732/1336/625
f 730/1335/632 726/1303/632 725/1302/632
f 730/1335/632 732/1336/632 726/1303/632
f 730/772/635 742/821/635 744/822/635
f 730/772/635 744/822/635 731/773/635
f 730/927/620 725/928/620 736/926/620
f 730/927/620 736/926/620 742/925/620
f 731/773/5 740/823/5 729/774/5
f 731/773/5 744/822/5 740/823/5
f 733/450/626 734/449/626 735/453/626
f 736/760/641 724/811/641 737/761/641
f 736/760/641 725/810/641 724/811/641
f 736/926/627 737/919/627 738/915/627
f 736/926/638 738/915/638 743/914/638
f 736/926/638 743/914/638 742/925/638
f 737/761/1 722/812/1 735/762/1
f 737/761/1 724/811/1 722/812/1
f 737/761/639 734/759/639 738/758/639
f 737/761/639 735/762/639 734/759/639
f 739/442/628 740/440/628 741/441/628
f 739/442/637 734/449/637 733/450/637
f 739/442/637 741/441/637 734/449/637
f 739/748/642 721/752/642 727/753/642
f 739/748/642 733/747/642 721/752/642
f 742/925/629 743/914/629 744/918/629
f 743/443/619 734/449/619 741/441/619
f 743/443/619 738/448/619 734/449/619
f 743/825/636 740/823/636 744/822/636
f 743/825/636 741/826/636 740/823/636
