# Blender 5.2.0 LTS
# www.blender.org
mtllib training_target.mtl
g target_base_Cylinder
v 0.000000 0.000000 0.329875
v 0.000000 0.010000 0.340000
v 0.000000 0.002929 0.337035
v -0.000000 0.100000 0.329875
v 0.000000 0.090000 0.340000
v -0.000000 0.097071 0.337035
v -0.101937 0.000000 0.313730
v -0.105066 0.010000 0.323359
v -0.104149 0.002929 0.320539
v -0.101937 0.100000 0.313730
v -0.105066 0.090000 0.323359
v -0.104149 0.097071 0.320539
v -0.193896 0.000000 0.266875
v -0.199847 0.010000 0.275066
v -0.198104 0.002929 0.272667
v -0.193896 0.100000 0.266875
v -0.199847 0.090000 0.275066
v -0.198104 0.097071 0.272667
v -0.266875 0.000000 0.193896
v -0.275066 0.010000 0.199847
v -0.272667 0.002929 0.198104
v -0.266875 0.100000 0.193896
v -0.275066 0.090000 0.199847
v -0.272667 0.097071 0.198104
v -0.313730 0.000000 0.101937
v -0.323359 0.010000 0.105066
v -0.320539 0.002929 0.104149
v -0.313730 0.100000 0.101937
v -0.323359 0.090000 0.105066
v -0.320539 0.097071 0.104149
v -0.329875 0.000000 0.000000
v -0.340000 0.010000 0.000000
v -0.337035 0.002929 0.000000
v -0.329875 0.100000 -0.000000
v -0.340000 0.090000 0.000000
v -0.337035 0.097071 -0.000000
v -0.313730 0.000000 -0.101937
v -0.323359 0.010000 -0.105066
v -0.320539 0.002929 -0.104149
v -0.313730 0.100000 -0.101937
v -0.323359 0.090000 -0.105066
v -0.320539 0.097071 -0.104149
v -0.266875 0.000000 -0.193896
v -0.275066 0.010000 -0.199847
v -0.272667 0.002929 -0.198104
v -0.266875 0.100000 -0.193896
v -0.275066 0.090000 -0.199847
v -0.272667 0.097071 -0.198104
v -0.193896 0.000000 -0.266875
v -0.199847 0.010000 -0.275066
v -0.198104 0.002929 -0.272667
v -0.193896 0.100000 -0.266875
v -0.199847 0.090000 -0.275066
v -0.198104 0.097071 -0.272667
v -0.101937 0.000000 -0.313730
v -0.105066 0.010000 -0.323359
v -0.104149 0.002929 -0.320539
v -0.101937 0.100000 -0.313730
v -0.105066 0.090000 -0.323359
v -0.104149 0.097071 -0.320539
v -0.000000 0.000000 -0.329875
v 0.000000 0.010000 -0.340000
v -0.000000 0.002929 -0.337035
v 0.000000 0.100000 -0.329875
v 0.000000 0.090000 -0.340000
v 0.000000 0.097071 -0.337035
v 0.101937 0.000000 -0.313730
v 0.105066 0.010000 -0.323359
v 0.104149 0.002929 -0.320539
v 0.101937 0.100000 -0.313730
v 0.105066 0.090000 -0.323359
v 0.104149 0.097071 -0.320539
v 0.193896 0.000000 -0.266875
v 0.199847 0.010000 -0.275066
v 0.198104 0.002929 -0.272667
v 0.193896 0.100000 -0.266875
v 0.199847 0.090000 -0.275066
v 0.198104 0.097071 -0.272667
v 0.266875 0.000000 -0.193896
v 0.275066 0.010000 -0.199847
v 0.272667 0.002929 -0.198104
v 0.266875 0.100000 -0.193896
v 0.275066 0.090000 -0.199847
v 0.272667 0.097071 -0.198104
v 0.313730 0.000000 -0.101937
v 0.323359 0.010000 -0.105066
v 0.320539 0.002929 -0.104149
v 0.313730 0.100000 -0.101937
v 0.323359 0.090000 -0.105066
v 0.320539 0.097071 -0.104149
v 0.329875 0.000000 -0.000000
v 0.340000 0.010000 0.000000
v 0.337035 0.002929 -0.000000
v 0.329875 0.100000 0.000000
v 0.340000 0.090000 0.000000
v 0.337035 0.097071 0.000000
v 0.313730 0.000000 0.101937
v 0.323359 0.010000 0.105066
v 0.320539 0.002929 0.104149
v 0.313730 0.100000 0.101937
v 0.323359 0.090000 0.105066
v 0.320539 0.097071 0.104149
v 0.266875 0.000000 0.193896
v 0.275066 0.010000 0.199847
v 0.272667 0.002929 0.198104
v 0.266875 0.100000 0.193896
v 0.275066 0.090000 0.199847
v 0.272667 0.097071 0.198104
v 0.193896 0.000000 0.266875
v 0.199847 0.010000 0.275066
v 0.198104 0.002929 0.272667
v 0.193896 0.100000 0.266875
v 0.199847 0.090000 0.275066
v 0.198104 0.097071 0.272667
v 0.101937 0.000000 0.313730
v 0.105066 0.010000 0.323359
v 0.104149 0.002929 0.320539
v 0.101937 0.100000 0.313730
v 0.105066 0.090000 0.323359
v 0.104149 0.097071 0.320539
vn -0.1445 -0.3827 0.9125
vn -0.0599 -0.9239 0.3780
vn -0.1445 0.3827 0.9125
vn -0.0599 0.9239 0.3780
vn -0.4194 -0.3827 0.8232
vn -0.1737 -0.9239 0.3410
vn -0.4194 0.3827 0.8232
vn -0.1737 0.9239 0.3410
vn -0.6533 -0.3827 0.6533
vn -0.2706 -0.9239 0.2706
vn -0.6533 0.3827 0.6533
vn -0.2706 0.9239 0.2706
vn -0.8232 -0.3827 0.4194
vn -0.3410 -0.9239 0.1737
vn -0.8232 0.3827 0.4194
vn -0.3410 0.9239 0.1737
vn -0.9125 -0.3827 0.1445
vn -0.3780 -0.9239 0.0599
vn -0.9125 0.3827 0.1445
vn -0.3780 0.9239 0.0599
vn -0.9125 -0.3827 -0.1445
vn -0.3780 -0.9239 -0.0599
vn -0.9125 0.3827 -0.1445
vn -0.3780 0.9239 -0.0599
vn -0.8232 -0.3827 -0.4194
vn -0.3410 -0.9239 -0.1737
vn -0.8232 0.3827 -0.4194
vn -0.3410 0.9239 -0.1737
vn -0.6533 -0.3827 -0.6533
vn -0.2706 -0.9239 -0.2706
vn -0.6533 0.3827 -0.6533
vn -0.2706 0.9239 -0.2706
vn -0.4194 -0.3827 -0.8232
vn -0.1737 -0.9239 -0.3410
vn -0.4194 0.3827 -0.8232
vn -0.1737 0.9239 -0.3410
vn -0.1445 -0.3827 -0.9125
vn -0.0599 -0.9239 -0.3780
vn -0.1445 0.3827 -0.9125
vn -0.0599 0.9239 -0.3780
vn 0.1445 -0.3827 -0.9125
vn 0.0599 -0.9239 -0.3780
vn 0.1445 0.3827 -0.9125
vn 0.0599 0.9239 -0.3780
vn 0.4194 -0.3827 -0.8232
vn 0.1737 -0.9239 -0.3410
vn 0.4194 0.3827 -0.8232
vn 0.1737 0.9239 -0.3410
vn 0.6533 -0.3827 -0.6533
vn 0.2706 -0.9239 -0.2706
vn 0.6533 0.3827 -0.6533
vn 0.2706 0.9239 -0.2706
vn 0.8232 -0.3827 -0.4194
vn 0.3410 -0.9239 -0.1737
vn 0.8232 0.3827 -0.4194
vn 0.3410 0.9239 -0.1737
vn 0.9125 -0.3827 -0.1445
vn 0.3780 -0.9239 -0.0599
vn 0.9125 0.3827 -0.1445
vn 0.3780 0.9239 -0.0599
vn 0.9125 -0.3827 0.1445
vn 0.3780 -0.9239 0.0599
vn 0.9125 0.3827 0.1445
vn 0.3780 0.9239 0.0599
vn 0.8232 -0.3827 0.4194
vn 0.3410 -0.9239 0.1737
vn 0.8232 0.3827 0.4194
vn 0.3410 0.9239 0.1737
vn 0.6533 -0.3827 0.6533
vn 0.2706 -0.9239 0.2706
vn 0.6533 0.3827 0.6533
vn 0.2706 0.9239 0.2706
vn 0.4194 -0.3827 0.8232
vn 0.1737 -0.9239 0.3410
vn 0.4194 0.3827 0.8232
vn 0.1737 0.9239 0.3410
vn 0.1445 -0.3827 0.9125
vn 0.0599 -0.9239 0.3780
vn 0.1445 0.3827 0.9125
vn 0.0599 0.9239 0.3780
vn -0.0000 -1.0000 -0.0000
vn -0.1564 -0.0000 0.9877
vn 0.1564 -0.0000 0.9877
vn -0.0000 1.0000 -0.0000
vn -0.4540 -0.0000 0.8910
vn -0.7071 -0.0000 0.7071
vn -0.8910 -0.0000 0.4540
vn -0.9877 -0.0000 0.1564
vn -0.9877 -0.0000 -0.1564
vn -0.8910 -0.0000 -0.4540
vn -0.7071 -0.0000 -0.7071
vn -0.4540 -0.0000 -0.8910
vn -0.1564 -0.0000 -0.9877
vn 0.1564 -0.0000 -0.9877
vn 0.4540 -0.0000 -0.8910
vn 0.7071 -0.0000 -0.7071
vn 0.8910 -0.0000 -0.4540
vn 0.9877 -0.0000 -0.1564
vn 0.9877 -0.0000 0.1564
vn 0.8910 -0.0000 0.4540
vn 0.7071 -0.0000 0.7071
vn 0.4540 -0.0000 0.8910
vt 0.00000 0.50982
vt 0.00000 0.55000
vt 0.00000 0.95000
vt 0.00000 0.99018
vt 0.00008 0.50000
vt 0.00008 1.00000
vt 0.00017 0.50000
vt 0.00017 1.00000
vt 0.00022 0.50000
vt 0.00022 1.00000
vt 0.00050 0.50000
vt 0.00050 1.00000
vt 0.00189 0.50000
vt 0.00189 1.00000
vt 0.01001 0.25000
vt 0.01003 0.25000
vt 0.01005 0.25000
vt 0.01012 0.25000
vt 0.01073 0.25000
vt 0.01303 0.25000
vt 0.01660 0.25000
vt 0.01715 0.25000
vt 0.01819 0.18789
vt 0.01819 0.31211
vt 0.01821 0.18789
vt 0.01821 0.31211
vt 0.02110 0.18867
vt 0.02110 0.31133
vt 0.02179 0.17585
vt 0.02179 0.32415
vt 0.02186 0.17587
vt 0.02186 0.32413
vt 0.02456 0.18959
vt 0.02456 0.31041
vt 0.02635 0.25000
vt 0.02854 0.17804
vt 0.02854 0.32196
vt 0.03730 0.18089
vt 0.03730 0.31911
vt 0.04167 0.50000
vt 0.04167 0.55000
vt 0.04167 0.95000
vt 0.04167 1.00000
vt 0.04217 0.13001
vt 0.04217 0.36999
vt 0.04218 0.13002
vt 0.04218 0.36998
vt 0.04279 0.13037
vt 0.04279 0.36963
vt 0.04477 0.13151
vt 0.04477 0.36849
vt 0.04727 0.25000
vt 0.04787 0.13330
vt 0.04787 0.36670
vt 0.05000 0.50000
vt 0.05000 0.55000
vt 0.05000 0.95000
vt 0.05000 1.00000
vt 0.05588 0.10896
vt 0.05588 0.39104
vt 0.05593 0.10900
vt 0.05593 0.39100
vt 0.06162 0.11313
vt 0.06162 0.38687
vt 0.06907 0.11854
vt 0.06907 0.38145
vt 0.07443 0.14863
vt 0.07443 0.35136
vt 0.08031 0.08031
vt 0.08031 0.41969
vt 0.08032 0.08032
vt 0.08032 0.41968
vt 0.08243 0.08243
vt 0.08243 0.41757
vt 0.08333 0.50000
vt 0.08333 0.50982
vt 0.08333 0.55000
vt 0.08333 0.95000
vt 0.08333 0.99018
vt 0.08333 1.00000
vt 0.08496 0.08496
vt 0.08496 0.41504
vt 0.10000 0.50000
vt 0.10000 0.55000
vt 0.10000 0.95000
vt 0.10000 1.00000
vt 0.10896 0.05588
vt 0.10896 0.44412
vt 0.10900 0.05593
vt 0.10900 0.44407
vt 0.11313 0.06162
vt 0.11313 0.43838
vt 0.11854 0.06907
vt 0.11854 0.43093
vt 0.12500 0.50000
vt 0.12500 0.51585
vt 0.12500 0.51902
vt 0.12500 0.53750
vt 0.12500 0.54500
vt 0.12500 0.55000
vt 0.12500 0.70500
vt 0.12500 0.71250
vt 0.12500 0.95000
vt 0.12500 1.00000
vt 0.12828 0.75000
vt 0.13001 0.04217
vt 0.13001 0.45783
vt 0.13002 0.04218
vt 0.13002 0.45782
vt 0.13037 0.04279
vt 0.13037 0.45721
vt 0.13151 0.04477
vt 0.13151 0.45523
vt 0.13276 0.50000
vt 0.13276 0.54500
vt 0.13276 0.70500
vt 0.13276 0.75000
vt 0.13330 0.04787
vt 0.13330 0.45213
vt 0.13619 0.75000
vt 0.14863 0.07443
vt 0.14863 0.42557
vt 0.15000 0.50000
vt 0.15000 0.55000
vt 0.15000 0.95000
vt 0.15000 1.00000
vt 0.15147 0.50000
vt 0.15147 0.53750
vt 0.15147 0.71250
vt 0.15147 0.75000
vt 0.16667 0.50000
vt 0.16667 0.50982
vt 0.16667 0.55000
vt 0.16667 0.95000
vt 0.16667 0.99018
vt 0.16667 1.00000
vt 0.17585 0.02179
vt 0.17585 0.47820
vt 0.17587 0.02186
vt 0.17587 0.47814
vt 0.17804 0.02854
vt 0.17804 0.47146
vt 0.18089 0.03730
vt 0.18089 0.46270
vt 0.18789 0.01819
vt 0.18789 0.01821
vt 0.18789 0.48179
vt 0.18789 0.48181
vt 0.18867 0.02110
vt 0.18867 0.47890
vt 0.18959 0.02456
vt 0.18959 0.47545
vt 0.20000 0.50000
vt 0.20000 0.55000
vt 0.20000 0.95000
vt 0.20000 1.00000
vt 0.20833 0.50000
vt 0.20833 0.55000
vt 0.20833 0.95000
vt 0.20833 1.00000
vt 0.25000 0.01001
vt 0.25000 0.01003
vt 0.25000 0.01005
vt 0.25000 0.01012
vt 0.25000 0.01073
vt 0.25000 0.01303
vt 0.25000 0.01660
vt 0.25000 0.01715
vt 0.25000 0.02635
vt 0.25000 0.04727
vt 0.25000 0.45273
vt 0.25000 0.47364
vt 0.25000 0.48285
vt 0.25000 0.48340
vt 0.25000 0.48697
vt 0.25000 0.48927
vt 0.25000 0.48988
vt 0.25000 0.48995
vt 0.25000 0.48997
vt 0.25000 0.48999
vt 0.25000 0.50000
vt 0.25000 0.50982
vt 0.25000 0.55000
vt 0.25000 0.95000
vt 0.25000 0.99018
vt 0.25000 1.00000
vt 0.29167 0.50000
vt 0.29167 0.55000
vt 0.29167 0.95000
vt 0.29167 1.00000
vt 0.30000 0.50000
vt 0.30000 0.55000
vt 0.30000 0.95000
vt 0.30000 1.00000
vt 0.31041 0.02456
vt 0.31041 0.47545
vt 0.31133 0.02110
vt 0.31133 0.47890
vt 0.31211 0.01819
vt 0.31211 0.01821
vt 0.31211 0.48179
vt 0.31211 0.48181
vt 0.31911 0.03730
vt 0.31911 0.46270
vt 0.32196 0.02854
vt 0.32196 0.47146
vt 0.32413 0.02186
vt 0.32413 0.47814
vt 0.32415 0.02179
vt 0.32415 0.47820
vt 0.33333 0.50000
vt 0.33333 0.50982
vt 0.33333 0.55000
vt 0.33333 0.95000
vt 0.33333 0.99018
vt 0.33333 1.00000
vt 0.34853 0.53750
vt 0.34853 0.71250
vt 0.35000 0.50000
vt 0.35000 0.55000
vt 0.35000 0.95000
vt 0.35000 1.00000
vt 0.35136 0.07443
vt 0.35136 0.42557
vt 0.36177 0.48677
vt 0.36177 0.76323
vt 0.36670 0.04787
vt 0.36670 0.45213
vt 0.36724 0.54500
vt 0.36724 0.70500
vt 0.36849 0.04477
vt 0.36849 0.45523
vt 0.36963 0.04279
vt 0.36963 0.45721
vt 0.36998 0.04218
vt 0.36998 0.45782
vt 0.36999 0.04217
vt 0.36999 0.45783
vt 0.37112 0.49612
vt 0.37112 0.75388
vt 0.37500 0.01585
vt 0.37500 0.01902
vt 0.37500 0.03750
vt 0.37500 0.04500
vt 0.37500 0.20500
vt 0.37500 0.21250
vt 0.37500 0.25776
vt 0.37500 0.27647
vt 0.37500 0.50000
vt 0.37500 0.53750
vt 0.37500 0.54500
vt 0.37500 0.55000
vt 0.37500 0.70500
vt 0.37500 0.71250
vt 0.37500 0.95000
vt 0.37500 0.97353
vt 0.37500 0.99224
vt 0.37500 1.00000
vt 0.37523 0.50634
vt 0.37632 0.74475
vt 0.37698 0.25164
vt 0.37761 0.50528
vt 0.37896 1.00000
vt 0.38134 0.74845
vt 0.38145 0.06907
vt 0.38145 0.43093
vt 0.38438 0.00000
vt 0.38438 0.04500
vt 0.38438 0.20500
vt 0.38438 0.25000
vt 0.38438 0.25776
vt 0.38438 0.49224
vt 0.38438 0.50000
vt 0.38438 0.54500
vt 0.38438 0.70500
vt 0.38438 0.75000
vt 0.38438 0.75776
vt 0.38438 0.99224
vt 0.38438 1.00000
vt 0.38451 0.25559
vt 0.38687 0.06162
vt 0.38687 0.43838
vt 0.39100 0.05593
vt 0.39100 0.44407
vt 0.39104 0.05588
vt 0.39104 0.44412
vt 0.39402 1.00000
vt 0.40000 0.50000
vt 0.40000 0.55000
vt 0.40000 0.95000
vt 0.40000 1.00000
vt 0.41504 0.08496
vt 0.41504 0.41504
vt 0.41667 0.50000
vt 0.41667 0.50982
vt 0.41667 0.55000
vt 0.41667 0.95000
vt 0.41667 0.99018
vt 0.41667 1.00000
vt 0.41757 0.08243
vt 0.41757 0.41757
vt 0.41968 0.08032
vt 0.41968 0.41968
vt 0.41969 0.08031
vt 0.41969 0.41969
vt 0.42000 0.00000
vt 0.42000 0.03750
vt 0.42000 0.21250
vt 0.42000 0.25000
vt 0.42000 0.27647
vt 0.42000 0.47353
vt 0.42000 0.50000
vt 0.42000 0.53750
vt 0.42000 0.71250
vt 0.42000 0.75000
vt 0.42000 0.77647
vt 0.42000 0.97353
vt 0.42000 1.00000
vt 0.42557 0.14863
vt 0.42557 0.35136
vt 0.43093 0.11854
vt 0.43093 0.38145
vt 0.43838 0.11313
vt 0.43838 0.38687
vt 0.44407 0.10900
vt 0.44407 0.39100
vt 0.44412 0.10896
vt 0.44412 0.39104
vt 0.45000 0.50000
vt 0.45000 0.55000
vt 0.45000 0.95000
vt 0.45000 1.00000
vt 0.45213 0.13330
vt 0.45213 0.36670
vt 0.45273 0.25000
vt 0.45523 0.13151
vt 0.45523 0.36849
vt 0.45721 0.13037
vt 0.45721 0.36963
vt 0.45782 0.13002
vt 0.45782 0.36998
vt 0.45783 0.13001
vt 0.45783 0.36999
vt 0.45833 0.50000
vt 0.45833 0.55000
vt 0.45833 0.95000
vt 0.45833 1.00000
vt 0.46270 0.18089
vt 0.46270 0.31911
vt 0.47146 0.17804
vt 0.47146 0.32196
vt 0.47364 0.25000
vt 0.47545 0.18959
vt 0.47545 0.31041
vt 0.47814 0.17587
vt 0.47814 0.32413
vt 0.47820 0.17585
vt 0.47820 0.32415
vt 0.47890 0.18867
vt 0.47890 0.31133
vt 0.48179 0.18789
vt 0.48179 0.31211
vt 0.48181 0.18789
vt 0.48181 0.31211
vt 0.48285 0.25000
vt 0.48340 0.25000
vt 0.48697 0.25000
vt 0.48927 0.25000
vt 0.48988 0.25000
vt 0.48995 0.25000
vt 0.48997 0.25000
vt 0.48999 0.25000
vt 0.50000 0.50000
vt 0.50000 0.50982
vt 0.50000 0.55000
vt 0.50000 0.95000
vt 0.50000 0.99018
vt 0.50000 1.00000
vt 0.51001 0.25000
vt 0.51003 0.25000
vt 0.51005 0.25000
vt 0.51012 0.25000
vt 0.51073 0.25000
vt 0.51303 0.25000
vt 0.51660 0.25000
vt 0.51715 0.25000
vt 0.51819 0.18789
vt 0.51819 0.31211
vt 0.51821 0.18789
vt 0.51821 0.31211
vt 0.52110 0.18867
vt 0.52110 0.31133
vt 0.52180 0.17585
vt 0.52180 0.32415
vt 0.52186 0.17587
vt 0.52186 0.32413
vt 0.52455 0.18959
vt 0.52455 0.31041
vt 0.52636 0.25000
vt 0.52854 0.17804
vt 0.52854 0.32196
vt 0.53730 0.18089
vt 0.53730 0.31911
vt 0.54167 0.50000
vt 0.54167 0.55000
vt 0.54167 0.95000
vt 0.54167 1.00000
vt 0.54217 0.13001
vt 0.54217 0.36999
vt 0.54218 0.13002
vt 0.54218 0.36998
vt 0.54279 0.13037
vt 0.54279 0.36963
vt 0.54477 0.13151
vt 0.54477 0.36849
vt 0.54727 0.25000
vt 0.54787 0.13330
vt 0.54787 0.36670
vt 0.55000 0.50000
vt 0.55000 0.55000
vt 0.55000 0.95000
vt 0.55000 1.00000
vt 0.55588 0.10896
vt 0.55588 0.39104
vt 0.55593 0.10900
vt 0.55593 0.39100
vt 0.56162 0.11313
vt 0.56162 0.38687
vt 0.56907 0.11854
vt 0.56907 0.38145
vt 0.57443 0.14863
vt 0.57443 0.35136
vt 0.58000 0.00000
vt 0.58000 0.03750
vt 0.58000 0.21250
vt 0.58000 0.25000
vt 0.58000 0.27647
vt 0.58000 0.47353
vt 0.58000 0.50000
vt 0.58000 0.53750
vt 0.58000 0.71250
vt 0.58000 0.75000
vt 0.58000 0.77647
vt 0.58000 0.97353
vt 0.58000 1.00000
vt 0.58030 0.08031
vt 0.58030 0.41969
vt 0.58032 0.08032
vt 0.58032 0.41968
vt 0.58243 0.08243
vt 0.58243 0.41757
vt 0.58333 0.50000
vt 0.58333 0.50982
vt 0.58333 0.55000
vt 0.58333 0.95000
vt 0.58333 0.99018
vt 0.58333 1.00000
vt 0.58496 0.08496
vt 0.58496 0.41504
vt 0.60000 0.50000
vt 0.60000 0.55000
vt 0.60000 0.95000
vt 0.60000 1.00000
vt 0.60598 0.00000
vt 0.60896 0.05588
vt 0.60896 0.44412
vt 0.60900 0.05593
vt 0.60900 0.44407
vt 0.61313 0.06162
vt 0.61313 0.43838
vt 0.61549 0.24208
vt 0.61562 0.00000
vt 0.61562 0.04500
vt 0.61562 0.20500
vt 0.61562 0.25000
vt 0.61562 0.25776
vt 0.61562 0.49224
vt 0.61562 0.50000
vt 0.61562 0.54500
vt 0.61562 0.70500
vt 0.61562 0.75000
vt 0.61562 0.75776
vt 0.61562 0.99224
vt 0.61562 1.00000
vt 0.61855 0.06907
vt 0.61855 0.43093
vt 0.61866 0.50155
vt 0.62104 0.00000
vt 0.62239 0.74472
vt 0.62302 0.24049
vt 0.62368 0.50525
vt 0.62477 0.74366
vt 0.62500 0.03750
vt 0.62500 0.04500
vt 0.62500 0.20500
vt 0.62500 0.21250
vt 0.62500 0.25776
vt 0.62500 0.27647
vt 0.62500 0.50000
vt 0.62500 0.53750
vt 0.62500 0.54500
vt 0.62500 0.55000
vt 0.62500 0.70500
vt 0.62500 0.71250
vt 0.62500 0.95000
vt 0.62500 0.97353
vt 0.62500 0.98881
vt 0.62500 0.99224
vt 0.62500 0.99672
vt 0.62500 1.00000
vt 0.62888 0.49612
vt 0.62888 0.75388
vt 0.63001 0.04217
vt 0.63001 0.45783
vt 0.63002 0.04218
vt 0.63002 0.45782
vt 0.63037 0.04279
vt 0.63037 0.45721
vt 0.63151 0.04477
vt 0.63151 0.45523
vt 0.63276 0.54500
vt 0.63276 0.70500
vt 0.63330 0.04787
vt 0.63330 0.45213
vt 0.63823 0.48677
vt 0.63823 0.76323
vt 0.64863 0.07443
vt 0.64863 0.42557
vt 0.65000 0.50000
vt 0.65000 0.55000
vt 0.65000 0.95000
vt 0.65000 1.00000
vt 0.65147 0.53750
vt 0.65147 0.71250
vt 0.66667 0.50000
vt 0.66667 0.50982
vt 0.66667 0.55000
vt 0.66667 0.95000
vt 0.66667 0.99018
vt 0.66667 1.00000
vt 0.67585 0.02179
vt 0.67585 0.47820
vt 0.67587 0.02186
vt 0.67587 0.47814
vt 0.67804 0.02854
vt 0.67804 0.47146
vt 0.68089 0.03730
vt 0.68089 0.46270
vt 0.68789 0.01819
vt 0.68789 0.01821
vt 0.68789 0.48179
vt 0.68789 0.48181
vt 0.68867 0.02110
vt 0.68867 0.47890
vt 0.68959 0.02456
vt 0.68959 0.47545
vt 0.70000 0.50000
vt 0.70000 0.55000
vt 0.70000 0.95000
vt 0.70000 1.00000
vt 0.70833 0.50000
vt 0.70833 0.55000
vt 0.70833 0.95000
vt 0.70833 1.00000
vt 0.75000 0.01001
vt 0.75000 0.01003
vt 0.75000 0.01005
vt 0.75000 0.01012
vt 0.75000 0.01073
vt 0.75000 0.01303
vt 0.75000 0.01660
vt 0.75000 0.01715
vt 0.75000 0.02635
vt 0.75000 0.04727
vt 0.75000 0.45273
vt 0.75000 0.47364
vt 0.75000 0.48285
vt 0.75000 0.48340
vt 0.75000 0.48697
vt 0.75000 0.48927
vt 0.75000 0.48988
vt 0.75000 0.48995
vt 0.75000 0.48997
vt 0.75000 0.48999
vt 0.75000 0.50000
vt 0.75000 0.50982
vt 0.75000 0.55000
vt 0.75000 0.95000
vt 0.75000 0.99018
vt 0.75000 1.00000
vt 0.79167 0.50000
vt 0.79167 0.55000
vt 0.79167 0.95000
vt 0.79167 1.00000
vt 0.80000 0.50000
vt 0.80000 0.55000
vt 0.80000 0.95000
vt 0.80000 1.00000
vt 0.81041 0.02456
vt 0.81041 0.47545
vt 0.81133 0.02110
vt 0.81133 0.47890
vt 0.81211 0.01819
vt 0.81211 0.01821
vt 0.81211 0.48179
vt 0.81211 0.48181
vt 0.81911 0.03730
vt 0.81911 0.46270
vt 0.82196 0.02854
vt 0.82196 0.47146
vt 0.82413 0.02186
vt 0.82413 0.47814
vt 0.82415 0.02179
vt 0.82415 0.47820
vt 0.83333 0.50000
vt 0.83333 0.50982
vt 0.83333 0.55000
vt 0.83333 0.95000
vt 0.83333 0.99018
vt 0.83333 1.00000
vt 0.84853 0.50000
vt 0.84853 0.53750
vt 0.84853 0.71250
vt 0.84853 0.75000
vt 0.85000 0.50000
vt 0.85000 0.55000
vt 0.85000 0.95000
vt 0.85000 1.00000
vt 0.85137 0.07443
vt 0.85137 0.42557
vt 0.86381 0.50000
vt 0.86670 0.04787
vt 0.86670 0.45213
vt 0.86724 0.50000
vt 0.86724 0.54500
vt 0.86724 0.70500
vt 0.86724 0.75000
vt 0.86849 0.04477
vt 0.86849 0.45523
vt 0.86963 0.04279
vt 0.86963 0.45721
vt 0.86998 0.04218
vt 0.86998 0.45782
vt 0.86999 0.04217
vt 0.86999 0.45783
vt 0.87172 0.50000
vt 0.87500 0.50000
vt 0.87500 0.53750
vt 0.87500 0.54500
vt 0.87500 0.55000
vt 0.87500 0.70500
vt 0.87500 0.71250
vt 0.87500 0.73098
vt 0.87500 0.73415
vt 0.87500 0.95000
vt 0.87500 1.00000
vt 0.88145 0.06907
vt 0.88145 0.43093
vt 0.88687 0.06162
vt 0.88687 0.43838
vt 0.89100 0.05593
vt 0.89100 0.44407
vt 0.89104 0.05588
vt 0.89104 0.44412
vt 0.90000 0.50000
vt 0.90000 0.55000
vt 0.90000 0.95000
vt 0.90000 1.00000
vt 0.91504 0.08496
vt 0.91504 0.41504
vt 0.91667 0.50000
vt 0.91667 0.50982
vt 0.91667 0.55000
vt 0.91667 0.95000
vt 0.91667 0.99018
vt 0.91667 1.00000
vt 0.91757 0.08243
vt 0.91757 0.41757
vt 0.91968 0.08032
vt 0.91968 0.41968
vt 0.91970 0.08031
vt 0.91970 0.41969
vt 0.92557 0.14863
vt 0.92557 0.35136
vt 0.93093 0.11854
vt 0.93093 0.38145
vt 0.93838 0.11313
vt 0.93838 0.38687
vt 0.94407 0.10900
vt 0.94407 0.39100
vt 0.94412 0.10896
vt 0.94412 0.39104
vt 0.95000 0.50000
vt 0.95000 0.55000
vt 0.95000 0.95000
vt 0.95000 1.00000
vt 0.95213 0.13330
vt 0.95213 0.36670
vt 0.95273 0.25000
vt 0.95523 0.13151
vt 0.95523 0.36849
vt 0.95721 0.13037
vt 0.95721 0.36963
vt 0.95782 0.13002
vt 0.95782 0.36998
vt 0.95783 0.13001
vt 0.95783 0.36999
vt 0.95833 0.50000
vt 0.95833 0.55000
vt 0.95833 0.95000
vt 0.95833 1.00000
vt 0.96270 0.18089
vt 0.96270 0.31911
vt 0.97146 0.17804
vt 0.97146 0.32196
vt 0.97364 0.25000
vt 0.97545 0.18959
vt 0.97545 0.31041
vt 0.97814 0.17587
vt 0.97814 0.32413
vt 0.97820 0.17585
vt 0.97820 0.32415
vt 0.97890 0.18867
vt 0.97890 0.31133
vt 0.98179 0.18789
vt 0.98179 0.31211
vt 0.98181 0.18789
vt 0.98181 0.31211
vt 0.98285 0.25000
vt 0.98340 0.25000
vt 0.98697 0.25000
vt 0.98927 0.25000
vt 0.98988 0.25000
vt 0.98995 0.25000
vt 0.98997 0.25000
vt 0.98999 0.25000
vt 0.99811 0.50000
vt 0.99811 1.00000
vt 0.99950 0.50000
vt 0.99950 1.00000
vt 0.99978 0.50000
vt 0.99978 1.00000
vt 0.99983 0.50000
vt 0.99983 1.00000
vt 0.99992 0.50000
vt 0.99992 1.00000
vt 1.00000 0.50982
vt 1.00000 0.55000
vt 1.00000 0.95000
vt 1.00000 0.99018
s 0
g target_base_M_gunmetal
usemtl M_gunmetal
f 100/37/84 94/22/84 88/36/84
f 101/155/100 104/124/100 98/154/100
f 101/155/100 107/125/100 104/124/100
f 101/155/67 102/156/67 108/126/67
f 101/155/67 108/126/67 107/125/67
f 102/30/68 100/37/68 106/64/68
f 102/30/68 106/64/68 108/60/68
f 103/428/81 109/470/81 115/546/81
f 107/125/101 110/84/101 104/124/101
f 107/125/101 113/85/101 110/84/101
f 107/125/71 108/126/71 114/86/71
f 107/125/71 114/86/71 113/85/71
f 108/60/72 106/64/72 112/92/72
f 108/60/72 112/92/72 114/88/72
f 11/695/7 12/696/7 18/668/7
f 11/695/7 18/668/7 17/667/7
f 11/695/85 14/666/85 8/694/85
f 11/695/85 17/667/85 14/666/85
f 110/84/69 105/123/69 104/124/69
f 110/84/69 111/83/69 105/123/69
f 111/466/70 103/428/70 105/424/70
f 111/466/70 109/470/70 103/428/70
f 112/92/84 100/37/84 88/36/84
f 112/92/84 106/64/84 100/37/84
f 113/85/102 116/56/102 110/84/102
f 113/85/102 119/57/102 116/56/102
f 115/546/81 1/577/81 7/610/81
f 115/546/81 19/688/81 43/687/81
f 115/546/81 7/610/81 19/688/81
f 116/56/73 111/83/73 110/84/73
f 116/56/73 117/55/73 111/83/73
f 117/542/74 109/470/74 111/466/74
f 117/542/74 115/546/74 109/470/74
f 119/57/75 113/85/75 114/86/75
f 119/57/75 114/86/75 120/58/75
f 119/57/79 120/58/79 6/10/79
f 119/57/79 6/10/79 5/3/79
f 119/57/83 2/2/83 116/56/83
f 119/57/83 5/3/83 2/2/83
f 12/210/8 10/206/8 16/282/8
f 12/210/8 16/282/8 18/286/8
f 120/138/76 112/92/76 118/142/76
f 120/138/76 114/88/76 112/92/76
f 120/138/80 118/142/80 4/173/80
f 120/138/80 4/173/80 6/178/80
f 16/282/84 10/206/84 4/173/84
f 16/282/84 112/92/84 88/36/84
f 16/282/84 4/173/84 112/92/84
f 17/667/11 18/668/11 24/628/11
f 17/667/11 24/628/11 23/627/11
f 17/667/86 20/626/86 14/666/86
f 17/667/86 23/627/86 20/626/86
f 18/286/12 16/282/12 22/324/12
f 18/286/12 22/324/12 24/328/12
f 19/688/81 25/715/81 31/729/81
f 19/688/81 31/729/81 43/687/81
f 2/2/77 117/55/77 116/56/77
f 2/2/77 3/9/77 117/55/77
f 20/626/9 15/665/9 14/666/9
f 20/626/9 21/625/9 15/665/9
f 21/692/10 13/660/10 15/664/10
f 21/692/10 19/688/10 13/660/10
f 23/627/87 26/596/87 20/626/87
f 23/627/87 29/597/87 26/596/87
f 26/596/13 21/625/13 20/626/13
f 26/596/13 27/595/13 21/625/13
f 27/722/14 19/688/14 21/692/14
f 27/722/14 25/715/14 19/688/14
f 28/351/84 22/324/84 16/282/84
f 29/597/15 23/627/15 24/628/15
f 29/597/15 24/628/15 30/598/15
f 29/597/19 30/598/19 36/590/19
f 29/597/19 36/590/19 35/588/19
f 29/597/88 32/587/88 26/596/88
f 29/597/88 35/588/88 32/587/88
f 3/582/78 1/577/78 115/546/78
f 3/582/78 115/546/78 117/542/78
f 30/358/16 22/324/16 28/351/16
f 30/358/16 24/328/16 22/324/16
f 30/358/20 28/351/20 34/365/20
f 30/358/20 34/365/20 36/370/20
f 31/729/81 37/714/81 43/687/81
f 32/587/17 27/595/17 26/596/17
f 32/587/17 33/585/17 27/595/17
f 33/734/18 25/715/18 27/722/18
f 33/734/18 31/729/18 25/715/18
f 35/588/23 36/590/23 42/560/23
f 35/588/23 42/560/23 41/559/23
f 35/588/89 38/558/89 32/587/89
f 35/588/89 41/559/89 38/558/89
f 36/370/24 34/365/24 40/350/24
f 36/370/24 40/350/24 42/357/24
f 38/558/21 33/585/21 32/587/21
f 38/558/21 39/557/21 33/585/21
f 38/558/25 44/530/25 45/529/25
f 38/558/25 45/529/25 39/557/25
f 39/721/22 31/729/22 33/734/22
f 39/721/22 37/714/22 31/729/22
f 39/721/26 43/687/26 37/714/26
f 39/721/26 45/691/26 43/687/26
f 4/173/84 118/142/84 112/92/84
f 40/350/84 28/351/84 16/282/84
f 40/350/84 34/365/84 28/351/84
f 41/559/27 42/560/27 48/532/27
f 41/559/27 48/532/27 47/531/27
f 41/559/90 44/530/90 38/558/90
f 41/559/90 47/531/90 44/530/90
f 42/357/28 40/350/28 46/323/28
f 42/357/28 46/323/28 48/327/28
f 43/687/81 49/659/81 55/609/81
f 43/687/81 55/609/81 67/545/81
f 43/687/81 67/545/81 91/386/81
f 43/687/81 91/386/81 115/546/81
f 47/531/31 48/532/31 54/463/31
f 47/531/31 54/463/31 53/462/31
f 47/531/91 50/461/91 44/530/91
f 47/531/91 53/462/91 50/461/91
f 48/327/32 46/323/32 52/281/32
f 48/327/32 52/281/32 54/285/32
f 5/749/3 12/696/3 11/695/3
f 5/749/3 6/742/3 12/696/3
f 5/749/82 11/695/82 8/694/82
f 5/749/82 8/694/82 2/748/82
f 50/461/29 45/529/29 44/530/29
f 50/461/29 51/460/29 45/529/29
f 51/663/30 43/687/30 45/691/30
f 51/663/30 49/659/30 43/687/30
f 52/281/84 46/323/84 40/350/84
f 53/462/92 56/420/92 50/461/92
f 53/462/92 59/421/92 56/420/92
f 55/609/81 61/572/81 67/545/81
f 56/420/33 51/460/33 50/461/33
f 56/420/33 57/419/33 51/460/33
f 57/613/34 49/659/34 51/663/34
f 57/613/34 55/609/34 49/659/34
f 59/421/35 53/462/35 54/463/35
f 59/421/35 54/463/35 60/422/35
f 59/421/39 60/422/39 66/378/39
f 59/421/39 66/378/39 65/376/39
f 59/421/93 62/375/93 56/420/93
f 59/421/93 65/376/93 62/375/93
f 6/178/4 10/206/4 12/210/4
f 6/178/4 4/173/4 10/206/4
f 60/209/36 52/281/36 58/205/36
f 60/209/36 54/285/36 52/281/36
f 60/209/40 58/205/40 64/168/40
f 60/209/40 64/168/40 66/163/40
f 62/375/37 57/419/37 56/420/37
f 62/375/37 63/373/37 57/419/37
f 63/567/38 55/609/38 57/613/38
f 63/567/38 61/572/38 55/609/38
f 64/168/84 52/281/84 40/350/84
f 64/168/84 58/205/84 52/281/84
f 65/376/43 66/378/43 72/332/43
f 65/376/43 72/332/43 71/331/43
f 65/376/94 68/330/94 62/375/94
f 65/376/94 71/331/94 68/330/94
f 66/163/44 64/168/44 70/141/44
f 66/163/44 70/141/44 72/137/44
f 67/545/81 73/469/81 79/427/81
f 67/545/81 79/427/81 91/386/81
f 68/330/41 63/373/41 62/375/41
f 68/330/41 69/329/41 63/373/41
f 68/330/45 74/289/45 75/288/45
f 68/330/45 75/288/45 69/329/45
f 69/541/42 61/572/42 63/567/42
f 69/541/42 67/545/42 61/572/42
f 69/541/46 73/469/46 67/545/46
f 69/541/46 75/465/46 73/469/46
f 7/610/81 13/660/81 19/688/81
f 71/331/47 72/332/47 78/291/47
f 71/331/47 78/291/47 77/290/47
f 71/331/95 74/289/95 68/330/95
f 71/331/95 77/290/95 74/289/95
f 72/137/48 70/141/48 76/91/48
f 72/137/48 76/91/48 78/87/48
f 76/91/84 70/141/84 64/168/84
f 77/290/51 78/291/51 84/222/51
f 77/290/51 84/222/51 83/221/51
f 77/290/96 80/220/96 74/289/96
f 77/290/96 83/221/96 80/220/96
f 78/87/52 76/91/52 82/63/52
f 78/87/52 82/63/52 84/59/52
f 79/427/81 85/400/81 91/386/81
f 8/694/1 3/741/1 2/748/1
f 8/694/1 9/693/1 3/741/1
f 8/694/5 14/666/5 15/665/5
f 8/694/5 15/665/5 9/693/5
f 80/220/49 75/288/49 74/289/49
f 80/220/49 81/219/49 75/288/49
f 81/423/50 73/469/50 75/465/50
f 81/423/50 79/427/50 73/469/50
f 83/221/97 86/192/97 80/220/97
f 83/221/97 89/193/97 86/192/97
f 86/192/53 81/219/53 80/220/53
f 86/192/53 87/191/53 81/219/53
f 87/393/54 79/427/54 81/423/54
f 87/393/54 85/400/54 79/427/54
f 88/36/84 40/350/84 16/282/84
f 88/36/84 64/168/84 40/350/84
f 88/36/84 76/91/84 64/168/84
f 88/36/84 82/63/84 76/91/84
f 89/193/55 83/221/55 84/222/55
f 89/193/55 84/222/55 90/194/55
f 89/193/59 90/194/59 96/186/59
f 89/193/59 96/186/59 95/184/59
f 89/193/98 92/183/98 86/192/98
f 89/193/98 95/184/98 92/183/98
f 9/614/2 1/577/2 3/582/2
f 9/614/2 7/610/2 1/577/2
f 9/614/6 13/660/6 7/610/6
f 9/614/6 15/664/6 13/660/6
f 90/29/56 82/63/56 88/36/56
f 90/29/56 84/59/56 82/63/56
f 90/29/60 88/36/60 94/22/60
f 90/29/60 94/22/60 96/17/60
f 91/386/81 103/428/81 115/546/81
f 91/386/81 97/401/81 103/428/81
f 92/183/57 87/191/57 86/192/57
f 92/183/57 93/181/57 87/191/57
f 93/381/58 85/400/58 87/393/58
f 93/381/58 91/386/58 85/400/58
f 95/184/63 102/156/63 101/155/63
f 95/184/63 96/186/63 102/156/63
f 95/184/99 101/155/99 98/154/99
f 95/184/99 98/154/99 92/183/99
f 96/17/64 100/37/64 102/30/64
f 96/17/64 94/22/64 100/37/64
f 98/154/61 93/181/61 92/183/61
f 98/154/61 99/153/61 93/181/61
f 98/154/65 104/124/65 105/123/65
f 98/154/65 105/123/65 99/153/65
f 99/394/62 91/386/62 93/381/62
f 99/394/62 97/401/62 91/386/62
f 99/394/66 103/428/66 97/401/66
f 99/394/66 105/424/66 103/428/66
g target_stem_Cylinder.001
v 0.000000 0.090000 0.046459
v 0.000000 0.098250 0.055000
v 0.000000 0.092416 0.052498
v 0.000000 0.510000 0.046459
v 0.000000 0.501750 0.055000
v 0.000000 0.507584 0.052498
v -0.023229 0.090000 0.040235
v -0.027500 0.098250 0.047631
v -0.026249 0.092416 0.045465
v -0.023229 0.510000 0.040235
v -0.027500 0.501750 0.047631
v -0.026249 0.507584 0.045465
v -0.040235 0.090000 0.023229
v -0.047631 0.098250 0.027500
v -0.045465 0.092416 0.026249
v -0.040235 0.510000 0.023229
v -0.047631 0.501750 0.027500
v -0.045465 0.507584 0.026249
v -0.046459 0.090000 0.000000
v -0.055000 0.098250 0.000000
v -0.052498 0.092416 0.000000
v -0.046459 0.510000 0.000000
v -0.055000 0.501750 0.000000
v -0.052498 0.507584 0.000000
v -0.040235 0.090000 -0.023229
v -0.047631 0.098250 -0.027500
v -0.045465 0.092416 -0.026249
v -0.040235 0.510000 -0.023229
v -0.047631 0.501750 -0.027500
v -0.045465 0.507584 -0.026249
v -0.023229 0.090000 -0.040235
v -0.027500 0.098250 -0.047631
v -0.026249 0.092416 -0.045465
v -0.023229 0.510000 -0.040235
v -0.027500 0.501750 -0.047631
v -0.026249 0.507584 -0.045465
v 0.000000 0.090000 -0.046459
v 0.000000 0.098250 -0.055000
v 0.000000 0.092416 -0.052498
v 0.000000 0.510000 -0.046459
v 0.000000 0.501750 -0.055000
v 0.000000 0.507584 -0.052498
v 0.023229 0.090000 -0.040235
v 0.027500 0.098250 -0.047631
v 0.026249 0.092416 -0.045465
v 0.023229 0.510000 -0.040235
v 0.027500 0.501750 -0.047631
v 0.026249 0.507584 -0.045465
v 0.040235 0.090000 -0.023229
v 0.047631 0.098250 -0.027500
v 0.045465 0.092416 -0.026249
v 0.040235 0.510000 -0.023229
v 0.047631 0.501750 -0.027500
v 0.045465 0.507584 -0.026249
v 0.046459 0.090000 0.000000
v 0.055000 0.098250 0.000000
v 0.052498 0.092416 0.000000
v 0.046459 0.510000 0.000000
v 0.055000 0.501750 0.000000
v 0.052498 0.507584 0.000000
v 0.040235 0.090000 0.023229
v 0.047631 0.098250 0.027500
v 0.045465 0.092416 0.026249
v 0.040235 0.510000 0.023229
v 0.047631 0.501750 0.027500
v 0.045465 0.507584 0.026249
v 0.023229 0.090000 0.040235
v 0.027500 0.098250 0.047631
v 0.026249 0.092416 0.045465
v 0.023229 0.510000 0.040235
v 0.027500 0.501750 0.047631
v 0.026249 0.507584 0.045465
vn -0.2391 -0.3827 0.8924
vn -0.0990 -0.9239 0.3696
vn -0.2391 0.3827 0.8924
vn -0.0990 0.9239 0.3696
vn -0.6533 -0.3827 0.6533
vn -0.2706 -0.9239 0.2706
vn -0.6533 0.3827 0.6533
vn -0.2706 0.9239 0.2706
vn -0.8924 -0.3827 0.2391
vn -0.3696 -0.9239 0.0990
vn -0.8924 0.3827 0.2391
vn -0.3696 0.9239 0.0990
vn -0.8924 -0.3827 -0.2391
vn -0.3696 -0.9239 -0.0990
vn -0.8924 0.3827 -0.2391
vn -0.3696 0.9239 -0.0990
vn -0.6533 -0.3827 -0.6533
vn -0.2706 -0.9239 -0.2706
vn -0.6533 0.3827 -0.6533
vn -0.2706 0.9239 -0.2706
vn -0.2391 -0.3827 -0.8924
vn -0.0990 -0.9239 -0.3696
vn -0.2391 0.3827 -0.8924
vn -0.0990 0.9239 -0.3696
vn 0.2391 -0.3827 -0.8924
vn 0.0990 -0.9239 -0.3696
vn 0.2391 0.3827 -0.8924
vn 0.0990 0.9239 -0.3696
vn 0.6533 -0.3827 -0.6533
vn 0.2706 -0.9239 -0.2706
vn 0.6533 0.3827 -0.6533
vn 0.2706 0.9239 -0.2706
vn 0.8924 -0.3827 -0.2391
vn 0.3696 -0.9239 -0.0990
vn 0.8924 0.3827 -0.2391
vn 0.3696 0.9239 -0.0990
vn 0.8924 -0.3827 0.2391
vn 0.3696 -0.9239 0.0990
vn 0.8924 0.3827 0.2391
vn 0.3696 0.9239 0.0990
vn 0.6533 -0.3827 0.6533
vn 0.2706 -0.9239 0.2706
vn 0.6533 0.3827 0.6533
vn 0.2706 0.9239 0.2706
vn 0.2391 -0.3827 0.8924
vn 0.0990 -0.9239 0.3696
vn 0.2391 0.3827 0.8924
vn 0.0990 0.9239 0.3696
vn -0.0000 -1.0000 -0.0000
vn -0.2588 -0.0000 0.9659
vn 0.2588 -0.0000 0.9659
vn -0.0000 1.0000 -0.0000
vn -0.7071 -0.0000 0.7071
vn -0.9659 -0.0000 0.2588
vn -0.9659 -0.0000 -0.2588
vn -0.7071 -0.0000 -0.7071
vn -0.2588 -0.0000 -0.9659
vn 0.2588 -0.0000 -0.9659
vn 0.7071 -0.0000 -0.7071
vn 0.9659 -0.0000 -0.2588
vn 0.9659 -0.0000 0.2588
vn 0.7071 -0.0000 0.7071
s 0
g target_stem_M_steel
usemtl M_steel
f 122/747/103 128/672/103 129/671/103
f 122/747/103 129/671/103 123/737/103
f 123/580/148 121/575/148 187/528/148
f 123/580/148 187/528/148 189/518/148
f 124/171/154 190/122/154 184/68/154
f 125/4/149 191/79/149 192/80/149
f 125/4/149 192/80/149 126/14/149
f 125/750/152 128/672/152 122/747/152
f 125/750/152 131/675/152 128/672/152
f 126/176/106 124/171/106 130/224/106
f 126/176/106 130/224/106 132/234/106
f 127/630/151 133/684/151 139/699/151
f 129/641/104 121/575/104 123/580/104
f 129/641/104 127/630/104 121/575/104
f 129/641/108 133/684/108 127/630/108
f 129/641/108 135/703/108 133/684/108
f 131/675/105 125/750/105 126/738/105
f 131/675/105 126/738/105 132/676/105
f 131/675/109 132/676/109 138/620/109
f 131/675/109 138/620/109 137/619/109
f 131/675/155 134/616/155 128/672/155
f 131/675/155 137/619/155 134/616/155
f 134/616/107 129/671/107 128/672/107
f 134/616/107 135/615/107 129/671/107
f 134/616/111 140/586/111 141/585/111
f 134/616/111 141/585/111 135/615/111
f 136/320/154 124/171/154 184/68/154
f 136/320/154 130/224/154 124/171/154
f 137/619/156 140/586/156 134/616/156
f 137/619/156 143/589/156 140/586/156
f 138/339/110 130/224/110 136/320/110
f 138/339/110 132/234/110 130/224/110
f 138/339/114 136/320/114 142/335/114
f 138/339/114 142/335/114 144/368/114
f 139/699/151 145/683/151 151/629/151
f 139/699/151 151/629/151 163/527/151
f 139/699/151 163/527/151 187/528/151
f 140/586/115 146/536/115 147/535/115
f 140/586/115 147/535/115 141/585/115
f 141/732/112 133/684/112 135/703/112
f 141/732/112 139/699/112 133/684/112
f 143/589/113 137/619/113 138/620/113
f 143/589/113 138/620/113 144/590/113
f 143/589/157 146/536/157 140/586/157
f 143/589/157 149/539/157 146/536/157
f 144/368/118 142/335/118 148/319/118
f 144/368/118 148/319/118 150/338/118
f 147/702/116 139/699/116 141/732/116
f 147/702/116 145/683/116 139/699/116
f 147/702/120 151/629/120 145/683/120
f 147/702/120 153/640/120 151/629/120
f 148/319/154 142/335/154 136/320/154
f 149/539/117 143/589/117 144/590/117
f 149/539/117 144/590/117 150/540/117
f 149/539/121 150/540/121 156/457/121
f 149/539/121 156/457/121 155/456/121
f 149/539/158 152/453/158 146/536/158
f 149/539/158 155/456/158 152/453/158
f 151/629/151 157/574/151 163/527/151
f 152/453/119 147/535/119 146/536/119
f 152/453/119 153/452/119 147/535/119
f 152/453/123 158/374/123 159/373/123
f 152/453/123 159/373/123 153/452/123
f 155/456/159 158/374/159 152/453/159
f 155/456/159 161/377/159 158/374/159
f 156/233/122 148/319/122 154/223/122
f 156/233/122 150/338/122 148/319/122
f 156/233/126 154/223/126 160/170/126
f 156/233/126 160/170/126 162/165/126
f 158/374/127 164/295/127 165/294/127
f 158/374/127 165/294/127 159/373/127
f 159/569/124 151/629/124 153/640/124
f 159/569/124 157/574/124 151/629/124
f 160/170/154 148/319/154 136/320/154
f 160/170/154 154/223/154 148/319/154
f 161/377/125 155/456/125 156/457/125
f 161/377/125 156/457/125 162/378/125
f 161/377/160 164/295/160 158/374/160
f 161/377/160 167/298/160 164/295/160
f 162/165/130 160/170/130 166/121/130
f 162/165/130 166/121/130 168/110/130
f 163/527/151 169/431/151 175/416/151
f 163/527/151 175/416/151 187/528/151
f 165/517/128 157/574/128 159/569/128
f 165/517/128 163/527/128 157/574/128
f 165/517/132 169/431/132 163/527/132
f 165/517/132 171/412/132 169/431/132
f 167/298/129 161/377/129 162/378/129
f 167/298/129 162/378/129 168/299/129
f 167/298/133 168/299/133 174/216/133
f 167/298/133 174/216/133 173/215/133
f 167/298/161 170/212/161 164/295/161
f 167/298/161 173/215/161 170/212/161
f 170/212/131 165/294/131 164/295/131
f 170/212/131 171/211/131 165/294/131
f 170/212/135 176/182/135 177/181/135
f 170/212/135 177/181/135 171/211/135
f 172/67/154 166/121/154 160/170/154
f 173/215/162 176/182/162 170/212/162
f 173/215/162 179/185/162 176/182/162
f 174/48/134 166/121/134 172/67/134
f 174/48/134 168/110/134 166/121/134
f 174/48/138 172/67/138 178/52/138
f 174/48/138 178/52/138 180/19/138
f 175/416/151 181/432/151 187/528/151
f 176/182/139 182/132/139 183/131/139
f 176/182/139 183/131/139 177/181/139
f 177/383/136 169/431/136 171/412/136
f 177/383/136 175/416/136 169/431/136
f 179/185/137 173/215/137 174/216/137
f 179/185/137 174/216/137 180/186/137
f 179/185/163 182/132/163 176/182/163
f 179/185/163 185/135/163 182/132/163
f 180/19/142 178/52/142 184/68/142
f 180/19/142 184/68/142 186/49/142
f 183/413/140 175/416/140 177/383/140
f 183/413/140 181/432/140 175/416/140
f 183/413/144 187/528/144 181/432/144
f 183/413/144 189/518/144 187/528/144
f 184/68/154 160/170/154 136/320/154
f 184/68/154 172/67/154 160/170/154
f 184/68/154 178/52/154 172/67/154
f 185/135/141 179/185/141 180/186/141
f 185/135/141 180/186/141 186/136/141
f 185/135/145 186/136/145 192/80/145
f 185/135/145 192/80/145 191/79/145
f 185/135/164 188/76/164 182/132/164
f 185/135/164 191/79/164 188/76/164
f 187/528/151 121/575/151 127/630/151
f 187/528/151 127/630/151 139/699/151
f 188/76/143 183/131/143 182/132/143
f 188/76/143 189/75/143 183/131/143
f 188/76/147 122/1/147 123/13/147
f 188/76/147 123/13/147 189/75/147
f 191/79/153 122/1/153 188/76/153
f 191/79/153 125/4/153 122/1/153
f 192/111/146 184/68/146 190/122/146
f 192/111/146 186/49/146 184/68/146
f 192/111/150 124/171/150 126/176/150
f 192/111/150 190/122/150 124/171/150
g target_plate_Cube.004
v 0.272000 0.430000 -0.032000
v 0.272000 0.448000 -0.050000
v 0.290000 0.448000 -0.032000
v 0.272000 0.435272 -0.044728
v 0.282392 0.437608 -0.042392
v 0.284728 0.448000 -0.044728
v 0.284728 0.435272 -0.032000
v 0.272000 0.892000 -0.050000
v 0.272000 0.910000 -0.032000
v 0.290000 0.892000 -0.032000
v 0.272000 0.904728 -0.044728
v 0.282392 0.902392 -0.042392
v 0.284728 0.904728 -0.032000
v 0.284728 0.892000 -0.044728
v 0.272000 0.430000 0.032000
v 0.290000 0.448000 0.032000
v 0.272000 0.448000 0.050000
v 0.284728 0.435272 0.032000
v 0.282392 0.437608 0.042392
v 0.284728 0.448000 0.044728
v 0.272000 0.435272 0.044728
v 0.272000 0.910000 0.032000
v 0.272000 0.892000 0.050000
v 0.290000 0.892000 0.032000
v 0.272000 0.904728 0.044728
v 0.282392 0.902392 0.042392
v 0.284728 0.892000 0.044728
v 0.284728 0.904728 0.032000
v -0.272000 0.430000 -0.032000
v -0.290000 0.448000 -0.032000
v -0.272000 0.448000 -0.050000
v -0.284728 0.435272 -0.032000
v -0.282392 0.437608 -0.042392
v -0.284728 0.448000 -0.044728
v -0.272000 0.435272 -0.044728
v -0.272000 0.910000 -0.032000
v -0.272000 0.892000 -0.050000
v -0.290000 0.892000 -0.032000
v -0.272000 0.904728 -0.044728
v -0.282392 0.902392 -0.042392
v -0.284728 0.892000 -0.044728
v -0.284728 0.904728 -0.032000
v -0.272000 0.430000 0.032000
v -0.272000 0.448000 0.050000
v -0.290000 0.448000 0.032000
v -0.272000 0.435272 0.044728
v -0.282392 0.437608 0.042392
v -0.284728 0.448000 0.044728
v -0.284728 0.435272 0.032000
v -0.272000 0.910000 0.032000
v -0.290000 0.892000 0.032000
v -0.272000 0.892000 0.050000
v -0.284728 0.904728 0.032000
v -0.282392 0.902392 0.042392
v -0.284728 0.892000 0.044728
v -0.272000 0.904728 0.044728
vn 0.3672 -0.8865 -0.2817
vn 0.2817 -0.3672 -0.8865
vn 0.8865 -0.2817 -0.3672
vn 0.3672 0.2817 -0.8865
vn 0.2817 0.8865 -0.3672
vn 0.8865 0.3672 -0.2817
vn 0.2817 -0.8865 0.3672
vn 0.8865 -0.3672 0.2817
vn 0.3672 -0.2817 0.8865
vn 0.3672 0.8865 0.2817
vn 0.2817 0.3672 0.8865
vn 0.8865 0.2817 0.3672
vn -0.2817 -0.8865 -0.3672
vn -0.8865 -0.3672 -0.2817
vn -0.3672 -0.2817 -0.8865
vn -0.3672 0.8865 -0.2817
vn -0.2817 0.3672 -0.8865
vn -0.8865 0.2817 -0.3672
vn -0.3672 -0.8865 0.2817
vn -0.2817 -0.3672 0.8865
vn -0.8865 -0.2817 0.3672
vn -0.2817 0.8865 0.3672
vn -0.8865 0.3672 0.2817
vn -0.3672 0.2817 0.8865
vn 0.3827 -0.9239 -0.0000
vn 0.9239 -0.3827 -0.0000
vn 0.3827 -0.0000 -0.9239
vn 0.9239 -0.0000 -0.3827
vn 0.3827 0.9239 -0.0000
vn 0.9239 0.3827 -0.0000
vn 0.3827 -0.0000 0.9239
vn 0.9239 -0.0000 0.3827
vn -0.0000 -0.9239 0.3827
vn -0.0000 -0.3827 0.9239
vn -0.0000 0.9239 0.3827
vn -0.0000 0.3827 0.9239
vn -0.9239 -0.0000 0.3827
vn -0.3827 -0.0000 0.9239
vn -0.3827 -0.9239 -0.0000
vn -0.9239 -0.3827 -0.0000
vn -0.3827 0.9239 -0.0000
vn -0.9239 0.3827 -0.0000
vn -0.3827 -0.0000 -0.9239
vn -0.9239 -0.0000 -0.3827
vn -0.0000 -0.9239 -0.3827
vn -0.0000 -0.3827 -0.9239
vn -0.0000 0.9239 -0.3827
vn -0.0000 0.3827 -0.9239
vn -0.0000 -1.0000 -0.0000
vn 1.0000 -0.0000 -0.0000
vn -0.0000 -0.0000 -1.0000
vn -0.0000 1.0000 -0.0000
vn -0.0000 -0.0000 1.0000
vn -1.0000 -0.0000 -0.0000
vn 0.2817 -0.8865 -0.3672
vn 0.3672 -0.2817 -0.8865
vn 0.8865 -0.3672 -0.2817
vn 0.2817 0.3672 -0.8865
vn 0.3672 0.8865 -0.2817
vn 0.8865 0.2817 -0.3672
vn 0.3672 -0.8865 0.2817
vn 0.8865 -0.2817 0.3672
vn 0.2817 -0.3672 0.8865
vn 0.2817 0.8865 0.3672
vn 0.3672 0.2817 0.8865
vn 0.8865 0.3672 0.2817
vn -0.3672 -0.8865 -0.2817
vn -0.8865 -0.2817 -0.3672
vn -0.2817 -0.3672 -0.8865
vn -0.2817 0.8865 -0.3672
vn -0.3672 0.2817 -0.8865
vn -0.8865 0.3672 -0.2817
vn -0.2817 -0.8865 0.3672
vn -0.3672 -0.2817 0.8865
vn -0.8865 -0.3672 0.2817
vn -0.3672 0.8865 0.2817
vn -0.8865 0.2817 0.3672
vn -0.2817 0.3672 0.8865
s 0
g target_plate_M_cream
usemtl M_cream
f 193/116/165 197/105/165 199/101/165
f 193/116/189 199/101/189 210/99/189
f 193/116/189 210/99/189 207/115/189
f 193/116/219 196/117/219 197/105/219
f 194/278/166 197/263/166 196/257/166
f 194/278/220 198/279/220 197/263/220
f 195/268/167 197/242/167 198/267/167
f 195/268/221 199/244/221 197/242/221
f 199/244/190 195/268/190 208/269/190
f 199/244/190 208/269/190 210/245/190
f 200/483/168 204/509/168 206/484/168
f 200/483/191 198/279/191 194/278/191
f 200/483/191 206/484/191 198/279/191
f 200/483/222 203/508/222 204/509/222
f 201/636/169 204/653/169 203/637/169
f 201/636/211 203/637/211 231/512/211
f 201/636/211 231/512/211 228/522/211
f 201/636/223 205/651/223 204/653/223
f 202/473/170 204/488/170 205/494/170
f 202/473/214 208/269/214 195/268/214
f 202/473/214 216/474/214 208/269/214
f 202/473/224 206/472/224 204/488/224
f 203/508/212 200/483/212 229/482/212
f 203/508/212 229/482/212 231/512/212
f 206/472/192 195/268/192 198/267/192
f 206/472/192 202/473/192 195/268/192
f 207/115/171 211/97/171 213/114/171
f 207/115/197 213/114/197 238/239/197
f 207/115/197 238/239/197 235/229/197
f 207/115/225 210/99/225 211/97/225
f 208/269/172 211/261/172 210/245/172
f 208/269/226 212/270/226 211/261/226
f 209/271/173 211/261/173 212/270/173
f 209/271/195 212/270/195 219/475/195
f 209/271/195 219/475/195 215/476/195
f 209/271/227 213/247/227 211/261/227
f 212/270/196 208/269/196 216/474/196
f 212/270/196 216/474/196 219/475/196
f 213/247/198 209/271/198 236/272/198
f 213/247/198 236/272/198 238/239/198
f 214/635/174 218/646/174 220/649/174
f 214/635/193 205/651/193 201/636/193
f 214/635/193 220/649/193 205/651/193
f 214/635/216 201/636/216 228/522/216
f 214/635/216 228/522/216 242/521/216
f 214/635/228 217/634/228 218/646/228
f 215/476/175 218/490/175 217/497/175
f 215/476/217 236/272/217 209/271/217
f 215/476/217 244/477/217 236/272/217
f 215/476/229 219/475/229 218/490/229
f 216/474/176 218/490/176 219/475/176
f 216/474/230 220/495/230 218/490/230
f 220/495/194 202/473/194 205/494/194
f 220/495/194 216/474/194 202/473/194
f 221/230/177 225/260/177 227/240/177
f 221/230/209 196/117/209 193/116/209
f 221/230/209 227/240/209 196/117/209
f 221/230/231 224/253/231 225/260/231
f 222/275/178 225/260/178 224/253/178
f 222/275/232 226/276/232 225/260/232
f 223/277/179 225/260/179 226/276/179
f 223/277/207 226/276/207 233/481/207
f 223/277/207 233/481/207 229/482/207
f 223/277/233 227/240/233 225/260/233
f 226/276/208 222/275/208 230/480/208
f 226/276/208 230/480/208 233/481/208
f 227/240/210 194/278/210 196/257/210
f 227/240/210 223/277/210 194/278/210
f 228/522/180 232/492/180 234/503/180
f 228/522/205 234/503/205 245/501/205
f 228/522/205 245/501/205 242/521/205
f 228/522/234 231/512/234 232/492/234
f 229/482/181 232/492/181 231/512/181
f 229/482/215 194/278/215 223/277/215
f 229/482/215 200/483/215 194/278/215
f 229/482/235 233/481/235 232/492/235
f 230/480/182 232/492/182 233/481/182
f 230/480/236 234/503/236 232/492/236
f 234/503/206 230/480/206 243/479/206
f 234/503/206 243/479/206 245/501/206
f 235/229/183 239/259/183 241/251/183
f 235/229/203 224/253/203 221/230/203
f 235/229/203 241/251/203 224/253/203
f 235/229/213 193/116/213 207/115/213
f 235/229/213 221/230/213 193/116/213
f 235/229/237 238/239/237 239/259/237
f 236/272/184 239/259/184 238/239/184
f 236/272/238 240/273/238 239/259/238
f 237/274/185 239/259/185 240/273/185
f 237/274/201 240/273/201 247/478/201
f 237/274/201 247/478/201 243/479/201
f 237/274/239 241/251/239 239/259/239
f 240/273/202 236/272/202 244/477/202
f 240/273/202 244/477/202 247/478/202
f 241/251/204 222/275/204 224/253/204
f 241/251/204 237/274/204 222/275/204
f 242/521/186 246/491/186 248/511/186
f 242/521/199 217/634/199 214/635/199
f 242/521/199 248/511/199 217/634/199
f 242/521/240 245/501/240 246/491/240
f 243/479/187 246/491/187 245/501/187
f 243/479/218 222/275/218 237/274/218
f 243/479/218 230/480/218 222/275/218
f 243/479/241 247/478/241 246/491/241
f 244/477/188 246/491/188 247/478/188
f 244/477/242 248/511/242 246/491/242
f 248/511/200 215/476/200 217/497/200
f 248/511/200 244/477/200 215/476/200
g target_ring_outer_Cylinder.002
v 0.000000 0.867478 -0.052500
v 0.000000 0.870000 -0.055000
v 0.000000 0.869262 -0.053232
v -0.000000 0.867478 -0.077500
v 0.000000 0.870000 -0.075000
v -0.000000 0.869262 -0.076768
v -0.051111 0.860750 -0.052500
v -0.051764 0.863185 -0.055000
v -0.051573 0.862472 -0.053232
v -0.051111 0.860750 -0.077500
v -0.051764 0.863185 -0.075000
v -0.051573 0.862472 -0.076768
v -0.098739 0.841021 -0.052500
v -0.100000 0.843205 -0.055000
v -0.099631 0.842565 -0.053232
v -0.098739 0.841021 -0.077500
v -0.100000 0.843205 -0.075000
v -0.099631 0.842565 -0.076768
v -0.139638 0.809638 -0.052500
v -0.141421 0.811421 -0.055000
v -0.140899 0.810899 -0.053232
v -0.139638 0.809638 -0.077500
v -0.141421 0.811421 -0.075000
v -0.140899 0.810899 -0.076768
v -0.171021 0.768739 -0.052500
v -0.173205 0.770000 -0.055000
v -0.172565 0.769631 -0.053232
v -0.171021 0.768739 -0.077500
v -0.173205 0.770000 -0.075000
v -0.172565 0.769631 -0.076768
v -0.190750 0.721111 -0.052500
v -0.193185 0.721764 -0.055000
v -0.192472 0.721573 -0.053232
v -0.190750 0.721111 -0.077500
v -0.193185 0.721764 -0.075000
v -0.192472 0.721573 -0.076768
v -0.197478 0.670000 -0.052500
v -0.200000 0.670000 -0.055000
v -0.199261 0.670000 -0.053232
v -0.197478 0.670000 -0.077500
v -0.200000 0.670000 -0.075000
v -0.199261 0.670000 -0.076768
v -0.190750 0.618889 -0.052500
v -0.193185 0.618236 -0.055000
v -0.192472 0.618427 -0.053232
v -0.190750 0.618889 -0.077500
v -0.193185 0.618236 -0.075000
v -0.192472 0.618427 -0.076768
v -0.171021 0.571261 -0.052500
v -0.173205 0.570000 -0.055000
v -0.172565 0.570369 -0.053232
v -0.171021 0.571261 -0.077500
v -0.173205 0.570000 -0.075000
v -0.172565 0.570369 -0.076768
v -0.139638 0.530362 -0.052500
v -0.141421 0.528579 -0.055000
v -0.140899 0.529101 -0.053232
v -0.139638 0.530362 -0.077500
v -0.141421 0.528579 -0.075000
v -0.140899 0.529101 -0.076768
v -0.098739 0.498979 -0.052500
v -0.100000 0.496795 -0.055000
v -0.099631 0.497435 -0.053232
v -0.098739 0.498979 -0.077500
v -0.100000 0.496795 -0.075000
v -0.099631 0.497435 -0.076768
v -0.051111 0.479250 -0.052500
v -0.051764 0.476815 -0.055000
v -0.051573 0.477528 -0.053232
v -0.051111 0.479250 -0.077500
v -0.051764 0.476815 -0.075000
v -0.051573 0.477528 -0.076768
v -0.000000 0.472522 -0.052500
v 0.000000 0.470000 -0.055000
v -0.000000 0.470739 -0.053232
v 0.000000 0.472522 -0.077500
v 0.000000 0.470000 -0.075000
v 0.000000 0.470739 -0.076768
v 0.051111 0.479250 -0.052500
v 0.051764 0.476815 -0.055000
v 0.051573 0.477528 -0.053232
v 0.051111 0.479250 -0.077500
v 0.051764 0.476815 -0.075000
v 0.051573 0.477528 -0.076768
v 0.098739 0.498979 -0.052500
v 0.100000 0.496795 -0.055000
v 0.099631 0.497435 -0.053232
v 0.098739 0.498979 -0.077500
v 0.100000 0.496795 -0.075000
v 0.099631 0.497435 -0.076768
v 0.139638 0.530362 -0.052500
v 0.141421 0.528579 -0.055000
v 0.140899 0.529101 -0.053232
v 0.139638 0.530362 -0.077500
v 0.141421 0.528579 -0.075000
v 0.140899 0.529101 -0.076768
v 0.171021 0.571261 -0.052500
v 0.173205 0.570000 -0.055000
v 0.172565 0.570369 -0.053232
v 0.171021 0.571261 -0.077500
v 0.173205 0.570000 -0.075000
v 0.172565 0.570369 -0.076768
v 0.190750 0.618889 -0.052500
v 0.193185 0.618236 -0.055000
v 0.192472 0.618427 -0.053232
v 0.190750 0.618889 -0.077500
v 0.193185 0.618236 -0.075000
v 0.192472 0.618427 -0.076768
v 0.197478 0.670000 -0.052500
v 0.200000 0.670000 -0.055000
v 0.199261 0.670000 -0.053232
v 0.197478 0.670000 -0.077500
v 0.200000 0.670000 -0.075000
v 0.199261 0.670000 -0.076768
v 0.190750 0.721111 -0.052500
v 0.193185 0.721764 -0.055000
v 0.192472 0.721573 -0.053232
v 0.190750 0.721111 -0.077500
v 0.193185 0.721764 -0.075000
v 0.192472 0.721573 -0.076768
v 0.171021 0.768739 -0.052500
v 0.173205 0.770000 -0.055000
v 0.172565 0.769631 -0.053232
v 0.171021 0.768739 -0.077500
v 0.173205 0.770000 -0.075000
v 0.172565 0.769631 -0.076768
v 0.139638 0.809638 -0.052500
v 0.141421 0.811421 -0.055000
v 0.140899 0.810899 -0.053232
v 0.139638 0.809638 -0.077500
v 0.141421 0.811421 -0.075000
v 0.140899 0.810899 -0.076768
v 0.098739 0.841021 -0.052500
v 0.100000 0.843205 -0.055000
v 0.099631 0.842565 -0.053232
v 0.098739 0.841021 -0.077500
v 0.100000 0.843205 -0.075000
v 0.099631 0.842565 -0.076768
v 0.051111 0.860750 -0.052500
v 0.051764 0.863185 -0.055000
v 0.051573 0.862472 -0.053232
v 0.051111 0.860750 -0.077500
v 0.051764 0.863185 -0.075000
v 0.051573 0.862472 -0.076768
vn -0.1206 0.9160 0.3827
vn -0.0500 0.3794 0.9239
vn -0.1206 0.9160 -0.3827
vn -0.0499 0.3794 -0.9239
vn -0.3536 0.8536 0.3827
vn -0.1464 0.3536 0.9239
vn -0.3536 0.8536 -0.3827
vn -0.1464 0.3536 -0.9239
vn -0.5624 0.7330 0.3827
vn -0.2330 0.3036 0.9239
vn -0.5624 0.7330 -0.3827
vn -0.2330 0.3036 -0.9239
vn -0.7330 0.5624 0.3827
vn -0.3036 0.2330 0.9239
vn -0.7330 0.5624 -0.3827
vn -0.3036 0.2330 -0.9239
vn -0.8536 0.3536 0.3827
vn -0.3536 0.1464 0.9239
vn -0.8536 0.3536 -0.3827
vn -0.3536 0.1464 -0.9239
vn -0.9160 0.1206 0.3827
vn -0.3794 0.0500 0.9239
vn -0.9160 0.1206 -0.3827
vn -0.3794 0.0500 -0.9239
vn -0.9160 -0.1206 0.3827
vn -0.3794 -0.0500 0.9239
vn -0.9160 -0.1206 -0.3827
vn -0.3794 -0.0500 -0.9239
vn -0.8536 -0.3536 0.3827
vn -0.3536 -0.1464 0.9239
vn -0.8536 -0.3536 -0.3827
vn -0.3536 -0.1464 -0.9239
vn -0.7330 -0.5624 0.3827
vn -0.3036 -0.2330 0.9239
vn -0.7330 -0.5624 -0.3827
vn -0.3036 -0.2330 -0.9239
vn -0.5624 -0.7330 0.3827
vn -0.2330 -0.3036 0.9239
vn -0.5624 -0.7330 -0.3827
vn -0.2330 -0.3036 -0.9239
vn -0.3536 -0.8536 0.3827
vn -0.1464 -0.3536 0.9239
vn -0.3536 -0.8536 -0.3827
vn -0.1464 -0.3536 -0.9239
vn -0.1206 -0.9160 0.3827
vn -0.0499 -0.3794 0.9239
vn -0.1206 -0.9160 -0.3827
vn -0.0500 -0.3794 -0.9239
vn 0.1206 -0.9160 0.3827
vn 0.0500 -0.3794 0.9239
vn 0.1206 -0.9160 -0.3827
vn 0.0499 -0.3794 -0.9239
vn 0.3536 -0.8536 0.3827
vn 0.1464 -0.3536 0.9239
vn 0.3536 -0.8536 -0.3827
vn 0.1464 -0.3536 -0.9239
vn 0.5624 -0.7330 0.3827
vn 0.2330 -0.3036 0.9239
vn 0.5624 -0.7330 -0.3827
vn 0.2330 -0.3036 -0.9239
vn 0.7330 -0.5624 0.3827
vn 0.3036 -0.2330 0.9239
vn 0.7330 -0.5624 -0.3827
vn 0.3036 -0.2330 -0.9239
vn 0.8536 -0.3536 0.3827
vn 0.3536 -0.1464 0.9239
vn 0.8536 -0.3536 -0.3827
vn 0.3536 -0.1464 -0.9239
vn 0.9160 -0.1206 0.3827
vn 0.3794 -0.0500 0.9239
vn 0.9160 -0.1206 -0.3827
vn 0.3794 -0.0500 -0.9239
vn 0.9160 0.1206 0.3827
vn 0.3794 0.0500 0.9239
vn 0.9160 0.1206 -0.3827
vn 0.3794 0.0500 -0.9239
vn 0.8536 0.3536 0.3827
vn 0.3536 0.1464 0.9239
vn 0.8536 0.3536 -0.3827
vn 0.3536 0.1464 -0.9239
vn 0.7330 0.5624 0.3827
vn 0.3036 0.2330 0.9239
vn 0.7330 0.5624 -0.3827
vn 0.3036 0.2330 -0.9239
vn 0.5624 0.7330 0.3827
vn 0.2330 0.3036 0.9239
vn 0.5624 0.7330 -0.3827
vn 0.2330 0.3036 -0.9239
vn 0.3536 0.8536 0.3827
vn 0.1464 0.3536 0.9239
vn 0.3536 0.8536 -0.3827
vn 0.1464 0.3536 -0.9239
vn 0.1206 0.9160 0.3827
vn 0.0499 0.3794 0.9239
vn 0.1206 0.9160 -0.3827
vn 0.0500 0.3794 -0.9239
vn -0.0000 -0.0000 1.0000
vn -0.1305 0.9914 -0.0000
vn 0.1305 0.9914 -0.0000
vn -0.0000 -0.0000 -1.0000
vn -0.3827 0.9239 -0.0000
vn -0.6088 0.7934 -0.0000
vn -0.7934 0.6088 -0.0000
vn -0.9239 0.3827 -0.0000
vn -0.9914 0.1305 -0.0000
vn -0.9914 -0.1305 -0.0000
vn -0.9239 -0.3827 -0.0000
vn -0.7934 -0.6088 -0.0000
vn -0.6088 -0.7934 -0.0000
vn -0.3827 -0.9239 -0.0000
vn -0.1305 -0.9914 -0.0000
vn 0.1305 -0.9914 -0.0000
vn 0.3827 -0.9239 -0.0000
vn 0.6088 -0.7934 -0.0000
vn 0.7934 -0.6088 -0.0000
vn 0.9239 -0.3827 -0.0000
vn 0.9914 -0.1305 -0.0000
vn 0.9914 0.1305 -0.0000
vn 0.9239 0.3827 -0.0000
vn 0.7934 0.6088 -0.0000
vn 0.6088 0.7934 -0.0000
vn 0.3827 0.9239 -0.0000
vn -0.0499 0.3794 0.9239
vn -0.0500 0.3794 -0.9239
vn -0.0500 -0.3794 0.9239
vn -0.0499 -0.3794 -0.9239
vn 0.0499 -0.3794 0.9239
vn 0.0500 -0.3794 -0.9239
vn 0.0500 0.3794 0.9239
vn 0.0499 0.3794 -0.9239
s 0
g target_ring_outer_M_red
usemtl M_red
f 250/2/335 251/5/335 389/40/335
f 250/2/335 389/40/335 388/41/335
f 252/175/342 390/150/342 384/113/342
f 253/749/245 254/746/245 260/711/245
f 253/749/245 260/711/245 259/710/245
f 253/749/340 256/709/340 250/748/340
f 253/749/340 259/710/340 256/709/340
f 255/602/339 261/639/339 267/678/339
f 256/709/243 251/745/243 250/748/243
f 256/709/243 257/708/243 251/745/243
f 257/606/244 249/579/244 251/584/244
f 257/606/248 261/639/248 255/602/248
f 257/606/248 263/645/248 261/639/248
f 257/606/365 255/602/365 249/579/365
f 259/710/343 262/673/343 256/709/343
f 259/710/343 265/674/343 262/673/343
f 260/202/246 252/175/246 258/198/246
f 260/202/250 258/198/250 264/232/250
f 260/202/250 264/232/250 266/238/250
f 260/202/366 254/180/366 252/175/366
f 262/673/247 257/708/247 256/709/247
f 262/673/247 263/671/247 257/708/247
f 263/645/252 267/678/252 261/639/252
f 263/645/252 269/682/252 267/678/252
f 264/232/342 252/175/342 384/113/342
f 264/232/342 258/198/342 252/175/342
f 264/232/342 384/113/342 360/20/342
f 265/674/249 259/710/249 260/711/249
f 265/674/249 260/711/249 266/676/249
f 265/674/253 266/676/253 272/656/253
f 265/674/253 272/656/253 271/655/253
f 265/674/344 268/650/344 262/673/344
f 265/674/344 271/655/344 268/650/344
f 266/238/254 264/232/254 270/301/254
f 266/238/254 270/301/254 272/305/254
f 267/678/339 273/701/339 279/724/339
f 267/678/339 279/724/339 291/723/339
f 268/650/251 263/671/251 262/673/251
f 268/650/251 269/647/251 263/671/251
f 271/655/257 272/656/257 278/620/257
f 271/655/257 278/620/257 277/618/257
f 271/655/345 274/617/345 268/650/345
f 271/655/345 277/618/345 274/617/345
f 274/617/255 269/647/255 268/650/255
f 274/617/255 275/615/255 269/647/255
f 274/617/259 280/592/259 281/591/259
f 274/617/259 281/591/259 275/615/259
f 275/707/256 267/678/256 269/682/256
f 275/707/256 273/701/256 267/678/256
f 276/337/342 270/301/342 264/232/342
f 277/618/261 278/620/261 284/594/261
f 277/618/261 284/594/261 283/593/261
f 277/618/346 280/592/346 274/617/346
f 277/618/346 283/593/346 280/592/346
f 278/343/258 270/301/258 276/337/258
f 278/343/258 272/305/258 270/301/258
f 279/724/339 285/731/339 291/723/339
f 281/728/260 273/701/260 275/707/260
f 281/728/260 279/724/260 273/701/260
f 281/728/264 285/731/264 279/724/264
f 281/728/264 287/736/264 285/731/264
f 283/593/265 284/594/265 290/590/265
f 283/593/265 290/590/265 289/588/265
f 283/593/347 286/587/347 280/592/347
f 283/593/347 289/588/347 286/587/347
f 284/364/262 276/337/262 282/360/262
f 284/364/262 278/343/262 276/337/262
f 284/364/266 282/360/266 288/367/266
f 284/364/266 288/367/266 290/372/266
f 286/587/263 281/591/263 280/592/263
f 286/587/263 287/585/263 281/591/263
f 288/367/342 276/337/342 264/232/342
f 288/367/342 282/360/342 276/337/342
f 289/588/269 290/590/269 296/564/269
f 289/588/269 296/564/269 295/563/269
f 289/588/348 292/562/348 286/587/348
f 289/588/348 295/563/348 292/562/348
f 291/723/339 297/700/339 303/677/339
f 291/723/339 303/677/339 315/601/339
f 291/723/339 315/601/339 339/450/339
f 291/723/339 339/450/339 387/554/339
f 292/562/267 287/585/267 286/587/267
f 292/562/267 293/561/267 287/585/267
f 293/727/268 285/731/268 287/736/268
f 293/727/268 291/723/268 285/731/268
f 293/727/272 297/700/272 291/723/272
f 293/727/272 299/706/272 297/700/272
f 295/563/349 298/537/349 292/562/349
f 295/563/349 301/538/349 298/537/349
f 296/363/270 288/367/270 294/359/270
f 296/363/270 290/372/270 288/367/270
f 296/363/274 294/359/274 300/336/274
f 296/363/274 300/336/274 302/342/274
f 298/537/271 293/561/271 292/562/271
f 298/537/271 299/535/271 293/561/271
f 299/706/276 303/677/276 297/700/276
f 299/706/276 305/681/276 303/677/276
f 300/336/342 294/359/342 288/367/342
f 301/538/273 295/563/273 296/564/273
f 301/538/273 296/564/273 302/540/273
f 301/538/277 302/540/277 308/510/277
f 301/538/277 308/510/277 307/505/277
f 301/538/350 304/502/350 298/537/350
f 301/538/350 307/505/350 304/502/350
f 302/342/278 300/336/278 306/300/278
f 302/342/278 306/300/278 308/304/278
f 303/677/339 309/638/339 315/601/339
f 304/502/275 299/535/275 298/537/275
f 304/502/275 305/499/275 299/535/275
f 307/505/281 308/510/281 314/457/281
f 307/505/281 314/457/281 313/455/281
f 307/505/351 310/454/351 304/502/351
f 307/505/351 313/455/351 310/454/351
f 310/454/279 305/499/279 304/502/279
f 310/454/279 311/452/279 305/499/279
f 310/454/283 316/405/283 317/404/283
f 310/454/283 317/404/283 311/452/283
f 311/644/280 303/677/280 305/681/280
f 311/644/280 309/638/280 303/677/280
f 312/231/342 288/367/342 264/232/342
f 312/231/342 300/336/342 288/367/342
f 312/231/342 306/300/342 300/336/342
f 313/455/285 314/457/285 320/407/285
f 313/455/285 320/407/285 319/406/285
f 313/455/352 316/405/352 310/454/352
f 313/455/352 319/406/352 316/405/352
f 314/237/282 306/300/282 312/231/282
f 314/237/282 308/304/282 306/300/282
f 315/601/339 321/570/339 327/553/339
f 315/601/339 327/553/339 339/450/339
f 317/603/284 309/638/284 311/644/284
f 317/603/284 315/601/284 309/638/284
f 317/603/288 321/570/288 315/601/288
f 317/603/367 323/565/367 321/570/367
f 319/406/289 320/407/289 326/378/289
f 319/406/289 326/378/289 325/376/289
f 319/406/353 322/375/353 316/405/353
f 319/406/353 325/376/353 322/375/353
f 320/199/286 312/231/286 318/197/286
f 320/199/286 314/237/286 312/231/286
f 320/199/290 324/166/290 326/161/290
f 320/199/368 318/197/368 324/166/368
f 322/375/287 317/404/287 316/405/287
f 322/375/287 323/373/287 317/404/287
f 324/166/342 318/197/342 312/231/342
f 325/376/293 326/378/293 332/347/293
f 325/376/293 332/347/293 331/346/293
f 325/376/354 328/345/354 322/375/354
f 325/376/354 331/346/354 328/345/354
f 327/553/339 333/519/339 339/450/339
f 328/345/291 323/373/291 322/375/291
f 328/345/291 329/344/291 323/373/291
f 329/549/292 321/570/292 323/565/292
f 329/549/296 333/519/296 327/553/296
f 329/549/296 335/513/296 333/519/296
f 329/549/369 327/553/369 321/570/369
f 331/346/355 334/296/355 328/345/355
f 331/346/355 337/297/355 334/296/355
f 332/145/294 324/166/294 330/149/294
f 332/145/298 330/149/298 336/112/298
f 332/145/298 336/112/298 338/106/298
f 332/145/370 326/161/370 324/166/370
f 334/296/295 329/344/295 328/345/295
f 334/296/295 335/294/295 329/344/295
f 335/513/300 339/450/300 333/519/300
f 335/513/300 341/446/300 339/450/300
f 336/112/342 324/166/342 312/231/342
f 336/112/342 330/149/342 324/166/342
f 337/297/297 331/346/297 332/347/297
f 337/297/297 332/347/297 338/299/297
f 337/297/301 338/299/301 344/258/301
f 337/297/301 344/258/301 343/255/301
f 337/297/356 340/252/356 334/296/356
f 337/297/356 343/255/356 340/252/356
f 338/106/302 336/112/302 342/73/302
f 338/106/302 342/73/302 344/69/302
f 339/450/339 345/414/339 351/391/339
f 339/450/339 351/391/339 363/392/339
f 339/450/339 363/392/339 387/554/339
f 340/252/299 335/294/299 334/296/299
f 340/252/299 341/249/299 335/294/299
f 343/255/305 344/258/305 350/216/305
f 343/255/305 350/216/305 349/214/305
f 343/255/357 346/213/357 340/252/357
f 343/255/357 349/214/357 346/213/357
f 346/213/303 341/249/303 340/252/303
f 346/213/303 347/211/303 341/249/303
f 346/213/307 352/188/307 353/187/307
f 346/213/307 353/187/307 347/211/307
f 347/408/304 339/450/304 341/446/304
f 347/408/304 345/414/304 339/450/304
f 348/50/342 342/73/342 336/112/342
f 349/214/309 350/216/309 356/190/309
f 349/214/309 356/190/309 355/189/309
f 349/214/358 352/188/358 346/213/358
f 349/214/358 355/189/358 352/188/358
f 350/44/306 342/73/306 348/50/306
f 350/44/306 344/69/306 342/73/306
f 351/391/339 357/384/339 363/392/339
f 353/387/308 345/414/308 347/408/308
f 353/387/308 351/391/308 345/414/308
f 353/387/312 357/384/312 351/391/312
f 353/387/312 359/379/312 357/384/312
f 355/189/313 356/190/313 362/186/313
f 355/189/313 362/186/313 361/184/313
f 355/189/359 358/183/359 352/188/359
f 355/189/359 361/184/359 358/183/359
f 356/23/310 348/50/310 354/27/310
f 356/23/310 350/44/310 348/50/310
f 356/23/314 354/27/314 360/20/314
f 356/23/314 360/20/314 362/15/314
f 358/183/311 353/187/311 352/188/311
f 358/183/311 359/181/311 353/187/311
f 360/20/342 312/231/342 264/232/342
f 360/20/342 336/112/342 312/231/342
f 360/20/342 348/50/342 336/112/342
f 360/20/342 354/27/342 348/50/342
f 361/184/317 362/186/317 368/160/317
f 361/184/317 368/160/317 367/159/317
f 361/184/360 364/158/360 358/183/360
f 361/184/360 367/159/360 364/158/360
f 363/392/339 369/415/339 375/451/339
f 363/392/339 375/451/339 387/554/339
f 364/158/315 359/181/315 358/183/315
f 364/158/315 365/157/315 359/181/315
f 365/388/316 357/384/316 359/379/316
f 365/388/316 363/392/316 357/384/316
f 365/388/320 369/415/320 363/392/320
f 365/388/320 371/409/320 369/415/320
f 367/159/361 370/133/361 364/158/361
f 367/159/361 373/134/361 370/133/361
f 368/24/318 360/20/318 366/28/318
f 368/24/318 362/15/318 360/20/318
f 368/24/322 366/28/322 372/51/322
f 368/24/322 372/51/322 374/45/322
f 370/133/319 365/157/319 364/158/319
f 370/133/319 371/131/319 365/157/319
f 371/409/324 375/451/324 369/415/324
f 371/409/324 377/447/324 375/451/324
f 372/51/342 366/28/342 360/20/342
f 373/134/321 367/159/321 368/160/321
f 373/134/321 368/160/321 374/136/321
f 373/134/325 374/136/325 380/104/325
f 373/134/325 380/104/325 379/103/325
f 373/134/362 376/100/362 370/133/362
f 373/134/362 379/103/362 376/100/362
f 374/45/326 372/51/326 378/74/326
f 374/45/326 378/74/326 380/70/326
f 375/451/339 381/520/339 387/554/339
f 376/100/323 371/131/323 370/133/323
f 376/100/323 377/95/323 371/131/323
f 379/103/329 380/104/329 386/80/329
f 379/103/329 386/80/329 385/78/329
f 379/103/363 382/77/363 376/100/363
f 379/103/363 385/78/363 382/77/363
f 382/77/327 377/95/327 376/100/327
f 382/77/327 383/75/327 377/95/327
f 382/77/331 388/41/331 389/40/331
f 382/77/331 389/40/331 383/75/331
f 383/514/328 375/451/328 377/447/328
f 383/514/328 381/520/328 375/451/328
f 384/113/342 372/51/342 360/20/342
f 384/113/342 378/74/342 372/51/342
f 385/78/333 386/80/333 392/43/333
f 385/78/333 392/43/333 391/42/333
f 385/78/364 388/41/364 382/77/364
f 385/78/364 391/42/364 388/41/364
f 386/107/330 378/74/330 384/113/330
f 386/107/330 380/70/330 378/74/330
f 387/554/339 249/579/339 255/602/339
f 387/554/339 255/602/339 267/678/339
f 387/554/339 267/678/339 291/723/339
f 389/552/332 381/520/332 383/514/332
f 389/552/332 387/554/332 381/520/332
f 389/552/336 249/579/336 387/554/336
f 389/552/371 251/584/371 249/579/371
f 391/42/337 254/6/337 253/3/337
f 391/42/337 392/43/337 254/6/337
f 391/42/341 250/2/341 388/41/341
f 391/42/341 253/3/341 250/2/341
f 392/148/334 384/113/334 390/150/334
f 392/148/334 386/107/334 384/113/334
f 392/148/338 252/175/338 254/180/338
f 392/148/372 390/150/372 252/175/372
g target_ring_inner_Cylinder.003
v 0.000000 0.776974 -0.067000
v 0.000000 0.780000 -0.070000
v 0.000000 0.779114 -0.067879
v 0.000000 0.776974 -0.097000
v 0.000000 0.780000 -0.094000
v 0.000000 0.779114 -0.096121
v -0.027687 0.773329 -0.067000
v -0.028470 0.776252 -0.070000
v -0.028241 0.775396 -0.067879
v -0.027687 0.773329 -0.097000
v -0.028470 0.776252 -0.094000
v -0.028241 0.775396 -0.096121
v -0.053487 0.762642 -0.067000
v -0.055000 0.765263 -0.070000
v -0.054557 0.764495 -0.067879
v -0.053487 0.762642 -0.097000
v -0.055000 0.765263 -0.094000
v -0.054557 0.764495 -0.096121
v -0.075642 0.745642 -0.067000
v -0.077782 0.747782 -0.070000
v -0.077155 0.747155 -0.067879
v -0.075642 0.745642 -0.097000
v -0.077782 0.747782 -0.094000
v -0.077155 0.747155 -0.096121
v -0.092642 0.723487 -0.067000
v -0.095263 0.725000 -0.070000
v -0.094495 0.724557 -0.067879
v -0.092642 0.723487 -0.097000
v -0.095263 0.725000 -0.094000
v -0.094495 0.724557 -0.096121
v -0.103329 0.697687 -0.067000
v -0.106252 0.698470 -0.070000
v -0.105396 0.698241 -0.067879
v -0.103329 0.697687 -0.097000
v -0.106252 0.698470 -0.094000
v -0.105396 0.698241 -0.096121
v -0.106974 0.670000 -0.067000
v -0.110000 0.670000 -0.070000
v -0.109114 0.670000 -0.067879
v -0.106974 0.670000 -0.097000
v -0.110000 0.670000 -0.094000
v -0.109114 0.670000 -0.096121
v -0.103329 0.642313 -0.067000
v -0.106252 0.641530 -0.070000
v -0.105396 0.641759 -0.067879
v -0.103329 0.642313 -0.097000
v -0.106252 0.641530 -0.094000
v -0.105396 0.641759 -0.096121
v -0.092642 0.616513 -0.067000
v -0.095263 0.615000 -0.070000
v -0.094495 0.615443 -0.067879
v -0.092642 0.616513 -0.097000
v -0.095263 0.615000 -0.094000
v -0.094495 0.615443 -0.096121
v -0.075642 0.594358 -0.067000
v -0.077782 0.592218 -0.070000
v -0.077155 0.592845 -0.067879
v -0.075642 0.594358 -0.097000
v -0.077782 0.592218 -0.094000
v -0.077155 0.592845 -0.096121
v -0.053487 0.577358 -0.067000
v -0.055000 0.574737 -0.070000
v -0.054557 0.575505 -0.067879
v -0.053487 0.577358 -0.097000
v -0.055000 0.574737 -0.094000
v -0.054557 0.575505 -0.096121
v -0.027687 0.566671 -0.067000
v -0.028470 0.563748 -0.070000
v -0.028241 0.564604 -0.067879
v -0.027687 0.566671 -0.097000
v -0.028470 0.563748 -0.094000
v -0.028241 0.564604 -0.096121
v 0.000000 0.563026 -0.067000
v 0.000000 0.560000 -0.070000
v 0.000000 0.560886 -0.067879
v 0.000000 0.563026 -0.097000
v 0.000000 0.560000 -0.094000
v 0.000000 0.560886 -0.096121
v 0.027687 0.566671 -0.067000
v 0.028470 0.563748 -0.070000
v 0.028241 0.564604 -0.067879
v 0.027687 0.566671 -0.097000
v 0.028470 0.563748 -0.094000
v 0.028241 0.564604 -0.096121
v 0.053487 0.577358 -0.067000
v 0.055000 0.574737 -0.070000
v 0.054557 0.575505 -0.067879
v 0.053487 0.577358 -0.097000
v 0.055000 0.574737 -0.094000
v 0.054557 0.575505 -0.096121
v 0.075642 0.594358 -0.067000
v 0.077782 0.592218 -0.070000
v 0.077155 0.592845 -0.067879
v 0.075642 0.594358 -0.097000
v 0.077782 0.592218 -0.094000
v 0.077155 0.592845 -0.096121
v 0.092642 0.616513 -0.067000
v 0.095263 0.615000 -0.070000
v 0.094495 0.615443 -0.067879
v 0.092642 0.616513 -0.097000
v 0.095263 0.615000 -0.094000
v 0.094495 0.615443 -0.096121
v 0.103329 0.642313 -0.067000
v 0.106252 0.641530 -0.070000
v 0.105396 0.641759 -0.067879
v 0.103329 0.642313 -0.097000
v 0.106252 0.641530 -0.094000
v 0.105396 0.641759 -0.096121
v 0.106974 0.670000 -0.067000
v 0.110000 0.670000 -0.070000
v 0.109114 0.670000 -0.067879
v 0.106974 0.670000 -0.097000
v 0.110000 0.670000 -0.094000
v 0.109114 0.670000 -0.096121
v 0.103329 0.697687 -0.067000
v 0.106252 0.698470 -0.070000
v 0.105396 0.698241 -0.067879
v 0.103329 0.697687 -0.097000
v 0.106252 0.698470 -0.094000
v 0.105396 0.698241 -0.096121
v 0.092642 0.723487 -0.067000
v 0.095263 0.725000 -0.070000
v 0.094495 0.724557 -0.067879
v 0.092642 0.723487 -0.097000
v 0.095263 0.725000 -0.094000
v 0.094495 0.724557 -0.096121
v 0.075642 0.745642 -0.067000
v 0.077782 0.747782 -0.070000
v 0.077155 0.747155 -0.067879
v 0.075642 0.745642 -0.097000
v 0.077782 0.747782 -0.094000
v 0.077155 0.747155 -0.096121
v 0.053487 0.762642 -0.067000
v 0.055000 0.765263 -0.070000
v 0.054557 0.764495 -0.067879
v 0.053487 0.762642 -0.097000
v 0.055000 0.765263 -0.094000
v 0.054557 0.764495 -0.096121
v 0.027687 0.773329 -0.067000
v 0.028470 0.776252 -0.070000
v 0.028241 0.775396 -0.067879
v 0.027687 0.773329 -0.097000
v 0.028470 0.776252 -0.094000
v 0.028241 0.775396 -0.096121
vn -0.1206 0.9160 0.3827
vn -0.0500 0.3794 0.9239
vn -0.1206 0.9160 -0.3827
vn -0.0499 0.3794 -0.9239
vn -0.3536 0.8536 0.3827
vn -0.1464 0.3536 0.9239
vn -0.3536 0.8536 -0.3827
vn -0.1464 0.3536 -0.9239
vn -0.5624 0.7330 0.3827
vn -0.2330 0.3036 0.9239
vn -0.5624 0.7330 -0.3827
vn -0.2330 0.3036 -0.9239
vn -0.7330 0.5624 0.3827
vn -0.3036 0.2330 0.9239
vn -0.7330 0.5624 -0.3827
vn -0.3036 0.2330 -0.9239
vn -0.8536 0.3536 0.3827
vn -0.3536 0.1464 0.9239
vn -0.8536 0.3536 -0.3827
vn -0.3536 0.1464 -0.9239
vn -0.9160 0.1206 0.3827
vn -0.3794 0.0500 0.9239
vn -0.9160 0.1206 -0.3827
vn -0.3794 0.0500 -0.9239
vn -0.9160 -0.1206 0.3827
vn -0.3794 -0.0500 0.9239
vn -0.9160 -0.1206 -0.3827
vn -0.3794 -0.0500 -0.9239
vn -0.8536 -0.3536 0.3827
vn -0.3536 -0.1464 0.9239
vn -0.8536 -0.3536 -0.3827
vn -0.3536 -0.1464 -0.9239
vn -0.7330 -0.5624 0.3827
vn -0.3036 -0.2330 0.9239
vn -0.7330 -0.5624 -0.3827
vn -0.3036 -0.2330 -0.9239
vn -0.5624 -0.7330 0.3827
vn -0.2330 -0.3036 0.9239
vn -0.5624 -0.7330 -0.3827
vn -0.2330 -0.3036 -0.9239
vn -0.3536 -0.8536 0.3827
vn -0.1464 -0.3536 0.9239
vn -0.3536 -0.8536 -0.3827
vn -0.1464 -0.3536 -0.9239
vn -0.1206 -0.9160 0.3827
vn -0.0499 -0.3794 0.9239
vn -0.1206 -0.9160 -0.3827
vn -0.0500 -0.3794 -0.9239
vn 0.1206 -0.9160 0.3827
vn 0.0500 -0.3794 0.9239
vn 0.1206 -0.9160 -0.3827
vn 0.0499 -0.3794 -0.9239
vn 0.3536 -0.8536 0.3827
vn 0.1464 -0.3536 0.9239
vn 0.3536 -0.8536 -0.3827
vn 0.1464 -0.3536 -0.9239
vn 0.5624 -0.7330 0.3827
vn 0.2330 -0.3036 0.9239
vn 0.5624 -0.7330 -0.3827
vn 0.2330 -0.3036 -0.9239
vn 0.7330 -0.5624 0.3827
vn 0.3036 -0.2330 0.9239
vn 0.7330 -0.5624 -0.3827
vn 0.3036 -0.2330 -0.9239
vn 0.8536 -0.3536 0.3827
vn 0.3536 -0.1464 0.9239
vn 0.8536 -0.3536 -0.3827
vn 0.3536 -0.1464 -0.9239
vn 0.9160 -0.1206 0.3827
vn 0.3794 -0.0500 0.9239
vn 0.9160 -0.1206 -0.3827
vn 0.3794 -0.0500 -0.9239
vn 0.9160 0.1206 0.3827
vn 0.3794 0.0500 0.9239
vn 0.9160 0.1206 -0.3827
vn 0.3794 0.0500 -0.9239
vn 0.8536 0.3536 0.3827
vn 0.3536 0.1464 0.9239
vn 0.8536 0.3536 -0.3827
vn 0.3536 0.1464 -0.9239
vn 0.7330 0.5624 0.3827
vn 0.3036 0.2330 0.9239
vn 0.7330 0.5624 -0.3827
vn 0.3036 0.2330 -0.9239
vn 0.5624 0.7330 0.3827
vn 0.2330 0.3036 0.9239
vn 0.5624 0.7330 -0.3827
vn 0.2330 0.3036 -0.9239
vn 0.3536 0.8536 0.3827
vn 0.1464 0.3536 0.9239
vn 0.3536 0.8536 -0.3827
vn 0.1464 0.3536 -0.9239
vn 0.1206 0.9160 0.3827
vn 0.0499 0.3794 0.9239
vn 0.1206 0.9160 -0.3827
vn 0.0500 0.3794 -0.9239
vn -0.0000 -0.0000 1.0000
vn -0.1305 0.9914 -0.0000
vn 0.1305 0.9914 -0.0000
vn -0.0000 -0.0000 -1.0000
vn -0.3827 0.9239 -0.0000
vn -0.6088 0.7934 -0.0000
vn -0.7934 0.6088 -0.0000
vn -0.9239 0.3827 -0.0000
vn -0.9914 0.1305 -0.0000
vn -0.9914 -0.1305 -0.0000
vn -0.9239 -0.3827 -0.0000
vn -0.7934 -0.6088 -0.0000
vn -0.6088 -0.7934 -0.0000
vn -0.3827 -0.9239 -0.0000
vn -0.1305 -0.9914 -0.0000
vn 0.1305 -0.9914 -0.0000
vn 0.3827 -0.9239 -0.0000
vn 0.6088 -0.7934 -0.0000
vn 0.7934 -0.6088 -0.0000
vn 0.9239 -0.3827 -0.0000
vn 0.9914 -0.1305 -0.0000
vn 0.9914 0.1305 -0.0000
vn 0.9239 0.3827 -0.0000
vn 0.7934 0.6088 -0.0000
vn 0.6088 0.7934 -0.0000
vn 0.3827 0.9239 -0.0000
vn -0.0500 0.3794 -0.9239
vn -0.0500 -0.3794 0.9239
vn 0.0500 -0.3794 -0.9239
vn 0.0500 0.3794 0.9239
s 0
g target_ring_inner_M_white
usemtl M_white
f 394/2/465 395/7/465 533/40/465
f 394/2/465 533/40/465 532/41/465
f 395/583/466 531/556/466 533/551/466
f 395/583/498 393/578/498 531/556/498
f 396/174/472 534/152/472 528/119/472
f 397/749/375 398/744/375 404/711/375
f 397/749/375 404/711/375 403/710/375
f 397/749/470 400/709/470 394/748/470
f 397/749/470 403/710/470 400/709/470
f 398/179/376 402/196/376 404/201/376
f 398/179/495 396/174/495 402/196/495
f 399/600/469 405/633/469 411/670/469
f 400/709/373 395/743/373 394/748/373
f 400/709/373 401/708/373 395/743/373
f 400/709/377 406/673/377 407/671/377
f 400/709/377 407/671/377 401/708/377
f 401/605/374 393/578/374 395/583/374
f 401/605/374 399/600/374 393/578/374
f 401/605/378 405/633/378 399/600/378
f 401/605/378 407/643/378 405/633/378
f 403/710/379 404/711/379 410/676/379
f 403/710/379 410/676/379 409/674/379
f 403/710/473 406/673/473 400/709/473
f 403/710/473 409/674/473 406/673/473
f 404/201/380 402/196/380 408/228/380
f 404/201/380 408/228/380 410/236/380
f 408/228/472 396/174/472 528/119/472
f 408/228/472 402/196/472 396/174/472
f 408/228/472 528/119/472 504/21/472
f 409/674/383 410/676/383 416/656/383
f 409/674/383 416/656/383 415/655/383
f 409/674/474 412/650/474 406/673/474
f 409/674/474 415/655/474 412/650/474
f 410/236/384 408/228/384 414/293/384
f 410/236/384 414/293/384 416/303/384
f 411/670/469 417/698/469 423/718/469
f 411/670/469 423/718/469 435/717/469
f 412/650/381 407/671/381 406/673/381
f 412/650/381 413/647/381 407/671/381
f 413/680/382 405/633/382 407/643/382
f 413/680/382 411/670/382 405/633/382
f 415/655/387 416/656/387 422/620/387
f 415/655/387 422/620/387 421/618/387
f 415/655/475 418/617/475 412/650/475
f 415/655/475 421/618/475 418/617/475
f 416/303/388 414/293/388 420/334/388
f 416/303/388 420/334/388 422/341/388
f 418/617/385 413/647/385 412/650/385
f 418/617/385 419/615/385 413/647/385
f 419/705/386 411/670/386 413/680/386
f 419/705/386 417/698/386 411/670/386
f 420/334/472 414/293/472 408/228/472
f 421/618/476 424/592/476 418/617/476
f 421/618/476 427/593/476 424/592/476
f 423/718/469 429/730/469 435/717/469
f 424/592/389 419/615/389 418/617/389
f 424/592/389 425/591/389 419/615/389
f 425/726/390 417/698/390 419/705/390
f 425/726/390 423/718/390 417/698/390
f 427/593/391 421/618/391 422/620/391
f 427/593/391 422/620/391 428/594/391
f 427/593/395 428/594/395 434/590/395
f 427/593/395 434/590/395 433/588/395
f 427/593/477 430/587/477 424/592/477
f 427/593/477 433/588/477 430/587/477
f 428/362/392 420/334/392 426/354/392
f 428/362/392 422/341/392 420/334/392
f 428/362/396 426/354/396 432/366/396
f 428/362/396 432/366/396 434/371/396
f 430/587/393 425/591/393 424/592/393
f 430/587/393 431/585/393 425/591/393
f 431/735/394 423/718/394 425/726/394
f 431/735/394 429/730/394 423/718/394
f 432/366/472 420/334/472 408/228/472
f 432/366/472 426/354/472 420/334/472
f 433/588/399 434/590/399 440/564/399
f 433/588/399 440/564/399 439/563/399
f 433/588/478 436/562/478 430/587/478
f 433/588/478 439/563/478 436/562/478
f 434/371/400 432/366/400 438/353/400
f 434/371/400 438/353/400 440/361/400
f 435/717/469 441/697/469 447/669/469
f 435/717/469 447/669/469 459/599/469
f 435/717/469 459/599/469 483/458/469
f 435/717/469 483/458/469 531/556/469
f 436/562/397 431/585/397 430/587/397
f 436/562/397 437/561/397 431/585/397
f 436/562/401 442/537/401 443/535/401
f 436/562/401 443/535/401 437/561/401
f 437/725/398 429/730/398 431/735/398
f 437/725/398 435/717/398 429/730/398
f 437/725/402 441/697/402 435/717/402
f 437/725/402 443/704/402 441/697/402
f 439/563/403 440/564/403 446/540/403
f 439/563/403 446/540/403 445/538/403
f 439/563/479 442/537/479 436/562/479
f 439/563/479 445/538/479 442/537/479
f 440/361/404 438/353/404 444/333/404
f 440/361/404 444/333/404 446/340/404
f 444/333/472 438/353/472 432/366/472
f 445/538/407 446/540/407 452/510/407
f 445/538/407 452/510/407 451/505/407
f 445/538/480 448/502/480 442/537/480
f 445/538/480 451/505/480 448/502/480
f 446/340/408 444/333/408 450/292/408
f 446/340/408 450/292/408 452/302/408
f 447/669/469 453/632/469 459/599/469
f 448/502/405 443/535/405 442/537/405
f 448/502/405 449/499/405 443/535/405
f 449/679/406 441/697/406 443/704/406
f 449/679/406 447/669/406 441/697/406
f 451/505/411 452/510/411 458/457/411
f 451/505/411 458/457/411 457/455/411
f 451/505/481 454/454/481 448/502/481
f 451/505/481 457/455/481 454/454/481
f 452/302/412 450/292/412 456/227/412
f 452/302/412 456/227/412 458/235/412
f 454/454/409 449/499/409 448/502/409
f 454/454/409 455/452/409 449/499/409
f 455/642/410 447/669/410 449/679/410
f 455/642/410 453/632/410 447/669/410
f 456/227/472 432/366/472 408/228/472
f 456/227/472 444/333/472 432/366/472
f 456/227/472 450/292/472 444/333/472
f 457/455/482 460/405/482 454/454/482
f 457/455/482 463/406/482 460/405/482
f 459/599/469 465/571/469 471/555/469
f 459/599/469 471/555/469 483/458/469
f 460/405/413 455/452/413 454/454/413
f 460/405/413 461/404/413 455/452/413
f 461/604/414 453/632/414 455/642/414
f 461/604/414 459/599/414 453/632/414
f 463/406/415 457/455/415 458/457/415
f 463/406/415 458/457/415 464/407/415
f 463/406/419 464/407/419 470/378/419
f 463/406/419 470/378/419 469/376/419
f 463/406/483 466/375/483 460/405/483
f 463/406/483 469/376/483 466/375/483
f 464/200/416 456/227/416 462/195/416
f 464/200/416 458/235/416 456/227/416
f 464/200/420 462/195/420 468/167/420
f 464/200/420 468/167/420 470/162/420
f 466/375/417 461/404/417 460/405/417
f 466/375/417 467/373/417 461/404/417
f 467/566/418 459/599/418 461/604/418
f 467/566/496 465/571/496 459/599/496
f 468/167/472 462/195/472 456/227/472
f 469/376/423 470/378/423 476/347/423
f 469/376/423 476/347/423 475/346/423
f 469/376/484 472/345/484 466/375/484
f 469/376/484 475/346/484 472/345/484
f 470/162/424 474/151/424 476/146/424
f 470/162/497 468/167/497 474/151/497
f 471/555/469 477/523/469 483/458/469
f 472/345/421 467/373/421 466/375/421
f 472/345/421 473/344/421 467/373/421
f 472/345/425 478/296/425 479/294/425
f 472/345/425 479/294/425 473/344/425
f 473/550/422 465/571/422 467/566/422
f 473/550/422 471/555/422 465/571/422
f 473/550/426 477/523/426 471/555/426
f 473/550/426 479/515/426 477/523/426
f 475/346/427 476/347/427 482/299/427
f 475/346/427 482/299/427 481/297/427
f 475/346/485 478/296/485 472/345/485
f 475/346/485 481/297/485 478/296/485
f 476/146/428 474/151/428 480/118/428
f 476/146/428 480/118/428 482/108/428
f 480/118/472 468/167/472 456/227/472
f 480/118/472 474/151/472 468/167/472
f 481/297/431 482/299/431 488/258/431
f 481/297/431 488/258/431 487/255/431
f 481/297/486 484/252/486 478/296/486
f 481/297/486 487/255/486 484/252/486
f 482/108/432 480/118/432 486/81/432
f 482/108/432 486/81/432 488/71/432
f 483/458/469 489/417/469 495/397/469
f 483/458/469 495/397/469 507/398/469
f 483/458/469 507/398/469 531/556/469
f 484/252/429 479/294/429 478/296/429
f 484/252/429 485/249/429 479/294/429
f 485/448/430 477/523/430 479/515/430
f 485/448/430 483/458/430 477/523/430
f 487/255/435 488/258/435 494/216/435
f 487/255/435 494/216/435 493/214/435
f 487/255/487 490/213/487 484/252/487
f 487/255/487 493/214/487 490/213/487
f 488/71/436 486/81/436 492/53/436
f 488/71/436 492/53/436 494/46/436
f 490/213/433 485/249/433 484/252/433
f 490/213/433 491/211/433 485/249/433
f 491/410/434 483/458/434 485/448/434
f 491/410/434 489/417/434 483/458/434
f 492/53/472 486/81/472 480/118/472
f 493/214/488 496/188/488 490/213/488
f 493/214/488 499/189/488 496/188/488
f 495/397/469 501/385/469 507/398/469
f 496/188/437 491/211/437 490/213/437
f 496/188/437 497/187/437 491/211/437
f 497/389/438 489/417/438 491/410/438
f 497/389/438 495/397/438 489/417/438
f 499/189/439 493/214/439 494/216/439
f 499/189/439 494/216/439 500/190/439
f 499/189/443 500/190/443 506/186/443
f 499/189/443 506/186/443 505/184/443
f 499/189/489 502/183/489 496/188/489
f 499/189/489 505/184/489 502/183/489
f 500/25/440 492/53/440 498/33/440
f 500/25/440 494/46/440 492/53/440
f 500/25/444 498/33/444 504/21/444
f 500/25/444 504/21/444 506/16/444
f 502/183/441 497/187/441 496/188/441
f 502/183/441 503/181/441 497/187/441
f 503/380/442 495/397/442 497/389/442
f 503/380/442 501/385/442 495/397/442
f 504/21/472 456/227/472 408/228/472
f 504/21/472 480/118/472 456/227/472
f 504/21/472 492/53/472 480/118/472
f 504/21/472 498/33/472 492/53/472
f 505/184/447 506/186/447 512/160/447
f 505/184/447 512/160/447 511/159/447
f 505/184/490 508/158/490 502/183/490
f 505/184/490 511/159/490 508/158/490
f 506/16/448 504/21/448 510/34/448
f 506/16/448 510/34/448 512/26/448
f 507/398/469 513/418/469 519/459/469
f 507/398/469 519/459/469 531/556/469
f 508/158/445 503/181/445 502/183/445
f 508/158/445 509/157/445 503/181/445
f 508/158/449 514/133/449 515/131/449
f 508/158/449 515/131/449 509/157/449
f 509/390/446 501/385/446 503/380/446
f 509/390/446 507/398/446 501/385/446
f 509/390/450 513/418/450 507/398/450
f 509/390/450 515/411/450 513/418/450
f 511/159/451 512/160/451 518/136/451
f 511/159/451 518/136/451 517/134/451
f 511/159/491 514/133/491 508/158/491
f 511/159/491 517/134/491 514/133/491
f 512/26/452 510/34/452 516/54/452
f 512/26/452 516/54/452 518/47/452
f 516/54/472 510/34/472 504/21/472
f 517/134/455 518/136/455 524/104/455
f 517/134/455 524/104/455 523/103/455
f 517/134/492 520/100/492 514/133/492
f 517/134/492 523/103/492 520/100/492
f 518/47/456 516/54/456 522/82/456
f 518/47/456 522/82/456 524/72/456
f 519/459/469 525/524/469 531/556/469
f 520/100/453 515/131/453 514/133/453
f 520/100/453 521/95/453 515/131/453
f 521/449/454 513/418/454 515/411/454
f 521/449/454 519/459/454 513/418/454
f 523/103/459 524/104/459 530/80/459
f 523/103/459 530/80/459 529/78/459
f 523/103/493 526/77/493 520/100/493
f 523/103/493 529/78/493 526/77/493
f 524/72/460 522/82/460 528/119/460
f 524/72/460 528/119/460 530/109/460
f 526/77/457 521/95/457 520/100/457
f 526/77/457 527/75/457 521/95/457
f 527/516/458 519/459/458 521/449/458
f 527/516/458 525/524/458 519/459/458
f 528/119/472 516/54/472 504/21/472
f 528/119/472 522/82/472 516/54/472
f 529/78/494 532/41/494 526/77/494
f 529/78/494 535/42/494 532/41/494
f 531/556/469 393/578/469 399/600/469
f 531/556/469 399/600/469 411/670/469
f 531/556/469 411/670/469 435/717/469
f 532/41/461 527/75/461 526/77/461
f 532/41/461 533/40/461 527/75/461
f 533/551/462 525/524/462 527/516/462
f 533/551/462 531/556/462 525/524/462
f 535/42/463 529/78/463 530/80/463
f 535/42/463 530/80/463 536/43/463
f 535/42/467 398/8/467 397/3/467
f 535/42/467 536/43/467 398/8/467
f 535/42/471 394/2/471 532/41/471
f 535/42/471 397/3/471 394/2/471
f 536/147/464 528/119/464 534/152/464
f 536/147/464 530/109/464 528/119/464
f 536/147/468 396/174/468 398/179/468
f 536/147/468 534/152/468 396/174/468
g target_bullseye_Cylinder.004
v 0.000000 0.718456 -0.082500
v 0.000000 0.722000 -0.086000
v 0.000000 0.720962 -0.083525
v 0.000000 0.718456 -0.117500
v 0.000000 0.722000 -0.114000
v 0.000000 0.720962 -0.116475
v -0.014974 0.716085 -0.082500
v -0.016069 0.719455 -0.086000
v -0.015748 0.718468 -0.083525
v -0.014974 0.716085 -0.117500
v -0.016069 0.719455 -0.114000
v -0.015748 0.718468 -0.116475
v -0.028482 0.709202 -0.082500
v -0.030565 0.712069 -0.086000
v -0.029955 0.711229 -0.083525
v -0.028482 0.709202 -0.117500
v -0.030565 0.712069 -0.114000
v -0.029955 0.711229 -0.116475
v -0.039202 0.698482 -0.082500
v -0.042069 0.700565 -0.086000
v -0.041229 0.699955 -0.083525
v -0.039202 0.698482 -0.117500
v -0.042069 0.700565 -0.114000
v -0.041229 0.699955 -0.116475
v -0.046085 0.684974 -0.082500
v -0.049455 0.686069 -0.086000
v -0.048468 0.685748 -0.083525
v -0.046085 0.684974 -0.117500
v -0.049455 0.686069 -0.114000
v -0.048468 0.685748 -0.116475
v -0.048456 0.670000 -0.082500
v -0.052000 0.670000 -0.086000
v -0.050962 0.670000 -0.083525
v -0.048456 0.670000 -0.117500
v -0.052000 0.670000 -0.114000
v -0.050962 0.670000 -0.116475
v -0.046085 0.655026 -0.082500
v -0.049455 0.653931 -0.086000
v -0.048468 0.654252 -0.083525
v -0.046085 0.655026 -0.117500
v -0.049455 0.653931 -0.114000
v -0.048468 0.654252 -0.116475
v -0.039202 0.641518 -0.082500
v -0.042069 0.639435 -0.086000
v -0.041229 0.640045 -0.083525
v -0.039202 0.641518 -0.117500
v -0.042069 0.639435 -0.114000
v -0.041229 0.640045 -0.116475
v -0.028482 0.630798 -0.082500
v -0.030565 0.627931 -0.086000
v -0.029955 0.628771 -0.083525
v -0.028482 0.630798 -0.117500
v -0.030565 0.627931 -0.114000
v -0.029955 0.628771 -0.116475
v -0.014974 0.623915 -0.082500
v -0.016069 0.620545 -0.086000
v -0.015748 0.621532 -0.083525
v -0.014974 0.623915 -0.117500
v -0.016069 0.620545 -0.114000
v -0.015748 0.621532 -0.116475
v 0.000000 0.621544 -0.082500
v 0.000000 0.618000 -0.086000
v 0.000000 0.619038 -0.083525
v 0.000000 0.621544 -0.117500
v 0.000000 0.618000 -0.114000
v 0.000000 0.619038 -0.116475
v 0.014974 0.623915 -0.082500
v 0.016069 0.620545 -0.086000
v 0.015748 0.621532 -0.083525
v 0.014974 0.623915 -0.117500
v 0.016069 0.620545 -0.114000
v 0.015748 0.621532 -0.116475
v 0.028482 0.630798 -0.082500
v 0.030565 0.627931 -0.086000
v 0.029955 0.628771 -0.083525
v 0.028482 0.630798 -0.117500
v 0.030565 0.627931 -0.114000
v 0.029955 0.628771 -0.116475
v 0.039202 0.641518 -0.082500
v 0.042069 0.639435 -0.086000
v 0.041229 0.640045 -0.083525
v 0.039202 0.641518 -0.117500
v 0.042069 0.639435 -0.114000
v 0.041229 0.640045 -0.116475
v 0.046085 0.655026 -0.082500
v 0.049455 0.653931 -0.086000
v 0.048468 0.654252 -0.083525
v 0.046085 0.655026 -0.117500
v 0.049455 0.653931 -0.114000
v 0.048468 0.654252 -0.116475
v 0.048456 0.670000 -0.082500
v 0.052000 0.670000 -0.086000
v 0.050962 0.670000 -0.083525
v 0.048456 0.670000 -0.117500
v 0.052000 0.670000 -0.114000
v 0.050962 0.670000 -0.116475
v 0.046085 0.684974 -0.082500
v 0.049455 0.686069 -0.086000
v 0.048468 0.685748 -0.083525
v 0.046085 0.684974 -0.117500
v 0.049455 0.686069 -0.114000
v 0.048468 0.685748 -0.116475
v 0.039202 0.698482 -0.082500
v 0.042069 0.700565 -0.086000
v 0.041229 0.699955 -0.083525
v 0.039202 0.698482 -0.117500
v 0.042069 0.700565 -0.114000
v 0.041229 0.699955 -0.116475
v 0.028482 0.709202 -0.082500
v 0.030565 0.712069 -0.086000
v 0.029955 0.711229 -0.083525
v 0.028482 0.709202 -0.117500
v 0.030565 0.712069 -0.114000
v 0.029955 0.711229 -0.116475
v 0.014974 0.716085 -0.082500
v 0.016069 0.719455 -0.086000
v 0.015748 0.718468 -0.083525
v 0.014974 0.716085 -0.117500
v 0.016069 0.719455 -0.114000
v 0.015748 0.718468 -0.116475
vn -0.1445 0.9125 0.3827
vn -0.0599 0.3780 0.9239
vn -0.1445 0.9125 -0.3827
vn -0.0599 0.3780 -0.9239
vn -0.4194 0.8232 0.3827
vn -0.1737 0.3410 0.9239
vn -0.4194 0.8232 -0.3827
vn -0.1737 0.3410 -0.9239
vn -0.6533 0.6533 0.3827
vn -0.2706 0.2706 0.9239
vn -0.6533 0.6533 -0.3827
vn -0.2706 0.2706 -0.9239
vn -0.8232 0.4194 0.3827
vn -0.3410 0.1737 0.9239
vn -0.8232 0.4194 -0.3827
vn -0.3410 0.1737 -0.9239
vn -0.9125 0.1445 0.3827
vn -0.3780 0.0599 0.9239
vn -0.9125 0.1445 -0.3827
vn -0.3780 0.0599 -0.9239
vn -0.9125 -0.1445 0.3827
vn -0.3780 -0.0599 0.9239
vn -0.9125 -0.1445 -0.3827
vn -0.3780 -0.0599 -0.9239
vn -0.8232 -0.4194 0.3827
vn -0.3410 -0.1737 0.9239
vn -0.8232 -0.4194 -0.3827
vn -0.3410 -0.1737 -0.9239
vn -0.6533 -0.6533 0.3827
vn -0.2706 -0.2706 0.9239
vn -0.6533 -0.6533 -0.3827
vn -0.2706 -0.2706 -0.9239
vn -0.4194 -0.8232 0.3827
vn -0.1737 -0.3410 0.9239
vn -0.4194 -0.8232 -0.3827
vn -0.1737 -0.3410 -0.9239
vn -0.1445 -0.9125 0.3827
vn -0.0599 -0.3780 0.9239
vn -0.1445 -0.9125 -0.3827
vn -0.0599 -0.3780 -0.9239
vn 0.1445 -0.9125 0.3827
vn 0.0599 -0.3780 0.9239
vn 0.1445 -0.9125 -0.3827
vn 0.0599 -0.3780 -0.9239
vn 0.4194 -0.8232 0.3827
vn 0.1737 -0.3410 0.9239
vn 0.4194 -0.8232 -0.3827
vn 0.1737 -0.3410 -0.9239
vn 0.6533 -0.6533 0.3827
vn 0.2706 -0.2706 0.9239
vn 0.6533 -0.6533 -0.3827
vn 0.2706 -0.2706 -0.9239
vn 0.8232 -0.4194 0.3827
vn 0.3410 -0.1737 0.9239
vn 0.8232 -0.4194 -0.3827
vn 0.3410 -0.1737 -0.9239
vn 0.9125 -0.1445 0.3827
vn 0.3780 -0.0599 0.9239
vn 0.9125 -0.1445 -0.3827
vn 0.3780 -0.0599 -0.9239
vn 0.9125 0.1445 0.3827
vn 0.3780 0.0599 0.9239
vn 0.9125 0.1445 -0.3827
vn 0.3780 0.0599 -0.9239
vn 0.8232 0.4194 0.3827
vn 0.3410 0.1737 0.9239
vn 0.8232 0.4194 -0.3827
vn 0.3410 0.1737 -0.9239
vn 0.6533 0.6533 0.3827
vn 0.2706 0.2706 0.9239
vn 0.6533 0.6533 -0.3827
vn 0.2706 0.2706 -0.9239
vn 0.4194 0.8232 0.3827
vn 0.1737 0.3410 0.9239
vn 0.4194 0.8232 -0.3827
vn 0.1737 0.3410 -0.9239
vn 0.1445 0.9125 0.3827
vn 0.0599 0.3780 0.9239
vn 0.1445 0.9125 -0.3827
vn 0.0599 0.3780 -0.9239
vn -0.0000 -0.0000 1.0000
vn -0.1564 0.9877 -0.0000
vn 0.1564 0.9877 -0.0000
vn -0.0000 -0.0000 -1.0000
vn -0.4540 0.8910 -0.0000
vn -0.7071 0.7071 -0.0000
vn -0.8910 0.4540 -0.0000
vn -0.9877 0.1564 -0.0000
vn -0.9877 -0.1564 -0.0000
vn -0.8910 -0.4540 -0.0000
vn -0.7071 -0.7071 -0.0000
vn -0.4540 -0.8910 -0.0000
vn -0.1564 -0.9877 -0.0000
vn 0.1564 -0.9877 -0.0000
vn 0.4540 -0.8910 -0.0000
vn 0.7071 -0.7071 -0.0000
vn 0.8910 -0.4540 -0.0000
vn 0.9877 -0.1564 -0.0000
vn 0.9877 0.1564 -0.0000
vn 0.8910 0.4540 -0.0000
vn 0.7071 0.7071 -0.0000
vn 0.4540 0.8910 -0.0000
s 0
g target_bullseye_M_red
usemtl M_red
f 538/2/575 539/11/575 653/55/575
f 538/2/575 653/55/575 652/56/575
f 539/581/576 537/576/576 651/548/576
f 539/581/576 651/548/576 653/544/576
f 540/172/582 654/144/582 648/94/582
f 541/749/501 542/740/501 548/696/501
f 541/749/501 548/696/501 547/695/501
f 541/749/580 544/694/580 538/748/580
f 541/749/580 547/695/580 544/694/580
f 542/177/502 540/172/502 546/204/502
f 542/177/502 546/204/502 548/208/502
f 543/608/579 549/658/579 555/686/579
f 544/694/499 539/739/499 538/748/499
f 544/694/499 545/693/499 539/739/499
f 545/612/500 537/576/500 539/581/500
f 545/612/500 543/608/500 537/576/500
f 545/612/504 549/658/504 543/608/504
f 545/612/504 551/662/504 549/658/504
f 547/695/505 548/696/505 554/668/505
f 547/695/505 554/668/505 553/667/505
f 547/695/583 550/666/583 544/694/583
f 547/695/583 553/667/583 550/666/583
f 548/208/506 546/204/506 552/266/506
f 548/208/506 552/266/506 554/284/506
f 550/666/503 545/693/503 544/694/503
f 550/666/503 551/665/503 545/693/503
f 552/266/582 540/172/582 648/94/582
f 552/266/582 546/204/582 540/172/582
f 552/266/582 648/94/582 624/38/582
f 553/667/509 554/668/509 560/628/509
f 553/667/509 560/628/509 559/627/509
f 553/667/584 556/626/584 550/666/584
f 553/667/584 559/627/584 556/626/584
f 554/284/510 552/266/510 558/322/510
f 554/284/510 558/322/510 560/326/510
f 555/686/579 561/713/579 567/716/579
f 555/686/579 567/716/579 579/685/579
f 556/626/507 551/665/507 550/666/507
f 556/626/507 557/625/507 551/665/507
f 557/690/508 549/658/508 551/662/508
f 557/690/508 555/686/508 549/658/508
f 559/627/513 560/628/513 566/598/513
f 559/627/513 566/598/513 565/597/513
f 559/627/585 562/596/585 556/626/585
f 559/627/585 565/597/585 562/596/585
f 562/596/511 557/625/511 556/626/511
f 562/596/511 563/595/511 557/625/511
f 563/720/512 555/686/512 557/690/512
f 563/720/512 561/713/512 555/686/512
f 564/349/582 558/322/582 552/266/582
f 565/597/517 566/598/517 572/590/517
f 565/597/517 572/590/517 571/588/517
f 565/597/586 568/587/586 562/596/586
f 565/597/586 571/588/586 568/587/586
f 566/356/514 558/322/514 564/349/514
f 566/356/514 560/326/514 558/322/514
f 566/356/518 564/349/518 570/352/518
f 566/356/518 570/352/518 572/369/518
f 567/716/579 573/712/579 579/685/579
f 568/587/515 563/595/515 562/596/515
f 568/587/515 569/585/515 563/595/515
f 569/733/516 561/713/516 563/720/516
f 569/733/516 567/716/516 561/713/516
f 571/588/521 572/590/521 578/560/521
f 571/588/521 578/560/521 577/559/521
f 571/588/587 574/558/587 568/587/587
f 571/588/587 577/559/587 574/558/587
f 572/369/522 570/352/522 576/348/522
f 572/369/522 576/348/522 578/355/522
f 574/558/519 569/585/519 568/587/519
f 574/558/519 575/557/519 569/585/519
f 575/719/520 567/716/520 569/733/520
f 575/719/520 573/712/520 567/716/520
f 575/719/524 579/685/524 573/712/524
f 575/719/524 581/689/524 579/685/524
f 576/348/582 564/349/582 552/266/582
f 576/348/582 570/352/582 564/349/582
f 577/559/525 578/560/525 584/532/525
f 577/559/525 584/532/525 583/531/525
f 577/559/588 580/530/588 574/558/588
f 577/559/588 583/531/588 580/530/588
f 578/355/526 576/348/526 582/321/526
f 578/355/526 582/321/526 584/325/526
f 579/685/579 585/657/579 591/607/579
f 579/685/579 591/607/579 603/547/579
f 579/685/579 603/547/579 627/399/579
f 579/685/579 627/399/579 651/548/579
f 580/530/523 575/557/523 574/558/523
f 580/530/523 581/529/523 575/557/523
f 583/531/529 584/532/529 590/463/529
f 583/531/529 590/463/529 589/462/529
f 583/531/589 586/461/589 580/530/589
f 583/531/589 589/462/589 586/461/589
f 584/325/530 582/321/530 588/265/530
f 584/325/530 588/265/530 590/283/530
f 586/461/527 581/529/527 580/530/527
f 586/461/527 587/460/527 581/529/527
f 587/661/528 579/685/528 581/689/528
f 587/661/528 585/657/528 579/685/528
f 588/265/582 582/321/582 576/348/582
f 589/462/533 590/463/533 596/422/533
f 589/462/533 596/422/533 595/421/533
f 589/462/590 592/420/590 586/461/590
f 589/462/590 595/421/590 592/420/590
f 591/607/579 597/573/579 603/547/579
f 592/420/531 587/460/531 586/461/531
f 592/420/531 593/419/531 587/460/531
f 593/611/532 585/657/532 587/661/532
f 593/611/532 591/607/532 585/657/532
f 595/421/537 596/422/537 602/378/537
f 595/421/537 602/378/537 601/376/537
f 595/421/591 598/375/591 592/420/591
f 595/421/591 601/376/591 598/375/591
f 596/207/534 588/265/534 594/203/534
f 596/207/534 590/283/534 588/265/534
f 596/207/538 594/203/538 600/169/538
f 596/207/538 600/169/538 602/164/538
f 598/375/535 593/419/535 592/420/535
f 598/375/535 599/373/535 593/419/535
f 599/568/536 591/607/536 593/611/536
f 599/568/536 597/573/536 591/607/536
f 600/169/582 588/265/582 576/348/582
f 600/169/582 594/203/582 588/265/582
f 601/376/541 602/378/541 608/332/541
f 601/376/541 608/332/541 607/331/541
f 601/376/592 604/330/592 598/375/592
f 601/376/592 607/331/592 604/330/592
f 602/164/542 600/169/542 606/143/542
f 602/164/542 606/143/542 608/139/542
f 603/547/579 609/485/579 615/429/579
f 603/547/579 615/429/579 627/399/579
f 604/330/539 599/373/539 598/375/539
f 604/330/539 605/329/539 599/373/539
f 605/543/540 597/573/540 599/568/540
f 605/543/540 603/547/540 597/573/540
f 605/543/544 609/485/544 603/547/544
f 605/543/544 611/467/544 609/485/544
f 607/331/545 608/332/545 614/291/545
f 607/331/545 614/291/545 613/290/545
f 607/331/593 610/289/593 604/330/593
f 607/331/593 613/290/593 610/289/593
f 608/139/546 606/143/546 612/93/546
f 608/139/546 612/93/546 614/89/546
f 610/289/543 605/329/543 604/330/543
f 610/289/543 611/288/543 605/329/543
f 612/93/582 606/143/582 600/169/582
f 613/290/549 614/291/549 620/222/549
f 613/290/549 620/222/549 619/221/549
f 613/290/594 616/220/594 610/289/594
f 613/290/594 619/221/594 616/220/594
f 614/89/550 612/93/550 618/65/550
f 614/89/550 618/65/550 620/61/550
f 615/429/579 621/402/579 627/399/579
f 616/220/547 611/288/547 610/289/547
f 616/220/547 617/219/547 611/288/547
f 617/425/548 609/485/548 611/467/548
f 617/425/548 615/429/548 609/485/548
f 619/221/553 620/222/553 626/194/553
f 619/221/553 626/194/553 625/193/553
f 619/221/595 622/192/595 616/220/595
f 619/221/595 625/193/595 622/192/595
f 622/192/551 617/219/551 616/220/551
f 622/192/551 623/191/551 617/219/551
f 623/395/552 615/429/552 617/425/552
f 623/395/552 621/402/552 615/429/552
f 624/38/582 576/348/582 552/266/582
f 624/38/582 600/169/582 576/348/582
f 624/38/582 612/93/582 600/169/582
f 624/38/582 618/65/582 612/93/582
f 625/193/557 626/194/557 632/186/557
f 625/193/557 632/186/557 631/184/557
f 625/193/596 628/183/596 622/192/596
f 625/193/596 631/184/596 628/183/596
f 626/31/554 618/65/554 624/38/554
f 626/31/554 620/61/554 618/65/554
f 626/31/558 624/38/558 630/35/558
f 626/31/558 630/35/558 632/18/558
f 627/399/579 633/403/579 639/430/579
f 627/399/579 639/430/579 651/548/579
f 628/183/555 623/191/555 622/192/555
f 628/183/555 629/181/555 623/191/555
f 629/382/556 621/402/556 623/395/556
f 629/382/556 627/399/556 621/402/556
f 631/184/561 632/186/561 638/156/561
f 631/184/561 638/156/561 637/155/561
f 631/184/597 634/154/597 628/183/597
f 631/184/597 637/155/597 634/154/597
f 632/18/562 630/35/562 636/39/562
f 632/18/562 636/39/562 638/32/562
f 634/154/559 629/181/559 628/183/559
f 634/154/559 635/153/559 629/181/559
f 635/396/560 627/399/560 629/382/560
f 635/396/560 633/403/560 627/399/560
f 635/396/564 639/430/564 633/403/564
f 635/396/564 641/426/564 639/430/564
f 636/39/582 630/35/582 624/38/582
f 637/155/565 638/156/565 644/126/565
f 637/155/565 644/126/565 643/125/565
f 637/155/598 640/124/598 634/154/598
f 637/155/598 643/125/598 640/124/598
f 638/32/566 636/39/566 642/66/566
f 638/32/566 642/66/566 644/62/566
f 639/430/579 645/486/579 651/548/579
f 640/124/563 635/153/563 634/154/563
f 640/124/563 641/123/563 635/153/563
f 643/125/569 644/126/569 650/86/569
f 643/125/569 650/86/569 649/85/569
f 643/125/599 646/84/599 640/124/599
f 643/125/599 649/85/599 646/84/599
f 644/62/570 642/66/570 648/94/570
f 644/62/570 648/94/570 650/90/570
f 646/84/567 641/123/567 640/124/567
f 646/84/567 647/83/567 641/123/567
f 647/468/568 639/430/568 641/426/568
f 647/468/568 645/486/568 639/430/568
f 648/94/582 636/39/582 624/38/582
f 648/94/582 642/66/582 636/39/582
f 649/85/573 650/86/573 656/58/573
f 649/85/573 656/58/573 655/57/573
f 649/85/600 652/56/600 646/84/600
f 649/85/600 655/57/600 652/56/600
f 651/548/579 537/576/579 543/608/579
f 651/548/579 543/608/579 555/686/579
f 651/548/579 555/686/579 579/685/579
f 652/56/571 647/83/571 646/84/571
f 652/56/571 653/55/571 647/83/571
f 653/544/572 645/486/572 647/468/572
f 653/544/572 651/548/572 645/486/572
f 655/57/577 542/12/577 541/3/577
f 655/57/577 656/58/577 542/12/577
f 655/57/581 538/2/581 652/56/581
f 655/57/581 541/3/581 538/2/581
f 656/140/574 648/94/574 654/144/574
f 656/140/574 650/90/574 648/94/574
f 656/140/578 540/172/578 542/177/578
f 656/140/578 654/144/578 540/172/578
g target_sensor_Cube.005
v 0.067000 0.910000 -0.042000
v 0.067000 0.928000 -0.060000
v 0.085000 0.928000 -0.042000
v 0.067000 0.915272 -0.054728
v 0.077392 0.917608 -0.052392
v 0.079728 0.928000 -0.054728
v 0.079728 0.915272 -0.042000
v 0.067000 0.992000 -0.060000
v 0.067000 1.010000 -0.042000
v 0.085000 0.992000 -0.042000
v 0.067000 1.004728 -0.054728
v 0.077392 1.002392 -0.052392
v 0.079728 1.004728 -0.042000
v 0.079728 0.992000 -0.054728
v 0.067000 0.910000 0.042000
v 0.085000 0.928000 0.042000
v 0.067000 0.928000 0.060000
v 0.079728 0.915272 0.042000
v 0.077392 0.917608 0.052392
v 0.079728 0.928000 0.054728
v 0.067000 0.915272 0.054728
v 0.067000 1.010000 0.042000
v 0.067000 0.992000 0.060000
v 0.085000 0.992000 0.042000
v 0.067000 1.004728 0.054728
v 0.077392 1.002392 0.052392
v 0.079728 0.992000 0.054728
v 0.079728 1.004728 0.042000
v -0.067000 0.910000 -0.042000
v -0.085000 0.928000 -0.042000
v -0.067000 0.928000 -0.060000
v -0.079728 0.915272 -0.042000
v -0.077392 0.917608 -0.052392
v -0.079728 0.928000 -0.054728
v -0.067000 0.915272 -0.054728
v -0.067000 1.010000 -0.042000
v -0.067000 0.992000 -0.060000
v -0.085000 0.992000 -0.042000
v -0.067000 1.004728 -0.054728
v -0.077392 1.002392 -0.052392
v -0.079728 0.992000 -0.054728
v -0.079728 1.004728 -0.042000
v -0.067000 0.910000 0.042000
v -0.067000 0.928000 0.060000
v -0.085000 0.928000 0.042000
v -0.067000 0.915272 0.054728
v -0.077392 0.917608 0.052392
v -0.079728 0.928000 0.054728
v -0.079728 0.915272 0.042000
v -0.067000 1.010000 0.042000
v -0.085000 0.992000 0.042000
v -0.067000 0.992000 0.060000
v -0.079728 1.004728 0.042000
v -0.077392 1.002392 0.052392
v -0.079728 0.992000 0.054728
v -0.067000 1.004728 0.054728
vn 0.3672 -0.8865 -0.2817
vn 0.2817 -0.3672 -0.8865
vn 0.8865 -0.2817 -0.3672
vn 0.3672 0.2817 -0.8865
vn 0.2817 0.8865 -0.3672
vn 0.8865 0.3672 -0.2817
vn 0.2817 -0.8865 0.3672
vn 0.8865 -0.3672 0.2817
vn 0.3672 -0.2817 0.8865
vn 0.3672 0.8865 0.2817
vn 0.2817 0.3672 0.8865
vn 0.8865 0.2817 0.3672
vn -0.2817 -0.8865 -0.3672
vn -0.8865 -0.3672 -0.2817
vn -0.3672 -0.2817 -0.8865
vn -0.3672 0.8865 -0.2817
vn -0.2817 0.3672 -0.8865
vn -0.8865 0.2817 -0.3672
vn -0.3672 -0.8865 0.2817
vn -0.2817 -0.3672 0.8865
vn -0.8865 -0.2817 0.3672
vn -0.2817 0.8865 0.3672
vn -0.8865 0.3672 0.2817
vn -0.3672 0.2817 0.8865
vn 0.3827 -0.9239 -0.0000
vn 0.9239 -0.3827 -0.0000
vn 0.3827 -0.0000 -0.9239
vn 0.9239 -0.0000 -0.3827
vn 0.3827 0.9239 -0.0000
vn 0.9239 0.3827 -0.0000
vn 0.3827 -0.0000 0.9239
vn 0.9239 -0.0000 0.3827
vn -0.0000 -0.9239 0.3827
vn -0.0000 -0.3827 0.9239
vn -0.0000 0.9239 0.3827
vn -0.0000 0.3827 0.9239
vn -0.9239 -0.0000 0.3827
vn -0.3827 -0.0000 0.9239
vn -0.3827 -0.9239 -0.0000
vn -0.9239 -0.3827 -0.0000
vn -0.3827 0.9239 -0.0000
vn -0.9239 0.3827 -0.0000
vn -0.3827 -0.0000 -0.9239
vn -0.9239 -0.0000 -0.3827
vn -0.0000 -0.9239 -0.3827
vn -0.0000 -0.3827 -0.9239
vn -0.0000 0.9239 -0.3827
vn -0.0000 0.3827 -0.9239
vn -0.0000 -1.0000 -0.0000
vn 1.0000 -0.0000 -0.0000
vn -0.0000 -0.0000 -1.0000
vn -0.0000 1.0000 -0.0000
vn -0.0000 -0.0000 1.0000
vn -1.0000 -0.0000 -0.0000
vn 0.2817 -0.8865 -0.3672
vn 0.3672 -0.2817 -0.8865
vn 0.8865 -0.3672 -0.2817
vn 0.2817 0.3672 -0.8865
vn 0.3672 0.8865 -0.2817
vn 0.8865 0.2817 -0.3672
vn 0.3672 -0.8865 0.2817
vn 0.8865 -0.2817 0.3672
vn 0.2817 -0.3672 0.8865
vn 0.2817 0.8865 0.3672
vn 0.3672 0.2817 0.8865
vn 0.8865 0.3672 0.2817
vn -0.3672 -0.8865 -0.2817
vn -0.8865 -0.2817 -0.3672
vn -0.2817 -0.3672 -0.8865
vn -0.2817 0.8865 -0.3672
vn -0.3672 0.2817 -0.8865
vn -0.8865 0.3672 -0.2817
vn -0.2817 -0.8865 0.3672
vn -0.3672 -0.2817 0.8865
vn -0.8865 -0.3672 0.2817
vn -0.3672 0.8865 0.2817
vn -0.8865 0.2817 0.3672
vn -0.2817 0.3672 0.8865
s 0
g target_sensor_M_cyan
usemtl M_cyan
f 657/129/601 661/120/601 663/102/601
f 657/129/625 663/102/625 674/98/625
f 657/129/625 674/98/625 671/128/625
f 657/129/655 660/130/655 661/120/655
f 658/317/602 661/287/602 660/256/602
f 658/317/627 664/444/627 670/445/627
f 658/317/627 670/445/627 662/318/627
f 658/317/656 662/318/656 661/287/656
f 659/307/603 661/241/603 662/306/603
f 659/307/657 663/243/657 661/241/657
f 663/243/626 659/307/626 672/308/626
f 663/243/626 672/308/626 674/246/626
f 664/444/604 668/507/604 670/445/604
f 664/444/658 667/506/658 668/507/658
f 665/623/605 668/654/605 667/624/605
f 665/623/647 667/624/647 695/526/647
f 665/623/647 695/526/647 692/534/647
f 665/623/659 669/652/659 668/654/659
f 666/434/606 668/464/606 669/493/606
f 666/434/650 672/308/650 659/307/650
f 666/434/650 680/435/650 672/308/650
f 666/434/660 670/433/660 668/464/660
f 667/506/648 664/444/648 693/443/648
f 667/506/648 693/443/648 695/526/648
f 670/433/628 659/307/628 662/306/628
f 670/433/628 666/434/628 659/307/628
f 671/128/607 675/96/607 677/127/607
f 671/128/633 677/127/633 702/225/633
f 671/128/633 702/225/633 699/217/633
f 671/128/661 674/98/661 675/96/661
f 672/308/608 675/280/608 674/246/608
f 672/308/662 676/309/662 675/280/662
f 673/310/609 675/280/609 676/309/609
f 673/310/663 677/248/663 675/280/663
f 676/309/632 672/308/632 680/435/632
f 676/309/632 680/435/632 683/436/632
f 677/248/634 673/310/634 700/311/634
f 677/248/634 700/311/634 702/225/634
f 678/622/610 682/631/610 684/648/610
f 678/622/629 669/652/629 665/623/629
f 678/622/629 684/648/629 669/652/629
f 678/622/652 665/623/652 692/534/652
f 678/622/652 692/534/652 706/533/652
f 678/622/664 681/621/664 682/631/664
f 679/437/611 682/471/611 681/498/611
f 679/437/631 673/310/631 676/309/631
f 679/437/631 676/309/631 683/436/631
f 679/437/653 700/311/653 673/310/653
f 679/437/653 708/438/653 700/311/653
f 679/437/665 683/436/665 682/471/665
f 680/435/612 682/471/612 683/436/612
f 680/435/666 684/496/666 682/471/666
f 684/496/630 666/434/630 669/493/630
f 684/496/630 680/435/630 666/434/630
f 685/218/613 689/264/613 691/226/613
f 685/218/645 660/130/645 657/129/645
f 685/218/645 691/226/645 660/130/645
f 685/218/667 688/254/667 689/264/667
f 686/314/614 689/264/614 688/254/614
f 686/314/668 690/315/668 689/264/668
f 687/316/615 689/264/615 690/315/615
f 687/316/669 691/226/669 689/264/669
f 690/315/644 686/314/644 694/441/644
f 690/315/644 694/441/644 697/442/644
f 691/226/646 658/317/646 660/256/646
f 691/226/646 687/316/646 658/317/646
f 692/534/616 696/489/616 698/504/616
f 692/534/641 698/504/641 709/500/641
f 692/534/641 709/500/641 706/533/641
f 692/534/670 695/526/670 696/489/670
f 693/443/617 696/489/617 695/526/617
f 693/443/643 687/316/643 690/315/643
f 693/443/643 690/315/643 697/442/643
f 693/443/651 658/317/651 687/316/651
f 693/443/651 664/444/651 658/317/651
f 693/443/671 697/442/671 696/489/671
f 694/441/618 696/489/618 697/442/618
f 694/441/672 698/504/672 696/489/672
f 698/504/642 694/441/642 707/440/642
f 698/504/642 707/440/642 709/500/642
f 699/217/619 703/262/619 705/250/619
f 699/217/639 688/254/639 685/218/639
f 699/217/639 705/250/639 688/254/639
f 699/217/649 657/129/649 671/128/649
f 699/217/649 685/218/649 657/129/649
f 699/217/673 702/225/673 703/262/673
f 700/311/620 703/262/620 702/225/620
f 700/311/674 704/312/674 703/262/674
f 701/313/621 703/262/621 704/312/621
f 701/313/637 704/312/637 711/439/637
f 701/313/637 711/439/637 707/440/637
f 701/313/675 705/250/675 703/262/675
f 705/250/640 686/314/640 688/254/640
f 705/250/640 701/313/640 686/314/640
f 706/533/622 710/487/622 712/525/622
f 706/533/635 681/621/635 678/622/635
f 706/533/635 712/525/635 681/621/635
f 706/533/676 709/500/676 710/487/676
f 707/440/623 710/487/623 709/500/623
f 707/440/654 686/314/654 701/313/654
f 707/440/654 694/441/654 686/314/654
f 707/440/677 711/439/677 710/487/677
f 708/438/624 710/487/624 711/439/624
f 708/438/678 712/525/678 710/487/678
f 711/439/638 700/311/638 708/438/638
f 711/439/638 704/312/638 700/311/638
f 712/525/636 679/437/636 681/498/636
f 712/525/636 708/438/636 679/437/636
