# Blender 4.0.2
# www.blender.org
mtllib village_well.mtl
o village_well
v -0.601871 0.000000 0.194436
v -0.571872 0.030000 0.194709
v -0.602145 0.030000 0.224435
v -0.571872 0.280000 0.194709
v -0.601871 0.310000 0.194436
v -0.602145 0.280000 0.224435
v -0.761635 0.000000 0.192979
v -0.761908 0.030000 0.222977
v -0.791634 0.030000 0.192705
v -0.761635 0.310000 0.192979
v -0.791634 0.280000 0.192705
v -0.761908 0.280000 0.222977
v -0.598362 0.000000 -0.190278
v -0.598089 0.030000 -0.220277
v -0.568364 0.030000 -0.190004
v -0.598362 0.310000 -0.190278
v -0.568364 0.280000 -0.190004
v -0.598089 0.280000 -0.220277
v -0.758126 0.000000 -0.191735
v -0.788125 0.030000 -0.192008
v -0.757853 0.030000 -0.221734
v -0.758126 0.310000 -0.191735
v -0.757853 0.280000 -0.221734
v -0.788125 0.280000 -0.192008
v -0.350836 0.000000 0.526139
v -0.327976 0.030000 0.506711
v -0.331408 0.030000 0.548998
v -0.327976 0.280000 0.506711
v -0.350836 0.310000 0.526139
v -0.331408 0.280000 0.548998
v -0.460085 0.000000 0.618988
v -0.440658 0.030000 0.641847
v -0.482945 0.030000 0.638416
v -0.460085 0.310000 0.618988
v -0.482945 0.280000 0.638416
v -0.440658 0.280000 0.641847
v -0.599985 0.000000 0.232981
v -0.619413 0.030000 0.210121
v -0.577125 0.030000 0.213553
v -0.599985 0.310000 0.232981
v -0.577125 0.280000 0.213553
v -0.619413 0.280000 0.210121
v -0.709235 0.000000 0.325830
v -0.732094 0.030000 0.345258
v -0.728663 0.030000 0.302971
v -0.709235 0.310000 0.325830
v -0.728663 0.280000 0.302971
v -0.732094 0.280000 0.345258
v 0.098777 0.000000 0.620884
v 0.102537 0.030000 0.591120
v 0.128540 0.030000 0.624644
v 0.102537 0.280000 0.591120
v 0.098777 0.310000 0.620884
v 0.128540 0.280000 0.624644
v 0.079677 0.000000 0.772066
v 0.109440 0.030000 0.775826
v 0.075917 0.030000 0.801829
v 0.079677 0.310000 0.772066
v 0.075917 0.280000 0.801829
v 0.109440 0.280000 0.775826
v -0.282919 0.000000 0.572662
v -0.312682 0.030000 0.568902
v -0.279159 0.030000 0.542898
v -0.282919 0.310000 0.572662
v -0.279159 0.280000 0.542898
v -0.312682 0.280000 0.568902
v -0.302019 0.000000 0.723844
v -0.305779 0.030000 0.753607
v -0.331782 0.030000 0.720084
v -0.302019 0.310000 0.723844
v -0.331782 0.280000 0.720084
v -0.305779 0.280000 0.753607
v 0.481060 0.000000 0.413163
v 0.465600 0.030000 0.387454
v 0.506770 0.030000 0.397703
v 0.465600 0.280000 0.387454
v 0.481060 0.310000 0.413163
v 0.506770 0.280000 0.397703
v 0.561432 0.000000 0.546819
v 0.587142 0.030000 0.531359
v 0.576892 0.030000 0.572529
v 0.561432 0.310000 0.546819
v 0.576892 0.280000 0.572529
v 0.587142 0.280000 0.531359
v 0.151352 0.000000 0.611429
v 0.125642 0.030000 0.626889
v 0.135892 0.030000 0.585719
v 0.151352 0.310000 0.611429
v 0.135892 0.280000 0.585719
v 0.125642 0.280000 0.626889
v 0.231724 0.000000 0.745085
v 0.247184 0.030000 0.770795
v 0.206015 0.030000 0.760545
v 0.231724 0.310000 0.745085
v 0.206015 0.280000 0.760545
v 0.247184 0.280000 0.770795
v 0.631383 0.000000 0.039283
v 0.603014 0.030000 0.029528
v 0.641139 0.030000 0.010914
v 0.603014 0.280000 0.029528
v 0.631383 0.310000 0.039283
v 0.641139 0.280000 0.010914
v 0.763261 0.000000 0.084635
v 0.773017 0.030000 0.056265
v 0.791631 0.030000 0.094390
v 0.763261 0.310000 0.084635
v 0.791631 0.280000 0.094390
v 0.773017 0.280000 0.056265
v 0.506271 0.000000 0.403102
v 0.496515 0.030000 0.431471
v 0.477902 0.030000 0.393346
v 0.506271 0.310000 0.403102
v 0.477902 0.280000 0.393346
v 0.496515 0.280000 0.431471
v 0.638149 0.000000 0.448453
v 0.666519 0.030000 0.458209
v 0.628393 0.030000 0.476822
v 0.638149 0.310000 0.448453
v 0.628393 0.280000 0.476822
v 0.666519 0.280000 0.458209
v 0.487386 0.000000 -0.397181
v 0.459963 0.030000 -0.385017
v 0.475222 0.030000 -0.424604
v 0.459963 0.280000 -0.385017
v 0.487386 0.310000 -0.397181
v 0.475222 0.280000 -0.424604
v 0.620659 0.000000 -0.456297
v 0.608494 0.030000 -0.483720
v 0.648082 0.030000 -0.468461
v 0.620659 0.310000 -0.456297
v 0.648082 0.280000 -0.468461
v 0.608494 0.280000 -0.483720
v 0.643384 0.000000 -0.045497
v 0.655548 0.030000 -0.018074
v 0.615960 0.030000 -0.033333
v 0.643384 0.310000 -0.045497
v 0.615960 0.280000 -0.033333
v 0.655548 0.280000 -0.018074
v 0.776656 0.000000 -0.104613
v 0.804079 0.030000 -0.116777
v 0.788821 0.030000 -0.077190
v 0.776656 0.310000 -0.104613
v 0.788821 0.280000 -0.077190
v 0.804079 0.280000 -0.116777
v 0.117105 0.000000 -0.613304
v 0.103577 0.030000 -0.586527
v 0.090328 0.030000 -0.626832
v 0.103577 0.280000 -0.586527
v 0.117105 0.310000 -0.613304
v 0.090328 0.280000 -0.626832
v 0.188784 0.000000 -0.755184
v 0.162007 0.030000 -0.768712
v 0.202312 0.030000 -0.781961
v 0.188784 0.310000 -0.755184
v 0.202312 0.280000 -0.781961
v 0.162007 0.280000 -0.768712
v 0.460499 0.000000 -0.439818
v 0.487276 0.030000 -0.426290
v 0.446971 0.030000 -0.413041
v 0.460499 0.310000 -0.439818
v 0.446971 0.280000 -0.413041
v 0.487276 0.280000 -0.426290
v 0.532178 0.000000 -0.581699
v 0.545706 0.030000 -0.608476
v 0.558955 0.030000 -0.568171
v 0.532178 0.310000 -0.581699
v 0.558955 0.280000 -0.568171
v 0.545706 0.280000 -0.608476
v -0.280836 0.000000 -0.575559
v -0.276048 0.030000 -0.545944
v -0.310452 0.030000 -0.570771
v -0.276048 0.280000 -0.545944
v -0.280836 0.310000 -0.575559
v -0.310452 0.280000 -0.570771
v -0.302211 0.000000 -0.707762
v -0.331826 0.030000 -0.702973
v -0.306999 0.030000 -0.737377
v -0.302211 0.310000 -0.707762
v -0.306999 0.280000 -0.737377
v -0.331826 0.280000 -0.702973
v 0.098961 0.000000 -0.636965
v 0.128577 0.030000 -0.641753
v 0.103750 0.030000 -0.607350
v 0.098961 0.310000 -0.636965
v 0.103750 0.280000 -0.607350
v 0.128577 0.280000 -0.641753
v 0.077587 0.000000 -0.769168
v 0.072799 0.030000 -0.798783
v 0.107202 0.030000 -0.773956
v 0.077587 0.310000 -0.769168
v 0.107202 0.280000 -0.773956
v 0.072799 0.280000 -0.798783
v -0.575877 0.000000 -0.257971
v -0.552884 0.030000 -0.238701
v -0.595147 0.030000 -0.234979
v -0.552884 0.280000 -0.238701
v -0.575877 0.310000 -0.257971
v -0.595147 0.280000 -0.234979
v -0.687210 0.000000 -0.351280
v -0.706480 0.030000 -0.328287
v -0.710203 0.030000 -0.370550
v -0.687210 0.310000 -0.351280
v -0.710203 0.280000 -0.370550
v -0.706480 0.280000 -0.328287
v -0.328750 0.000000 -0.552836
v -0.309480 0.030000 -0.575829
v -0.305757 0.030000 -0.533566
v -0.328750 0.310000 -0.552836
v -0.305757 0.280000 -0.533566
v -0.309480 0.280000 -0.575829
v -0.440083 0.000000 -0.646145
v -0.463076 0.030000 -0.665415
v -0.420813 0.030000 -0.669137
v -0.440083 0.310000 -0.646145
v -0.420813 0.280000 -0.669137
v -0.463076 0.280000 -0.665415
v -0.512307 0.330000 0.392691
v -0.484067 0.360000 0.382567
v -0.502183 0.360000 0.420931
v -0.484067 0.610000 0.382567
v -0.512307 0.640000 0.392691
v -0.502183 0.610000 0.420931
v -0.635075 0.330000 0.436704
v -0.624950 0.360000 0.464944
v -0.663315 0.360000 0.446829
v -0.635075 0.640000 0.436704
v -0.663315 0.610000 0.446829
v -0.624950 0.610000 0.464944
v -0.642145 0.330000 0.030532
v -0.652269 0.360000 0.002292
v -0.613905 0.360000 0.020408
v -0.642145 0.640000 0.030532
v -0.613905 0.610000 0.020408
v -0.652269 0.610000 0.002292
v -0.764912 0.330000 0.074546
v -0.793152 0.360000 0.084670
v -0.775037 0.360000 0.046306
v -0.764912 0.640000 0.074546
v -0.775037 0.610000 0.046306
v -0.793152 0.610000 0.084670
v -0.140949 0.330000 0.627846
v -0.125446 0.360000 0.602162
v -0.115265 0.360000 0.643348
v -0.125446 0.610000 0.602162
v -0.140949 0.640000 0.627846
v -0.115265 0.610000 0.643348
v -0.212827 0.330000 0.746931
v -0.187143 0.360000 0.762434
v -0.228330 0.360000 0.772615
v -0.212827 0.640000 0.746931
v -0.228330 0.610000 0.772615
v -0.187143 0.610000 0.762434
v -0.470329 0.330000 0.429035
v -0.496013 0.360000 0.413533
v -0.454826 0.360000 0.403351
v -0.470329 0.640000 0.429035
v -0.454826 0.610000 0.403351
v -0.496013 0.610000 0.413533
v -0.542208 0.330000 0.548121
v -0.557710 0.360000 0.573805
v -0.567892 0.360000 0.532618
v -0.542208 0.640000 0.548121
v -0.567892 0.610000 0.532618
v -0.557710 0.610000 0.573805
v 0.294066 0.330000 0.561684
v 0.289129 0.360000 0.532093
v 0.323657 0.360000 0.556747
v 0.289129 0.610000 0.532093
v 0.294066 0.640000 0.561684
v 0.323657 0.610000 0.556747
v 0.319592 0.330000 0.714697
v 0.349183 0.360000 0.709761
v 0.324529 0.360000 0.744288
v 0.319592 0.640000 0.714697
v 0.324529 0.610000 0.744288
v 0.349183 0.610000 0.709761
v -0.085419 0.330000 0.624991
v -0.115010 0.360000 0.629927
v -0.090356 0.360000 0.595399
v -0.085419 0.640000 0.624991
v -0.090356 0.610000 0.595399
v -0.115010 0.610000 0.629927
v -0.059893 0.330000 0.778004
v -0.054957 0.360000 0.807595
v -0.089484 0.360000 0.782941
v -0.059893 0.640000 0.778004
v -0.089484 0.610000 0.782941
v -0.054957 0.610000 0.807595
v 0.583179 0.330000 0.243464
v 0.560394 0.360000 0.223949
v 0.602694 0.360000 0.220679
v 0.560394 0.610000 0.223949
v 0.583179 0.640000 0.243464
v 0.602694 0.610000 0.220679
v 0.702716 0.330000 0.345844
v 0.722231 0.360000 0.323058
v 0.725502 0.360000 0.365358
v 0.702716 0.640000 0.345844
v 0.725502 0.610000 0.365358
v 0.722231 0.610000 0.323058
v 0.332915 0.330000 0.535671
v 0.313400 0.360000 0.558456
v 0.310130 0.360000 0.516156
v 0.332915 0.640000 0.535671
v 0.310130 0.610000 0.516156
v 0.313400 0.610000 0.558456
v 0.452452 0.330000 0.638050
v 0.475237 0.360000 0.657565
v 0.432937 0.360000 0.660835
v 0.452452 0.640000 0.638050
v 0.432937 0.610000 0.660835
v 0.475237 0.610000 0.657565
v 0.608066 0.330000 -0.200439
v 0.578077 0.360000 -0.199599
v 0.607225 0.360000 -0.230427
v 0.578077 0.610000 -0.199599
v 0.608066 0.640000 -0.200439
v 0.607225 0.610000 -0.230427
v 0.741006 0.330000 -0.204166
v 0.740165 0.360000 -0.234154
v 0.770994 0.360000 -0.205007
v 0.741006 0.640000 -0.204166
v 0.770994 0.610000 -0.205007
v 0.740165 0.610000 -0.234154
v 0.618847 0.330000 0.184139
v 0.619687 0.360000 0.214127
v 0.588859 0.360000 0.184980
v 0.618847 0.640000 0.184139
v 0.588859 0.610000 0.184980
v 0.619687 0.610000 0.214127
v 0.751787 0.330000 0.180412
v 0.781775 0.360000 0.179572
v 0.752628 0.360000 0.210401
v 0.751787 0.640000 0.180412
v 0.752628 0.610000 0.210401
v 0.781775 0.610000 0.179572
v 0.329402 0.330000 -0.543309
v 0.306446 0.360000 -0.523994
v 0.310087 0.360000 -0.566264
v 0.306446 0.610000 -0.523994
v 0.329402 0.640000 -0.543309
v 0.310087 0.610000 -0.566264
v 0.448865 0.330000 -0.643825
v 0.429550 0.360000 -0.666780
v 0.471820 0.360000 -0.663140
v 0.448865 0.640000 -0.643825
v 0.471820 0.610000 -0.663140
v 0.429550 0.610000 -0.666780
v 0.577099 0.330000 -0.248923
v 0.596413 0.360000 -0.225968
v 0.554143 0.360000 -0.229608
v 0.577099 0.640000 -0.248923
v 0.554143 0.610000 -0.229608
v 0.596413 0.610000 -0.225968
v 0.696561 0.330000 -0.349439
v 0.719517 0.360000 -0.368754
v 0.715876 0.360000 -0.326484
v 0.696561 0.640000 -0.349439
v 0.715876 0.610000 -0.326484
v 0.719517 0.610000 -0.368754
v -0.081789 0.330000 -0.619345
v -0.086142 0.360000 -0.589663
v -0.111472 0.360000 -0.623698
v -0.086142 0.610000 -0.589663
v -0.081789 0.640000 -0.619345
v -0.111472 0.610000 -0.623698
v -0.058940 0.330000 -0.775149
v -0.088622 0.360000 -0.779502
v -0.054587 0.360000 -0.804832
v -0.058940 0.640000 -0.775149
v -0.054587 0.610000 -0.804832
v -0.088622 0.610000 -0.779502
v 0.298868 0.330000 -0.563520
v 0.328551 0.360000 -0.559167
v 0.294515 0.360000 -0.533837
v 0.298868 0.640000 -0.563520
v 0.294515 0.610000 -0.533837
v 0.328551 0.610000 -0.559167
v 0.321718 0.330000 -0.719324
v 0.326071 0.360000 -0.749006
v 0.351400 0.360000 -0.714971
v 0.321718 0.640000 -0.719324
v 0.351400 0.610000 -0.714971
v 0.326071 0.610000 -0.749006
v -0.473749 0.330000 -0.409908
v -0.457612 0.360000 -0.384618
v -0.499039 0.360000 -0.393770
v -0.457612 0.610000 -0.384618
v -0.473749 0.640000 -0.409908
v -0.499039 0.610000 -0.393770
v -0.559253 0.330000 -0.543906
v -0.584543 0.360000 -0.527768
v -0.575391 0.360000 -0.569196
v -0.559253 0.640000 -0.543906
v -0.575391 0.610000 -0.569196
v -0.584543 0.610000 -0.527768
v -0.149423 0.330000 -0.616860
v -0.124133 0.360000 -0.632998
v -0.133285 0.360000 -0.591570
v -0.149423 0.640000 -0.616860
v -0.133285 0.610000 -0.591570
v -0.124133 0.610000 -0.632998
v -0.234927 0.330000 -0.750858
v -0.251065 0.360000 -0.776148
v -0.209637 0.360000 -0.766996
v -0.234927 0.640000 -0.750858
v -0.209637 0.610000 -0.766996
v -0.251065 0.610000 -0.776148
v -0.643252 0.330000 -0.040660
v -0.615360 0.360000 -0.029613
v -0.654299 0.360000 -0.012768
v -0.615360 0.610000 -0.029613
v -0.643252 0.640000 -0.040660
v -0.654299 0.610000 -0.012768
v -0.767727 0.330000 -0.089960
v -0.778774 0.360000 -0.062068
v -0.795619 0.360000 -0.101006
v -0.767727 0.640000 -0.089960
v -0.795619 0.610000 -0.101006
v -0.778774 0.610000 -0.062068
v -0.501583 0.330000 -0.398356
v -0.490536 0.360000 -0.426248
v -0.473691 0.360000 -0.387309
v -0.501583 0.640000 -0.398356
v -0.473691 0.610000 -0.387309
v -0.490536 0.610000 -0.426248
v -0.626058 0.330000 -0.447656
v -0.653950 0.360000 -0.458703
v -0.615011 0.360000 -0.475548
v -0.626058 0.640000 -0.447656
v -0.615011 0.610000 -0.475548
v -0.653950 0.610000 -0.458703
v -0.800000 0.680000 0.000000
v -0.778971 0.660000 -0.000000
v -0.778971 0.760000 0.000000
v -0.800000 0.740000 0.000000
v -0.560000 0.740000 0.000000
v -0.581029 0.760000 0.000000
v -0.581029 0.660000 -0.000000
v -0.560000 0.680000 0.000000
v -0.630201 0.660000 0.457868
v -0.647214 0.680000 0.470228
v -0.647214 0.740000 0.470228
v -0.630201 0.760000 0.457868
v -0.470063 0.760000 0.341520
v -0.453050 0.740000 0.329160
v -0.453050 0.680000 0.329160
v -0.470063 0.660000 0.341520
v -0.240715 0.660000 0.740845
v -0.247214 0.680000 0.760845
v -0.247214 0.740000 0.760845
v -0.240715 0.760000 0.740845
v -0.179548 0.760000 0.552592
v -0.173050 0.740000 0.532592
v -0.173050 0.680000 0.532592
v -0.179548 0.660000 0.552592
v 0.240715 0.660000 0.740845
v 0.247214 0.680000 0.760845
v 0.247214 0.740000 0.760845
v 0.240715 0.760000 0.740845
v 0.179548 0.760000 0.552592
v 0.173050 0.740000 0.532592
v 0.173050 0.680000 0.532592
v 0.179548 0.660000 0.552592
v 0.630201 0.660000 0.457868
v 0.647214 0.680000 0.470228
v 0.647214 0.740000 0.470228
v 0.630201 0.760000 0.457868
v 0.470063 0.760000 0.341520
v 0.453050 0.740000 0.329160
v 0.453050 0.680000 0.329160
v 0.470063 0.660000 0.341520
v 0.778971 0.660000 0.000000
v 0.800000 0.680000 0.000000
v 0.800000 0.740000 0.000000
v 0.778971 0.760000 -0.000000
v 0.581029 0.760000 -0.000000
v 0.560000 0.740000 0.000000
v 0.560000 0.680000 0.000000
v 0.581029 0.660000 0.000000
v 0.630201 0.660000 -0.457868
v 0.647214 0.680000 -0.470228
v 0.647214 0.740000 -0.470228
v 0.630201 0.760000 -0.457868
v 0.470063 0.760000 -0.341520
v 0.453050 0.740000 -0.329160
v 0.453050 0.680000 -0.329160
v 0.470063 0.660000 -0.341520
v 0.240715 0.660000 -0.740845
v 0.247214 0.680000 -0.760845
v 0.247214 0.740000 -0.760845
v 0.240715 0.760000 -0.740845
v 0.179548 0.760000 -0.552592
v 0.173050 0.740000 -0.532592
v 0.173050 0.680000 -0.532592
v 0.179548 0.660000 -0.552592
v -0.240715 0.660000 -0.740845
v -0.247214 0.680000 -0.760845
v -0.247214 0.740000 -0.760845
v -0.240715 0.760000 -0.740845
v -0.179548 0.760000 -0.552592
v -0.173050 0.740000 -0.532592
v -0.173050 0.680000 -0.532592
v -0.179548 0.660000 -0.552592
v -0.630201 0.660000 -0.457868
v -0.647214 0.680000 -0.470228
v -0.647214 0.740000 -0.470228
v -0.630201 0.760000 -0.457868
v -0.470063 0.760000 -0.341520
v -0.453050 0.740000 -0.329160
v -0.453050 0.680000 -0.329160
v -0.470063 0.660000 -0.341520
v 0.000000 0.400000 0.580000
v 0.000000 0.440000 0.580000
v -0.340915 0.400000 0.469230
v -0.340915 0.440000 0.469230
v -0.551613 0.400000 0.179230
v -0.551613 0.440000 0.179230
v -0.551613 0.400000 -0.179230
v -0.551613 0.440000 -0.179230
v -0.340915 0.400000 -0.469230
v -0.340915 0.440000 -0.469230
v 0.000000 0.400000 -0.580000
v 0.000000 0.440000 -0.580000
v 0.340915 0.400000 -0.469230
v 0.340915 0.440000 -0.469230
v 0.551613 0.400000 -0.179230
v 0.551613 0.440000 -0.179230
v 0.551613 0.400000 0.179230
v 0.551613 0.440000 0.179230
v 0.340915 0.400000 0.469230
v 0.340915 0.440000 0.469230
v 0.680000 0.660000 0.048352
v 0.680000 0.680000 0.070000
v 0.680000 2.280000 0.048352
v 0.680000 2.260000 0.070000
v 0.645810 0.660000 0.034190
v 0.630503 0.680000 0.049497
v 0.645810 2.280000 0.034190
v 0.630503 2.260000 0.049497
v 0.631648 0.660000 0.000000
v 0.610000 0.680000 0.000000
v 0.631648 2.280000 -0.000000
v 0.610000 2.260000 0.000000
v 0.645810 0.660000 -0.034190
v 0.630503 0.680000 -0.049497
v 0.645810 2.280000 -0.034190
v 0.630503 2.260000 -0.049497
v 0.680000 0.660000 -0.048352
v 0.680000 0.680000 -0.070000
v 0.680000 2.280000 -0.048352
v 0.680000 2.260000 -0.070000
v 0.714190 0.660000 -0.034190
v 0.729497 0.680000 -0.049497
v 0.714190 2.280000 -0.034190
v 0.729497 2.260000 -0.049497
v 0.728352 0.660000 -0.000000
v 0.750000 0.680000 0.000000
v 0.728352 2.280000 0.000000
v 0.750000 2.260000 0.000000
v 0.714190 0.660000 0.034190
v 0.729497 0.680000 0.049497
v 0.714190 2.280000 0.034190
v 0.729497 2.260000 0.049497
v 0.670000 1.872864 -0.484686
v 0.650000 1.880000 -0.445096
v 0.670000 1.860000 -0.480000
v 0.670000 1.860000 0.480000
v 0.650000 1.880000 0.445096
v 0.670000 1.872864 0.484686
v 0.670000 2.267136 -0.015314
v 0.670000 2.267136 0.015314
v 0.650000 2.253880 0.000000
v 0.690000 1.872864 -0.484686
v 0.690000 1.860000 -0.480000
v 0.710000 1.880000 -0.445096
v 0.690000 1.872864 0.484686
v 0.710000 1.880000 0.445096
v 0.690000 1.860000 0.480000
v 0.690000 2.267136 -0.015314
v 0.710000 2.253880 -0.000000
v 0.690000 2.267136 0.015314
v -0.680000 0.660000 0.048352
v -0.680000 0.680000 0.070000
v -0.680000 2.280000 0.048352
v -0.680000 2.260000 0.070000
v -0.714190 0.660000 0.034190
v -0.729497 0.680000 0.049497
v -0.714190 2.280000 0.034190
v -0.729497 2.260000 0.049497
v -0.728352 0.660000 0.000000
v -0.750000 0.680000 0.000000
v -0.728352 2.280000 -0.000000
v -0.750000 2.260000 0.000000
v -0.714190 0.660000 -0.034190
v -0.729497 0.680000 -0.049497
v -0.714190 2.280000 -0.034190
v -0.729497 2.260000 -0.049497
v -0.680000 0.660000 -0.048352
v -0.680000 0.680000 -0.070000
v -0.680000 2.280000 -0.048352
v -0.680000 2.260000 -0.070000
v -0.645810 0.660000 -0.034190
v -0.630503 0.680000 -0.049497
v -0.645810 2.280000 -0.034190
v -0.630503 2.260000 -0.049497
v -0.631648 0.660000 -0.000000
v -0.610000 0.680000 0.000000
v -0.631648 2.280000 0.000000
v -0.610000 2.260000 0.000000
v -0.645810 0.660000 0.034190
v -0.630503 0.680000 0.049497
v -0.645810 2.280000 0.034190
v -0.630503 2.260000 0.049497
v -0.690000 1.872864 -0.484686
v -0.710000 1.880000 -0.445096
v -0.690000 1.860000 -0.480000
v -0.690000 1.860000 0.480000
v -0.710000 1.880000 0.445096
v -0.690000 1.872864 0.484686
v -0.690000 2.267136 -0.015314
v -0.690000 2.267136 0.015314
v -0.710000 2.253880 0.000000
v -0.670000 1.872864 -0.484686
v -0.670000 1.860000 -0.480000
v -0.650000 1.880000 -0.445096
v -0.670000 1.872864 0.484686
v -0.650000 1.880000 0.445096
v -0.670000 1.860000 0.480000
v -0.670000 2.267136 -0.015314
v -0.650000 2.253880 -0.000000
v -0.670000 2.267136 0.015314
v 0.920000 2.140000 -0.030000
v 0.920000 2.170000 -0.060000
v 0.950000 2.170000 -0.030000
v 0.920000 2.230000 -0.060000
v 0.920000 2.260000 -0.030000
v 0.950000 2.230000 -0.030000
v 0.920000 2.140000 0.030000
v 0.950000 2.170000 0.030000
v 0.920000 2.170000 0.060000
v 0.920000 2.260000 0.030000
v 0.920000 2.230000 0.060000
v 0.950000 2.230000 0.030000
v -0.920000 2.140000 -0.030000
v -0.950000 2.170000 -0.030000
v -0.920000 2.170000 -0.060000
v -0.920000 2.260000 -0.030000
v -0.920000 2.230000 -0.060000
v -0.950000 2.230000 -0.030000
v -0.920000 2.140000 0.030000
v -0.920000 2.170000 0.060000
v -0.950000 2.170000 0.030000
v -0.920000 2.260000 0.030000
v -0.950000 2.230000 0.030000
v -0.920000 2.230000 0.060000
v 0.690000 1.400000 0.045000
v -0.770000 1.400000 0.045000
v 0.690000 1.368180 0.031820
v -0.770000 1.368180 0.031820
v 0.690000 1.355000 0.000000
v -0.770000 1.355000 0.000000
v 0.690000 1.368180 -0.031820
v -0.770000 1.368180 -0.031820
v 0.690000 1.400000 -0.045000
v -0.770000 1.400000 -0.045000
v 0.690000 1.431820 -0.031820
v -0.770000 1.431820 -0.031820
v 0.690000 1.445000 0.000000
v -0.770000 1.445000 0.000000
v 0.690000 1.431820 0.031820
v -0.770000 1.431820 0.031820
v 0.210000 1.400000 0.090000
v -0.210000 1.400000 0.090000
v 0.210000 1.336360 0.063640
v -0.210000 1.336360 0.063640
v 0.210000 1.310000 0.000000
v -0.210000 1.310000 0.000000
v 0.210000 1.336360 -0.063640
v -0.210000 1.336360 -0.063640
v 0.210000 1.400000 -0.090000
v -0.210000 1.400000 -0.090000
v 0.210000 1.463640 -0.063640
v -0.210000 1.463640 -0.063640
v 0.210000 1.490000 0.000000
v -0.210000 1.490000 0.000000
v 0.210000 1.463640 0.063640
v -0.210000 1.463640 0.063640
v -0.788000 1.170000 -0.007000
v -0.788000 1.188000 -0.025000
v -0.770000 1.188000 -0.007000
v -0.788000 1.412000 -0.025000
v -0.788000 1.430000 -0.007000
v -0.770000 1.412000 -0.007000
v -0.788000 1.170000 0.007000
v -0.770000 1.188000 0.007000
v -0.788000 1.188000 0.025000
v -0.788000 1.430000 0.007000
v -0.788000 1.412000 0.025000
v -0.770000 1.412000 0.007000
v -0.792000 1.170000 -0.007000
v -0.810000 1.188000 -0.007000
v -0.792000 1.188000 -0.025000
v -0.792000 1.430000 -0.007000
v -0.792000 1.412000 -0.025000
v -0.810000 1.412000 -0.007000
v -0.792000 1.170000 0.007000
v -0.792000 1.188000 0.025000
v -0.810000 1.188000 0.007000
v -0.792000 1.430000 0.007000
v -0.810000 1.412000 0.007000
v -0.792000 1.412000 0.025000
v -0.770000 1.190000 0.025000
v -0.930000 1.190000 0.025000
v -0.770000 1.168349 0.012500
v -0.930000 1.168349 0.012500
v -0.770000 1.168349 -0.012500
v -0.930000 1.168349 -0.012500
v -0.770000 1.190000 -0.025000
v -0.930000 1.190000 -0.025000
v -0.770000 1.211651 -0.012500
v -0.930000 1.211651 -0.012500
v -0.770000 1.211651 0.012500
v -0.930000 1.211651 0.012500
v 0.000000 0.940000 -0.046000
v 0.000000 1.320000 -0.046000
v -0.012124 0.940000 -0.053000
v -0.012124 1.320000 -0.053000
v -0.012124 0.940000 -0.067000
v -0.012124 1.320000 -0.067000
v 0.000000 0.940000 -0.074000
v 0.000000 1.320000 -0.074000
v 0.012124 0.940000 -0.067000
v 0.012124 1.320000 -0.067000
v 0.012124 0.940000 -0.053000
v 0.012124 1.320000 -0.053000
v -0.000000 0.740000 0.038971
v -0.000000 0.759860 0.062483
v 0.000000 0.940000 0.063971
v 0.000000 0.920140 0.082517
v -0.058174 0.740000 0.020069
v -0.071993 0.759860 0.039090
v -0.072868 0.940000 0.040294
v -0.083770 0.920140 0.055299
v -0.094127 0.740000 -0.029416
v -0.116488 0.759860 -0.022151
v -0.117903 0.940000 -0.021691
v -0.135542 0.920140 -0.015960
v -0.094127 0.740000 -0.090584
v -0.116488 0.759860 -0.097849
v -0.117903 0.940000 -0.098309
v -0.135542 0.920140 -0.104040
v -0.058174 0.740000 -0.140069
v -0.071993 0.759860 -0.159090
v -0.072868 0.940000 -0.160294
v -0.083770 0.920140 -0.175299
v 0.000000 0.740000 -0.158971
v 0.000000 0.759860 -0.182482
v -0.000000 0.940000 -0.183971
v 0.000000 0.920140 -0.202517
v 0.058174 0.740000 -0.140069
v 0.071993 0.759860 -0.159090
v 0.072868 0.940000 -0.160294
v 0.083770 0.920140 -0.175299
v 0.094127 0.740000 -0.090584
v 0.116488 0.759860 -0.097849
v 0.117903 0.940000 -0.098309
v 0.135542 0.920140 -0.104040
v 0.094127 0.740000 -0.029416
v 0.116488 0.759860 -0.022151
v 0.117903 0.940000 -0.021691
v 0.135542 0.920140 -0.015960
v 0.058174 0.740000 0.020069
v 0.071993 0.759860 0.039090
v 0.072868 0.940000 0.040294
v 0.083770 0.920140 0.055299
v -0.148000 0.885000 -0.060000
v -0.148000 0.915000 -0.060000
v -0.120000 0.915000 -0.060000
v -0.120000 0.885000 -0.060000
v -0.119735 0.885000 0.026992
v -0.119735 0.915000 0.026992
v -0.097082 0.915000 0.010534
v -0.097082 0.885000 0.010534
v -0.045735 0.885000 0.080756
v -0.045735 0.915000 0.080756
v -0.037082 0.915000 0.054127
v -0.037082 0.885000 0.054127
v 0.045735 0.885000 0.080756
v 0.045735 0.915000 0.080756
v 0.037082 0.915000 0.054127
v 0.037082 0.885000 0.054127
v 0.119735 0.885000 0.026992
v 0.119735 0.915000 0.026992
v 0.097082 0.915000 0.010534
v 0.097082 0.885000 0.010534
v 0.148000 0.885000 -0.060000
v 0.148000 0.915000 -0.060000
v 0.120000 0.915000 -0.060000
v 0.120000 0.885000 -0.060000
v 0.119735 0.885000 -0.146992
v 0.119735 0.915000 -0.146992
v 0.097082 0.915000 -0.130534
v 0.097082 0.885000 -0.130534
v 0.045735 0.885000 -0.200756
v 0.045735 0.915000 -0.200756
v 0.037082 0.915000 -0.174127
v 0.037082 0.885000 -0.174127
v -0.045735 0.885000 -0.200756
v -0.045735 0.915000 -0.200756
v -0.037082 0.915000 -0.174127
v -0.037082 0.885000 -0.174127
v -0.119735 0.885000 -0.146992
v -0.119735 0.915000 -0.146992
v -0.097082 0.915000 -0.130534
v -0.097082 0.885000 -0.130534
v 0.960000 2.265373 0.031520
v 0.960000 2.321520 0.024626
v 1.000000 2.296894 0.056147
v 0.960000 2.292019 0.016445
v 0.983094 2.292914 0.023730
v 0.988284 2.314308 0.033859
v 0.988284 2.274606 0.038733
v 0.960000 2.353041 0.049253
v 0.960000 2.359935 0.105400
v 1.000000 2.328414 0.080773
v 0.960000 2.368116 0.075898
v 0.983094 2.360831 0.076793
v 0.988284 2.350703 0.098187
v 0.988284 2.345828 0.058485
v 0.960000 1.572405 0.918480
v 1.000000 1.603925 0.943106
v 0.960000 1.579299 0.974627
v 0.988284 1.581637 0.925693
v 0.983094 1.571509 0.947086
v 0.988284 1.586512 0.965394
v 0.960000 1.564224 0.947981
v 0.960000 1.666966 0.992359
v 0.960000 1.610819 0.999253
v 1.000000 1.635446 0.967733
v 0.960000 1.640321 1.007434
v 0.983094 1.639426 1.000149
v 0.988284 1.618032 0.990021
v 0.988284 1.657734 0.985146
v -0.960000 2.265373 0.031520
v -1.000000 2.296894 0.056147
v -0.960000 2.321520 0.024626
v -0.988284 2.274606 0.038733
v -0.983094 2.292914 0.023730
v -0.988284 2.314307 0.033859
v -0.960000 2.292019 0.016445
v -0.960000 2.359935 0.105400
v -0.960000 2.353041 0.049253
v -1.000000 2.328414 0.080773
v -0.960000 2.368116 0.075898
v -0.983094 2.360831 0.076793
v -0.988284 2.345828 0.058485
v -0.988284 2.350703 0.098187
v -0.960000 1.572405 0.918480
v -0.960000 1.579299 0.974627
v -1.000000 1.603925 0.943106
v -0.960000 1.564224 0.947981
v -0.983094 1.571509 0.947086
v -0.988284 1.586512 0.965394
v -0.988284 1.581637 0.925693
v -0.960000 1.666966 0.992359
v -1.000000 1.635446 0.967733
v -0.960000 1.610819 0.999253
v -0.988284 1.657734 0.985146
v -0.983094 1.639426 1.000149
v -0.988284 1.618032 0.990021
v -0.960000 1.640321 1.007434
v 0.960000 1.572405 -0.918480
v 0.960000 1.579299 -0.974627
v 1.000000 1.603925 -0.943106
v 0.960000 1.564224 -0.947981
v 0.983094 1.571509 -0.947086
v 0.988284 1.586512 -0.965394
v 0.988284 1.581637 -0.925693
v 0.960000 1.610819 -0.999253
v 0.960000 1.666966 -0.992359
v 1.000000 1.635446 -0.967733
v 0.960000 1.640321 -1.007434
v 0.983094 1.639426 -1.000149
v 0.988284 1.657734 -0.985146
v 0.988284 1.618032 -0.990021
v 0.960000 2.265373 -0.031520
v 1.000000 2.296894 -0.056147
v 0.960000 2.321520 -0.024626
v 0.988284 2.274606 -0.038733
v 0.983094 2.292914 -0.023730
v 0.988284 2.314307 -0.033859
v 0.960000 2.292019 -0.016445
v 0.960000 2.359935 -0.105400
v 0.960000 2.353041 -0.049253
v 1.000000 2.328414 -0.080773
v 0.960000 2.368116 -0.075898
v 0.983094 2.360831 -0.076793
v 0.988284 2.345828 -0.058485
v 0.988284 2.350703 -0.098187
v -0.960000 1.572405 -0.918480
v -1.000000 1.603925 -0.943106
v -0.960000 1.579299 -0.974627
v -0.988284 1.581637 -0.925693
v -0.983094 1.571509 -0.947086
v -0.988284 1.586512 -0.965394
v -0.960000 1.564224 -0.947981
v -0.960000 1.666966 -0.992359
v -0.960000 1.610819 -0.999253
v -1.000000 1.635446 -0.967733
v -0.960000 1.640321 -1.007434
v -0.983094 1.639426 -1.000149
v -0.988284 1.618032 -0.990021
v -0.988284 1.657734 -0.985146
v -0.960000 2.265373 -0.031520
v -0.960000 2.321520 -0.024626
v -1.000000 2.296894 -0.056147
v -0.960000 2.292019 -0.016445
v -0.983094 2.292914 -0.023730
v -0.988284 2.314308 -0.033859
v -0.988284 2.274606 -0.038733
v -0.960000 2.359935 -0.105400
v -1.000000 2.328414 -0.080773
v -0.960000 2.353041 -0.049253
v -0.988284 2.350703 -0.098187
v -0.983094 2.360831 -0.076793
v -0.988284 2.345828 -0.058485
v -0.960000 2.368116 -0.075899
v 1.020000 2.350000 0.060000
v -1.020000 2.350000 0.060000
v 1.020000 2.298038 0.030000
v -1.020000 2.298038 0.030000
v 1.020000 2.298038 -0.030000
v -1.020000 2.298038 -0.030000
v 1.020000 2.350000 -0.060000
v -1.020000 2.350000 -0.060000
v 1.020000 2.401962 -0.030000
v -1.020000 2.401961 -0.030000
v 1.020000 2.401962 0.030000
v -1.020000 2.401961 0.030000
v 1.010000 1.607779 1.030000
v -1.010000 1.607779 1.030000
v 1.010000 1.538497 0.990000
v -1.010000 1.538497 0.990000
v 1.010000 1.538497 0.910000
v -1.010000 1.538497 0.910000
v 1.010000 1.607779 0.870000
v -1.010000 1.607779 0.870000
v 1.010000 1.677061 0.910000
v -1.010000 1.677061 0.910000
v 1.010000 1.677061 0.990000
v -1.010000 1.677061 0.990000
v 1.010000 1.607779 -0.870000
v -1.010000 1.607779 -0.870000
v 1.010000 1.538497 -0.910000
v -1.010000 1.538497 -0.910000
v 1.010000 1.538497 -0.990000
v -1.010000 1.538497 -0.990000
v 1.010000 1.607779 -1.030000
v -1.010000 1.607779 -1.030000
v 1.010000 1.677061 -0.990000
v -1.010000 1.677061 -0.990000
v 1.010000 1.677061 -0.910000
v -1.010000 1.677061 -0.910000
vn 1.0000 -0.0000 0.0091
vn 0.0091 -0.0000 -1.0000
vn -0.0000 1.0000 -0.0000
vn -0.0091 -0.0000 1.0000
vn -1.0000 -0.0000 -0.0091
vn 0.5721 -0.5773 0.5826
vn 0.5721 0.5773 0.5826
vn -0.5826 -0.5774 0.5721
vn -0.5826 0.5774 0.5721
vn 0.5826 -0.5774 -0.5721
vn 0.5826 0.5774 -0.5721
vn -0.5721 -0.5773 -0.5826
vn -0.5721 0.5773 -0.5826
vn -0.0064 -0.7071 0.7071
vn 0.7006 -0.0000 0.7135
vn -0.0064 0.7071 0.7071
vn -0.7135 -0.0000 0.7006
vn -0.7071 -0.7071 -0.0064
vn -0.7071 0.7071 -0.0064
vn -0.7006 -0.0000 -0.7135
vn 0.0064 -0.7071 -0.7071
vn 0.0064 0.7071 -0.7071
vn 0.7135 -0.0000 -0.7006
vn 0.7071 -0.7071 0.0064
vn 0.7071 0.7071 0.0064
vn -0.0000 -1.0000 -0.0000
vn 0.7620 -0.0000 -0.6476
vn -0.6476 -0.0000 -0.7620
vn 0.6476 -0.0000 0.7620
vn -0.7620 -0.0000 0.6476
vn 0.8138 -0.5773 0.0660
vn 0.8138 0.5773 0.0660
vn -0.0660 -0.5774 0.8138
vn -0.0660 0.5774 0.8138
vn 0.0660 -0.5774 -0.8138
vn 0.0660 0.5774 -0.8138
vn -0.8138 -0.5773 -0.0660
vn -0.8138 0.5773 -0.0660
vn 0.4579 -0.7071 0.5388
vn 0.9967 -0.0000 0.0809
vn 0.4579 0.7071 0.5388
vn -0.0809 -0.0000 0.9967
vn -0.5388 -0.7071 0.4579
vn -0.5388 0.7071 0.4579
vn -0.9967 -0.0000 -0.0809
vn -0.4579 -0.7071 -0.5388
vn -0.4579 0.7071 -0.5388
vn 0.0809 -0.0000 -0.9967
vn 0.5388 -0.7071 -0.4579
vn 0.5388 0.7071 -0.4579
vn 0.1253 -0.0000 -0.9921
vn -0.9921 -0.0000 -0.1253
vn 0.9921 -0.0000 0.1253
vn -0.1253 -0.0000 0.9921
vn 0.6452 -0.5774 -0.5004
vn 0.6452 0.5774 -0.5004
vn 0.5004 -0.5773 0.6452
vn 0.5004 0.5773 0.6452
vn -0.5004 -0.5773 -0.6452
vn -0.5004 0.5773 -0.6452
vn -0.6452 -0.5774 0.5004
vn -0.6452 0.5773 0.5004
vn 0.7015 -0.7071 0.0886
vn 0.7902 -0.0000 -0.6129
vn 0.7015 0.7071 0.0886
vn 0.6129 -0.0000 0.7902
vn -0.0886 -0.7071 0.7015
vn -0.0886 0.7071 0.7015
vn -0.7902 -0.0000 0.6129
vn -0.7015 -0.7071 -0.0886
vn -0.7015 0.7071 -0.0886
vn -0.6129 -0.0000 -0.7902
vn 0.0886 -0.7071 -0.7015
vn 0.0886 0.7071 -0.7015
vn -0.5153 -0.0000 -0.8570
vn -0.8570 -0.0000 0.5153
vn 0.8570 -0.0000 -0.5153
vn 0.5153 -0.0000 0.8570
vn 0.1973 -0.5774 -0.7923
vn 0.1973 0.5774 -0.7923
vn 0.7923 -0.5774 0.1973
vn 0.7923 0.5773 0.1973
vn -0.7923 -0.5774 -0.1973
vn -0.7923 0.5773 -0.1973
vn -0.1973 -0.5774 0.7923
vn -0.1973 0.5774 0.7923
vn 0.6060 -0.7071 -0.3644
vn 0.2416 -0.0000 -0.9704
vn 0.6060 0.7071 -0.3644
vn 0.9704 -0.0000 0.2416
vn 0.3644 -0.7071 0.6060
vn 0.3644 0.7071 0.6060
vn -0.2416 -0.0000 0.9704
vn -0.6060 -0.7071 0.3644
vn -0.6060 0.7071 0.3644
vn -0.9704 -0.0000 -0.2416
vn -0.3644 -0.7071 -0.6060
vn -0.3644 0.7071 -0.6060
vn -0.9456 -0.0000 -0.3252
vn -0.3252 -0.0000 0.9456
vn 0.3252 -0.0000 -0.9456
vn 0.9456 -0.0000 0.3252
vn -0.3582 -0.5773 -0.7337
vn -0.3582 0.5773 -0.7337
vn 0.7337 -0.5774 -0.3582
vn 0.7337 0.5774 -0.3582
vn -0.7337 -0.5774 0.3582
vn -0.7337 0.5773 0.3582
vn 0.3582 -0.5773 0.7337
vn 0.3582 0.5773 0.7337
vn 0.2299 -0.7071 -0.6687
vn -0.4387 -0.0000 -0.8986
vn 0.2299 0.7071 -0.6687
vn 0.8986 -0.0000 -0.4387
vn 0.6687 -0.7071 0.2299
vn 0.6687 0.7071 0.2299
vn 0.4387 -0.0000 0.8986
vn -0.2299 -0.7071 0.6687
vn -0.2299 0.7071 0.6687
vn -0.8986 -0.0000 0.4387
vn -0.6687 -0.7071 -0.2299
vn -0.6687 0.7071 -0.2299
vn -0.9141 -0.0000 0.4055
vn 0.4055 -0.0000 0.9141
vn -0.4055 -0.0000 -0.9141
vn 0.9141 -0.0000 -0.4055
vn -0.7619 -0.5774 -0.2937
vn -0.7619 0.5774 -0.2937
vn 0.2937 -0.5774 -0.7619
vn 0.2937 0.5774 -0.7619
vn -0.2937 -0.5774 0.7619
vn -0.2937 0.5774 0.7619
vn 0.7619 -0.5774 0.2937
vn 0.7619 0.5774 0.2937
vn -0.2867 -0.7071 -0.6464
vn -0.9331 -0.0000 -0.3597
vn -0.2867 0.7071 -0.6464
vn 0.3597 -0.0000 -0.9331
vn 0.6464 -0.7071 -0.2867
vn 0.6464 0.7071 -0.2867
vn 0.9331 -0.0000 0.3597
vn 0.2867 -0.7071 0.6464
vn 0.2867 0.7071 0.6464
vn -0.3597 -0.0000 0.9331
vn -0.6464 -0.7071 0.2867
vn -0.6464 0.7071 0.2867
vn -0.4509 -0.0000 0.8926
vn 0.8926 -0.0000 0.4509
vn -0.8926 -0.0000 -0.4509
vn 0.4509 -0.0000 -0.8926
vn -0.7757 -0.5774 0.2550
vn -0.7757 0.5773 0.2550
vn -0.2550 -0.5774 -0.7757
vn -0.2550 0.5774 -0.7757
vn 0.2550 -0.5774 0.7757
vn 0.2550 0.5774 0.7757
vn 0.7757 -0.5774 -0.2550
vn 0.7757 0.5774 -0.2550
vn -0.6311 -0.7071 -0.3189
vn -0.9500 -0.0000 0.3123
vn -0.6311 0.7071 -0.3189
vn -0.3123 -0.0000 -0.9500
vn 0.3189 -0.7071 -0.6311
vn 0.3189 0.7071 -0.6311
vn 0.9500 -0.0000 -0.3123
vn 0.6311 -0.7071 0.3189
vn 0.6311 0.7071 0.3189
vn 0.3123 -0.0000 0.9500
vn -0.3189 -0.7071 0.6311
vn -0.3189 0.7071 0.6311
vn 0.1596 -0.0000 0.9872
vn 0.9872 -0.0000 -0.1596
vn -0.9872 -0.0000 0.1596
vn -0.1596 -0.0000 -0.9872
vn -0.4778 -0.5774 0.6621
vn -0.4778 0.5774 0.6621
vn -0.6621 -0.5774 -0.4778
vn -0.6621 0.5774 -0.4778
vn 0.6621 -0.5773 0.4778
vn 0.6621 0.5773 0.4778
vn 0.4778 -0.5774 -0.6621
vn 0.4778 0.5774 -0.6621
vn -0.6980 -0.7071 0.1129
vn -0.5852 -0.0000 0.8109
vn -0.6980 0.7071 0.1129
vn -0.8109 -0.0000 -0.5852
vn -0.1129 -0.7071 -0.6980
vn -0.1129 0.7071 -0.6980
vn 0.5852 -0.0000 -0.8109
vn 0.6980 -0.7071 -0.1129
vn 0.6980 0.7071 -0.1129
vn 0.8109 -0.0000 0.5852
vn 0.1129 -0.7071 0.6980
vn 0.1129 0.7071 0.6980
vn 0.7664 -0.0000 0.6423
vn 0.6423 -0.0000 -0.7664
vn -0.6423 -0.0000 0.7664
vn -0.7664 -0.0000 -0.6423
vn 0.0716 -0.5774 0.8133
vn 0.0716 0.5773 0.8133
vn -0.8133 -0.5774 0.0716
vn -0.8133 0.5774 0.0716
vn 0.8133 -0.5773 -0.0716
vn 0.8133 0.5773 -0.0716
vn -0.0716 -0.5774 -0.8133
vn -0.0716 0.5774 -0.8133
vn -0.4542 -0.7071 0.5419
vn 0.0877 -0.0000 0.9961
vn -0.4542 0.7071 0.5419
vn -0.9961 -0.0000 0.0877
vn -0.5419 -0.7071 -0.4542
vn -0.5419 0.7071 -0.4542
vn -0.0877 -0.0000 -0.9961
vn 0.4542 -0.7071 -0.5419
vn 0.4542 0.7071 -0.5419
vn 0.9961 -0.0000 -0.0877
vn 0.5419 -0.7071 0.4542
vn 0.5419 0.7071 0.4542
vn 0.9413 -0.0000 -0.3375
vn -0.3375 -0.0000 -0.9413
vn 0.3375 -0.0000 0.9413
vn -0.9413 -0.0000 0.3375
vn 0.7383 -0.5774 0.3486
vn 0.7383 0.5774 0.3486
vn -0.3486 -0.5774 0.7383
vn -0.3486 0.5774 0.7383
vn 0.3486 -0.5774 -0.7383
vn 0.3486 0.5774 -0.7383
vn -0.7383 -0.5774 -0.3486
vn -0.7383 0.5774 -0.3486
vn 0.2386 -0.7071 0.6656
vn 0.9043 -0.0000 0.4270
vn 0.2386 0.7071 0.6656
vn -0.4270 -0.0000 0.9043
vn -0.6656 -0.7071 0.2386
vn -0.6656 0.7071 0.2386
vn -0.9043 -0.0000 -0.4270
vn -0.2386 -0.7071 -0.6656
vn -0.2386 0.7071 -0.6656
vn 0.4270 -0.0000 -0.9043
vn 0.6656 -0.7071 -0.2386
vn 0.6656 0.7071 -0.2386
vn 0.5168 -0.0000 -0.8561
vn -0.8561 -0.0000 -0.5168
vn 0.8561 -0.0000 0.5168
vn -0.5168 -0.0000 0.8561
vn 0.7926 -0.5774 -0.1959
vn 0.7926 0.5774 -0.1959
vn 0.1959 -0.5774 0.7926
vn 0.1959 0.5774 0.7926
vn -0.1959 -0.5774 -0.7926
vn -0.1959 0.5774 -0.7926
vn -0.7926 -0.5773 0.1959
vn -0.7926 0.5774 0.1959
vn 0.6054 -0.7071 0.3654
vn 0.9708 -0.0000 -0.2400
vn 0.6054 0.7071 0.3654
vn 0.2400 -0.0000 0.9708
vn -0.3654 -0.7071 0.6054
vn -0.3654 0.7071 0.6054
vn -0.9708 -0.0000 0.2400
vn -0.6054 -0.7071 -0.3654
vn -0.6054 0.7071 -0.3654
vn -0.2400 -0.0000 -0.9708
vn 0.3654 -0.7071 -0.6054
vn 0.3654 0.7071 -0.6054
vn -0.1645 -0.0000 -0.9864
vn -0.9864 -0.0000 0.1645
vn 0.9864 -0.0000 -0.1645
vn 0.1645 -0.0000 0.9864
vn 0.4745 -0.5773 -0.6645
vn 0.4745 0.5773 -0.6645
vn 0.6645 -0.5774 0.4745
vn 0.6645 0.5774 0.4745
vn -0.6645 -0.5774 -0.4745
vn -0.6645 0.5774 -0.4745
vn -0.4745 -0.5774 0.6645
vn -0.4745 0.5774 0.6645
vn 0.6975 -0.7071 -0.1164
vn 0.5811 -0.0000 -0.8138
vn 0.6975 0.7071 -0.1164
vn 0.8138 -0.0000 0.5811
vn 0.1164 -0.7071 0.6975
vn 0.1164 0.7071 0.6975
vn -0.5811 -0.0000 0.8138
vn -0.6975 -0.7071 0.1164
vn -0.6975 0.7071 0.1164
vn -0.8138 -0.0000 -0.5811
vn -0.1164 -0.7071 -0.6975
vn -0.1164 0.7071 -0.6975
vn -0.7595 -0.0000 -0.6505
vn -0.6505 -0.0000 0.7595
vn 0.6505 -0.0000 -0.7595
vn 0.7595 -0.0000 0.6505
vn -0.0629 -0.5774 -0.8141
vn -0.0629 0.5774 -0.8141
vn 0.8141 -0.5774 -0.0629
vn 0.8141 0.5774 -0.0629
vn -0.8141 -0.5774 0.0629
vn -0.8141 0.5774 0.0629
vn 0.0629 -0.5773 0.8141
vn 0.0629 0.5774 0.8141
vn 0.4600 -0.7071 -0.5371
vn -0.0771 -0.0000 -0.9970
vn 0.4600 0.7071 -0.5371
vn 0.9970 -0.0000 -0.0771
vn 0.5371 -0.7071 0.4600
vn 0.5371 0.7071 0.4600
vn 0.0771 -0.0000 0.9970
vn -0.4600 -0.7071 0.5371
vn -0.4600 0.7071 0.5371
vn -0.9970 -0.0000 0.0771
vn -0.5371 -0.7071 -0.4600
vn -0.5371 0.7071 -0.4600
vn -0.9996 -0.0000 0.0280
vn 0.0280 -0.0000 0.9996
vn -0.0280 -0.0000 -0.9996
vn 0.9996 -0.0000 -0.0280
vn -0.5933 -0.5774 -0.5609
vn -0.5933 0.5774 -0.5609
vn 0.5609 -0.5774 -0.5933
vn 0.5609 0.5774 -0.5933
vn -0.5609 -0.5774 0.5933
vn -0.5609 0.5774 0.5933
vn 0.5933 -0.5774 0.5609
vn 0.5933 0.5774 0.5609
vn -0.0198 -0.7071 -0.7068
vn -0.7266 -0.0000 -0.6870
vn -0.0198 0.7071 -0.7068
vn 0.6870 -0.0000 -0.7266
vn 0.7068 -0.7071 -0.0198
vn 0.7068 0.7071 -0.0198
vn 0.7266 -0.0000 0.6870
vn 0.0198 -0.7071 0.7068
vn 0.0198 0.7071 0.7068
vn -0.6870 -0.0000 0.7266
vn -0.7068 -0.7071 0.0198
vn -0.7068 0.7071 0.0198
vn -0.7652 -0.0000 0.6438
vn 0.6438 -0.0000 0.7652
vn -0.6438 -0.0000 -0.7652
vn 0.7652 -0.0000 -0.6438
vn -0.8135 -0.5774 -0.0701
vn -0.8135 0.5774 -0.0701
vn 0.0701 -0.5774 -0.8135
vn 0.0701 0.5774 -0.8135
vn -0.0701 -0.5774 0.8135
vn -0.0701 0.5774 0.8135
vn 0.8135 -0.5774 0.0701
vn 0.8135 0.5774 0.0701
vn -0.4553 -0.7071 -0.5411
vn -0.9963 -0.0000 -0.0858
vn -0.4552 0.7071 -0.5411
vn 0.0858 -0.0000 -0.9963
vn 0.5411 -0.7071 -0.4552
vn 0.5411 0.7071 -0.4552
vn 0.9963 -0.0000 0.0858
vn 0.4553 -0.7071 0.5411
vn 0.4553 0.7071 0.5411
vn -0.0858 -0.0000 0.9963
vn -0.5411 -0.7071 0.4552
vn -0.5411 0.7071 0.4553
vn -0.1451 -0.0000 0.9894
vn 0.9894 -0.0000 0.1451
vn -0.9894 -0.0000 -0.1451
vn 0.1451 -0.0000 -0.9894
vn -0.6550 -0.5774 0.4875
vn -0.6550 0.5774 0.4875
vn -0.4875 -0.5774 -0.6550
vn -0.4875 0.5774 -0.6550
vn 0.4875 -0.5774 0.6550
vn 0.4875 0.5774 0.6550
vn 0.6550 -0.5774 -0.4875
vn 0.6550 0.5774 -0.4875
vn -0.6996 -0.7071 -0.1026
vn -0.8022 -0.0000 0.5970
vn -0.6996 0.7071 -0.1026
vn -0.5970 -0.0000 -0.8022
vn 0.1026 -0.7071 -0.6996
vn 0.1026 0.7071 -0.6996
vn 0.8022 -0.0000 -0.5970
vn 0.6996 -0.7071 0.1026
vn 0.6996 0.7071 0.1026
vn 0.5970 -0.0000 0.8022
vn -0.1026 -0.7071 0.6996
vn -0.1026 0.7071 0.6996
vn 0.5379 -0.0000 0.8430
vn 0.8430 -0.0000 -0.5379
vn -0.8430 -0.0000 0.5379
vn -0.5379 -0.0000 -0.8430
vn -0.1761 -0.5773 0.7973
vn -0.1761 0.5773 0.7973
vn -0.7973 -0.5773 -0.1761
vn -0.7973 0.5773 -0.1761
vn 0.7973 -0.5773 0.1761
vn 0.7973 0.5773 0.1761
vn 0.1761 -0.5773 -0.7973
vn 0.1761 0.5773 -0.7973
vn -0.5961 -0.7071 0.3804
vn -0.2157 -0.0000 0.9765
vn -0.5961 0.7071 0.3804
vn -0.9765 -0.0000 -0.2157
vn -0.3804 -0.7071 -0.5961
vn -0.3804 0.7071 -0.5961
vn 0.2157 -0.0000 -0.9765
vn 0.5961 -0.7071 -0.3804
vn 0.5961 0.7071 -0.3804
vn 0.9765 -0.0000 0.2157
vn 0.3804 -0.7071 0.5961
vn 0.3804 0.7071 0.5961
vn 0.9297 -0.0000 0.3682
vn 0.3682 -0.0000 -0.9297
vn -0.3682 -0.0000 0.9297
vn -0.9297 -0.0000 -0.3682
vn 0.3242 -0.5774 0.7494
vn 0.3242 0.5774 0.7494
vn -0.7494 -0.5774 0.3242
vn -0.7494 0.5773 0.3242
vn 0.7494 -0.5774 -0.3242
vn 0.7494 0.5774 -0.3242
vn -0.3242 -0.5774 -0.7494
vn -0.3242 0.5774 -0.7494
vn -0.2604 -0.7071 0.6574
vn 0.3970 -0.0000 0.9178
vn -0.2604 0.7071 0.6574
vn -0.9178 -0.0000 0.3970
vn -0.6574 -0.7071 -0.2604
vn -0.6574 0.7071 -0.2604
vn -0.3970 -0.0000 -0.9178
vn 0.2604 -0.7071 -0.6574
vn 0.2604 0.7071 -0.6574
vn 0.9178 -0.0000 -0.3970
vn 0.6574 -0.7071 0.2604
vn 0.6574 0.7071 0.2604
vn 0.9511 -0.0000 0.3090
vn 0.5878 -0.0000 -0.8090
vn -0.0000 -0.0000 1.0000
vn -0.0000 -0.0000 -1.0000
vn 0.5878 -0.0000 0.8090
vn -0.5878 -0.0000 -0.8090
vn -0.9511 -0.0000 -0.3090
vn 0.9511 -0.0000 -0.3090
vn -0.9511 -0.0000 0.3090
vn -0.5878 -0.0000 0.8090
vn -0.6725 -0.7071 0.2185
vn -0.6725 0.7071 0.2185
vn 0.6725 0.7071 -0.2185
vn 0.6725 -0.7071 -0.2185
vn -0.4156 -0.7071 0.5721
vn -0.4156 0.7071 0.5721
vn 0.4156 0.7071 -0.5721
vn 0.4156 -0.7071 -0.5721
vn -0.0000 -0.7071 0.7071
vn -0.0000 0.7071 0.7071
vn -0.0000 0.7071 -0.7071
vn -0.0000 -0.7071 -0.7071
vn 0.4156 -0.7071 0.5721
vn 0.4156 0.7071 0.5721
vn -0.4156 0.7071 -0.5721
vn -0.4156 -0.7071 -0.5721
vn 0.6725 -0.7071 0.2185
vn 0.6725 0.7071 0.2185
vn -0.6725 0.7071 -0.2185
vn -0.6725 -0.7071 -0.2185
vn -0.3090 -0.0000 0.9511
vn -0.8090 -0.0000 0.5878
vn -1.0000 -0.0000 -0.0000
vn -0.8090 -0.0000 -0.5878
vn -0.3090 -0.0000 -0.9511
vn 0.3090 -0.0000 -0.9511
vn 0.8090 -0.0000 -0.5878
vn 1.0000 -0.0000 -0.0000
vn 0.8090 -0.0000 0.5878
vn 0.3090 -0.0000 0.9511
vn 0.3827 -0.0000 0.9239
vn -0.9239 -0.0000 -0.3827
vn -0.3827 -0.0000 -0.9239
vn 0.3827 -0.0000 -0.9239
vn 0.9239 -0.0000 -0.3827
vn 0.9239 -0.0000 0.3827
vn -0.9239 -0.0000 0.3827
vn -0.3827 -0.0000 0.9239
vn -0.2706 -0.7071 0.6533
vn -0.2706 0.7071 0.6533
vn -0.6533 -0.7071 0.2706
vn -0.6533 0.7071 0.2706
vn -0.6533 -0.7071 -0.2706
vn -0.6533 0.7071 -0.2706
vn -0.2706 -0.7071 -0.6533
vn -0.2706 0.7071 -0.6533
vn 0.2706 -0.7071 -0.6533
vn 0.2706 0.7071 -0.6533
vn 0.6533 -0.7071 -0.2706
vn 0.6533 0.7071 -0.2706
vn 0.6533 -0.7071 0.2706
vn 0.6533 0.7071 0.2706
vn 0.2706 -0.7071 0.6533
vn 0.2706 0.7071 0.6533
vn -0.0000 0.7657 0.6432
vn -0.8928 -0.1542 -0.4232
vn -0.8928 -0.1542 0.4232
vn -0.5525 0.8335 -0.0000
vn 0.8928 -0.1542 -0.4232
vn 0.8928 -0.1542 0.4232
vn 0.5525 0.8335 -0.0000
vn -0.7071 0.5414 -0.4548
vn -0.7071 -0.7071 -0.0000
vn -0.7071 0.5414 0.4548
vn 0.7071 0.5414 -0.4548
vn 0.7071 0.5414 0.4548
vn 0.7071 -0.7071 -0.0000
vn -0.0000 -0.3423 -0.9396
vn -0.0000 -0.3423 0.9396
vn -0.0000 0.7657 -0.6432
vn 0.5773 -0.5774 -0.5774
vn 0.5773 0.5774 -0.5774
vn 0.5773 -0.5774 0.5774
vn 0.5774 0.5773 0.5774
vn -0.5773 -0.5774 -0.5774
vn -0.5774 0.5773 -0.5774
vn -0.5773 -0.5774 0.5774
vn -0.5774 0.5773 0.5774
vn 0.7071 -0.0000 -0.7071
vn 0.7071 0.7071 -0.0000
vn 0.7071 -0.0000 0.7071
vn -0.7071 -0.0000 0.7071
vn -0.7071 0.7071 -0.0000
vn -0.7071 -0.0000 -0.7071
vn -0.0000 -0.3827 0.9239
vn -0.0000 -0.9239 0.3827
vn -0.0000 -0.9239 -0.3827
vn -0.0000 -0.3827 -0.9239
vn -0.0000 0.3827 -0.9239
vn -0.0000 0.9239 -0.3827
vn -0.0000 0.9239 0.3827
vn -0.0000 0.3827 0.9239
vn 0.5774 -0.5773 -0.5774
vn 0.5774 0.5773 -0.5774
vn 0.5774 -0.5773 0.5773
vn 0.5774 0.5773 0.5773
vn -0.5774 -0.5773 -0.5773
vn -0.5774 0.5773 -0.5773
vn -0.5774 -0.5773 0.5773
vn -0.5774 0.5773 0.5773
vn -0.0000 -0.5000 0.8660
vn -0.0000 -0.5000 -0.8660
vn -0.0000 0.5000 -0.8660
vn -0.0000 0.5000 0.8660
vn -0.5000 -0.0000 0.8660
vn -0.5000 -0.0000 -0.8660
vn 0.5000 -0.0000 -0.8660
vn 0.5000 -0.0000 0.8660
vn 0.3069 -0.1181 0.9444
vn -0.9930 -0.1181 -0.0000
vn -0.8034 -0.1181 -0.5837
vn -0.3069 -0.1181 -0.9444
vn 0.3069 -0.1181 -0.9444
vn 0.8034 -0.1181 -0.5837
vn 0.9930 -0.1181 -0.0000
vn 0.8034 -0.1181 0.5837
vn -0.8034 -0.1181 0.5837
vn -0.3069 -0.1181 0.9444
vn -0.2052 -0.7477 0.6316
vn -0.2310 0.6641 0.7111
vn -0.5372 -0.7477 0.3903
vn -0.6049 0.6641 0.4395
vn -0.6641 -0.7477 -0.0000
vn -0.7477 0.6641 -0.0000
vn -0.5372 -0.7477 -0.3903
vn -0.6049 0.6641 -0.4395
vn -0.2052 -0.7477 -0.6316
vn -0.2310 0.6641 -0.7111
vn 0.2052 -0.7477 -0.6316
vn 0.2310 0.6641 -0.7111
vn 0.5372 -0.7477 -0.3903
vn 0.6049 0.6641 -0.4395
vn 0.6641 -0.7477 -0.0000
vn 0.7477 0.6641 -0.0000
vn 0.5372 -0.7477 0.3903
vn 0.6049 0.6641 0.4395
vn 0.2052 -0.7477 0.6316
vn 0.2310 0.6641 0.7111
vn -0.0000 0.6157 -0.7880
vn -0.0000 0.7880 0.6157
vn -0.0000 -0.6157 0.7880
vn 0.3672 -0.5251 -0.7678
vn 0.2817 0.2564 -0.9246
vn 0.8865 0.0040 -0.4628
vn 0.3672 0.7678 -0.5251
vn 0.2817 0.9246 0.2564
vn 0.8865 0.4628 0.0040
vn 0.2818 -0.9246 -0.2564
vn 0.8865 -0.4628 -0.0040
vn 0.3672 -0.7678 0.5251
vn 0.3672 0.5251 0.7678
vn 0.2817 -0.2564 0.9246
vn 0.8865 -0.0040 0.4628
vn -0.2818 -0.4725 -0.8351
vn -0.8864 -0.1159 -0.4481
vn -0.3672 0.3237 -0.8720
vn -0.3672 0.8720 0.3237
vn -0.2817 0.8351 -0.4725
vn -0.8865 0.4481 -0.1159
vn -0.3672 -0.8720 -0.3237
vn -0.2818 -0.8351 0.4725
vn -0.8865 -0.4481 0.1159
vn -0.2817 0.4725 0.8351
vn -0.8864 0.1159 0.4481
vn -0.3672 -0.3237 0.8720
vn 0.3827 -0.7280 -0.5688
vn 0.9239 -0.3016 -0.2356
vn 0.3827 0.5688 -0.7280
vn 0.9239 0.2356 -0.3016
vn 0.3827 0.7280 0.5688
vn 0.9239 0.3016 0.2356
vn 0.3827 -0.5688 0.7280
vn 0.9239 -0.2356 0.3016
vn -0.0000 -0.9636 -0.2672
vn -0.0000 -0.8704 0.4924
vn -0.0000 0.4924 0.8704
vn -0.0000 -0.2672 0.9636
vn -0.9239 -0.2356 0.3016
vn -0.3827 -0.5688 0.7280
vn -0.3827 -0.7280 -0.5688
vn -0.9239 -0.3016 -0.2356
vn -0.3827 0.7280 0.5688
vn -0.9239 0.3016 0.2356
vn -0.3827 0.5688 -0.7280
vn -0.9239 0.2356 -0.3016
vn -0.0000 -0.4924 -0.8704
vn -0.0000 0.2672 -0.9636
vn -0.0000 0.9636 0.2672
vn -0.0000 0.8704 -0.4924
vn -0.0000 -0.7880 -0.6157
vn -0.0000 -0.6157 -0.7880
vn -0.0000 0.7880 -0.6157
vn -0.0000 0.6157 0.7880
vn 0.3672 -0.8720 0.3237
vn 0.2818 -0.8351 -0.4725
vn 0.8864 -0.4481 -0.1159
vn 0.3672 -0.3237 -0.8720
vn 0.2817 0.4725 -0.8351
vn 0.8865 0.1159 -0.4481
vn 0.2818 -0.4725 0.8351
vn 0.8864 -0.1159 0.4481
vn 0.3672 0.3237 0.8720
vn 0.3672 0.8720 -0.3237
vn 0.2817 0.8351 0.4725
vn 0.8865 0.4481 0.1159
vn -0.2818 -0.9246 0.2564
vn -0.8865 -0.4628 0.0040
vn -0.3672 -0.7678 -0.5251
vn -0.3672 0.5251 -0.7678
vn -0.2817 -0.2564 -0.9246
vn -0.8865 -0.0040 -0.4628
vn -0.3672 -0.5251 0.7678
vn -0.2817 0.2564 0.9246
vn -0.8865 0.0040 0.4628
vn -0.2818 0.9246 -0.2564
vn -0.8865 0.4628 -0.0040
vn -0.3672 0.7678 0.5251
vn 0.3827 -0.7280 0.5688
vn 0.9239 -0.3016 0.2356
vn 0.3827 -0.5688 -0.7280
vn 0.9239 -0.2356 -0.3016
vn 0.3827 0.7280 -0.5688
vn 0.9239 0.3016 -0.2356
vn 0.3827 0.5688 0.7280
vn 0.9239 0.2356 0.3016
vn -0.0000 -0.4924 0.8704
vn -0.0000 0.2672 0.9636
vn -0.0000 0.9636 -0.2672
vn -0.0000 0.8704 0.4924
vn -0.9239 0.2356 0.3016
vn -0.3827 0.5688 0.7280
vn -0.3827 -0.7280 0.5688
vn -0.9239 -0.3016 0.2356
vn -0.3827 0.7280 -0.5688
vn -0.9239 0.3016 -0.2356
vn -0.3827 -0.5688 -0.7280
vn -0.9239 -0.2356 -0.3016
vn -0.0000 -0.9636 0.2672
vn -0.0000 -0.8704 -0.4924
vn -0.0000 0.4924 -0.8704
vn -0.0000 -0.2672 -0.9636
vn -0.0000 -0.7880 0.6157
vn -0.4553 0.7071 -0.5411
vn 0.5411 0.7071 -0.4553
vn 0.4552 0.7071 0.5411
vn -0.5411 -0.7071 0.4553
vn -0.5411 0.7071 0.4552
vn 0.2817 -0.4725 -0.8351
vn 0.3672 0.3237 -0.8720
vn 0.8864 -0.1159 -0.4481
vn 0.2817 0.8351 -0.4725
vn 0.3672 0.8720 0.3237
vn 0.8865 0.4481 -0.1159
vn 0.3672 -0.8720 -0.3237
vn 0.8865 -0.4481 0.1159
vn 0.2818 -0.8351 0.4725
vn 0.2817 0.4725 0.8351
vn 0.3672 -0.3237 0.8720
vn 0.8865 0.1159 0.4481
vn -0.3672 -0.5251 -0.7678
vn -0.8865 0.0040 -0.4628
vn -0.2818 0.2564 -0.9246
vn -0.2817 0.9246 0.2564
vn -0.3672 0.7678 -0.5251
vn -0.8865 0.4628 0.0040
vn -0.2818 -0.9246 -0.2564
vn -0.3672 -0.7678 0.5251
vn -0.8865 -0.4628 -0.0040
vn -0.3672 0.5251 0.7678
vn -0.8865 -0.0040 0.4628
vn -0.2818 -0.2564 0.9246
vn 0.2818 -0.9246 0.2564
vn 0.3672 -0.7678 -0.5251
vn 0.8865 -0.4628 0.0040
vn 0.2817 -0.2564 -0.9246
vn 0.3672 0.5251 -0.7678
vn 0.8865 -0.0040 -0.4628
vn 0.3672 -0.5251 0.7678
vn 0.8865 0.0040 0.4628
vn 0.2818 0.2564 0.9246
vn 0.2817 0.9246 -0.2564
vn 0.3672 0.7678 0.5251
vn 0.8865 0.4628 -0.0040
vn -0.3672 -0.8720 0.3237
vn -0.8865 -0.4481 -0.1159
vn -0.2818 -0.8351 -0.4725
vn -0.2817 0.4725 -0.8351
vn -0.3672 -0.3237 -0.8720
vn -0.8865 0.1159 -0.4481
vn -0.2817 -0.4725 0.8351
vn -0.3672 0.3237 0.8720
vn -0.8864 -0.1159 0.4481
vn -0.3672 0.8720 -0.3237
vn -0.8865 0.4481 0.1159
vn -0.2817 0.8351 0.4725
vt 0.00000 0.20471
vt 0.00000 0.30179
vt 0.00000 0.49976
vt 0.00000 0.51961
vt 0.00000 0.67380
vt 0.00025 0.20960
vt 0.00045 0.20748
vt 0.00273 0.67574
vt 0.00281 0.66981
vt 0.00305 0.50410
vt 0.00308 0.20765
vt 0.00319 0.20388
vt 0.00355 0.21080
vt 0.00453 0.49649
vt 0.00467 0.67299
vt 0.00524 0.30132
vt 0.00627 0.51804
vt 0.00757 0.50083
vt 0.00796 0.20761
vt 0.00807 0.20384
vt 0.00843 0.21076
vt 0.00900 0.67190
vt 0.00907 0.66824
vt 0.00916 0.82037
vt 0.00916 0.84378
vt 0.00916 0.89072
vt 0.00916 0.92312
vt 0.00917 0.70022
vt 0.00976 0.49602
vt 0.01076 0.82096
vt 0.01077 0.69963
vt 0.01096 0.20739
vt 0.01168 0.70460
vt 0.01168 0.81602
vt 0.01178 0.20460
vt 0.01194 0.83956
vt 0.01194 0.89382
vt 0.01203 0.20950
vt 0.01232 0.51981
vt 0.01285 0.92556
vt 0.01285 0.96257
vt 0.01290 0.92027
vt 0.01317 0.90777
vt 0.01318 0.67313
vt 0.01352 0.50316
vt 0.01444 0.84384
vt 0.01444 0.89079
vt 0.01477 0.67594
vt 0.01513 0.67001
vt 0.01571 0.49835
vt 0.01743 0.67408
vt 0.02499 0.00304
vt 0.02603 0.00097
vt 0.02818 0.00222
vt 0.02881 0.00004
vt 0.02959 0.41879
vt 0.02959 0.43273
vt 0.02959 0.48029
vt 0.02960 0.30132
vt 0.02987 0.33776
vt 0.02987 0.38262
vt 0.03134 0.43273
vt 0.03134 0.48029
vt 0.03163 0.49455
vt 0.03163 0.51621
vt 0.03306 0.00217
vt 0.03316 0.28738
vt 0.03368 0.00000
vt 0.03399 0.50510
vt 0.03440 0.49482
vt 0.03440 0.51648
vt 0.03457 0.41879
vt 0.03458 0.30132
vt 0.03485 0.38262
vt 0.03486 0.33776
vt 0.03515 0.83491
vt 0.03655 0.00087
vt 0.03676 0.00294
vt 0.03676 0.28612
vt 0.03676 0.50537
vt 0.03764 0.83919
vt 0.03764 0.88614
vt 0.04399 0.92584
vt 0.04399 0.96284
vt 0.04404 0.92055
vt 0.04431 0.90804
vt 0.04515 0.53222
vt 0.04515 0.68382
vt 0.04756 0.53641
vt 0.04778 0.92347
vt 0.04778 0.96047
vt 0.04787 0.53042
vt 0.04954 0.53331
vt 0.05064 0.00134
vt 0.05064 0.28388
vt 0.05064 0.30267
vt 0.05064 0.51648
vt 0.05087 0.28586
vt 0.05125 0.68568
vt 0.05152 0.84332
vt 0.05152 0.89047
vt 0.05366 0.53827
vt 0.05374 0.28672
vt 0.05375 0.53460
vt 0.05425 0.00008
vt 0.05432 0.83913
vt 0.05432 0.89363
vt 0.05435 0.28467
vt 0.05680 0.84338
vt 0.05680 0.89053
vt 0.05748 0.68413
vt 0.05805 0.53353
vt 0.05826 0.76031
vt 0.05862 0.28664
vt 0.05913 0.00000
vt 0.05923 0.28459
vt 0.05988 0.30067
vt 0.05988 0.51447
vt 0.05988 0.53672
vt 0.05988 0.75838
vt 0.05988 0.76221
vt 0.06139 0.28569
vt 0.06166 0.91160
vt 0.06166 0.94289
vt 0.06166 0.96240
vt 0.06243 0.28369
vt 0.06354 0.96571
vt 0.06354 0.98904
vt 0.06365 0.94668
vt 0.06507 0.96062
vt 0.07376 0.30317
vt 0.07376 0.50092
vt 0.07376 0.52097
vt 0.07376 0.69108
vt 0.07376 0.78381
vt 0.07376 0.81185
vt 0.07485 0.08222
vt 0.07489 0.51862
vt 0.07510 0.08715
vt 0.07566 0.50344
vt 0.07590 0.52308
vt 0.07591 0.08440
vt 0.07601 0.78156
vt 0.07601 0.81410
vt 0.07602 0.78379
vt 0.07602 0.81183
vt 0.07611 0.76355
vt 0.07617 0.68848
vt 0.07627 0.69120
vt 0.07702 0.67383
vt 0.07760 0.83491
vt 0.07775 0.78156
vt 0.07775 0.81410
vt 0.07776 0.78379
vt 0.07776 0.81183
vt 0.07841 0.91149
vt 0.07841 0.94278
vt 0.07845 0.08096
vt 0.07862 0.51739
vt 0.07866 0.68840
vt 0.07874 0.76762
vt 0.07876 0.69112
vt 0.07877 0.97027
vt 0.07877 0.99360
vt 0.07880 0.08794
vt 0.07891 0.08420
vt 0.07993 0.30067
vt 0.07993 0.50343
vt 0.07994 0.30314
vt 0.07994 0.50089
vt 0.07999 0.78381
vt 0.07999 0.81185
vt 0.08004 0.52370
vt 0.08008 0.83915
vt 0.08008 0.88630
vt 0.08029 0.96519
vt 0.08040 0.90777
vt 0.08040 0.94657
vt 0.08116 0.67445
vt 0.08124 0.69084
vt 0.08124 0.76753
vt 0.08276 0.51801
vt 0.08334 0.08088
vt 0.08356 0.91150
vt 0.08356 0.94279
vt 0.08369 0.08786
vt 0.08371 0.96901
vt 0.08371 0.99234
vt 0.08376 0.52247
vt 0.08379 0.08412
vt 0.08418 0.30069
vt 0.08489 0.52011
vt 0.08489 0.67322
vt 0.08610 0.30317
vt 0.08610 0.50092
vt 0.08643 0.08423
vt 0.08664 0.08203
vt 0.08689 0.08696
vt 0.10019 0.53108
vt 0.10019 0.72361
vt 0.10019 0.74210
vt 0.10019 0.79887
vt 0.10019 0.82028
vt 0.10019 0.87746
vt 0.10019 0.89941
vt 0.10019 0.94728
vt 0.10019 0.96491
vt 0.10019 0.98868
vt 0.10077 0.00002
vt 0.10077 0.25536
vt 0.10077 0.27081
vt 0.10077 0.48673
vt 0.10207 0.52822
vt 0.10207 0.72594
vt 0.10389 0.99186
vt 0.10440 0.96282
vt 0.10440 0.98659
vt 0.10444 0.80195
vt 0.10445 0.81715
vt 0.10491 0.73989
vt 0.10497 0.87959
vt 0.10607 0.00000
vt 0.10607 0.25534
vt 0.10770 0.26931
vt 0.10770 0.48523
vt 0.11143 0.77846
vt 0.11256 0.83942
vt 0.11328 0.00001
vt 0.11328 0.25535
vt 0.11568 0.78154
vt 0.11615 0.77626
vt 0.11681 0.83628
vt 0.11733 0.84155
vt 0.12091 0.87879
vt 0.12159 0.99343
vt 0.12189 0.80321
vt 0.12200 0.89699
vt 0.12200 0.94486
vt 0.12210 0.96439
vt 0.12210 0.98816
vt 0.12461 0.50281
vt 0.12461 0.51032
vt 0.12467 0.89354
vt 0.12467 0.94888
vt 0.12530 0.99091
vt 0.12717 0.00000
vt 0.12717 0.25534
vt 0.12729 0.89698
vt 0.12729 0.94485
vt 0.12835 0.49906
vt 0.12835 0.51408
vt 0.12839 0.50283
vt 0.12839 0.51034
vt 0.13032 0.27131
vt 0.13032 0.48511
vt 0.13228 0.00002
vt 0.13228 0.25536
vt 0.13275 0.83548
vt 0.13313 0.78279
vt 0.13327 0.84074
vt 0.13360 0.77751
vt 0.13582 0.49906
vt 0.13582 0.51408
vt 0.13586 0.50283
vt 0.13586 0.51034
vt 0.13777 0.55632
vt 0.13777 0.71207
vt 0.13918 0.96540
vt 0.13920 0.89825
vt 0.13920 0.94612
vt 0.13956 0.00002
vt 0.13956 0.25535
vt 0.13956 0.26931
vt 0.13956 0.48311
vt 0.13956 0.50281
vt 0.13956 0.51032
vt 0.14066 0.55414
vt 0.14066 0.71410
vt 0.14257 0.96811
vt 0.14257 0.99144
vt 0.14290 0.96282
vt 0.14628 0.55335
vt 0.14748 0.76709
vt 0.14748 0.84149
vt 0.14773 0.76179
vt 0.15117 0.83893
vt 0.15117 0.84423
vt 0.15152 0.81612
vt 0.15174 0.87720
vt 0.15344 0.00361
vt 0.15344 0.24393
vt 0.15344 0.26144
vt 0.15344 0.51428
vt 0.15409 0.73989
vt 0.15409 0.80142
vt 0.15416 0.00072
vt 0.15416 0.24682
vt 0.15426 0.89615
vt 0.15426 0.90616
vt 0.15677 0.00360
vt 0.15677 0.24392
vt 0.15694 0.00007
vt 0.15694 0.24747
vt 0.16051 0.26141
vt 0.16051 0.51425
vt 0.16099 0.60868
vt 0.16099 0.66818
vt 0.16210 0.96929
vt 0.16210 0.99262
vt 0.16243 0.96400
vt 0.16289 0.89114
vt 0.16289 0.91117
vt 0.16323 0.76784
vt 0.16347 0.76254
vt 0.16451 0.60792
vt 0.16451 0.66902
vt 0.16615 0.96702
vt 0.16615 0.99035
vt 0.16761 0.76539
vt 0.16774 0.83893
vt 0.16774 0.84423
vt 0.16809 0.81612
vt 0.16831 0.87720
vt 0.16984 0.74064
vt 0.16984 0.80217
vt 0.17013 0.26142
vt 0.17013 0.51426
vt 0.17013 0.60713
vt 0.17013 0.66823
vt 0.17152 0.84149
vt 0.17152 0.89615
vt 0.17152 0.90616
vt 0.18401 0.26141
vt 0.18401 0.51425
vt 0.18569 0.53006
vt 0.18569 0.67849
vt 0.18569 0.81903
vt 0.18569 0.87038
vt 0.18569 0.91328
vt 0.18570 0.69887
vt 0.18729 0.81961
vt 0.18730 0.69828
vt 0.18821 0.67421
vt 0.18821 0.70325
vt 0.18821 0.81467
vt 0.18842 0.68028
vt 0.18880 0.90903
vt 0.18910 0.83356
vt 0.18922 0.89509
vt 0.18946 0.86773
vt 0.18946 0.87304
vt 0.19016 0.67732
vt 0.19021 0.68318
vt 0.19083 0.26144
vt 0.19083 0.51428
vt 0.19184 0.52822
vt 0.19341 0.96336
vt 0.19436 0.67237
vt 0.19440 0.67605
vt 0.19448 0.68434
vt 0.19866 0.96395
vt 0.19867 0.67721
vt 0.19873 0.68307
vt 0.19902 0.92133
vt 0.20047 0.68011
vt 0.20054 0.26143
vt 0.20054 0.51427
vt 0.20054 0.67405
vt 0.20213 0.91709
vt 0.20427 0.92192
vt 0.20900 0.83356
vt 0.20913 0.89509
vt 0.20936 0.86773
vt 0.20936 0.87304
vt 0.21307 0.87038
vt 0.21442 0.26141
vt 0.21442 0.51425
vt 0.21442 0.53006
vt 0.21442 0.67849
vt 0.21693 0.67421
vt 0.21715 0.68028
vt 0.21888 0.67732
vt 0.21894 0.68318
vt 0.22057 0.52822
vt 0.22124 0.26144
vt 0.22124 0.51428
vt 0.22308 0.67237
vt 0.22313 0.67605
vt 0.22321 0.68434
vt 0.22439 0.90903
vt 0.22653 0.91387
vt 0.22695 0.83418
vt 0.22695 0.85112
vt 0.22740 0.67721
vt 0.22746 0.68307
vt 0.22919 0.68011
vt 0.22927 0.67405
vt 0.22984 0.83356
vt 0.22984 0.85049
vt 0.23095 0.26143
vt 0.23095 0.51427
vt 0.23479 0.75896
vt 0.23641 0.75703
vt 0.23641 0.76086
vt 0.24400 0.85343
vt 0.24400 0.89821
vt 0.24400 0.97150
vt 0.24482 0.26496
vt 0.24482 0.50527
vt 0.24482 0.52572
vt 0.24482 0.60241
vt 0.24482 0.61694
vt 0.24482 0.66155
vt 0.24541 0.26206
vt 0.24541 0.50816
vt 0.24642 0.90276
vt 0.24693 0.52575
vt 0.24693 0.60245
vt 0.24713 0.97576
vt 0.24779 0.60299
vt 0.24824 0.52276
vt 0.24834 0.26142
vt 0.24834 0.50881
vt 0.24847 0.26496
vt 0.24847 0.50528
vt 0.24852 0.61730
vt 0.24852 0.66190
vt 0.25037 0.52533
vt 0.25037 0.59806
vt 0.25094 0.92197
vt 0.25154 0.77440
vt 0.25154 0.83119
vt 0.25330 0.26141
vt 0.25330 0.50881
vt 0.25343 0.26496
vt 0.25343 0.50528
vt 0.25579 0.83427
vt 0.25611 0.26206
vt 0.25611 0.50816
vt 0.25616 0.92135
vt 0.25627 0.77219
vt 0.25681 0.26495
vt 0.25681 0.50527
vt 0.25722 0.84929
vt 0.25722 0.89408
vt 0.25758 0.69663
vt 0.25758 0.75640
vt 0.25819 0.96229
vt 0.25964 0.89862
vt 0.26131 0.96654
vt 0.26205 0.73280
vt 0.26217 0.69460
vt 0.26249 0.84945
vt 0.26249 0.89424
vt 0.26286 0.81082
vt 0.26341 0.96167
vt 0.26520 0.52433
vt 0.26520 0.67851
vt 0.26598 0.73603
vt 0.26664 0.73077
vt 0.26711 0.81390
vt 0.26759 0.80862
vt 0.26793 0.68046
vt 0.26801 0.67453
vt 0.26987 0.67771
vt 0.27069 0.26495
vt 0.27069 0.50527
vt 0.27083 0.83535
vt 0.27125 0.26206
vt 0.27125 0.50816
vt 0.27147 0.52276
vt 0.27356 0.75825
vt 0.27418 0.26141
vt 0.27418 0.50881
vt 0.27420 0.67662
vt 0.27427 0.67296
vt 0.27437 0.26495
vt 0.27437 0.50526
vt 0.27752 0.52453
vt 0.27815 0.69644
vt 0.27838 0.67784
vt 0.27913 0.26142
vt 0.27913 0.50881
vt 0.27931 0.26495
vt 0.27931 0.50527
vt 0.27977 0.90740
vt 0.27997 0.68065
vt 0.28033 0.67473
vt 0.28190 0.26207
vt 0.28190 0.50817
vt 0.28197 0.73788
vt 0.28215 0.81498
vt 0.28262 0.26496
vt 0.28262 0.50528
vt 0.28262 0.67880
vt 0.28262 0.73262
vt 0.28262 0.80970
vt 0.28262 0.85823
vt 0.28262 0.90302
vt 0.28265 0.97576
vt 0.28475 0.97088
vt 0.29601 0.00353
vt 0.29601 0.24385
vt 0.29618 0.00000
vt 0.29618 0.24740
vt 0.29651 0.26142
vt 0.29651 0.26300
vt 0.29651 0.34525
vt 0.29651 0.35921
vt 0.29651 0.36078
vt 0.29651 0.44303
vt 0.29651 0.45757
vt 0.29651 0.49224
vt 0.29651 0.49344
vt 0.29651 0.58985
vt 0.29651 0.65011
vt 0.29651 0.75312
vt 0.29651 0.81125
vt 0.29651 0.86856
vt 0.29722 0.74803
vt 0.29801 0.49405
vt 0.29803 0.45698
vt 0.29803 0.49165
vt 0.29900 0.26141
vt 0.29900 0.34524
vt 0.29900 0.35919
vt 0.29900 0.44302
vt 0.29901 0.26299
vt 0.29901 0.36077
vt 0.29912 0.00065
vt 0.29912 0.24675
vt 0.29953 0.49346
vt 0.29954 0.49226
vt 0.29968 0.00354
vt 0.29968 0.24386
vt 0.30052 0.88944
vt 0.30052 0.92073
vt 0.30052 0.94216
vt 0.30052 0.97345
vt 0.30076 0.87169
vt 0.30126 0.80914
vt 0.30364 0.88940
vt 0.30364 0.92069
vt 0.30372 0.93843
vt 0.30372 0.97723
vt 0.30422 0.88568
vt 0.30422 0.92448
vt 0.30566 0.94215
vt 0.30566 0.97344
vt 0.30843 0.85005
vt 0.31153 0.75190
vt 0.31224 0.74680
vt 0.31256 0.59757
vt 0.31256 0.64252
vt 0.31269 0.85319
vt 0.31319 0.84794
vt 0.31352 0.79519
vt 0.31356 0.00354
vt 0.31356 0.24385
vt 0.31356 0.26520
vt 0.31356 0.49550
vt 0.31430 0.00064
vt 0.31430 0.24674
vt 0.31608 0.59839
vt 0.31608 0.64171
vt 0.31640 0.74985
vt 0.31682 0.00355
vt 0.31682 0.24386
vt 0.31705 0.00000
vt 0.31705 0.24740
vt 0.31736 0.80967
vt 0.31851 0.93852
vt 0.31887 0.26518
vt 0.31887 0.49548
vt 0.32012 0.88937
vt 0.32012 0.92066
vt 0.32045 0.94224
vt 0.32045 0.97354
vt 0.32064 0.54121
vt 0.32064 0.69896
vt 0.32070 0.88565
vt 0.32070 0.92446
vt 0.32150 0.26143
vt 0.32150 0.49925
vt 0.32153 0.59837
vt 0.32153 0.64169
vt 0.32415 0.26518
vt 0.32415 0.49548
vt 0.32439 0.88940
vt 0.32439 0.92069
vt 0.32855 0.79397
vt 0.32879 0.85372
vt 0.32926 0.73170
vt 0.32929 0.84847
vt 0.32942 0.26520
vt 0.32942 0.49550
vt 0.33056 0.56129
vt 0.33056 0.67896
vt 0.33342 0.73475
vt 0.33342 0.79193
vt 0.33343 0.56342
vt 0.33343 0.67683
vt 0.33827 0.88941
vt 0.33827 0.97564
vt 0.33829 0.93755
vt 0.33888 0.67681
vt 0.33954 0.98370
vt 0.34055 0.97856
vt 0.34197 0.88950
vt 0.34198 0.93764
vt 0.34201 0.88565
vt 0.34203 0.94131
vt 0.34311 0.98872
vt 0.34330 0.26518
vt 0.34330 0.49548
vt 0.34473 0.97155
vt 0.34577 0.97526
vt 0.34628 0.95554
vt 0.34730 0.73474
vt 0.34730 0.79196
vt 0.34730 0.83572
vt 0.34763 0.83042
vt 0.34842 0.26520
vt 0.34842 0.49550
vt 0.34991 0.99169
vt 0.35114 0.26143
vt 0.35114 0.49925
vt 0.35151 0.79504
vt 0.35218 0.73272
vt 0.35320 0.97506
vt 0.35370 0.26520
vt 0.35370 0.49550
vt 0.35393 0.97130
vt 0.35506 0.87069
vt 0.35539 0.80898
vt 0.35698 0.95525
vt 0.35734 0.99149
vt 0.35915 0.26518
vt 0.35915 0.49548
vt 0.35968 0.52276
vt 0.35968 0.54753
vt 0.35968 0.69298
vt 0.35968 0.71776
vt 0.36000 0.97803
vt 0.36234 0.97498
vt 0.36256 0.98819
vt 0.36319 0.77674
vt 0.36358 0.98305
vt 0.36465 0.83674
vt 0.36497 0.83144
vt 0.36677 0.95953
vt 0.36677 0.98119
vt 0.36740 0.77982
vt 0.36760 0.73170
vt 0.36806 0.77472
vt 0.36915 0.83437
vt 0.37241 0.87171
vt 0.37273 0.81000
vt 0.37303 0.26923
vt 0.37303 0.49675
vt 0.37303 0.49988
vt 0.37312 0.88950
vt 0.37313 0.93764
vt 0.37316 0.88565
vt 0.37317 0.94131
vt 0.37438 0.26362
vt 0.37573 0.49518
vt 0.37573 0.50144
vt 0.37689 0.88941
vt 0.37691 0.81293
vt 0.37691 0.86935
vt 0.37691 0.93755
vt 0.37843 0.49675
vt 0.37843 0.49988
vt 0.38091 0.27266
vt 0.38226 0.48124
vt 0.38282 0.77881
vt 0.38349 0.77371
vt 0.38360 0.26143
vt 0.38881 0.56155
vt 0.38881 0.67922
vt 0.39014 0.27048
vt 0.39148 0.26486
vt 0.39148 0.47906
vt 0.39737 0.73458
vt 0.39737 0.79186
vt 0.39737 0.84820
vt 0.39737 0.88915
vt 0.39737 0.93730
vt 0.39737 0.96148
vt 0.39737 0.98854
vt 0.39786 0.85345
vt 0.39848 0.97049
vt 0.39873 0.54155
vt 0.39873 0.69931
vt 0.40049 0.96110
vt 0.40110 0.94105
vt 0.40111 0.88539
vt 0.40114 0.93735
vt 0.40115 0.88920
vt 0.40146 0.96894
vt 0.40158 0.79496
vt 0.40160 0.53942
vt 0.40160 0.70144
vt 0.40224 0.73256
vt 0.40471 0.95578
vt 0.40512 0.97894
vt 0.40536 0.26923
vt 0.40565 0.99255
vt 0.40671 0.26362
vt 0.40681 0.59800
vt 0.40681 0.64294
vt 0.40705 0.53940
vt 0.40723 0.97629
vt 0.40916 0.80950
vt 0.41250 0.95500
vt 0.41298 0.77636
vt 0.41324 0.27266
vt 0.41459 0.48124
vt 0.41472 0.84760
vt 0.41475 0.98361
vt 0.41522 0.85285
vt 0.41562 0.98036
vt 0.41593 0.26143
vt 0.41719 0.77946
vt 0.41785 0.77434
vt 0.41811 0.73170
vt 0.41947 0.84972
vt 0.42088 0.95906
vt 0.42247 0.27048
vt 0.42286 0.59041
vt 0.42286 0.65067
vt 0.42340 0.97958
vt 0.42371 0.98272
vt 0.42381 0.26486
vt 0.42381 0.47906
vt 0.42639 0.58960
vt 0.42639 0.65148
vt 0.42651 0.80890
vt 0.42666 0.96642
vt 0.42701 0.87145
vt 0.42762 0.97425
vt 0.43126 0.81102
vt 0.43126 0.86831
vt 0.43184 0.58958
vt 0.43184 0.65146
vt 0.43225 0.94105
vt 0.43226 0.88539
vt 0.43229 0.93735
vt 0.43230 0.88920
vt 0.43307 0.77861
vt 0.43372 0.77349
vt 0.43599 0.88915
vt 0.43599 0.93730
vt 0.43770 0.26727
vt 0.43770 0.49749
vt 0.43770 0.50180
vt 0.43871 0.26306
vt 0.44073 0.49444
vt 0.44073 0.50485
vt 0.44360 0.26985
vt 0.44462 0.48050
vt 0.44502 0.49444
vt 0.44502 0.50485
vt 0.44563 0.26143
vt 0.44572 0.52389
vt 0.44572 0.67842
vt 0.44805 0.49749
vt 0.44805 0.50180
vt 0.44945 0.52276
vt 0.44945 0.67729
vt 0.45052 0.26822
vt 0.45056 0.69298
vt 0.45056 0.69423
vt 0.45056 0.74231
vt 0.45056 0.77777
vt 0.45056 0.79204
vt 0.45056 0.81207
vt 0.45056 0.83502
vt 0.45154 0.26402
vt 0.45154 0.47887
vt 0.45180 0.72837
vt 0.45208 0.69237
vt 0.45208 0.69486
vt 0.45224 0.74263
vt 0.45224 0.77809
vt 0.45248 0.82602
vt 0.45248 0.84357
vt 0.45277 0.79203
vt 0.45277 0.81206
vt 0.45331 0.72775
vt 0.45334 0.83529
vt 0.45359 0.52337
vt 0.45359 0.67790
vt 0.45359 0.69300
vt 0.45359 0.69424
vt 0.45525 0.82629
vt 0.45525 0.84384
vt 0.45540 0.00364
vt 0.45540 0.24395
vt 0.45563 0.00009
vt 0.45563 0.24749
vt 0.45578 0.79204
vt 0.45578 0.81206
vt 0.45857 0.00074
vt 0.45857 0.24684
vt 0.45911 0.00363
vt 0.45911 0.24395
vt 0.47299 0.00003
vt 0.47299 0.25286
vt 0.47299 0.26982
vt 0.47299 0.47304
vt 0.47299 0.47793
vt 0.47299 0.55350
vt 0.47299 0.61490
vt 0.47299 0.74203
vt 0.47299 0.86196
vt 0.47299 0.90571
vt 0.47299 0.97271
vt 0.47330 0.86726
vt 0.47364 0.26773
vt 0.47364 0.47584
vt 0.47521 0.90114
vt 0.47630 0.95159
vt 0.47633 0.97546
vt 0.47633 0.99878
vt 0.47651 0.26683
vt 0.47651 0.26904
vt 0.47651 0.47226
vt 0.47651 0.47604
vt 0.47651 0.47917
vt 0.47671 0.97017
vt 0.47853 0.55287
vt 0.47853 0.61426
vt 0.48006 0.00000
vt 0.48006 0.25283
vt 0.48044 0.82597
vt 0.48205 0.55370
vt 0.48205 0.61348
vt 0.48968 0.00001
vt 0.48968 0.25284
vt 0.49040 0.86116
vt 0.49071 0.86645
vt 0.49434 0.97667
vt 0.49434 1.00000
vt 0.49471 0.97138
vt 0.49488 0.86348
vt 0.49619 0.91035
vt 0.49732 0.66796
vt 0.49785 0.82516
vt 0.49816 0.88719
vt 0.49842 0.90577
vt 0.49843 0.97443
vt 0.49843 0.99776
vt 0.49951 0.95622
vt 0.50146 0.90991
vt 0.50233 0.82748
vt 0.50233 0.88422
vt 0.50285 0.50659
vt 0.50285 0.66732
vt 0.50300 0.71140
vt 0.50356 0.00125
vt 0.50356 0.00408
vt 0.50356 0.20726
vt 0.50356 0.23499
vt 0.50356 0.24590
vt 0.50357 0.00900
vt 0.50364 0.22412
vt 0.50364 0.25268
vt 0.50421 0.00625
vt 0.50421 0.20928
vt 0.50473 0.80739
vt 0.50477 0.95578
vt 0.50537 0.70660
vt 0.50573 0.50864
vt 0.50573 0.66514
vt 0.50645 0.70770
vt 0.50708 0.00004
vt 0.50708 0.21018
vt 0.50709 0.00287
vt 0.50709 0.00608
vt 0.50709 0.00983
vt 0.50709 0.20809
vt 0.50724 0.70573
vt 0.50730 0.23501
vt 0.50730 0.24591
vt 0.50737 0.22414
vt 0.50737 0.25269
vt 0.50831 0.70683
vt 0.50831 0.81122
vt 0.50994 0.90114
vt 0.51231 0.99033
vt 0.51256 0.97935
vt 0.51299 0.90527
vt 0.51621 0.82807
vt 0.51621 0.88441
vt 0.51633 0.99893
vt 0.51697 0.97017
vt 0.52036 0.82516
vt 0.52067 0.88680
vt 0.52125 0.22489
vt 0.52125 0.24618
vt 0.52219 0.70573
vt 0.52219 0.75830
vt 0.52219 0.77609
vt 0.52219 0.80737
vt 0.52255 0.22412
vt 0.52255 0.24542
vt 0.52275 0.24898
vt 0.52346 0.84969
vt 0.52405 0.24822
vt 0.52410 0.81116
vt 0.52438 0.24846
vt 0.52572 0.22423
vt 0.52572 0.24553
vt 0.52605 0.24577
vt 0.52761 0.84678
vt 0.52792 0.85208
vt 0.52899 0.99082
vt 0.52920 0.98138
vt 0.53001 0.70574
vt 0.53001 0.75831
vt 0.53099 0.90450
vt 0.53099 0.91201
vt 0.53244 0.99821
vt 0.53270 0.98996
vt 0.53287 0.98233
vt 0.53299 0.97349
vt 0.53549 0.99593
vt 0.53594 0.97595
vt 0.53669 0.88590
vt 0.53747 0.90074
vt 0.53747 0.91576
vt 0.53804 0.70573
vt 0.53804 0.75830
vt 0.53889 0.77598
vt 0.53889 0.80727
vt 0.53892 0.97017
vt 0.53993 0.24575
vt 0.54073 0.97327
vt 0.54080 0.77226
vt 0.54080 0.81106
vt 0.54187 0.24882
vt 0.54200 0.24763
vt 0.54221 0.49311
vt 0.54221 0.69178
vt 0.54233 0.24446
vt 0.54236 0.24887
vt 0.54249 0.24768
vt 0.54283 0.24451
vt 0.54364 0.84588
vt 0.54394 0.85118
vt 0.54394 0.90450
vt 0.54394 0.91201
vt 0.54402 0.77599
vt 0.54402 0.80728
vt 0.54406 0.49551
vt 0.54406 0.68896
vt 0.54439 0.22412
vt 0.54489 0.22418
vt 0.54489 0.24628
vt 0.55794 0.56076
vt 0.55794 0.62102
vt 0.55794 0.73963
vt 0.55794 0.78330
vt 0.55794 0.86177
vt 0.55794 0.90614
vt 0.55794 0.93001
vt 0.55794 0.97776
vt 0.55828 0.97402
vt 0.55877 0.22761
vt 0.55913 0.22783
vt 0.56021 0.22479
vt 0.56033 0.24869
vt 0.56058 0.22501
vt 0.56072 0.85733
vt 0.56166 0.97811
vt 0.56178 0.22412
vt 0.56230 0.22767
vt 0.56302 0.92922
vt 0.56350 0.22678
vt 0.56350 0.24854
vt 0.57087 0.96352
vt 0.57425 0.96760
vt 0.57458 0.56834
vt 0.57458 0.61329
vt 0.57595 0.96273
vt 0.57640 0.70860
vt 0.57640 0.82293
vt 0.57738 0.22724
vt 0.57811 0.56916
vt 0.57811 0.61248
vt 0.57879 0.87080
vt 0.57879 0.91517
vt 0.57930 0.22418
vt 0.57944 0.22541
vt 0.57978 0.22858
vt 0.57980 0.22412
vt 0.57994 0.22536
vt 0.58028 0.22853
vt 0.58157 0.86636
vt 0.58184 0.24823
vt 0.58233 0.22669
vt 0.58233 0.24818
vt 0.58296 0.51190
vt 0.58296 0.66966
vt 0.58337 0.56918
vt 0.58337 0.61250
vt 0.58407 0.87091
vt 0.58407 0.91528
vt 0.59324 0.53190
vt 0.59324 0.64957
vt 0.59400 0.97986
vt 0.59570 0.97499
vt 0.59609 0.53404
vt 0.59609 0.64745
vt 0.59621 0.22412
vt 0.59621 0.24727
vt 0.59627 0.22962
vt 0.59627 0.23846
vt 0.59628 0.86119
vt 0.59878 0.86573
vt 0.59878 0.91010
vt 0.59995 0.22414
vt 0.59995 0.24729
vt 0.60001 0.22963
vt 0.60001 0.23847
vt 0.60627 0.70206
vt 0.60627 0.84338
vt 0.61266 0.86176
vt 0.61266 0.90646
vt 0.61266 0.93403
vt 0.61389 0.23519
vt 0.61454 0.92907
vt 0.61542 0.85733
vt 0.61619 0.22412
vt 0.61619 0.24583
vt 0.61672 0.23538
vt 0.61674 0.26681
vt 0.61674 0.26902
vt 0.61674 0.47224
vt 0.61674 0.47602
vt 0.61674 0.47915
vt 0.61902 0.22432
vt 0.61902 0.24603
vt 0.61962 0.26770
vt 0.61962 0.47581
vt 0.62027 0.26980
vt 0.62027 0.47302
vt 0.62027 0.47791
vt 0.62100 0.97421
vt 0.62343 0.49311
vt 0.62343 0.51789
vt 0.62343 0.66334
vt 0.62343 0.68811
vt 0.63290 0.22913
vt 0.63290 0.23914
vt 0.63370 0.87035
vt 0.63370 0.91504
vt 0.63415 0.26931
vt 0.63415 0.46706
vt 0.63490 0.94214
vt 0.63605 0.46958
vt 0.63614 0.72251
vt 0.63614 0.83684
vt 0.63645 0.86592
vt 0.63679 0.93718
vt 0.63898 0.87043
vt 0.63898 0.91513
vt 0.63968 0.72170
vt 0.64011 0.94128
vt 0.64032 0.26681
vt 0.64032 0.46957
vt 0.64033 0.26928
vt 0.64033 0.46703
vt 0.64153 0.22412
vt 0.64153 0.24415
vt 0.64324 0.98231
vt 0.64457 0.26683
vt 0.64648 0.26931
vt 0.64648 0.46706
vt 0.64731 0.00000
vt 0.64731 0.21014
vt 0.64732 0.00283
vt 0.64732 0.00604
vt 0.64732 0.00979
vt 0.64732 0.20805
vt 0.64802 0.92907
vt 0.64845 0.98146
vt 0.65016 0.22913
vt 0.65016 0.23914
vt 0.65019 0.20924
vt 0.65020 0.00621
vt 0.65078 0.86101
vt 0.65084 0.00121
vt 0.65084 0.00404
vt 0.65084 0.00896
vt 0.65084 0.20722
vt 0.65134 0.93318
vt 0.65331 0.86553
vt 0.65331 0.91022
vt 0.65363 0.53165
vt 0.65363 0.64932
vt 0.65460 0.76214
vt 0.65460 0.80581
vt 0.65814 0.76133
vt 0.65814 0.80500
vt 0.66036 0.27509
vt 0.66255 0.27026
vt 0.66391 0.51156
vt 0.66391 0.66932
vt 0.66472 0.00000
vt 0.66472 0.18274
vt 0.66472 0.20425
vt 0.66522 0.93281
vt 0.66522 0.96410
vt 0.66632 0.27756
vt 0.66676 0.50944
vt 0.66676 0.67146
vt 0.66679 0.19945
vt 0.66707 0.26681
vt 0.66850 0.27273
vt 0.66855 0.92907
vt 0.66855 0.96787
vt 0.66863 0.00001
vt 0.66863 0.18275
vt 0.66915 0.20828
vt 0.67025 0.93279
vt 0.67025 0.96408
vt 0.67083 0.46750
vt 0.67121 0.25160
vt 0.67155 0.27707
vt 0.67202 0.70206
vt 0.67202 0.76394
vt 0.67202 0.81534
vt 0.67202 0.85401
vt 0.67202 0.90658
vt 0.67229 0.56793
vt 0.67229 0.61288
vt 0.67265 0.00000
vt 0.67265 0.18274
vt 0.67302 0.26928
vt 0.67398 0.73986
vt 0.67413 0.19669
vt 0.67571 0.81270
vt 0.67572 0.81801
vt 0.67606 0.84005
vt 0.67607 0.27361
vt 0.67607 0.46701
vt 0.67624 0.77852
vt 0.67748 0.20919
vt 0.67811 0.74276
vt 0.67835 0.73746
vt 0.67954 0.25250
vt 0.67996 0.85400
vt 0.67996 0.90657
vt 0.68246 0.19759
vt 0.68482 0.20643
vt 0.68618 0.92917
vt 0.68653 0.00001
vt 0.68653 0.18275
vt 0.68688 0.20163
vt 0.68688 0.24975
vt 0.68788 0.85401
vt 0.68788 0.90658
vt 0.68788 0.93289
vt 0.68788 0.96418
vt 0.68890 0.70269
vt 0.68890 0.76458
vt 0.68893 0.56021
vt 0.68893 0.62047
vt 0.68995 0.26861
vt 0.68995 0.42021
vt 0.68995 0.43678
vt 0.68995 0.47291
vt 0.69050 0.00000
vt 0.69050 0.18274
vt 0.69125 0.43602
vt 0.69125 0.47215
vt 0.69228 0.81270
vt 0.69228 0.81801
vt 0.69236 0.27280
vt 0.69245 0.55940
vt 0.69245 0.62128
vt 0.69263 0.84005
vt 0.69268 0.26681
vt 0.69281 0.77852
vt 0.69291 0.43637
vt 0.69291 0.47250
vt 0.69434 0.26970
vt 0.69446 0.00001
vt 0.69446 0.18275
vt 0.69499 0.74340
vt 0.69523 0.73809
vt 0.69606 0.42207
vt 0.69606 0.81534
vt 0.69772 0.55942
vt 0.69772 0.62130
vt 0.69846 0.27466
vt 0.69856 0.27099
vt 0.70228 0.42052
vt 0.70286 0.26992
vt 0.70302 0.89535
vt 0.70302 0.94323
vt 0.70302 0.97734
vt 0.70469 0.27311
vt 0.70498 0.98655
vt 0.70834 0.15278
vt 0.70834 0.21239
vt 0.70835 0.03816
vt 0.70854 0.09557
vt 0.71033 0.00000
vt 0.71085 0.15434
vt 0.71086 0.03663
vt 0.71106 0.09558
vt 0.71160 0.49867
vt 0.71160 0.64446
vt 0.71160 0.71782
vt 0.71160 0.76158
vt 0.71160 0.85322
vt 0.71202 0.21327
vt 0.71210 0.85847
vt 0.71392 0.50320
vt 0.71440 0.49706
vt 0.71578 0.16829
vt 0.71600 0.50019
vt 0.71614 0.97541
vt 0.71632 0.49413
vt 0.71702 0.89388
vt 0.71702 0.94176
vt 0.71781 0.00000
vt 0.71785 0.64299
vt 0.71833 0.03663
vt 0.71833 0.15434
vt 0.71841 0.96532
vt 0.71841 0.98613
vt 0.71853 0.09558
vt 0.71857 0.27237
vt 0.71857 0.41816
vt 0.71857 0.43437
vt 0.71857 0.47883
vt 0.71946 0.16917
vt 0.71946 0.24939
vt 0.71952 0.97541
vt 0.71964 0.89043
vt 0.71964 0.94578
vt 0.71998 0.50537
vt 0.72019 0.50169
vt 0.72064 0.49311
vt 0.72080 0.03816
vt 0.72080 0.15278
vt 0.72089 0.27690
vt 0.72100 0.09557
vt 0.72137 0.27076
vt 0.72150 0.96664
vt 0.72150 0.98474
vt 0.72231 0.89389
vt 0.72231 0.94177
vt 0.72297 0.27389
vt 0.72314 0.25028
vt 0.72329 0.26782
vt 0.72346 0.81447
vt 0.72438 0.95973
vt 0.72438 0.99339
vt 0.72451 0.50067
vt 0.72482 0.41669
vt 0.72482 0.49461
vt 0.72604 0.43211
vt 0.72604 0.47656
vt 0.72624 0.50390
vt 0.72643 0.49774
vt 0.72669 0.96177
vt 0.72669 0.99105
vt 0.72695 0.27907
vt 0.72716 0.27539
vt 0.72752 0.85269
vt 0.72760 0.26681
vt 0.72801 0.85793
vt 0.72901 0.49966
vt 0.73070 0.67842
vt 0.73070 0.79296
vt 0.73148 0.27437
vt 0.73179 0.26831
vt 0.73227 0.85480
vt 0.73321 0.27760
vt 0.73340 0.27144
vt 0.73431 0.43333
vt 0.73431 0.47779
vt 0.73488 0.00354
vt 0.73488 0.14442
vt 0.73552 0.00065
vt 0.73552 0.14732
vt 0.73598 0.27335
vt 0.73702 0.17124
vt 0.73702 0.24793
vt 0.73840 0.00000
vt 0.73840 0.14796
vt 0.73842 0.00354
vt 0.73842 0.14442
vt 0.73913 0.17128
vt 0.73913 0.24797
vt 0.73938 0.81393
vt 0.73987 0.87649
vt 0.73999 0.24852
vt 0.74044 0.16829
vt 0.74257 0.17086
vt 0.74257 0.24358
vt 0.74289 0.49665
vt 0.74289 0.63753
vt 0.74338 0.00000
vt 0.74338 0.14796
vt 0.74340 0.00354
vt 0.74340 0.14442
vt 0.74355 0.49377
vt 0.74355 0.64043
vt 0.74413 0.81605
vt 0.74413 0.87335
vt 0.74413 0.89626
vt 0.74413 0.94414
vt 0.74625 0.00065
vt 0.74625 0.14732
vt 0.74641 0.49664
vt 0.74641 0.63751
vt 0.74642 0.49311
vt 0.74642 0.64107
vt 0.74691 0.00354
vt 0.74691 0.14442
vt 0.74986 0.26963
vt 0.74986 0.40870
vt 0.74986 0.42918
vt 0.75140 0.49311
vt 0.75140 0.49664
vt 0.75140 0.63751
vt 0.75140 0.64107
vt 0.75171 0.26681
vt 0.75171 0.41110
vt 0.75311 0.42505
vt 0.75411 0.47829
vt 0.75428 0.49377
vt 0.75428 0.64043
vt 0.75493 0.49665
vt 0.75493 0.63753
vt 0.75645 0.17097
vt 0.75801 0.83753
vt 0.75801 0.89296
vt 0.75801 0.94090
vt 0.75801 0.97494
vt 0.75801 0.98530
vt 0.75852 0.83227
vt 0.75879 0.24344
vt 0.75886 0.16837
vt 0.75896 0.17108
vt 0.75933 0.47906
vt 0.76045 0.97614
vt 0.76045 0.98651
vt 0.76079 0.04134
vt 0.76079 0.08572
vt 0.76114 0.43656
vt 0.76135 0.16829
vt 0.76143 0.24751
vt 0.76145 0.17100
vt 0.76161 0.65841
vt 0.76161 0.79999
vt 0.76296 0.97620
vt 0.76296 0.98460
vt 0.76307 0.96468
vt 0.76392 0.17073
vt 0.76392 0.24743
vt 0.76431 0.04219
vt 0.76431 0.08495
vt 0.76439 0.43242
vt 0.76552 0.96589
vt 0.76552 0.99302
vt 0.76637 0.43733
vt 0.76707 0.96788
vt 0.76707 0.98988
vt 0.76881 0.53579
vt 0.76881 0.61915
vt 0.76895 0.57861
vt 0.76896 0.49311
vt 0.76920 0.61739
vt 0.76993 0.04140
vt 0.76993 0.08417
vt 0.77024 0.87547
vt 0.77106 0.89429
vt 0.77106 0.94222
vt 0.77129 0.62018
vt 0.77133 0.53580
vt 0.77147 0.49467
vt 0.77147 0.57707
vt 0.77168 0.63669
vt 0.77184 0.60271
vt 0.77188 0.28739
vt 0.77207 0.61665
vt 0.77372 0.95966
vt 0.77372 0.96283
vt 0.77372 0.99002
vt 0.77372 0.99319
vt 0.77378 0.89030
vt 0.77378 0.94571
vt 0.77416 0.61945
vt 0.77455 0.61768
vt 0.77455 0.63596
vt 0.77519 0.83842
vt 0.77571 0.83315
vt 0.77635 0.89430
vt 0.77635 0.94224
vt 0.77742 0.28675
vt 0.77742 0.39926
vt 0.77780 0.19454
vt 0.77792 0.98376
vt 0.77811 0.00860
vt 0.77811 0.12478
vt 0.77827 0.18925
vt 0.77880 0.53580
vt 0.77894 0.49467
vt 0.77894 0.57707
vt 0.77931 0.60271
vt 0.77996 0.83628
vt 0.78030 0.28458
vt 0.78030 0.40131
vt 0.78036 0.96297
vt 0.78036 0.98497
vt 0.78100 0.01063
vt 0.78100 0.12260
vt 0.78126 0.53579
vt 0.78141 0.49311
vt 0.78141 0.57861
vt 0.78191 0.95983
vt 0.78191 0.98696
vt 0.78202 0.96704
vt 0.78202 0.97545
vt 0.78447 0.96825
vt 0.78447 0.97665
vt 0.78663 0.12181
vt 0.78688 0.42505
vt 0.78698 0.96634
vt 0.78698 0.97671
vt 0.78743 0.87636
vt 0.78794 0.81393
vt 0.78886 0.42995
vt 0.78891 0.32453
vt 0.78891 0.36751
vt 0.78942 0.16829
vt 0.79220 0.81706
vt 0.79220 0.87422
vt 0.79252 0.66544
vt 0.79252 0.77998
vt 0.79444 0.32390
vt 0.79444 0.36687
vt 0.79529 0.52941
vt 0.79529 0.61462
vt 0.79529 0.63839
vt 0.79554 0.19602
vt 0.79594 0.78079
vt 0.79601 0.19073
vt 0.79797 0.32311
vt 0.79797 0.36770
vt 0.79896 0.89224
vt 0.79896 0.94018
vt 0.79900 0.64158
vt 0.79952 0.61254
vt 0.79952 0.63631
vt 0.80026 0.19379
vt 0.80274 0.43944
vt 0.80608 0.81393
vt 0.80608 0.83396
vt 0.80608 0.84791
vt 0.80608 0.86552
vt 0.80614 0.00000
vt 0.80614 0.14360
vt 0.80643 0.44189
vt 0.80643 0.47874
vt 0.80648 0.43660
vt 0.80669 0.23159
vt 0.80673 0.42505
vt 0.80716 0.16977
vt 0.80794 0.85655
vt 0.80802 0.00234
vt 0.80802 0.14074
vt 0.80821 0.81394
vt 0.80821 0.83397
vt 0.80891 0.84811
vt 0.80891 0.86571
vt 0.81077 0.85674
vt 0.81124 0.81394
vt 0.81124 0.83397
vt 0.81141 0.17283
vt 0.81141 0.22936
vt 0.81162 0.69682
vt 0.81162 0.74057
vt 0.81185 0.29289
vt 0.81185 0.36570
vt 0.81233 0.28760
vt 0.81253 0.36056
vt 0.81504 0.69763
vt 0.81504 0.74138
vt 0.81826 0.64335
vt 0.81878 0.61431
vt 0.81878 0.63808
vt 0.82190 0.02480
vt 0.82190 0.07923
vt 0.82190 0.13777
vt 0.82196 0.64084
vt 0.82276 0.89273
vt 0.82276 0.94068
vt 0.82276 0.97360
vt 0.82276 0.98401
vt 0.82379 0.26681
vt 0.82422 0.11228
vt 0.82469 0.02798
vt 0.82529 0.02272
vt 0.82529 0.17060
vt 0.82529 0.22905
vt 0.82530 0.49878
vt 0.82535 0.97372
vt 0.82535 0.98215
vt 0.82540 0.36511
vt 0.82609 0.35997
vt 0.82630 0.07695
vt 0.82703 0.59477
vt 0.82713 0.20346
vt 0.82768 0.49398
vt 0.82769 0.97494
vt 0.82799 0.96343
vt 0.82799 0.99067
vt 0.82807 0.11528
vt 0.82811 0.40713
vt 0.82862 0.11000
vt 0.82875 0.49508
vt 0.82890 0.29430
vt 0.82892 0.66263
vt 0.82892 0.71882
vt 0.82892 0.73719
vt 0.82892 0.79452
vt 0.82892 0.81474
vt 0.82892 0.87194
vt 0.82939 0.28902
vt 0.82954 0.49311
vt 0.82959 0.96547
vt 0.82959 0.98755
vt 0.82964 0.16829
vt 0.83028 0.36308
vt 0.83062 0.49422
vt 0.83062 0.59860
vt 0.83094 0.20643
vt 0.83148 0.20115
vt 0.83193 0.96670
vt 0.83225 0.00000
vt 0.83314 0.65965
vt 0.83317 0.79766
vt 0.83317 0.81160
vt 0.83355 0.72114
vt 0.83364 0.29209
vt 0.83368 0.73508
vt 0.83370 0.87406
vt 0.83629 0.89150
vt 0.83629 0.93945
vt 0.83646 0.95738
vt 0.83646 0.96056
vt 0.83646 0.98786
vt 0.83646 0.99104
vt 0.83757 0.44217
vt 0.83757 0.47902
vt 0.83762 0.43688
vt 0.83787 0.42533
vt 0.83855 0.68434
vt 0.83891 0.88801
vt 0.83891 0.94343
vt 0.84037 0.33011
vt 0.84085 0.26822
vt 0.84092 0.13994
vt 0.84099 0.77611
vt 0.84136 0.43978
vt 0.84136 0.47664
vt 0.84144 0.83377
vt 0.84158 0.89150
vt 0.84158 0.93945
vt 0.84167 0.40654
vt 0.84235 0.34406
vt 0.84277 0.68136
vt 0.84318 0.68666
vt 0.84332 0.96087
vt 0.84332 0.98295
vt 0.84396 0.03041
vt 0.84450 0.51675
vt 0.84450 0.59471
vt 0.84455 0.02515
vt 0.84475 0.23118
vt 0.84492 0.95775
vt 0.84492 0.98499
vt 0.84501 0.51148
vt 0.84510 0.27130
vt 0.84510 0.32790
vt 0.84525 0.77924
vt 0.84569 0.83063
vt 0.84576 0.77400
vt 0.84622 0.83589
vt 0.84655 0.34716
vt 0.84655 0.40451
vt 0.84705 0.06301
vt 0.84709 0.11745
vt 0.84725 0.98621
vt 0.84752 0.59789
vt 0.84756 0.96627
vt 0.84756 0.97470
vt 0.84765 0.11218
vt 0.84805 0.59262
vt 0.84825 0.65841
vt 0.84843 0.02814
vt 0.85015 0.96441
vt 0.85015 0.97482
vt 0.85040 0.20855
vt 0.85057 0.11529
vt 0.85091 0.87322
vt 0.85094 0.20328
vt 0.85107 0.73563
vt 0.85152 0.00243
vt 0.85152 0.06074
vt 0.85249 0.97604
vt 0.85352 0.56949
vt 0.85393 0.20639
vt 0.85680 0.55474
vt 0.85788 0.68012
vt 0.85828 0.68542
vt 0.85898 0.30560
vt 0.86025 0.51755
vt 0.86043 0.34661
vt 0.86043 0.40543
vt 0.86043 0.42795
vt 0.86043 0.47468
vt 0.86060 0.68253
vt 0.86077 0.51229
vt 0.86187 0.30290
vt 0.86213 0.30821
vt 0.86264 0.77979
vt 0.86290 0.82979
vt 0.86299 0.47898
vt 0.86314 0.77455
vt 0.86343 0.83505
vt 0.86343 0.89356
vt 0.86343 0.94151
vt 0.86445 0.10233
vt 0.86457 0.59978
vt 0.86475 0.34406
vt 0.86503 0.51542
vt 0.86509 0.59450
vt 0.86521 0.36891
vt 0.86540 0.00716
vt 0.86540 0.05446
vt 0.86623 0.63179
vt 0.86781 0.17847
vt 0.86783 0.13803
vt 0.86793 0.05867
vt 0.86798 0.07695
vt 0.86807 0.26747
vt 0.86821 0.09976
vt 0.86821 0.10507
vt 0.86890 0.59741
vt 0.86931 0.17367
vt 0.86940 0.37167
vt 0.86953 0.36636
vt 0.87057 0.57138
vt 0.87057 0.62943
vt 0.87256 0.55554
vt 0.87307 0.49311
vt 0.87448 0.66265
vt 0.87448 0.70824
vt 0.87696 0.71270
vt 0.87703 0.78797
vt 0.87728 0.40583
vt 0.87731 0.86409
vt 0.87731 0.88563
vt 0.87731 0.93378
vt 0.87731 0.95554
vt 0.87731 0.98683
vt 0.87733 0.49624
vt 0.87733 0.55341
vt 0.87766 0.30224
vt 0.87792 0.30755
vt 0.87806 0.22377
vt 0.87973 0.79227
vt 0.88009 0.86798
vt 0.88101 0.95179
vt 0.88101 0.99059
vt 0.88150 0.95551
vt 0.88150 0.98679
vt 0.88161 0.34446
vt 0.88203 0.30463
vt 0.88306 0.42276
vt 0.88306 0.46948
vt 0.88385 0.26681
vt 0.88411 0.32870
vt 0.88445 0.62189
vt 0.88563 0.41977
vt 0.88563 0.47379
vt 0.88626 0.37206
vt 0.88639 0.36676
vt 0.88723 0.62576
vt 0.88774 0.13803
vt 0.88789 0.07695
vt 0.88811 0.10507
vt 0.88812 0.09976
vt 0.88823 0.26920
vt 0.88823 0.32578
vt 0.88827 0.00317
vt 0.88827 0.05047
vt 0.88835 0.42279
vt 0.88835 0.46952
vt 0.88932 0.36947
vt 0.88932 0.65841
vt 0.88932 0.70401
vt 0.88956 0.73804
vt 0.88956 0.78455
vt 0.89029 0.81521
vt 0.89029 0.86330
vt 0.89081 0.00000
vt 0.89081 0.05467
vt 0.89121 0.49677
vt 0.89121 0.54491
vt 0.89147 0.17878
vt 0.89180 0.70847
vt 0.89182 0.10233
vt 0.89226 0.73508
vt 0.89226 0.78885
vt 0.89297 0.17397
vt 0.89308 0.81160
vt 0.89308 0.86718
vt 0.89355 0.00321
vt 0.89355 0.05051
vt 0.89460 0.65851
vt 0.89460 0.70411
vt 0.89484 0.73801
vt 0.89484 0.78451
vt 0.89557 0.81520
vt 0.89557 0.86328
vt 0.89637 0.57311
vt 0.89637 0.62121
vt 0.89661 0.17754
vt 0.89915 0.56949
vt 0.89915 0.62508
vt 0.89984 0.95182
vt 0.89984 0.99062
vt 0.90033 0.95553
vt 0.90033 0.98682
vt 0.90097 0.88599
vt 0.90097 0.93414
vt 0.90165 0.57310
vt 0.90165 0.62119
vt 0.90172 0.22407
vt 0.90211 0.26925
vt 0.90211 0.31712
vt 0.90223 0.42571
vt 0.90223 0.47356
vt 0.90320 0.34561
vt 0.90320 0.39344
vt 0.90321 0.16829
vt 0.90340 0.88219
vt 0.90340 0.93785
vt 0.90354 0.95558
vt 0.90354 0.98687
vt 0.90481 0.22633
vt 0.90571 0.07857
vt 0.90571 0.12642
vt 0.90624 0.88599
vt 0.90624 0.93413
vt 0.90685 0.17186
vt 0.90685 0.22284
vt 0.90744 0.05037
vt 0.90963 0.05517
vt 0.91242 0.71601
vt 0.91487 0.49730
vt 0.91487 0.54544
vt 0.91522 0.66605
vt 0.91522 0.71165
vt 0.91562 0.27082
vt 0.91562 0.31869
vt 0.91615 0.88192
vt 0.91730 0.49347
vt 0.91730 0.54912
vt 0.91739 0.74361
vt 0.91739 0.79011
vt 0.91833 0.26681
vt 0.91833 0.32214
vt 0.91876 0.81634
vt 0.91876 0.86442
vt 0.91899 0.88572
vt 0.92014 0.49729
vt 0.92014 0.54543
vt 0.92073 0.21833
vt 0.92090 0.27084
vt 0.92090 0.31870
vt 0.92287 0.22317
vt 0.92403 0.42321
vt 0.92403 0.47106
vt 0.92484 0.57416
vt 0.92484 0.62225
vt 0.92577 0.34810
vt 0.92577 0.39593
vt 0.92670 0.41977
vt 0.92670 0.47509
vt 0.92828 0.08099
vt 0.92828 0.12884
vt 0.92834 0.34406
vt 0.92834 0.39935
vt 0.92907 0.49311
vt 0.92910 0.66326
vt 0.92932 0.04258
vt 0.92932 0.42320
vt 0.92932 0.47106
vt 0.93086 0.07695
vt 0.93086 0.13226
vt 0.93105 0.34809
vt 0.93105 0.39592
vt 0.93124 0.65841
vt 0.93127 0.78585
vt 0.93151 0.04738
vt 0.93191 0.49693
vt 0.93264 0.82733
vt 0.93287 0.89654
vt 0.93287 0.95318
vt 0.93357 0.08097
vt 0.93357 0.12882
vt 0.93433 0.78996
vt 0.93457 0.04312
vt 0.93488 0.00000
vt 0.93509 0.70446
vt 0.93608 0.86620
vt 0.93625 0.81160
vt 0.93631 0.93571
vt 0.93641 0.82449
vt 0.93641 0.82979
vt 0.93649 0.88192
vt 0.93657 0.95445
vt 0.93657 0.99986
vt 0.93661 0.94966
vt 0.93663 0.89367
vt 0.93664 0.89896
vt 0.93798 0.73560
vt 0.93872 0.61886
vt 0.94013 0.00055
vt 0.94166 0.57032
vt 0.94201 0.62298
vt 0.94227 0.78118
vt 0.94260 0.21049
vt 0.94312 0.42472
vt 0.94312 0.47258
vt 0.94324 0.73508
vt 0.94349 0.26847
vt 0.94349 0.31633
vt 0.94437 0.34646
vt 0.94437 0.39429
vt 0.94474 0.21532
vt 0.94506 0.07961
vt 0.94506 0.12746
vt 0.94528 0.05517
vt 0.94533 0.78530
vt 0.94579 0.49679
vt 0.94579 0.54225
vt 0.94686 0.56949
vt 0.94753 0.78067
vt 0.94784 0.21109
vt 0.94834 0.05092
vt 0.94873 0.16829
vt 0.94953 0.49323
vt 0.94957 0.49801
vt 0.94957 0.54347
vt 0.95015 0.61099
vt 0.95111 0.67198
vt 0.95325 0.66713
vt 0.95344 0.61511
vt 0.95397 0.16889
vt 0.95536 0.61016
vt 0.95635 0.67139
vt 0.95700 0.42326
vt 0.95710 0.71318
vt 0.95737 0.27023
vt 0.95804 0.22317
vt 0.95825 0.34781
vt 0.95825 0.37910
vt 0.95894 0.08074
vt 0.95894 0.11203
vt 0.95894 0.13582
vt 0.95894 0.14445
vt 0.96058 0.46934
vt 0.96075 0.41977
vt 0.96078 0.42466
vt 0.96106 0.27175
vt 0.96106 0.31587
vt 0.96111 0.26681
vt 0.96114 0.21893
vt 0.96195 0.34406
vt 0.96195 0.38286
vt 0.96203 0.08070
vt 0.96203 0.11199
vt 0.96222 0.00123
vt 0.96222 0.02500
vt 0.96234 0.71259
vt 0.96251 0.34777
vt 0.96251 0.37906
vt 0.96263 0.07698
vt 0.96263 0.11578
vt 0.96501 0.12973
vt 0.96501 0.15054
vt 0.96564 0.02885
vt 0.96599 0.73975
vt 0.96711 0.65841
vt 0.96716 0.00000
vt 0.96716 0.02377
vt 0.96722 0.86620
vt 0.96739 0.81160
vt 0.96745 0.93571
vt 0.96755 0.82449
vt 0.96756 0.82979
vt 0.96763 0.88192
vt 0.96771 0.95457
vt 0.96771 0.99998
vt 0.96775 0.94978
vt 0.96778 0.89367
vt 0.96778 0.89896
vt 0.96808 0.78996
vt 0.97022 0.66267
vt 0.97028 0.78534
vt 0.97093 0.86374
vt 0.97116 0.93329
vt 0.97126 0.82733
vt 0.97149 0.89654
vt 0.97149 0.95333
vt 0.97149 0.99874
vt 0.97359 0.12973
vt 0.97359 0.15054
vt 0.97502 0.18748
vt 0.97506 0.17789
vt 0.97514 0.17016
vt 0.97530 0.62298
vt 0.97721 0.61803
vt 0.97747 0.18820
vt 0.97751 0.17717
vt 0.97751 0.19715
vt 0.97761 0.16829
vt 0.97966 0.13582
vt 0.97966 0.14445
vt 0.98067 0.49311
vt 0.98071 0.49790
vt 0.98071 0.54335
vt 0.98111 0.08067
vt 0.98111 0.11195
vt 0.98134 0.34409
vt 0.98134 0.38289
vt 0.98171 0.07695
vt 0.98171 0.11575
vt 0.98190 0.34781
vt 0.98190 0.37910
vt 0.98221 0.03371
vt 0.98374 0.00486
vt 0.98374 0.02863
vt 0.98441 0.49664
vt 0.98441 0.54210
vt 0.98504 0.34785
vt 0.98504 0.37914
vt 0.98540 0.08070
vt 0.98540 0.11199
vt 0.98562 0.03185
vt 0.99173 0.46934
vt 0.99190 0.41977
vt 0.99192 0.42466
vt 0.99221 0.27190
vt 0.99221 0.31602
vt 0.99225 0.26695
vt 0.99543 0.46794
vt 0.99562 0.42326
vt 0.99599 0.27041
vt 0.99599 0.31453
vt 0.99747 0.18750
vt 0.99750 0.17803
vt 0.99750 0.19520
vt 0.99759 0.17039
vt 0.99997 0.18662
vt 1.00000 0.17896
vt 1.00000 0.19283
s 0
usemtl RPG_stone
f 1/1874/14 3/1870/14 8/1907/14
f 1/1874/14 8/1907/14 7/1922/14
f 1/1874/6 2/1869/6 3/1870/6
f 10/373/3 16/348/3 22/371/3
f 10/373/3 5/350/3 16/348/3
f 10/373/9 11/375/9 12/374/9
f 100/1628/112 102/1645/112 99/1662/112
f 100/1628/112 99/1662/112 98/1648/112
f 100/969/104 101/970/104 102/977/104
f 101/1958/122 100/1945/122 113/1944/122
f 101/1958/122 113/1944/122 112/1957/122
f 102/1645/101 104/1698/101 99/1662/101
f 102/1645/101 108/1688/101 104/1698/101
f 103/1697/105 104/1698/105 105/1710/105
f 103/873/115 105/855/115 116/848/115
f 103/873/115 116/848/115 115/856/115
f 105/1014/114 104/1013/114 108/984/114
f 105/1014/114 108/984/114 107/987/114
f 106/1133/3 101/1168/3 112/1194/3
f 106/1133/3 112/1194/3 118/1153/3
f 106/983/106 107/987/106 108/984/106
f 106/983/113 102/977/113 101/970/113
f 106/983/113 108/984/113 102/977/113
f 107/824/102 116/848/102 105/855/102
f 107/824/102 120/818/102 116/848/102
f 109/1858/107 110/1865/107 111/1866/107
f 11/750/5 20/699/5 9/700/5
f 11/750/5 24/749/5 20/699/5
f 111/1866/120 110/1865/120 114/1943/120
f 111/1866/120 114/1943/120 113/1944/120
f 112/1194/119 114/1193/119 119/1152/119
f 112/1194/119 119/1152/119 118/1153/119
f 112/1957/108 113/1944/108 114/1943/108
f 113/1944/99 100/1945/99 98/1867/99
f 113/1944/99 98/1867/99 111/1866/99
f 115/1671/26 109/1629/26 97/1661/26
f 115/1671/26 97/1661/26 103/1697/26
f 115/856/109 116/848/109 117/852/109
f 115/856/118 110/891/118 109/894/118
f 115/856/118 117/852/118 110/891/118
f 117/852/117 116/848/117 120/818/117
f 117/852/117 120/818/117 119/823/117
f 118/1153/110 119/1152/110 120/1143/110
f 118/968/116 107/987/116 106/983/116
f 118/968/116 120/980/116 107/987/116
f 119/1152/100 110/1169/100 117/1134/100
f 119/1152/100 114/1193/100 110/1169/100
f 121/1972/127 122/1967/127 123/1969/127
f 124/1888/128 125/1877/128 126/1890/128
f 124/1888/136 123/1969/136 122/1967/136
f 124/1888/136 126/1890/136 123/1969/136
f 125/850/146 124/857/146 137/847/146
f 125/850/146 137/847/146 136/842/146
f 126/635/125 128/650/125 123/622/125
f 126/635/125 132/658/125 128/650/125
f 127/649/129 128/650/129 129/656/129
f 127/649/135 121/621/135 123/622/135
f 127/649/135 123/622/135 128/650/135
f 129/656/138 128/650/138 132/658/138
f 129/656/138 132/658/138 131/670/138
f 13/1702/10 14/1703/10 15/1723/10
f 13/1898/24 15/1876/24 2/1869/24
f 13/1898/24 2/1869/24 1/1874/24
f 130/1714/130 131/1734/130 132/1725/130
f 130/1714/137 126/1682/137 125/1670/137
f 130/1714/137 132/1725/137 126/1682/137
f 130/837/3 125/850/3 136/842/3
f 130/837/3 136/842/3 142/817/3
f 131/1734/126 140/1781/126 129/1782/126
f 131/1734/126 144/1733/126 140/1781/126
f 133/1954/131 134/1956/131 135/1963/131
f 133/1973/145 122/1967/145 121/1972/145
f 133/1973/145 135/1968/145 122/1967/145
f 135/858/144 134/851/144 138/843/144
f 135/858/144 138/843/144 137/847/144
f 136/842/132 137/847/132 138/843/132
f 137/1889/123 122/1967/123 135/1968/123
f 137/1889/123 124/1888/123 122/1967/123
f 139/1905/133 140/1897/133 141/1909/133
f 139/1905/142 134/1956/142 133/1954/142
f 139/1905/142 141/1909/142 134/1956/142
f 139/657/139 127/649/139 129/656/139
f 139/657/139 129/656/139 140/671/139
f 139/657/26 121/621/26 127/649/26
f 139/657/26 133/634/26 121/621/26
f 141/1909/141 140/1897/141 144/1896/141
f 141/1909/141 144/1896/141 143/1908/141
f 142/1713/134 143/1724/134 144/1733/134
f 142/1713/140 131/1734/140 130/1714/140
f 142/1713/140 144/1733/140 131/1734/140
f 142/817/143 136/842/143 138/843/143
f 142/817/143 138/843/143 143/820/143
f 143/1908/124 134/1956/124 141/1909/124
f 143/1908/124 138/1955/124 134/1956/124
f 145/1124/151 146/1116/151 147/1129/151
f 145/517/159 147/520/159 152/552/159
f 145/517/159 152/552/159 151/551/159
f 148/1115/152 149/1123/152 150/1128/152
f 148/1115/160 147/1129/160 146/1116/160
f 148/1115/160 150/1128/160 147/1129/160
f 15/501/23 14/500/23 18/450/23
f 15/501/23 18/450/23 17/456/23
f 150/1128/149 152/1167/149 147/1129/149
f 150/1128/149 156/1166/149 152/1167/149
f 151/551/153 152/552/153 153/566/153
f 151/551/163 153/566/163 164/600/163
f 151/551/163 164/600/163 163/591/163
f 153/566/162 152/552/162 156/593/162
f 153/566/162 156/593/162 155/599/162
f 154/1159/161 150/1128/161 149/1123/161
f 154/1159/161 156/1166/161 150/1128/161
f 154/1708/154 155/1690/154 156/1695/154
f 155/1690/150 164/1631/150 153/1630/150
f 155/1690/150 168/1691/150 164/1631/150
f 157/1585/155 158/1588/155 159/1610/155
f 157/1585/169 146/1619/169 145/1601/169
f 157/1585/169 159/1610/169 146/1619/169
f 159/1775/168 158/1771/168 162/1722/168
f 159/1775/168 162/1722/168 161/1732/168
f 16/448/11 17/456/11 18/450/11
f 16/448/22 18/450/22 23/419/22
f 16/448/22 23/419/22 22/407/22
f 160/1712/156 161/1732/156 162/1722/156
f 160/1712/167 162/1722/167 167/1669/167
f 160/1712/167 167/1669/167 166/1668/167
f 160/1712/170 148/1731/170 161/1732/170
f 160/1712/170 149/1711/170 148/1731/170
f 161/1732/147 146/1774/147 159/1775/147
f 161/1732/147 148/1731/147 146/1774/147
f 163/1511/157 164/1501/157 165/1512/157
f 163/1511/166 158/1588/166 157/1585/166
f 163/1511/166 165/1512/166 158/1588/166
f 163/591/26 145/517/26 151/551/26
f 163/591/26 157/557/26 145/517/26
f 165/1638/165 164/1631/165 168/1691/165
f 165/1638/165 168/1691/165 167/1696/165
f 166/1668/3 149/1711/3 160/1712/3
f 166/1668/3 154/1667/3 149/1711/3
f 166/1709/158 167/1696/158 168/1691/158
f 166/1709/164 155/1690/164 154/1708/164
f 166/1709/164 168/1691/164 155/1690/164
f 167/1549/148 158/1588/148 165/1512/148
f 167/1549/148 162/1618/148 158/1588/148
f 169/547/175 170/537/175 171/543/175
f 17/1827/1 2/1869/1 15/1876/1
f 17/1827/1 4/1807/1 2/1869/1
f 172/238/176 173/249/176 174/244/176
f 172/536/184 171/543/184 170/537/184
f 172/536/184 174/542/184 171/543/184
f 174/542/173 176/576/173 171/543/173
f 174/542/173 180/575/173 176/576/173
f 175/1823/177 176/1812/177 177/1803/177
f 175/1823/187 177/1803/187 188/1802/187
f 175/1823/187 188/1802/187 187/1822/187
f 175/1823/26 181/1854/26 169/1855/26
f 175/1823/26 187/1822/26 181/1854/26
f 175/582/183 169/547/183 171/543/183
f 175/582/183 171/543/183 176/576/183
f 177/590/186 176/576/186 180/575/186
f 177/590/186 180/575/186 179/589/186
f 178/270/3 173/249/3 184/248/3
f 178/270/3 184/248/3 190/269/3
f 178/581/178 179/589/178 180/575/178
f 178/581/185 174/542/185 173/546/185
f 178/581/185 180/575/185 174/542/185
f 179/1764/174 188/1802/174 177/1803/174
f 179/1764/174 192/1763/174 188/1802/174
f 181/1358/179 182/1371/179 183/1374/179
f 181/1358/193 170/1353/193 169/1338/193
f 181/1358/193 183/1374/193 170/1353/193
f 183/1374/192 182/1371/192 186/1436/192
f 183/1374/192 186/1436/192 185/1441/192
f 184/248/180 185/237/180 186/243/180
f 184/248/194 172/238/194 185/237/194
f 184/248/194 173/249/194 172/238/194
f 184/497/191 186/492/191 191/461/191
f 184/497/191 191/461/191 190/462/191
f 185/237/171 170/206/171 183/205/171
f 185/237/171 172/238/171 170/206/171
f 187/1330/190 182/1371/190 181/1358/190
f 187/1330/190 189/1337/190 182/1371/190
f 187/1822/181 188/1802/181 189/1811/181
f 189/437/189 188/432/189 192/455/189
f 189/437/189 192/455/189 191/461/189
f 19/1658/12 20/1643/12 21/1657/12
f 19/1658/21 14/1703/21 13/1702/21
f 19/1658/21 21/1657/21 14/1703/21
f 19/1658/26 1/1700/26 7/1653/26
f 19/1658/26 13/1702/26 1/1700/26
f 190/462/182 191/461/182 192/455/182
f 190/462/188 179/431/188 178/441/188
f 190/462/188 192/455/188 179/431/188
f 191/461/172 182/468/172 189/437/172
f 191/461/172 186/492/172 182/468/172
f 193/1788/199 194/1772/199 195/1779/199
f 193/1788/217 205/1789/217 207/1773/217
f 193/1788/217 207/1773/217 194/1772/217
f 196/550/200 197/556/200 198/555/200
f 196/550/208 195/540/208 194/519/208
f 196/550/208 198/555/208 195/540/208
f 197/556/218 196/550/218 209/518/218
f 197/556/218 209/518/218 208/541/218
f 198/1915/197 200/1837/197 195/1833/197
f 198/1915/197 204/1919/197 200/1837/197
f 199/1818/207 193/1788/207 195/1779/207
f 199/1818/207 195/1779/207 200/1806/207
f 199/1820/201 200/1837/201 201/1838/201
f 199/221/211 201/204/211 212/227/211
f 199/221/211 212/227/211 211/233/211
f 199/221/26 205/260/26 193/234/26
f 199/221/26 211/233/26 205/260/26
f 201/1838/210 200/1837/210 204/1919/210
f 201/1838/210 204/1919/210 203/1920/210
f 202/1927/202 203/1920/202 204/1919/202
f 202/1927/212 214/1925/212 216/1912/212
f 202/1927/212 216/1912/212 203/1920/212
f 202/594/209 198/555/209 197/556/209
f 202/594/209 204/592/209 198/555/209
f 202/594/3 197/556/3 208/541/3
f 202/594/3 208/541/3 214/571/3
f 203/1920/198 212/1830/198 201/1838/198
f 203/1920/198 216/1912/198 212/1830/198
f 205/1789/203 206/1780/203 207/1773/203
f 205/260/214 211/233/214 213/232/214
f 205/260/214 213/232/214 206/258/214
f 207/854/216 206/845/216 210/844/216
f 207/854/216 210/844/216 209/853/216
f 208/846/204 209/853/204 210/844/204
f 208/846/215 210/844/215 215/825/215
f 208/846/215 215/825/215 214/832/215
f 209/1720/195 194/1772/195 207/1773/195
f 209/1720/195 196/1719/195 194/1772/195
f 21/697/20 20/699/20 24/749/20
f 21/697/20 24/749/20 23/747/20
f 211/233/205 212/227/205 213/232/205
f 213/232/213 212/227/213 216/203/213
f 213/232/213 216/203/213 215/219/213
f 214/832/206 215/825/206 216/819/206
f 215/825/196 206/845/196 213/826/196
f 215/825/196 210/844/196 206/845/196
f 217/1582/223 218/1567/223 219/1581/223
f 217/1582/241 229/1553/241 231/1533/241
f 217/1582/241 231/1533/241 218/1567/241
f 22/754/13 23/747/13 24/749/13
f 22/754/19 11/750/19 10/753/19
f 22/754/19 24/749/19 11/750/19
f 220/1532/232 219/1581/232 218/1567/232
f 220/1532/232 222/1550/232 219/1581/232
f 220/1626/224 221/1634/224 222/1635/224
f 221/1839/242 220/1848/242 233/1861/242
f 221/1839/242 233/1861/242 232/1844/242
f 222/1550/221 224/1624/221 219/1581/221
f 222/1550/221 228/1609/221 224/1624/221
f 223/1625/225 224/1624/225 225/1632/225
f 223/1625/231 217/1582/231 219/1581/231
f 223/1625/231 219/1581/231 224/1624/231
f 225/1705/234 224/1693/234 228/1680/234
f 225/1705/234 228/1680/234 227/1689/234
f 226/1679/226 227/1689/226 228/1680/226
f 226/1679/233 222/1635/233 221/1634/233
f 226/1679/233 228/1680/233 222/1635/233
f 227/1835/222 236/1916/222 225/1917/222
f 227/1835/222 240/1834/222 236/1916/222
f 229/313/227 230/314/227 231/319/227
f 229/313/238 235/283/238 237/285/238
f 229/313/238 237/285/238 230/314/238
f 23/1655/2 14/1703/2 21/1657/2
f 23/1655/2 18/1701/2 14/1703/2
f 231/1923/240 230/1921/240 234/1857/240
f 231/1923/240 234/1857/240 233/1861/240
f 232/1844/228 233/1861/228 234/1857/228
f 232/1844/239 234/1857/239 239/1824/239
f 232/1844/239 239/1824/239 238/1816/239
f 233/1861/219 218/1906/219 231/1923/219
f 233/1861/219 220/1848/219 218/1906/219
f 235/1928/229 236/1916/229 237/1918/229
f 235/1928/235 223/1929/235 225/1917/235
f 235/1928/235 225/1917/235 236/1916/235
f 235/283/26 217/325/26 223/295/26
f 235/283/26 229/313/26 217/325/26
f 237/1918/237 236/1916/237 240/1834/237
f 237/1918/237 240/1834/237 239/1836/237
f 238/1692/236 227/1689/236 226/1679/236
f 238/1692/236 240/1704/236 227/1689/236
f 238/1692/3 221/1634/3 232/1656/3
f 238/1692/3 226/1679/3 221/1634/3
f 238/1821/230 239/1836/230 240/1834/230
f 239/294/220 230/314/220 237/285/220
f 239/294/220 234/324/220 230/314/220
f 241/1579/265 253/1518/265 255/1543/265
f 241/1579/265 255/1543/265 242/1600/265
f 241/1604/247 242/1587/247 243/1608/247
f 241/1604/255 243/1608/255 248/1647/255
f 241/1604/255 248/1647/255 247/1644/255
f 244/1707/248 245/1730/248 246/1718/248
f 244/1707/256 243/1654/256 242/1650/256
f 244/1707/256 246/1718/256 243/1654/256
f 245/1730/266 244/1707/266 257/1706/266
f 245/1730/266 257/1706/266 256/1729/266
f 245/406/257 250/445/257 252/449/257
f 245/406/257 252/449/257 246/416/257
f 246/1621/245 248/1647/245 243/1608/245
f 246/1621/245 252/1663/245 248/1647/245
f 247/1528/26 253/1518/26 241/1579/26
f 247/1528/26 259/1493/26 253/1518/26
f 247/1644/249 248/1647/249 249/1659/249
f 247/1644/259 249/1659/259 260/1664/259
f 247/1644/259 260/1664/259 259/1651/259
f 249/499/258 248/486/258 252/449/258
f 249/499/258 252/449/258 251/454/258
f 25/215/31 26/208/31 27/217/31
f 25/215/39 27/217/39 32/240/39
f 25/215/39 32/240/39 31/235/39
f 250/445/250 251/454/250 252/449/250
f 250/445/260 262/444/260 264/453/260
f 250/445/260 264/453/260 251/454/260
f 251/454/246 260/498/246 249/499/246
f 251/454/246 264/453/246 260/498/246
f 253/1518/251 254/1519/251 255/1543/251
f 253/1518/262 259/1493/262 261/1495/262
f 253/1518/262 261/1495/262 254/1519/262
f 255/1543/264 254/1519/264 258/1580/264
f 255/1543/264 258/1580/264 257/1599/264
f 256/1729/252 257/1706/252 258/1717/252
f 256/572/263 258/577/263 263/548/263
f 256/572/263 263/548/263 262/544/263
f 257/1706/243 242/1650/243 255/1649/243
f 257/1706/243 244/1707/243 242/1650/243
f 259/545/253 260/539/253 261/549/253
f 261/549/261 260/539/261 264/538/261
f 261/549/261 264/538/261 263/548/261
f 262/444/3 245/406/3 256/405/3
f 262/444/3 250/445/3 245/406/3
f 262/544/254 263/548/254 264/538/254
f 263/548/244 254/578/244 261/549/244
f 263/548/244 258/577/244 254/578/244
f 265/1813/271 266/1798/271 267/1804/271
f 268/226/272 269/231/272 270/230/272
f 268/226/280 267/218/280 266/202/280
f 268/226/280 270/230/280 267/218/280
f 269/231/290 268/226/290 281/201/290
f 269/231/290 281/201/290 280/220/290
f 270/230/269 272/236/269 267/218/269
f 270/230/269 276/259/269 272/236/269
f 271/364/273 272/369/273 273/370/273
f 271/364/279 265/339/279 267/347/279
f 271/364/279 267/347/279 272/369/279
f 273/370/282 272/369/282 276/390/282
f 273/370/282 276/390/282 275/391/282
f 274/1809/274 275/1794/274 276/1800/274
f 274/1809/3 269/1846/3 280/1847/3
f 274/1809/3 280/1847/3 286/1810/3
f 274/261/281 270/230/281 269/231/281
f 274/261/281 276/259/281 270/230/281
f 275/1794/270 284/1754/270 273/1753/270
f 275/1794/270 288/1795/270 284/1754/270
f 277/1814/275 278/1805/275 279/1799/275
f 277/1814/289 266/1798/289 265/1813/289
f 277/1814/289 279/1799/289 266/1798/289
f 277/1951/286 283/1902/286 285/1895/286
f 277/1951/286 285/1895/286 278/1947/286
f 279/1962/288 278/1947/288 282/1946/288
f 279/1962/288 282/1946/288 281/1961/288
f 28/1748/32 29/1737/32 30/1740/32
f 28/207/40 27/217/40 26/208/40
f 28/207/40 30/216/40 27/217/40
f 280/1950/276 281/1961/276 282/1946/276
f 280/1950/287 282/1946/287 287/1894/287
f 280/1950/287 287/1894/287 286/1901/287
f 281/1756/267 266/1798/267 279/1799/267
f 281/1756/267 268/1755/267 266/1798/267
f 283/1852/26 265/1813/26 271/1851/26
f 283/1852/26 277/1814/26 265/1813/26
f 283/1902/277 284/1882/277 285/1895/277
f 283/357/283 271/364/283 273/370/283
f 283/357/283 273/370/283 284/361/283
f 285/1895/285 284/1882/285 288/1881/285
f 285/1895/285 288/1881/285 287/1894/285
f 286/1810/278 287/1801/278 288/1795/278
f 286/1810/284 275/1794/284 274/1809/284
f 286/1810/284 288/1795/284 275/1794/284
f 287/1894/268 278/1947/268 285/1895/268
f 287/1894/268 282/1946/268 278/1947/268
f 289/1598/295 290/1576/295 291/1596/295
f 289/1598/303 291/1596/303 296/1637/303
f 289/1598/303 296/1637/303 295/1640/303
f 29/1220/41 34/1276/41 36/1278/41
f 29/1220/41 36/1278/41 30/1222/41
f 29/1737/50 28/1748/50 41/1749/50
f 29/1737/50 41/1749/50 40/1738/50
f 292/1536/304 291/1596/304 290/1576/304
f 292/1536/304 294/1552/304 291/1596/304
f 292/268/296 293/281/296 294/279/296
f 293/1924/314 292/1910/314 305/1914/314
f 293/1924/314 305/1914/314 304/1926/314
f 294/279/293 296/309/293 291/280/293
f 294/279/293 300/308/293 296/309/293
f 295/1766/297 296/1759/297 297/1747/297
f 295/1766/307 297/1747/307 308/1746/307
f 295/1766/307 308/1746/307 307/1765/307
f 297/318/306 296/309/306 300/308/306
f 297/318/306 300/308/306 299/317/306
f 298/310/298 299/317/298 300/308/298
f 298/310/305 294/279/305 293/281/305
f 298/310/305 300/308/305 294/279/305
f 299/1674/294 308/1746/294 297/1747/294
f 299/1674/294 312/1673/294 308/1746/294
f 30/216/29 32/240/29 27/217/29
f 30/216/29 36/239/29 32/240/29
f 301/1556/313 290/1576/313 289/1598/313
f 301/1556/313 303/1537/313 290/1576/313
f 301/1787/310 307/1765/310 309/1758/310
f 301/1787/310 309/1758/310 302/1778/310
f 301/1819/299 302/1831/299 303/1832/299
f 303/1832/312 302/1831/312 306/1913/312
f 303/1832/312 306/1913/312 305/1914/312
f 304/1926/300 305/1914/300 306/1913/300
f 305/1914/291 290/1828/291 303/1832/291
f 305/1914/291 292/1910/291 290/1828/291
f 307/1615/26 289/1598/26 295/1640/26
f 307/1615/26 301/1556/26 289/1598/26
f 307/1765/301 308/1746/301 309/1758/301
f 309/1551/309 308/1535/309 312/1573/309
f 309/1551/309 312/1573/309 311/1595/309
f 31/1575/43 33/1564/43 44/1563/43
f 31/1575/43 44/1563/43 43/1574/43
f 31/1623/26 37/1627/26 25/1665/26
f 31/1623/26 43/1586/26 37/1627/26
f 31/235/33 32/240/33 33/245/33
f 310/1597/3 293/1617/3 304/1639/3
f 310/1597/3 298/1555/3 293/1617/3
f 310/1597/302 311/1595/302 312/1573/302
f 310/1597/308 299/1534/308 298/1555/308
f 310/1597/308 312/1573/308 299/1534/308
f 310/1597/311 304/1639/311 306/1636/311
f 310/1597/311 306/1636/311 311/1595/311
f 311/1911/292 302/1831/292 309/1829/292
f 311/1911/292 306/1913/292 302/1831/292
f 313/287/319 314/284/319 315/286/319
f 313/287/327 315/286/327 320/320/327
f 313/287/327 320/320/327 319/321/327
f 316/609/320 317/603/320 318/611/320
f 316/609/328 315/664/328 314/662/328
f 316/609/328 318/611/328 315/664/328
f 317/603/338 316/609/338 329/610/338
f 317/603/338 329/610/338 328/605/338
f 318/288/317 320/320/317 315/286/317
f 318/288/317 324/322/317 320/320/317
f 319/1089/331 321/1078/331 332/1062/331
f 319/1089/331 332/1062/331 331/1071/331
f 319/321/321 320/320/321 321/330/321
f 321/1936/330 320/1935/330 324/1871/330
f 321/1936/330 324/1871/330 323/1873/330
f 322/1868/322 323/1873/322 324/1871/322
f 322/1868/329 318/1843/329 317/1840/329
f 322/1868/329 324/1871/329 318/1843/329
f 323/1051/318 332/1062/318 321/1078/318
f 323/1051/318 336/1032/318 332/1062/318
f 325/672/323 326/665/323 327/663/323
f 325/672/337 314/662/337 313/669/337
f 325/672/337 327/663/337 314/662/337
f 327/663/336 326/665/336 330/612/336
f 327/663/336 330/612/336 329/610/336
f 328/1180/324 329/1196/324 330/1181/324
f 329/610/315 314/662/315 327/663/315
f 329/610/315 316/609/315 314/662/315
f 33/1317/42 32/1303/42 36/1278/42
f 33/1317/42 36/1278/42 35/1284/42
f 331/1071/325 332/1062/325 333/1067/325
f 331/1071/334 326/1088/334 325/1099/334
f 331/1071/334 333/1067/334 326/1088/334
f 331/323/26 313/287/26 319/321/26
f 331/323/26 325/289/26 313/287/26
f 333/1067/333 332/1062/333 336/1032/333
f 333/1067/333 336/1032/333 335/1034/333
f 334/1145/3 317/1187/3 328/1180/3
f 334/1145/3 322/1150/3 317/1187/3
f 334/1145/326 335/1146/326 336/1135/326
f 334/1145/335 328/1180/335 330/1181/335
f 334/1145/335 330/1181/335 335/1146/335
f 334/1842/332 323/1873/332 322/1868/332
f 334/1842/332 336/1860/332 323/1873/332
f 335/1146/316 326/1185/316 333/1147/316
f 335/1146/316 330/1181/316 326/1185/316
f 337/1344/351 339/1349/351 344/1405/351
f 337/1344/351 344/1405/351 343/1404/351
f 337/90/343 338/83/343 339/85/343
f 34/1276/3 29/1220/3 40/1262/3
f 34/1276/3 40/1262/3 46/1302/3
f 34/1276/34 35/1284/34 36/1278/34
f 340/40/344 341/27/344 342/42/344
f 340/40/352 339/85/352 338/83/352
f 340/40/352 342/42/352 339/85/352
f 341/1672/353 348/1728/353 342/1683/353
f 341/1672/687 346/1716/687 348/1728/687
f 341/739/362 353/728/362 352/720/362
f 341/739/691 340/743/691 353/728/691
f 342/42/341 344/86/341 339/85/341
f 342/42/341 348/43/341 344/86/341
f 343/1404/345 344/1405/345 345/1419/345
f 343/1404/355 345/1419/355 356/1446/355
f 343/1404/355 356/1446/355 355/1439/355
f 345/1419/354 344/1405/354 348/1440/354
f 345/1419/354 348/1440/354 347/1445/354
f 346/1716/346 347/1736/346 348/1728/346
f 346/1716/356 360/1735/356 347/1736/356
f 346/1716/688 358/1715/688 360/1735/688
f 347/1736/342 356/1785/342 345/1786/342
f 347/1736/342 360/1735/342 356/1785/342
f 349/1498/347 350/1500/347 351/1504/347
f 349/91/361 338/83/361 337/90/361
f 349/91/690 351/84/690 338/83/690
f 35/1473/30 44/1563/30 33/1564/30
f 35/1473/30 48/1472/30 44/1563/30
f 351/744/360 350/741/360 354/722/360
f 351/744/360 354/722/360 353/728/360
f 352/720/348 353/728/348 354/722/348
f 353/41/339 338/83/339 351/84/339
f 353/41/339 340/40/339 338/83/339
f 355/1439/26 337/1344/26 343/1404/26
f 355/1439/26 349/1384/26 337/1344/26
f 355/1461/349 356/1453/349 357/1463/349
f 355/1461/358 350/1500/358 349/1498/358
f 355/1461/358 357/1463/358 350/1500/358
f 357/1463/357 356/1453/357 360/1452/357
f 357/1463/357 360/1452/357 359/1462/357
f 358/1715/350 359/1727/350 360/1735/350
f 358/687/3 341/739/3 352/720/3
f 358/687/3 346/715/3 341/739/3
f 358/687/359 354/722/359 359/692/359
f 358/687/689 352/720/689 354/722/689
f 359/1462/340 350/1500/340 357/1463/340
f 359/1462/340 354/1499/340 350/1500/340
f 361/1893/367 362/1880/367 363/1900/367
f 364/1257/368 365/1229/368 366/1245/368
f 364/1879/376 363/1900/376 362/1880/376
f 364/1879/376 366/1899/376 363/1900/376
f 365/1229/386 364/1257/386 377/1258/386
f 365/1229/386 377/1258/386 376/1230/386
f 366/1899/365 368/1953/365 363/1900/365
f 366/1899/365 372/1952/365 368/1953/365
f 367/1776/369 368/1783/369 369/1791/369
f 367/1949/375 361/1893/375 363/1900/375
f 367/1949/375 363/1900/375 368/1953/375
f 369/1960/378 368/1953/378 372/1952/378
f 369/1960/378 372/1952/378 371/1959/378
f 37/1627/35 38/1633/35 39/1646/35
f 37/1627/46 43/1586/46 45/1592/46
f 37/1627/46 45/1592/46 38/1633/46
f 37/1627/49 26/1678/49 25/1665/49
f 37/1627/49 39/1646/49 26/1678/49
f 370/1203/3 365/1229/3 376/1230/3
f 370/1203/3 376/1230/3 382/1204/3
f 370/1948/370 371/1959/370 372/1952/370
f 370/1948/377 366/1899/377 365/1892/377
f 370/1948/377 372/1952/377 366/1899/377
f 371/1849/366 380/1792/366 369/1791/366
f 371/1849/366 384/1850/366 380/1792/366
f 373/1454/371 374/1456/371 375/1464/371
f 373/1454/382 379/1410/382 381/1414/382
f 373/1454/382 381/1414/382 374/1456/382
f 373/1454/385 362/1489/385 361/1475/385
f 373/1454/385 375/1464/385 362/1489/385
f 375/1464/384 374/1456/384 378/1477/384
f 375/1464/384 378/1477/384 377/1488/384
f 376/1230/372 377/1258/372 378/1246/372
f 376/1863/383 378/1856/383 383/1817/383
f 376/1863/383 383/1817/383 382/1825/383
f 377/1258/363 362/1318/363 375/1319/363
f 377/1258/363 364/1257/363 362/1318/363
f 379/1777/26 361/1751/26 367/1776/26
f 379/1777/26 373/1752/26 361/1751/26
f 379/1777/373 380/1792/373 381/1784/373
f 379/1777/379 367/1776/379 369/1791/379
f 379/1777/379 369/1791/379 380/1792/379
f 381/1770/381 380/1769/381 384/1808/381
f 381/1770/381 384/1808/381 383/1817/381
f 382/1825/374 383/1817/374 384/1808/374
f 382/1825/380 371/1826/380 370/1841/380
f 382/1825/380 384/1808/380 371/1826/380
f 383/1444/364 374/1456/364 381/1414/364
f 383/1444/364 378/1477/364 374/1456/364
f 385/101/391 386/110/391 387/107/391
f 385/129/399 387/124/399 392/157/399
f 385/129/399 392/157/399 391/178/399
f 388/717/392 389/726/392 390/725/392
f 388/717/400 387/702/400 386/686/400
f 388/717/400 390/725/400 387/702/400
f 389/726/410 388/717/410 401/685/410
f 389/726/410 401/685/410 400/705/410
f 39/1646/48 38/1633/48 42/1666/48
f 39/1646/48 42/1666/48 41/1677/48
f 390/123/389 392/157/389 387/124/389
f 390/123/389 396/156/389 392/157/389
f 391/1010/403 393/994/403 404/993/403
f 391/1010/403 404/993/403 403/1009/403
f 391/178/393 392/157/393 393/185/393
f 393/185/402 392/157/402 396/156/402
f 393/185/402 396/156/402 395/184/402
f 394/177/394 395/184/394 396/156/394
f 394/752/3 389/726/3 400/705/3
f 394/752/3 400/705/3 406/727/3
f 394/752/401 390/725/401 389/726/401
f 394/752/401 396/751/401 390/725/401
f 395/967/390 404/993/390 393/994/390
f 395/967/390 408/966/390 404/993/390
f 397/100/395 398/106/395 399/109/395
f 397/100/409 386/110/409 385/101/409
f 397/100/409 399/109/409 386/110/409
f 399/109/408 398/106/408 402/151/408
f 399/109/408 402/151/408 401/174/408
f 4/1807/15 3/1870/15 2/1869/15
f 4/1807/15 6/1815/15 3/1870/15
f 4/338/7 5/350/7 6/351/7
f 40/1738/36 41/1749/36 42/1741/36
f 40/1738/47 42/1741/47 47/1699/47
f 40/1738/47 47/1699/47 46/1694/47
f 400/1616/396 401/1622/396 402/1613/396
f 400/1616/407 402/1613/407 407/1546/407
f 400/1616/407 407/1546/407 406/1547/407
f 401/174/387 386/110/387 399/109/387
f 401/174/387 388/175/387 386/110/387
f 403/1009/26 385/1023/26 391/1010/26
f 403/1009/26 397/1022/26 385/1023/26
f 403/1009/397 404/993/397 405/1001/397
f 403/1009/406 398/1021/406 397/1022/406
f 403/1009/406 405/1001/406 398/1021/406
f 405/1001/405 404/993/405 408/966/405
f 405/1001/405 408/966/405 407/976/405
f 406/1547/398 407/1546/398 408/1522/398
f 406/1547/404 395/1513/404 394/1542/404
f 406/1547/404 408/1522/404 395/1513/404
f 407/1546/388 398/1589/388 405/1514/388
f 407/1546/388 402/1613/388 398/1589/388
f 409/1739/415 410/1721/415 411/1726/415
f 409/1739/423 411/1726/423 416/1757/423
f 409/1739/423 416/1757/423 415/1767/423
f 41/1749/27 26/1796/27 39/1797/27
f 41/1749/27 28/1748/27 26/1796/27
f 412/1652/424 411/1726/424 410/1721/424
f 412/1652/424 414/1660/424 411/1726/424
f 412/451/416 413/460/416 414/459/416
f 414/459/413 416/472/413 411/447/413
f 414/459/413 420/491/413 416/472/413
f 415/1875/417 416/1886/417 417/1887/417
f 415/900/427 417/896/427 428/910/427
f 415/900/427 428/910/427 427/918/427
f 417/1887/426 416/1886/426 420/1965/426
f 417/1887/426 420/1965/426 419/1966/426
f 418/1971/418 419/1966/418 420/1965/418
f 418/1971/428 430/1970/428 432/1964/428
f 418/1971/428 432/1964/428 419/1966/428
f 418/496/3 413/460/3 424/452/3
f 418/496/3 424/452/3 430/480/3
f 418/496/425 414/459/425 413/460/425
f 418/496/425 420/491/425 414/459/425
f 419/1966/414 428/1885/414 417/1887/414
f 419/1966/414 432/1964/414 428/1885/414
f 421/1768/419 422/1762/419 423/1750/419
f 421/1768/433 410/1721/433 409/1739/433
f 421/1768/433 423/1750/433 410/1721/433
f 423/188/432 422/164/432 426/163/432
f 423/188/432 426/163/432 425/187/432
f 424/176/420 425/187/420 426/163/420
f 424/452/434 412/451/434 425/446/434
f 424/452/434 413/460/434 412/451/434
f 425/1681/411 410/1721/411 423/1750/411
f 425/1681/411 412/1652/411 410/1721/411
f 427/918/26 409/931/26 415/900/26
f 427/918/26 421/952/26 409/931/26
f 427/918/421 428/910/421 429/917/421
f 427/918/430 422/951/430 421/952/430
f 427/918/430 429/917/430 422/951/430
f 429/917/429 428/910/429 432/895/429
f 429/917/429 432/895/429 431/899/429
f 43/1574/37 44/1563/37 45/1565/37
f 430/130/422 431/127/422 432/125/422
f 430/130/431 424/176/431 426/163/431
f 430/130/431 426/163/431 431/127/431
f 431/127/412 422/164/412 429/128/412
f 431/127/412 426/163/412 422/164/412
f 433/1215/441 436/1237/441 507/1234/441
f 433/1215/441 507/1234/441 506/1213/441
f 434/1211/445 441/1210/445 442/1214/445
f 434/1211/445 442/1214/445 433/1215/445
f 434/1211/464 433/1215/464 506/1213/464
f 434/1211/464 506/1213/464 505/1208/464
f 435/1052/3 438/1053/3 509/1011/3
f 435/1052/3 509/1011/3 508/1005/3
f 435/1253/446 436/1237/446 443/1233/446
f 435/1253/446 443/1233/446 444/1250/446
f 435/1253/463 507/1234/463 436/1237/463
f 435/1253/463 508/1251/463 507/1234/463
f 437/1435/435 440/1425/435 511/1370/435
f 437/1435/435 511/1370/435 510/1383/435
f 439/1413/448 440/1425/448 447/1480/448
f 439/1413/448 447/1480/448 448/1471/448
f 439/641/26 434/640/26 505/694/26
f 439/641/26 505/694/26 512/680/26
f 441/200/449 449/267/449 450/278/449
f 441/200/449 450/278/449 442/214/449
f 442/1214/443 436/1237/443 433/1215/443
f 442/1214/443 443/1233/443 436/1237/443
f 444/1110/3 438/1053/3 435/1052/3
f 444/1110/3 445/1102/3 438/1053/3
f 444/1110/3 452/1170/3 453/1138/3
f 444/1110/3 453/1138/3 445/1102/3
f 444/1110/450 443/1118/450 451/1183/450
f 444/1110/450 451/1183/450 452/1170/450
f 446/1449/442 440/1393/442 437/1408/442
f 446/1449/442 447/1442/442 440/1393/442
f 446/1449/447 437/1408/447 438/1420/447
f 446/1449/447 438/1420/447 445/1457/447
f 446/1449/451 445/1457/451 453/1458/451
f 446/1449/451 453/1458/451 454/1450/451
f 448/597/26 434/640/26 439/641/26
f 448/597/26 441/579/26 434/640/26
f 448/597/452 447/601/452 455/564/452
f 448/597/452 455/564/452 456/553/452
f 45/1565/45 44/1563/45 48/1472/45
f 45/1565/45 48/1472/45 47/1474/45
f 450/1212/444 443/1233/444 442/1214/444
f 450/1212/444 451/1231/444 443/1233/444
f 452/1170/454 451/1183/454 459/1184/454
f 452/1170/454 459/1184/454 460/1171/454
f 454/1450/436 447/1442/436 446/1449/436
f 454/1450/436 455/1443/436 447/1442/436
f 454/1450/455 453/1458/455 461/1421/455
f 454/1450/455 461/1421/455 462/1409/455
f 456/553/26 441/579/26 448/597/26
f 456/553/26 449/515/26 441/579/26
f 456/553/456 455/564/456 463/565/456
f 456/553/456 463/565/456 464/554/456
f 457/307/453 450/278/453 449/267/453
f 457/307/453 458/316/453 450/278/453
f 458/1198/437 451/1183/437 450/1197/437
f 458/1198/437 459/1184/437 451/1183/437
f 46/1302/44 35/1284/44 34/1276/44
f 46/1302/44 48/1316/44 35/1284/44
f 46/1465/38 47/1474/38 48/1472/38
f 460/1171/3 453/1138/3 452/1170/3
f 460/1171/3 461/1139/3 453/1138/3
f 460/1171/458 459/1184/458 467/1119/458
f 460/1171/458 467/1119/458 468/1111/458
f 462/1409/459 461/1421/459 469/1336/459
f 462/1409/459 469/1336/459 470/1329/459
f 462/586/438 455/564/438 454/585/438
f 462/586/438 463/565/438 455/564/438
f 464/554/26 449/515/26 456/553/26
f 464/554/26 457/516/26 449/515/26
f 464/554/26 465/580/26 457/516/26
f 464/554/26 472/598/26 465/580/26
f 464/554/460 463/565/460 471/602/460
f 464/554/460 471/602/460 472/598/460
f 465/306/457 458/316/457 457/307/457
f 465/306/457 466/315/457 458/316/457
f 466/315/439 459/329/439 458/316/439
f 466/315/439 467/328/439 459/329/439
f 468/1111/3 461/1139/3 460/1171/3
f 468/1111/3 469/1103/3 461/1139/3
f 47/1474/28 38/1566/28 45/1565/28
f 47/1474/28 42/1476/28 38/1566/28
f 470/1416/463 469/1427/463 477/1426/463
f 470/1416/463 477/1426/463 478/1415/463
f 470/606/440 463/565/440 462/586/440
f 470/606/440 471/602/440 463/565/440
f 472/1380/464 471/1389/464 479/1388/464
f 472/1380/464 479/1388/464 480/1377/464
f 473/266/448 481/199/448 482/213/448
f 473/266/448 482/213/448 474/277/448
f 473/266/461 466/315/461 465/306/461
f 473/266/461 474/277/461 466/315/461
f 474/277/435 467/328/435 466/315/435
f 474/277/435 475/282/435 467/328/435
f 476/1055/3 469/1103/3 468/1111/3
f 476/1055/3 477/1054/3 469/1103/3
f 476/876/447 475/860/447 483/834/447
f 476/876/447 483/834/447 484/839/447
f 476/876/462 467/946/462 475/860/462
f 476/876/462 468/958/462 467/946/462
f 478/1415/441 471/1389/441 470/1416/441
f 478/1415/441 479/1388/441 471/1389/441
f 480/1377/445 479/1388/445 487/1390/445
f 480/1377/445 487/1390/445 488/1379/445
f 480/642/26 465/580/26 472/598/26
f 480/642/26 473/643/26 465/580/26
f 481/695/452 489/732/452 490/738/452
f 481/695/452 490/738/452 482/704/452
f 482/815/442 475/860/442 474/849/442
f 482/815/442 483/834/442 475/860/442
f 484/1006/3 477/1054/3 476/1055/3
f 484/1006/3 485/1012/3 477/1054/3
f 484/1006/3 492/963/3 493/986/3
f 484/1006/3 493/986/3 485/1012/3
f 484/839/451 483/834/451 491/833/451
f 484/839/451 491/833/451 492/838/451
f 486/1016/450 485/1012/450 493/986/450
f 486/1016/450 493/986/450 494/992/450
f 486/1417/443 479/1388/443 478/1415/443
f 486/1417/443 487/1390/443 479/1388/443
f 486/1417/446 477/1426/446 485/1428/446
f 486/1417/446 478/1415/446 477/1426/446
f 488/1470/449 487/1479/449 495/1424/449
f 488/1470/449 495/1424/449 496/1412/449
f 488/681/26 473/643/26 480/642/26
f 488/681/26 481/695/26 473/643/26
f 49/1386/55 50/1407/55 51/1400/55
f 49/1492/63 51/1494/63 56/1538/63
f 49/1492/63 56/1538/63 55/1531/63
f 490/814/436 483/834/436 482/815/436
f 490/814/436 491/833/436 483/834/436
f 492/838/455 491/833/455 499/859/455
f 492/838/455 499/859/455 500/875/455
f 494/1418/444 487/1390/444 486/1417/444
f 494/1418/444 495/1392/444 487/1390/444
f 494/992/454 493/986/454 501/985/454
f 494/992/454 501/985/454 502/991/454
f 496/1412/453 495/1424/453 503/1369/453
f 496/1412/453 503/1369/453 504/1356/453
f 496/712/26 481/695/26 488/681/26
f 496/712/26 489/732/26 481/695/26
f 497/731/456 490/738/456 489/732/456
f 497/731/456 498/737/456 490/738/456
f 498/737/438 491/746/438 490/738/438
f 498/737/438 499/745/438 491/746/438
f 5/350/16 10/373/16 12/374/16
f 5/350/16 12/374/16 6/351/16
f 5/430/25 17/456/25 16/448/25
f 5/430/25 4/440/25 17/456/25
f 500/875/459 499/859/459 507/945/459
f 500/875/459 507/945/459 508/957/459
f 500/962/3 493/986/3 492/963/3
f 500/962/3 501/985/3 493/986/3
f 502/991/437 495/1008/437 494/992/437
f 502/991/437 503/1007/437 495/1008/437
f 502/991/458 501/985/458 509/1011/458
f 502/991/458 509/1011/458 510/1015/458
f 504/1356/457 503/1369/457 511/1370/457
f 504/1356/457 511/1370/457 512/1357/457
f 504/711/26 489/732/26 496/712/26
f 504/711/26 497/731/26 489/732/26
f 504/711/26 505/694/26 497/731/26
f 504/711/26 512/680/26 505/694/26
f 505/694/460 498/737/460 497/731/460
f 505/694/460 506/703/460 498/737/460
f 506/703/440 499/745/440 498/737/440
f 506/703/440 507/713/440 499/745/440
f 508/1005/3 501/985/3 500/962/3
f 508/1005/3 509/1011/3 501/985/3
f 510/1328/462 438/1420/462 437/1408/462
f 510/1328/462 509/1335/462 438/1420/462
f 510/1383/439 503/1369/439 502/1382/439
f 510/1383/439 511/1370/439 503/1369/439
f 512/1357/461 440/1425/461 439/1413/461
f 512/1357/461 511/1370/461 440/1425/461
f 52/1845/56 53/1862/56 54/1853/56
f 52/1845/64 51/1793/64 50/1790/64
f 52/1845/64 54/1853/64 51/1793/64
f 53/1862/74 52/1845/74 65/1864/74
f 53/1862/74 65/1864/74 64/1872/74
f 54/1509/53 56/1538/53 51/1494/53
f 54/1509/53 60/1571/53 56/1538/53
f 55/1531/57 56/1538/57 57/1554/57
f 55/1531/67 57/1554/67 68/1594/67
f 55/1531/67 68/1594/67 67/1570/67
f 57/1554/66 56/1538/66 60/1571/66
f 57/1554/66 60/1571/66 59/1593/66
f 58/1558/58 59/1578/58 60/1569/58
f 58/1891/65 54/1853/65 53/1862/65
f 58/1891/65 60/1878/65 54/1853/65
f 59/1578/54 68/1641/54 57/1642/54
f 59/1578/54 72/1577/54 68/1641/54
f 6/351/4 12/374/4 8/372/4
f 6/351/4 8/372/4 3/349/4
f 61/1385/59 62/1399/59 63/1406/59
f 61/1385/73 50/1407/73 49/1386/73
f 61/1385/73 63/1406/73 50/1407/73
f 63/1761/72 62/1745/72 66/1744/72
f 63/1761/72 66/1744/72 65/1760/72
f 64/1742/60 65/1760/60 66/1744/60
f 65/1459/51 50/1407/51 63/1406/51
f 65/1459/51 52/1460/51 50/1407/51
f 67/1345/26 49/1386/26 55/1346/26
f 67/1345/26 61/1385/26 49/1386/26
f 67/1685/61 68/1676/61 69/1687/61
f 67/1685/70 62/1745/70 61/1743/70
f 67/1685/70 69/1687/70 62/1745/70
f 69/1687/69 68/1676/69 72/1675/69
f 69/1687/69 72/1675/69 71/1686/69
f 7/688/18 20/699/18 19/689/18
f 7/688/18 9/700/18 20/699/18
f 7/688/8 8/698/8 9/700/8
f 70/1557/3 53/1506/3 64/1505/3
f 70/1557/3 58/1558/3 53/1506/3
f 70/1557/62 71/1568/62 72/1577/62
f 70/1557/68 59/1578/68 58/1558/68
f 70/1557/68 72/1577/68 59/1578/68
f 70/1684/71 64/1742/71 66/1744/71
f 70/1684/71 66/1744/71 71/1686/71
f 71/1686/52 62/1745/52 69/1687/52
f 71/1686/52 66/1744/52 62/1745/52
f 73/1068/79 74/1058/79 75/1066/79
f 73/1068/87 75/1066/87 80/1094/87
f 73/1068/87 80/1094/87 79/1100/87
f 73/1068/97 85/1069/97 87/1059/97
f 73/1068/97 87/1059/97 74/1058/97
f 76/1030/88 75/1066/88 74/1058/88
f 76/1030/88 78/1035/88 75/1066/88
f 76/1510/80 77/1529/80 78/1527/80
f 77/1529/98 76/1510/98 89/1502/98
f 77/1529/98 89/1502/98 88/1520/98
f 78/1527/77 80/1572/77 75/1503/77
f 78/1527/77 84/1602/77 80/1572/77
f 79/25/81 80/36/81 81/46/81
f 79/25/91 81/46/91 92/47/91
f 79/25/91 92/47/91 91/26/91
f 81/46/90 80/36/90 84/76/90
f 81/46/90 84/76/90 83/81/90
f 82/1607/82 83/1614/82 84/1602/82
f 82/1607/89 78/1527/89 77/1529/89
f 82/1607/89 84/1602/89 78/1527/89
f 82/629/3 77/654/3 88/678/3
f 82/629/3 88/678/3 94/655/3
f 83/81/78 92/47/78 81/46/78
f 83/81/78 96/82/78 92/47/78
f 85/942/83 86/937/83 87/956/83
f 85/942/94 91/912/94 93/906/94
f 85/942/94 93/906/94 86/937/94
f 87/956/96 86/937/96 90/936/96
f 87/956/96 90/936/96 89/955/96
f 88/678/95 90/677/95 95/653/95
f 88/678/95 95/653/95 94/655/95
f 88/941/84 89/955/84 90/936/84
f 89/1031/75 74/1058/75 87/1059/75
f 89/1031/75 76/1030/75 74/1058/75
f 9/700/17 12/748/17 11/750/17
f 9/700/17 8/698/17 12/748/17
f 91/1101/26 73/1068/26 79/1100/26
f 91/1101/26 85/1069/26 73/1068/26
f 91/26/85 92/47/85 93/37/85
f 93/628/93 92/620/93 96/647/93
f 93/628/93 96/647/93 95/653/93
f 94/655/86 95/653/86 96/647/86
f 94/655/92 83/619/92 82/629/92
f 94/655/92 96/647/92 83/619/92
f 95/905/76 86/937/76 93/906/76
f 95/905/76 90/936/76 86/937/76
f 97/1661/103 98/1648/103 99/1662/103
f 97/1661/111 104/1698/111 103/1697/111
f 97/1661/111 99/1662/111 104/1698/111
f 97/1859/121 109/1858/121 111/1866/121
f 97/1859/121 111/1866/121 98/1867/121
usemtl RPG_water
f 514/1491/3 532/1448/3 530/1363/3
f 514/1491/465 515/1496/465 513/1497/465
f 514/1491/465 516/1490/465 515/1496/465
f 515/964/26 517/988/26 519/1028/26
f 516/73/466 517/60/466 515/59/466
f 516/73/466 518/75/466 517/60/466
f 518/1447/3 514/1491/3 530/1363/3
f 518/1447/3 516/1490/3 514/1491/3
f 518/75/467 519/61/467 517/60/467
f 518/75/467 520/74/467 519/61/467
f 519/1028/26 521/1064/26 523/1104/26
f 519/1028/26 523/1104/26 527/1065/26
f 519/1028/26 527/1065/26 531/989/26
f 520/74/468 521/56/468 519/61/468
f 520/74/468 522/72/468 521/56/468
f 522/1070/469 523/1104/469 521/1064/469
f 522/1070/469 524/1106/469 523/1104/469
f 522/1280/3 520/1362/3 518/1447/3
f 523/1104/26 525/1105/26 527/1065/26
f 524/1106/470 525/1105/470 523/1104/470
f 524/1106/470 526/1107/470 525/1105/470
f 526/1219/3 524/1218/3 522/1280/3
f 526/413/471 527/426/471 525/427/471
f 526/413/471 528/412/471 527/426/471
f 527/1065/26 529/1029/26 531/989/26
f 528/1243/472 529/1221/472 527/1260/472
f 528/1243/472 530/1209/472 529/1221/472
f 530/1209/473 531/1242/473 529/1221/473
f 530/1209/473 532/1225/473 531/1242/473
f 530/1363/3 522/1280/3 518/1447/3
f 530/1363/3 526/1219/3 522/1280/3
f 530/1363/3 528/1281/3 526/1219/3
f 531/989/26 513/965/26 515/964/26
f 531/989/26 515/964/26 519/1028/26
f 532/1448/474 513/1497/474 531/1455/474
f 532/1448/474 514/1491/474 513/1497/474
usemtl RPG_timber
f 534/488/497 533/481/497 561/475/497
f 534/488/497 561/475/497 562/476/497
f 535/1248/3 563/1226/3 559/1224/3
f 536/1247/482 538/1232/482 534/1217/482
f 536/1247/482 540/1270/482 538/1232/482
f 536/1247/484 535/1248/484 539/1265/484
f 536/1247/484 539/1265/484 540/1270/484
f 537/383/26 541/381/26 545/382/26
f 538/132/485 541/168/485 537/140/485
f 538/132/485 542/170/485 541/168/485
f 538/495/483 533/481/483 534/488/483
f 538/495/483 537/487/483 533/481/483
f 540/1270/486 539/1265/486 543/1271/486
f 540/1270/486 543/1271/486 544/1279/486
f 540/131/481 542/170/481 538/132/481
f 540/131/481 544/169/481 542/170/481
f 543/1271/3 535/1248/3 559/1224/3
f 543/1271/3 539/1265/3 535/1248/3
f 544/169/476 546/195/476 542/170/476
f 544/169/476 548/194/476 546/195/476
f 544/169/488 543/167/488 547/191/488
f 544/169/488 547/191/488 548/194/488
f 545/382/26 549/388/26 553/394/26
f 545/382/26 553/394/26 561/395/26
f 546/380/487 541/381/487 542/379/487
f 546/380/487 545/382/487 541/381/487
f 546/380/489 549/388/489 545/382/489
f 546/380/489 550/387/489 549/388/489
f 548/1172/490 547/1186/490 551/1190/490
f 548/1172/490 551/1190/490 552/1182/490
f 548/378/477 550/387/477 546/380/477
f 548/378/477 552/384/477 550/387/477
f 550/387/491 553/394/491 549/388/491
f 550/387/491 554/397/491 553/394/491
f 551/1249/3 547/1267/3 543/1271/3
f 552/1182/478 554/1195/478 550/1173/478
f 552/1182/478 556/1199/478 554/1195/478
f 552/1182/492 551/1190/492 555/1200/492
f 552/1182/492 555/1200/492 556/1199/492
f 553/394/26 557/396/26 561/395/26
f 556/1199/479 558/1201/479 554/1195/479
f 556/1199/479 560/1206/479 558/1201/479
f 556/1199/494 555/1200/494 559/1202/494
f 556/1199/494 559/1202/494 560/1206/494
f 558/464/493 553/463/493 554/458/493
f 558/464/493 557/465/493 553/463/493
f 558/464/495 561/475/495 557/465/495
f 558/464/495 562/476/495 561/475/495
f 559/1224/3 551/1249/3 543/1271/3
f 559/1224/3 555/1228/3 551/1249/3
f 560/1216/496 559/1224/496 563/1226/496
f 560/1216/496 563/1226/496 564/1223/496
f 560/457/480 562/476/480 558/464/480
f 560/457/480 564/471/480 562/476/480
f 561/395/26 533/389/26 537/383/26
f 561/395/26 537/383/26 545/382/26
f 564/1223/498 535/1248/498 536/1247/498
f 564/1223/498 563/1226/498 535/1248/498
f 564/471/475 534/488/475 562/476/475
f 564/471/475 536/479/475 534/488/475
f 565/341/500 567/337/500 566/345/500
f 566/345/467 569/344/467 573/402/467
f 567/337/507 568/340/507 569/344/507
f 567/337/507 569/344/507 566/345/507
f 568/1544/513 577/1523/513 570/1539/513
f 568/1544/513 579/1530/513 577/1523/513
f 568/340/501 570/342/501 569/344/501
f 569/344/508 570/342/508 572/403/508
f 569/344/508 572/403/508 573/402/508
f 571/160/502 573/180/502 572/162/502
f 571/404/506 565/341/506 566/345/506
f 571/404/506 566/345/506 573/402/506
f 572/162/3 580/148/3 571/160/3
f 572/162/3 582/149/3 580/148/3
f 574/418/503 576/429/503 575/420/503
f 575/529/26 568/511/26 567/510/26
f 575/529/26 579/527/26 568/511/26
f 575/529/512 565/509/512 574/526/512
f 575/529/512 567/510/512 565/509/512
f 576/429/509 574/418/509 580/417/509
f 576/429/509 580/417/509 581/428/509
f 577/1523/504 579/1530/504 578/1515/504
f 577/161/499 572/162/499 570/181/499
f 577/161/499 582/149/499 572/162/499
f 579/1530/511 575/1545/511 576/1521/511
f 579/1530/511 576/1521/511 578/1515/511
f 580/417/505 582/421/505 581/428/505
f 580/417/514 565/411/514 571/410/514
f 580/417/514 574/418/514 565/411/514
f 581/1451/472 578/1515/472 576/1521/472
f 582/149/510 577/161/510 578/147/510
f 582/149/510 578/147/510 581/134/510
f 584/49/483 587/48/483 583/44/483
f 584/49/483 588/51/483 587/48/483
f 585/1275/3 613/1259/3 609/1254/3
f 586/1274/482 588/1266/482 584/1239/482
f 586/1274/482 590/1285/482 588/1266/482
f 586/1274/484 585/1275/484 589/1282/484
f 586/1274/484 589/1282/484 590/1285/484
f 587/353/26 591/346/26 595/352/26
f 590/1060/481 592/1075/481 588/1061/481
f 590/1060/481 594/1074/481 592/1075/481
f 590/1285/486 589/1282/486 593/1286/486
f 590/1285/486 593/1286/486 594/1293/486
f 592/1075/485 587/1063/485 588/1061/485
f 592/1075/485 591/1073/485 587/1063/485
f 592/336/487 595/352/487 591/346/487
f 592/336/487 596/343/487 595/352/487
f 593/1286/3 585/1275/3 609/1254/3
f 593/1286/3 589/1282/3 585/1275/3
f 594/1074/476 596/1081/476 592/1075/476
f 594/1074/476 598/1080/476 596/1081/476
f 594/1074/488 593/1072/488 597/1079/488
f 594/1074/488 597/1079/488 598/1080/488
f 595/352/26 599/359/26 603/362/26
f 595/352/26 603/362/26 611/363/26
f 598/335/477 600/358/477 596/343/477
f 598/335/477 602/356/477 600/358/477
f 598/87/490 597/92/490 601/93/490
f 598/87/490 601/93/490 602/89/490
f 600/358/489 595/352/489 596/343/489
f 600/358/489 599/359/489 595/352/489
f 601/1277/3 597/1283/3 593/1286/3
f 602/89/478 604/99/478 600/88/478
f 602/89/478 606/102/478 604/99/478
f 602/89/492 601/93/492 605/104/492
f 602/89/492 605/104/492 606/102/492
f 603/362/26 607/365/26 611/363/26
f 604/368/491 599/359/491 600/358/491
f 604/368/491 603/362/491 599/359/491
f 604/5/493 607/15/493 603/8/493
f 604/5/493 608/9/493 607/15/493
f 606/102/479 608/111/479 604/99/479
f 606/102/479 610/119/479 608/111/479
f 606/102/494 605/104/494 609/112/494
f 606/102/494 609/112/494 610/119/494
f 609/1254/3 601/1277/3 593/1286/3
f 609/1254/3 605/1261/3 601/1277/3
f 610/1238/496 609/1254/496 613/1259/496
f 610/1238/496 613/1259/496 614/1252/496
f 610/4/480 612/23/480 608/9/480
f 610/4/480 614/17/480 612/23/480
f 611/363/26 583/360/26 587/353/26
f 611/363/26 587/353/26 595/352/26
f 612/23/495 607/15/495 608/9/495
f 612/23/495 611/22/495 607/15/495
f 612/23/497 583/44/497 611/22/497
f 612/23/497 584/49/497 583/44/497
f 614/1252/498 585/1275/498 586/1274/498
f 614/1252/498 613/1259/498 585/1275/498
f 614/17/475 584/49/475 612/23/475
f 614/17/475 586/39/475 584/49/475
f 615/30/500 617/24/500 616/34/500
f 616/34/467 619/33/467 623/113/467
f 617/24/507 618/28/507 619/33/507
f 617/24/507 619/33/507 616/34/507
f 618/28/501 620/31/501 619/33/501
f 618/889/513 627/874/513 620/884/513
f 618/889/513 629/877/513 627/874/513
f 619/33/508 620/31/508 622/120/508
f 619/33/508 622/120/508 623/113/508
f 621/121/506 615/30/506 616/34/506
f 621/121/506 616/34/506 623/113/506
f 621/1359/502 623/1367/502 622/1361/502
f 622/1361/3 630/1351/3 621/1359/3
f 622/1361/3 632/1352/3 630/1351/3
f 624/1301/503 626/1307/503 625/1304/503
f 625/528/26 618/508/26 617/507/26
f 625/528/26 629/525/26 618/508/26
f 625/528/512 615/506/512 624/524/512
f 625/528/512 617/507/512 615/506/512
f 626/1307/509 624/1301/509 630/1300/509
f 626/1307/509 630/1300/509 631/1306/509
f 627/1360/499 622/1361/499 620/1368/499
f 627/1360/499 632/1352/499 622/1361/499
f 627/874/504 629/877/504 628/861/504
f 629/877/511 625/890/511 626/872/511
f 629/877/511 626/872/511 628/861/511
f 630/1300/505 632/1305/505 631/1306/505
f 630/1300/514 615/1295/514 621/1294/514
f 630/1300/514 624/1301/514 615/1295/514
f 631/816/472 628/861/472 626/872/472
f 632/1352/510 627/1360/510 628/1350/510
f 632/1352/510 628/1350/510 631/1343/510
f 633/1108/511 635/1109/511 640/1122/511
f 633/1108/511 640/1122/511 639/1117/511
f 633/624/515 634/632/515 635/627/515
f 636/14/516 637/29/516 638/18/516
f 636/14/523 635/10/523 634/3/523
f 636/14/523 638/18/523 635/10/523
f 637/29/455 636/14/455 649/2/455
f 637/29/455 649/2/455 648/16/455
f 638/1121/472 640/1122/472 635/1109/472
f 638/1121/472 644/1142/472 640/1122/472
f 639/1117/453 641/1132/453 652/1149/453
f 639/1117/453 652/1149/453 651/1130/453
f 639/1117/517 640/1122/517 641/1132/517
f 641/1132/525 640/1122/525 644/1142/525
f 641/1132/525 644/1142/525 643/1148/525
f 642/50/524 638/18/524 637/29/524
f 642/50/524 644/45/524 638/18/524
f 642/574/3 637/561/3 648/560/3
f 642/574/3 648/560/3 654/573/3
f 642/574/518 643/588/518 644/584/518
f 643/588/437 652/595/437 641/596/437
f 643/588/437 656/587/437 652/595/437
f 645/623/456 634/632/456 633/624/456
f 645/623/456 647/631/456 634/632/456
f 645/623/519 646/626/519 647/631/519
f 647/251/528 646/253/528 650/265/528
f 647/251/528 650/265/528 649/263/528
f 648/276/520 649/263/520 650/265/520
f 648/276/527 650/265/527 655/264/527
f 648/276/527 655/264/527 654/275/527
f 649/638/438 634/632/438 647/631/438
f 649/638/438 636/639/438 634/632/438
f 651/241/507 646/253/507 645/242/507
f 651/241/507 653/252/507 646/253/507
f 651/241/521 652/250/521 653/252/521
f 651/614/26 633/624/26 639/615/26
f 651/614/26 645/623/26 633/624/26
f 653/252/526 652/250/526 656/262/526
f 653/252/526 656/262/526 655/264/526
f 654/573/454 643/588/454 642/574/454
f 654/573/454 656/587/454 643/588/454
f 654/573/522 655/583/522 656/587/522
f 655/264/467 646/253/467 653/252/467
f 655/264/467 650/265/467 646/253/467
f 658/193/529 659/173/529 657/189/529
f 658/193/529 660/179/529 659/173/529
f 658/759/467 672/763/467 670/768/467
f 659/173/472 661/141/472 663/133/472
f 660/179/530 661/141/530 659/173/530
f 660/179/530 662/150/530 661/141/530
f 662/1112/531 663/1126/531 661/1113/531
f 662/1112/531 664/1125/531 663/1126/531
f 662/757/467 658/759/467 670/768/467
f 662/757/467 660/756/467 658/759/467
f 663/133/472 665/138/472 667/159/472
f 663/133/472 667/159/472 671/192/472
f 664/1125/532 665/1141/532 663/1126/532
f 664/1125/532 666/1140/532 665/1141/532
f 666/764/467 664/760/467 662/757/467
f 666/766/533 667/771/533 665/767/533
f 666/766/533 668/770/533 667/771/533
f 667/159/472 669/182/472 671/192/472
f 668/770/534 669/794/534 667/771/534
f 668/770/534 670/793/534 669/794/534
f 670/1160/535 671/1177/535 669/1161/535
f 670/1160/535 672/1176/535 671/1177/535
f 670/768/467 666/764/467 662/757/467
f 670/768/467 668/769/467 666/764/467
f 671/192/472 657/189/472 659/173/472
f 671/192/472 659/173/472 663/133/472
f 672/1176/536 657/1192/536 671/1177/536
f 672/1176/536 658/1191/536 657/1192/536
f 714/1403/545 715/1387/545 713/1401/545
f 714/1403/545 716/1391/545 715/1387/545
f 714/661/467 722/667/467 718/674/467
f 714/661/467 724/660/467 722/667/467
f 715/1387/472 717/1378/472 719/1381/472
f 715/1387/472 719/1381/472 723/1402/472
f 716/1466/26 717/1482/26 715/1467/26
f 716/1466/26 718/1481/26 717/1482/26
f 718/1481/546 719/1487/546 717/1482/546
f 718/1481/546 720/1486/546 719/1487/546
f 718/674/467 716/668/467 714/661/467
f 719/1381/472 721/1394/472 723/1402/472
f 720/392/547 721/399/547 719/393/547
f 720/392/547 722/398/547 721/399/547
f 722/667/467 720/673/467 718/674/467
f 722/777/3 723/790/3 721/778/3
f 722/777/3 724/789/3 723/790/3
f 723/1402/472 713/1401/472 715/1387/472
f 724/789/548 713/804/548 723/790/548
f 724/789/548 714/803/548 713/804/548
f 738/691/562 740/707/562 744/721/562
f 738/691/562 744/721/562 742/709/562
f 738/928/563 741/940/563 737/930/563
f 738/928/563 742/938/563 741/940/563
f 739/714/3 775/701/3 771/696/3
f 740/707/564 739/714/564 743/723/564
f 740/707/564 743/723/564 744/721/564
f 741/613/26 745/607/26 749/608/26
f 742/1976/561 744/1939/561 748/1937/561
f 742/1976/561 748/1937/561 746/1974/561
f 746/1974/565 741/1980/565 742/1976/565
f 746/1974/565 745/1978/565 741/1980/565
f 747/733/3 739/714/3 771/696/3
f 747/733/3 743/723/3 739/714/3
f 748/1937/554 750/1975/554 746/1974/554
f 748/1937/554 752/1938/554 750/1975/554
f 748/734/566 743/723/566 747/733/566
f 748/734/566 744/721/566 743/723/566
f 749/608/26 753/617/26 757/630/26
f 749/608/26 757/630/26 765/648/26
f 749/608/26 765/648/26 773/637/26
f 750/1975/567 745/1978/567 746/1974/567
f 750/1975/567 749/1979/567 745/1978/567
f 752/1938/555 754/1977/555 750/1975/555
f 752/1938/555 756/1940/555 754/1977/555
f 752/1938/568 747/1932/568 751/1933/568
f 752/1938/568 748/1937/568 747/1932/568
f 752/1938/570 751/1933/570 755/1934/570
f 752/1938/570 755/1934/570 756/1940/570
f 754/616/569 749/608/569 750/604/569
f 754/616/569 753/617/569 749/608/569
f 754/616/571 757/630/571 753/617/571
f 754/616/571 758/633/571 757/630/571
f 755/740/3 751/742/3 747/733/3
f 756/1263/572 755/1272/572 759/1255/572
f 756/1263/572 759/1255/572 760/1235/572
f 756/618/556 758/633/556 754/616/556
f 756/618/556 760/636/556 758/633/556
f 757/630/26 761/644/26 765/648/26
f 758/633/573 761/644/573 757/630/573
f 758/633/573 762/645/573 761/644/573
f 760/1235/574 759/1255/574 763/1244/574
f 760/1235/574 763/1244/574 764/1227/574
f 760/636/557 762/645/557 758/633/557
f 760/636/557 764/651/557 762/645/557
f 762/1205/558 764/1227/558 768/1236/558
f 762/1205/558 768/1236/558 766/1207/558
f 763/716/3 759/729/3 755/740/3
f 764/1227/576 763/1244/576 767/1256/576
f 764/1227/576 767/1256/576 768/1236/576
f 765/648/26 769/646/26 773/637/26
f 766/652/575 761/644/575 762/645/575
f 766/652/575 765/648/575 761/644/575
f 768/1236/578 767/1256/578 771/1273/578
f 768/1236/578 771/1273/578 772/1264/578
f 768/897/559 770/919/559 766/925/559
f 768/897/559 772/892/559 770/919/559
f 770/919/577 765/929/577 766/925/577
f 770/919/577 769/926/577 765/929/577
f 771/696/3 755/740/3 747/733/3
f 771/696/3 763/716/3 755/740/3
f 771/696/3 767/706/3 763/716/3
f 772/690/580 771/696/580 775/701/580
f 772/690/580 775/701/580 776/693/580
f 772/892/560 774/920/560 770/919/560
f 772/892/560 776/893/560 774/920/560
f 773/637/26 737/625/26 741/613/26
f 773/637/26 741/613/26 749/608/26
f 774/920/579 769/926/579 770/919/579
f 774/920/579 773/927/579 769/926/579
f 774/920/581 737/930/581 773/927/581
f 774/920/581 738/928/581 737/930/581
f 776/693/582 739/714/582 740/707/582
f 776/693/582 775/701/582 739/714/582
f 776/893/553 738/928/553 774/920/553
f 776/893/553 740/898/553 738/928/553
usemtl RPG_thatch
f 674/1163/529 675/1151/529 673/1158/529
f 674/1163/529 676/1154/529 675/1151/529
f 674/1903/467 688/1930/467 686/1941/467
f 675/1151/472 677/1127/472 679/1114/472
f 676/1154/530 677/1127/530 675/1151/530
f 676/1154/530 678/1131/530 677/1127/530
f 678/1884/467 674/1903/467 686/1941/467
f 678/1884/467 676/1883/467 674/1903/467
f 678/903/531 679/922/531 677/904/531
f 678/903/531 680/921/531 679/922/531
f 679/1114/472 681/1120/472 683/1144/472
f 679/1114/472 683/1144/472 687/1162/472
f 680/921/532 681/935/532 679/922/532
f 680/921/532 682/934/532 681/935/532
f 682/1240/533 683/1269/533 681/1241/533
f 682/1240/533 684/1268/533 683/1269/533
f 682/1931/467 680/1904/467 678/1884/467
f 683/1144/472 685/1157/472 687/1162/472
f 684/1268/534 685/1288/534 683/1269/534
f 684/1268/534 686/1287/534 685/1288/534
f 686/1136/535 687/1156/535 685/1137/535
f 686/1136/535 688/1155/535 687/1156/535
f 686/1941/467 682/1931/467 678/1884/467
f 686/1941/467 684/1942/467 682/1931/467
f 687/1162/472 673/1158/472 675/1151/472
f 687/1162/472 675/1151/472 679/1114/472
f 688/1155/536 673/1165/536 687/1156/536
f 688/1155/536 674/1164/536 673/1165/536
f 726/784/3 734/773/3 730/795/3
f 726/784/3 736/774/3 734/773/3
f 726/784/549 727/791/549 725/782/549
f 726/784/549 728/796/549 727/791/549
f 727/514/26 729/513/26 731/523/26
f 727/514/26 731/523/26 735/532/26
f 728/57/467 729/63/467 727/58/467
f 728/57/467 730/62/467 729/63/467
f 730/512/550 731/523/550 729/513/550
f 730/512/550 732/522/550 731/523/550
f 730/795/3 728/796/3 726/784/3
f 731/523/26 733/533/26 735/532/26
f 732/775/551 733/786/551 731/776/551
f 732/775/551 734/785/551 733/786/551
f 734/1174/472 735/1179/472 733/1175/472
f 734/1174/472 736/1178/472 735/1179/472
f 734/773/3 732/783/3 730/795/3
f 735/532/26 725/521/26 727/514/26
f 736/1178/552 725/1189/552 735/1179/552
f 736/1178/552 726/1188/552 725/1189/552
f 817/800/586 821/806/586 823/802/586
f 817/800/610 823/802/610 834/570/610
f 817/800/610 834/570/610 831/568/610
f 817/800/692 820/808/692 821/806/692
f 818/12/587 821/7/587 820/1/587
f 818/12/693 822/11/693 821/7/693
f 819/13/588 821/7/588 822/11/588
f 819/13/694 823/6/694 821/7/694
f 822/11/613 826/21/613 819/13/613
f 822/11/613 830/19/613 826/21/613
f 823/94/611 819/105/611 832/158/611
f 823/94/611 832/158/611 834/137/611
f 824/20/589 828/32/589 830/19/589
f 824/20/612 822/11/612 818/12/612
f 824/20/612 830/19/612 822/11/612
f 824/20/695 827/35/695 828/32/695
f 825/301/590 828/297/590 827/291/590
f 825/301/614 838/503/614 844/505/614
f 825/301/614 844/505/614 829/303/614
f 825/301/632 827/291/632 855/290/632
f 825/301/632 855/290/632 852/300/632
f 825/301/696 829/303/696 828/297/696
f 826/115/472 832/158/472 819/105/472
f 826/115/472 840/183/472 832/158/472
f 826/21/591 828/32/591 829/38/591
f 826/21/697 830/19/697 828/32/697
f 827/35/633 824/20/633 853/66/633
f 827/35/633 853/66/633 855/78/633
f 831/568/592 835/563/592 837/559/592
f 831/568/618 837/559/618 862/558/618
f 831/568/618 862/558/618 859/567/618
f 831/568/698 834/570/698 835/563/698
f 832/158/593 835/142/593 834/137/593
f 832/158/699 836/166/699 835/142/699
f 833/165/594 835/142/594 836/166/594
f 833/165/700 837/139/700 835/142/700
f 837/139/619 833/165/619 860/108/619
f 837/139/619 860/108/619 862/95/619
f 838/503/584 825/301/584 852/300/584
f 838/503/584 852/300/584 866/502/584
f 838/503/595 842/531/595 844/505/595
f 838/503/701 841/535/701 842/531/701
f 839/186/585 860/108/585 833/165/585
f 839/186/585 868/116/585 860/108/585
f 839/186/596 842/196/596 841/198/596
f 839/186/616 833/165/616 836/166/616
f 839/186/616 836/166/616 843/190/616
f 839/186/702 843/190/702 842/196/702
f 840/183/597 842/196/597 843/190/597
f 840/183/703 844/197/703 842/196/703
f 843/190/617 832/158/617 840/183/617
f 843/190/617 836/166/617 832/158/617
f 844/79/615 826/21/615 829/38/615
f 844/79/615 840/67/615 826/21/615
f 845/799/598 849/805/598 851/807/598
f 845/799/630 820/808/630 817/800/630
f 845/799/630 851/807/630 820/808/630
f 845/799/704 848/801/704 849/805/704
f 846/1332/599 849/1339/599 848/1341/599
f 846/1332/705 850/1331/705 849/1339/705
f 847/54/600 849/53/600 850/55/600
f 847/54/628 850/55/628 857/68/628
f 847/54/628 857/68/628 853/66/628
f 847/54/706 851/52/706 849/53/706
f 848/1341/625 861/1333/625 846/1332/625
f 848/1341/625 865/1342/625 861/1333/625
f 850/1331/629 846/1332/629 854/1322/629
f 850/1331/629 854/1322/629 857/1324/629
f 851/52/631 818/12/631 820/1/631
f 851/52/631 847/54/631 818/12/631
f 852/300/601 856/296/601 858/302/601
f 852/300/707 855/290/707 856/296/707
f 853/66/583 818/12/583 847/54/583
f 853/66/583 824/20/583 818/12/583
f 853/66/602 856/77/602 855/78/602
f 853/66/708 857/68/708 856/77/708
f 854/1322/603 856/1314/603 857/1324/603
f 854/1322/709 858/1308/709 856/1314/709
f 858/1308/627 854/1322/627 867/1323/627
f 858/1308/627 867/1323/627 869/1309/627
f 859/567/604 863/562/604 865/569/604
f 859/567/624 848/801/624 845/799/624
f 859/567/624 865/569/624 848/801/624
f 859/567/634 817/800/634 831/568/634
f 859/567/634 845/799/634 817/800/634
f 859/567/710 862/558/710 863/562/710
f 860/108/605 863/98/605 862/95/605
f 860/108/711 864/103/711 863/98/711
f 861/1333/606 863/1340/606 864/1334/606
f 861/1333/622 864/1334/622 871/1325/622
f 861/1333/622 871/1325/622 867/1323/622
f 861/1333/712 865/1342/712 863/1340/712
f 864/103/623 860/108/623 868/116/623
f 864/103/623 868/116/623 871/114/623
f 866/502/607 870/530/607 872/534/607
f 866/502/620 841/535/620 838/503/620
f 866/502/620 872/534/620 841/535/620
f 866/502/626 852/300/626 858/302/626
f 866/502/626 858/302/626 869/504/626
f 866/502/713 869/504/713 870/530/713
f 867/1323/467 846/1332/467 861/1333/467
f 867/1323/467 854/1322/467 846/1332/467
f 867/1323/608 870/1315/608 869/1309/608
f 867/1323/714 871/1325/714 870/1315/714
f 868/116/609 870/122/609 871/114/609
f 868/116/715 872/126/715 870/122/715
f 872/126/621 839/186/621 841/198/621
f 872/126/621 868/116/621 839/186/621
f 873/882/638 877/870/638 879/881/638
f 873/882/662 879/881/662 890/1085/662
f 873/882/662 890/1085/662 887/1086/662
f 873/882/716 876/867/716 877/870/716
f 874/425/639 877/415/639 876/409/639
f 874/425/717 878/423/717 877/415/717
f 875/880/640 877/870/640 878/863/640
f 875/880/718 879/881/718 877/870/718
f 880/436/641 884/439/641 886/434/641
f 880/436/664 878/423/664 874/425/664
f 880/436/664 886/434/664 878/423/664
f 880/436/719 883/443/719 884/439/719
f 881/829/642 884/822/642 883/812/642
f 881/829/684 883/812/684 911/811/684
f 881/829/684 911/811/684 908/828/684
f 881/829/720 885/830/720 884/822/720
f 882/831/643 884/822/643 885/830/643
f 882/831/721 886/813/721 884/822/721
f 882/878/472 888/1084/472 875/880/472
f 882/878/472 896/1082/472 888/1084/472
f 883/443/685 880/436/685 909/435/685
f 883/443/685 909/435/685 911/442/685
f 886/862/665 875/880/665 878/863/665
f 886/862/665 882/878/665 875/880/665
f 887/1086/644 891/1093/644 893/1097/644
f 887/1086/670 893/1097/670 918/1098/670
f 887/1086/670 918/1098/670 915/1087/670
f 887/1086/722 890/1085/722 891/1093/722
f 888/1084/645 891/1093/645 890/1085/645
f 888/1084/723 892/1096/723 891/1093/723
f 889/485/646 891/490/646 892/483/646
f 889/485/668 892/483/668 899/474/668
f 889/485/668 899/474/668 895/478/668
f 889/485/724 893/494/724 891/490/724
f 890/1085/663 875/880/663 888/1084/663
f 890/1085/663 879/881/663 875/880/663
f 892/1096/669 888/1084/669 896/1082/669
f 892/1096/669 896/1082/669 899/1095/669
f 893/494/671 889/485/671 916/484/671
f 893/494/671 916/484/671 918/493/671
f 894/1041/636 881/829/636 908/828/636
f 894/1041/636 908/828/636 922/1040/636
f 894/1041/647 898/1047/647 900/1042/647
f 894/1041/666 885/830/666 881/829/666
f 894/1041/666 900/1042/666 885/830/666
f 894/1041/725 897/1049/725 898/1047/725
f 895/478/637 916/484/637 889/485/637
f 895/478/637 924/477/637 916/484/637
f 895/478/648 898/470/648 897/467/648
f 895/478/726 899/474/726 898/470/726
f 896/1043/649 898/1047/649 899/1050/649
f 896/1043/727 900/1042/727 898/1047/727
f 897/467/673 924/477/673 895/478/673
f 897/467/673 928/466/673 924/477/673
f 900/1042/667 882/831/667 885/830/667
f 900/1042/667 896/1043/667 882/831/667
f 901/883/650 905/871/650 907/864/650
f 901/883/682 876/867/682 873/882/682
f 901/883/682 907/864/682 876/867/682
f 901/883/728 904/879/728 905/871/728
f 902/1299/651 905/1292/651 904/1290/651
f 902/1299/729 906/1297/729 905/1292/729
f 903/424/652 905/414/652 906/422/652
f 903/424/730 907/408/730 905/414/730
f 907/408/683 874/425/683 876/409/683
f 907/408/683 903/424/683 874/425/683
f 908/828/653 912/821/653 914/827/653
f 908/828/731 911/811/731 912/821/731
f 909/435/635 874/425/635 903/424/635
f 909/435/635 880/436/635 874/425/635
f 909/435/654 912/438/654 911/442/654
f 909/435/680 903/424/680 906/422/680
f 909/435/680 906/422/680 913/433/680
f 909/435/732 913/433/732 912/438/732
f 910/1313/655 912/1321/655 913/1311/655
f 910/1313/733 914/1327/733 912/1321/733
f 913/1311/681 902/1299/681 910/1313/681
f 913/1311/681 906/1297/681 902/1299/681
f 915/1087/656 919/1092/656 921/1083/656
f 915/1087/676 904/879/676 901/883/676
f 915/1087/676 921/1083/676 904/879/676
f 915/1087/686 873/882/686 887/1086/686
f 915/1087/686 901/883/686 873/882/686
f 915/1087/734 918/1098/734 919/1092/734
f 916/484/657 919/489/657 918/493/657
f 916/484/735 920/482/735 919/489/735
f 917/1298/658 919/1291/658 920/1296/658
f 917/1298/736 921/1289/736 919/1291/736
f 920/482/675 916/484/675 924/477/675
f 920/482/675 924/477/675 927/473/675
f 921/1289/677 902/1299/677 904/1290/677
f 921/1289/677 917/1298/677 902/1299/677
f 922/1040/659 926/1046/659 928/1048/659
f 922/1040/672 897/1049/672 894/1041/672
f 922/1040/672 928/1048/672 897/1049/672
f 922/1040/678 908/828/678 914/827/678
f 922/1040/678 914/827/678 925/1039/678
f 922/1040/737 925/1039/737 926/1046/737
f 923/1312/467 902/1299/467 917/1298/467
f 923/1312/467 910/1313/467 902/1299/467
f 923/1312/660 926/1320/660 925/1326/660
f 923/1312/674 917/1298/674 920/1296/674
f 923/1312/674 920/1296/674 927/1310/674
f 923/1312/738 927/1310/738 926/1320/738
f 924/477/661 926/469/661 927/473/661
f 924/477/739 928/466/739 926/469/739
f 925/1326/679 910/1313/679 923/1312/679
f 925/1326/679 914/1327/679 910/1313/679
f 930/781/545 931/761/545 929/772/545
f 930/781/545 932/762/545 931/761/545
f 930/923/467 938/953/467 934/933/467
f 930/923/467 940/932/467 938/953/467
f 931/761/472 933/755/472 935/758/472
f 931/761/472 935/758/472 939/780/472
f 932/246/26 933/257/26 931/247/26
f 932/246/26 934/256/26 933/257/26
f 933/257/546 934/256/546 936/271/546
f 933/257/546 936/271/546 935/272/546
f 934/933/467 932/924/467 930/923/467
f 935/758/472 937/765/472 939/780/472
f 936/211/547 937/225/547 935/212/547
f 936/211/547 938/224/547 937/225/547
f 938/209/3 939/223/3 937/210/3
f 938/209/3 940/222/3 939/223/3
f 938/953/467 936/954/467 934/933/467
f 939/780/472 929/772/472 931/761/472
f 940/222/548 929/229/548 939/223/548
f 940/222/548 930/228/548 929/229/548
f 942/311/467 950/332/467 946/299/467
f 942/311/467 952/331/467 950/332/467
f 942/736/545 943/718/545 941/730/545
f 942/736/545 944/719/545 943/718/545
f 943/718/472 945/708/472 947/710/472
f 943/718/472 947/710/472 951/735/472
f 944/333/26 945/355/26 943/334/26
f 944/333/26 946/354/26 945/355/26
f 946/299/467 944/298/467 942/311/467
f 946/354/546 947/367/546 945/355/546
f 946/354/546 948/366/546 947/367/546
f 947/710/472 949/724/472 951/735/472
f 948/96/547 949/118/547 947/97/547
f 948/96/547 950/117/547 949/118/547
f 950/292/3 951/305/3 949/293/3
f 950/292/3 952/304/3 951/305/3
f 950/332/467 948/312/467 946/299/467
f 951/735/472 941/730/472 943/718/472
f 952/304/548 941/327/548 951/305/548
f 952/304/548 942/326/548 941/327/548
f 954/1076/467 962/1091/467 958/1057/467
f 954/1076/467 964/1090/467 962/1091/467
f 954/684/545 955/675/545 953/682/545
f 954/684/545 956/676/545 955/675/545
f 955/675/472 957/659/472 959/666/472
f 955/675/472 959/666/472 963/683/472
f 956/376/26 957/386/26 955/377/26
f 956/376/26 958/385/26 957/386/26
f 958/1057/467 956/1056/467 954/1076/467
f 958/385/546 959/401/546 957/386/546
f 958/385/546 960/400/546 959/401/546
f 959/666/472 961/679/472 963/683/472
f 960/254/547 961/274/547 959/255/547
f 960/254/547 962/273/547 961/274/547
f 962/1091/467 960/1077/467 958/1057/467
f 962/809/3 963/836/3 961/810/3
f 962/809/3 964/835/3 963/836/3
f 963/683/472 953/682/472 955/675/472
f 964/835/548 953/841/548 963/836/548
f 964/835/548 954/840/548 953/841/548
usemtl RPG_iron
f 689/909/511 691/902/511 696/908/511
f 689/909/511 696/908/511 695/911/511
f 689/949/537 690/950/537 691/961/537
f 692/972/523 691/982/523 690/974/523
f 692/972/523 694/979/523 691/982/523
f 692/972/538 693/975/538 694/979/538
f 693/975/455 692/972/455 705/971/455
f 693/975/455 705/971/455 704/973/455
f 694/901/472 696/908/472 691/902/472
f 694/901/472 700/907/472 696/908/472
f 695/911/453 697/915/453 708/916/453
f 695/911/453 708/916/453 707/913/453
f 695/911/539 696/908/539 697/915/539
f 697/915/525 696/908/525 700/907/525
f 697/915/525 700/907/525 699/914/525
f 698/978/524 694/979/524 693/975/524
f 698/978/524 700/981/524 694/979/524
f 698/996/3 693/995/3 704/998/3
f 698/996/3 704/998/3 710/999/3
f 698/996/540 699/997/540 700/990/540
f 699/997/437 708/1004/437 697/1002/437
f 699/997/437 712/1000/437 708/1004/437
f 701/944/456 690/950/456 689/949/456
f 701/944/456 703/947/456 690/950/456
f 701/944/541 702/939/541 703/947/541
f 703/172/528 702/155/528 706/154/528
f 703/172/528 706/154/528 705/171/528
f 704/152/527 706/154/527 711/145/527
f 704/152/527 711/145/527 710/143/527
f 704/152/542 705/171/542 706/154/542
f 705/959/438 690/950/438 703/947/438
f 705/959/438 692/960/438 690/950/438
f 707/144/507 702/155/507 701/153/507
f 707/144/507 709/146/507 702/155/507
f 707/144/543 708/136/543 709/146/543
f 707/943/26 689/949/26 695/948/26
f 707/943/26 701/944/26 689/949/26
f 709/146/526 708/136/526 712/135/526
f 709/146/526 712/135/526 711/145/526
f 710/999/454 699/997/454 698/996/454
f 710/999/454 712/1000/454 699/997/454
f 710/999/544 711/1003/544 712/1000/544
f 711/145/467 702/155/467 709/146/467
f 711/145/467 706/154/467 702/155/467
f 777/885/441 778/865/441 814/868/441
f 777/885/441 814/868/441 813/887/441
f 778/1590/3 779/1583/3 815/1560/3
f 778/1590/3 782/1611/3 783/1605/3
f 778/1590/3 783/1605/3 779/1583/3
f 778/1590/3 815/1560/3 814/1559/3
f 779/1468/435 780/1483/435 816/1485/435
f 779/1468/435 816/1485/435 815/1478/435
f 780/1376/26 777/1373/26 813/1355/26
f 780/1376/26 813/1355/26 816/1365/26
f 781/886/443 778/865/443 777/885/443
f 781/886/443 782/866/443 778/865/443
f 783/779/442 780/798/442 779/788/442
f 783/779/442 784/792/442 780/798/442
f 784/1397/26 777/1373/26 780/1376/26
f 784/1397/26 781/1398/26 777/1373/26
f 784/1397/26 785/1430/26 781/1398/26
f 784/1397/26 788/1423/26 785/1430/26
f 785/888/444 782/866/444 781/886/444
f 785/888/444 786/869/444 782/866/444
f 786/1612/3 783/1605/3 782/1611/3
f 786/1612/3 787/1606/3 783/1605/3
f 787/787/436 784/792/436 783/779/436
f 787/787/436 788/797/436 784/792/436
f 789/1603/437 786/1612/437 785/1620/437
f 789/1603/437 790/1591/437 786/1612/437
f 790/1591/3 787/1606/3 786/1612/3
f 790/1591/3 791/1584/3 787/1606/3
f 791/1432/438 788/1423/438 787/1411/438
f 791/1432/438 792/1434/438 788/1423/438
f 792/1434/26 785/1430/26 788/1423/26
f 792/1434/26 789/1438/26 785/1430/26
f 793/1038/439 790/1036/439 789/1044/439
f 793/1038/439 794/1033/439 790/1036/439
f 794/1562/3 791/1584/3 790/1591/3
f 794/1562/3 795/1561/3 791/1584/3
f 795/1431/440 792/1434/440 791/1432/440
f 795/1431/440 796/1433/440 792/1434/440
f 796/1433/26 789/1438/26 792/1434/26
f 796/1433/26 793/1437/26 789/1438/26
f 797/1045/435 794/1033/435 793/1038/435
f 797/1045/435 798/1037/435 794/1033/435
f 798/1526/3 795/1561/3 794/1562/3
f 798/1526/3 799/1541/3 795/1561/3
f 798/1526/3 802/1508/3 803/1517/3
f 798/1526/3 803/1517/3 799/1541/3
f 799/1020/441 796/1025/441 795/1018/441
f 799/1020/441 800/1027/441 796/1025/441
f 800/1422/26 793/1437/26 796/1433/26
f 800/1422/26 797/1429/26 793/1437/26
f 801/80/442 798/64/442 797/70/442
f 801/80/442 802/69/442 798/64/442
f 802/1508/3 806/1507/3 807/1516/3
f 802/1508/3 807/1516/3 803/1517/3
f 803/1019/443 800/1027/443 799/1020/443
f 803/1019/443 804/1026/443 800/1027/443
f 804/1396/26 797/1429/26 800/1422/26
f 804/1396/26 801/1395/26 797/1429/26
f 804/1396/26 805/1372/26 801/1395/26
f 804/1396/26 808/1375/26 805/1372/26
f 805/71/436 802/69/436 801/80/436
f 805/71/436 806/65/436 802/69/436
f 807/1017/444 804/1026/444 803/1019/444
f 807/1017/444 808/1024/444 804/1026/444
f 809/1354/438 806/1366/438 805/1372/438
f 809/1354/438 810/1347/438 806/1366/438
f 810/1525/3 807/1516/3 806/1507/3
f 810/1525/3 811/1540/3 807/1516/3
f 811/1540/437 808/1524/437 807/1516/437
f 811/1540/437 812/1548/437 808/1524/437
f 812/1364/26 805/1372/26 808/1375/26
f 812/1364/26 809/1354/26 805/1372/26
f 813/1355/440 810/1347/440 809/1354/440
f 813/1355/440 814/1348/440 810/1347/440
f 814/1559/3 811/1540/3 810/1525/3
f 814/1559/3 815/1560/3 811/1540/3
f 815/1478/439 812/1484/439 811/1469/439
f 815/1478/439 816/1485/439 812/1484/439
f 816/1365/26 809/1354/26 812/1364/26
f 816/1365/26 813/1355/26 809/1354/26
